1000 12 150
0.388510 1.112628 0.920985 0.869610 1.075362 0.554207 0.802391 0.557988 0.068944 0.444544 1.023297 0.818754
0.382199 1.003980 0.921361 0.959588 0.950943 0.595023 0.653418 0.688874 0.205013 0.615358 1.070358 0.830755
0.378845 0.978807 0.947035 0.888806 0.954039 0.620446 0.650175 0.647233 0.066736 0.443847 1.050577 0.915458
0.428877 0.960774 0.929475 0.845251 1.000605 0.496842 0.667383 0.733433 0.130468 0.511916 0.969434 0.816447
0.283978 1.069143 0.872882 0.932989 0.957015 0.542654 0.586366 0.616032 0.087197 0.554013 0.961310 0.947555
0.434798 1.014416 0.945683 0.921645 0.983834 0.675051 0.651586 0.712224 0.131795 0.472024 0.880465 0.871960
0.403640 0.996618 0.994517 0.783272 1.081096 0.576514 0.626145 0.667240 0.045895 0.462129 0.927375 0.835861
0.416941 0.892897 0.988170 0.937808 0.967387 0.469433 0.733478 0.701224 0.033914 0.539700 0.845551 0.928379
0.296749 1.014073 0.966227 0.838092 0.922673 0.623322 0.599772 0.588557 0.146660 0.418813 0.946879 0.885678
0.328357 1.044380 0.920032 0.907225 1.056708 0.572912 0.639558 0.688507 0.161496 0.430815 1.047357 0.933843
0.513970 1.027555 0.926337 0.951962 1.025734 0.404865 0.682236 0.729616 0.078775 0.475191 1.007827 0.816069
0.401390 1.046651 0.991647 0.889215 0.923298 0.487069 0.742317 0.593050 0.196310 0.364365 0.993448 0.846554
0.293385 1.027960 0.897817 0.904282 1.004955 0.601168 0.591863 0.703481 0.201414 0.560420 0.931566 0.957927
0.395729 0.971417 0.864527 0.812805 1.090809 0.656633 0.643549 0.701546 0.154596 0.472981 0.902872 0.869514
0.343702 1.057299 0.929305 0.926074 0.901803 0.583406 0.644701 0.686075 0.135876 0.612236 0.935233 0.734313
0.294115 0.955732 0.984958 0.880626 1.035686 0.497315 0.689299 0.602738 0.118432 0.445512 1.140009 0.859643
0.352329 1.101035 0.959371 0.874068 0.969083 0.550172 0.722889 0.747396 0.087299 0.483834 1.045097 0.818257
0.401182 1.102197 0.916925 0.848382 0.916409 0.565269 0.774924 0.731116 0.162197 0.544430 0.982091 0.903124
0.377502 0.963186 0.921572 0.909429 1.024320 0.607587 0.773552 0.718801 0.068274 0.467979 0.955954 0.903224
0.260175 0.987360 0.968243 0.859698 0.964915 0.563406 0.556611 0.664283 0.076580 0.452225 0.919821 0.892891
0.323451 0.988368 0.913439 0.875063 0.965676 0.508777 0.717569 0.721192 0.058346 0.492597 0.966474 0.847829
0.316630 0.966938 0.945092 0.920928 1.032942 0.455266 0.641113 0.686365 0.139922 0.457304 0.964992 0.906239
0.285258 1.130003 0.980438 0.852358 0.861570 0.533422 0.718107 0.710443 0.111249 0.547707 0.971186 0.908202
0.300160 0.946456 0.916437 0.881488 0.990747 0.556786 0.633096 0.749653 0.172087 0.401640 0.910789 0.815342
0.420535 1.042014 0.902348 0.892443 1.011881 0.517925 0.661386 0.757029 0.188795 0.452417 0.946433 0.890407
0.356033 0.957422 0.979679 0.888256 0.930969 0.510682 0.682330 0.662880 0.088889 0.414804 1.031194 0.986249
0.360368 0.951001 0.964636 0.962021 0.785691 0.556058 0.729749 0.640307 0.145135 0.376486 0.974262 0.971218
0.322870 1.051958 0.852113 0.867295 0.998019 0.553753 0.720428 0.646400 0.182532 0.482745 1.031783 0.879416
0.331195 0.955007 0.933839 0.904679 0.922347 0.465024 0.670676 0.703787 0.065439 0.394117 1.007276 0.931804
0.334763 0.977348 0.995279 0.818114 0.874343 0.615506 0.677081 0.613549 0.155257 0.415796 0.994344 0.836407
0.397414 0.919002 0.982514 0.824493 1.006875 0.460550 0.654052 0.702167 0.202935 0.404095 0.901600 0.865360
0.405923 1.001465 0.976637 0.910973 0.999241 0.548295 0.663624 0.673072 0.187065 0.437744 1.004139 0.878771
0.292700 1.026808 0.911727 0.764403 0.995736 0.620698 0.707656 0.632691 0.124264 0.469968 1.038724 0.914972
0.318378 0.994203 0.906636 0.813753 1.002947 0.623285 0.690476 0.620811 0.149736 0.390597 0.973402 0.875230
0.326990 0.996621 1.024134 0.829623 1.014068 0.586195 0.748467 0.738827 0.105782 0.430753 0.994719 0.843666
0.401124 1.053489 0.913795 0.953741 0.975621 0.553680 0.617954 0.754815 0.140128 0.496277 1.008876 0.891643
0.395877 1.019159 0.921886 0.853166 0.971194 0.466387 0.604219 0.735196 0.150324 0.491757 0.988913 0.883854
0.339148 0.921220 0.939868 0.714428 0.981956 0.533833 0.722542 0.616608 0.056770 0.468742 1.021599 0.857767
0.309252 1.011681 0.948585 0.847685 0.921836 0.547183 0.730290 0.709108 0.122480 0.405605 0.938444 0.792511
0.287347 0.942643 0.872195 0.929219 0.974474 0.539437 0.602548 0.702676 0.211478 0.448815 0.991608 0.986332
0.385682 0.964929 1.014490 0.847275 0.998512 0.596214 0.739786 0.696194 0.147309 0.516365 0.981088 0.841600
0.408162 0.992650 0.934929 0.918218 0.982820 0.516312 0.708343 0.719215 0.149393 0.443243 0.982894 0.905388
0.366508 0.918278 0.968581 0.941078 0.876000 0.554669 0.698194 0.733967 0.119214 0.488205 1.009322 0.814813
0.409672 1.081896 0.959831 0.925842 0.938648 0.607762 0.651792 0.621528 0.149561 0.473099 1.004053 0.858958
0.258910 1.030206 0.962916 0.905950 0.995942 0.483005 0.673740 0.613047 0.134730 0.527935 0.939088 0.867761
0.405391 0.939214 1.006711 0.855018 1.037119 0.547786 0.657560 0.677810 0.151133 0.491174 0.984821 0.882767
0.334158 1.151372 0.881637 0.897994 0.983270 0.555836 0.667295 0.659972 0.171436 0.454733 1.050168 0.850946
0.388255 0.942265 0.949334 0.846460 0.981268 0.614447 0.608500 0.669028 0.080654 0.418253 0.954494 0.880881
0.369960 0.938159 0.881096 0.942979 0.960794 0.499191 0.725688 0.634937 0.117480 0.452215 1.041843 0.905584
0.362141 1.092469 0.947299 0.937994 1.063006 0.498134 0.673973 0.653803 0.110910 0.474931 1.049841 0.873283
0.406679 1.047246 0.986926 0.916306 0.917144 0.557512 0.747691 0.726109 0.058324 0.454803 1.015438 0.843018
0.418236 0.997999 0.931745 0.910206 0.887408 0.570885 0.714944 0.670248 0.045191 0.487070 1.058214 0.867259
0.314584 1.046762 0.944948 0.895353 0.933665 0.608904 0.613393 0.606846 0.146020 0.485671 0.971747 0.956638
0.392626 0.949727 0.952030 0.866117 1.037038 0.555523 0.688495 0.632103 0.098450 0.464362 0.985218 0.844934
0.394959 1.000290 0.875644 0.893451 0.964445 0.556819 0.602928 0.692950 0.130656 0.477356 0.953541 0.827407
0.384764 1.020742 0.966582 0.911607 1.003268 0.509322 0.585890 0.647663 0.136889 0.470139 1.070425 0.841113
0.418262 1.005964 0.989854 0.943762 0.976523 0.469824 0.590203 0.603426 0.138995 0.470576 1.058396 0.888954
0.468792 0.974967 0.905362 0.925726 0.908161 0.544217 0.667678 0.652388 0.121408 0.462164 0.922511 0.888398
0.406691 0.991919 0.963394 0.844897 0.928732 0.587269 0.685786 0.721867 0.076760 0.443666 0.991627 0.800115
0.330761 1.048118 0.916445 0.862310 0.926985 0.485076 0.677626 0.682942 0.149839 0.490930 0.920623 0.818926
0.363758 0.972713 0.858515 0.803027 0.911951 0.487182 0.675830 0.727580 0.101510 0.402058 1.034777 0.786869
0.405653 1.007429 0.945186 0.843888 0.938785 0.572687 0.644294 0.698378 0.100830 0.435856 1.030876 0.852752
0.417225 1.008407 0.958386 0.823037 0.983988 0.501291 0.568950 0.647230 0.141304 0.497458 1.038112 0.865496
0.318414 1.050588 0.944861 0.856143 0.949211 0.583920 0.699965 0.781508 0.185050 0.570383 0.961393 0.841984
0.411289 1.069035 0.904064 0.903798 0.909171 0.620294 0.615126 0.625527 0.226122 0.519559 0.937363 0.945717
0.404959 0.983363 0.914056 0.878100 0.862632 0.545206 0.691550 0.632908 0.111585 0.531169 0.967489 0.871972
0.381944 1.061675 0.914336 0.845190 0.987856 0.505851 0.649541 0.643859 0.158362 0.388901 0.973429 0.902951
0.394418 0.967517 0.882589 0.821266 0.944951 0.552225 0.792376 0.728941 0.193956 0.485052 0.982982 0.863459
0.353084 1.029007 0.922965 0.970327 1.017820 0.633305 0.657937 0.689712 0.129875 0.478405 1.037660 0.832776
0.436674 1.059479 0.972898 0.973358 1.038760 0.501008 0.674430 0.721257 0.187113 0.406481 0.964538 0.846174
0.384636 0.953006 0.978077 0.890544 0.851821 0.568374 0.739143 0.590026 0.138367 0.462122 0.949509 0.834241
0.340130 1.056199 0.861612 0.823765 1.017206 0.589393 0.655453 0.617338 0.165058 0.416181 0.985257 0.908953
0.299930 0.912380 0.944161 0.834966 1.035038 0.637572 0.665046 0.704927 0.139287 0.450222 0.986380 0.939022
0.346821 1.032952 1.049124 0.948322 0.948223 0.550902 0.671300 0.688309 0.041282 0.496781 1.031278 0.890726
0.388314 0.930040 0.958911 0.915981 0.874785 0.591947 0.742145 0.666780 0.067988 0.526011 0.946476 0.851103
0.429299 1.033782 0.916509 0.902463 0.988946 0.549122 0.670904 0.719175 0.070495 0.518435 1.008495 0.826413
0.324579 1.000409 0.963407 0.921006 1.046461 0.544558 0.732421 0.669300 0.168527 0.474165 0.985308 0.846066
0.410406 1.036641 0.944294 0.914721 0.922700 0.571796 0.702305 0.634855 0.142424 0.524111 0.978204 0.911331
0.433964 1.017399 1.008559 0.957428 0.935385 0.599405 0.660062 0.698926 0.200096 0.495862 0.920340 0.898320
0.307881 0.915816 0.979281 0.913530 0.966126 0.596728 0.721411 0.707736 0.229727 0.460430 0.936366 0.821655
0.438191 1.026715 0.875308 0.837363 0.934065 0.633802 0.633842 0.597838 0.191007 0.354381 0.980547 0.801633
0.359503 0.919304 0.932741 0.906454 0.905489 0.488394 0.662585 0.689651 0.108924 0.510312 0.958843 0.812141
0.355303 0.983732 1.022431 0.874947 1.012776 0.618208 0.749909 0.757628 0.140158 0.521344 1.091908 0.889965
0.417155 0.938997 0.957277 0.924783 0.898310 0.554636 0.683133 0.644474 0.160386 0.511770 0.999663 0.910313
0.331635 1.038469 0.979619 0.917170 0.995335 0.523543 0.665516 0.617111 0.050635 0.492373 1.115791 0.892372
0.367230 0.973195 0.917268 0.913050 0.907852 0.569536 0.632933 0.657771 0.129881 0.438557 0.939213 0.931712
0.377529 1.025611 0.907368 0.936888 0.964816 0.619833 0.733387 0.620857 0.091307 0.495803 1.027696 0.855549
0.401337 0.991168 0.963274 0.835394 1.025110 0.474204 0.550728 0.727222 0.220263 0.526998 1.033757 0.948056
0.334058 0.987947 1.009830 0.919786 0.941843 0.497087 0.619453 0.656724 0.153961 0.536117 0.994665 0.956335
0.345748 1.060398 0.922855 1.013510 1.007862 0.481582 0.694079 0.721225 0.119256 0.457120 0.974582 0.828669
0.367051 0.873984 0.971432 0.889715 0.938944 0.533103 0.693043 0.687489 0.140329 0.403100 0.880499 0.867294
0.380496 1.028497 0.951007 0.868756 0.875492 0.561417 0.627300 0.653675 0.120842 0.465774 1.023342 0.960749
0.387587 1.114469 0.970323 0.927006 0.987064 0.581471 0.677009 0.694923 0.206992 0.510700 0.990811 0.836184
0.367343 1.034629 0.983674 0.848926 1.014352 0.549467 0.682322 0.660866 0.140513 0.490043 0.925162 0.841829
0.311675 1.041472 0.875376 0.912073 1.078245 0.599054 0.672322 0.626807 0.157881 0.513894 0.981776 0.933362
0.404310 1.019784 0.879275 0.842994 0.896964 0.517527 0.660770 0.632863 0.197167 0.487745 0.939371 0.865060
0.398190 1.010428 0.973022 0.821365 0.996731 0.506317 0.652320 0.590405 0.136346 0.468822 1.013876 0.794203
0.441169 0.964102 1.029103 0.958352 0.953117 0.623956 0.616773 0.697716 0.108849 0.473859 0.988493 0.855719
0.328349 0.912015 0.926238 0.884015 1.032907 0.569451 0.693028 0.689837 0.120637 0.511905 0.992942 0.908840
0.422790 1.015054 0.932417 0.786154 0.947952 0.555338 0.615314 0.590748 0.116725 0.468282 0.995211 0.906123
0.357234 1.008053 0.959017 0.847063 0.924935 0.554597 0.586122 0.671614 0.157631 0.432302 1.013644 0.832400
0.425239 1.019287 0.890553 0.925406 0.936400 0.566539 0.695923 0.660593 0.116154 0.480790 0.908173 0.818511
0.343825 1.057627 0.857180 0.924028 0.924394 0.571508 0.645943 0.618661 0.118322 0.423953 1.090799 0.828938
0.363731 1.049695 0.930948 0.874480 1.031615 0.532363 0.662047 0.620167 0.111088 0.475006 1.062140 0.844139
0.385365 0.889036 0.960279 0.838297 0.997387 0.595272 0.672787 0.637227 0.053317 0.510430 0.922752 0.824541
0.366752 1.037769 0.956734 0.783781 0.996060 0.508652 0.679901 0.719513 0.183752 0.452926 0.955316 0.834133
0.349733 1.029218 0.920478 0.905999 0.939253 0.492366 0.637563 0.747970 0.136400 0.446358 0.944743 0.903381
0.439026 1.031917 0.922774 0.939837 1.034148 0.528742 0.647386 0.787509 0.116460 0.573138 0.930527 0.911580
0.413662 1.072179 0.995310 0.856479 0.953411 0.595789 0.648821 0.686320 0.151583 0.478430 1.014665 0.916953
0.310977 1.064652 1.002230 0.900421 1.058965 0.613098 0.703417 0.712170 0.107900 0.462993 1.050400 0.889258
0.397672 1.011358 0.893133 0.914424 1.047743 0.562935 0.657421 0.755701 0.163463 0.440753 0.914031 0.809333
0.453524 0.998149 0.935396 0.893156 0.847036 0.586731 0.676648 0.664140 0.177391 0.485996 0.935267 0.823659
0.423601 1.042934 0.989881 0.916696 1.028780 0.510635 0.716562 0.710399 0.078101 0.438629 0.949339 0.917165
0.298455 1.002320 0.970591 0.874850 1.001422 0.529971 0.647267 0.657505 0.121678 0.392949 0.942743 0.801850
0.304005 0.990392 0.942998 0.883259 0.987306 0.591685 0.657582 0.742034 0.124708 0.401216 0.981990 0.881568
0.385050 1.045366 0.968099 0.837922 1.096132 0.591330 0.674037 0.643462 0.169009 0.442625 0.977140 0.766225
0.451208 0.979370 0.947323 0.777566 1.011881 0.640146 0.656807 0.660490 0.036393 0.466983 1.047832 0.796086
0.387985 1.023160 0.845752 0.926306 0.966599 0.598417 0.615556 0.731584 0.131280 0.476032 0.946090 0.909553
0.449222 1.009768 0.941264 0.833472 0.935544 0.581245 0.632951 0.543642 0.099742 0.484244 1.015921 0.868616
0.253382 1.043492 0.878670 0.819791 0.930336 0.562296 0.633786 0.808260 0.140165 0.505122 1.078210 0.900924
0.419839 0.959856 0.876493 0.866337 1.063670 0.585368 0.600640 0.673264 0.128370 0.508714 1.051454 0.891426
0.380367 0.990667 0.918631 0.870878 0.996032 0.622932 0.694345 0.647906 0.149551 0.470883 0.957419 0.841770
0.423107 0.979396 0.988021 0.918587 1.001274 0.579052 0.693151 0.639335 0.137578 0.439170 1.028027 0.899786
0.372535 1.020384 0.976358 0.931103 0.903086 0.592203 0.751439 0.718631 0.226184 0.574026 1.021610 0.896274
0.384897 0.961140 1.006333 0.910496 0.996602 0.684655 0.649618 0.652179 0.182305 0.477665 1.008786 0.855239
0.325589 1.054030 0.936261 0.951744 0.876843 0.526936 0.698766 0.692068 0.032948 0.488468 0.988147 0.979892
0.287929 1.124112 0.838793 0.911359 1.044569 0.644690 0.734702 0.655626 0.119835 0.475873 1.051511 0.914021
0.302442 1.010413 0.936094 0.866095 0.957520 0.510488 0.681550 0.684795 0.204066 0.439292 0.934063 0.861130
0.340495 1.008015 0.923855 0.983077 0.948614 0.484823 0.657172 0.666464 0.084402 0.444195 0.953870 0.854848
0.370804 0.961292 0.937190 0.865154 0.932607 0.468789 0.652930 0.626863 0.077748 0.493931 1.008176 0.885519
0.390337 0.933652 1.019665 0.871306 0.866135 0.519331 0.683615 0.654512 0.122946 0.566718 0.967840 0.850295
0.375861 0.985455 0.874472 0.911969 1.000065 0.525480 0.686223 0.668338 0.138417 0.517228 1.039524 0.887809
0.292467 1.030872 0.969997 0.904617 0.979621 0.457251 0.647394 0.607176 0.054543 0.445579 0.964550 0.932564
0.432420 0.970241 0.962614 0.872996 0.980704 0.567680 0.673146 0.597044 0.096295 0.387664 0.976052 0.891658
0.325415 1.107860 0.958179 0.881542 0.948196 0.579894 0.681716 0.674953 0.137068 0.531480 0.979444 0.871143
0.287803 1.044804 0.960908 0.908571 0.912661 0.561340 0.653800 0.716039 0.161826 0.430018 0.935822 0.909344
0.333406 0.971831 0.964728 0.897552 0.981325 0.657369 0.741497 0.681068 0.071928 0.507181 0.963627 0.770309
0.317074 0.994443 0.896248 0.889292 1.000767 0.609012 0.766708 0.701671 0.138165 0.456021 0.967097 0.815951
0.437714 0.997811 1.079522 0.787030 0.942916 0.629370 0.631210 0.630604 0.126034 0.486309 0.975611 0.895572
0.364638 1.068807 0.850466 0.834211 0.882832 0.557442 0.679164 0.682743 0.124257 0.386676 0.957769 0.877392
0.437139 1.027549 0.909063 0.909880 0.939639 0.647185 0.666298 0.698232 0.116306 0.446472 1.077056 0.891035
0.351794 0.945050 0.904638 1.017041 1.002201 0.473690 0.677853 0.808611 0.119601 0.394046 0.911737 0.861597
0.409321 0.989527 0.955589 0.810841 1.024431 0.652529 0.665245 0.620148 0.057793 0.439372 0.938323 0.947147
0.422840 0.980232 0.902994 0.891916 1.012648 0.572579 0.615787 0.651279 0.184392 0.420867 0.958704 0.838214
0.368172 0.934577 0.955639 0.895006 0.873123 0.479586 0.637818 0.726534 0.155570 0.538339 0.987166 0.894311
0.302299 0.992620 0.944233 0.923936 0.953668 0.590559 0.738042 0.669257 0.108877 0.346282 0.949006 0.861497
0.314517 1.111394 0.885066 0.864088 0.908110 0.551267 0.647879 0.688224 0.124898 0.477126 1.071221 0.874382
0.319317 1.013891 0.936786 0.918348 1.055699 0.557382 0.610561 0.677523 0.095256 0.440372 0.980432 0.836989
0.384688 0.938271 0.952732 0.894949 0.962807 0.552866 0.706959 0.746404 0.191079 0.478857 0.988759 0.808585
0.352859 0.957632 0.904895 0.863112 0.944675 0.532313 0.622124 0.646759 0.098946 0.427572 0.987260 0.938071
0.375223 1.051407 0.932959 0.877621 0.834788 0.543987 0.738865 0.740674 0.158901 0.433173 0.989403 0.909079
0.358305 0.990099 0.990858 0.858106 0.906460 0.631443 0.695562 0.636458 0.124652 0.535408 1.020163 0.961764
0.354103 1.083503 0.877538 0.877749 0.969832 0.599060 0.707547 0.711694 0.137627 0.423084 0.952729 0.914020
0.358715 1.038609 0.950398 0.947565 0.971697 0.531299 0.696889 0.608974 0.115567 0.485925 1.008434 0.820498
0.377059 1.009708 1.043763 0.962736 0.975968 0.522663 0.707653 0.738681 0.155612 0.519994 0.986373 0.922589
0.412589 0.990320 0.980197 0.909930 1.004237 0.466331 0.581910 0.617019 0.144999 0.504677 1.020270 0.880804
0.461584 1.010365 0.922613 0.899466 0.933425 0.621288 0.802928 0.755532 0.226079 0.459921 0.977548 0.813878
0.324969 1.060934 0.916506 0.855920 0.985615 0.577715 0.610187 0.626582 0.110750 0.498357 0.997270 0.910239
0.379074 0.969844 1.006943 0.863766 0.955611 0.668771 0.649045 0.708279 0.145778 0.477083 1.056313 0.862699
0.338747 0.954321 0.973702 0.894618 1.015092 0.464059 0.605884 0.725618 0.140126 0.509464 0.975216 0.836776
0.393911 0.981842 0.866964 0.908493 1.017317 0.586691 0.665656 0.656245 0.188913 0.475959 1.036037 0.821344
0.305245 0.902306 0.925086 0.945086 1.006768 0.574919 0.725306 0.663638 0.152149 0.484870 0.993932 0.892958
0.387003 0.983692 0.981316 0.845048 0.831978 0.502991 0.755604 0.671807 0.130440 0.435072 1.005439 0.880805
0.330704 1.000546 1.006965 0.886784 0.973362 0.592593 0.731623 0.727019 0.243783 0.451431 0.959998 0.806629
0.398251 0.991552 0.913053 0.921403 0.989904 0.524479 0.723227 0.551516 0.187558 0.505887 1.006616 0.821132
0.331295 1.002190 0.877665 0.890676 0.933812 0.526288 0.654670 0.743658 0.221501 0.447125 0.941964 0.873344
0.317643 0.951820 0.918136 0.835432 1.025672 0.622792 0.630791 0.653826 0.152859 0.518504 0.958896 0.871001
0.269979 0.698138 0.112231 0.501426 0.765915 0.480507 0.900852 0.630466 0.311317 0.757574 0.499327 0.770970
0.289895 0.776858 0.073607 0.610345 0.736904 0.341325 0.920068 0.668354 0.321450 0.710363 0.528076 0.736760
0.294009 0.746214 0.078695 0.595327 0.578317 0.383145 0.932822 0.701773 0.285889 0.737665 0.423182 0.656887
0.238897 0.770437 0.181237 0.580833 0.711937 0.387703 0.901220 0.750021 0.216930 0.724424 0.525514 0.678320
0.271955 0.750782 0.125250 0.596557 0.713439 0.452166 0.924059 0.655822 0.184808 0.713085 0.390459 0.796854
0.311087 0.821405 0.163439 0.646614 0.735822 0.480278 0.855556 0.628371 0.219916 0.689759 0.498753 0.749591
0.349432 0.797452 0.081528 0.630063 0.755087 0.430408 0.831240 0.725650 0.277104 0.781772 0.519037 0.720331
0.259293 0.822718 0.139316 0.601861 0.705418 0.487747 0.902517 0.701508 0.234125 0.740410 0.481902 0.770011
0.310842 0.770097 0.201617 0.566198 0.630889 0.423538 0.898267 0.641933 0.228639 0.567311 0.560644 0.708531
0.303081 0.749838 0.110236 0.572398 0.816131 0.451397 0.820227 0.741838 0.230860 0.685686 0.469609 0.676532
0.231840 0.682451 0.081465 0.597436 0.682798 0.406378 0.970800 0.671582 0.216941 0.689867 0.577369 0.785823
0.294200 0.724728 0.067001 0.595983 0.730222 0.438337 0.871174 0.612722 0.161476 0.741749 0.437631 0.757037
0.190850 0.810603 0.201971 0.685070 0.774253 0.453473 0.805741 0.613405 0.327520 0.758420 0.427853 0.704659
0.233636 0.775249 0.126357 0.625101 0.820098 0.373920 0.889647 0.571674 0.218842 0.622459 0.400078 0.766507
0.285873 0.734949 0.130934 0.676346 0.689988 0.435981 0.907315 0.615998 0.257419 0.695693 0.577809 0.782209
0.322757 0.777218 0.066549 0.622475 0.745213 0.345010 0.940005 0.692518 0.234608 0.732654 0.531538 0.785145
0.269244 0.701765 0.103635 0.537025 0.713959 0.415006 0.875125 0.650496 0.239838 0.674409 0.576719 0.816735
0.203329 0.691866 0.077140 0.575007 0.712010 0.492194 0.920422 0.689719 0.261733 0.690074 0.528871 0.745875
0.210828 0.797859 0.097402 0.625585 0.771306 0.426020 0.888920 0.658732 0.295208 0.740807 0.570317 0.706716
0.218776 0.750086 0.079478 0.666068 0.715144 0.417223 0.945237 0.630255 0.359456 0.735350 0.534063 0.731872
0.217923 0.709154 0.165799 0.647393 0.746134 0.450435 0.869940 0.555417 0.219073 0.718888 0.553971 0.795990
0.290612 0.836992 0.050676 0.601180 0.685979 0.391175 1.038535 0.629453 0.314469 0.744276 0.526330 0.749582
0.295261 0.835888 0.169581 0.607811 0.722183 0.466964 0.946921 0.683166 0.198790 0.747708 0.476725 0.792302
0.226572 0.615858 0.022423 0.640907 0.708795 0.381375 0.898601 0.567472 0.172016 0.758115 0.566932 0.791003
0.227286 0.674316 0.126385 0.591301 0.795818 0.511974 0.932671 0.741693 0.184541 0.727987 0.435799 0.786009
0.298690 0.633641 0.180531 0.515011 0.782369 0.440585 0.906005 0.688207 0.185789 0.839024 0.484678 0.671360
0.215715 0.733376 0.032815 0.509177 0.611102 0.386703 0.920486 0.685582 0.304754 0.606644 0.501194 0.730778
0.288006 0.690220 0.145403 0.562316 0.800204 0.372826 0.903198 0.611731 0.274313 0.831353 0.580594 0.747018
0.189838 0.732969 0.055283 0.715286 0.779908 0.487976 0.887901 0.701099 0.291013 0.762007 0.440839 0.747833
0.291045 0.633502 0.114692 0.608737 0.812089 0.421494 0.884084 0.704078 0.224003 0.759453 0.605836 0.702891
0.268673 0.818359 0.201090 0.673708 0.711736 0.377651 0.919148 0.614377 0.280038 0.574832 0.505705 0.714602
0.289344 0.706794 0.071722 0.578685 0.714603 0.452682 0.831694 0.665715 0.195822 0.717443 0.495717 0.712815
0.202706 0.713444 0.163605 0.575116 0.684595 0.470380 0.812820 0.699074 0.229060 0.639314 0.507767 0.790040
0.162695 0.611133 0.095614 0.535719 0.713728 0.504064 0.949958 0.702260 0.250502 0.634202 0.463001 0.688448
0.243128 0.776531 0.147869 0.702190 0.687007 0.474346 0.884479 0.698269 0.316869 0.700517 0.450101 0.740470
0.225118 0.693297 0.171439 0.693218 0.733805 0.321250 0.881832 0.602792 0.270744 0.689062 0.558877 0.771778
0.324603 0.719298 0.176587 0.695573 0.718158 0.378543 0.827124 0.674437 0.252671 0.692785 0.633806 0.706187
0.303041 0.721938 0.135603 0.562913 0.753743 0.437000 0.834612 0.627954 0.213033 0.753905 0.519392 0.775800
0.200896 0.715065 0.162010 0.564864 0.729361 0.533571 0.916983 0.594786 0.192315 0.716965 0.486550 0.673556
0.309084 0.634059 0.084845 0.617888 0.750293 0.342381 0.901466 0.707570 0.204208 0.676569 0.535658 0.726282
0.305043 0.675829 0.072074 0.599115 0.699899 0.490381 0.903250 0.630838 0.207650 0.683833 0.488222 0.718090
0.195986 0.762683 0.055093 0.609655 0.736260 0.387254 0.845684 0.581293 0.234633 0.696152 0.480417 0.799595
0.342872 0.678827 0.077953 0.582249 0.718784 0.418817 0.943380 0.678619 0.278629 0.722509 0.451300 0.772479
0.217467 0.726033 0.171383 0.607083 0.707174 0.351172 0.918099 0.638468 0.248368 0.696795 0.505887 0.779374
0.289964 0.795026 0.078150 0.588490 0.754386 0.380479 0.969750 0.557428 0.185543 0.731874 0.625307 0.744891
0.284907 0.720391 0.067997 0.667644 0.721335 0.457304 0.897918 0.717935 0.247786 0.631720 0.525342 0.807239
0.327190 0.719289 0.151474 0.703256 0.806419 0.380941 0.858520 0.747146 0.221231 0.714644 0.556380 0.846560
0.258722 0.679265 0.094619 0.590758 0.729123 0.429854 0.883364 0.646822 0.277646 0.783462 0.487609 0.785743
0.195483 0.741723 0.103003 0.642497 0.704237 0.421443 0.808452 0.616911 0.322679 0.590471 0.449361 0.671030
0.263237 0.766397 0.080378 0.626659 0.781839 0.381627 0.929854 0.585491 0.157802 0.712734 0.480877 0.741822
0.277422 0.744128 0.121953 0.611531 0.722349 0.407229 0.848545 0.594651 0.216248 0.784355 0.518126 0.720211
0.256179 0.717732 0.051735 0.567283 0.606225 0.371464 0.919319 0.630525 0.178589 0.773748 0.465355 0.650658
0.347029 0.788647 0.052479 0.637586 0.708852 0.423583 0.855605 0.693419 0.201625 0.680130 0.480006 0.866561
0.266513 0.645045 0.123631 0.578332 0.708102 0.569364 1.014075 0.745913 0.246339 0.808648 0.524004 0.714032
0.209934 0.639617 0.141161 0.588690 0.691647 0.409318 0.832674 0.684579 0.240203 0.613170 0.472223 0.685010
0.157275 0.698484 0.079766 0.659903 0.620012 0.341376 0.899809 0.681335 0.178709 0.744721 0.491161 0.753422
0.241628 0.691329 0.086991 0.600925 0.625193 0.443346 0.957488 0.691194 0.253425 0.774016 0.574312 0.735302
0.267563 0.729446 0.204868 0.647602 0.704402 0.455553 0.878864 0.588868 0.242451 0.708590 0.402541 0.650412
0.238711 0.767301 0.106905 0.620541 0.701758 0.332564 0.869243 0.696271 0.301084 0.701199 0.555949 0.805725
0.313217 0.661212 0.143848 0.653688 0.629533 0.341815 0.900667 0.663159 0.222380 0.607582 0.529087 0.756218
0.310402 0.759591 0.118220 0.708069 0.656778 0.355037 0.954281 0.599389 0.231483 0.791733 0.502784 0.795973
0.272304 0.683477 0.112040 0.577584 0.802697 0.382895 0.883528 0.624171 0.307141 0.647652 0.478595 0.697590
0.248481 0.819718 0.175554 0.492585 0.843094 0.366328 0.922956 0.689006 0.220898 0.648803 0.568505 0.787716
0.146188 0.782336 0.104439 0.621255 0.703213 0.462488 0.936261 0.709525 0.247962 0.661818 0.513358 0.818105
0.240785 0.749868 0.045171 0.539919 0.719070 0.483076 0.850431 0.587934 0.293462 0.723962 0.541643 0.786842
0.252385 0.821646 0.104501 0.691051 0.762300 0.416271 0.781179 0.727005 0.325514 0.667784 0.510984 0.883572
0.352825 0.778206 0.203595 0.628246 0.627508 0.323423 0.851046 0.705490 0.214200 0.711742 0.540297 0.774393
0.262505 0.605339 0.066013 0.643620 0.731413 0.505714 0.802924 0.636500 0.273118 0.782434 0.543846 0.698369
0.271681 0.707040 0.117102 0.643301 0.630002 0.376864 0.786040 0.681226 0.227350 0.757638 0.492636 0.616322
0.258836 0.611271 0.136516 0.600229 0.742813 0.415720 0.882975 0.650817 0.317641 0.732153 0.515132 0.742221
0.222033 0.717788 0.091051 0.591742 0.730489 0.346654 0.787596 0.667042 0.123417 0.719721 0.565572 0.675667
0.259536 0.730640 0.180967 0.638751 0.649413 0.421397 0.943697 0.683140 0.182641 0.758031 0.524992 0.791371
0.280718 0.795417 -0.022547 0.520827 0.810702 0.436403 0.885089 0.599880 0.263830 0.641405 0.483402 0.763811
0.270702 0.807288 0.123765 0.650538 0.733813 0.421855 0.870474 0.636413 0.139550 0.770685 0.504037 0.759291
0.319338 0.750677 0.142248 0.603848 0.791456 0.399673 0.821906 0.650565 0.276220 0.770948 0.540283 0.649958
0.188780 0.704202 0.069348 0.659895 0.685500 0.413156 0.854382 0.552647 0.235983 0.658543 0.553118 0.692467
0.261562 0.753315 0.127358 0.468570 0.767724 0.458884 0.876116 0.611227 0.182986 0.711858 0.574540 0.767836
0.218778 0.747690 0.068183 0.610308 0.784892 0.440561 0.906317 0.633125 0.215360 0.707687 0.456630 0.700671
0.270096 0.688535 0.137911 0.560343 0.771502 0.444387 0.951693 0.731154 0.189640 0.647777 0.491046 0.698479
0.178908 0.793462 0.116428 0.574944 0.749705 0.436597 0.868799 0.664829 0.206026 0.705977 0.572601 0.791259
0.229496 0.803966 0.091481 0.635067 0.746035 0.406307 0.920502 0.676396 0.209393 0.690175 0.571527 0.697957
0.240500 0.744134 0.088280 0.635265 0.704530 0.401396 0.817728 0.656851 0.203816 0.729034 0.495992 0.764639
0.250339 0.744838 0.127751 0.593138 0.740674 0.398718 0.904545 0.609373 0.338417 0.697776 0.635834 0.721693
0.212682 0.645182 0.165586 0.647631 0.736783 0.522081 0.953211 0.652228 0.261489 0.768819 0.588516 0.656235
0.202374 0.693657 0.247730 0.631182 0.699894 0.458870 0.831554 0.654906 0.323461 0.681153 0.465459 0.824149
0.291593 0.654134 0.112588 0.599657 0.725185 0.411168 0.875030 0.701727 0.247282 0.695718 0.477704 0.778579
0.178460 0.773740 0.100339 0.619458 0.677354 0.373138 0.945570 0.597407 0.253278 0.834444 0.543973 0.723632
0.256195 0.716714 0.046256 0.526795 0.705297 0.497836 0.887486 0.666639 0.207769 0.662887 0.554465 0.654132
0.150949 0.730606 0.182233 0.591710 0.645241 0.441456 0.950432 0.633815 0.237072 0.724689 0.601816 0.692238
0.245270 0.740551 0.115196 0.608674 0.637193 0.362517 0.887524 0.660291 0.229904 0.745717 0.469640 0.798820
0.290981 0.808197 0.097033 0.544995 0.722178 0.437598 0.855010 0.723220 0.267597 0.642465 0.463782 0.822235
0.260992 0.710934 0.107429 0.573581 0.756627 0.392905 0.826035 0.673527 0.249846 0.755017 0.528639 0.664315
0.294295 0.770503 0.031986 0.595544 0.668088 0.368031 0.850574 0.752851 0.193460 0.756041 0.601771 0.732336
0.259039 0.760825 0.039116 0.608135 0.670985 0.409711 0.967811 0.645033 0.268938 0.665757 0.443054 0.759809
0.163905 0.744028 0.076266 0.605158 0.832221 0.407773 0.928589 0.653355 0.354566 0.751898 0.500337 0.765849
0.341771 0.675575 0.046428 0.660529 0.702406 0.395195 0.821649 0.608919 0.214189 0.754960 0.653017 0.630200
0.230737 0.726522 0.164200 0.639641 0.710079 0.423647 0.869095 0.653398 0.247739 0.713538 0.513294 0.677420
0.229837 0.731587 0.164213 0.642951 0.655583 0.427663 0.908235 0.662904 0.231290 0.765938 0.454861 0.749958
0.321548 0.610554 0.114625 0.547509 0.703371 0.431119 0.898054 0.651855 0.261620 0.646551 0.423243 0.723540
0.316363 0.760570 0.129593 0.644579 0.672470 0.374257 0.889746 0.645728 0.285203 0.651620 0.638855 0.702905
0.231231 0.728088 0.132391 0.596172 0.747713 0.473817 0.895578 0.588183 0.191005 0.655712 0.540603 0.714724
0.239487 0.778528 0.145834 0.563322 0.765045 0.428932 0.921672 0.582196 0.238436 0.682039 0.510477 0.753891
0.214296 0.781989 0.183339 0.638654 0.725931 0.333416 0.868264 0.662501 0.272498 0.582953 0.432264 0.686019
0.255503 0.720169 0.105676 0.565018 0.702245 0.449911 0.844419 0.671343 0.252824 0.740349 0.522934 0.741234
0.248350 0.744869 0.095670 0.577805 0.728386 0.376875 0.945927 0.619622 0.190404 0.741226 0.538181 0.819868
0.254397 0.663614 0.122090 0.625091 0.742626 0.389360 0.957416 0.631890 0.322996 0.765556 0.434714 0.661036
0.219162 0.689562 0.062246 0.596456 0.739915 0.453259 0.938682 0.669482 0.255138 0.769483 0.526667 0.693417
0.263232 0.800854 0.095390 0.607114 0.773351 0.448018 0.868277 0.669468 0.304662 0.732207 0.541027 0.622945
0.224462 0.854501 0.100275 0.651174 0.684233 0.366508 0.777557 0.654260 0.280869 0.690471 0.503965 0.692535
0.243231 0.797616 0.096540 0.702970 0.698596 0.498096 0.920284 0.586105 0.244530 0.719071 0.467920 0.774172
0.218559 0.708167 0.067353 0.567155 0.724880 0.464711 0.830275 0.648679 0.305395 0.666262 0.489868 0.723417
0.175060 0.749414 0.051557 0.544921 0.727208 0.405197 0.894695 0.623765 0.222981 0.755053 0.584327 0.698755
0.213603 0.726606 0.104068 0.541130 0.697301 0.451387 0.909267 0.727134 0.325752 0.713299 0.429525 0.750554
0.260501 0.695709 0.140493 0.537801 0.758568 0.411472 0.852744 0.664908 0.145952 0.743467 0.527150 0.682510
0.267745 0.656597 0.069651 0.616563 0.722296 0.495617 0.988203 0.642630 0.214004 0.814878 0.566469 0.614441
0.270522 0.650411 0.172537 0.622310 0.794254 0.472469 0.945144 0.626491 0.293783 0.722728 0.609879 0.734397
0.305955 0.704154 0.132629 0.701453 0.707637 0.447852 0.922065 0.645843 0.163736 0.647135 0.513217 0.817914
0.207894 0.663618 0.086251 0.628615 0.687914 0.439625 0.927665 0.699050 0.223417 0.725622 0.540863 0.678872
0.115446 0.758115 0.099004 0.603358 0.754759 0.440016 0.833473 0.667680 0.170800 0.638551 0.490768 0.656720
0.312807 0.714846 0.144919 0.566493 0.648583 0.372132 0.916588 0.627376 0.187675 0.685097 0.547742 0.777336
0.212439 0.654639 0.048911 0.554885 0.711609 0.469147 0.953182 0.521518 0.288405 0.756849 0.501625 0.638540
0.223221 0.715358 0.080179 0.637998 0.709842 0.475970 0.886064 0.654785 0.288997 0.685357 0.546529 0.715949
0.244482 0.753510 0.086114 0.598400 0.831075 0.486052 0.910024 0.567896 0.203850 0.655523 0.483699 0.741567
0.292644 0.749483 0.042181 0.624472 0.747413 0.340799 0.864851 0.621719 0.243508 0.703727 0.547019 0.798261
0.219587 0.771914 0.133282 0.609285 0.780910 0.421720 0.865915 0.737574 0.244227 0.844041 0.433808 0.689648
0.339753 0.772347 0.156102 0.586271 0.732818 0.400025 0.854414 0.649601 0.220750 0.832898 0.511814 0.692812
0.242971 0.705529 0.102393 0.473239 0.731396 0.415940 0.795549 0.618094 0.214153 0.814912 0.393778 0.751068
0.233084 0.764575 0.079735 0.652604 0.632145 0.384532 0.935761 0.666927 0.291080 0.797073 0.531640 0.831446
0.266853 0.759291 0.102342 0.603598 0.659272 0.364314 0.857866 0.635611 0.119579 0.750337 0.534100 0.801768
0.319562 0.660091 0.060922 0.663312 0.748342 0.431278 0.930580 0.617795 0.291416 0.739034 0.454689 0.731792
0.242191 0.729150 -0.007645 0.649285 0.749137 0.451289 0.860393 0.719855 0.279838 0.827507 0.475507 0.744031
0.293616 0.724265 0.128653 0.699882 0.752730 0.439315 0.886849 0.749719 0.239428 0.689932 0.560956 0.855139
0.280673 0.706857 0.125126 0.545562 0.698383 0.486573 0.898588 0.715312 0.247910 0.708307 0.509518 0.700150
0.240482 0.746916 0.108818 0.664113 0.792695 0.486783 0.870776 0.601866 0.334787 0.641244 0.553672 0.783598
0.225219 0.785086 0.060407 0.676465 0.663284 0.382449 0.868922 0.668431 0.318899 0.762288 0.558882 0.776756
0.171842 0.700252 0.165658 0.610086 0.748878 0.373171 0.831448 0.646312 0.280002 0.744165 0.549867 0.692985
0.224021 0.644939 0.185995 0.559649 0.772967 0.452717 0.910874 0.729547 0.217446 0.687341 0.490081 0.696211
0.242324 0.754882 0.184068 0.590749 0.754203 0.516045 0.952319 0.626272 0.342320 0.746890 0.539353 0.775065
0.313594 0.731832 0.081348 0.682770 0.693595 0.477218 0.961171 0.743055 0.197366 0.768552 0.522924 0.697741
0.180382 0.724711 0.138618 0.594339 0.620030 0.319550 0.882004 0.637392 0.229279 0.695665 0.479548 0.744790
0.217558 0.719603 0.133927 0.702796 0.719750 0.477131 0.917708 0.682556 0.179682 0.800348 0.609574 0.830040
0.258244 0.709646 0.135224 0.548812 0.770449 0.417550 0.929326 0.633348 0.218892 0.711597 0.508354 0.776068
0.259172 0.775412 0.122615 0.610618 0.676611 0.373860 0.951555 0.561751 0.210635 0.719323 0.455990 0.754069
0.200689 0.772089 0.113832 0.598754 0.807819 0.343624 0.928542 0.612265 0.229405 0.757646 0.602304 0.702962
0.322938 0.736967 0.061441 0.614083 0.680847 0.431859 0.816740 0.576880 0.272783 0.680390 0.558699 0.797998
0.237174 0.690547 0.156948 0.597356 0.792897 0.488621 0.859033 0.736249 0.280458 0.744733 0.490132 0.783554
0.222798 0.725211 0.135325 0.677514 0.700139 0.438773 0.832159 0.664827 0.280871 0.722925 0.559431 0.741934
0.305044 0.728442 0.104497 0.660255 0.697167 0.463796 0.885687 0.711140 0.246928 0.711839 0.538764 0.667416
0.323141 0.689048 0.118592 0.602534 0.697771 0.442842 0.819892 0.613610 0.226326 0.746774 0.503076 0.699694
0.187020 0.757864 0.132254 0.581618 0.725688 0.495266 0.919902 0.651214 0.291162 0.746352 0.609409 0.758807
0.293946 0.770569 0.147968 0.558369 0.656958 0.509976 0.959782 0.631235 0.232008 0.717914 0.485681 0.767147
0.279940 0.722151 0.103547 0.591841 0.736571 0.460707 0.823107 0.600992 0.203523 0.648170 0.428061 0.734724
0.311221 0.680362 0.143769 0.662354 0.729274 0.358612 0.933645 0.662771 0.230743 0.771828 0.472478 0.764867
0.204485 0.707826 0.170695 0.594989 0.792706 0.350273 0.791801 0.618854 0.308366 0.723685 0.516304 0.724121
0.375183 0.586949 0.090729 0.642281 0.734850 0.375924 0.974540 0.613751 0.255018 0.790981 0.462408 0.779770
0.154358 0.624699 0.096737 0.645363 0.695395 0.381054 0.928916 0.620094 0.335713 0.685187 0.546263 0.794398
0.187830 0.782777 0.138360 0.684624 0.720553 0.507838 0.866615 0.716150 0.297010 0.673963 0.528116 0.845138
0.222179 0.683598 0.040757 0.556124 0.790568 0.446848 0.861516 0.592358 0.238451 0.751411 0.504759 0.773916
0.265944 0.780002 0.086576 0.614450 0.749240 0.337046 0.965319 0.651049 0.286491 0.740531 0.551784 0.737279
0.307604 0.680274 0.116055 0.614300 0.696344 0.396418 0.885345 0.687598 0.242640 0.678660 0.525559 0.771218
0.278071 0.693839 0.069697 0.525109 0.611189 0.456709 0.991456 0.573072 0.257519 0.803514 0.484223 0.793173
0.279583 0.668821 0.087170 0.637033 0.642618 0.415492 0.960305 0.585635 0.218866 0.737481 0.510892 0.774976
0.218860 0.736693 0.089123 0.616959 0.647593 0.415521 0.882511 0.617825 0.180949 0.806514 0.538128 0.742741
0.278277 0.682048 0.060181 0.586987 0.805326 0.413997 0.895967 0.571454 0.212783 0.720386 0.486972 0.769053
0.156624 0.701344 0.181524 0.623579 0.787502 0.445715 0.933247 0.675579 0.189826 0.770227 0.548305 0.772461
0.309750 0.789536 0.177730 0.562808 0.737769 0.516932 0.906785 0.659809 0.271018 0.745332 0.530537 0.668585
0.186291 0.723626 0.078601 0.719974 0.662849 0.435649 0.812963 0.633098 0.331028 0.784354 0.537137 0.713547
0.318906 0.755229 0.144456 0.574453 0.781454 0.517662 0.909411 0.598902 0.211925 0.737101 0.629844 0.702615
0.259348 0.770266 0.047093 0.607896 0.756964 0.450208 0.944470 0.796214 0.311477 0.642355 0.529809 0.770136
0.217889 0.749256 0.063397 0.603895 0.751305 0.487909 0.945518 0.603474 0.233363 0.745802 0.421743 0.767450
0.289024 0.732603 0.128038 0.619763 0.700690 0.399446 0.828520 0.752731 0.191087 0.737389 0.508727 0.760943
0.240601 0.684868 0.134592 0.583529 0.671877 0.413077 0.835136 0.647045 0.243567 0.681830 0.609328 0.725252
0.316805 0.772105 0.069118 0.628169 0.717974 0.386367 0.875316 0.706415 0.315936 0.779198 0.498479 0.672928
0.291024 0.695063 0.123964 0.625621 0.673105 0.408809 1.015003 0.596078 0.256430 0.694926 0.522388 0.716703
0.214278 0.663539 0.096464 0.551547 0.686789 0.450933 0.902502 0.634501 0.284363 0.771378 0.523124 0.642382
0.167140 0.764784 0.119804 0.616642 0.617577 0.432173 0.994297 0.598385 0.195403 0.780820 0.525532 0.759522
0.299714 0.759953 0.161566 0.588901 0.743796 0.431962 0.981258 0.657962 0.205509 0.609088 0.502043 0.747937
0.230337 0.748792 0.089900 0.545060 0.681527 0.449383 0.931002 0.618038 0.247619 0.725744 0.479195 0.706008
0.283223 0.746212 0.166441 0.573283 0.688887 0.476313 0.921044 0.683530 0.205140 0.665134 0.542090 0.770372
0.265873 0.694883 0.026771 0.661654 0.679172 0.375037 0.900555 0.608621 0.243293 0.698432 0.523266 0.677161
0.236733 0.802510 0.107482 0.705723 0.792310 0.401661 0.852979 0.606763 0.268824 0.663243 0.591724 0.807005
0.214629 0.672492 0.078899 0.604970 0.810163 0.422688 0.873558 0.616723 0.138739 0.755480 0.456487 0.724961
0.263729 0.742174 0.173141 0.573690 0.747589 0.476712 0.958206 0.590685 0.315062 0.772930 0.536946 0.762322
0.195614 0.780806 0.182173 0.629463 0.715506 0.347750 0.936842 0.737861 0.241691 0.700271 0.543364 0.752592
0.240051 0.706998 0.131615 0.579959 0.788214 0.437329 0.892376 0.637888 0.298888 0.646675 0.482899 0.701581
0.262363 0.803834 0.188282 0.595242 0.685515 0.429139 0.900587 0.678391 0.279784 0.712578 0.540949 0.792768
0.267222 0.757488 0.252004 0.582400 0.668772 0.348381 0.882141 0.584018 0.290685 0.740765 0.566147 0.796971
0.243999 0.792381 0.049592 0.621925 0.715386 0.490645 0.869289 0.582029 0.268345 0.685776 0.471529 0.776461
0.233234 0.730011 0.126453 0.510150 0.713247 0.508394 0.883657 0.617237 0.337281 0.728823 0.607179 0.663786
0.207665 0.720252 0.108371 0.654470 0.697182 0.361669 0.808798 0.636834 0.232458 0.764742 0.516444 0.676529
0.321166 0.759169 0.122705 0.546423 0.685227 0.415559 0.935145 0.676991 0.239151 0.636054 0.605450 0.730015
0.279362 0.734799 0.095031 0.605312 0.682093 0.488685 0.951529 0.625404 0.277008 0.741646 0.370924 0.643368
0.208225 0.771183 0.144127 0.695797 0.746912 0.523777 0.915651 0.538043 0.262733 0.575744 0.508541 0.629017
0.270265 0.610718 0.247897 0.524418 0.777196 0.368409 0.917399 0.698979 0.254355 0.803214 0.543975 0.780180
0.274524 0.734805 0.128324 0.649066 0.659198 0.335132 0.823859 0.620889 0.264442 0.771327 0.445348 0.658893
0.264207 0.741809 0.104837 0.663202 0.657194 0.540179 0.900479 0.667835 0.237606 0.750185 0.520321 0.814281
0.224395 0.780960 0.171079 0.571990 0.648535 0.359069 0.882868 0.517194 0.130058 0.755964 0.559680 0.653874
0.203263 0.760214 0.071182 0.506809 0.739699 0.424803 0.938604 0.665890 0.201489 0.785041 0.525144 0.722370
0.231048 0.593654 0.050920 0.560024 0.689084 0.434779 0.924242 0.684458 0.206122 0.694467 0.461519 0.739088
0.296605 0.734972 0.083931 0.563368 0.810757 0.306785 0.952784 0.638508 0.253784 0.662941 0.409478 0.659180
0.305159 0.669181 0.081794 0.602281 0.722522 0.540929 0.857127 0.679264 0.313376 0.777701 0.467086 0.778292
0.234222 0.741671 0.072641 0.561290 0.775999 0.470565 0.905943 0.514518 0.309243 0.762084 0.519141 0.675098
0.300137 0.740227 0.063851 0.609797 0.765264 0.434452 0.884948 0.664901 0.276109 0.713290 0.509153 0.765767
0.225339 0.642956 0.073846 0.618831 0.720619 0.424160 0.838053 0.562267 0.327485 0.665181 0.517479 0.763546
0.227478 0.746405 0.102699 0.608088 0.695814 0.345192 0.838330 0.598601 0.272614 0.721799 0.515788 0.625753
0.294779 0.696910 0.035198 0.506685 0.687796 0.462810 0.897441 0.629040 0.225947 0.631197 0.520671 0.782597
0.308972 0.837612 0.078088 0.613333 0.781491 0.369858 0.848240 0.662974 0.269228 0.738840 0.461807 0.712289
0.162394 0.748693 0.109159 0.524461 0.775419 0.445777 0.841787 0.553894 0.174785 0.654689 0.473102 0.731376
0.195052 0.799517 0.067953 0.690126 0.868441 0.428518 0.843176 0.615710 0.234835 0.718551 0.535146 0.763004
0.320586 0.745150 0.073940 0.613876 0.709533 0.389971 0.793491 0.641032 0.253196 0.752363 0.500347 0.843628
0.206404 0.781311 0.144164 0.614275 0.788241 0.468529 0.885226 0.582886 0.251463 0.701943 0.457624 0.774314
0.287333 0.733560 0.063106 0.589332 0.708383 0.439014 0.949057 0.671921 0.187032 0.700380 0.490706 0.698493
0.227211 0.810469 0.084908 0.541532 0.727634 0.426113 0.871036 0.705026 0.238935 0.765467 0.472590 0.734236
0.366049 0.693067 0.140528 0.548453 0.690638 0.528755 0.934823 0.606827 0.284514 0.679126 0.500545 0.737850
0.246106 0.738854 0.146642 0.654803 0.703032 0.351744 0.924358 0.629927 0.278614 0.766415 0.525015 0.732356
0.220374 0.756610 0.053587 0.584084 0.748264 0.435430 0.939610 0.635669 0.223606 0.692782 0.571124 0.771169
0.270654 0.657880 0.156578 0.567964 0.699258 0.426146 0.932139 0.657534 0.283885 0.678282 0.528132 0.701949
0.317719 0.727541 0.110255 0.596042 0.782496 0.445549 0.972795 0.550136 0.206234 0.760763 0.492630 0.721467
0.234944 0.727230 0.081231 0.637578 0.709826 0.384982 0.847494 0.635126 0.279070 0.739840 0.473038 0.745397
0.223230 0.724167 0.088070 0.611709 0.740848 0.440156 0.919091 0.670630 0.198288 0.759564 0.472091 0.743855
0.267663 0.735681 0.085721 0.591746 0.781361 0.422398 0.792589 0.712503 0.273857 0.686910 0.512226 0.648819
0.147537 0.736502 0.103496 0.629612 0.730955 0.333063 0.791031 0.669611 0.311219 0.689414 0.548327 0.735591
0.221458 0.739278 0.142514 0.675799 0.688435 0.446348 0.914790 0.668079 0.258707 0.698932 0.502357 0.731683
0.346385 0.845004 0.091315 0.592350 0.695167 0.415647 0.793116 0.698107 0.259575 0.747890 0.514454 0.685445
0.281972 0.738714 0.099564 0.605922 0.650070 0.413354 0.955930 0.708260 0.242979 0.681437 0.492553 0.773298
0.158500 0.726081 0.152303 0.566652 0.706139 0.420369 0.890568 0.688621 0.305671 0.704256 0.422128 0.617450
0.214824 0.781835 0.068090 0.672552 0.757865 0.385293 0.869942 0.655824 0.238903 0.689381 0.530080 0.677681
0.285477 0.686727 0.189133 0.659216 0.779302 0.372115 0.878448 0.711086 0.226611 0.606726 0.470363 0.692405
0.222952 0.780037 0.119527 0.608544 0.540140 0.381761 0.821685 0.630169 0.334010 0.650439 0.559326 0.783610
0.232496 0.795302 0.142767 0.516635 0.686831 0.473666 0.818895 0.619641 0.173855 0.726819 0.500804 0.759498
0.249402 0.766769 0.085021 0.664594 0.734865 0.385441 0.861199 0.612427 0.258920 0.757164 0.511283 0.653676
0.214212 0.706894 0.109015 0.618179 0.789223 0.481858 0.886038 0.556235 0.274204 0.647307 0.476268 0.675791
0.166986 0.754684 0.031390 0.671989 0.712986 0.431154 0.951640 0.669983 0.272816 0.640531 0.478742 0.707661
0.309226 0.716518 0.191483 0.557393 0.813940 0.324600 0.750036 0.616752 0.203788 0.786867 0.474539 0.765154
0.248518 0.636153 0.145198 0.665756 0.750037 0.405700 0.879614 0.637716 0.296538 0.712829 0.506802 0.750145
0.309999 0.766951 0.085990 0.590821 0.659100 0.435023 0.949053 0.616871 0.287173 0.773794 0.577352 0.675584
0.306589 0.773306 0.126791 0.657278 0.744554 0.384766 0.911077 0.625043 0.281237 0.775046 0.517143 0.695762
0.271803 0.698406 0.153415 0.673445 0.750318 0.416860 0.920956 0.622182 0.302575 0.773415 0.468147 0.821854
0.256796 0.742787 0.142329 0.619317 0.643204 0.415779 0.885913 0.614160 0.215500 0.752019 0.545966 0.775027
0.234792 0.770799 0.042105 0.647627 0.754328 0.264718 0.900047 0.631239 0.326983 0.719645 0.451500 0.688023
0.284295 0.791306 0.111584 0.587129 0.734315 0.429999 0.917853 0.665631 0.273256 0.768169 0.531511 0.799095
0.217804 0.814673 0.120197 0.607125 0.739605 0.512870 0.936955 0.572261 0.288543 0.856461 0.554181 0.678462
0.306298 0.774699 0.093199 0.620398 0.689288 0.467083 0.919116 0.621787 0.277814 0.754946 0.506196 0.730877
0.229401 0.733809 0.136720 0.668024 0.754010 0.389975 0.921271 0.746228 0.255970 0.729172 0.457469 0.717743
0.183117 0.685332 0.042107 0.598388 0.725961 0.351836 0.941790 0.586665 0.194714 0.706901 0.460184 0.623487
0.156488 0.723198 0.068832 0.607356 0.695803 0.530192 0.855552 0.672953 0.239536 0.750620 0.460719 0.854123
0.228501 0.816034 0.126233 0.654655 0.696859 0.405686 0.922583 0.716893 0.175547 0.722128 0.507388 0.686355
0.321788 0.785506 0.121125 0.661706 0.783880 0.458152 0.813431 0.653669 0.252224 0.735767 0.561110 0.747176
0.249831 0.740007 0.157898 0.680596 0.663744 0.433709 0.926406 0.543568 0.210732 0.724172 0.620943 0.731515
0.315596 0.743445 0.084204 0.645684 0.720346 0.460586 0.941397 0.619707 0.266438 0.743431 0.473308 0.811542
0.233804 0.773188 0.148327 0.626227 0.716593 0.334468 0.970540 0.665924 0.273855 0.728985 0.510293 0.763409
0.315156 0.718393 0.134735 0.642745 0.619807 0.368880 0.835906 0.691072 0.263935 0.724718 0.461866 0.652637
0.348192 0.723972 0.006326 0.521533 0.780889 0.403220 0.916516 0.688013 0.235007 0.793941 0.571748 0.810708
0.223129 0.687359 0.063391 0.683975 0.753744 0.415820 0.784982 0.677165 0.248005 0.746736 0.526045 0.699931
0.276272 0.664103 0.135305 0.598698 0.779802 0.426557 0.993371 0.704543 0.292768 0.683933 0.597639 0.741716
0.217338 0.658626 0.078469 0.552785 0.735856 0.467630 0.957782 0.680127 0.361526 0.764744 0.571810 0.676131
0.307323 0.715634 0.140270 0.575373 0.650457 0.415915 0.863590 0.624002 0.242312 0.721003 0.487426 0.727784
0.304884 0.625347 0.108245 0.691286 0.677440 0.475908 0.840016 0.703233 0.307800 0.709165 0.464120 0.734329
0.364103 0.685709 0.207434 0.625549 0.755998 0.401225 0.926642 0.637740 0.294004 0.729554 0.530242 0.805602
0.195353 0.743263 0.169391 0.662694 0.804759 0.424680 0.969343 0.589577 0.170583 0.776133 0.485528 0.765366
0.289774 0.574430 0.132174 0.601665 0.813895 0.432029 0.875671 0.686898 0.223664 0.710403 0.551515 0.698105
0.229816 0.824455 0.171693 0.614210 0.688396 0.414401 0.871199 0.712584 0.216672 0.698526 0.493111 0.755267
0.194183 0.675771 0.197920 0.606641 0.719545 0.455326 0.925563 0.623175 0.149746 0.748833 0.663646 0.738754
0.205105 0.711365 0.046712 0.654766 0.811267 0.456769 0.982104 0.648352 0.332600 0.782383 0.509571 0.707586
0.242252 0.726539 0.117842 0.601332 0.662321 0.417696 0.936111 0.634272 0.283154 0.805179 0.536722 0.681844
0.280868 0.808756 0.101916 0.626902 0.773576 0.410473 0.793248 0.750790 0.320748 0.777659 0.457673 0.775705
0.259894 0.752974 0.041238 0.676492 0.814913 0.482509 0.936658 0.651726 0.286973 0.794226 0.561742 0.677874
0.224256 0.666513 0.110764 0.659952 0.837562 0.457145 0.894371 0.666048 0.337029 0.731799 0.598614 0.755090
0.280380 0.776626 0.130294 0.489232 0.706685 0.419657 0.882769 0.646361 0.305543 0.698095 0.536219 0.734117
0.219727 0.657158 0.113659 0.754299 0.591385 0.407941 0.882403 0.582107 0.226338 0.749642 0.533030 0.818413
0.253424 0.742913 0.156022 0.688104 0.720237 0.475092 0.843548 0.697386 0.203966 0.749704 0.488115 0.639621
0.141322 0.805297 0.094325 0.622135 0.732332 0.405984 0.922414 0.716621 0.230105 0.835415 0.439277 0.746854
0.321168 0.728955 0.069246 0.591063 0.674144 0.453910 0.923864 0.583678 0.230524 0.749157 0.577919 0.874543
0.170610 0.770315 0.114314 0.648406 0.787483 0.451613 0.896510 0.677149 0.183165 0.676544 0.475071 0.723412
0.224069 0.793511 0.115910 0.647032 0.726764 0.408659 0.941665 0.694745 0.211497 0.729717 0.584257 0.723397
0.242639 0.814269 0.124934 0.567736 0.655787 0.411140 0.868807 0.571005 0.223989 0.659515 0.459041 0.780050
0.330919 0.839485 0.142227 0.577402 0.764558 0.377524 0.870454 0.739329 0.199135 0.793422 0.509428 0.710465
0.235716 0.784444 0.060900 0.658792 0.774926 0.355229 0.860214 0.638899 0.296779 0.761891 0.556620 0.694328
0.228395 0.707450 0.188592 0.517506 0.753036 0.446189 0.914374 0.716273 0.253760 0.666907 0.546055 0.798187
0.306729 0.633332 0.172827 0.636888 0.648459 0.396283 0.976935 0.689879 0.266367 0.676078 0.544877 0.679720
0.212901 0.714363 0.033412 0.637330 0.800586 0.387266 0.900379 0.656033 0.239556 0.779477 0.511956 0.738530
0.216471 0.720952 0.141773 0.560442 0.777533 0.481111 0.867618 0.715806 0.255819 0.719622 0.457688 0.671943
0.278080 0.849123 0.105128 0.637424 0.729930 0.461115 0.972283 0.730171 0.256290 0.617394 0.591697 0.782219
0.294397 0.796213 0.125820 0.590058 0.753133 0.397934 1.022163 0.551505 0.232880 0.739822 0.489464 0.693038
0.283100 0.738469 0.016008 0.566997 0.670196 0.392229 0.947104 0.689585 0.223714 0.735988 0.608888 0.726233
0.232891 0.756998 0.080545 0.574277 0.833879 0.307417 0.916172 0.562715 0.269823 0.656287 0.497790 0.642998
0.259493 0.742856 0.110650 0.589175 0.741800 0.414927 0.838892 0.605015 0.310926 0.775906 0.441948 0.753388
0.285222 0.811333 0.123274 0.648747 0.660976 0.416937 0.863899 0.638421 0.231586 0.825697 0.563443 0.708750
0.299847 0.643202 0.145437 0.607709 0.793415 0.464207 0.866368 0.661375 0.235691 0.726102 0.534505 0.772362
0.161428 0.710378 0.078930 0.650079 0.738033 0.425898 0.862173 0.710352 0.200405 0.762298 0.459458 0.770721
0.118006 0.760962 0.117344 0.651941 0.744854 0.452193 0.837835 0.610723 0.281092 0.689428 0.492633 0.791998
0.191158 0.695576 0.139448 0.672188 0.745030 0.369485 0.991704 0.598832 0.281159 0.701945 0.591719 0.679701
0.253156 0.721570 0.128774 0.638443 0.705205 0.398745 0.956459 0.633480 0.222522 0.662899 0.546407 0.750345
0.227082 0.738513 0.081837 0.576432 0.728368 0.454408 0.928549 0.690496 0.229291 0.678285 0.522912 0.798744
0.274177 0.734964 0.083381 0.615904 0.653975 0.416176 0.894267 0.589538 0.281068 0.777282 0.506050 0.800216
0.334201 0.771820 0.095068 0.567622 0.661021 0.284214 0.903451 0.659410 0.254353 0.746569 0.556744 0.761097
0.286024 0.683276 0.151982 0.512073 0.755424 0.423494 0.874316 0.637112 0.361250 0.804162 0.558959 0.722533
0.217152 0.733435 0.125253 0.638532 0.757491 0.412370 0.892192 0.678522 0.233428 0.804196 0.528332 0.797125
0.201780 0.622089 0.131556 0.526786 0.775059 0.461004 0.950396 0.692395 0.216323 0.764391 0.539813 0.747120
0.273722 0.660744 0.047532 0.639257 0.750653 0.390474 0.916266 0.541840 0.245403 0.676742 0.328680 0.644998
0.234614 0.732562 0.054023 0.574803 0.683860 0.509655 0.858045 0.689983 0.255411 0.741908 0.491961 0.774363
0.243697 0.722461 0.002405 0.650985 0.747362 0.385274 0.875495 0.760173 0.302747 0.711858 0.524110 0.705590
0.264351 0.701745 0.010418 0.586117 0.727207 0.399577 0.895519 0.556604 0.164524 0.784105 0.476940 0.722511
0.260969 0.749343 0.067670 0.625077 0.817337 0.408716 0.867007 0.591088 0.223412 0.679998 0.468015 0.756851
0.249114 0.763465 0.294553 0.607134 0.709149 0.428076 0.829002 0.635562 0.233596 0.733255 0.445909 0.691429
0.278626 0.552517 0.177236 0.537495 0.787254 0.424832 0.902453 0.616445 0.284061 0.697500 0.498549 0.705446
0.241398 0.693266 0.032914 0.518435 0.725752 0.487316 0.890109 0.759283 0.271722 0.703155 0.424380 0.758686
0.256257 0.740411 0.069245 0.576694 0.706868 0.392223 0.927341 0.646229 0.332132 0.657720 0.535215 0.799416
0.240728 0.803264 0.112116 0.566229 0.731377 0.407550 1.027759 0.606440 0.396448 0.662003 0.590744 0.732101
0.343615 0.670710 0.193750 0.573637 0.745708 0.368489 0.823673 0.633414 0.309602 0.748883 0.508215 0.788862
0.247673 0.742577 0.152845 0.602004 0.633829 0.454237 0.969000 0.651425 0.223230 0.761757 0.568534 0.797825
0.218495 0.691588 0.043381 0.637817 0.690235 0.372105 0.838760 0.648562 0.252286 0.725260 0.598600 0.718112
0.326574 0.700795 0.039941 0.518318 0.687926 0.456776 0.861295 0.628314 0.260044 0.680916 0.495564 0.706465
0.305103 0.767417 0.102349 0.629105 0.671128 0.433550 0.952557 0.643622 0.190611 0.789954 0.592941 0.679030
0.187827 0.722166 0.097705 0.582577 0.729523 0.469137 0.882728 0.716942 0.178198 0.694028 0.506824 0.782335
0.254210 0.765966 0.102373 0.686586 0.773185 0.436276 0.973485 0.677133 0.347350 0.710668 0.536987 0.768987
0.188409 0.698722 0.121265 0.570957 0.737288 0.288877 0.857655 0.642454 0.280664 0.780600 0.451427 0.760271
0.347582 0.745353 0.166172 0.537224 0.828105 0.491060 0.849967 0.619050 0.185915 0.671388 0.580112 0.677404
0.286646 0.686108 0.089858 0.619994 0.720631 0.376799 0.878657 0.693743 0.381231 0.742080 0.573749 0.644379
0.195664 0.779780 0.122851 0.583562 0.768816 0.313647 0.920020 0.647158 0.235062 0.661068 0.489981 0.661912
0.275437 0.800251 0.123811 0.675965 0.756051 0.405062 0.846031 0.636467 0.225796 0.773994 0.492719 0.718371
0.318643 0.699098 0.183045 0.545965 0.728641 0.562427 0.969044 0.557899 0.330051 0.702836 0.514011 0.707487
0.255487 0.777244 0.133925 0.617276 0.733266 0.364896 0.918357 0.651867 0.273342 0.755467 0.507134 0.680531
0.279605 0.774389 0.058017 0.712000 0.630707 0.394199 0.852604 0.677332 0.228734 0.776144 0.524322 0.784958
0.271025 0.727973 0.145688 0.581528 0.697428 0.357476 0.901393 0.616634 0.177358 0.820187 0.502002 0.694979
0.243485 0.782857 0.132989 0.576761 0.691581 0.421640 0.951479 0.635774 0.205855 0.805920 0.579526 0.704448
0.273422 0.654906 0.106288 0.644402 0.713134 0.403446 0.972970 0.624769 0.295763 0.625838 0.536224 0.879346
0.242739 0.699245 0.158906 0.591088 0.794336 0.452315 0.888008 0.693396 0.309951 0.681010 0.451588 0.700647
0.292251 0.743125 0.084819 0.595145 0.658823 0.511156 0.942388 0.722247 0.299682 0.677924 0.452047 0.633052
0.200310 0.679261 0.125335 0.583150 0.713943 0.334991 0.819041 0.647839 0.224407 0.712817 0.542946 0.733120
0.309294 0.746826 0.081779 0.641998 0.826143 0.504464 0.862630 0.638998 0.321495 0.739639 0.520652 0.746169
0.274773 0.713194 0.093320 0.623287 0.640509 0.452866 0.832015 0.604036 0.254356 0.728313 0.582041 0.713506
0.224856 0.621274 0.091239 0.569300 0.741930 0.363387 0.870505 0.622482 0.288368 0.737652 0.505544 0.707418
0.341389 0.732132 0.184405 0.613002 0.827140 0.430945 0.921682 0.629274 0.296231 0.774022 0.581833 0.708402
0.545090 0.513427 0.366073 0.965399 -0.002176 0.650927 0.612985 0.938104 0.759167 0.690362 0.693771 0.260432
0.437119 0.543781 0.306086 0.962573 -0.030488 0.730778 0.613122 0.989717 0.733648 0.637442 0.745583 0.298997
0.604299 0.523565 0.402872 1.099497 0.026815 0.659047 0.683555 0.999419 0.801905 0.698369 0.695477 0.326094
0.475925 0.556195 0.369229 0.991296 -0.091484 0.599926 0.679977 1.003555 0.790987 0.707835 0.683854 0.366971
0.563235 0.607312 0.356910 1.000839 0.005614 0.550493 0.538470 1.044423 0.768034 0.711234 0.746385 0.324600
0.558345 0.560818 0.216674 1.042921 0.004831 0.574039 0.609909 1.027771 0.650447 0.815160 0.654092 0.340970
0.536970 0.577631 0.322296 0.991815 0.040478 0.689640 0.596055 0.987077 0.709681 0.732655 0.588143 0.246777
0.515475 0.557903 0.282456 1.080938 0.046560 0.702857 0.646933 0.968531 0.758608 0.693729 0.742721 0.340747
0.496990 0.559645 0.274647 0.947108 0.034854 0.576364 0.672644 0.972216 0.809368 0.636387 0.683283 0.377466
0.554097 0.487538 0.405128 1.065604 0.037972 0.658311 0.643206 0.977025 0.667933 0.745627 0.712456 0.267385
0.594654 0.527384 0.331772 0.995598 0.071205 0.623564 0.523245 0.943200 0.811564 0.753091 0.740938 0.357235
0.539746 0.575157 0.342771 0.942530 -0.001860 0.668240 0.679468 0.975935 0.732854 0.728033 0.801062 0.377499
0.530773 0.529300 0.341538 0.993385 0.026422 0.557434 0.656157 0.931032 0.773987 0.697626 0.731300 0.339026
0.531977 0.627963 0.269473 1.057942 -0.005586 0.620130 0.624199 1.077191 0.811174 0.672949 0.609486 0.301218
0.529223 0.559307 0.265102 1.057331 0.018187 0.539928 0.639578 1.044292 0.741340 0.699884 0.737441 0.376084
0.531180 0.545637 0.362636 0.989917 0.079846 0.670048 0.563767 1.026045 0.821035 0.599801 0.751620 0.250544
0.587811 0.626920 0.303728 0.997048 0.021722 0.567821 0.621008 1.017886 0.765897 0.665900 0.737616 0.395342
0.564279 0.531640 0.328709 0.990535 0.027982 0.590452 0.629418 0.998323 0.803478 0.726934 0.637742 0.358442
0.496711 0.627963 0.387711 0.971227 0.077818 0.565328 0.577718 0.971069 0.802156 0.644013 0.801849 0.387844
0.508743 0.594257 0.365055 0.959822 0.048178 0.616631 0.667685 0.923078 0.711921 0.698548 0.621345 0.293153
0.586642 0.643169 0.351278 0.999697 0.032512 0.595039 0.590073 0.955894 0.740300 0.764948 0.704450 0.271570
0.487843 0.585403 0.242709 1.009226 -0.014275 0.673096 0.623279 1.040271 0.664376 0.658199 0.665764 0.418235
0.596793 0.537695 0.374622 1.036076 0.015269 0.638493 0.602383 0.947550 0.717783 0.752666 0.682802 0.277738
0.585144 0.633150 0.292353 1.013911 0.037359 0.631621 0.646702 0.930033 0.788513 0.723469 0.673546 0.337444
0.580552 0.489509 0.220811 0.963075 0.002974 0.623478 0.589279 1.082927 0.816367 0.697618 0.717415 0.299374
0.488946 0.560256 0.291797 0.921471 0.142586 0.673668 0.639432 0.978656 0.706432 0.719887 0.669144 0.275513
0.469283 0.565558 0.386527 0.966997 0.021671 0.614476 0.649191 1.034102 0.728869 0.704284 0.664234 0.473674
0.465142 0.505279 0.315389 0.957014 -0.024641 0.638379 0.648366 0.992408 0.690824 0.683727 0.678691 0.332372
0.552279 0.524322 0.250761 1.024443 0.085600 0.563408 0.633183 0.968352 0.756329 0.729091 0.799809 0.353718
0.529860 0.576877 0.322124 0.891320 0.077133 0.666657 0.580209 0.922066 0.756564 0.738062 0.724116 0.293901
0.498852 0.570953 0.317092 0.945578 0.039142 0.658890 0.656536 1.028927 0.815987 0.706398 0.664854 0.325760
0.537038 0.547438 0.369204 1.069252 0.049323 0.620518 0.581563 0.929036 0.739180 0.818144 0.781464 0.264470
0.614418 0.620522 0.310646 0.983325 0.000002 0.521935 0.605355 0.986666 0.727408 0.705101 0.627582 0.247799
0.525148 0.570338 0.288975 1.007818 -0.083549 0.646871 0.546971 0.940786 0.812617 0.746158 0.731137 0.386803
0.549322 0.615519 0.284718 1.032374 0.060728 0.618947 0.600347 0.995004 0.821094 0.731910 0.699188 0.308733
0.501046 0.555197 0.264479 0.912861 0.019631 0.627519 0.529642 0.956316 0.693448 0.651498 0.764316 0.279754
0.500469 0.521931 0.351769 1.018345 0.060043 0.688912 0.548654 0.965304 0.713141 0.732672 0.745421 0.358649
0.487743 0.577523 0.176542 1.084985 -0.048752 0.638105 0.647496 0.985504 0.772237 0.739922 0.697433 0.291922
0.518584 0.554316 0.250569 0.942039 0.037991 0.651017 0.550242 1.034112 0.705087 0.700075 0.617426 0.461009
0.545952 0.557381 0.347150 0.931364 0.008257 0.611778 0.640977 0.932516 0.885146 0.759487 0.680843 0.313631
0.473181 0.621838 0.330909 1.037003 0.041668 0.646501 0.609585 1.002395 0.802602 0.653345 0.743339 0.352372
0.412996 0.537512 0.348814 1.015310 0.047611 0.653309 0.629252 0.979038 0.725706 0.725519 0.655204 0.225313
0.564849 0.464786 0.342185 0.951535 0.039904 0.675310 0.644115 0.861026 0.787205 0.719319 0.698475 0.252611
0.421854 0.496102 0.294716 0.962949 -0.179259 0.515868 0.551467 0.974444 0.702741 0.667761 0.733897 0.468466
0.553474 0.529092 0.270482 1.064841 -0.030444 0.542244 0.614438 1.073517 0.757296 0.664430 0.721251 0.358338
0.487149 0.581399 0.316637 1.042751 0.041221 0.590474 0.586254 0.999153 0.780457 0.659867 0.769684 0.300081
0.544203 0.541499 0.362952 1.015375 0.098593 0.606724 0.652201 0.987566 0.758710 0.733701 0.769537 0.413708
0.523283 0.612235 0.342535 1.020018 0.062425 0.697715 0.630729 0.997763 0.753439 0.744971 0.728878 0.364014
0.579169 0.598194 0.398039 0.990512 0.077793 0.582169 0.647577 0.929471 0.765480 0.629254 0.788630 0.307409
0.525659 0.624053 0.260871 0.976721 0.009637 0.560579 0.680631 0.934050 0.786672 0.673959 0.669328 0.291260
0.591752 0.628275 0.329494 1.010206 -0.034908 0.522283 0.688983 1.045524 0.722214 0.674443 0.725649 0.233079
0.494961 0.526446 0.339215 1.027997 0.001386 0.584459 0.634908 0.888093 0.709208 0.684771 0.736785 0.251339
0.487420 0.621587 0.271863 1.009034 0.027362 0.721858 0.639938 0.951017 0.866917 0.657060 0.708300 0.345495
0.606386 0.638800 0.321568 0.917870 0.070235 0.537990 0.660819 0.978734 0.800862 0.696170 0.681280 0.264197
0.488322 0.525271 0.321031 0.976081 0.100048 0.605946 0.704388 1.045695 0.801962 0.709202 0.655796 0.326174
0.459940 0.586568 0.301005 1.069817 -0.013925 0.636691 0.700224 0.998236 0.806615 0.688966 0.711336 0.342292
0.649495 0.648290 0.330563 0.951540 0.028569 0.603661 0.619936 1.030894 0.734123 0.843554 0.683841 0.267854
0.562172 0.607249 0.428855 0.956776 0.024384 0.614267 0.564436 0.975472 0.753506 0.734243 0.693899 0.340045
0.516774 0.491457 0.356409 0.974943 -0.048039 0.663241 0.590369 1.013483 0.791036 0.718283 0.772016 0.330388
0.547440 0.484226 0.396765 0.995511 0.077304 0.636759 0.628558 1.063038 0.755212 0.720144 0.770361 0.365567
0.533526 0.529680 0.283410 1.044911 0.029397 0.631992 0.696390 1.013323 0.714585 0.779873 0.646621 0.323578
0.552333 0.502221 0.389327 0.954445 0.019497 0.639138 0.643567 0.920776 0.788728 0.641974 0.713253 0.321903
0.601376 0.480880 0.323268 1.019104 0.008706 0.613978 0.588194 1.030563 0.793235 0.714341 0.755165 0.353896
0.465178 0.579568 0.334779 0.918506 -0.024481 0.656492 0.650838 1.014198 0.742335 0.746591 0.716942 0.241395
0.523553 0.512649 0.323134 1.043512 -0.063058 0.590806 0.628417 0.987520 0.760980 0.776641 0.733398 0.351998
0.548774 0.595645 0.363565 1.020211 0.076316 0.701451 0.633316 0.949533 0.695587 0.736017 0.666977 0.391630
0.523403 0.544097 0.156200 1.046209 0.031284 0.592593 0.633080 0.984585 0.720486 0.736831 0.697001 0.350761
0.579034 0.508424 0.288107 0.996159 0.080185 0.548631 0.639164 0.912933 0.666011 0.698474 0.627074 0.300603
0.490712 0.584529 0.332047 1.042497 0.092154 0.655232 0.661074 1.037194 0.737999 0.659331 0.686905 0.318045
0.505145 0.562816 0.344261 1.031723 0.019899 0.572849 0.578805 0.916746 0.755134 0.668702 0.755155 0.186972
0.487852 0.549233 0.315646 0.964302 0.040140 0.704547 0.586387 0.990393 0.780273 0.676462 0.694508 0.293348
0.524204 0.535430 0.321855 1.104969 0.076375 0.584642 0.558429 0.943716 0.651077 0.715998 0.680073 0.297352
0.564331 0.632021 0.359712 0.952063 -0.034192 0.715570 0.601270 1.004147 0.764211 0.625369 0.679752 0.351710
0.576543 0.458006 0.243364 1.060130 0.066895 0.634511 0.557814 0.978421 0.886300 0.716800 0.744529 0.338223
0.599159 0.599144 0.282256 0.972316 -0.066287 0.594796 0.658521 0.907700 0.742674 0.712856 0.698235 0.290192
0.569212 0.624500 0.459084 0.960059 0.087285 0.626168 0.611799 0.946005 0.734612 0.704271 0.657779 0.348879
0.651406 0.530121 0.204372 1.104659 0.040048 0.617975 0.669129 0.954694 0.800765 0.680287 0.696389 0.325534
0.578684 0.516379 0.177204 0.861623 0.082900 0.568735 0.603763 1.006648 0.743346 0.683263 0.681322 0.369741
0.483392 0.498421 0.354019 0.992332 0.121132 0.576381 0.657022 0.932806 0.824792 0.800666 0.653112 0.284339
0.576560 0.500269 0.288988 0.986437 0.044623 0.655458 0.680669 0.959930 0.748099 0.737891 0.653803 0.297814
0.514893 0.544533 0.221611 0.990396 -0.036376 0.662038 0.672789 1.005451 0.818070 0.743026 0.719141 0.461378
0.541322 0.548978 0.327455 0.981847 0.115709 0.625369 0.633714 1.139595 0.692242 0.712041 0.727236 0.338362
0.578623 0.484308 0.227453 0.983055 0.023931 0.592414 0.593436 1.111664 0.658829 0.657188 0.737703 0.271316
0.508358 0.491434 0.311477 0.965223 0.126290 0.601770 0.639718 0.996368 0.855771 0.662445 0.671472 0.246973
0.528189 0.638387 0.306829 0.874047 0.024814 0.710445 0.629140 1.004827 0.749513 0.669521 0.735279 0.385922
0.513410 0.536380 0.343954 1.042988 -0.089543 0.610841 0.576459 1.044091 0.780713 0.697884 0.671798 0.298213
0.436063 0.532972 0.342385 0.986631 -0.002914 0.647967 0.618593 1.018220 0.789789 0.698134 0.634097 0.300062
0.562009 0.475022 0.328289 1.147040 0.000612 0.699346 0.677756 0.942485 0.820362 0.738266 0.776752 0.379992
0.571356 0.634989 0.383687 0.984939 0.023349 0.655135 0.641670 0.943531 0.697836 0.751441 0.726188 0.319949
0.532394 0.582090 0.229941 1.042245 0.040110 0.607197 0.629744 1.020783 0.840585 0.823468 0.780904 0.318615
0.556012 0.521096 0.317168 1.009958 -0.007642 0.625332 0.675375 0.969315 0.673326 0.710161 0.761018 0.358556
0.536458 0.554710 0.311962 0.903956 0.074562 0.642154 0.649023 1.060136 0.733695 0.645425 0.762500 0.352556
0.480153 0.630605 0.352285 1.035917 -0.009774 0.627168 0.697127 1.017372 0.750929 0.631106 0.741320 0.306646
0.543357 0.569821 0.370083 1.062871 0.010875 0.657092 0.609757 1.007596 0.760245 0.734509 0.723301 0.309624
0.485736 0.499526 0.349169 1.014631 -0.025041 0.661419 0.671518 1.022689 0.732787 0.730217 0.693296 0.307643
0.514454 0.515664 0.421515 1.095690 0.008786 0.618732 0.541862 0.988343 0.703633 0.695825 0.696003 0.387077
0.511581 0.525046 0.370076 0.957901 0.045201 0.598279 0.666001 0.923943 0.804245 0.755638 0.658648 0.370223
0.553640 0.614883 0.279266 1.032654 0.101011 0.690944 0.608756 0.954434 0.681083 0.717619 0.737599 0.334622
0.491589 0.543624 0.356926 0.982940 0.114892 0.691288 0.674472 0.921710 0.753925 0.709376 0.629209 0.390502
0.532623 0.557408 0.309705 0.983952 0.037202 0.713691 0.538035 0.943124 0.643937 0.749360 0.647421 0.289695
0.584931 0.558476 0.295329 1.058327 -0.035230 0.557466 0.689997 0.982714 0.794405 0.735840 0.700690 0.296314
0.506455 0.611002 0.296146 0.912360 0.093494 0.680755 0.709502 0.902835 0.728562 0.741691 0.687671 0.370371
0.550904 0.615095 0.296216 1.019760 0.045040 0.753761 0.590457 1.018811 0.631990 0.697803 0.737053 0.331831
0.513539 0.612683 0.250679 0.975248 0.093478 0.663423 0.586433 0.998671 0.811597 0.702112 0.736696 0.226640
0.601238 0.573278 0.315121 1.004401 0.060897 0.585134 0.735283 0.956327 0.725412 0.745699 0.739718 0.316646
0.458076 0.461440 0.311215 0.993653 0.072189 0.714295 0.655899 0.992837 0.823489 0.566096 0.701278 0.264528
0.402640 0.657582 0.365520 1.009796 0.144682 0.557441 0.517475 0.887777 0.747622 0.699043 0.683687 0.358457
0.641672 0.614803 0.409185 1.008106 0.056621 0.651576 0.613281 1.015911 0.721090 0.638087 0.740596 0.397118
0.531549 0.537383 0.301796 0.967179 0.003775 0.599353 0.677877 0.984270 0.819077 0.749833 0.711616 0.341650
0.594023 0.568325 0.312435 0.963867 0.003247 0.604478 0.679654 0.898653 0.711390 0.689471 0.724651 0.302886
0.631115 0.601210 0.292559 0.932489 0.116754 0.593857 0.642238 1.017976 0.679441 0.759083 0.630067 0.295990
0.547309 0.531117 0.281186 0.965160 0.023653 0.569886 0.599976 0.869411 0.777102 0.737792 0.739688 0.230070
0.583962 0.501328 0.376717 1.000511 -0.005537 0.699737 0.614078 1.080984 0.801630 0.676365 0.640425 0.326669
0.559992 0.534731 0.280475 1.010379 0.024058 0.599825 0.722231 0.959264 0.789777 0.640965 0.713378 0.377257
0.546788 0.533504 0.300444 1.036543 0.018165 0.601329 0.693202 0.902409 0.812748 0.650425 0.711502 0.406701
0.471999 0.479349 0.309725 1.054350 -0.011785 0.639472 0.650265 0.946438 0.761020 0.647891 0.711655 0.312584
0.599805 0.522979 0.345041 0.999862 -0.045545 0.592539 0.691441 0.958488 0.808136 0.790157 0.703454 0.217480
0.570694 0.585270 0.329188 1.040973 0.057990 0.613410 0.597172 0.887451 0.701603 0.668995 0.764137 0.342331
0.543293 0.605284 0.363520 1.003766 -0.002332 0.535457 0.667055 1.021555 0.739389 0.656364 0.759761 0.335470
0.604400 0.476459 0.271279 1.034289 0.073182 0.613654 0.622753 1.021533 0.726702 0.674114 0.766009 0.287148
0.503028 0.587058 0.287841 0.936697 0.066061 0.677135 0.737290 1.070770 0.761912 0.735519 0.723783 0.290443
0.638372 0.518149 0.334500 0.999891 0.044576 0.636527 0.582254 0.986905 0.768698 0.773188 0.667769 0.276710
0.496962 0.568571 0.312403 0.941920 0.035332 0.556632 0.684189 0.966669 0.852015 0.683117 0.674526 0.363544
0.599003 0.559345 0.387382 1.043239 0.016542 0.584919 0.641329 0.947773 0.634874 0.750224 0.664016 0.273188
0.584965 0.672109 0.344439 0.974746 -0.036111 0.604927 0.600813 1.005761 0.683753 0.700784 0.713807 0.420625
0.573727 0.569888 0.273421 1.048355 0.072709 0.642928 0.576580 0.909448 0.772786 0.734446 0.747952 0.284248
0.544408 0.574612 0.345626 1.044912 0.027040 0.658609 0.636484 0.975844 0.798305 0.764523 0.851833 0.306866
0.572776 0.477423 0.318936 1.040466 0.061589 0.582350 0.676186 0.894889 0.767746 0.731042 0.659845 0.344207
0.502444 0.648273 0.374734 0.936126 -0.042300 0.690528 0.665284 0.974072 0.670139 0.678797 0.652751 0.365447
0.528822 0.511754 0.322794 0.945770 0.095627 0.684660 0.664962 1.005257 0.780312 0.714370 0.785956 0.387725
0.685175 0.523245 0.357257 0.960027 0.030411 0.605359 0.579634 0.993421 0.791546 0.627767 0.782916 0.346522
0.568510 0.493051 0.335098 0.960429 0.098747 0.568220 0.715625 0.936578 0.757776 0.711358 0.772488 0.379933
0.522002 0.605743 0.382037 0.962592 0.009735 0.615649 0.667033 0.971483 0.782441 0.674798 0.769728 0.355417
0.524135 0.594900 0.342705 1.047298 0.068647 0.656053 0.622793 0.905934 0.700002 0.738262 0.713838 0.286464
0.493579 0.561290 0.299721 0.943798 0.032442 0.655210 0.666098 0.943418 0.773013 0.756439 0.667876 0.320639
0.600923 0.567212 0.376293 0.976517 0.024883 0.664930 0.685869 1.018399 0.800254 0.669996 0.755109 0.278724
0.537682 0.567046 0.403440 0.931390 -0.007626 0.722943 0.720614 0.963908 0.757554 0.765785 0.700865 0.326889
0.566449 0.547349 0.266898 1.073426 -0.010683 0.633571 0.613033 0.986320 0.813880 0.736251 0.634501 0.244112
0.536261 0.584512 0.272192 0.964643 0.070018 0.584552 0.648722 1.032105 0.777893 0.768594 0.687197 0.339983
0.620149 0.554746 0.337333 1.056719 0.061216 0.685185 0.716849 1.021452 0.759743 0.662373 0.683359 0.301314
0.500460 0.539636 0.239169 0.971069 -0.005355 0.643935 0.573697 1.069876 0.711814 0.783358 0.683280 0.360569
0.554170 0.555117 0.303737 0.991595 0.128349 0.657022 0.659589 0.928894 0.736915 0.766171 0.734144 0.368793
0.542545 0.603169 0.302142 0.999498 0.111460 0.600935 0.657176 0.944857 0.687251 0.750243 0.652482 0.336832
0.520724 0.542644 0.305355 0.905208 -0.027688 0.622859 0.642237 0.942250 0.708144 0.695509 0.605825 0.363836
0.563941 0.630867 0.263894 1.036826 0.108037 0.718579 0.652228 1.097427 0.835166 0.618585 0.655961 0.349413
0.539665 0.611015 0.304919 1.083443 0.022961 0.674388 0.733151 0.901157 0.687164 0.708962 0.628111 0.348471
0.576540 0.589754 0.308007 0.999444 0.017450 0.721994 0.562295 1.019465 0.766445 0.815905 0.619033 0.325528
0.535460 0.581785 0.242026 1.019707 -0.000501 0.567154 0.687354 0.984929 0.780884 0.684311 0.629238 0.405957
0.579676 0.578013 0.368604 1.017991 -0.017555 0.677164 0.578563 1.041377 0.734369 0.693633 0.745336 0.434291
0.507046 0.509212 0.396009 0.975011 0.022701 0.606746 0.670153 0.987101 0.869322 0.744787 0.776078 0.359360
0.585115 0.508577 0.328795 0.910842 0.050454 0.603978 0.575212 1.002453 0.707066 0.682198 0.697580 0.392127
0.520838 0.639473 0.422474 0.954158 0.152331 0.573263 0.596047 0.880929 0.711861 0.688767 0.625789 0.287552
0.477087 0.553083 0.259590 1.032910 0.031410 0.568703 0.695039 1.020542 0.798380 0.717899 0.730863 0.380916
0.514993 0.557873 0.333609 1.074530 -0.034992 0.749342 0.533497 1.027587 0.763592 0.646850 0.653591 0.420111
0.549411 0.583750 0.310590 1.024123 0.000655 0.660074 0.582356 0.970729 0.782511 0.754342 0.722160 0.300434
0.533480 0.566144 0.315121 1.028293 -0.019474 0.706141 0.570202 0.918146 0.745705 0.709276 0.689942 0.382451
0.589301 0.572355 0.328537 0.958563 -0.086870 0.617163 0.654316 0.954086 0.752034 0.727728 0.701563 0.274781
0.593181 0.514513 0.297192 1.020795 0.042356 0.628856 0.670362 0.993839 0.770868 0.689697 0.710854 0.194060
0.614459 0.532477 0.345426 0.965725 0.028610 0.594858 0.641098 1.036003 0.731973 0.739764 0.664116 0.298843
0.555078 0.518905 0.305386 1.011337 0.081839 0.629337 0.646717 1.080593 0.821712 0.643857 0.756152 0.271935
0.529767 0.605429 0.352714 1.027676 -0.020858 0.634018 0.697034 0.951492 0.763601 0.817651 0.776405 0.311423
0.565858 0.545093 0.348196 0.949162 0.134665 0.629728 0.585610 0.987510 0.753987 0.670457 0.697973 0.295268
0.522847 0.547300 0.312525 0.951329 0.035677 0.620557 0.662507 0.932646 0.762237 0.712259 0.710723 0.348684
0.517603 0.572613 0.384472 1.046919 -0.026332 0.647664 0.705431 0.916025 0.830815 0.725652 0.631629 0.220800
0.500744 0.524758 0.276667 1.110612 0.009154 0.551450 0.642549 0.919039 0.821492 0.739767 0.712938 0.284365
0.553578 0.592302 0.305863 0.979432 0.034486 0.647017 0.637648 0.860730 0.731963 0.756598 0.681226 0.259591
0.545357 0.608553 0.358742 0.991035 0.033401 0.561355 0.570478 0.898085 0.708997 0.692100 0.706603 0.250904
0.312462 0.743234 0.097725 0.509334 0.702904 0.497835 0.915017 0.612438 0.241292 0.719219 0.487013 0.795322
0.289483 0.762636 0.135346 0.617501 0.699394 0.389352 0.811845 0.619051 0.328045 0.828519 0.615060 0.685414
0.322598 0.727613 0.078347 0.681430 0.738107 0.365033 0.979860 0.573405 0.276158 0.665071 0.416393 0.697905
0.356322 0.834713 0.093020 0.706455 0.769582 0.483372 0.897651 0.587095 0.290607 0.739446 0.543888 0.679217
0.272288 0.663332 0.198731 0.562669 0.697464 0.327285 0.894999 0.562356 0.238771 0.769525 0.572436 0.615693
0.318153 0.732350 0.018789 0.557477 0.752933 0.413216 0.867115 0.642409 0.233907 0.690782 0.531669 0.718582
0.219376 0.797397 0.081244 0.591558 0.712168 0.383289 0.926393 0.669695 0.374304 0.697650 0.476009 0.745961
0.186646 0.820641 0.167626 0.565028 0.793957 0.464286 0.880724 0.619449 0.272103 0.817127 0.452931 0.739011
0.188937 0.655328 0.155634 0.598867 0.702350 0.358786 0.936112 0.696276 0.267078 0.864491 0.517937 0.725123
0.265366 0.836185 0.096193 0.694897 0.741414 0.491293 0.815647 0.699944 0.299794 0.752546 0.499245 0.705137
0.266585 0.729463 0.139521 0.577612 0.765038 0.479126 0.946699 0.579195 0.215252 0.729771 0.471192 0.762146
0.277406 0.741265 0.161755 0.630415 0.711925 0.468286 0.862034 0.677056 0.326527 0.696397 0.415366 0.781072
0.278251 0.733513 0.094749 0.617663 0.757857 0.399188 0.956574 0.585016 0.243875 0.722513 0.564545 0.761442
0.288512 0.624064 0.075105 0.636411 0.789238 0.417307 0.863541 0.652835 0.236549 0.790876 0.541995 0.729483
0.297522 0.766829 0.099714 0.624210 0.765910 0.423219 0.870748 0.668338 0.216750 0.750031 0.532361 0.716560
0.272696 0.867936 0.133086 0.757237 0.680182 0.404267 0.931598 0.587446 0.253800 0.657819 0.575856 0.658111
0.253209 0.649290 0.193175 0.682813 0.760367 0.421603 0.901033 0.627659 0.360858 0.709016 0.427269 0.676400
0.280296 0.723043 0.146317 0.705617 0.744104 0.512599 0.914624 0.663550 0.251646 0.747670 0.531217 0.653451
0.299283 0.768861 0.070597 0.587362 0.696043 0.451663 0.993060 0.705429 0.252291 0.732478 0.477267 0.768667
0.242770 0.751123 0.152095 0.687532 0.685805 0.492676 0.832452 0.672266 0.244899 0.753534 0.536778 0.738117
0.293277 0.744279 0.073442 0.594889 0.715461 0.482043 0.895795 0.649378 0.273567 0.763775 0.591354 0.710939
0.339382 0.745880 0.124926 0.594283 0.700820 0.446295 0.903802 0.627112 0.192403 0.622395 0.653356 0.692126
0.262200 0.724948 0.098888 0.644819 0.649823 0.498723 0.827498 0.527234 0.221048 0.748271 0.555858 0.756844
0.242937 0.771770 0.123015 0.509542 0.740045 0.437135 0.904840 0.586041 0.267447 0.737438 0.541192 0.753405
0.329388 0.592460 0.137997 0.605487 0.738928 0.417236 0.838843 0.642920 0.282522 0.807059 0.534571 0.747901
0.230598 0.664082 0.240875 0.649892 0.696365 0.419734 0.855230 0.599274 0.308407 0.691729 0.467419 0.765017
0.267911 0.790996 0.036715 0.527086 0.607049 0.426870 0.983560 0.584828 0.264917 0.685130 0.461051 0.837332
0.320111 0.668499 0.082772 0.625454 0.765351 0.375861 0.923689 0.685673 0.279528 0.743571 0.535937 0.781040
0.162406 0.735400 0.043489 0.684802 0.684462 0.388711 0.880935 0.642762 0.204075 0.733066 0.545322 0.669338
0.246132 0.740094 0.007491 0.616934 0.706245 0.407899 0.851494 0.632562 0.257360 0.751538 0.545032 0.775081
0.283815 0.692913 0.132005 0.573906 0.693185 0.486811 0.837514 0.682186 0.295514 0.783137 0.481899 0.768482
0.289070 0.868072 0.077772 0.585397 0.800370 0.457563 0.887290 0.659602 0.187358 0.748832 0.547444 0.693131
0.296207 0.771608 0.186187 0.637454 0.808560 0.386240 0.916834 0.707126 0.260870 0.731586 0.543423 0.717776
0.245895 0.664655 0.126199 0.566773 0.716797 0.472805 0.844734 0.693033 0.239610 0.737646 0.509941 0.700817
0.283335 0.665230 0.086045 0.590125 0.789133 0.466428 0.902346 0.598061 0.249455 0.712552 0.471955 0.746599
0.324071 0.692024 0.056338 0.583671 0.721155 0.325412 0.874358 0.705832 0.210267 0.728075 0.532820 0.779893
0.190507 0.699205 0.150425 0.612616 0.721211 0.407632 0.879921 0.731251 0.307117 0.709068 0.534606 0.772124
0.224064 0.736440 0.092961 0.658376 0.693687 0.337515 0.949274 0.682356 0.297399 0.764489 0.557392 0.704665
0.222285 0.766989 0.052311 0.605683 0.685670 0.476280 0.898067 0.621674 0.236456 0.756677 0.526586 0.727709
0.298652 0.695929 0.063214 0.633003 0.705781 0.402960 0.932938 0.606092 0.197487 0.746778 0.549104 0.721067
0.319365 0.679129 0.179966 0.683517 0.714668 0.345564 0.908976 0.749553 0.176078 0.733656 0.496648 0.697150
0.243298 0.761859 0.151849 0.645031 0.765743 0.370701 0.941663 0.664180 0.288039 0.760799 0.594711 0.826560
0.252850 0.752479 0.054636 0.637208 0.754905 0.439546 0.893180 0.586683 0.243618 0.703999 0.481158 0.763546
0.249852 0.852230 0.140498 0.492433 0.719182 0.400328 0.838629 0.666734 0.186636 0.685899 0.501902 0.702871
0.229977 0.638184 0.137576 0.665654 0.711507 0.465568 0.942235 0.702315 0.247826 0.651864 0.478637 0.697608
0.294801 0.758859 0.113330 0.521850 0.750000 0.330068 0.906830 0.599382 0.207564 0.721432 0.429649 0.770382
0.273501 0.676832 0.103486 0.706631 0.810256 0.418018 0.875776 0.643849 0.207319 0.671511 0.451775 0.719254
0.170218 0.737316 0.077183 0.601515 0.689747 0.531126 0.853932 0.616726 0.313374 0.761285 0.524279 0.770230
0.206476 0.625356 0.134661 0.594890 0.733852 0.407243 0.907868 0.699099 0.233015 0.745332 0.490606 0.693877
0.222983 0.745063 0.113506 0.604364 0.771592 0.410309 0.973704 0.534341 0.206751 0.652684 0.561824 0.731119
0.263224 0.784968 0.112050 0.546779 0.741207 0.460467 0.851834 0.654311 0.209086 0.665702 0.420798 0.811363
0.217293 0.718654 0.040966 0.684940 0.672041 0.435742 0.930417 0.602261 0.263836 0.789102 0.473883 0.718360
0.277612 0.719656 0.122816 0.569798 0.745066 0.416472 0.925811 0.609057 0.243039 0.707710 0.450460 0.598357
0.353933 0.790789 0.081552 0.661905 0.720200 0.449475 0.888682 0.676436 0.166208 0.785921 0.509512 0.745112
0.152538 0.658575 0.055363 0.658596 0.717893 0.363659 0.895793 0.755641 0.257485 0.677633 0.503974 0.668219
0.350721 0.762297 0.139316 0.593969 0.688689 0.499310 0.868293 0.555203 0.175212 0.724363 0.526927 0.747536
0.252594 0.679123 0.146816 0.573779 0.708559 0.360942 0.816202 0.669744 0.246581 0.751957 0.546552 0.779572
0.325679 0.822814 0.015735 0.630235 0.775331 0.332282 0.926233 0.678490 0.293628 0.735922 0.473966 0.720625
0.241728 0.729590 0.146458 0.566129 0.629620 0.503880 0.850196 0.617626 0.269075 0.845455 0.591033 0.743224
0.293578 0.709752 0.067504 0.544034 0.686551 0.410466 0.868912 0.570509 0.259567 0.614960 0.485939 0.769800
0.295271 0.703063 0.121148 0.577035 0.692956 0.402178 0.916595 0.664846 0.304142 0.759672 0.540169 0.713532
0.208479 0.716388 0.169721 0.655359 0.726010 0.450871 0.835647 0.653833 0.237811 0.734580 0.474858 0.778774
0.222261 0.679913 0.177116 0.544842 0.757234 0.457729 0.798357 0.657767 0.246780 0.781488 0.539385 0.773926
0.267739 0.715608 0.094046 0.681306 0.733675 0.339677 0.838213 0.616049 0.209525 0.763435 0.498089 0.711802
0.243719 0.761748 0.066900 0.570087 0.724580 0.328707 0.867817 0.633130 0.264490 0.749859 0.457816 0.778311
0.213038 0.713109 0.118359 0.534501 0.663280 0.378228 0.844471 0.760374 0.172617 0.750783 0.515675 0.760836
0.287068 0.718375 0.144001 0.544530 0.827435 0.424120 0.902604 0.617522 0.220897 0.721401 0.531916 0.718913
0.256917 0.792594 0.172296 0.604247 0.717554 0.399623 0.845425 0.645787 0.239642 0.734896 0.544333 0.676535
0.255931 0.724532 0.033176 0.588498 0.701630 0.445767 0.949800 0.614896 0.267839 0.682140 0.470972 0.713910
0.257033 0.775514 0.186791 0.540829 0.692057 0.408277 0.799552 0.660652 0.245359 0.743971 0.435947 0.623535
0.271654 0.683342 0.093425 0.522597 0.836200 0.548245 0.778781 0.676702 0.238018 0.717793 0.585562 0.732876
0.385272 0.695257 0.097385 0.684225 0.768794 0.458559 0.797700 0.595194 0.216076 0.700992 0.502057 0.820537
0.163702 0.764480 0.202144 0.542576 0.769605 0.431933 0.887247 0.649348 0.189342 0.753642 0.542292 0.804430
0.250463 0.826606 0.089177 0.523698 0.788158 0.464942 0.883913 0.746883 0.237178 0.745118 0.570259 0.749150
0.116159 0.720810 0.108880 0.577001 0.724334 0.427103 0.883234 0.504961 0.220528 0.734695 0.499214 0.674017
0.298956 0.712192 0.033797 0.626763 0.721441 0.469952 0.911692 0.625672 0.339334 0.755327 0.550720 0.760189
0.196058 0.764016 0.167910 0.660019 0.780174 0.431459 0.840089 0.617395 0.251980 0.787618 0.551779 0.712955
0.287611 0.707673 0.152753 0.629090 0.801196 0.416226 0.866715 0.676879 0.112155 0.704370 0.584540 0.772345
0.194195 0.708402 -0.000733 0.629697 0.713530 0.463688 0.869476 0.608765 0.288653 0.664746 0.542822 0.741485
0.232278 0.698031 0.207218 0.571161 0.686371 0.401214 0.939981 0.633776 0.312659 0.730700 0.477263 0.796449
0.215831 0.743696 0.065759 0.629488 0.749319 0.309507 0.979816 0.666503 0.258851 0.656373 0.500567 0.724084
0.339130 0.716702 0.061787 0.625714 0.608095 0.370336 0.892999 0.725588 0.240848 0.740735 0.528698 0.728733
0.255616 0.752925 0.062103 0.674149 0.700061 0.455945 0.817645 0.569733 0.284123 0.721315 0.437077 0.710485
0.349881 0.667722 0.026648 0.648511 0.681037 0.376271 0.858267 0.635589 0.263282 0.711186 0.571823 0.789787
0.268830 0.764947 0.174337 0.598411 0.757541 0.347643 0.853087 0.648288 0.309609 0.730566 0.526594 0.726759
0.219764 0.761425 0.167560 0.552123 0.763728 0.410000 0.878396 0.731130 0.219627 0.790597 0.559391 0.718855
0.193137 0.784738 0.066346 0.615332 0.689697 0.418736 0.874452 0.675605 0.213802 0.762079 0.527976 0.705153
0.295127 0.815942 0.068138 0.708467 0.682707 0.397439 0.929763 0.704243 0.253585 0.769162 0.566320 0.768374
0.212606 0.673503 0.113627 0.525115 0.774932 0.432167 0.893073 0.652178 0.280748 0.730225 0.508015 0.806378
0.278269 0.795917 0.060853 0.662326 0.731915 0.392895 0.966015 0.677761 0.253021 0.709685 0.543490 0.735087
0.223528 0.706453 0.218782 0.630479 0.734564 0.498599 0.940855 0.694738 0.213565 0.731600 0.484465 0.755417
0.286992 0.752748 0.135513 0.676028 0.643741 0.428818 0.868454 0.669034 0.244745 0.660418 0.536382 0.785292
0.278348 0.807919 0.174836 0.667433 0.818915 0.388959 0.891302 0.625054 0.183379 0.664952 0.467938 0.790514
0.275711 0.638618 0.074508 0.637192 0.748321 0.409454 0.886027 0.660709 0.260389 0.758947 0.547926 0.726975
0.291997 0.762073 0.132693 0.649648 0.694614 0.405469 0.902691 0.653223 0.283008 0.758191 0.489783 0.770220
0.281565 0.656308 0.200430 0.552900 0.707459 0.408616 0.827410 0.716334 0.222566 0.711583 0.572529 0.683826
0.276017 0.590044 0.096834 0.605864 0.748165 0.452840 0.948579 0.589434 0.279199 0.665216 0.561053 0.692549
0.236635 0.637896 0.007445 0.615080 0.708097 0.480290 0.911425 0.615609 0.161713 0.749029 0.482844 0.723069
0.295375 0.784085 0.125252 0.579386 0.805715 0.382418 0.886876 0.663955 0.194795 0.813081 0.528789 0.690140
0.260156 0.696774 0.110655 0.613259 0.783873 0.488186 0.857535 0.664363 0.267415 0.714149 0.577314 0.757183
0.236970 0.726557 0.065577 0.601553 0.690971 0.434061 0.915591 0.699481 0.172571 0.791792 0.479636 0.695240
0.178140 0.637330 0.068775 0.688988 0.725695 0.457819 0.839397 0.668439 0.281433 0.757586 0.612100 0.757406
0.202590 0.646534 0.068619 0.674986 0.685318 0.407696 0.813631 0.584209 0.141259 0.754049 0.554340 0.875785
0.252227 0.693884 0.126084 0.612313 0.728408 0.455583 0.897571 0.722312 0.187227 0.793868 0.476210 0.757233
0.313172 0.695894 0.208530 0.523809 0.717395 0.460651 0.864284 0.706623 0.207093 0.778269 0.456063 0.748063
0.243148 0.673926 0.065056 0.649185 0.687483 0.461912 0.946779 0.562057 0.221321 0.755307 0.372387 0.785554
0.236593 0.732085 0.137150 0.592440 0.732780 0.490293 0.890710 0.570164 0.245401 0.704118 0.429586 0.769719
0.204119 0.690294 0.134328 0.641800 0.723137 0.412966 0.863360 0.678417 0.373597 0.711284 0.546108 0.805649
0.278292 0.822461 0.142286 0.592222 0.698367 0.380060 0.828702 0.608183 0.286195 0.683257 0.482661 0.627050
0.225174 0.654096 0.168381 0.557352 0.707993 0.349102 0.886519 0.572130 0.233404 0.720889 0.513835 0.801768
0.269126 0.719363 0.086824 0.620055 0.764430 0.376362 0.859562 0.724409 0.338803 0.702062 0.543655 0.722670
0.204496 0.798465 0.153931 0.621448 0.737723 0.384840 0.879790 0.597740 0.193084 0.700860 0.532631 0.695780
0.373567 0.782565 0.130134 0.552259 0.779502 0.426164 0.919458 0.658774 0.262208 0.720233 0.511694 0.685358
0.284391 0.812914 0.172298 0.594562 0.717508 0.416307 0.861639 0.671306 0.158118 0.732821 0.530145 0.774282
0.203755 0.779517 0.056161 0.576715 0.727179 0.386337 0.844828 0.676119 0.315662 0.670217 0.561696 0.841717
0.162096 0.800709 0.183162 0.577684 0.784265 0.408196 0.918244 0.561211 0.252157 0.808355 0.541655 0.699836
0.262831 0.769628 0.136814 0.583700 0.736681 0.401304 0.945786 0.602036 0.268454 0.656566 0.457567 0.815776
0.219956 0.713966 0.116374 0.655917 0.676151 0.360208 0.885663 0.590579 0.175504 0.722880 0.565689 0.759438
0.301204 0.736158 0.097272 0.634170 0.742104 0.436448 0.873175 0.683828 0.247195 0.722218 0.573760 0.735814
0.330757 0.832842 0.053548 0.623623 0.732396 0.341066 0.846486 0.595382 0.296456 0.711869 0.544065 0.722790
0.218284 0.688427 0.143536 0.581047 0.836118 0.481348 0.895039 0.686499 0.299093 0.750534 0.591512 0.723407
0.310796 0.761435 0.079064 0.615016 0.781508 0.457225 0.962417 0.681955 0.329116 0.601274 0.515421 0.720306
0.323781 0.726930 0.081473 0.587188 0.650392 0.421606 0.817992 0.664328 0.269890 0.727917 0.648593 0.800088
0.246924 0.817867 0.077847 0.501565 0.782516 0.495991 0.846541 0.671756 0.284068 0.624681 0.529757 0.685180
0.358638 0.762863 0.183022 0.583651 0.697905 0.413095 0.916007 0.729252 0.297018 0.720484 0.567098 0.785665
0.205485 0.755781 0.120321 0.610756 0.687014 0.269262 0.881818 0.664894 0.295953 0.705866 0.640705 0.719211
0.256489 0.691101 0.066228 0.526947 0.738312 0.322886 0.871487 0.633741 0.189495 0.824605 0.479526 0.684406
0.216445 0.801427 0.142347 0.613251 0.735455 0.417552 0.835000 0.727657 0.235075 0.693080 0.481505 0.798546
0.256053 0.778322 0.139288 0.640054 0.704154 0.454992 0.842608 0.679043 0.214323 0.749002 0.501906 0.728298
0.242247 0.712618 0.162658 0.645216 0.751340 0.420468 0.928759 0.693722 0.240197 0.706398 0.492697 0.691549
0.209895 0.663012 0.092739 0.578393 0.714899 0.409536 0.869420 0.633661 0.307298 0.682174 0.499568 0.743674
0.300064 0.665607 0.105748 0.582308 0.756314 0.431469 0.814086 0.603590 0.271680 0.738576 0.448725 0.808703
0.241652 0.650672 0.095432 0.675816 0.689496 0.451644 0.783696 0.700199 0.214990 0.676585 0.503004 0.639281
0.203140 0.660858 0.099501 0.556763 0.682338 0.511231 0.879361 0.614933 0.329962 0.667263 0.444698 0.820838
0.284143 0.714519 0.087835 0.518154 0.655032 0.374037 0.862128 0.773057 0.155405 0.680349 0.524841 0.723964
0.257981 0.722597 0.076726 0.613401 0.727234 0.390258 0.912821 0.593442 0.347732 0.799033 0.421867 0.903517
0.238466 0.706529 0.055067 0.588129 0.790104 0.336995 0.957694 0.633427 0.282297 0.748918 0.412244 0.720360
0.239800 0.749726 0.093722 0.598198 0.690478 0.542318 0.836487 0.554536 0.238762 0.699390 0.534235 0.752027
0.213665 0.823057 0.003140 0.596253 0.723478 0.333963 0.904599 0.639468 0.281300 0.684388 0.523053 0.733975
0.231357 0.757436 0.086174 0.618188 0.752522 0.362083 0.827767 0.573358 0.173176 0.729084 0.548605 0.812712
0.248283 0.743909 0.083257 0.578396 0.724572 0.389304 0.908229 0.675389 0.323282 0.670474 0.548586 0.764326
0.367153 0.730636 0.151948 0.603150 0.637452 0.465460 0.799261 0.704544 0.177236 0.647700 0.515274 0.814537
0.308451 0.663991 0.165804 0.645156 0.698352 0.370225 0.905374 0.794044 0.237279 0.709174 0.524628 0.701633
0.291670 0.789085 0.029531 0.580419 0.671878 0.465392 0.923244 0.625242 0.357169 0.796241 0.542370 0.716627
0.271681 0.729131 0.081350 0.605886 0.714311 0.479715 0.935837 0.581496 0.230937 0.737979 0.452190 0.738277
0.297787 0.803029 0.150922 0.586048 0.768334 0.386360 0.884858 0.764318 0.262130 0.729287 0.425320 0.790035
0.252514 0.658991 0.069143 0.523040 0.671277 0.315811 0.974992 0.555077 0.275319 0.842499 0.517792 0.707356
0.255848 0.766833 0.057811 0.654414 0.712403 0.416812 0.904118 0.652818 0.271895 0.783071 0.441092 0.759757
0.255432 0.696669 0.100921 0.582271 0.701911 0.443847 0.936223 0.633019 0.315635 0.700883 0.626996 0.776429
0.248600 0.687837 0.077197 0.588590 0.674263 0.473706 0.926146 0.649474 0.247121 0.658500 0.591049 0.825461
0.231593 0.722124 0.140925 0.565155 0.663453 0.440855 0.925396 0.665111 0.283193 0.754746 0.434338 0.734149
0.305781 0.618467 0.104696 0.491527 0.739619 0.429927 0.917052 0.640722 0.247624 0.635901 0.529316 0.712757
0.306489 0.678408 0.104888 0.524329 0.790751 0.434791 0.935931 0.678244 0.230700 0.745993 0.442097 0.656097
0.269211 0.705080 0.137112 0.575004 0.722521 0.397028 0.916857 0.547175 0.233555 0.677422 0.542834 0.695357
0.204608 0.700748 0.131734 0.624956 0.729345 0.392562 0.901195 0.679995 0.267420 0.741523 0.560954 0.721527
0.257573 0.760503 0.229676 0.595909 0.688937 0.486940 0.857720 0.660121 0.176749 0.786536 0.534602 0.709833
0.206364 0.723050 0.120874 0.526567 0.705992 0.482328 0.930050 0.728036 0.308581 0.730274 0.531716 0.793605
0.289891 0.702083 0.109823 0.598884 0.694728 0.430023 0.930585 0.658073 0.216533 0.764830 0.551785 0.748469
0.393673 0.726341 0.109609 0.610042 0.706476 0.480871 0.886551 0.684660 0.300902 0.751479 0.478369 0.700315
0.235229 0.749914 0.114348 0.607255 0.737962 0.539420 0.854454 0.644140 0.163276 0.829164 0.376605 0.765577
0.289890 0.715352 0.149363 0.564476 0.734881 0.353690 0.856680 0.625366 0.219225 0.780203 0.486586 0.708482
0.284821 0.715807 0.042020 0.572543 0.766817 0.364281 0.876385 0.625571 0.122992 0.709996 0.531423 0.708537
0.255292 0.721713 -0.052392 0.546413 0.672002 0.472740 0.868384 0.644447 0.296728 0.717515 0.555433 0.743024
0.197242 0.656825 0.130597 0.552394 0.813795 0.365989 0.997295 0.681477 0.283813 0.707024 0.479193 0.774044
0.236145 0.718501 0.132954 0.626243 0.781305 0.382939 0.895519 0.651147 0.328684 0.760870 0.456253 0.794845
0.197025 0.744449 0.094035 0.562577 0.831080 0.489842 0.845166 0.554010 0.287145 0.681034 0.502131 0.738377
0.245784 0.832594 0.037262 0.614787 0.700624 0.468039 0.926043 0.717204 0.243632 0.698385 0.557611 0.662998
0.231261 0.671995 0.092578 0.675089 0.686639 0.470095 0.905745 0.639277 0.248955 0.695961 0.433190 0.730396
0.232793 0.711908 0.097845 0.571798 0.701764 0.371039 0.806369 0.654057 0.245427 0.660272 0.481313 0.719931
0.287849 0.735433 0.147063 0.615236 0.763603 0.490588 0.906415 0.613767 0.255864 0.724969 0.517293 0.716865
0.356619 0.659820 0.110398 0.626762 0.736062 0.433485 0.832700 0.675197 0.272695 0.699320 0.505008 0.644156
0.212767 0.709188 0.081124 0.599746 0.780561 0.416902 0.842948 0.575858 0.293883 0.773242 0.523615 0.706850
0.173017 0.675631 0.068009 0.707834 0.729037 0.422507 0.858419 0.678715 0.217380 0.663698 0.574107 0.737582
0.261365 0.687161 0.113466 0.658743 0.731796 0.443082 0.875396 0.649536 0.218168 0.721807 0.480697 0.635119
0.183702 0.680192 0.103901 0.653869 0.732482 0.398535 0.888963 0.587138 0.227416 0.745767 0.508109 0.627166
0.239138 0.668961 0.079785 0.641960 0.668517 0.429164 0.939830 0.652666 0.229903 0.764690 0.523502 0.751892
0.296714 0.725851 0.065560 0.638880 0.673242 0.386889 0.929421 0.602889 0.187413 0.766095 0.482721 0.642101
0.287100 0.705645 0.151313 0.512146 0.712658 0.426822 0.927663 0.630809 0.241485 0.739157 0.449854 0.825159
0.297318 0.764608 0.169023 0.581352 0.760927 0.447972 0.831028 0.578561 0.331507 0.764280 0.472321 0.761419
0.223349 0.743545 0.107271 0.672006 0.742370 0.367817 0.981566 0.673200 0.257390 0.716069 0.476220 0.715004
0.353272 0.748389 0.118839 0.679854 0.735292 0.472091 0.826166 0.581499 0.287208 0.778141 0.425563 0.739313
0.227690 0.659053 0.179375 0.677373 0.742871 0.413182 1.022669 0.580912 0.343769 0.728804 0.490368 0.753513
0.255356 0.660404 0.195110 0.596728 0.800419 0.505917 0.916519 0.682065 0.251517 0.638039 0.490599 0.687232
0.302093 0.769077 0.182970 0.631222 0.790922 0.365376 0.947429 0.623843 0.285405 0.735564 0.516986 0.726749
0.221321 0.762897 0.031206 0.571749 0.760415 0.464689 0.865324 0.586365 0.190531 0.789765 0.501186 0.790975
0.206888 0.662340 0.129498 0.660366 0.700116 0.508695 0.898382 0.576909 0.162403 0.751723 0.610832 0.709453
0.297883 0.751190 0.072169 0.600707 0.667885 0.426094 0.831179 0.506802 0.177868 0.654615 0.501031 0.726586
0.266063 0.655233 0.168046 0.629662 0.780177 0.439335 0.949480 0.589957 0.271942 0.653885 0.509564 0.753709
0.287617 0.716731 0.141462 0.683477 0.740669 0.426643 0.854370 0.613603 0.319032 0.781200 0.512703 0.674477
0.246244 0.693609 0.100630 0.648858 0.742031 0.428352 0.850027 0.676680 0.197947 0.802059 0.498821 0.737961
0.235617 0.641958 0.140556 0.691118 0.761779 0.386347 0.835505 0.596581 0.285946 0.741239 0.506834 0.764544
0.322247 0.753510 0.082774 0.638917 0.728307 0.421751 0.935014 0.633506 0.158533 0.734946 0.475712 0.732055
0.257169 0.673411 0.191907 0.657713 0.646769 0.356992 0.813400 0.580950 0.289602 0.771514 0.560324 0.747633
0.260792 0.699811 0.107442 0.628744 0.773218 0.408179 0.854878 0.602485 0.185704 0.684862 0.488630 0.844706
0.303765 0.810472 -0.009232 0.619627 0.736541 0.405238 0.856910 0.672433 0.264920 0.772114 0.569086 0.697374
0.313472 0.745969 0.080787 0.654693 0.736265 0.379426 0.908483 0.648933 0.228272 0.735669 0.526872 0.748465
0.260579 0.721140 0.171101 0.563073 0.784322 0.424360 0.861667 0.678168 0.312974 0.739319 0.456982 0.724776
0.247632 0.710469 0.010886 0.666320 0.805922 0.459366 0.961164 0.653650 0.305892 0.695836 0.554546 0.810636
0.207047 0.675364 0.045311 0.587527 0.686549 0.371699 0.995384 0.718695 0.232251 0.745568 0.497765 0.799651
0.233558 0.775927 0.115520 0.612359 0.756647 0.345579 0.894585 0.622990 0.214685 0.755315 0.494766 0.741469
0.219120 0.770223 0.145322 0.610313 0.750365 0.349885 0.817427 0.674825 0.234897 0.737571 0.446750 0.751273
0.239772 0.731064 0.052544 0.667115 0.704399 0.457674 0.932511 0.622582 0.226798 0.723523 0.558239 0.774043
0.188641 0.702717 0.099658 0.622576 0.765515 0.478574 0.863498 0.617132 0.310565 0.740226 0.562855 0.774590
0.162583 0.751499 0.165412 0.704157 0.802333 0.397158 0.937209 0.631596 0.350930 0.778282 0.587617 0.753950
0.222697 0.616428 0.125110 0.623665 0.845527 0.471506 0.893366 0.641039 0.210998 0.709460 0.519432 0.784853
0.245397 0.663841 0.105513 0.574761 0.639111 0.350092 0.951631 0.683496 0.278362 0.625469 0.525977 0.657127
0.220451 0.842903 0.112585 0.565059 0.670550 0.395481 0.890341 0.673609 0.215987 0.786131 0.505999 0.756314
0.312899 0.705286 0.106895 0.557372 0.752452 0.416515 0.848105 0.642497 0.236947 0.702562 0.540558 0.704021
0.319546 0.650333 0.113273 0.648199 0.689828 0.374507 0.934272 0.716068 0.262534 0.771376 0.565686 0.726977
0.284662 0.634349 0.102532 0.506581 0.672332 0.416749 0.951200 0.663429 0.223038 0.745089 0.492214 0.775513
0.241004 0.717751 0.167355 0.578145 0.690412 0.407404 0.816457 0.697938 0.157692 0.736897 0.423601 0.784165
0.239645 0.752035 0.147640 0.646764 0.722437 0.343396 0.911518 0.629263 0.284903 0.683886 0.611331 0.691036
0.208143 0.717752 0.056304 0.701872 0.808111 0.383476 0.901854 0.635300 0.292892 0.843248 0.559040 0.749700
0.243290 0.668857 0.090016 0.613676 0.701193 0.466601 1.000516 0.653652 0.102808 0.711932 0.545992 0.712187
0.306852 0.721226 0.075498 0.550040 0.701265 0.402459 0.830731 0.650116 0.180473 0.759982 0.482625 0.700759
0.281996 0.786093 0.137719 0.735086 0.684750 0.419302 0.932156 0.625743 0.310269 0.735349 0.499523 0.694804
0.273270 0.752727 0.144106 0.546484 0.697112 0.494296 0.867684 0.643640 0.211680 0.774617 0.517999 0.809251
0.222806 0.778265 0.065342 0.525016 0.651950 0.460547 0.909720 0.684160 0.189550 0.794737 0.541781 0.702888
0.274851 0.756715 0.189805 0.588518 0.742386 0.511595 0.921702 0.694155 0.222652 0.631720 0.498220 0.698765
0.200614 0.713849 0.087790 0.665622 0.700829 0.441597 0.923450 0.571264 0.255305 0.832167 0.484440 0.664436
0.295455 0.785879 0.213043 0.602000 0.745702 0.412398 0.918173 0.564896 0.262601 0.653486 0.491326 0.734022
0.263345 0.708285 0.196904 0.536458 0.752613 0.454889 0.879174 0.612639 0.213372 0.803130 0.612721 0.800569
0.260472 0.788644 0.113777 0.659403 0.719023 0.439986 0.948225 0.565397 0.214553 0.657268 0.536729 0.819423
0.305085 0.771697 0.190419 0.657476 0.756998 0.469791 0.897239 0.679278 0.272797 0.703525 0.440214 0.619763
0.185095 0.859146 0.133367 0.541024 0.711769 0.462388 0.851085 0.604534 0.223043 0.807011 0.484867 0.722544
0.215504 0.701029 0.179333 0.622037 0.806794 0.445920 0.913335 0.635647 0.274892 0.671506 0.534401 0.738329
0.274728 0.743312 0.097504 0.571583 0.821858 0.360849 0.907226 0.733049 0.304456 0.742791 0.522450 0.638572
0.285660 0.678015 0.021139 0.667600 0.699578 0.416758 0.900848 0.640323 0.181016 0.759887 0.582829 0.768550
0.248431 0.764370 0.080489 0.614462 0.737582 0.441158 0.929603 0.684441 0.289439 0.708615 0.554913 0.760474
0.233010 0.640982 0.089327 0.608763 0.758235 0.423354 0.850762 0.729117 0.192216 0.745191 0.523503 0.886169
0.216054 0.789347 0.202684 0.706557 0.634078 0.363368 0.890319 0.612120 0.234180 0.692395 0.573845 0.690397
0.243263 0.682797 0.158922 0.537011 0.774073 0.359887 0.904053 0.616546 0.296356 0.723608 0.404784 0.730345
0.246439 0.747899 0.095607 0.647599 0.744009 0.440718 0.960569 0.574644 0.195702 0.778396 0.517746 0.682702
0.273553 0.733817 0.106967 0.566357 0.733696 0.411988 0.898884 0.677038 0.192969 0.744308 0.570723 0.790237
0.253378 0.688500 0.043120 0.619861 0.751183 0.341931 0.837485 0.691981 0.190951 0.750941 0.523601 0.747978
0.265595 0.679756 0.114922 0.614277 0.776381 0.438854 0.847482 0.595173 0.197853 0.719764 0.589521 0.718861
0.272034 0.794795 0.094332 0.632473 0.692388 0.344574 0.914797 0.640439 0.270204 0.718761 0.566999 0.704274
0.208289 0.753597 0.119558 0.629757 0.776091 0.303786 0.908164 0.682239 0.210784 0.736147 0.454777 0.719854
0.275803 0.736625 0.162259 0.522712 0.785645 0.406934 0.894388 0.746993 0.279407 0.680558 0.511942 0.757387
0.242459 0.856284 0.069650 0.653859 0.696373 0.434774 0.930945 0.566892 0.242568 0.635088 0.523955 0.745532
0.185328 0.841378 0.103921 0.652283 0.665640 0.387629 0.844956 0.649073 0.226750 0.728909 0.489001 0.723203
0.275978 0.657599 0.084498 0.656475 0.784174 0.448811 0.868227 0.478528 0.185484 0.752291 0.478116 0.699306
0.208668 0.765173 0.117917 0.628112 0.714528 0.375926 0.790544 0.612052 0.211148 0.770039 0.542041 0.729780
0.265990 0.738597 0.083661 0.673885 0.709869 0.392394 0.779306 0.555840 0.306732 0.698711 0.541489 0.770801
0.239421 0.730265 0.156097 0.596021 0.728118 0.372340 0.961537 0.640250 0.266077 0.761102 0.539064 0.651060
0.284404 0.728250 0.088154 0.699727 0.779504 0.405918 0.931217 0.569362 0.258005 0.768797 0.521106 0.687867
0.318756 0.670557 0.148667 0.578801 0.675852 0.418824 0.934984 0.693554 0.267327 0.738495 0.510771 0.742176
0.278835 0.787789 0.101255 0.573436 0.764872 0.387216 0.862694 0.733871 0.243498 0.749201 0.535440 0.830354
0.280542 0.740984 0.146240 0.553798 0.705711 0.438660 0.808055 0.684057 0.274896 0.751036 0.502470 0.735314
0.274735 0.648416 0.149697 0.640512 0.775953 0.367404 0.882163 0.651596 0.257332 0.675721 0.573052 0.677455
0.202534 0.783192 0.167158 0.598550 0.664703 0.344928 0.896211 0.639414 0.318905 0.621942 0.440221 0.835024
0.216980 0.757476 0.110320 0.597621 0.774893 0.441135 0.843074 0.709911 0.320740 0.740683 0.561153 0.721047
0.262226 0.774212 0.027600 0.679411 0.669287 0.339002 0.876393 0.672941 0.217176 0.801684 0.557675 0.632335
0.222008 0.776248 0.097128 0.626344 0.664800 0.446579 0.871731 0.643770 0.178754 0.678987 0.515870 0.779709
0.266894 0.691211 0.163695 0.634198 0.793082 0.433385 0.921085 0.677872 0.180489 0.693520 0.455408 0.633101
0.229369 0.699155 0.114225 0.654912 0.661600 0.388564 0.913572 0.641124 0.248457 0.701988 0.620273 0.748049
0.248726 0.698542 0.118334 0.551129 0.703501 0.448392 0.818390 0.631509 0.336473 0.770172 0.480956 0.707801
0.157270 0.664468 0.158191 0.589806 0.712258 0.411736 0.842717 0.665189 0.249770 0.733652 0.504516 0.725234
0.291242 0.832796 0.111970 0.622121 0.739410 0.448200 0.976336 0.666462 0.268583 0.692364 0.578008 0.838329
0.246419 0.806208 0.144104 0.572105 0.837398 0.461317 0.870070 0.635921 0.228794 0.702731 0.518741 0.720705
0.273610 0.718981 0.205740 0.610932 0.748308 0.447856 0.918366 0.574871 0.242726 0.656571 0.469763 0.770189
0.235434 0.676912 0.076483 0.570702 0.789998 0.410504 0.968589 0.676908 0.230654 0.750079 0.496966 0.762059
0.211369 0.707022 0.173859 0.484872 0.805656 0.403464 0.861221 0.735747 0.194100 0.717055 0.503750 0.572932
0.186050 0.654664 0.094175 0.577110 0.719845 0.414604 0.846273 0.610856 0.202126 0.677683 0.434539 0.670450
0.265329 0.753950 0.139936 0.597869 0.743355 0.446024 0.849820 0.608580 0.184175 0.771388 0.441108 0.731749
0.225490 0.689423 0.131959 0.778405 0.705636 0.432607 0.887730 0.641065 0.222897 0.834353 0.548491 0.736581
0.269833 0.622905 0.089104 0.596912 0.708824 0.420537 0.934650 0.670954 0.267194 0.768128 0.434718 0.744021
0.115045 0.709503 0.067820 0.640472 0.839628 0.414497 0.924542 0.630328 0.343205 0.733800 0.439713 0.725474
0.257266 0.765904 0.128290 0.647119 0.756870 0.415122 0.875152 0.604019 0.315017 0.747404 0.538832 0.739372
0.225088 0.737133 0.100646 0.618225 0.731669 0.429720 0.939098 0.702616 0.260203 0.675963 0.491193 0.618658
0.238805 0.736226 0.106316 0.574321 0.756367 0.433917 0.928995 0.632811 0.350583 0.753575 0.533586 0.901335
0.221266 0.732101 0.113788 0.662238 0.769961 0.437925 0.858348 0.633646 0.298291 0.808849 0.573133 0.651337
0.190183 0.749454 0.066552 0.554142 0.747999 0.469748 0.900271 0.744868 0.179211 0.653731 0.431676 0.762269
0.268195 0.821249 0.209158 0.618616 0.847940 0.412824 0.867002 0.701309 0.209422 0.768422 0.518903 0.835450
0.215742 0.665502 0.138551 0.639630 0.678093 0.440947 0.837377 0.619850 0.151132 0.717391 0.433501 0.694794
0.218515 0.713895 0.131210 0.663686 0.698790 0.467700 0.914903 0.710235 0.274803 0.613108 0.508601 0.760201
0.284364 0.700313 0.126901 0.645829 0.810556 0.418715 0.881861 0.618631 0.247718 0.680959 0.496885 0.710903
0.185494 0.764719 0.156554 0.636502 0.846537 0.515249 0.942440 0.719613 0.342791 0.751027 0.540409 0.721055
0.227736 0.760665 0.114196 0.604560 0.806641 0.388816 0.861492 0.725896 0.226552 0.616204 0.474383 0.730822
0.246012 0.641665 0.175002 0.605509 0.687953 0.380558 0.869177 0.587099 0.194160 0.801114 0.501633 0.718422
0.250799 0.689048 0.173928 0.581922 0.804245 0.381517 0.816298 0.681536 0.292614 0.734224 0.537174 0.708456
0.312856 0.747474 0.139420 0.598303 0.717777 0.439492 0.898386 0.635361 0.194802 0.674053 0.480239 0.773326
0.287622 0.736739 0.132379 0.523658 0.615711 0.484621 0.868656 0.684340 0.223343 0.733915 0.410431 0.743980
0.299673 0.741581 0.093832 0.589349 0.807719 0.530165 0.855471 0.702719 0.225411 0.775735 0.586571 0.662467
0.265075 0.629213 0.070736 0.614401 0.779674 0.352614 0.889909 0.644891 0.273043 0.712520 0.533064 0.732356
0.194488 0.680016 0.164756 0.650209 0.772922 0.417959 0.866461 0.663612 0.266991 0.670691 0.531589 0.701916
0.164508 0.676244 0.201471 0.633202 0.688503 0.371830 0.884195 0.665157 0.254666 0.734646 0.412832 0.761721
0.197424 0.707683 0.186635 0.646608 0.695970 0.374472 0.845707 0.594381 0.274504 0.716892 0.504204 0.698864
0.280051 0.754125 0.070372 0.508185 0.718005 0.376031 0.886754 0.674025 0.243971 0.773680 0.510335 0.764231
0.276653 0.746541 0.081068 0.570028 0.709571 0.423486 0.896226 0.699140 0.230035 0.720567 0.537413 0.832459
0.294110 0.716458 0.081262 0.643698 0.797345 0.448805 0.932604 0.602066 0.164972 0.704863 0.586508 0.734068
0.274288 0.693811 0.027543 0.622488 0.737803 0.522593 0.834069 0.698659 0.234002 0.621433 0.459826 0.691302
0.286662 0.731405 0.170100 0.612883 0.710552 0.388184 0.909096 0.676889 0.266485 0.697116 0.521145 0.852206
0.282248 0.762748 0.099307 0.594771 0.667830 0.469734 0.972483 0.642375 0.217224 0.694279 0.493633 0.709535
0.357171 0.715926 0.237598 0.597595 0.804622 0.387996 0.930782 0.593220 0.184304 0.700242 0.557681 0.759357
0.232093 0.799469 0.083275 0.614137 0.758199 0.391455 0.909772 0.667657 0.283769 0.681346 0.506561 0.662435
0.205393 0.756239 0.166859 0.555869 0.752333 0.376006 0.987763 0.647408 0.253715 0.740640 0.544502 0.690244
0.187564 0.693796 0.160754 0.685484 0.816074 0.478142 0.851532 0.653444 0.217578 0.611433 0.531000 0.663399
0.265784 0.722473 0.128065 0.669964 0.732033 0.397101 0.852493 0.617460 0.243072 0.758896 0.474198 0.764339
0.145313 0.766448 0.122883 0.653805 0.732672 0.475986 0.957688 0.658997 0.305038 0.729149 0.487559 0.717580
0.255759 0.659494 0.119548 0.591231 0.778850 0.411692 0.758867 0.561163 0.277583 0.717166 0.484882 0.754584
0.335092 0.612556 0.061058 0.531514 0.676134 0.358160 0.944510 0.639838 0.259144 0.690134 0.507572 0.705081
0.168608 0.797506 0.067321 0.646325 0.755832 0.453529 0.908763 0.696325 0.309654 0.710630 0.456816 0.725641
0.353966 0.749545 0.174401 0.535836 0.699438 0.410094 0.871895 0.635171 0.200299 0.689984 0.550191 0.794914
0.143302 0.757881 0.092696 0.606409 0.773666 0.404745 0.852060 0.692633 0.311635 0.702856 0.553781 0.674974
0.140477 0.740948 0.130835 0.593017 0.691582 0.446811 0.926574 0.527651 0.194159 0.732453 0.450089 0.708459
0.289181 0.631798 0.162720 0.649903 0.688683 0.340542 0.886757 0.554365 0.204420 0.738847 0.476833 0.696869
0.286445 0.729747 0.132061 0.578567 0.689545 0.310005 0.845895 0.703402 0.211064 0.778271 0.459567 0.708508
0.317497 0.764633 0.140906 0.603877 0.666241 0.449926 0.865527 0.648374 0.260453 0.718812 0.461038 0.808523
0.211727 0.823402 0.101785 0.686399 0.821421 0.404104 0.924339 0.533425 0.294359 0.844663 0.530440 0.701379
0.282703 0.667139 0.068073 0.574419 0.723289 0.356800 0.839307 0.640058 0.136043 0.668821 0.542344 0.789479
0.272611 0.752771 0.099584 0.677477 0.749342 0.456816 0.858320 0.733503 0.235982 0.743661 0.530722 0.771294
0.300378 0.724571 0.073280 0.631121 0.686581 0.423134 0.862324 0.671769 0.159706 0.693034 0.582521 0.743962
0.258239 0.718470 0.134270 0.695444 0.716882 0.412159 0.893882 0.601087 0.222548 0.748163 0.500015 0.697372
0.271486 0.716345 0.083282 0.607121 0.732221 0.455922 0.912235 0.621374 0.251830 0.638320 0.529175 0.730913
0.331968 0.846649 0.056094 0.573227 0.619729 0.358164 0.921275 0.686482 0.278747 0.689687 0.480473 0.774408
0.274091 0.755216 0.090726 0.553571 0.670902 0.415930 0.886681 0.635092 0.261491 0.782832 0.495789 0.672329
0.274152 0.689032 0.172736 0.639769 0.724272 0.324504 0.929268 0.624058 0.245900 0.647955 0.539944 0.780773
0.253013 0.732948 0.146955 0.478658 0.743362 0.354069 0.933972 0.708342 0.285837 0.796568 0.599268 0.802016
0.332019 0.714028 0.122135 0.554841 0.721822 0.408981 0.968180 0.621167 0.226810 0.708048 0.553292 0.783820
0.285158 0.694934 0.062794 0.595467 0.786704 0.446366 0.964215 0.652015 0.296292 0.799332 0.524777 0.799165
0.321692 0.709840 0.130028 0.518971 0.686225 0.471860 0.861003 0.585149 0.311193 0.769030 0.486237 0.779853
0.220730 0.760899 0.166694 0.684485 0.777200 0.426498 0.835909 0.624007 0.307291 0.739722 0.501394 0.765567
0.313509 0.753626 0.249517 0.650864 0.782875 0.423571 0.912708 0.678623 0.251454 0.794648 0.470596 0.747078
0.258709 0.689768 0.127408 0.562149 0.765664 0.373317 0.903408 0.671759 0.287965 0.752845 0.549088 0.773490
0.199720 0.692441 0.138618 0.529165 0.855635 0.378313 0.899440 0.698917 0.258202 0.789535 0.509385 0.725279
0.283581 0.753288 0.103293 0.565819 0.717384 0.472954 0.878964 0.614077 0.221337 0.768397 0.521174 0.671677
0.262040 0.691663 0.136394 0.650975 0.811812 0.400995 0.868058 0.659385 0.205368 0.672861 0.522665 0.697841
0.348684 0.639584 0.064938 0.492115 0.669047 0.420471 0.908668 0.661559 0.220908 0.659347 0.480891 0.782565
0.189886 0.693698 0.148534 0.663113 0.652556 0.432811 0.835331 0.740026 0.174093 0.777938 0.612065 0.626601
0.201647 0.773573 0.078696 0.616902 0.713822 0.394294 0.874519 0.707698 0.245764 0.719686 0.395078 0.713273
0.191979 0.764639 0.101306 0.611417 0.733101 0.408366 0.722007 0.765541 0.226995 0.775857 0.501694 0.791479
