1000 12 500
1.080224 0.696922 0.326815 0.095265 0.765782 0.407434 0.156091 0.000973 0.673241 0.732726 0.543618 0.293965
1.087320 0.665379 0.539205 0.293043 0.773287 0.476815 0.172798 0.002609 0.691257 0.765330 0.586179 0.373057
1.036725 0.702402 0.342409 0.168973 0.731762 0.462579 0.175996 -0.002762 0.746232 0.713169 0.601868 0.287949
0.992358 0.770073 0.472977 0.271081 0.732074 0.462957 0.138134 -0.072693 0.612904 0.782860 0.617987 0.301763
0.987158 0.722161 0.416063 0.224765 0.610056 0.517336 0.075652 0.131206 0.586967 0.704141 0.495555 0.342091
1.089803 0.736857 0.479342 0.215038 0.630045 0.502387 0.133597 0.040325 0.584338 0.806671 0.573416 0.346055
0.981634 0.711205 0.495236 0.207961 0.780090 0.582871 0.158504 0.104891 0.705750 0.700622 0.576372 0.333174
0.995516 0.740334 0.418179 0.226201 0.763981 0.503880 0.159275 0.043086 0.709204 0.695240 0.628786 0.318971
1.039389 0.851596 0.365021 0.274288 0.732883 0.464802 0.266564 0.005267 0.605608 0.795417 0.566123 0.359976
0.950643 0.795146 0.406555 0.218322 0.707383 0.535365 0.232764 0.001516 0.663288 0.735960 0.618238 0.369764
1.024295 0.820137 0.431541 0.212827 0.698333 0.557080 0.126026 -0.064022 0.615944 0.700740 0.555868 0.246685
1.002297 0.781050 0.522907 0.097126 0.708167 0.453948 0.268047 0.024857 0.627419 0.688613 0.473363 0.281745
0.916804 0.772027 0.372728 0.242752 0.679423 0.517226 0.190194 -0.009861 0.589529 0.694844 0.622526 0.187005
0.955002 0.626945 0.428504 0.141138 0.699690 0.504538 0.210680 -0.043961 0.602590 0.709196 0.555001 0.416554
1.068410 0.834564 0.405550 0.235051 0.729952 0.409417 0.236121 0.011203 0.663939 0.825017 0.502499 0.270506
0.955114 0.703867 0.395864 0.145160 0.693178 0.452786 0.154971 0.064260 0.675428 0.767324 0.609230 0.347336
0.998979 0.762479 0.489781 0.269549 0.718409 0.468080 0.182801 0.110927 0.692728 0.748090 0.585799 0.393735
0.980775 0.704010 0.447012 0.277542 0.685609 0.558147 0.140773 -0.001504 0.634770 0.733912 0.566215 0.305885
0.958337 0.672842 0.392696 0.299472 0.766089 0.438344 0.130122 0.054393 0.735873 0.697512 0.584647 0.307377
1.013926 0.794094 0.352881 0.138933 0.773376 0.506256 0.196002 0.037903 0.675953 0.724838 0.549630 0.406428
0.997358 0.653537 0.461811 0.212180 0.692818 0.354546 0.129063 0.184682 0.788493 0.723102 0.451650 0.244882
1.034015 0.679845 0.355029 0.266735 0.614358 0.453369 0.189582 0.013726 0.678369 0.740035 0.557119 0.337311
0.922388 0.744232 0.352683 0.287265 0.665104 0.315635 0.158202 0.064925 0.555975 0.792228 0.499059 0.395671
1.029784 0.778630 0.511638 0.228347 0.693657 0.533188 0.162933 0.036070 0.626329 0.795642 0.524850 0.316686
1.009255 0.728408 0.420090 0.216613 0.771502 0.534716 0.196364 0.020832 0.754739 0.816973 0.643630 0.324950
0.955739 0.761944 0.402983 0.281235 0.687184 0.459252 0.230318 -0.056584 0.616571 0.707012 0.483799 0.319835
0.964672 0.753372 0.442839 0.201904 0.699770 0.428076 0.192737 0.053781 0.610404 0.760105 0.652781 0.280876
1.062757 0.684694 0.423493 0.248235 0.624469 0.373789 0.311081 0.026057 0.642743 0.699837 0.516798 0.377083
0.956448 0.657424 0.497123 0.230324 0.708325 0.479841 0.183998 0.004263 0.635026 0.788557 0.589981 0.334470
0.960370 0.706405 0.409286 0.124993 0.731839 0.499362 0.110899 -0.084931 0.734553 0.766842 0.538692 0.330697
1.021509 0.776140 0.500668 0.196676 0.763643 0.482626 0.192229 0.172265 0.649404 0.717475 0.530866 0.300313
1.016631 0.721810 0.402625 0.246626 0.679850 0.457124 0.203553 0.037157 0.632272 0.744738 0.510262 0.207690
0.966810 0.745197 0.457421 0.099069 0.658054 0.509736 0.250320 0.023448 0.623025 0.647345 0.581043 0.316918
0.993918 0.770707 0.459755 0.206346 0.684371 0.469763 0.186430 0.054047 0.660651 0.829487 0.515650 0.367275
0.967077 0.712358 0.498010 0.240105 0.648066 0.524782 0.158204 0.117418 0.594880 0.788104 0.490218 0.292514
1.027257 0.772527 0.454157 0.238344 0.652410 0.487078 0.129903 0.021175 0.731436 0.745282 0.657086 0.350539
1.073154 0.753518 0.402581 0.199027 0.750962 0.575211 0.155513 0.042376 0.556256 0.670377 0.581601 0.350628
1.044781 0.708963 0.493751 0.268861 0.750307 0.500083 0.170958 -0.040187 0.638627 0.740466 0.569377 0.295472
1.041460 0.719730 0.491973 0.330498 0.710876 0.509758 0.159267 -0.024444 0.627987 0.790771 0.499064 0.262162
0.984332 0.721617 0.464884 0.268061 0.674743 0.466167 0.143643 0.011925 0.681804 0.743964 0.542223 0.391460
1.030381 0.706706 0.465405 0.149352 0.773137 0.503967 0.100999 0.018840 0.688363 0.635776 0.455966 0.271675
0.981101 0.664233 0.466781 0.191204 0.708270 0.410283 0.158597 0.075044 0.683671 0.760617 0.546407 0.261368
1.031071 0.706197 0.422444 0.208858 0.691925 0.565079 0.106086 -0.042311 0.618158 0.810438 0.535231 0.376997
1.045695 0.813034 0.555688 0.280339 0.745869 0.448480 0.108057 0.009005 0.690016 0.738338 0.533044 0.259524
1.054594 0.735516 0.490761 0.232682 0.677671 0.546697 0.157528 0.057883 0.671348 0.765180 0.495334 0.317619
1.022400 0.752047 0.467350 0.202066 0.774193 0.514170 0.264628 0.066344 0.690966 0.661343 0.605504 0.222712
0.979879 0.688185 0.382362 0.258601 0.628848 0.507777 0.148504 0.060792 0.649736 0.695098 0.542818 0.240161
1.042711 0.887865 0.433171 0.221309 0.661553 0.514604 0.216553 0.060362 0.658810 0.706766 0.578924 0.334726
0.951838 0.720020 0.456015 0.230281 0.699530 0.523230 0.217359 -0.001662 0.629790 0.760578 0.540122 0.279864
1.051025 0.744792 0.507851 0.251054 0.627202 0.477640 0.138818 0.043306 0.670449 0.703872 0.560503 0.306656
0.993918 0.803741 0.431401 0.185719 0.632001 0.415814 0.167297 -0.043721 0.563649 0.825718 0.551868 0.334612
0.993533 0.676642 0.397329 0.152226 0.575104 0.431349 0.171574 0.111893 0.673921 0.732511 0.592934 0.267189
1.046528 0.779351 0.506136 0.210307 0.698145 0.494594 0.128671 0.000623 0.670175 0.793062 0.603472 0.310786
1.025347 0.757004 0.481701 0.217961 0.696383 0.485695 0.220921 0.095908 0.598030 0.746465 0.560866 0.334923
1.029971 0.746556 0.519257 0.191775 0.646943 0.437323 0.144225 0.114764 0.644659 0.782560 0.502140 0.378691
0.931398 0.810192 0.421229 0.203582 0.738823 0.495282 0.136656 -0.075038 0.632128 0.823956 0.547635 0.289948
1.003691 0.705742 0.452279 0.192984 0.624586 0.418703 0.155875 0.002998 0.731708 0.731005 0.534420 0.357194
0.996263 0.770688 0.457533 0.240794 0.708744 0.553168 0.221900 0.057634 0.638482 0.665639 0.635456 0.317055
0.976139 0.723796 0.421052 0.212904 0.681805 0.522904 0.129704 0.013227 0.604827 0.803812 0.593076 0.310212
0.989743 0.625787 0.447832 0.215209 0.730323 0.485047 0.150915 0.055960 0.707779 0.696422 0.565939 0.241444
1.072282 0.667631 0.461507 0.177760 0.714031 0.487910 0.195119 -0.013396 0.597792 0.666875 0.582835 0.410821
0.994295 0.701281 0.419600 0.128165 0.696627 0.422923 0.184058 0.044873 0.661651 0.743461 0.472617 0.231847
1.012885 0.790346 0.384950 0.161394 0.664450 0.538193 0.209601 0.001357 0.631641 0.731621 0.525949 0.298905
0.962397 0.802613 0.458958 0.253106 0.654643 0.554964 0.210564 0.019604 0.602300 0.726263 0.553680 0.296349
0.944764 0.760761 0.445369 0.180505 0.725597 0.532422 0.151708 0.028596 0.709695 0.698263 0.533114 0.343904
1.059626 0.768854 0.472162 0.214184 0.608472 0.464071 0.257107 0.134137 0.643040 0.730139 0.566917 0.393982
1.030291 0.818783 0.504312 0.235393 0.690592 0.433735 0.216793 0.031723 0.689044 0.675886 0.573751 0.378735
1.047423 0.704381 0.539401 0.213172 0.729619 0.451575 0.151808 -0.047541 0.674681 0.676996 0.564899 0.400138
0.991977 0.827376 0.416966 0.148377 0.765133 0.424810 0.197805 -0.097207 0.675078 0.699049 0.558189 0.324214
0.973766 0.762312 0.481749 0.308659 0.732837 0.435867 0.178511 -0.028665 0.684037 0.684261 0.714496 0.348876
0.914954 0.811633 0.472068 0.258390 0.713920 0.464060 0.093561 0.018072 0.625340 0.846892 0.581448 0.182284
0.976775 0.745497 0.401944 0.295204 0.704497 0.517755 0.222968 0.062364 0.661525 0.709806 0.532015 0.343168
1.054522 0.835045 0.431617 0.210390 0.759098 0.477314 0.136046 -0.042381 0.572608 0.680682 0.502095 0.305789
0.975263 0.771109 0.449302 0.139688 0.672614 0.449336 0.122728 0.070946 0.667072 0.697900 0.598867 0.338674
1.005094 0.715882 0.458117 0.112532 0.742669 0.489814 0.107181 0.047243 0.685009 0.797274 0.464007 0.248626
0.980689 0.798824 0.469556 0.335040 0.729720 0.431550 0.155684 0.031790 0.579536 0.692999 0.605629 0.352419
1.013453 0.753272 0.427020 0.155427 0.725534 0.516708 0.214691 0.094043 0.700113 0.718998 0.485493 0.244335
1.069624 0.710960 0.420343 0.192024 0.651373 0.495121 0.236170 -0.027336 0.581941 0.733737 0.598589 0.254837
1.040004 0.693833 0.410180 0.175129 0.644117 0.425306 0.188130 0.017206 0.652727 0.784626 0.576139 0.417664
0.906863 0.731023 0.539516 0.183372 0.758005 0.581866 0.172539 -0.011915 0.713495 0.781715 0.443539 0.323770
1.037302 0.676353 0.496080 0.223440 0.697146 0.494068 0.269634 0.026830 0.619537 0.821226 0.566468 0.244729
0.939265 0.733648 0.475763 0.229338 0.732981 0.436073 0.193911 0.039010 0.687595 0.717468 0.579297 0.273758
0.976452 0.662320 0.467030 0.193649 0.729951 0.518317 0.218810 -0.025066 0.639234 0.715868 0.444197 0.386197
1.053330 0.776023 0.460058 0.208662 0.711114 0.459555 0.298815 -0.007641 0.578699 0.805600 0.561063 0.236537
0.993179 0.751709 0.470726 0.253458 0.716141 0.552368 0.306623 -0.007887 0.670285 0.694518 0.422086 0.254661
0.975833 0.724720 0.454563 0.224963 0.726929 0.412055 0.124064 0.026614 0.738726 0.683770 0.561411 0.368163
0.986213 0.755394 0.425211 0.202964 0.622848 0.412628 0.149784 -0.003684 0.657287 0.802105 0.573646 0.273423
0.988733 0.775237 0.391968 0.244934 0.596248 0.545509 0.183149 0.010528 0.675357 0.798018 0.530233 0.305248
0.913325 0.773996 0.373345 0.215157 0.661572 0.514776 0.117859 -0.018878 0.666657 0.747848 0.583470 0.305794
0.995552 0.661915 0.443009 0.251392 0.681186 0.439846 0.090654 0.005193 0.623488 0.712389 0.508280 0.382899
0.992295 0.775902 0.426435 0.203372 0.645726 0.446561 0.203322 0.040584 0.620280 0.745121 0.569172 0.316376
1.099357 0.743820 0.446040 0.161663 0.599238 0.514807 0.169012 0.085562 0.673033 0.816840 0.622584 0.358149
1.001484 0.783949 0.447250 0.201907 0.710321 0.485467 0.129320 -0.015775 0.660523 0.755384 0.609239 0.267553
0.956129 0.748051 0.552444 0.193763 0.764174 0.456666 0.121220 -0.011781 0.687631 0.701558 0.646822 0.302520
0.974404 0.758231 0.444067 0.162402 0.735988 0.485786 0.183306 -0.039799 0.645333 0.756154 0.521049 0.281328
0.975388 0.756612 0.488682 0.246837 0.804250 0.488056 0.127043 0.002294 0.687388 0.760900 0.590431 0.297150
1.005516 0.776025 0.385008 0.180659 0.658319 0.477641 0.163317 0.076851 0.669755 0.678563 0.493849 0.408310
0.954656 0.830219 0.500167 0.312085 0.753600 0.526740 0.221591 -0.019210 0.635741 0.743554 0.615601 0.330381
1.061766 0.681094 0.485666 0.203056 0.777744 0.395107 0.244271 -0.031448 0.578842 0.630610 0.563063 0.294592
1.007145 0.704616 0.480808 0.235753 0.712649 0.408400 0.173497 -0.091539 0.637925 0.792448 0.625485 0.359564
0.955655 0.866369 0.428851 0.168265 0.684397 0.497735 0.141112 -0.021568 0.688623 0.692169 0.586585 0.235268
0.972890 0.755611 0.519697 0.219469 0.691548 0.499158 0.182121 -0.008868 0.731457 0.679773 0.575332 0.315059
0.938566 0.781408 0.410320 0.158471 0.655031 0.505685 0.224659 0.051492 0.662384 0.762818 0.597851 0.292962
0.970017 0.811017 0.411622 0.183889 0.702864 0.497802 0.201061 0.120168 0.602582 0.675546 0.468296 0.277577
0.937425 0.689699 0.418750 0.183137 0.726498 0.445366 0.183891 -0.002408 0.643458 0.754884 0.470383 0.353806
1.038242 0.702117 0.531760 0.275436 0.653949 0.428619 0.177865 0.071032 0.640238 0.698686 0.579470 0.362550
1.033896 0.744167 0.510751 0.240527 0.700496 0.513647 0.207768 0.012558 0.690438 0.794167 0.570002 0.376619
0.959975 0.738118 0.503946 0.182214 0.804861 0.509885 0.111923 0.011667 0.599521 0.844641 0.538977 0.327171
0.998101 0.756779 0.559098 0.286476 0.659844 0.488230 0.208490 0.107118 0.609688 0.749011 0.536433 0.313969
1.006713 0.670458 0.545401 0.248441 0.663942 0.427821 0.119385 0.089583 0.646450 0.726466 0.502654 0.374400
1.094165 0.712700 0.413850 0.182060 0.648883 0.413351 0.200551 0.012141 0.676403 0.774559 0.588177 0.283207
0.992437 0.813013 0.342101 0.228774 0.731687 0.526761 0.172459 0.032177 0.670369 0.703852 0.570717 0.302465
0.982528 0.729299 0.368136 0.209463 0.730393 0.496875 0.199476 0.073524 0.674518 0.750529 0.510219 0.314017
1.084467 0.705343 0.389662 0.215126 0.725318 0.488830 0.117920 -0.057106 0.597236 0.761426 0.616269 0.333870
0.934641 0.668452 0.478843 0.231350 0.695995 0.474537 0.204684 0.059329 0.638478 0.702881 0.492567 0.307239
0.946174 0.739740 0.436611 0.069136 0.718103 0.528478 0.227107 0.064612 0.671989 0.749608 0.619473 0.306465
0.958262 0.769164 0.469194 0.230264 0.695979 0.484429 0.135821 0.002595 0.716782 0.767354 0.455741 0.409345
0.904987 0.714995 0.429672 0.291257 0.638967 0.462796 0.041507 -0.000406 0.571630 0.789209 0.586006 0.269952
0.957155 0.625719 0.438514 0.203738 0.747295 0.527204 0.170557 0.069240 0.646276 0.758019 0.449902 0.218951
1.005844 0.743956 0.416531 0.254809 0.697508 0.539019 0.195817 -0.050115 0.598842 0.663469 0.521307 0.219507
0.922327 0.686331 0.481723 0.217805 0.768578 0.365836 0.245752 -0.048458 0.628919 0.747150 0.513909 0.299139
0.914979 0.713735 0.503268 0.241434 0.667136 0.514626 0.176987 -0.051892 0.536629 0.819768 0.512538 0.326868
1.051558 0.760660 0.451035 0.210973 0.628309 0.501592 0.217530 0.074945 0.616689 0.746393 0.453916 0.344374
0.964490 0.797359 0.492923 0.236998 0.632082 0.438416 0.149206 0.007479 0.689154 0.735928 0.460380 0.368430
1.060326 0.705065 0.496432 0.218584 0.717520 0.475601 0.303570 0.022694 0.730202 0.721472 0.615957 0.367547
1.018074 0.699199 0.505076 0.273728 0.670233 0.516321 0.283698 0.007531 0.650237 0.703876 0.517241 0.344437
0.945870 0.812415 0.471536 0.251338 0.655203 0.544053 0.130498 -0.020636 0.651368 0.721684 0.506380 0.363745
1.042497 0.749112 0.522541 0.174681 0.703670 0.338249 0.173371 0.015599 0.659584 0.697959 0.562227 0.299016
0.968560 0.724568 0.450247 0.230592 0.645939 0.491843 0.146710 -0.021897 0.593106 0.605623 0.593960 0.229397
1.068994 0.762487 0.454044 0.198783 0.700376 0.518454 0.260977 0.086984 0.625702 0.709553 0.540444 0.260985
1.092464 0.780211 0.454735 0.260604 0.664739 0.434507 0.066402 0.045619 0.534424 0.625831 0.591584 0.350197
1.011717 0.780096 0.380460 0.246117 0.620308 0.408647 0.218452 0.008492 0.666049 0.735305 0.497661 0.344153
1.019460 0.740367 0.387722 0.244609 0.680359 0.483808 0.283937 0.012834 0.728041 0.787185 0.516878 0.307845
1.071988 0.708730 0.473859 0.291122 0.604329 0.519980 0.075512 0.047872 0.663238 0.775723 0.630445 0.282289
1.026525 0.730086 0.461519 0.121955 0.808257 0.384464 0.176602 0.046048 0.558066 0.720626 0.631393 0.332970
0.993054 0.674592 0.458255 0.228908 0.727994 0.479466 0.249955 0.046982 0.578433 0.722959 0.540165 0.276412
0.933384 0.779673 0.437816 0.200406 0.684073 0.532690 0.203155 0.042274 0.655746 0.729085 0.520892 0.249054
0.950111 0.704470 0.421949 0.117064 0.720411 0.462299 0.137132 -0.091941 0.620277 0.715285 0.610773 0.253363
0.950660 0.764066 0.465918 0.154009 0.731783 0.459551 0.282962 0.017742 0.750298 0.676403 0.493078 0.299126
0.964445 0.713316 0.557347 0.220991 0.702448 0.560396 0.180081 0.114635 0.657043 0.756013 0.498123 0.314550
0.996476 0.699192 0.481222 0.265743 0.744128 0.364540 0.133716 -0.027157 0.646251 0.796104 0.438524 0.282724
0.935747 0.737974 0.439986 0.122202 0.684336 0.454167 0.166930 -0.006670 0.668027 0.691351 0.488570 0.264882
1.047749 0.716720 0.357097 0.193220 0.654298 0.466570 0.164915 -0.045966 0.711886 0.773155 0.544749 0.378352
0.953562 0.714371 0.408556 0.168964 0.775395 0.465389 0.154697 0.064287 0.718579 0.729262 0.628960 0.250845
0.993826 0.753629 0.435242 0.162203 0.726522 0.445319 0.100759 -0.000554 0.724806 0.836729 0.580196 0.341594
0.963132 0.768236 0.486621 0.275106 0.725171 0.544531 0.200119 0.053711 0.692227 0.794176 0.590952 0.242490
0.937418 0.636373 0.438309 0.310559 0.695088 0.572531 0.200247 0.033204 0.685033 0.648923 0.469179 0.337613
1.005346 0.698578 0.430134 0.180746 0.655412 0.507735 0.226826 -0.064890 0.583252 0.734727 0.433778 0.214215
0.987760 0.757641 0.494358 0.254713 0.647576 0.459582 0.201655 -0.073356 0.616264 0.675559 0.555163 0.354294
0.920711 0.725605 0.458052 0.113548 0.678805 0.446720 0.197516 0.134380 0.627998 0.770727 0.536643 0.367873
1.026170 0.729676 0.525957 0.267469 0.771523 0.511209 0.203764 -0.021251 0.702527 0.723598 0.526440 0.328137
1.004395 0.696401 0.428781 0.195241 0.641482 0.493496 0.251550 0.008981 0.720394 0.878638 0.602857 0.246210
0.959338 0.769450 0.447179 0.121780 0.663980 0.450447 0.231246 -0.060752 0.610133 0.699565 0.585593 0.298170
1.026059 0.721360 0.459531 0.233226 0.692557 0.457647 0.092630 0.031523 0.719990 0.727947 0.556824 0.210004
0.988184 0.771169 0.433408 0.117300 0.759946 0.466332 0.162904 -0.030328 0.533573 0.791193 0.572258 0.375694
1.006220 0.809506 0.481262 0.182001 0.692468 0.445455 0.225493 -0.043951 0.744053 0.741890 0.632822 0.243425
0.940454 0.677343 0.455408 0.272798 0.690670 0.585856 0.170276 0.047911 0.580768 0.568298 0.532624 0.335350
0.949882 0.788311 0.411306 0.185227 0.554045 0.564574 0.158215 0.043017 0.643885 0.777199 0.539051 0.281043
0.997012 0.719502 0.511215 0.166482 0.727895 0.446254 0.204715 0.021657 0.674153 0.748728 0.516405 0.471893
1.045446 0.784757 0.341982 0.246279 0.738571 0.502945 0.200307 -0.016647 0.666535 0.783373 0.593201 0.354762
0.982716 0.718988 0.470549 0.290316 0.640895 0.552886 0.152502 -0.027358 0.727043 0.800843 0.511121 0.244162
0.997961 0.792605 0.442246 0.171691 0.709849 0.457660 0.178065 -0.000365 0.566174 0.769265 0.537758 0.349042
1.010330 0.730388 0.458345 0.193305 0.715452 0.493889 0.150862 -0.012283 0.620740 0.771833 0.568132 0.349922
0.975797 0.659190 0.499191 0.108323 0.731489 0.563485 0.187875 0.042891 0.647353 0.765623 0.546179 0.296095
1.032227 0.792856 0.464581 0.277355 0.669619 0.439752 0.202836 0.122335 0.632883 0.717552 0.559189 0.366872
1.025296 0.774155 0.518213 0.326957 0.711598 0.446042 0.249894 -0.009591 0.653066 0.703926 0.571317 0.231939
1.089991 0.734782 0.428750 0.157645 0.742091 0.418608 0.131767 0.018221 0.724347 0.770899 0.535949 0.464211
0.574506 0.931044 0.100977 0.656583 0.280739 -0.049602 0.610018 0.868880 1.043731 0.594711 -0.047906 0.304678
0.491797 0.872952 0.106260 0.720039 0.180031 -0.007600 0.719485 0.918377 0.948692 0.626306 0.043106 0.189718
0.702409 0.971318 0.217078 0.677765 0.253973 0.118479 0.687810 0.848173 1.002524 0.701940 0.023293 0.233025
0.529687 0.885184 0.094466 0.731213 0.258203 0.019394 0.637229 0.863519 1.014941 0.676031 0.018564 0.212642
0.603877 0.970796 0.179446 0.606515 0.183985 0.025345 0.505133 0.809174 1.088637 0.574304 0.043877 0.299575
0.644902 0.922875 0.181593 0.689981 0.155196 0.145205 0.717137 0.854076 0.923800 0.699567 -0.010902 0.222299
0.544646 0.885322 0.154763 0.545177 0.201248 -0.015064 0.531906 0.838196 0.977817 0.785542 0.019238 0.241026
0.586870 0.980677 0.195509 0.661163 0.225957 -0.022097 0.653020 0.988314 1.017531 0.696093 0.063447 0.240815
0.532600 0.935794 0.069357 0.706872 0.269676 0.043514 0.658766 0.788604 0.956853 0.645061 0.009507 0.228485
0.615160 0.993476 0.105223 0.679759 0.176335 -0.006551 0.661853 0.840600 1.018655 0.584725 0.003254 0.268559
0.495745 0.911077 0.090542 0.604732 0.213752 0.045432 0.627317 0.848880 1.079883 0.623555 -0.059276 0.308534
0.565115 0.947961 0.189202 0.732642 0.151681 0.018079 0.637390 0.872612 1.002622 0.636790 -0.033671 0.243774
0.558054 0.866035 0.037247 0.641967 0.094591 -0.024267 0.710023 0.847825 0.934146 0.627433 0.051995 0.266371
0.618406 0.920208 0.076851 0.679670 0.186761 0.028329 0.610911 0.892141 0.939726 0.635634 -0.034266 0.233423
0.533493 0.868555 0.106718 0.611745 0.263160 -0.061393 0.649550 0.844318 0.989145 0.641921 -0.019859 0.284436
0.572551 0.987313 0.114580 0.696524 0.123214 0.076154 0.638608 0.889771 1.048938 0.615484 0.025102 0.304161
0.519733 0.954571 0.095211 0.553555 0.226546 0.075694 0.665793 0.727400 1.077563 0.622346 0.073621 0.344872
0.564069 0.830548 0.170848 0.625446 0.167480 -0.012386 0.711843 0.843525 1.042668 0.693952 0.001140 0.357366
0.628523 1.015073 0.136442 0.599559 0.069333 0.001783 0.696761 0.848259 0.970225 0.571148 0.040635 0.206089
0.613667 0.874060 0.157620 0.562478 0.150078 0.031065 0.644520 0.826880 0.989975 0.635248 0.041754 0.216841
0.540726 0.907625 0.182932 0.697953 0.139539 -0.100075 0.613416 0.876780 0.998933 0.636790 -0.073731 0.287177
0.506351 0.871466 0.151372 0.615331 0.223981 0.065148 0.710116 0.750702 1.008743 0.606658 0.011921 0.287347
0.667236 0.928487 0.186897 0.579415 0.129435 0.085852 0.675716 0.853443 1.023926 0.677466 -0.037894 0.224731
0.594273 0.913968 0.109808 0.622117 0.199032 -0.067956 0.705228 0.904113 1.084945 0.602803 -0.026435 0.178985
0.547883 0.967147 0.162703 0.656941 0.143683 0.002538 0.720032 0.825432 0.963482 0.650693 0.024976 0.188999
0.569733 0.937695 0.083501 0.576400 0.128271 0.000508 0.701962 0.890126 0.948319 0.730024 0.049874 0.254440
0.552314 0.882272 0.232602 0.606561 0.259507 -0.060089 0.699615 0.888151 1.072490 0.716688 -0.009127 0.268573
0.610820 0.923764 0.043025 0.591075 0.196973 0.044930 0.662122 0.904326 1.025505 0.678291 -0.026187 0.285245
0.577499 0.961353 0.107990 0.660737 0.211808 -0.010398 0.679910 0.874420 0.962502 0.663388 0.063901 0.276221
0.651889 0.961953 0.223761 0.573508 0.255769 -0.022200 0.697578 0.826798 1.054039 0.710921 0.038979 0.209571
0.586185 0.920727 0.078193 0.613984 0.157492 0.007583 0.668646 0.808544 0.985504 0.706526 -0.063943 0.235961
0.601592 0.862757 0.121422 0.679420 0.196261 -0.000712 0.666074 0.843504 1.030090 0.699052 0.112793 0.237042
0.581073 1.050366 0.288922 0.648765 0.198613 0.001443 0.729302 0.874344 0.977272 0.726966 0.054767 0.214394
0.626947 0.925258 0.200850 0.641780 0.249854 0.029401 0.606219 0.842783 0.944097 0.622959 -0.064220 0.319069
0.549630 0.886920 0.159846 0.579167 0.202276 0.055884 0.674054 0.877209 0.977415 0.591050 -0.008605 0.143213
0.557209 0.909725 0.093374 0.501648 0.189897 0.052306 0.686531 0.927030 0.952912 0.727921 -0.035767 0.259329
0.558010 0.923534 0.084799 0.544786 0.140997 -0.054518 0.647155 0.877525 1.022554 0.628809 -0.000559 0.292283
0.600351 0.893503 0.103763 0.528819 0.107688 -0.046244 0.667855 0.854432 0.999843 0.681910 0.008287 0.149451
0.594014 1.002663 0.143798 0.550105 0.225711 -0.052958 0.672650 0.846180 0.975850 0.546105 0.003556 0.277259
0.551802 0.875166 0.162532 0.555191 0.165083 -0.008708 0.665047 0.760225 1.018999 0.656619 -0.016854 0.287135
0.631170 0.918683 0.120275 0.624652 0.170077 -0.042820 0.684737 0.834299 0.990263 0.616237 -0.001270 0.235419
0.605658 0.891106 0.156546 0.627761 0.225257 -0.048019 0.616582 0.863631 0.993272 0.683769 0.055835 0.259665
0.596406 0.929725 0.095848 0.548497 0.222116 0.002189 0.625745 0.873307 0.983010 0.638192 -0.045392 0.214586
0.559494 0.964779 0.198646 0.580355 0.145469 0.046044 0.546384 0.847346 0.969369 0.584885 0.055787 0.280186
0.629360 0.947353 0.123179 0.552521 0.111006 -0.004744 0.572930 0.832217 1.034081 0.622225 -0.073658 0.149950
0.544276 0.901071 0.120669 0.579622 0.129927 -0.028493 0.647812 0.824876 0.923285 0.773381 0.046702 0.210834
0.577194 0.955051 -0.012700 0.632841 0.185233 -0.004987 0.630596 0.931801 0.995569 0.676982 0.017975 0.323951
0.594400 1.010655 0.179323 0.545333 0.113799 0.074791 0.712353 0.832320 1.007743 0.651963 -0.061378 0.285155
0.447998 0.929479 0.165712 0.555591 0.134370 0.004989 0.742496 0.858604 0.917696 0.646222 0.001861 0.226000
0.562614 0.888551 0.084105 0.577647 0.215307 0.065154 0.702113 0.807437 0.880364 0.655260 0.006712 0.174496
0.655176 0.935979 0.085761 0.608192 0.173896 -0.078982 0.717906 0.841701 0.980892 0.710996 0.028318 0.274081
0.524915 0.951930 0.101095 0.678030 0.142762 -0.015683 0.567448 0.845572 0.927526 0.587947 0.086386 0.150408
0.591335 0.895230 0.158796 0.575813 0.148586 0.022741 0.722070 0.839580 1.017888 0.648555 0.044986 0.346961
0.696623 0.962969 0.109269 0.701208 0.153705 0.112970 0.694189 0.893146 0.994579 0.621916 0.045230 0.184585
0.561921 1.059322 0.137753 0.669863 0.197575 -0.048334 0.566631 0.755672 0.943912 0.623349 0.038595 0.189194
0.589573 0.983703 0.140993 0.641375 0.213061 0.032355 0.636073 0.780083 0.956418 0.668480 -0.039694 0.293413
0.556718 0.985865 0.236962 0.655793 0.156185 -0.041038 0.601606 0.879372 1.053437 0.626178 0.049937 0.309205
0.623950 0.914264 0.151817 0.669670 0.245377 -0.021771 0.701268 0.888005 0.989344 0.726421 0.094910 0.334419
0.622299 1.043059 0.136243 0.655578 0.231950 -0.073870 0.610472 0.888244 1.012012 0.619670 -0.004553 0.271162
0.522476 0.817411 0.144332 0.579817 0.148965 -0.015460 0.609721 0.920028 1.034561 0.691824 -0.054555 0.288617
0.546659 0.865750 0.145912 0.657994 0.201082 -0.004352 0.656772 0.812728 1.055261 0.732288 0.003028 0.276083
0.627204 0.976769 0.175416 0.665534 0.194589 -0.031407 0.615652 0.863107 0.996134 0.676734 -0.032844 0.283333
0.494032 0.909493 0.130293 0.636902 0.166216 0.046534 0.676553 0.938173 1.049496 0.591135 -0.031927 0.169755
0.593299 0.954416 0.175492 0.627699 0.168170 -0.060045 0.663589 0.917950 0.961831 0.644760 0.072624 0.253049
0.573758 0.859722 0.123797 0.646780 0.256317 -0.028136 0.675803 0.772419 1.038053 0.667523 0.053971 0.338570
0.601306 1.022585 0.047469 0.633658 0.164893 0.035962 0.697609 0.845281 0.993263 0.658915 -0.010430 0.314495
0.581287 0.841399 0.088388 0.575970 0.160330 -0.047230 0.689795 0.838979 0.911956 0.640327 -0.089072 0.292330
0.566884 0.962900 0.077096 0.692989 0.312443 0.009048 0.662036 0.922409 0.990239 0.586445 0.007361 0.232464
0.574209 0.963905 0.119577 0.554130 0.182505 -0.061481 0.589273 0.891333 1.003941 0.605491 0.126429 0.182455
0.561341 0.886639 0.141798 0.638535 0.193402 -0.040703 0.762922 0.834916 0.986120 0.712549 0.008210 0.307057
0.639247 0.935144 0.098142 0.625987 0.212526 -0.020017 0.737216 0.935849 0.962084 0.663340 0.034773 0.228797
0.603976 0.982880 0.148967 0.630002 0.184152 0.098862 0.649948 0.775059 1.007309 0.672488 -0.053412 0.227432
0.593985 0.940192 0.166777 0.678972 0.209548 -0.001462 0.681889 0.894131 1.022722 0.726899 0.006987 0.288231
0.580564 1.057404 0.182298 0.667866 0.181797 -0.034157 0.601158 0.898991 1.038015 0.641133 -0.006457 0.259971
0.576116 0.897969 0.109078 0.646238 0.137516 -0.062504 0.712428 0.865024 1.006800 0.644966 -0.007634 0.209709
0.643850 0.865251 0.194130 0.660360 0.170774 0.021530 0.649316 0.814663 0.925959 0.650756 0.058145 0.303541
0.716014 0.949517 0.069336 0.695523 0.177350 -0.006754 0.585810 0.878996 0.939968 0.671801 0.008290 0.280077
0.559807 0.914087 0.221680 0.642719 0.161786 0.045161 0.651532 0.931792 0.953707 0.545785 0.021067 0.227366
0.536206 0.978394 0.195951 0.618741 0.124272 -0.040326 0.661816 0.833421 0.996374 0.627271 0.087280 0.306761
0.703832 0.916423 0.203291 0.680245 0.212586 0.025143 0.619627 0.869709 0.953288 0.637196 0.082471 0.284628
0.585067 0.903910 0.242162 0.553605 0.143038 -0.032712 0.667349 0.887678 0.929515 0.645056 -0.103651 0.167575
0.601548 0.838802 0.101173 0.620879 0.137365 -0.092497 0.687033 0.820746 1.077098 0.608689 0.004572 0.093689
0.495732 0.881202 0.173154 0.636759 0.184676 0.089117 0.614159 0.883274 1.095500 0.649000 0.037623 0.180650
0.673607 0.951698 0.138268 0.671289 0.123566 -0.009043 0.620822 0.864743 1.069899 0.625348 -0.009983 0.274585
0.554422 0.987118 0.148237 0.678417 0.220754 -0.013979 0.611400 0.730209 1.010813 0.580296 -0.019351 0.232820
0.599454 0.948344 0.202610 0.678825 0.185670 -0.010911 0.683441 0.923009 1.171191 0.690894 -0.115478 0.272163
0.551347 0.919487 0.108976 0.485264 0.255871 -0.064161 0.622260 0.909434 0.895703 0.617971 0.009813 0.275913
0.652227 0.941606 0.106444 0.522673 0.225786 -0.047985 0.557806 0.822144 0.977218 0.591400 -0.100276 0.315712
0.621493 0.899618 0.216465 0.559976 0.205147 -0.042322 0.570830 0.827887 0.968592 0.541496 0.003819 0.196544
0.630652 0.855176 0.189970 0.600598 0.176621 -0.032866 0.565642 0.782909 0.976429 0.692586 -0.002177 0.233441
0.610212 0.963654 0.165895 0.564898 0.224462 0.014038 0.537166 0.927528 0.893792 0.637975 0.018003 0.280641
0.661794 0.927652 0.152535 0.666687 0.210488 -0.021305 0.672552 0.898640 0.979996 0.659226 0.036369 0.223259
0.573386 0.882718 0.059023 0.604690 0.126939 -0.012297 0.625901 0.943762 1.099742 0.750283 -0.092821 0.315959
0.572734 0.906912 0.103176 0.721656 0.055182 0.036037 0.713779 0.926909 0.984707 0.664873 0.013388 0.262419
0.571962 0.982026 0.162981 0.661115 0.079118 0.061358 0.652456 0.883616 0.987530 0.587436 0.019467 0.133357
0.502121 0.959064 0.116617 0.603829 0.309719 0.029526 0.652582 0.901130 0.902525 0.704827 0.009974 0.281362
0.538618 0.983462 0.123089 0.637549 0.193674 0.100992 0.694060 0.912638 0.933572 0.692920 0.106731 0.236764
0.480478 0.858567 0.132229 0.661001 0.131685 0.115270 0.696101 0.890508 0.995455 0.648372 0.010724 0.276398
0.592175 0.914634 0.244477 0.552897 0.175201 -0.034306 0.611693 0.832458 1.008696 0.663604 0.048314 0.234919
0.547328 0.942000 0.178483 0.624624 0.081713 -0.036305 0.575793 0.819464 0.987598 0.761041 -0.017696 0.265207
0.628017 0.873068 0.118744 0.692241 0.120196 -0.028643 0.683177 0.958731 0.919122 0.618213 0.080370 0.223398
0.574799 0.879308 0.040932 0.725040 0.180171 -0.071917 0.669026 0.854387 0.965761 0.680669 0.100389 0.253925
0.625670 0.982474 0.129216 0.595596 0.214252 -0.036591 0.676320 0.962138 0.966807 0.677529 -0.021426 0.334937
0.570834 0.951210 0.223449 0.633627 0.128707 -0.097309 0.592842 0.872856 1.120420 0.637669 -0.055604 0.200814
0.557361 0.901593 0.167294 0.639252 0.200201 -0.013166 0.700936 0.931884 0.938389 0.618013 0.031695 0.262629
0.649852 0.955943 0.118412 0.573351 0.243669 0.001818 0.599574 0.749578 1.106150 0.655641 -0.023295 0.149914
0.452012 0.892264 0.157924 0.681083 0.178145 0.052582 0.637516 0.836079 0.998635 0.586767 -0.007866 0.263446
0.617098 0.955428 0.096689 0.628794 0.195016 -0.070087 0.682126 0.968024 0.980476 0.701222 0.048603 0.369222
0.581398 0.926837 0.139311 0.634873 0.161119 -0.042934 0.728784 0.897490 1.000911 0.602472 -0.045300 0.200107
0.595218 0.850497 0.133827 0.663736 0.174486 -0.018371 0.648773 0.917478 1.023464 0.615909 -0.042722 0.256915
0.583222 0.966559 0.044208 0.544826 0.157019 0.062766 0.616765 0.908994 1.031598 0.634423 0.005762 0.262029
0.636614 0.913594 0.058280 0.671579 0.149478 -0.032996 0.515164 0.861589 1.093288 0.659755 -0.129577 0.267778
0.655612 0.946765 0.203971 0.620517 0.147639 -0.002081 0.674439 0.900248 1.004424 0.673247 0.006603 0.258453
0.518655 0.941791 0.167421 0.568437 0.246281 -0.003217 0.543663 0.898456 0.919276 0.707053 -0.084374 0.325795
0.528199 0.911461 0.140091 0.584712 0.076915 0.010536 0.701528 0.825724 1.043439 0.670257 0.049758 0.250631
0.589456 0.832478 0.123338 0.608575 0.262287 0.119499 0.725320 0.838847 1.071809 0.684898 0.010551 0.196787
0.610702 0.899468 0.148025 0.653081 0.236078 -0.014382 0.701015 0.949643 0.985185 0.741021 0.064528 0.215554
0.541874 0.932247 0.153100 0.631383 0.257565 0.059932 0.525253 0.868816 1.019612 0.684524 0.088669 0.287503
0.618107 0.905555 0.180120 0.556602 0.157050 0.046239 0.652256 0.889666 0.991405 0.531082 -0.056671 0.232315
0.608431 0.956030 0.183774 0.585657 0.119182 -0.177362 0.636437 0.842429 0.998827 0.652835 0.025454 0.349167
0.582770 0.953412 0.046539 0.630814 0.239786 0.029737 0.600309 0.888749 0.980403 0.658950 0.037040 0.197103
0.576237 1.007825 0.288016 0.676046 0.232441 -0.025706 0.587762 0.931619 1.069548 0.729384 -0.064852 0.214186
0.627995 0.973756 0.146585 0.616126 0.203506 -0.052393 0.590605 0.865437 1.022361 0.709319 0.018165 0.137307
0.582717 0.858573 0.150101 0.687838 0.080054 -0.006235 0.625766 0.830638 1.013834 0.640473 0.063624 0.299470
0.606496 0.898725 0.110521 0.554645 0.165314 0.041883 0.608229 0.881782 1.032239 0.638108 0.053390 0.321921
0.631627 0.937952 0.161098 0.578105 0.185255 0.016600 0.600867 0.870594 0.977002 0.773120 0.157186 0.138522
0.591830 0.852292 0.203191 0.603019 0.175725 0.114584 0.754923 0.889691 0.933367 0.777528 -0.036389 0.232873
0.583321 0.887011 0.237328 0.620736 0.179042 -0.022796 0.590572 0.806523 1.028668 0.648399 0.012308 0.153686
0.527660 0.879556 0.119276 0.622304 0.217674 0.052534 0.591200 0.882370 0.943773 0.631265 -0.065295 0.179586
0.587048 0.984161 0.097416 0.516826 0.078375 0.023301 0.669583 0.930928 1.058315 0.599329 -0.022181 0.302260
0.587757 0.914281 0.190640 0.672204 0.184942 0.019588 0.630596 0.847908 1.039345 0.757955 -0.032538 0.133840
0.556325 1.000712 0.094954 0.674496 0.201404 0.020878 0.565309 0.938507 0.969666 0.634823 -0.061193 0.227313
0.599961 0.900061 0.215517 0.579503 0.296513 0.073463 0.672892 0.904465 1.062080 0.679851 -0.063040 0.242767
0.533753 0.878628 0.112024 0.647818 0.138555 -0.025592 0.669858 0.826614 0.977873 0.653258 0.056016 0.185233
0.590869 0.908598 0.194326 0.656288 0.223778 0.045587 0.632055 0.875868 0.961253 0.718623 -0.005733 0.211799
0.656723 0.930739 0.098774 0.592354 0.167914 -0.022770 0.687540 0.891010 1.060621 0.638008 -0.007851 0.301528
0.567630 0.980058 0.158736 0.681971 0.168873 -0.002569 0.583065 0.991295 0.927253 0.694318 -0.036568 0.189920
0.547042 0.979032 0.118270 0.637904 0.214293 -0.095082 0.635238 0.881062 1.040404 0.559992 -0.057674 0.345040
0.592276 1.008177 0.167576 0.635337 0.157075 0.021032 0.669407 0.840958 1.066539 0.588792 0.033994 0.350001
0.539853 0.941159 0.071617 0.566502 0.058322 -0.013201 0.637032 0.890741 0.976698 0.566858 0.067898 0.278657
0.602707 0.925092 0.075251 0.594916 0.137637 -0.008825 0.669846 0.889111 1.037444 0.668373 0.070682 0.259924
0.576317 0.886758 0.156675 0.534492 0.141002 -0.056892 0.656650 0.865294 1.019052 0.604566 -0.078429 0.269081
0.567295 0.892263 0.063014 0.699704 0.216810 -0.005243 0.640380 0.896179 1.017842 0.594140 0.020830 0.272240
0.595906 0.918007 0.089453 0.605609 0.202186 0.042962 0.613309 0.934504 1.055151 0.630524 -0.042191 0.228139
0.574170 0.955467 0.162955 0.642557 0.254900 0.015362 0.641060 0.802930 1.003610 0.604072 0.036649 0.139290
0.528469 0.841319 0.096448 0.590929 0.222287 0.007547 0.624391 0.824862 1.003150 0.641852 0.062780 0.295516
0.589488 0.983966 0.201951 0.586087 0.267907 -0.032494 0.685814 0.870120 0.987769 0.626488 0.030802 0.200243
0.587683 0.893220 0.153423 0.565706 0.186841 0.023546 0.678937 0.877043 1.006159 0.675669 -0.004509 0.248591
0.578474 0.933657 0.133713 0.690158 0.243763 0.087150 0.653070 0.837356 0.987780 0.698533 -0.059011 0.227825
0.625063 0.905535 0.109940 0.628069 0.205411 -0.020198 0.640709 0.914667 0.894585 0.636730 -0.023507 0.174947
0.582552 0.874876 0.129270 0.474596 0.162261 0.039250 0.574450 0.875925 0.898282 0.573522 -0.001142 0.203562
0.526642 0.970245 0.123421 0.617037 0.136767 0.081140 0.667880 0.834920 0.985773 0.617193 -0.023105 0.256738
0.655405 0.964919 0.144824 0.688740 0.223771 0.006312 0.732822 0.762437 1.058595 0.635032 0.044746 0.258630
0.639520 0.932114 0.196059 0.642110 0.128009 -0.028072 0.593850 0.932806 1.066589 0.612013 0.008771 0.253977
0.572917 0.904634 0.141758 0.642717 0.134703 0.037744 0.556131 0.820433 0.955017 0.609826 0.084860 0.196794
0.558648 0.964571 0.122558 0.618597 0.193238 -0.050534 0.702158 0.876538 0.925011 0.597857 0.074120 0.181966
0.524090 0.946327 0.165512 0.554117 0.110387 0.041979 0.680577 0.792353 1.008087 0.613897 -0.014561 0.205864
0.550353 0.900948 0.128367 0.609756 0.157349 0.005969 0.688905 0.835832 0.923528 0.724077 0.041376 0.167645
0.583446 0.884750 0.083039 0.555030 0.182102 0.087150 0.709876 0.909678 1.027041 0.636219 0.095381 0.394344
0.576746 1.051137 0.154255 0.549446 0.141764 0.060156 0.608494 0.889812 0.998730 0.662629 0.068175 0.156712
0.482648 0.970001 0.106070 0.623933 0.146968 -0.015390 0.652706 0.947958 0.988197 0.517188 -0.045966 0.315402
0.564292 0.888249 0.107818 0.637637 0.162469 -0.081604 0.632020 0.847150 1.024855 0.606867 0.034497 0.338519
0.650751 0.947082 0.119375 0.673586 0.271561 0.092405 0.582548 0.877167 1.028596 0.564340 0.015601 0.268570
0.612387 0.918647 0.148093 0.614734 0.146645 0.060803 0.635458 0.821573 0.981372 0.684591 0.018573 0.316352
0.516809 1.061032 0.162622 0.611048 0.217694 -0.093549 0.604493 0.894546 0.970656 0.592970 -0.004958 0.189056
0.624337 0.952353 0.207889 0.601589 0.139144 -0.033467 0.617030 0.822907 1.023460 0.746298 0.020098 0.327873
0.591930 0.929021 0.148083 0.640774 0.224600 -0.009619 0.683418 0.861748 0.981835 0.675890 0.109713 0.221183
0.491816 0.977735 0.144648 0.631987 0.184246 -0.016904 0.659014 0.770246 0.972611 0.573448 -0.001722 0.272230
0.614224 0.929420 0.111217 0.639348 0.204122 -0.124963 0.615804 0.828462 1.021204 0.655412 0.032680 0.205300
0.642457 0.897418 0.130422 0.587419 0.163232 -0.050282 0.602173 0.911922 0.969439 0.703246 0.080516 0.193636
0.561133 0.879998 0.146332 0.654908 0.133576 -0.078403 0.605379 0.854173 0.964634 0.684064 0.011068 0.256724
0.517116 0.994906 0.105494 0.663422 0.332924 0.058985 0.621276 0.838671 1.004030 0.711594 -0.001507 0.273409
0.538047 0.947684 0.157935 0.536457 0.210935 0.081608 0.662456 0.895804 0.945869 0.540874 0.022083 0.316281
0.585529 0.915655 0.228280 0.567122 0.126690 -0.088898 0.595902 0.778895 0.988253 0.658291 -0.012302 0.263920
0.527151 0.857349 0.109354 0.660728 0.208528 -0.126888 0.581394 0.820317 1.054181 0.645967 0.001765 0.364084
0.528078 0.964519 0.181076 0.559856 0.181616 -0.072274 0.674253 0.878501 0.944407 0.751470 0.047291 0.161176
0.584536 0.999096 0.139276 0.615466 0.230524 0.051507 0.653715 0.784223 0.944940 0.597505 -0.038169 0.291581
0.722077 1.004298 0.137540 0.581776 0.204271 0.029287 0.582161 0.851641 0.955309 0.637809 0.034970 0.182090
0.632728 1.002108 0.051675 0.661091 0.147770 0.063224 0.645279 0.874650 0.932144 0.640358 0.077722 0.258976
0.573564 0.941472 0.114611 0.589840 0.238708 0.020360 0.592016 0.849713 0.991446 0.583946 -0.011222 0.343010
0.602849 0.951269 0.036466 0.626896 0.256501 0.069087 0.642360 0.948747 1.166797 0.685923 -0.025238 0.210313
0.620570 0.956893 0.207475 0.629946 0.229325 -0.024334 0.528808 0.806536 1.011629 0.656357 0.077590 0.097040
0.619606 0.972256 0.124104 0.657390 0.079841 -0.056693 0.687216 0.885336 1.004038 0.660473 -0.068167 0.214127
0.628318 0.936209 0.166989 0.706419 0.202441 0.041382 0.581964 0.879777 0.997121 0.584213 0.023659 0.231517
0.577412 0.922083 0.104772 0.589473 0.211164 0.062192 0.652669 0.800361 0.996761 0.651900 0.109249 0.260632
0.580728 0.887153 0.160082 0.597474 0.220349 -0.031457 0.687993 0.909902 0.999939 0.644746 0.046994 0.249743
0.565553 0.979582 0.129207 0.625546 0.173815 0.010644 0.682689 0.889391 0.984760 0.636250 0.015454 0.211756
0.615801 0.926782 0.197837 0.607620 0.164314 -0.007963 0.594445 1.019909 0.976383 0.625239 0.061109 0.143449
0.575138 0.955808 0.199840 0.583210 0.234735 -0.024051 0.699498 0.918358 1.072416 0.587999 0.119063 0.222892
0.628434 0.993458 0.110255 0.635544 0.231471 0.045677 0.621843 0.913044 0.978815 0.692425 0.041952 0.211962
0.583952 0.926747 0.111199 0.691694 0.147166 -0.062731 0.665482 0.818747 1.005247 0.702422 0.055757 0.273293
0.560414 0.959352 0.178921 0.695352 0.175064 0.007721 0.696697 0.884263 0.928612 0.607600 0.041303 0.192594
0.556393 0.944010 0.196702 0.572753 0.161662 -0.035187 0.622929 0.841682 0.962321 0.708700 0.001905 0.223951
0.658235 0.883760 -0.017744 0.691084 0.196342 -0.018541 0.637604 0.745145 1.002244 0.648614 0.093888 0.230518
0.611652 0.972597 0.057239 0.663154 0.189694 -0.029456 0.615776 0.903746 1.017294 0.610168 -0.095959 0.337039
0.576877 0.930645 0.117905 0.669699 0.125379 -0.074466 0.626856 0.858797 1.038159 0.637949 0.001081 0.249757
0.626335 0.941775 0.156069 0.606538 0.190769 -0.043406 0.536771 0.811722 1.060019 0.702538 -0.046326 0.271625
0.648070 1.025480 0.054888 0.585329 0.229698 -0.021243 0.660220 0.942342 0.976599 0.550160 -0.026313 0.200398
0.486201 0.954425 0.177600 0.731436 0.230071 0.106452 0.620591 0.859683 1.007340 0.688865 -0.010666 0.281391
0.537465 0.882984 0.185153 0.520423 0.209985 0.014487 0.630235 0.910962 0.964648 0.655420 -0.074703 0.157963
0.582256 0.934288 0.258409 0.770849 0.154587 0.059411 0.615120 0.817621 0.944507 0.676246 0.054435 0.197770
0.629320 0.869637 0.095388 0.618389 0.192193 0.091484 0.650027 0.842923 1.017095 0.633118 0.043591 0.244137
0.581022 0.919698 0.120216 0.718249 0.192654 -0.064166 0.641533 0.897884 1.143811 0.625459 0.019576 0.244063
0.655936 0.933013 0.096305 0.719048 0.209451 -0.068184 0.672406 0.848411 0.935316 0.629183 0.067301 0.273455
0.575099 1.023938 0.088364 0.634605 0.219203 0.083863 0.728415 0.808317 0.988162 0.638368 -0.131485 0.192798
0.506570 0.982167 0.092067 0.635654 0.116897 0.111458 0.692216 0.876052 1.017089 0.702865 -0.044347 0.304939
0.538506 1.001437 0.007526 0.547809 0.212538 -0.052302 0.725932 0.898451 1.010321 0.684363 0.116046 0.206482
0.671837 0.927046 0.171895 0.736653 0.190722 0.010666 0.633836 0.897264 0.967604 0.670488 0.018754 0.163382
0.717222 0.978092 0.123959 0.596866 0.206635 -0.039411 0.565785 0.913646 0.938776 0.714344 -0.099891 0.156982
0.571749 0.959670 0.182222 0.613529 0.170536 -0.068894 0.671632 0.832429 0.961431 0.656213 0.012969 0.200231
0.548327 0.935829 0.155268 0.599930 0.195611 -0.026742 0.535700 0.792190 0.969237 0.657146 0.026536 0.334858
0.629130 0.923987 0.025806 0.644910 0.208776 0.043967 0.643946 0.838913 0.984423 0.714660 0.060342 0.295707
0.619311 0.911930 0.146132 0.638679 0.120830 -0.008599 0.615552 0.944800 1.072381 0.617244 0.070707 0.194620
0.534716 0.884153 0.138493 0.555719 0.157161 0.024780 0.642667 0.901139 0.950856 0.639933 0.107310 0.250138
0.697333 0.945285 0.184313 0.628103 0.108406 -0.028034 0.631772 0.900775 1.012910 0.539429 -0.071191 0.212696
0.650553 0.942993 0.151857 0.628018 0.055424 -0.006932 0.688356 0.886075 1.004331 0.653658 -0.002744 0.262199
0.460453 0.960780 0.172430 0.578216 0.083813 -0.089996 0.625700 0.861720 0.965445 0.573797 0.019740 0.215526
0.530480 0.874973 0.155934 0.563762 0.046972 -0.092391 0.635405 0.868120 1.006992 0.677745 0.063020 0.157852
0.580812 0.899632 0.174971 0.634067 0.157316 0.042493 0.641926 0.922127 0.925937 0.616007 0.000699 0.282234
0.532829 0.918173 0.101834 0.637703 0.233565 -0.039211 0.748921 0.878026 0.947543 0.682048 -0.022960 0.281743
0.636470 0.915704 0.196766 0.650641 0.113446 -0.018883 0.674254 0.957204 1.015442 0.623176 0.071865 0.270112
0.553223 0.881786 0.209812 0.553987 0.148052 -0.015939 0.708166 0.958250 0.922926 0.614565 0.023553 0.314959
0.717910 0.952048 0.124867 0.625318 0.289328 -0.051790 0.610592 0.939523 0.939647 0.555069 0.041886 0.251908
0.657695 0.902654 0.121551 0.605415 0.201071 -0.080403 0.596904 0.879925 0.999594 0.637669 -0.012787 0.279807
0.586219 1.013239 0.143139 0.524669 0.191444 0.057200 0.656009 0.727809 1.038754 0.657144 0.024427 0.176112
0.565204 0.945077 0.119516 0.610777 0.194403 0.018495 0.703342 0.835281 0.976598 0.698396 0.031349 0.170798
0.513266 0.892606 0.092321 0.589113 0.190032 0.028764 0.659963 0.769568 1.029601 0.636759 0.070411 0.295987
0.513990 1.000562 0.171860 0.621341 0.122095 -0.078850 0.707013 0.853266 0.944348 0.640427 -0.031769 0.246897
0.654023 0.900067 0.139135 0.650794 0.163627 -0.026996 0.620187 0.862919 0.781558 0.587291 0.058603 0.266030
0.600727 0.853662 0.163097 0.578720 0.213033 0.038509 0.598257 0.879986 1.026367 0.652302 -0.036007 0.340622
0.589081 0.885063 0.208636 0.604473 0.218275 0.028721 0.679193 0.914740 1.018561 0.665495 -0.019092 0.314873
0.575080 0.937197 0.195406 0.580831 0.274358 0.108481 0.649200 0.878893 0.990730 0.681683 0.019753 0.325124
0.606286 0.928772 0.192763 0.677851 0.192958 -0.002134 0.563055 0.828142 0.973423 0.617710 0.079152 0.162502
0.584942 0.938773 0.111690 0.655633 0.194704 -0.005214 0.605619 0.859254 0.986998 0.671229 -0.009781 0.183688
0.644993 0.938641 0.179614 0.601656 0.137801 0.006538 0.708481 0.843668 0.944471 0.747321 0.096992 0.180488
0.586495 0.941047 0.135399 0.595963 0.176902 -0.004061 0.727735 0.850786 0.968771 0.723297 -0.018364 0.220593
0.558625 1.042018 0.127163 0.549396 0.247865 0.038068 0.637559 0.893022 0.914728 0.661283 0.001814 0.203473
0.631894 0.882026 0.196163 0.655350 0.208615 -0.075575 0.550482 0.909861 0.904986 0.583517 0.005689 0.307676
0.560527 0.849416 0.128362 0.528940 0.232143 0.032611 0.564269 0.867197 1.077906 0.648943 -0.008463 0.276091
0.603845 0.974721 0.133960 0.646833 0.111039 0.070304 0.514763 0.937757 0.940061 0.693839 -0.063304 0.332362
0.619571 0.904882 0.155023 0.535767 0.204268 -0.015093 0.620596 0.858244 0.990253 0.608343 -0.057871 0.284577
0.589325 0.924534 0.008563 0.668825 0.251542 0.068446 0.668127 0.809688 0.995295 0.684715 0.054014 0.204234
0.518526 0.896279 0.191899 0.636271 0.254114 0.018639 0.560663 0.926863 0.932451 0.708279 0.028747 0.259549
0.550337 0.882999 0.091928 0.625408 0.105789 -0.009257 0.732703 0.797761 1.013889 0.609847 -0.010464 0.281656
0.534866 0.860811 0.205136 0.624689 0.306675 0.042025 0.638233 0.844791 0.990135 0.707308 0.031596 0.365448
0.570921 1.017595 0.095496 0.607388 0.235688 0.070429 0.662577 0.873525 0.979497 0.664579 -0.078292 0.303808
0.567851 0.918534 0.103801 0.632594 0.226206 -0.046318 0.555192 0.904107 0.963823 0.639050 -0.045713 0.218053
0.579733 0.966870 0.255033 0.662818 0.220859 0.000602 0.656110 0.921815 0.894592 0.689751 -0.010140 0.278675
0.550954 0.885392 0.147418 0.694844 0.093181 -0.075395 0.738914 0.871645 0.977933 0.641019 0.048878 0.264086
0.541244 0.895955 0.181515 0.536484 0.162512 -0.004743 0.726683 0.856274 1.028070 0.658764 0.051752 0.360492
0.566956 1.009167 0.092297 0.497223 0.202043 0.095430 0.580799 0.899287 1.022958 0.703976 0.045433 0.133373
0.578253 0.837489 0.054499 0.654120 0.197255 0.044218 0.665839 0.912091 0.979366 0.748098 -0.094911 0.261309
0.623185 0.948698 0.172335 0.601235 0.157601 0.034113 0.672232 0.955461 0.956039 0.665087 -0.070537 0.224560
0.520319 1.013824 0.233340 0.602608 0.134390 -0.029380 0.602550 0.932294 1.041682 0.626730 -0.005304 0.310608
0.656143 0.906267 0.104584 0.591330 0.135597 0.016894 0.618668 0.906723 0.980707 0.622503 0.021021 0.344013
0.596320 0.913224 0.172466 0.524530 0.109534 0.019789 0.643560 1.024601 0.953396 0.787991 0.081466 0.202615
0.519449 0.931939 0.120266 0.615600 0.214562 0.014248 0.592964 0.842736 0.977098 0.688927 0.012355 0.265582
0.552347 0.981220 0.175815 0.660184 0.159709 0.078817 0.583932 0.953718 0.943492 0.704960 0.043467 0.228011
0.627429 0.910620 0.127395 0.669459 0.161372 0.012860 0.658948 0.907272 1.100646 0.621035 0.003214 0.329675
0.534196 0.813965 0.156326 0.580270 0.215061 -0.024683 0.590807 0.906991 1.003181 0.650223 0.009486 0.210551
0.593088 0.967247 0.107027 0.607284 0.143394 -0.020820 0.660820 0.829145 1.071404 0.668702 -0.065450 0.176529
0.571409 0.944224 0.187255 0.620975 0.242312 -0.013351 0.720585 0.818622 1.086943 0.681028 0.081554 0.184811
0.630891 0.934273 0.117634 0.618750 0.154810 -0.035715 0.615879 0.850064 0.953375 0.628514 0.008052 0.202677
0.477129 1.007258 0.180288 0.695664 0.119555 0.074657 0.591931 0.717928 1.009679 0.639766 0.018374 0.386914
0.595276 0.871740 0.100586 0.527914 0.147525 -0.025527 0.568897 0.927339 1.001624 0.670766 0.042143 0.301149
0.603868 0.862299 0.087054 0.631809 0.136285 0.074451 0.673071 0.814532 0.985418 0.705787 0.031697 0.238406
0.563596 0.964627 0.130228 0.651064 0.102426 -0.073455 0.654447 0.832644 0.949851 0.508786 0.050608 0.256227
0.618740 0.920139 0.114782 0.621356 0.248102 0.057399 0.668325 0.818034 1.059453 0.696805 0.022877 0.198739
0.629347 0.982740 0.132625 0.533665 0.145602 -0.003495 0.760190 0.921511 1.005781 0.727178 0.056230 0.272048
0.609445 0.903181 0.165318 0.653999 0.101471 -0.033636 0.686823 0.886982 0.935873 0.617728 -0.053003 0.289259
0.616127 0.918016 0.107881 0.637547 0.138239 0.090165 0.642805 0.807184 0.923562 0.549126 -0.059640 0.225735
0.615159 0.962293 0.175205 0.596720 0.169258 -0.046071 0.648910 0.848918 1.004405 0.725008 -0.002337 0.185876
0.524349 0.816046 0.141069 0.622948 0.163449 0.031194 0.606146 0.910049 1.000764 0.598787 -0.066371 0.258018
0.502734 0.821635 0.044383 0.510283 0.196927 -0.029511 0.652561 0.768573 0.950676 0.742714 0.100760 0.126546
0.519573 0.933667 0.199151 0.622790 0.268805 0.022640 0.670722 0.849931 1.034246 0.732954 0.071741 0.310206
0.527089 0.891703 0.171784 0.649424 0.170455 -0.010659 0.597639 0.804078 1.048196 0.667758 0.027586 0.350096
0.650852 0.893046 0.130918 0.628187 0.184332 -0.053140 0.644724 0.894824 1.009023 0.688584 -0.021173 0.230344
0.593491 0.916623 0.188359 0.650791 0.242640 0.016037 0.598990 0.887589 1.010461 0.753184 0.046016 0.232499
0.598256 0.876216 0.135866 0.580751 0.192575 -0.051568 0.652602 0.788235 0.973410 0.676686 -0.011301 0.213938
0.580754 0.865977 0.091921 0.615007 0.214491 0.061718 0.596031 0.865314 1.080766 0.712893 -0.016209 0.284039
0.646107 0.932367 0.113524 0.617234 0.197774 -0.072360 0.614372 0.825390 0.983028 0.615546 -0.007500 0.225014
0.555105 0.920166 0.213709 0.581839 0.167510 -0.060403 0.626136 0.848989 0.984422 0.735433 0.032788 0.179916
0.655957 0.999484 0.132593 0.605790 0.179810 0.010677 0.632464 0.812682 1.006483 0.664717 0.032588 0.323540
0.560692 0.918913 0.120666 0.672717 0.183055 -0.079732 0.625494 0.865862 1.011533 0.664932 0.015926 0.247416
0.583542 0.887537 0.218429 0.523725 0.150785 0.015306 0.528516 0.817516 1.033375 0.604446 -0.053664 0.239315
0.630775 0.889024 0.116179 0.614561 0.210226 0.053089 0.696897 0.831386 1.037458 0.676358 -0.124416 0.262186
0.602662 0.955512 0.144352 0.651702 0.142416 0.012340 0.590717 0.916713 1.011647 0.677945 -0.069468 0.106805
0.666601 0.906714 0.129694 0.529932 0.236190 0.037274 0.682906 0.928922 1.120304 0.685403 -0.006493 0.281869
0.629891 0.942860 0.108283 0.620839 0.203586 0.041257 0.686771 0.894480 1.013161 0.705821 -0.025168 0.302010
0.544717 1.012597 0.190934 0.568473 0.113978 0.022815 0.681899 0.906446 0.917997 0.682386 0.090981 0.199302
0.598758 0.898072 0.131435 0.566158 0.232797 -0.042778 0.536929 0.903976 1.038170 0.596779 -0.005843 0.308478
0.511446 0.917311 0.100842 0.557930 0.181709 0.070958 0.642205 0.814006 0.949992 0.738369 0.050531 0.205913
0.566660 0.989442 0.126909 0.638429 0.133532 -0.007892 0.600275 0.734458 0.998170 0.658989 -0.034661 0.374419
0.603575 0.885883 0.137094 0.606877 0.241763 0.069003 0.667556 0.966595 0.975266 0.709302 0.051934 0.202844
0.574669 0.889618 0.170775 0.681185 0.219423 -0.036146 0.572794 0.930092 0.974555 0.683367 0.009709 0.282637
0.600477 0.961413 0.118559 0.552836 0.269129 -0.046473 0.575342 0.807501 1.049827 0.601007 -0.098578 0.188194
0.551534 0.921896 0.192576 0.505033 0.129177 0.004635 0.588320 0.863440 0.938462 0.666267 0.066654 0.203074
0.577545 0.863809 0.115936 0.588340 0.125836 -0.022595 0.600146 0.817039 0.923937 0.699328 0.078829 0.302104
0.499778 0.875406 0.188184 0.664117 0.219172 -0.007028 0.615222 0.902644 0.981494 0.669955 0.000885 0.202704
0.591156 0.984549 0.089979 0.540997 0.166496 -0.029062 0.605041 0.757418 0.951108 0.749715 0.040621 0.274959
0.577737 0.944084 0.130264 0.643287 0.209460 0.014452 0.720930 0.845126 0.944512 0.750819 0.059308 0.268472
0.505539 0.916503 0.147865 0.621108 0.165136 0.003259 0.648179 0.828340 1.008568 0.639891 -0.026226 0.183662
0.585964 0.964184 0.132227 0.671747 0.204614 -0.007323 0.599108 0.884105 1.027306 0.640617 0.064357 0.185123
0.623541 1.024494 0.167912 0.578493 0.156171 0.036730 0.598780 0.929375 1.001890 0.631783 0.012798 0.367282
0.607932 0.847464 0.126974 0.625228 0.210678 -0.054021 0.650713 0.915839 1.020177 0.709036 0.011823 0.308111
0.628750 0.906851 0.117822 0.645808 0.191694 0.039029 0.651747 0.782373 1.068328 0.666668 0.168245 0.342811
0.667226 0.910436 0.121353 0.566424 0.173840 -0.064150 0.672968 0.799207 0.986305 0.640839 -0.047810 0.255933
0.567997 1.014459 0.202188 0.652495 0.177483 -0.131598 0.675060 0.884272 0.974869 0.651593 -0.016018 0.256177
0.597359 0.955756 0.147655 0.673427 0.251766 -0.033540 0.686911 0.858937 0.877320 0.673938 -0.034324 0.221542
0.561182 0.914926 0.228184 0.578146 0.237112 0.021352 0.606568 0.817145 1.090433 0.693269 0.004197 0.237586
0.629990 0.853650 0.118449 0.561664 0.134362 -0.005460 0.700248 0.827361 1.040346 0.612845 -0.079347 0.234992
0.583586 0.941547 0.109133 0.674731 0.119389 0.053027 0.636680 0.833922 0.938987 0.647125 -0.047726 0.280761
0.577506 0.884768 0.122563 0.595745 0.186385 0.069729 0.653356 0.820421 1.023542 0.648945 -0.056388 0.257755
0.532065 0.938548 0.142562 0.692626 0.113693 -0.098485 0.680442 0.882426 0.942662 0.588692 -0.016409 0.269481
0.539046 0.953421 0.160450 0.594258 0.172389 -0.054344 0.621433 0.820009 0.940503 0.657330 0.071894 0.249380
0.545184 0.979166 0.133485 0.656092 0.107941 -0.009067 0.614862 0.897414 0.952415 0.696817 -0.073691 0.274560
0.560899 0.917394 0.144283 0.600807 0.162695 -0.078361 0.629378 0.787679 1.062709 0.549279 0.005295 0.238368
0.601727 0.852205 0.126772 0.573215 0.179495 0.029974 0.623202 0.932651 0.968457 0.678219 -0.027212 0.169500
0.613017 0.932183 0.098705 0.644412 0.253011 -0.048081 0.605517 0.899747 0.980196 0.699384 -0.002708 0.194133
0.591952 0.985224 0.152827 0.585297 0.115095 -0.018091 0.702832 0.853823 0.953780 0.746924 0.045154 0.268509
0.558674 0.903132 0.209163 0.705036 0.188519 0.044924 0.692148 0.777568 1.013851 0.705220 -0.026338 0.274879
0.520993 0.945806 0.065517 0.661308 0.103888 0.072305 0.658058 0.836885 0.960857 0.612269 0.046278 0.306560
0.696476 1.004274 0.170105 0.579167 0.203373 -0.038595 0.580311 0.902014 1.023616 0.724956 -0.038052 0.189443
0.595496 0.975581 0.113919 0.624208 0.116991 -0.047663 0.566517 0.779731 0.975862 0.599968 0.042477 0.155136
0.631382 0.948010 0.120070 0.597364 0.106726 -0.001275 0.658461 0.965575 0.979807 0.643374 -0.051173 0.224717
0.601483 0.954703 0.117941 0.589019 0.275446 0.034439 0.702330 0.861772 0.913862 0.713267 0.108868 0.213433
0.616638 0.929765 0.139950 0.657490 0.086898 -0.054504 0.660314 0.773564 1.045537 0.725794 0.038019 0.247773
0.571888 0.911828 0.193217 0.641017 0.208996 0.057276 0.582245 0.859700 0.942663 0.675238 -0.065780 0.346124
0.661926 0.916082 0.168012 0.580205 0.175824 -0.006585 0.566325 0.820946 1.003146 0.739984 0.002402 0.259130
0.591392 0.957311 0.165056 0.607972 0.218640 0.057461 0.543479 0.855160 1.068890 0.699686 0.021444 0.254490
0.643097 1.010350 0.154045 0.599024 0.128357 -0.075327 0.632298 0.854841 1.013798 0.603414 0.020858 0.207774
0.482619 1.016996 0.146477 0.694541 0.254330 0.026025 0.597142 0.840120 1.047998 0.710527 -0.025609 0.255120
0.548040 0.994071 0.116696 0.620099 0.155414 -0.053252 0.649215 0.924621 0.940302 0.693096 0.022428 0.180694
0.658560 0.967628 0.227823 0.625046 0.171701 -0.023096 0.607474 0.934120 0.981105 0.674850 0.030094 0.291712
0.435025 0.820205 0.748732 1.044985 0.388613 0.462943 0.984054 0.138817 0.603929 0.349128 0.809366 0.661869
0.431078 0.767609 0.786339 1.005070 0.412082 0.425143 1.028092 0.088761 0.710466 0.316244 0.851072 0.708085
0.344280 0.755269 0.820397 0.974128 0.419822 0.534929 0.927557 -0.008261 0.530424 0.396338 0.762498 0.771539
0.381401 0.701644 0.852286 1.023842 0.365978 0.443406 0.994474 0.116705 0.588181 0.330363 0.823545 0.734470
0.410390 0.661220 0.803426 0.904763 0.360367 0.482335 0.942363 0.048340 0.601244 0.338505 0.868129 0.664006
0.456647 0.669632 0.725525 0.977556 0.490454 0.438865 0.985339 0.074969 0.532708 0.361824 0.871602 0.676498
0.509158 0.726064 0.753226 1.002538 0.346939 0.576027 0.904317 0.036639 0.558897 0.407405 0.926901 0.626398
0.439180 0.830642 0.831768 0.931408 0.423683 0.491595 0.947754 0.111989 0.644868 0.252339 0.913766 0.623583
0.435248 0.744445 0.858273 0.966629 0.413760 0.559444 1.028054 -0.018466 0.668078 0.349157 0.909512 0.695093
0.530753 0.724118 0.842401 0.928910 0.485479 0.509034 0.943959 0.019577 0.694703 0.360722 0.832584 0.699060
0.469997 0.802685 0.851248 0.944600 0.446267 0.550952 0.845086 0.060347 0.571756 0.373567 0.831399 0.661386
0.317994 0.731385 0.843610 0.934377 0.429821 0.494208 0.948878 0.065767 0.635517 0.341697 0.837876 0.690217
0.446892 0.711478 0.873855 0.880503 0.378358 0.488088 0.982621 0.005935 0.691968 0.379224 0.792648 0.655038
0.325142 0.697242 0.802701 0.918587 0.399232 0.630155 0.930869 0.070059 0.538666 0.359679 0.850863 0.645185
0.499740 0.623297 0.753413 0.966058 0.355575 0.594240 0.884771 0.046786 0.596471 0.259775 0.794550 0.700097
0.401940 0.701959 0.864345 0.918621 0.350788 0.574300 0.893672 -0.026166 0.648365 0.341951 0.783382 0.595287
0.416115 0.704295 0.838222 0.943340 0.432405 0.516147 1.062977 0.039315 0.638037 0.422270 0.905186 0.737996
0.335697 0.806353 0.783252 0.965508 0.452246 0.490154 0.876418 -0.044968 0.527196 0.379565 0.800134 0.737068
0.426066 0.735007 0.745939 0.928002 0.501395 0.463125 0.809179 0.039564 0.515371 0.356815 0.817261 0.668366
0.472860 0.711074 0.783379 0.996237 0.313582 0.459796 1.041934 0.116728 0.545385 0.276274 0.840005 0.669003
0.388390 0.702889 0.709363 0.974716 0.466720 0.523429 0.973343 -0.023147 0.608958 0.393388 0.782790 0.768552
0.400105 0.684473 0.886635 1.018373 0.450856 0.543785 0.999055 0.046157 0.578040 0.321565 0.852819 0.697248
0.446425 0.741255 0.625141 0.939968 0.368299 0.556158 0.846346 -0.016146 0.592920 0.392627 0.787319 0.689428
0.418476 0.740072 0.802590 0.857291 0.371783 0.468736 0.857038 -0.070860 0.588961 0.300983 0.792736 0.662986
0.429434 0.737236 0.861147 0.999995 0.431146 0.526314 0.976873 0.041716 0.550103 0.319529 0.720845 0.723680
0.380943 0.773743 0.812907 0.933145 0.400802 0.444935 0.916604 0.114587 0.612867 0.283158 0.872740 0.720694
0.330865 0.796726 0.809157 0.974796 0.417969 0.512537 0.909355 0.042848 0.603167 0.343716 0.852110 0.682989
0.448708 0.716159 0.861101 0.999692 0.405866 0.484553 0.958908 0.006467 0.608773 0.248733 0.809141 0.674045
0.423754 0.681898 0.794557 1.005165 0.405905 0.511920 0.908496 0.082310 0.586594 0.333754 0.781815 0.564568
0.457108 0.830382 0.745911 0.898967 0.383524 0.562011 0.985332 -0.047459 0.615030 0.229824 0.745727 0.698087
0.375528 0.769787 0.752720 0.948736 0.404829 0.535667 0.969518 -0.022826 0.567875 0.296347 0.782708 0.683210
0.413615 0.782828 0.828466 0.917911 0.382852 0.513454 0.983683 0.084171 0.641214 0.361490 0.816924 0.725845
0.397141 0.785211 0.861645 1.022349 0.434582 0.490530 0.833516 0.011566 0.649543 0.394016 0.837959 0.617851
0.378256 0.765076 0.808379 0.899036 0.360375 0.515259 0.967556 0.082623 0.649358 0.283589 0.831251 0.623824
0.400044 0.829097 0.799821 0.965618 0.396330 0.520930 0.950500 0.021591 0.633766 0.325594 0.775625 0.758175
0.381291 0.747631 0.784852 1.019069 0.363567 0.526787 1.078867 0.111796 0.601183 0.337713 0.854244 0.697700
0.393876 0.734337 0.806664 0.932682 0.442013 0.571713 0.885366 0.086828 0.603962 0.347773 0.812490 0.795076
0.395268 0.738833 0.842780 0.974812 0.342751 0.524882 0.946176 -0.048153 0.652791 0.245524 0.904312 0.795042
0.436203 0.703120 0.825426 0.842988 0.325391 0.525622 0.971699 0.040124 0.509901 0.286582 0.818088 0.720267
0.518094 0.715867 0.856818 0.975050 0.317761 0.540333 0.907906 0.110188 0.551918 0.287199 0.840866 0.629905
0.456397 0.685913 0.743443 1.004678 0.445968 0.473891 0.962796 0.142199 0.601825 0.332227 0.851096 0.690365
0.397232 0.623970 0.810179 0.960879 0.336292 0.474049 0.934088 -0.077790 0.597163 0.286376 0.944585 0.668007
0.353240 0.723381 0.777596 0.932992 0.406473 0.493647 0.885411 0.024707 0.619687 0.268903 0.739396 0.746725
0.359350 0.741182 0.888212 1.041017 0.389095 0.595614 0.834477 0.052968 0.571834 0.351486 0.778262 0.652434
0.385459 0.680850 0.849925 0.965358 0.422134 0.520150 0.886887 0.130257 0.641213 0.407906 0.812874 0.715353
0.432113 0.816919 0.883344 0.912897 0.335320 0.583961 0.923478 -0.000501 0.662671 0.350159 0.875543 0.726939
0.394829 0.763964 0.768330 0.929574 0.353462 0.540554 0.917855 -0.033577 0.620914 0.361507 0.832357 0.596160
0.432523 0.701939 0.825731 0.934202 0.388589 0.445556 0.891804 0.004498 0.560432 0.266808 0.778649 0.641636
0.412730 0.813284 0.797192 0.967237 0.374890 0.529030 0.938468 -0.017991 0.613132 0.329326 0.835920 0.664145
0.393841 0.756249 0.783368 0.979471 0.293865 0.557247 0.889706 0.085187 0.579948 0.300865 0.826944 0.744645
0.466162 0.736839 0.804117 1.003035 0.357960 0.595930 0.923050 0.018368 0.615160 0.396629 0.883290 0.661817
0.343337 0.840871 0.760529 0.818974 0.363243 0.505508 0.949864 -0.004279 0.516251 0.335741 0.810218 0.688644
0.510966 0.710162 0.779537 0.862339 0.507815 0.536235 0.819712 -0.021904 0.556053 0.277289 0.908962 0.725418
0.402118 0.851407 0.875365 1.005667 0.453395 0.590147 0.921325 0.009703 0.622666 0.307807 0.895087 0.605538
0.406392 0.650307 0.836209 0.979912 0.403127 0.578244 0.901941 0.025593 0.566921 0.301695 0.864858 0.722823
0.402493 0.757598 0.838172 0.990339 0.415611 0.532323 1.032554 0.086687 0.617755 0.370431 0.840584 0.691924
0.352782 0.789505 0.843542 0.987359 0.391084 0.594848 0.932960 -0.013973 0.543580 0.289787 0.755628 0.735767
0.401821 0.663941 0.805019 0.923436 0.474973 0.474531 0.990936 0.029388 0.530888 0.327882 0.746937 0.629839
0.469479 0.673667 0.863501 0.943686 0.451136 0.478147 0.968237 -0.017842 0.638229 0.375201 0.766743 0.667734
0.351794 0.724736 0.821575 0.924043 0.540493 0.506959 0.926616 0.035383 0.583528 0.317931 0.855428 0.634910
0.347802 0.757347 0.850931 0.996051 0.389756 0.522841 0.860903 0.031182 0.599811 0.276278 0.878438 0.731099
0.479222 0.698690 0.780111 0.931200 0.426104 0.480938 0.963646 0.018393 0.556752 0.416126 0.841851 0.703242
0.425345 0.656663 0.694960 0.948559 0.488380 0.516262 0.896388 -0.024792 0.560853 0.377118 0.904923 0.656984
0.386409 0.701930 0.830940 0.947515 0.343300 0.450792 0.935118 -0.023463 0.615834 0.279095 0.845070 0.742853
0.374187 0.760464 0.802640 1.058029 0.361589 0.546339 0.873325 0.022504 0.599266 0.380867 0.837439 0.655427
0.431274 0.697853 0.808651 0.947303 0.388842 0.588851 0.842420 0.010703 0.644493 0.338537 0.756206 0.597927
0.474064 0.776634 0.773578 0.933354 0.317031 0.512012 0.990237 -0.023238 0.644782 0.194923 0.851776 0.700722
0.471769 0.795766 0.812805 0.993889 0.509644 0.500536 0.951694 0.028694 0.610138 0.297627 0.862721 0.728957
0.414239 0.809489 0.868982 0.942412 0.401270 0.517374 0.994728 -0.025131 0.574620 0.325764 0.858818 0.708964
0.403511 0.713981 0.888663 0.908627 0.450275 0.566009 1.000769 0.021133 0.617485 0.313828 0.796183 0.674567
0.381281 0.726583 0.759256 0.948553 0.382959 0.563642 0.893683 0.075025 0.605933 0.341693 0.801903 0.636408
0.431219 0.730289 0.889844 0.985578 0.425234 0.567553 0.985613 -0.050655 0.678071 0.248384 0.951953 0.619637
0.393449 0.723390 0.801269 0.939379 0.397410 0.537318 0.969076 0.002442 0.644767 0.337479 0.816300 0.732651
0.300261 0.629580 0.871607 1.007002 0.391946 0.442108 0.897937 -0.022618 0.619763 0.364850 0.856064 0.703894
0.373762 0.794539 0.870406 0.964074 0.409553 0.496302 0.892812 0.082269 0.505507 0.375243 0.840472 0.723298
0.449944 0.737793 0.775815 1.013931 0.327168 0.569976 0.925195 -0.006022 0.564333 0.358317 0.843827 0.691751
0.410638 0.735937 0.823623 0.995284 0.450382 0.471869 0.969476 0.011848 0.610645 0.259284 0.866355 0.633988
0.424411 0.684584 0.823260 1.008067 0.454526 0.539903 0.950427 -0.020854 0.633244 0.402916 0.883349 0.702107
0.359738 0.734878 0.791843 0.921158 0.432409 0.446955 0.838494 -0.046667 0.575518 0.345942 0.865383 0.616341
0.409705 0.727491 0.790259 0.959869 0.462868 0.483574 0.926527 0.077497 0.565999 0.294741 0.920374 0.665857
0.408961 0.638290 0.699969 0.942788 0.419320 0.539174 0.922081 -0.007522 0.644530 0.355102 0.810508 0.656658
0.431067 0.678399 0.872598 0.866890 0.397005 0.531392 0.983060 0.092703 0.591276 0.291296 0.795644 0.684353
0.435234 0.731437 0.758242 1.042513 0.404786 0.532715 0.937089 0.022011 0.552584 0.417178 0.881479 0.728844
0.431477 0.636519 0.803253 0.907757 0.418258 0.520902 0.951307 -0.003416 0.620907 0.311512 0.772042 0.681964
0.474845 0.697286 0.813396 1.063494 0.349545 0.426968 0.845637 -0.009922 0.586617 0.425123 0.819453 0.622539
0.352228 0.746470 0.838217 0.887427 0.389011 0.469436 0.915172 0.131047 0.618785 0.357832 0.888843 0.669159
0.392684 0.819113 0.897322 0.966548 0.471197 0.537473 0.891366 0.080055 0.483826 0.367190 0.917361 0.675546
0.321306 0.794609 0.840327 0.984880 0.393224 0.589728 0.933501 0.077006 0.558207 0.365137 0.815727 0.657181
0.438446 0.620155 0.773510 1.027292 0.330060 0.538214 0.979238 0.040003 0.529744 0.321980 0.799768 0.723121
0.600468 0.823514 0.680331 0.875669 0.374919 0.430184 0.914133 0.094776 0.618152 0.307241 0.804621 0.638216
0.410024 0.809117 0.742896 0.962617 0.357910 0.540842 0.977796 -0.012042 0.643342 0.287988 0.865143 0.792678
0.415699 0.777609 0.818341 0.953134 0.390405 0.496898 0.851226 -0.001711 0.548706 0.386234 1.008254 0.687224
0.471217 0.696883 0.856553 0.889568 0.303101 0.548584 0.850465 0.058134 0.545420 0.340679 0.837000 0.656395
0.392684 0.728176 0.821773 0.962698 0.352488 0.515345 0.962383 0.087772 0.568394 0.293438 0.791850 0.664069
0.507120 0.737402 0.815840 1.002756 0.486225 0.492667 0.994761 0.019434 0.491770 0.422808 0.829623 0.675079
0.333465 0.795440 0.783031 0.961429 0.364583 0.539662 0.970283 0.045674 0.562154 0.300814 0.912689 0.759988
0.475186 0.739971 0.840111 1.003652 0.520620 0.547429 0.909345 -0.065301 0.564268 0.372763 0.814350 0.635034
0.328547 0.713053 0.773564 0.941996 0.342291 0.498611 0.950151 -0.038725 0.616491 0.312642 0.923154 0.692540
0.411883 0.718939 0.811406 0.979161 0.448008 0.582292 0.966793 0.097111 0.654948 0.274832 0.824131 0.654250
0.371391 0.749837 0.881695 0.915206 0.461394 0.564568 1.014439 0.026984 0.578032 0.313391 0.874528 0.662099
0.389427 0.690455 0.844088 0.902055 0.386041 0.601012 0.940392 -0.010779 0.571961 0.458386 0.902549 0.628755
0.405264 0.621531 0.887684 1.009626 0.419553 0.523301 0.956632 0.040344 0.579009 0.334313 0.857506 0.715765
0.522727 0.748382 0.822419 0.924820 0.482780 0.498205 0.942949 0.097949 0.571530 0.401650 0.833669 0.711499
0.535647 0.813601 0.728648 0.865626 0.428555 0.464061 0.916304 0.062535 0.552749 0.321347 0.883430 0.657789
0.348500 0.706320 0.780582 0.988356 0.467121 0.549821 0.979680 -0.040713 0.559982 0.347087 0.897123 0.691146
0.435630 0.798009 0.825781 0.983510 0.378083 0.584360 0.977067 -0.039044 0.566056 0.386617 0.830944 0.634067
0.469492 0.764692 0.791762 0.973542 0.472201 0.468301 0.919493 0.101778 0.579699 0.315033 0.916170 0.625653
0.459056 0.753727 0.840638 0.926633 0.381978 0.498973 0.910938 0.044804 0.614381 0.337878 0.811247 0.721052
0.469461 0.802876 0.781541 0.967292 0.383904 0.503083 0.965591 -0.009924 0.651837 0.290664 0.870948 0.632726
0.469964 0.731263 0.750925 0.953680 0.400648 0.537429 0.923463 0.038638 0.504739 0.376147 0.859919 0.776341
0.445580 0.765932 0.859242 1.043668 0.366673 0.555285 0.975295 0.098822 0.647351 0.323159 0.943041 0.677145
0.406805 0.719453 0.830233 0.953851 0.417261 0.398221 0.916102 0.054195 0.564575 0.433821 0.856644 0.665873
0.349227 0.753635 0.750596 0.943818 0.408034 0.534348 0.982457 0.092456 0.615519 0.395326 0.848517 0.685308
0.339402 0.734301 0.977982 0.959702 0.412147 0.568550 0.946010 -0.033658 0.594729 0.407879 0.782180 0.625519
0.370175 0.729644 0.749892 1.000552 0.428085 0.537132 0.958426 0.036820 0.629890 0.260962 0.892835 0.647856
0.352287 0.711983 0.805407 1.040125 0.261674 0.536495 0.949069 0.144525 0.606755 0.198570 0.809571 0.665506
0.431404 0.709156 0.798031 0.905856 0.472513 0.514383 0.952348 0.074292 0.511272 0.305751 0.874365 0.700949
0.319400 0.734948 0.692015 0.975880 0.370591 0.550271 0.857046 0.090168 0.536924 0.331835 0.843351 0.724670
0.352205 0.777036 0.872591 0.895628 0.438454 0.491814 0.952321 -0.010529 0.611237 0.396525 0.809240 0.685908
0.321548 0.711047 0.811471 0.925247 0.403918 0.429915 0.955770 0.109936 0.555313 0.289735 0.792523 0.679009
0.358849 0.689374 0.833129 1.009631 0.415640 0.544508 0.947269 -0.000441 0.648385 0.435935 0.814996 0.666564
0.406786 0.754887 0.707246 0.940103 0.470134 0.607620 0.861996 -0.008492 0.678701 0.317010 0.832587 0.689697
0.336776 0.733248 0.753484 0.970050 0.474104 0.485709 0.915041 0.037744 0.626728 0.308728 0.858863 0.613371
0.417766 0.830055 0.779478 0.925293 0.329566 0.538540 0.889834 0.011409 0.671411 0.218105 0.887623 0.726241
0.311245 0.698424 0.866851 0.918828 0.380261 0.490236 0.948347 0.059936 0.578472 0.334507 0.776765 0.772667
0.380472 0.754256 0.806690 0.892705 0.437915 0.589202 0.870363 -0.018874 0.593572 0.446396 0.827414 0.797684
0.388161 0.762553 0.834097 0.974239 0.375396 0.559182 0.836415 0.063391 0.596916 0.371229 0.902920 0.733311
0.467031 0.708156 0.844794 0.919340 0.488118 0.404213 0.954911 0.033519 0.697999 0.306035 0.786653 0.710532
0.446007 0.706983 0.800026 0.939117 0.441396 0.514303 0.965646 -0.055942 0.613704 0.297163 0.849937 0.714564
0.383313 0.686567 0.859053 0.894869 0.371667 0.544054 0.910228 0.015751 0.557637 0.367331 0.813761 0.718912
0.471353 0.791400 0.874697 0.994077 0.416838 0.489540 0.832927 -0.006445 0.552121 0.366867 0.814721 0.634821
0.420650 0.669627 0.758247 0.896091 0.326183 0.501457 1.001251 0.008811 0.619207 0.400673 0.812866 0.662589
0.483089 0.714623 0.753679 0.945716 0.377598 0.523447 0.990629 -0.007188 0.527458 0.309366 0.720250 0.670018
0.488224 0.725538 0.811138 1.036944 0.490402 0.486623 0.948876 0.007239 0.606526 0.435436 0.867461 0.670861
0.413644 0.687318 0.878094 0.942738 0.409357 0.480353 0.937573 0.007849 0.671403 0.416725 0.843204 0.728234
0.479069 0.743661 0.845833 0.877724 0.395137 0.513069 0.914108 0.056538 0.554106 0.358924 0.728863 0.719222
0.409421 0.763467 0.820643 1.010867 0.458059 0.529571 0.947796 0.022172 0.606293 0.426506 0.808721 0.613333
0.335202 0.681388 0.802806 0.988072 0.471902 0.439522 0.993318 0.010611 0.640959 0.270703 0.775314 0.721839
0.370898 0.750028 0.750833 1.046791 0.473289 0.495221 1.031558 0.059184 0.631891 0.304006 0.839699 0.671517
0.464332 0.786628 0.805165 0.898960 0.366256 0.569710 0.918552 0.045056 0.594612 0.290329 0.808272 0.710866
0.436068 0.738731 0.770764 0.848854 0.361627 0.538169 0.897422 0.066082 0.560964 0.298949 0.866200 0.651815
0.373976 0.717601 0.759300 0.863612 0.359011 0.594025 0.980231 -0.014192 0.581613 0.345988 0.829409 0.733728
0.442203 0.747434 0.943672 1.040273 0.376659 0.527719 0.962692 0.030696 0.544735 0.187914 0.884249 0.669960
0.394000 0.859200 0.794685 0.931520 0.290448 0.479748 1.068614 0.065078 0.660659 0.387982 0.772952 0.774991
0.412604 0.703025 0.725241 0.948319 0.409756 0.564386 0.930568 0.048030 0.590499 0.418113 0.814738 0.655436
0.355712 0.746597 0.862548 0.986553 0.367222 0.579982 0.926186 -0.004030 0.557779 0.257142 0.889457 0.681410
0.423150 0.718168 0.800167 0.941398 0.392930 0.533211 0.924490 0.060278 0.547914 0.336413 0.816371 0.669694
0.493784 0.722694 0.760929 0.939875 0.425008 0.452460 0.874282 0.074259 0.646317 0.310564 0.795903 0.691744
0.386806 0.769538 0.873167 0.890534 0.517127 0.518161 0.937467 0.076572 0.526234 0.273034 0.792685 0.611206
0.380412 0.708167 0.779906 0.933629 0.313083 0.544695 0.877094 0.020668 0.586786 0.299051 0.839564 0.653042
0.438153 0.712487 0.803950 0.927735 0.411219 0.646337 0.899720 0.017530 0.647587 0.347875 0.806413 0.662188
0.340285 0.774708 0.779651 0.921301 0.349440 0.591588 0.944809 0.058714 0.562553 0.338072 0.889179 0.711036
0.368967 0.750192 0.794723 0.958429 0.398247 0.496826 0.941403 -0.027594 0.602084 0.237299 0.887849 0.662481
0.439590 0.749927 0.769279 1.001633 0.375718 0.551678 1.051587 0.023288 0.596222 0.373467 0.875937 0.591831
0.396039 0.811961 0.849146 0.874853 0.371202 0.497343 0.920948 -0.010798 0.692570 0.355843 0.831820 0.660778
0.365299 0.641096 0.750908 0.845818 0.420332 0.523047 0.943257 0.106015 0.530071 0.376284 0.829301 0.726236
0.432938 0.716652 0.804962 1.006542 0.402104 0.461973 0.981413 -0.084723 0.599363 0.310063 0.917090 0.690267
0.466807 0.675472 0.832236 0.851217 0.441815 0.543609 0.998516 -0.036795 0.602919 0.420344 0.833900 0.673655
0.396385 0.711236 0.816434 0.986425 0.521310 0.495270 0.922661 -0.002952 0.652957 0.268721 0.831633 0.637481
0.396283 0.675669 0.885923 1.054491 0.443568 0.424884 0.845985 -0.005447 0.569120 0.311855 0.856675 0.639093
0.422391 0.797471 0.824872 0.985497 0.414242 0.497760 0.920292 -0.036788 0.606040 0.265744 0.800566 0.613006
0.447988 0.711473 0.807164 0.965094 0.467995 0.604120 0.992104 0.098319 0.544811 0.300716 0.853287 0.607729
0.346118 0.685953 0.784189 0.976849 0.488274 0.517293 0.940625 0.007862 0.566417 0.435723 0.905273 0.668459
0.409179 0.799226 0.826034 0.923863 0.416065 0.498194 0.899582 0.083589 0.590435 0.316796 0.829789 0.643487
0.437101 0.734971 0.775939 0.961436 0.417343 0.476176 1.026695 0.060811 0.604074 0.339706 0.895361 0.664572
0.355156 0.660584 0.871570 0.948170 0.426934 0.603856 0.944050 -0.009440 0.606828 0.203473 0.862700 0.730174
0.420351 0.870386 0.739081 0.952990 0.367306 0.630260 0.964303 -0.071405 0.620935 0.228301 0.866632 0.612247
0.564613 0.936641 0.096400 0.652251 0.123154 0.013412 0.634267 0.937275 0.987635 0.635241 -0.034681 0.296262
0.628121 0.985692 0.201372 0.576629 0.114503 -0.033126 0.632373 0.896302 0.920059 0.710634 0.018174 0.256086
0.489810 0.936930 0.201358 0.668506 0.129224 -0.155246 0.664130 0.826488 0.937791 0.619657 -0.006639 0.151104
0.617376 0.915103 0.188080 0.582432 0.204284 -0.047218 0.719404 0.884175 1.019550 0.727984 0.049951 0.229514
0.634868 0.808649 0.125962 0.617200 0.142616 -0.095287 0.597170 0.845971 0.983842 0.631137 -0.014155 0.237925
0.546045 0.935876 0.176214 0.667219 0.236847 0.007643 0.766273 0.949093 0.945872 0.578976 0.087910 0.240099
0.566870 1.040311 0.065142 0.655879 0.203051 0.003334 0.661967 0.951602 1.006090 0.598429 0.026639 0.220792
0.494414 0.868499 0.183243 0.632475 0.154829 -0.047974 0.577449 0.916003 1.097781 0.677096 -0.075868 0.274879
0.619527 0.889839 0.165437 0.637127 0.186239 0.029357 0.599318 0.841103 1.038443 0.628785 0.032302 0.306709
0.621356 0.971323 0.222727 0.667610 0.209394 0.026350 0.646261 0.809479 1.046009 0.672174 -0.030040 0.256326
0.591370 0.878735 0.144934 0.650515 0.226718 0.044299 0.600853 0.926060 0.942233 0.648922 -0.034437 0.255055
0.534917 0.908543 0.099713 0.550424 0.162917 -0.027336 0.660412 0.884584 0.981000 0.715210 0.027591 0.285033
0.588162 0.867087 0.096758 0.637046 0.237836 0.042292 0.650746 0.878949 0.915461 0.698842 0.074788 0.290572
0.598935 0.987332 0.206123 0.529699 0.118257 -0.077638 0.631184 0.846643 1.019919 0.634475 0.078031 0.211749
0.630564 0.888060 0.079969 0.604194 0.191486 0.047306 0.530021 0.869176 1.001091 0.698057 -0.011168 0.238318
0.619079 0.971297 0.143948 0.582762 0.206469 0.003633 0.656405 0.849592 1.078413 0.612506 0.019777 0.171381
0.623808 0.991154 0.126212 0.693205 0.117193 0.049454 0.615791 0.763885 1.010509 0.678599 -0.012311 0.220394
0.556073 0.925888 0.090267 0.658064 0.195055 -0.057290 0.750648 0.938471 0.996890 0.662408 0.044504 0.265161
0.646426 0.871713 0.178334 0.633803 0.242172 -0.027638 0.664861 0.832450 0.974223 0.674504 -0.013802 0.249560
0.600502 0.945914 0.117724 0.644071 0.116946 0.043246 0.626643 0.882750 1.019415 0.640159 -0.006167 0.272798
0.577000 0.990881 0.057918 0.558552 0.235107 -0.034968 0.595791 0.901484 1.012339 0.588322 -0.035867 0.187180
0.617497 0.982994 0.149858 0.617285 0.119637 0.012945 0.616508 0.859322 1.010038 0.653214 0.012086 0.148328
0.604412 0.860346 0.191032 0.657349 0.120802 0.028027 0.659616 0.889211 1.001188 0.587465 0.026149 0.274569
0.665049 0.909439 0.224335 0.605922 0.264378 0.018170 0.629784 0.844484 1.021221 0.628716 0.047867 0.271916
0.549494 0.921928 0.087591 0.626936 0.282935 -0.016287 0.638457 0.893367 1.069449 0.758366 -0.000690 0.149864
0.551043 0.899219 0.190867 0.659456 0.218841 -0.047035 0.623500 0.862948 0.911582 0.559362 -0.108988 0.247794
0.582379 0.929735 0.148970 0.657940 0.056384 0.034608 0.609788 0.876319 0.939425 0.603404 0.085660 0.252386
0.583359 0.929454 0.163882 0.689166 0.201886 0.035456 0.546512 0.865249 1.003724 0.655884 -0.073720 0.275728
0.568752 0.987407 0.160355 0.633569 0.248536 0.036985 0.630825 0.846260 1.033046 0.628869 0.000624 0.253892
0.536757 0.995529 0.164680 0.648811 0.171384 -0.039558 0.619595 0.858675 1.026816 0.726881 0.060785 0.243017
0.536172 0.929054 0.164207 0.647030 0.169741 0.004504 0.669596 0.797017 0.996793 0.701106 0.069187 0.279189
0.619557 0.938486 0.100099 0.675944 0.156479 -0.082364 0.636557 0.849359 0.950844 0.717136 0.020028 0.218820
0.675015 1.010881 0.119682 0.652488 0.299917 -0.071593 0.683881 0.864124 1.028379 0.635039 -0.038902 0.176457
0.623378 0.895865 0.091840 0.636286 0.154878 -0.014961 0.667554 0.814781 1.094401 0.617816 -0.045649 0.273695
0.464710 0.897600 0.227799 0.638689 0.160003 0.012975 0.615660 0.901409 0.991606 0.703152 -0.010877 0.222259
0.556145 0.946626 0.049123 0.607962 0.120277 -0.013435 0.705118 0.754005 1.003859 0.709885 0.009863 0.226958
0.613941 0.944730 0.263208 0.615065 0.132083 -0.002663 0.683571 0.838841 0.989955 0.597806 -0.011017 0.184885
0.480450 0.857961 0.139737 0.726586 0.244534 0.013369 0.671157 0.933654 1.012064 0.666153 0.054328 0.206263
0.654703 0.942596 0.210802 0.646200 0.176967 -0.067520 0.598311 0.923289 1.009072 0.584684 -0.035640 0.243719
0.558900 0.894066 0.216652 0.633339 0.264589 0.022072 0.543877 0.811325 0.963341 0.560013 0.000742 0.325841
0.633300 0.945052 0.145743 0.652714 0.219482 -0.022206 0.649884 0.865458 0.999056 0.584766 -0.033711 0.280526
0.583892 0.899849 0.154451 0.626006 0.108919 -0.040157 0.639018 0.893636 0.965655 0.613943 -0.124756 0.212101
0.645529 0.901955 0.150173 0.692607 0.095860 0.074423 0.645144 0.875635 0.992108 0.648275 0.069652 0.277590
0.572299 0.852120 0.121931 0.655116 0.145981 0.028159 0.670836 0.833297 1.018552 0.677542 0.063415 0.209283
0.559713 0.900674 0.148595 0.620320 0.122649 -0.088008 0.616857 0.841892 0.915987 0.736540 0.001790 0.204285
0.555876 0.855302 0.064249 0.683691 0.097502 -0.057094 0.548288 0.827372 1.047880 0.648540 -0.003956 0.229210
0.593328 0.887957 0.148285 0.653130 0.201023 -0.054269 0.654285 0.796008 0.927970 0.596373 -0.042900 0.263100
0.552987 0.829629 0.178278 0.663654 0.079459 -0.020091 0.618518 0.857686 0.979839 0.675858 0.051055 0.329101
0.556968 0.887722 0.117140 0.677015 0.161042 0.055210 0.695415 0.833655 0.940256 0.511522 0.017440 0.207813
0.681495 0.962389 0.093393 0.620722 0.164535 0.064621 0.647648 0.933847 1.004832 0.603831 -0.093781 0.317876
0.651884 1.011828 0.155330 0.689680 0.111159 -0.070645 0.660225 0.831883 0.976962 0.633292 0.011379 0.164917
0.469762 0.913423 0.110229 0.613368 0.229865 -0.058758 0.606070 0.884586 0.928221 0.616344 0.060747 0.211934
0.507286 1.008857 0.079385 0.578729 0.197726 -0.079380 0.759316 0.854251 1.050273 0.656577 -0.031007 0.283724
0.535214 0.948571 0.111072 0.593168 0.179046 -0.018003 0.687123 0.832756 1.011699 0.555847 -0.008626 0.092003
0.641617 0.870345 0.173596 0.721297 0.149361 0.076201 0.628525 0.998384 1.006399 0.626413 0.034415 0.181969
0.589820 0.941577 0.100414 0.642078 0.105845 -0.000411 0.661459 0.772874 1.011179 0.628315 -0.006676 0.223991
0.560855 0.906501 0.122316 0.569426 0.218968 0.120258 0.675563 0.808971 1.017707 0.649416 -0.084312 0.235251
0.576814 0.959970 0.055421 0.582793 0.201112 0.006164 0.582398 0.884897 0.973408 0.637719 0.020613 0.121225
0.685475 0.931466 0.074619 0.496756 0.253653 0.051672 0.624227 0.894618 0.911153 0.739575 0.018507 0.228490
0.560929 0.969780 0.204925 0.676041 0.173246 0.030729 0.618256 0.848396 0.915028 0.590213 -0.015470 0.306992
0.624234 0.867941 0.117105 0.621883 0.202906 -0.046149 0.688220 0.863344 0.985682 0.728511 -0.049037 0.228275
0.527815 0.883322 0.135907 0.630583 0.170449 0.030261 0.659903 0.825327 1.088026 0.598690 0.004804 0.196901
0.589680 0.980603 0.080080 0.648045 0.139501 0.028310 0.627112 0.842943 0.988240 0.627319 -0.053262 0.370499
0.526882 0.926187 0.049339 0.645107 0.222001 -0.060326 0.597169 0.911778 0.969637 0.592811 -0.044701 0.210131
0.582128 0.927468 0.120687 0.710871 0.084727 -0.037131 0.667112 0.870863 1.004124 0.695881 0.029881 0.212472
0.545545 0.942070 0.146661 0.603373 0.214470 -0.075960 0.524628 0.947818 0.967836 0.693743 -0.094127 0.218920
0.523973 0.980162 0.108870 0.565291 0.186892 -0.072134 0.603360 0.883520 1.017062 0.616625 0.024612 0.212033
0.591454 0.919171 0.134943 0.656868 0.224807 0.100269 0.646016 0.829617 1.002560 0.737784 -0.010419 0.255477
0.686343 1.030559 0.039990 0.567212 0.225144 -0.068143 0.634665 0.835653 1.024742 0.664045 -0.047892 0.248563
0.587598 0.954141 0.058092 0.634483 0.201154 -0.019096 0.656746 0.912833 0.952838 0.550107 0.017860 0.257222
0.638417 0.855378 0.181579 0.608385 0.144155 0.004495 0.715353 0.893907 1.019880 0.660316 -0.088826 0.257042
0.538758 0.925381 0.152949 0.647570 0.205510 0.011565 0.657036 0.976943 1.004219 0.605483 0.020391 0.273033
0.565105 0.850497 0.106682 0.602615 0.204852 0.044538 0.693406 0.815731 1.042707 0.595695 0.009076 0.288561
0.642076 0.956850 0.121396 0.654147 0.213542 -0.049500 0.648957 0.922111 1.010526 0.686677 -0.017014 0.192669
0.673254 0.897773 0.106932 0.648832 0.228902 0.104125 0.551337 0.919138 0.978287 0.721561 0.044047 0.270465
0.568248 0.762415 0.114107 0.617226 0.198538 0.007900 0.643789 0.908441 1.048591 0.596306 0.019225 0.258834
0.560433 0.978539 0.094488 0.572243 0.096554 0.076151 0.679906 0.855418 0.995738 0.619824 0.034810 0.251302
0.657200 0.906869 0.187753 0.601633 0.199451 -0.013375 0.681794 0.904791 0.962268 0.574878 -0.003152 0.245738
0.629324 0.855466 0.187007 0.510737 0.179575 -0.064473 0.589533 0.804514 0.910049 0.647758 0.029874 0.305047
0.544505 0.945645 0.171790 0.639340 0.120813 -0.012076 0.573227 0.842171 0.955283 0.648626 0.031472 0.171278
0.594635 0.972351 0.166400 0.650570 0.158594 -0.024239 0.668339 0.812885 1.052860 0.629207 -0.007257 0.354817
0.654830 0.871085 0.147251 0.658197 0.118636 0.019412 0.660608 0.827884 1.030883 0.673822 0.024221 0.329065
0.527367 0.962384 0.138302 0.588101 0.182203 -0.001135 0.685395 0.767581 0.902373 0.671479 -0.023885 0.232282
0.568541 1.003232 0.190241 0.635925 0.217162 -0.063975 0.669942 0.779669 1.028541 0.720903 0.057629 0.189411
0.520224 0.987630 0.140438 0.631271 0.285343 0.114268 0.660400 0.914246 0.970752 0.684025 0.066446 0.266005
0.651346 0.987537 0.110965 0.664162 0.170216 0.035271 0.703959 0.832043 1.003461 0.649625 -0.005933 0.284745
0.584380 0.928738 0.148193 0.579395 0.184954 -0.029931 0.701313 0.880902 1.004783 0.599643 -0.025975 0.302247
0.586737 0.865646 0.131884 0.577031 0.154664 -0.033823 0.633266 0.870806 0.884014 0.736814 0.025927 0.304489
0.588908 0.923522 0.192536 0.620469 0.076967 0.120686 0.726974 0.785871 0.959183 0.627353 0.009195 0.208846
0.609289 0.955429 0.109131 0.634064 0.172465 -0.064970 0.655157 0.786982 0.973169 0.662900 0.071564 0.224090
0.541971 0.906246 0.065480 0.624466 0.165876 0.057881 0.645408 0.897093 0.961158 0.643327 0.012236 0.238491
0.603014 0.972030 0.168372 0.592179 0.132287 0.043677 0.709429 0.926365 0.941487 0.715947 -0.009744 0.288282
0.564180 0.901468 0.098195 0.662659 0.197845 0.066700 0.617432 0.847664 1.032908 0.586257 -0.061977 0.242680
0.567318 0.955804 0.170123 0.720435 0.325783 0.047817 0.695383 0.906833 1.000326 0.578531 0.034050 0.249635
0.529746 0.868541 0.102704 0.681152 0.192253 0.061505 0.650778 0.911755 1.038311 0.676301 0.023855 0.273590
0.658199 0.917401 0.152911 0.603270 0.237530 0.085103 0.645583 0.864925 0.966932 0.551064 -0.041593 0.301097
0.616884 0.881796 0.178453 0.578671 0.193252 0.076316 0.638147 0.779116 0.995331 0.693035 0.007542 0.177174
0.531314 1.042781 0.207104 0.580843 0.206002 0.032605 0.622557 0.930692 1.083448 0.587116 -0.024093 0.254775
0.530036 0.921044 0.077016 0.608098 0.221501 -0.080736 0.706181 0.928406 0.968453 0.655943 -0.000177 0.277704
0.564099 0.866524 0.128302 0.609132 0.108365 0.004237 0.697151 0.788914 0.934051 0.534727 0.005821 0.228486
0.574835 0.935779 0.144325 0.594801 0.069071 0.037592 0.536378 0.890287 0.946451 0.648136 0.026247 0.265401
0.565974 0.837158 0.082964 0.467718 0.166032 0.052182 0.555661 0.939441 0.981260 0.630697 0.003341 0.321534
0.559148 0.925706 0.198692 0.566175 0.162072 0.015475 0.675596 0.841850 0.940936 0.648628 -0.017771 0.323032
0.641498 0.951352 0.071175 0.678910 0.151718 0.051812 0.610518 0.942318 0.994474 0.642252 0.028643 0.170637
0.617743 0.965970 0.130096 0.575425 0.192880 -0.102091 0.606380 0.768488 0.992131 0.637604 -0.026262 0.238206
0.582516 0.956129 0.165991 0.654614 0.234057 -0.046788 0.563352 0.799700 1.003759 0.714121 0.011840 0.177127
0.633262 0.976591 0.183976 0.630644 0.218925 -0.060136 0.625160 0.920847 0.993074 0.564087 0.004654 0.248582
0.613639 0.854917 0.237997 0.633499 0.194169 0.016049 0.584194 0.927916 0.905175 0.669239 -0.018252 0.213150
0.554924 0.951604 0.232190 0.605838 0.224664 -0.058572 0.626353 0.908400 1.077627 0.709297 0.027123 0.342332
0.523761 0.918477 0.184209 0.637645 0.274877 0.020295 0.575657 0.802803 0.972136 0.646406 -0.062444 0.283006
0.545163 0.937758 0.260674 0.676058 0.316722 -0.019897 0.655324 0.820327 1.053349 0.622880 -0.017337 0.288066
0.634961 1.012214 0.131596 0.560061 0.161780 -0.005574 0.692177 0.843839 1.029330 0.602285 0.028171 0.259801
0.590579 0.945949 0.114631 0.588228 0.206682 -0.003699 0.579257 0.854581 1.030584 0.665081 -0.015513 0.294078
0.608265 1.018421 0.160062 0.621112 0.234158 0.031415 0.629038 0.854643 0.969739 0.686164 -0.035258 0.210788
0.610371 0.975156 0.181733 0.676887 0.227208 0.041403 0.601738 0.960998 0.972093 0.670285 -0.038597 0.181455
0.620512 0.971112 0.141472 0.641635 0.247332 -0.003789 0.634813 0.804263 0.963145 0.569212 0.006883 0.242631
0.638603 0.947823 0.182029 0.677688 0.136558 -0.019711 0.698509 0.857993 0.983865 0.666572 0.047650 0.252803
0.641669 0.931460 0.156526 0.723104 0.141116 -0.002242 0.668898 0.758402 0.943601 0.717306 0.087610 0.222585
0.512831 0.911880 0.065281 0.606028 0.118264 -0.079544 0.608978 0.904294 1.020250 0.632881 -0.052337 0.172339
0.599448 0.887954 0.190359 0.672706 0.154954 -0.038044 0.622318 0.865691 0.982324 0.687899 0.010347 0.247382
0.566259 0.957045 0.139050 0.652273 0.215179 -0.073641 0.653810 0.831257 1.085495 0.685983 -0.035359 0.170771
0.646690 0.933712 0.184970 0.697761 0.233379 -0.024987 0.557174 0.846980 1.034379 0.645005 0.094747 0.229831
0.573702 0.931297 0.161792 0.687046 0.180719 -0.013796 0.654518 0.937140 1.037103 0.582892 0.040585 0.235623
0.657211 0.931652 0.075070 0.602661 0.203246 0.075301 0.634620 0.891314 1.015761 0.593977 -0.025918 0.176831
0.635566 0.838849 0.091711 0.608571 0.154941 -0.089209 0.612904 0.906086 1.070340 0.630936 0.026718 0.116763
0.553666 0.857074 0.336124 0.588954 0.178788 0.025782 0.677271 0.971148 0.987726 0.642708 0.093626 0.156640
0.578462 0.956809 0.166444 0.652065 0.223990 -0.013439 0.596587 0.887452 1.028766 0.676963 0.031980 0.242741
0.604882 0.892400 0.140144 0.525076 0.196308 0.038692 0.553838 0.799450 0.907496 0.620195 -0.028132 0.249811
0.570697 0.909991 0.158440 0.703305 0.174023 0.044276 0.684572 0.900914 0.876039 0.602315 -0.001097 0.313481
0.586549 0.929803 0.135159 0.642988 0.239036 -0.055673 0.562684 0.841969 0.900055 0.608281 -0.026502 0.298539
0.584330 0.989477 0.269057 0.711332 0.140939 0.027917 0.630222 0.784340 0.980243 0.589772 0.056762 0.148888
0.565806 0.940100 0.202048 0.637706 0.050391 0.032876 0.605882 0.862709 0.911019 0.553526 0.034782 0.247785
0.632127 0.969959 0.184771 0.641806 0.185274 0.042963 0.618884 0.833470 0.999076 0.602634 -0.032009 0.258935
0.617430 0.939598 0.063853 0.718017 0.162106 0.045994 0.628276 0.808779 1.067309 0.707339 0.089207 0.249882
0.563201 0.956311 0.146509 0.582927 0.170459 -0.029049 0.629051 0.809768 1.090884 0.727604 -0.017547 0.187213
0.582340 1.009830 0.141363 0.586261 0.161948 -0.001903 0.608443 0.855066 0.915592 0.598827 -0.033483 0.308402
0.514922 0.918818 0.096581 0.799299 0.271862 0.046810 0.626615 0.829990 1.005836 0.624027 0.013961 0.222469
0.487473 0.932165 0.110549 0.647744 0.127544 -0.006585 0.632769 0.862315 1.021199 0.652599 0.002663 0.189179
0.666686 0.999844 0.055891 0.631734 0.157302 0.035668 0.596538 0.971203 1.010552 0.719355 0.021194 0.279432
0.614204 0.961204 0.189622 0.702237 0.249860 -0.031023 0.705016 0.818649 0.895633 0.617169 -0.015096 0.192628
0.571868 0.978561 0.153550 0.580761 0.151355 0.022679 0.608659 0.897792 1.008582 0.698972 0.068111 0.226413
0.483522 0.929704 0.067295 0.646546 0.134552 -0.115103 0.616664 0.847635 0.930086 0.693448 0.106673 0.286717
0.554471 0.981038 0.260320 0.651887 0.206200 -0.010338 0.590680 0.863131 0.945514 0.651142 0.056673 0.195770
0.533423 0.888685 0.282225 0.610089 0.272932 -0.037346 0.779540 0.821383 0.923169 0.642442 -0.048380 0.334992
0.541191 0.864171 0.195459 0.659091 0.217331 -0.016127 0.663682 0.829691 0.914348 0.716806 0.059683 0.317914
0.623553 0.935294 0.152964 0.559173 0.140367 -0.064116 0.614450 0.859047 1.047662 0.657285 0.064892 0.280581
0.609318 0.911449 0.115425 0.618678 0.214252 0.051236 0.632037 0.805208 1.032816 0.705432 0.047199 0.214560
0.486672 0.858712 0.153426 0.587709 0.148859 0.017390 0.684644 0.775187 1.016156 0.641772 0.006496 0.330423
0.512034 0.885126 0.165097 0.619689 0.082569 0.036988 0.596190 0.962001 1.072212 0.547542 0.018795 0.173791
0.617235 0.951961 0.163093 0.653184 0.201472 -0.066433 0.584141 0.857955 0.956042 0.686331 0.060560 0.212220
0.483127 0.881607 0.163483 0.625964 0.146442 0.043769 0.635585 0.961387 1.072881 0.743712 0.014145 0.181683
0.597086 0.943508 0.082045 0.610289 0.065109 0.019610 0.645348 0.841607 0.951348 0.586115 -0.033973 0.221924
0.583697 0.991870 0.145679 0.608469 0.112530 0.059498 0.651963 0.849428 0.995362 0.687982 -0.040708 0.274204
0.535273 0.975019 0.137075 0.627431 0.237574 0.036842 0.688792 0.886321 0.977652 0.533813 -0.029360 0.185895
0.604592 0.912201 0.156001 0.624203 0.190915 0.037705 0.626094 0.810545 1.000466 0.686659 -0.043666 0.134725
0.561765 0.928032 0.215181 0.566741 0.170405 0.056803 0.651003 0.864444 1.005929 0.640899 0.016466 0.271493
0.608779 0.879840 0.112178 0.647078 0.212742 0.010381 0.632721 0.861733 0.978690 0.607063 0.029975 0.251138
0.628067 0.876718 0.163624 0.723299 0.189638 0.028950 0.618511 0.953915 0.943476 0.736362 0.039936 0.264245
0.592543 0.951021 0.124853 0.647755 0.131679 0.027120 0.694912 0.861324 0.864121 0.621691 0.019796 0.260431
0.635376 0.876117 0.078338 0.640247 0.208121 -0.038833 0.693705 0.895074 1.007359 0.700269 -0.029835 0.260790
0.535086 0.933026 0.092647 0.567517 0.188807 0.046230 0.621897 0.926840 0.873375 0.548865 -0.099756 0.228124
0.564640 0.872565 0.047502 0.614985 0.108029 -0.077967 0.622176 0.885773 0.957953 0.685941 0.040895 0.302986
0.565696 0.987226 0.159922 0.678007 0.229202 0.029588 0.542504 0.853581 1.013664 0.603709 0.056820 0.213351
0.567242 1.034257 0.152590 0.598265 0.247514 -0.092372 0.665595 0.835159 0.993844 0.705398 0.118631 0.241708
0.575878 0.877982 0.136309 0.577210 0.106727 0.012559 0.635351 0.965407 1.058003 0.662156 0.002832 0.176485
0.632279 1.014904 0.188473 0.586901 0.182797 0.133274 0.719540 0.840185 0.912098 0.682508 0.028939 0.262526
0.553107 0.894524 0.088569 0.612674 0.200152 0.002995 0.579124 0.845731 1.021253 0.728608 -0.070208 0.274157
0.591052 0.961296 0.141452 0.655038 0.169960 -0.036636 0.602317 0.834125 1.001773 0.703476 -0.024416 0.254145
0.612351 0.958634 0.217968 0.655859 0.096063 -0.041368 0.730371 0.883585 0.966978 0.736059 0.046360 0.285778
0.605439 0.944591 0.140590 0.578396 0.189491 0.046909 0.567639 0.897856 1.003333 0.670015 0.004740 0.239392
0.582077 0.940205 0.192696 0.674755 0.210195 -0.184308 0.650373 0.834917 1.036905 0.608701 -0.027004 0.193005
0.636998 0.807567 0.120167 0.610116 0.211380 0.029724 0.656118 0.814544 0.949031 0.627618 0.050240 0.381348
0.523176 0.899778 0.133691 0.538617 0.164247 -0.093017 0.647259 0.868350 1.009912 0.642723 0.045046 0.329472
0.562128 0.894285 0.076102 0.625277 0.231777 -0.003450 0.647832 0.817948 1.062427 0.686890 0.088111 0.192345
0.543401 0.902544 0.067220 0.707464 0.246869 0.020551 0.602874 0.942052 0.982005 0.639888 0.101018 0.252239
0.569442 0.928395 0.126058 0.645448 0.201582 -0.042154 0.717835 0.850077 0.927137 0.648415 -0.007274 0.244017
0.588639 0.948020 0.111040 0.629887 0.164456 0.152003 0.664736 0.853789 0.956523 0.608589 0.088389 0.347213
0.517996 0.879376 0.153314 0.589414 0.226510 -0.022426 0.644519 0.834693 0.919484 0.642675 -0.007331 0.253733
0.529500 0.997499 0.112404 0.676065 0.184384 0.069559 0.688060 0.901999 0.954258 0.740836 -0.026477 0.251423
0.524882 0.969879 0.122351 0.583333 0.175614 0.036916 0.685208 0.860161 0.962032 0.718882 -0.024751 0.232015
0.675418 0.986947 0.214734 0.695919 0.190203 -0.029443 0.649570 0.944070 0.972305 0.672021 -0.019661 0.284892
0.600003 0.945057 0.231642 0.652457 0.169057 -0.016897 0.672010 0.833280 1.051041 0.747759 -0.093943 0.312532
0.537140 0.916966 0.116640 0.628037 0.218033 0.002197 0.589526 0.890241 0.985465 0.702962 0.049073 0.168524
0.549575 0.933314 0.107356 0.586839 0.249294 -0.004903 0.580740 0.874433 1.014236 0.640110 0.034725 0.197565
0.575171 1.008270 0.124187 0.646404 0.174780 0.096161 0.663231 0.838645 0.937426 0.595326 -0.037920 0.198255
0.597147 0.995822 0.230135 0.659618 0.113957 0.077849 0.638052 0.852199 1.009332 0.692220 -0.026213 0.343136
0.496359 0.910187 0.097452 0.561888 0.107969 0.028625 0.595040 0.844962 1.133875 0.666672 0.023188 0.176029
0.527206 1.033712 0.117571 0.640235 0.153867 -0.004593 0.699959 0.907966 0.918779 0.614975 0.003309 0.221064
0.508416 0.908119 0.144916 0.615790 0.133771 -0.001460 0.680957 0.831550 0.968299 0.655178 -0.038829 0.187856
0.598905 0.969171 0.196895 0.678815 0.177611 -0.003083 0.680227 0.952222 1.045741 0.667870 -0.071643 0.252294
0.734039 0.906378 0.173937 0.548032 0.141014 -0.063200 0.636292 0.857287 1.001239 0.631136 0.068625 0.237091
0.623650 0.890461 0.150852 0.612922 0.166277 0.003556 0.653188 0.868645 1.058077 0.663274 0.019261 0.273111
0.641220 0.928475 0.092541 0.638132 0.181697 -0.032757 0.650766 0.860565 0.977171 0.658509 -0.021075 0.280762
0.500263 0.983914 0.092843 0.609818 0.224987 0.000363 0.624520 0.819588 1.036945 0.724626 -0.005856 0.327670
0.585639 0.976762 0.251064 0.656802 0.213687 -0.003628 0.639503 0.886259 0.991101 0.560566 -0.006064 0.206773
0.600354 0.902158 0.172439 0.627970 0.180318 -0.037711 0.657233 0.805006 0.979953 0.596140 -0.032902 0.267705
0.594360 0.944698 0.107172 0.628673 0.156900 0.000939 0.640184 0.830286 0.978809 0.707007 0.056363 0.256915
0.648744 0.916925 0.026115 0.568525 0.164842 -0.003448 0.646893 0.822105 0.979994 0.735847 -0.018395 0.411551
0.551580 0.836311 0.107492 0.604430 0.259863 0.039531 0.675372 0.892105 0.997109 0.609361 -0.090683 0.168045
0.631564 1.062785 0.234887 0.514569 0.191767 -0.033867 0.590909 0.772597 0.954497 0.596975 0.049904 0.322326
0.595759 0.898059 0.043331 0.681891 0.191267 0.017527 0.670795 0.839656 0.957550 0.591635 -0.072227 0.259518
0.517443 1.036696 0.215033 0.708247 0.141640 -0.007303 0.639582 0.792512 0.931790 0.713782 0.003389 0.295532
0.547500 0.911595 0.080728 0.595208 0.284328 0.030138 0.606418 0.864592 1.015578 0.740962 0.051657 0.263547
0.532009 0.866787 0.118236 0.563807 0.072689 -0.029403 0.702332 0.708191 0.950742 0.628794 -0.054097 0.217075
0.617179 0.925495 0.133807 0.616607 0.194061 0.050988 0.687189 0.865223 0.964731 0.698545 0.037174 0.293830
0.615523 0.996987 0.205016 0.675240 -0.005438 -0.017461 0.704362 0.852049 1.021210 0.547521 -0.036763 0.191289
0.640941 0.901102 0.127334 0.630178 0.156376 -0.013581 0.668300 0.770304 1.029828 0.625294 -0.005143 0.188983
0.543514 0.848607 0.186476 0.647367 0.156624 0.064960 0.611413 0.805518 0.991434 0.684719 0.087409 0.217689
0.520908 0.941715 0.182690 0.670664 0.198035 -0.082460 0.646482 0.872962 1.011125 0.631961 0.027259 0.282617
0.629664 0.957390 0.143207 0.681092 0.172374 -0.039504 0.692700 0.855322 0.959705 0.692480 0.002658 0.286458
0.556575 0.898824 0.181477 0.709417 0.094454 0.013055 0.682230 0.830004 0.953829 0.704503 0.061631 0.218164
0.660766 0.917152 0.115258 0.606478 0.222464 -0.007869 0.646634 0.836004 0.944147 0.656970 -0.049944 0.267021
0.596097 0.979832 0.149238 0.562165 0.212002 0.098028 0.687480 0.829756 1.013227 0.628215 -0.064370 0.374050
0.648824 0.872490 0.127525 0.689907 0.187768 0.036744 0.692925 0.830035 0.961324 0.580567 -0.065260 0.172488
0.598364 0.912225 0.092058 0.619967 0.188532 -0.083977 0.735476 0.863041 1.028657 0.843787 0.013016 0.201939
0.604067 0.933031 0.135865 0.573354 0.128123 0.000032 0.710624 0.918880 0.996520 0.664711 0.072708 0.304674
0.595032 0.936202 0.169449 0.569841 0.216442 0.015634 0.703246 0.872902 1.037485 0.672372 0.021920 0.143630
0.589168 0.899048 0.163716 0.590049 0.172160 0.037613 0.642749 0.862505 1.075893 0.593175 0.086456 0.296029
0.538748 1.034465 0.075432 0.663380 0.162075 0.104418 0.680855 0.916478 0.956406 0.576197 -0.062481 0.184007
0.536260 0.922252 0.099316 0.547606 0.181713 0.038397 0.655503 0.802885 1.045412 0.640425 -0.091557 0.338592
0.582748 1.020760 0.117364 0.565326 0.233347 0.073027 0.722470 0.874794 0.963188 0.705840 -0.030657 0.272144
0.647928 0.929735 0.072805 0.617790 0.180876 0.082977 0.697443 0.908662 0.913113 0.655443 0.004828 0.272320
0.606005 0.956248 0.086818 0.590469 0.176915 -0.073074 0.711895 0.860421 1.016916 0.642626 -0.058894 0.199495
0.543419 0.893194 0.028719 0.588971 0.207483 0.055770 0.676005 0.856146 1.028965 0.691512 -0.005219 0.253155
0.613252 0.860515 0.144538 0.640024 0.191516 -0.082145 0.621548 0.915387 1.058879 0.695963 0.009993 0.236907
0.570627 0.970746 0.202751 0.666131 0.104300 -0.009545 0.706829 0.875275 1.065873 0.648268 -0.021706 0.143613
0.633407 0.962656 0.154919 0.634595 0.135273 -0.057248 0.708747 0.922891 1.033720 0.649074 0.011761 0.230097
0.604752 0.980648 0.116562 0.646604 0.167595 -0.060166 0.590225 0.815260 1.093413 0.670821 -0.042953 0.278079
0.465833 0.832331 0.140447 0.615641 0.192044 -0.015597 0.629390 0.868737 0.984912 0.685364 -0.072381 0.261616
0.574377 0.980438 0.178114 0.628807 0.188061 -0.042716 0.610415 0.819704 1.008842 0.699592 0.081866 0.232907
0.586454 0.875142 0.181763 0.626053 0.213346 -0.010430 0.563471 0.902513 0.966440 0.598620 -0.027837 0.246698
0.581829 0.960234 0.253134 0.672440 0.146514 0.022674 0.717760 0.744472 0.983500 0.672112 -0.081609 0.198579
0.654910 0.872494 0.211111 0.654247 0.236422 -0.028148 0.698051 0.865869 1.039669 0.703430 0.030037 0.351860
0.566081 0.916286 0.219091 0.618953 0.142546 0.057646 0.674897 0.856906 1.029704 0.719300 0.031186 0.206101
0.591852 0.932437 0.138548 0.722689 0.220618 0.046370 0.633149 0.941103 1.017512 0.698173 0.014573 0.240981
0.586243 0.926677 0.130085 0.640266 0.198412 0.016869 0.586342 0.945805 1.011316 0.686049 -0.027625 0.206192
0.527064 0.978448 0.086575 0.662426 0.183854 -0.045636 0.626603 0.905896 0.983303 0.640733 0.001001 0.251931
0.602222 0.919912 0.219316 0.634114 0.202158 0.014440 0.633581 0.891751 1.053300 0.683642 0.047418 0.189187
0.519250 0.956352 0.090631 0.650286 0.259674 -0.086962 0.702991 0.806551 1.079674 0.623786 0.024885 0.344664
0.615981 0.903903 0.107395 0.639568 0.155504 -0.016656 0.562319 0.973370 0.965208 0.594029 -0.125369 0.228450
0.603790 0.852469 0.128748 0.581049 0.259829 -0.037208 0.613428 0.884331 1.010863 0.667747 -0.004965 0.224570
0.600683 0.923709 0.124183 0.544759 0.119934 -0.062571 0.638817 0.808377 0.994027 0.629036 -0.002535 0.271237
0.584726 0.989704 0.158472 0.667800 0.228205 0.066353 0.716051 0.937745 1.005608 0.739976 -0.044804 0.209430
0.588762 0.888029 0.206147 0.676213 0.205810 0.078507 0.638652 0.983087 0.910235 0.618848 -0.088689 0.220040
0.560943 0.909989 0.216634 0.629979 0.044725 0.037285 0.644968 0.851755 1.035340 0.586389 0.042579 0.254483
0.566192 0.910221 0.238344 0.630246 0.189008 0.041662 0.633972 0.928200 0.991635 0.679363 0.033330 0.228821
0.656636 0.874029 0.158943 0.577093 0.166344 -0.082549 0.607206 0.910223 0.900477 0.652418 -0.019115 0.363612
0.560835 0.994064 0.204881 0.698302 0.191395 -0.009829 0.668932 0.744494 1.014193 0.646816 -0.000759 0.196693
0.525745 0.985346 0.124563 0.668228 0.195181 0.026438 0.664991 0.853026 0.989446 0.688302 -0.120782 0.286546
0.603347 0.922725 0.171547 0.524928 0.284595 0.117119 0.652626 0.841173 1.033181 0.676705 0.096447 0.220512
0.602606 0.874414 0.199279 0.603589 0.224486 -0.011817 0.695132 0.861104 1.010249 0.654273 -0.074219 0.149240
0.616609 0.893021 0.141309 0.558841 0.223193 -0.023662 0.602121 0.811924 0.981336 0.611409 -0.019663 0.189203
0.673059 0.885241 0.170230 0.580504 0.214962 0.060447 0.591225 0.819928 1.094586 0.598410 0.076351 0.307017
0.507010 0.964585 0.180285 0.604269 0.217990 0.057614 0.720116 0.775428 1.137780 0.677126 0.060742 0.183495
0.508493 0.949809 0.161487 0.586386 0.173873 -0.031716 0.692001 0.845217 0.986249 0.648997 0.034867 0.253611
0.496520 1.022599 0.102810 0.533937 0.216057 0.046513 0.604682 0.922018 1.044287 0.612244 0.087630 0.300646
0.609802 0.980117 0.128118 0.628837 0.124551 -0.052447 0.593371 0.896738 0.992895 0.620324 0.007764 0.235357
0.622366 0.934262 0.142321 0.627222 0.158642 0.032168 0.618604 0.865783 1.052038 0.618597 -0.000034 0.270665
0.530452 0.937207 0.136101 0.598471 0.149829 0.003737 0.686249 0.982597 1.013738 0.627317 -0.003985 0.300278
0.548521 1.008682 0.148281 0.614775 0.081022 0.067777 0.628010 0.896494 0.911482 0.669833 0.021248 0.187297
0.626439 0.977300 0.156505 0.595150 0.215341 -0.011975 0.684771 0.910313 1.010178 0.619003 0.052487 0.207835
0.560606 0.934954 0.148213 0.673607 0.132339 0.033609 0.599532 0.887696 0.976974 0.699772 -0.042586 0.308805
0.630682 0.981584 0.121397 0.635408 0.079740 -0.023559 0.673790 0.859448 0.904622 0.704079 -0.003920 0.279824
0.626001 0.851961 0.201466 0.611169 0.189914 -0.037201 0.621737 0.875224 1.073645 0.691392 0.031260 0.252348
0.639559 0.898742 0.146077 0.679375 0.287568 0.006999 0.669484 0.819297 0.884817 0.612546 0.006110 0.233216
0.648951 0.922464 0.105967 0.652413 0.143636 0.038992 0.637873 0.897948 1.036099 0.591600 0.073184 0.213550
0.530629 0.871037 0.152724 0.551596 0.138124 -0.027199 0.655883 0.817003 1.039854 0.593480 0.043830 0.229755
0.576264 0.850741 0.138567 0.590260 0.243581 0.033370 0.590668 0.806349 1.100214 0.638178 -0.008302 0.223170
0.644466 0.978165 0.197373 0.636318 0.179192 0.101173 0.607141 0.944839 1.042325 0.665875 0.054287 0.225086
0.571244 0.912082 -0.018638 0.499468 0.173735 -0.036075 0.626150 0.862699 0.996728 0.722008 -0.021899 0.214013
0.639297 0.948083 0.112703 0.833572 0.087242 -0.003317 0.681084 0.875873 1.053455 0.653012 -0.008606 0.189556
0.612928 0.906496 0.220698 0.568594 0.102745 0.113503 0.556158 0.898531 1.054195 0.671449 0.042454 0.223645
0.532922 0.913899 0.173973 0.543537 0.141709 0.004943 0.715744 0.917168 1.021508 0.666030 0.069531 0.310837
0.504346 0.940506 0.194429 0.596423 0.156483 0.076733 0.601498 0.774453 1.010622 0.617592 0.048079 0.283805
0.633703 0.852952 0.201268 0.649737 0.228466 0.034606 0.617833 0.864533 0.982513 0.664057 0.041057 0.238191
0.699310 0.965845 0.164653 0.688186 0.186135 -0.058963 0.630117 0.849797 1.007849 0.549573 0.051976 0.248950
0.627272 0.967057 0.017634 0.668261 0.178718 0.020316 0.595150 0.837092 1.067935 0.655942 0.072750 0.223687
0.502418 0.871566 0.133681 0.662633 0.245519 0.105739 0.657191 0.790605 1.066544 0.676513 -0.003822 0.240985
0.598985 0.894368 0.142018 0.684811 0.188138 0.037599 0.637265 0.858597 0.952940 0.595922 -0.007359 0.206807
0.516829 0.899876 0.183945 0.628133 0.119436 -0.031791 0.730475 0.822896 1.047157 0.744271 -0.004960 0.268219
0.552276 0.900461 0.054862 0.725881 0.148090 -0.073050 0.733608 0.961817 1.010654 0.581035 0.068799 0.196553
0.626043 0.989467 0.151844 0.686549 0.156667 0.029722 0.568766 0.910323 0.962417 0.630067 0.050591 0.220699
0.595456 0.933494 0.139583 0.598439 0.124823 -0.047538 0.635099 0.896111 1.060726 0.583190 -0.045767 0.223123
0.584641 0.822569 0.146998 0.642415 0.243219 0.032516 0.524798 0.952775 1.017517 0.608670 0.008064 0.318884
0.575244 0.884473 0.175266 0.572981 0.098433 0.021756 0.618630 0.916497 1.059536 0.725722 0.074370 0.329482
0.598567 0.924532 0.108212 0.734615 0.147073 0.029350 0.599234 0.980863 0.966949 0.614900 0.003516 0.167907
0.612834 0.890224 0.147126 0.682565 0.205753 0.061066 0.624708 0.850125 0.973439 0.603374 0.040161 0.270710
0.525508 0.961004 0.090612 0.573264 0.247766 0.135775 0.559378 0.806321 0.986057 0.553058 -0.024794 0.200617
0.554453 0.954970 0.162969 0.708696 0.201807 -0.063998 0.661795 0.928575 0.988371 0.682341 0.061468 0.149657
0.628076 0.889054 0.068427 0.714937 0.202142 -0.061904 0.687144 0.833043 0.942631 0.697428 -0.008940 0.233525
0.663472 0.960290 0.120130 0.429179 0.254254 -0.075586 0.613232 0.922905 1.043386 0.621030 0.029038 0.317444
0.597297 0.920891 0.134908 0.706295 0.145407 -0.018483 0.591354 0.812073 1.054128 0.642133 0.005365 0.239721
0.576072 1.046568 0.179759 0.636771 0.106009 -0.068403 0.634199 0.799270 0.947884 0.632973 0.119903 0.179579
0.581115 0.976943 0.229677 0.659258 0.202011 0.051498 0.555707 0.873763 0.983131 0.625725 0.056501 0.268215
0.667580 0.958221 0.097588 0.613074 0.143372 0.069863 0.658512 0.918733 0.893203 0.581452 -0.031389 0.190422
0.565645 0.956163 0.127641 0.568478 0.137889 0.006386 0.642630 0.881193 0.963451 0.552144 -0.009590 0.244149
0.614068 0.925006 0.217279 0.601586 0.182733 0.035068 0.706192 0.776994 0.926014 0.658189 -0.061203 0.170326
0.635564 0.764786 0.076850 0.577948 0.233083 0.022257 0.662122 0.851049 0.929569 0.662106 0.000667 0.333343
0.580064 0.945272 0.214909 0.588791 0.197978 -0.019775 0.618891 0.863293 0.962646 0.667402 0.015190 0.262175
0.545558 0.933654 0.204715 0.704383 0.154090 0.097963 0.560476 0.875925 1.008361 0.636941 -0.022085 0.303685
0.668361 0.907271 0.190988 0.608081 0.226619 0.043863 0.668101 0.836610 0.947484 0.654753 0.092109 0.215199
0.582207 0.982620 0.047799 0.661314 0.160094 -0.055253 0.584821 0.899477 1.042516 0.736689 -0.003356 0.237885
0.660297 0.946579 0.134895 0.584026 0.199752 0.002920 0.608309 0.890957 0.903123 0.607114 0.004080 0.129556
0.608850 0.975881 0.184908 0.603324 0.161579 0.033399 0.553949 0.887834 0.979839 0.700513 -0.000449 0.244167
0.568906 0.935483 0.099628 0.631207 0.255398 -0.018059 0.631084 0.778863 1.056057 0.684725 -0.124813 0.285547
0.592423 0.986862 0.073590 0.622509 0.197430 0.034390 0.698247 0.844529 0.976437 0.698342 0.053905 0.199454
0.512458 0.981107 0.161066 0.602584 0.191840 0.008264 0.601624 0.819598 0.956681 0.712619 0.025122 0.318536
0.597617 0.893765 0.133115 0.640522 0.144820 0.074214 0.609980 0.896233 0.920878 0.646469 0.039887 0.246868
0.611744 0.883888 0.144214 0.617249 0.210984 0.068926 0.594636 0.975373 1.070440 0.654273 0.055254 0.153402
0.679287 0.878105 0.089628 0.640044 0.090235 0.030782 0.618783 0.859254 1.096402 0.633196 -0.020025 0.257432
0.690326 0.968757 0.098363 0.555205 0.231830 -0.015584 0.686902 0.868008 0.894101 0.708454 -0.067631 0.229953
0.628733 0.875035 0.209063 0.580895 0.154696 0.049095 0.596408 0.878606 1.057342 0.589609 -0.032060 0.249870
0.604240 0.945564 0.225909 0.650353 0.209009 0.097695 0.641201 0.865132 1.037591 0.638655 -0.035274 0.264638
0.513829 0.907804 0.147996 0.645246 0.104122 -0.012650 0.636200 0.800690 1.051019 0.662963 -0.012535 0.165179
0.583795 0.944782 0.091648 0.670581 0.177925 -0.012777 0.726025 0.969910 1.003539 0.578345 -0.082932 0.325251
0.571559 0.953139 0.081891 0.601007 0.159347 0.095335 0.572179 0.817286 0.969932 0.581145 0.053010 0.256953
0.611729 0.864736 0.149306 0.547871 0.156454 -0.113498 0.571509 0.824587 0.993510 0.617527 0.027243 0.218610
0.664598 0.896000 0.164527 0.648839 0.149399 -0.022403 0.723403 0.888877 0.946775 0.632459 0.014128 0.133525
0.502373 0.871420 0.114980 0.633945 0.248911 0.034438 0.673194 0.832384 1.010536 0.656541 0.108557 0.298228
0.653813 0.966964 0.093189 0.621677 0.218095 0.029201 0.681392 0.901362 1.051033 0.697022 0.025184 0.252621
0.637227 0.892742 0.101137 0.611695 0.165129 0.026089 0.657017 0.915198 1.015258 0.668838 0.075941 0.337704
0.600927 0.842106 0.176927 0.580627 0.227894 -0.101937 0.596321 0.889312 0.952011 0.751651 -0.041029 0.251090
0.579880 0.791802 0.142578 0.668382 0.148029 -0.045174 0.582477 0.878757 1.039793 0.676591 0.126563 0.277427
0.610141 0.909714 0.117491 0.599220 0.159032 0.020682 0.630056 0.928476 1.061074 0.697644 -0.020254 0.247292
0.593639 0.931552 0.138488 0.575189 0.206691 0.004401 0.707891 0.831358 0.996258 0.708165 -0.115424 0.276338
0.455541 0.883713 0.168078 0.548026 0.246605 0.004413 0.640612 0.933666 0.955833 0.721933 0.013832 0.329379
0.582429 0.941404 0.182898 0.581849 0.195285 0.068996 0.631644 0.769697 0.901375 0.720028 -0.041543 0.253719
0.563782 0.883205 0.038188 0.640831 0.179699 -0.048147 0.569449 0.818137 1.010318 0.716026 0.002205 0.167663
0.435641 0.836226 0.139371 0.665317 0.123057 -0.063079 0.613486 0.886412 0.959759 0.722867 -0.004662 0.204142
0.624684 0.954159 0.186583 0.664891 0.154058 0.001577 0.673152 0.866289 1.035976 0.639200 0.024294 0.327883
0.641387 0.923961 0.183395 0.640576 0.201375 0.026387 0.671697 0.844379 0.967807 0.657507 -0.017439 0.193974
0.567184 0.931569 0.163461 0.633904 0.172990 0.015788 0.637531 0.801864 0.932169 0.673999 -0.003997 0.195031
