1000 12 700
0.517959 0.238505 0.010658 0.476606 0.965678 0.161740 0.264997 0.576073 0.962460 0.827379 0.661534 0.745374
0.485513 0.276594 0.049252 0.401453 0.832070 0.075444 0.239406 0.508545 0.941133 0.976318 0.655597 0.754065
0.412974 0.191711 0.124740 0.458203 0.965506 0.160568 0.242190 0.591301 0.762639 0.813047 0.609984 0.741273
0.477577 0.173664 0.028591 0.377993 0.895911 0.131487 0.274880 0.583226 0.756977 0.811582 0.621310 0.806726
0.458911 0.270794 0.098092 0.322892 0.950585 0.077265 0.244253 0.577361 0.870374 0.789493 0.630230 0.761043
0.640135 0.271029 0.005962 0.369396 0.904082 0.121433 0.316056 0.599333 0.811208 0.835656 0.586881 0.721206
0.436436 0.216445 -0.075922 0.398758 0.908496 0.070685 0.243005 0.525941 0.709617 0.805137 0.666186 0.699913
0.431687 0.256688 0.059881 0.437161 0.902322 0.072976 0.224360 0.580515 0.839889 0.853450 0.753694 0.777433
0.572141 0.252258 -0.038848 0.408743 0.809452 0.055803 0.279072 0.507612 0.837509 0.860908 0.659911 0.744975
0.422522 0.243101 0.023120 0.451984 0.892682 0.159525 0.308609 0.592540 0.847704 0.850054 0.650555 0.739905
0.429655 0.252706 -0.006274 0.522972 0.917525 0.125694 0.274252 0.591362 0.836927 0.872628 0.833682 0.819146
0.489645 0.245818 -0.018079 0.339516 0.878863 0.183442 0.162421 0.604153 0.732694 0.821239 0.624780 0.665974
0.445890 0.279714 -0.004866 0.359173 0.850130 0.195511 0.247767 0.558173 0.826046 0.838945 0.623032 0.791404
0.452332 0.355573 0.052855 0.296280 0.882748 0.030451 0.215896 0.604516 0.821658 0.857446 0.641518 0.777876
0.386181 0.239205 0.042468 0.416534 0.904030 0.067199 0.223011 0.605594 0.786596 0.816380 0.648733 0.717502
0.446976 0.212693 0.130984 0.416835 0.871774 0.103957 0.262149 0.611074 0.855497 0.792882 0.688987 0.735104
0.462119 0.243182 0.042249 0.382053 0.899864 0.187850 0.259400 0.553468 0.830385 0.903618 0.771298 0.694485
0.449651 0.125867 0.060590 0.423087 0.852073 0.155372 0.251713 0.553384 0.810083 0.843110 0.656817 0.695854
0.429995 0.303373 0.057669 0.335050 0.808335 0.152942 0.255300 0.616074 0.872392 0.791120 0.663670 0.729122
0.492880 0.302767 0.024940 0.411797 0.847920 0.092205 0.277336 0.594495 0.875775 0.904637 0.643573 0.672696
0.563022 0.327711 0.064657 0.371099 0.809297 0.250037 0.289656 0.635319 0.726943 0.823386 0.682543 0.751393
0.464098 0.262858 0.065642 0.353851 0.854253 0.249315 0.194416 0.537693 0.763410 0.780794 0.657116 0.710231
0.463569 0.256119 -0.012357 0.317839 0.887985 0.168670 0.236502 0.595601 0.777403 0.926469 0.596424 0.710696
0.555512 0.294108 0.014536 0.310468 0.918796 0.169990 0.245955 0.589272 0.822227 0.888002 0.674392 0.741861
0.551459 0.236178 0.042213 0.444129 0.995380 0.119274 0.212705 0.551277 0.854000 0.834903 0.574449 0.693266
0.436314 0.192893 0.058360 0.432286 0.949531 0.069868 0.260067 0.462485 0.727928 0.806497 0.698151 0.749828
0.475452 0.355788 0.045839 0.358344 0.874565 0.113943 0.211980 0.493861 0.900115 0.875520 0.598619 0.681425
0.470956 0.199231 0.036252 0.362231 0.892328 0.056019 0.296222 0.643062 0.774086 0.813434 0.680008 0.732216
0.468319 0.228177 0.049565 0.343342 0.880296 0.199530 0.262919 0.573384 0.881666 0.743579 0.659308 0.785343
0.440737 0.290798 0.051732 0.312907 0.904105 0.106991 0.324160 0.565482 0.899968 0.787877 0.658332 0.691443
0.478430 0.233638 -0.018791 0.330778 0.889963 0.151625 0.254797 0.573699 0.826632 0.821347 0.621336 0.708112
0.427692 0.308688 -0.012642 0.326911 0.870178 0.207215 0.316633 0.680038 0.778807 0.812266 0.558894 0.705019
0.549036 0.258022 0.059996 0.375659 0.859965 0.149432 0.115792 0.596813 0.794850 0.846897 0.605512 0.703407
0.486827 0.322798 0.037605 0.407148 0.956464 0.158636 0.229735 0.599818 0.863422 0.895377 0.652501 0.757618
0.363087 0.290644 0.074236 0.454827 0.886084 0.204938 0.274551 0.618585 0.847131 0.825286 0.661908 0.725342
0.537663 0.353849 -0.024495 0.456442 0.949248 0.118993 0.299044 0.460137 0.750212 0.907524 0.688106 0.697678
0.471543 0.228589 0.107772 0.362149 0.846249 0.176536 0.098463 0.593981 0.773151 0.914819 0.617332 0.754055
0.497069 0.288886 0.085777 0.408101 0.911509 0.253975 0.187078 0.597904 0.859457 0.842119 0.686623 0.664250
0.465445 0.263245 0.007266 0.422388 0.925435 0.176660 0.258431 0.531473 0.827611 0.886526 0.661302 0.701947
0.479303 0.325434 0.104456 0.402184 0.846514 0.178584 0.306181 0.573145 0.846915 0.791144 0.679153 0.623933
0.449579 0.308676 0.092152 0.481040 0.825082 0.140264 0.213501 0.514285 0.801123 0.901736 0.669856 0.704547
0.467767 0.249295 0.042991 0.405379 0.896847 0.104542 0.205415 0.536440 0.870125 0.775518 0.716193 0.731328
0.432492 0.262017 0.066404 0.363620 0.812954 0.153877 0.313545 0.571549 0.843801 0.840801 0.787541 0.687245
0.517967 0.214768 -0.014694 0.322685 0.815364 0.135932 0.172774 0.592758 0.789399 0.872783 0.694925 0.691950
0.461965 0.294718 0.080780 0.426379 0.893686 0.089746 0.256305 0.555149 0.907500 0.882012 0.698373 0.667823
0.468514 0.273117 0.032361 0.457577 0.913448 0.148130 0.271073 0.622960 0.827360 0.907787 0.654088 0.742247
0.505330 0.287000 0.118646 0.303098 0.867662 0.211663 0.218165 0.617245 0.793065 0.798998 0.743460 0.752344
0.435807 0.271355 0.015131 0.373719 0.850850 0.158308 0.301124 0.603289 0.772405 0.876465 0.562357 0.718939
0.381251 0.301919 0.009989 0.386414 0.929322 0.108182 0.251477 0.575130 0.829448 0.905680 0.743068 0.754793
0.424018 0.273995 0.048474 0.432561 0.885868 0.143914 0.264734 0.601586 0.762864 0.950643 0.664803 0.747414
0.564993 0.337344 -0.031038 0.440174 0.858638 0.192425 0.217718 0.543547 0.858389 0.786632 0.578357 0.749658
0.478537 0.360209 -0.107556 0.320864 0.901060 0.127917 0.231505 0.480716 0.821973 0.783643 0.703973 0.730203
0.477104 0.248852 -0.044888 0.301775 0.904271 0.086830 0.277807 0.587113 0.896508 0.853906 0.691379 0.660379
0.408688 0.227732 0.098763 0.347909 0.968769 0.099567 0.148908 0.583040 0.809875 0.844020 0.716385 0.724627
0.559909 0.206849 -0.016538 0.381894 0.922931 0.151009 0.322029 0.600644 0.855715 0.823766 0.626168 0.735810
0.455247 0.265577 0.047942 0.269137 0.836304 0.211218 0.359393 0.608731 0.801285 0.885455 0.681612 0.756361
0.389816 0.299809 0.047934 0.445453 0.798951 0.201516 0.287311 0.669456 0.806141 0.815973 0.583311 0.712342
0.501539 0.252561 0.015413 0.385878 0.850824 0.198891 0.234528 0.524105 0.840071 0.747365 0.675352 0.647784
0.461783 0.252997 0.026929 0.341069 0.885316 0.166304 0.254670 0.593323 0.913047 0.831815 0.636520 0.766273
0.428654 0.263116 0.006264 0.338404 0.940214 0.173337 0.372153 0.590479 0.860332 0.818670 0.649596 0.776151
0.518445 0.329472 -0.004241 0.382607 0.895440 0.109290 0.293259 0.595912 0.884901 0.825580 0.688924 0.706881
0.494774 0.297107 0.109406 0.359224 0.809756 0.113532 0.310077 0.651907 0.820403 0.850213 0.663413 0.737318
0.502957 0.285466 0.029719 0.378317 0.868901 0.294293 0.330984 0.609956 0.906360 0.883494 0.659222 0.838497
0.439934 0.347262 0.056974 0.381365 0.895932 0.152513 0.272653 0.518710 0.775444 0.830100 0.689097 0.700091
0.415941 0.249031 0.017930 0.399969 0.888603 0.232431 0.276968 0.605251 0.801449 0.833680 0.738353 0.756156
0.578383 0.297170 -0.016403 0.450446 0.922312 0.088180 0.192900 0.612897 0.814603 0.857090 0.658066 0.707622
0.409193 0.288957 0.115908 0.317554 0.862130 0.126008 0.170210 0.609164 0.851857 0.837592 0.751514 0.768414
0.455436 0.329116 0.020338 0.347011 0.949729 0.179864 0.365389 0.607413 0.884090 0.842408 0.616442 0.684795
0.454042 0.288260 0.038035 0.402496 0.907405 0.143091 0.312553 0.681710 0.805950 0.767179 0.652343 0.833184
0.489488 0.233449 -0.067191 0.372114 0.838274 0.143206 0.281180 0.638904 0.793976 0.854068 0.698847 0.750525
0.506144 0.268883 0.100321 0.352376 0.891146 0.240509 0.197545 0.658359 0.879741 0.892743 0.670017 0.645316
0.502474 0.370002 -0.054911 0.387509 0.865819 0.134044 0.258969 0.616815 0.788941 0.895101 0.825031 0.714047
0.577170 0.369690 0.142855 0.313561 0.869836 0.087141 0.248608 0.553012 0.864972 0.814835 0.713333 0.751558
0.439616 0.206240 0.012824 0.432016 0.903080 0.109219 0.244824 0.568486 0.872759 0.856029 0.620719 0.688771
0.479340 0.317742 0.052127 0.419938 0.922591 0.157299 0.347624 0.536547 0.832173 0.858681 0.669194 0.741884
0.486233 0.232092 0.027739 0.491988 0.978293 0.178225 0.180407 0.585875 0.739038 0.872609 0.634953 0.562052
0.449985 0.209000 -0.037434 0.377348 0.843657 0.141222 0.215342 0.561205 0.740816 0.834302 0.642820 0.796033
0.429924 0.276493 0.045855 0.456018 0.884642 0.073382 0.275654 0.589117 0.912846 0.899786 0.635577 0.645898
0.430248 0.182508 -0.069136 0.343707 0.910365 0.141730 0.303187 0.575467 0.776372 0.844543 0.708099 0.755143
0.468952 0.261530 0.012795 0.301572 0.842157 0.138858 0.263036 0.600700 0.906803 0.944168 0.688930 0.613600
0.462802 0.270967 -0.028312 0.368377 0.950265 0.226421 0.163742 0.542015 0.786659 0.921416 0.722041 0.744647
0.413155 0.320109 0.011595 0.422212 0.917805 0.148547 0.236261 0.541914 0.823432 0.846900 0.643247 0.740794
0.455646 0.254972 0.024391 0.390578 0.968103 0.191530 0.257205 0.522074 0.821326 0.796052 0.722192 0.617174
0.481144 0.266814 0.039650 0.283046 0.840410 0.130013 0.327643 0.616537 0.817644 0.990073 0.676586 0.690281
0.500677 0.235290 0.046528 0.472280 0.803128 0.106612 0.340172 0.512841 0.831174 0.864613 0.686880 0.810017
0.522286 0.337710 0.008379 0.393609 0.854059 0.205781 0.316629 0.621164 0.846290 0.874470 0.671707 0.811786
0.524109 0.421542 -0.037917 0.285210 0.900459 0.119114 0.244801 0.580110 0.891247 0.798358 0.742127 0.758449
0.499366 0.230786 0.082100 0.492498 0.948112 0.146294 0.308445 0.610385 0.858720 0.850240 0.738522 0.707172
0.389611 0.358733 0.027478 0.346991 0.853323 0.233171 0.258000 0.530736 0.894802 0.760358 0.696686 0.708844
0.459877 0.196411 0.063931 0.299025 0.921186 0.143275 0.229714 0.591191 0.798744 0.811191 0.615850 0.785899
0.520337 0.350963 0.086828 0.312626 0.969837 0.147804 0.277773 0.560739 0.849812 0.833971 0.714122 0.720784
0.466562 0.214028 0.062762 0.317701 0.914805 0.171673 0.367029 0.562688 0.830109 0.792850 0.699018 0.731525
0.519745 0.204178 0.062907 0.346598 0.830313 0.111808 0.275464 0.614669 0.779415 0.792703 0.729754 0.763481
0.453972 0.191652 -0.014097 0.481539 0.940241 0.160471 0.270913 0.466477 0.832739 0.870331 0.706260 0.719320
0.394988 0.316903 0.061612 0.394943 0.876652 0.149335 0.241468 0.536146 0.808851 0.886930 0.574821 0.640137
0.516675 0.102859 -0.033062 0.368871 0.867017 0.196194 0.334882 0.592724 0.799154 0.788487 0.632947 0.737772
0.534120 0.280228 0.038433 0.469902 0.989243 0.099410 0.267262 0.562504 0.777617 0.892428 0.680153 0.776649
0.535413 0.258574 0.023906 0.416478 0.912282 0.100662 0.274786 0.619686 0.904663 0.881140 0.630454 0.678704
0.516918 0.284160 0.002849 0.350038 0.936812 0.126035 0.272265 0.577763 0.779110 0.764433 0.693576 0.708686
0.560358 0.284750 0.128162 0.395926 0.830470 0.211471 0.227148 0.609644 0.924126 0.714120 0.644408 0.703553
0.494744 0.320768 0.091618 0.385003 0.819188 0.142209 0.214570 0.449380 0.786589 0.901824 0.720962 0.767261
0.531858 0.313257 -0.041051 0.404952 0.912105 0.161569 0.204418 0.580828 0.835603 0.827517 0.671941 0.732208
0.467326 0.295669 0.013722 0.413213 0.813317 0.163433 0.227985 0.589295 0.830435 0.879760 0.637999 0.778781
0.417616 0.229333 0.015663 0.406502 0.925298 0.178554 0.263569 0.622869 0.806518 0.843563 0.693204 0.769280
0.450971 0.315495 -0.016227 0.399304 0.903033 0.072133 0.268142 0.619216 0.864674 0.826661 0.679652 0.788210
0.525580 0.327520 0.057935 0.360557 0.864531 0.212272 0.269557 0.589139 0.771938 0.805721 0.691847 0.753984
0.471671 0.314213 0.078541 0.343688 0.891962 0.130865 0.215617 0.592896 0.860263 0.889236 0.716646 0.687512
0.436727 0.297220 0.066556 0.404059 0.838884 0.130954 0.270081 0.550773 0.828465 0.855187 0.703445 0.732303
0.579334 0.253954 0.042687 0.371856 0.846197 0.093714 0.252468 0.560563 0.755700 0.813009 0.610029 0.735162
0.443299 0.335029 0.010824 0.282261 0.895544 0.172550 0.239280 0.581604 0.812053 0.740343 0.709195 0.768877
0.441627 0.252681 0.076709 0.390972 0.899245 0.075460 0.239956 0.551315 0.941256 0.821235 0.654585 0.760831
0.516064 0.237330 0.069991 0.336271 0.794482 0.034415 0.085178 0.589551 0.860365 0.902318 0.609891 0.719027
0.458929 0.251183 0.034252 0.470187 0.807916 0.152609 0.326307 0.513118 0.870527 0.891343 0.645341 0.687017
0.527310 0.263350 0.008976 0.396966 1.019375 0.101184 0.322338 0.599570 0.808196 0.761482 0.670492 0.630550
0.409818 0.370389 -0.022653 0.365284 0.879139 0.148423 0.269255 0.534880 0.836836 0.903611 0.658051 0.705983
0.423520 0.319437 0.035916 0.415519 0.843034 0.187270 0.205430 0.622359 0.763262 0.786092 0.796936 0.856470
0.500324 0.197440 -0.055517 0.407203 0.836019 0.193649 0.248558 0.616064 0.727327 0.973231 0.671088 0.749576
0.521102 0.267224 0.026966 0.301260 0.937455 0.078097 0.234891 0.549190 0.970884 0.826594 0.649599 0.720424
0.469925 0.287447 0.026099 0.332566 0.842537 0.146742 0.139977 0.656582 0.823735 0.751852 0.582620 0.721136
0.531439 0.336557 0.102226 0.343589 0.827669 0.214016 0.312072 0.523028 0.901770 0.818411 0.693470 0.713758
0.543947 0.246817 -0.064217 0.442260 0.843193 0.041869 0.239929 0.564724 0.899633 0.800270 0.619512 0.748326
0.484499 0.178182 0.013778 0.288168 0.919847 0.189564 0.311210 0.528501 0.778833 0.739153 0.784210 0.729767
0.518939 0.232104 -0.003507 0.428264 0.832578 0.094085 0.284062 0.532341 0.845046 0.755650 0.656034 0.712422
0.444779 0.210520 -0.015801 0.409427 0.903784 0.204020 0.303114 0.675546 0.924448 0.940999 0.577851 0.726848
0.417220 0.258965 0.056782 0.439654 0.905115 0.136102 0.243935 0.541422 0.769963 0.951190 0.630367 0.730788
0.495508 0.314578 0.027931 0.510261 0.883500 0.266337 0.232059 0.633596 0.895962 0.882705 0.647269 0.692387
0.445292 0.233157 0.061701 0.330256 0.880143 0.148774 0.261693 0.573102 0.881468 0.830050 0.624189 0.784632
0.466301 0.381332 -0.005078 0.432078 0.822465 0.124710 0.332475 0.616742 0.810792 0.837058 0.722524 0.646515
0.474904 0.219519 0.078538 0.396335 0.965465 0.164334 0.258953 0.681668 0.859354 0.818510 0.645234 0.742786
0.511000 0.239563 0.098983 0.325134 0.902436 0.170448 0.259427 0.669556 0.723929 0.803447 0.653060 0.714379
0.534302 0.314051 0.018499 0.288921 0.824609 0.178619 0.221331 0.625784 0.861760 0.833476 0.677407 0.832875
0.398153 0.264698 -0.033942 0.264909 0.958103 0.256273 0.221269 0.566907 0.898455 0.801375 0.667923 0.755011
0.485540 0.216977 -0.002491 0.416449 0.878243 0.192290 0.260357 0.578221 0.848934 0.832449 0.607535 0.760044
0.432935 0.241410 -0.050438 0.335098 0.885960 0.193228 0.143648 0.577906 0.849572 0.832254 0.709747 0.864417
0.439121 0.335156 -0.021109 0.411827 0.885055 0.185991 0.241456 0.600669 0.725892 0.725925 0.659866 0.694186
0.468496 0.253131 -0.007920 0.374877 0.861386 0.246025 0.366137 0.558344 0.825900 0.913641 0.632411 0.666396
0.456204 0.302423 0.053969 0.370486 0.838457 0.246798 0.220735 0.592869 0.875435 0.882578 0.786658 0.630578
0.433985 0.190266 0.063919 0.361230 0.808713 0.140090 0.272490 0.611621 0.838901 0.841743 0.638963 0.750924
0.446564 0.253256 0.016745 0.364463 0.885752 0.136640 0.221712 0.649279 0.844158 0.852669 0.639393 0.751589
0.412594 0.249800 0.034842 0.466352 0.951593 0.177540 0.201915 0.535135 0.904239 0.825654 0.756432 0.681285
0.466449 0.254738 0.122912 0.322121 0.892125 0.185094 0.266488 0.631062 0.800014 0.884444 0.710793 0.749453
0.518908 0.308583 0.031938 0.429848 0.937461 0.126041 0.217369 0.559489 0.754893 0.919863 0.642738 0.732915
0.415850 0.230932 0.086870 0.448149 0.982679 0.184034 0.255075 0.611663 0.900976 0.927965 0.775125 0.721054
0.524311 0.203575 -0.029245 0.289793 0.876655 0.127427 0.312662 0.519105 0.919706 0.830142 0.713492 0.751181
0.452187 0.219033 -0.033343 0.363806 0.833997 0.165642 0.225644 0.626049 0.918994 0.806630 0.672720 0.674117
0.485168 0.201885 0.030394 0.352501 0.951313 0.142912 0.304060 0.512131 0.784871 0.881959 0.765982 0.830274
0.460909 0.218317 0.026255 0.409885 0.923153 0.148639 0.202912 0.513122 0.769834 0.785741 0.558287 0.710650
0.504463 0.236399 0.036040 0.408530 0.929854 0.127719 0.268615 0.644622 0.867389 0.894404 0.693546 0.715304
0.514516 0.309098 0.062800 0.381510 0.862673 0.042332 0.250449 0.505897 0.895670 0.908436 0.606892 0.704440
0.515505 0.288152 -0.042773 0.450326 0.896443 0.115890 0.186394 0.651027 0.771703 0.895452 0.686675 0.730390
0.493221 0.268059 0.100284 0.457268 0.908847 0.177969 0.257590 0.540644 0.881985 0.694546 0.594332 0.736698
0.420382 0.280567 0.017474 0.357988 0.980372 0.087213 0.282529 0.603157 0.806044 0.872369 0.731485 0.724661
0.510330 0.330354 0.003461 0.465356 0.815811 0.195659 0.342131 0.614832 0.840079 0.818965 0.652371 0.783799
0.497860 0.295836 0.000754 0.340547 0.915028 0.146958 0.209997 0.554214 0.874879 0.897904 0.579920 0.778709
0.477338 0.326747 0.081393 0.314825 0.860689 0.149072 0.247711 0.670787 0.814464 0.819338 0.641637 0.733804
0.571181 0.199961 0.043594 0.458305 0.878662 0.188251 0.263816 0.576407 0.929239 0.862428 0.633263 0.737820
0.387190 0.226881 -0.058785 0.438326 0.882284 0.167622 0.270840 0.562505 0.773558 0.810562 0.612969 0.764998
0.526869 0.233950 0.094157 0.379143 0.955505 0.114018 0.234900 0.625677 0.826411 0.761863 0.637025 0.666523
0.445171 0.210101 -0.009516 0.417570 0.883945 0.126588 0.288326 0.568143 0.847387 0.826485 0.685578 0.682841
0.510715 0.235580 0.059266 0.353772 0.841383 0.059983 0.336735 0.630300 0.761176 0.820475 0.678174 0.663474
0.462794 0.341645 -0.016183 0.450837 0.871191 0.181310 0.222193 0.528072 0.820535 0.814467 0.642165 0.853180
0.538808 0.215500 0.004796 0.428925 0.976285 0.125378 0.297030 0.540957 0.848382 0.834773 0.690678 0.655655
0.413298 0.218176 0.122190 0.354908 0.829539 0.094715 0.286165 0.626730 0.771835 0.856027 0.729387 0.755330
0.446126 0.256718 0.020783 0.378844 0.979004 0.207854 0.230016 0.617273 0.824426 0.879443 0.655372 0.742220
0.436915 0.304835 0.120118 0.464948 0.948037 0.154848 0.288807 0.606125 0.794156 0.810895 0.665471 0.682948
0.557437 0.241665 0.113893 0.427243 0.961633 0.182247 0.292312 0.572986 0.833167 0.851803 0.700612 0.773788
0.526122 0.294373 0.031775 0.426668 0.899440 0.166886 0.293128 0.602983 0.891892 0.816628 0.678991 0.681242
0.180267 0.244976 0.170764 0.404508 0.679734 0.192695 0.224815 0.262516 0.875462 0.232164 0.579672 0.276122
0.095500 0.275510 0.217446 0.413572 0.624477 0.186838 0.315083 0.149939 1.052259 0.224303 0.586377 0.372989
0.209290 0.184577 0.281721 0.460107 0.644695 0.208502 0.331148 0.185941 0.844638 0.105653 0.567857 0.342962
0.241999 0.261051 0.193633 0.454009 0.646893 0.168307 0.222176 0.119502 0.887620 0.120368 0.619874 0.397665
0.161543 0.304680 0.293880 0.515556 0.607433 0.190237 0.323547 0.243271 0.905325 0.162353 0.610308 0.298236
0.108791 0.226029 0.199446 0.410734 0.693060 0.265792 0.274796 0.232765 0.863122 0.196707 0.602705 0.360939
0.022601 0.304422 0.143512 0.496884 0.739560 0.225756 0.124201 0.313588 0.897349 0.154269 0.527779 0.353844
0.134257 0.268752 0.191369 0.425315 0.704080 0.197351 0.309234 0.225330 0.892735 0.087340 0.568262 0.400178
0.148434 0.300914 0.210114 0.507613 0.620266 0.224219 0.278885 0.204909 0.915102 0.125713 0.638546 0.418120
0.162470 0.323448 0.276282 0.442800 0.588250 0.240391 0.291234 0.229802 0.861956 0.162941 0.646695 0.440606
0.136394 0.263899 0.221163 0.458160 0.638817 0.155713 0.325903 0.149028 0.943375 0.186241 0.564579 0.370600
0.188517 0.292726 0.288176 0.444650 0.716202 0.238668 0.272482 0.214499 0.874480 0.157857 0.684219 0.340281
0.206511 0.258808 0.285081 0.403776 0.699154 0.219900 0.216322 0.190321 0.979052 0.256234 0.667504 0.356469
0.221716 0.232422 0.211177 0.484437 0.768839 0.218489 0.209661 0.211444 0.818691 0.178592 0.526691 0.276148
0.085962 0.218607 0.220494 0.536806 0.661736 0.127365 0.226126 0.129748 0.847399 0.289984 0.507668 0.314260
0.240306 0.284614 0.233367 0.406855 0.614260 0.181225 0.263233 0.196500 0.955529 0.210583 0.655728 0.363685
0.134561 0.218237 0.131213 0.453837 0.721626 0.147394 0.203268 0.169781 0.956378 0.182135 0.578103 0.316090
0.102689 0.297182 0.215738 0.476827 0.654459 0.155895 0.226980 0.272953 0.910155 0.315676 0.633200 0.392441
0.087252 0.222429 0.165494 0.456437 0.556548 0.166436 0.306534 0.224621 0.939727 0.191136 0.606638 0.380476
0.100868 0.296667 0.270378 0.447663 0.645601 0.218006 0.262490 0.214973 0.912312 0.125718 0.507545 0.333411
0.139172 0.291568 0.135340 0.453762 0.630736 0.170097 0.267065 0.170783 1.032804 0.165552 0.507609 0.382487
0.176860 0.261501 0.146565 0.533931 0.653673 0.183489 0.246305 0.178426 0.876303 0.206458 0.618532 0.251884
0.105004 0.235468 0.260670 0.456631 0.755668 0.223652 0.213660 0.231425 1.034797 0.141381 0.580742 0.331034
0.183529 0.239540 0.208885 0.529697 0.617556 0.095237 0.201836 0.362725 1.013021 0.123467 0.546396 0.292715
0.125802 0.269581 0.239439 0.487757 0.644364 0.227564 0.244882 0.206022 0.874278 0.223313 0.662942 0.390987
0.158826 0.263954 0.169700 0.378873 0.635844 0.237027 0.218390 0.160743 0.920019 0.199168 0.555336 0.307426
0.177374 0.296076 0.193595 0.472380 0.634534 0.167211 0.280202 0.251157 0.904104 0.182137 0.583933 0.299942
0.194270 0.210251 0.223710 0.466361 0.656102 0.174375 0.280330 0.213530 0.869400 0.131386 0.627479 0.326657
0.108146 0.262623 0.255024 0.476670 0.683600 0.069832 0.205694 0.183256 0.986955 0.189303 0.616001 0.313411
0.202646 0.303328 0.276248 0.498894 0.639854 0.203718 0.179517 0.147309 0.866682 0.188412 0.474828 0.365920
0.123387 0.321106 0.231113 0.483940 0.547687 0.227191 0.276222 0.236927 0.870564 0.175197 0.520766 0.365433
0.216013 0.320159 0.286172 0.391977 0.597250 0.200283 0.235077 0.219560 0.833595 0.204368 0.600287 0.370702
0.156081 0.335661 0.241997 0.485333 0.597663 0.181931 0.291465 0.226165 0.923583 0.186487 0.546982 0.332716
0.139872 0.241401 0.237678 0.446824 0.657882 0.179283 0.287581 0.260549 0.875790 0.222355 0.574560 0.286103
0.231029 0.359342 0.186890 0.507622 0.636884 0.168888 0.301252 0.258070 0.909051 0.071675 0.631409 0.334806
0.199316 0.336923 0.276236 0.423132 0.715522 0.180987 0.295052 0.232586 0.820081 0.154496 0.530180 0.361531
0.149046 0.298608 0.206653 0.619259 0.568549 0.220881 0.319174 0.184519 0.985987 0.240531 0.577770 0.307551
0.113162 0.336169 0.069004 0.522095 0.662131 0.192809 0.216521 0.167654 1.056714 0.282089 0.538307 0.396434
0.150006 0.312428 0.300979 0.468419 0.535977 0.268847 0.229787 0.219730 0.901611 0.115844 0.610226 0.401301
0.237775 0.284776 0.208710 0.467994 0.616405 0.274039 0.191011 0.171800 0.898576 0.141667 0.511308 0.381112
0.194024 0.253103 0.236416 0.394174 0.764545 0.123878 0.254472 0.188678 0.874382 0.229496 0.584292 0.344269
0.054231 0.251142 0.175975 0.454288 0.739882 0.230604 0.244646 0.175725 0.870215 0.101267 0.595492 0.318917
0.133075 0.296823 0.147801 0.471244 0.660460 0.301619 0.228402 0.229147 1.040759 0.182407 0.653575 0.343653
0.284998 0.272771 0.287326 0.449548 0.727698 0.196978 0.223153 0.189670 0.968794 0.118414 0.559913 0.301596
0.095753 0.205963 0.230706 0.553111 0.602997 0.218306 0.225862 0.128212 0.873066 0.135923 0.641090 0.323800
0.224241 0.241272 0.197295 0.408808 0.610896 0.146732 0.275665 0.150945 0.892046 0.153240 0.516687 0.368282
0.055386 0.226269 0.203046 0.439841 0.609199 0.256301 0.186371 0.205123 0.819487 0.115662 0.536649 0.442368
0.179732 0.281169 0.140891 0.394310 0.701966 0.223182 0.214270 0.248517 0.938999 0.158308 0.660246 0.270603
0.196479 0.294584 0.335866 0.467734 0.662715 0.162358 0.160635 0.176411 1.001849 0.222099 0.585178 0.327097
0.125175 0.264925 0.280600 0.527990 0.568877 0.188035 0.334090 0.170254 0.894977 0.225674 0.596318 0.295408
0.073498 0.255965 0.201704 0.512105 0.672335 0.200486 0.302704 0.231185 0.966072 0.096319 0.619801 0.423837
0.163377 0.336856 0.251464 0.584256 0.695389 0.204914 0.176185 0.193728 0.951622 0.164046 0.524114 0.267244
0.226408 0.291942 0.235959 0.391678 0.770368 0.223698 0.241706 0.248425 0.923579 0.232450 0.637182 0.328940
0.185749 0.230685 0.123263 0.441892 0.710125 0.222930 0.306287 0.176972 0.932770 0.236078 0.615009 0.426851
0.129527 0.249511 0.151475 0.495757 0.649106 0.210572 0.238824 0.146997 1.003797 0.117527 0.511618 0.275145
0.141840 0.270210 0.224247 0.480465 0.669480 0.141450 0.345662 0.221734 0.926487 0.085514 0.561718 0.288240
0.114240 0.256626 0.212067 0.420231 0.646606 0.159552 0.164425 0.309828 0.889718 0.136826 0.597623 0.362440
0.033881 0.263433 0.203098 0.478645 0.616005 0.188259 0.178869 0.231335 0.888701 0.129405 0.583827 0.330908
0.220431 0.315461 0.170591 0.513128 0.665108 0.166196 0.276705 0.259738 0.997097 0.180446 0.494676 0.374253
0.175348 0.305186 0.294162 0.412478 0.578659 0.144842 0.226228 0.175481 0.894178 0.219483 0.572090 0.303609
0.036136 0.270347 0.281576 0.508496 0.691990 0.168799 0.210036 0.226935 0.840935 0.248719 0.610536 0.372120
0.125492 0.250947 0.256984 0.562553 0.618427 0.177138 0.236494 0.203099 0.774772 0.160581 0.612429 0.331796
0.148647 0.198335 0.226072 0.478262 0.577688 0.255133 0.268098 0.216789 0.937619 0.190350 0.559057 0.266486
0.183453 0.267121 0.178632 0.435446 0.664815 0.218051 0.273481 0.199082 0.931934 0.146109 0.579159 0.288968
0.206335 0.263482 0.290002 0.468728 0.630713 0.206131 0.311635 0.306798 0.836654 0.265885 0.511434 0.383028
0.143530 0.221088 0.145000 0.548831 0.620776 0.195891 0.217743 0.157790 0.865338 0.151790 0.552424 0.405949
0.140095 0.240781 0.166904 0.509346 0.596038 0.238688 0.202137 0.190960 1.071413 0.103229 0.553387 0.430708
0.191021 0.315169 0.187453 0.548476 0.617099 0.196304 0.195449 0.299203 0.912214 0.161013 0.621038 0.318078
0.075621 0.279906 0.284130 0.433454 0.672165 0.185152 0.299742 0.319989 0.840699 0.176619 0.578956 0.325079
0.093235 0.251063 0.228460 0.445541 0.562720 0.178755 0.227628 0.231359 0.908765 0.207974 0.570632 0.268161
0.138051 0.290763 0.284146 0.484294 0.595734 0.232371 0.219081 0.170878 0.905082 0.130539 0.621902 0.303142
0.239785 0.270422 0.229155 0.493054 0.581956 0.161543 0.294506 0.150299 0.962536 0.077226 0.572952 0.339973
0.096738 0.244152 0.246690 0.486232 0.659262 0.183953 0.276105 0.220664 0.946556 0.276334 0.564145 0.334605
0.166279 0.281541 0.206426 0.490150 0.691170 0.196153 0.172033 0.186710 0.917264 0.182069 0.631484 0.333541
0.131734 0.259180 0.173448 0.451643 0.696038 0.134331 0.185913 0.170895 0.981668 0.155206 0.543966 0.299879
0.102833 0.260148 0.160514 0.409058 0.642305 0.200080 0.203629 0.188700 0.907498 0.125286 0.650898 0.378321
0.174056 0.305187 0.236793 0.457505 0.631253 0.248519 0.256065 0.205573 1.033853 0.216031 0.451337 0.392224
0.095104 0.292855 0.278076 0.519209 0.683298 0.261942 0.271645 0.125489 0.888580 0.198213 0.578421 0.295410
0.131402 0.213076 0.294146 0.595032 0.664272 0.243442 0.236701 0.151915 0.951572 0.155894 0.599471 0.393970
0.221901 0.339003 0.166009 0.477500 0.671201 0.167834 0.276297 0.224184 0.868833 0.148006 0.549129 0.338490
0.041546 0.215589 0.201493 0.502397 0.664481 0.196226 0.255258 0.181749 0.905380 0.137369 0.616393 0.389672
0.140126 0.224273 0.296149 0.472837 0.585688 0.191546 0.260753 0.214218 0.921607 0.183811 0.584544 0.367844
0.124165 0.240381 0.113289 0.459356 0.748178 0.131606 0.303849 0.165823 0.989176 0.159636 0.652407 0.301069
0.127292 0.298496 0.176794 0.474998 0.633961 0.181692 0.223559 0.211595 0.912603 0.135812 0.555936 0.372140
0.133459 0.258826 0.136155 0.398862 0.622278 0.256530 0.237874 0.199528 0.988706 0.226484 0.575713 0.423303
0.170495 0.273192 0.291147 0.534594 0.633367 0.192501 0.228544 0.202692 1.080065 0.162906 0.564691 0.347016
0.135997 0.186769 0.092041 0.421317 0.587939 0.128702 0.287130 0.258355 0.948696 0.186974 0.694196 0.399591
0.192130 0.197113 0.139528 0.525564 0.664350 0.162522 0.284906 0.154652 0.928904 0.117097 0.626907 0.348751
0.160682 0.301773 0.240164 0.442295 0.650200 0.297357 0.240337 0.196484 0.962136 0.121929 0.539291 0.355027
0.123481 0.248983 0.214678 0.459818 0.542771 0.279759 0.144429 0.256995 0.937870 0.155329 0.619277 0.392665
0.262436 0.268193 0.235136 0.477300 0.584722 0.298733 0.292418 0.137626 0.878526 0.197117 0.593363 0.443254
0.056473 0.242025 0.207721 0.439467 0.661102 0.235648 0.230097 0.150700 0.914704 0.251458 0.559885 0.298891
0.117523 0.294413 0.255970 0.481127 0.593649 0.196736 0.307789 0.212463 0.891745 0.230894 0.619288 0.425246
0.187588 0.310174 0.186078 0.483265 0.751446 0.185947 0.297939 0.204028 1.011690 0.128119 0.616396 0.306995
0.151204 0.259576 0.183075 0.439763 0.580955 0.199130 0.244859 0.253140 0.886153 0.138039 0.596105 0.283319
0.159335 0.243714 0.272892 0.480746 0.766048 0.229312 0.299969 0.106164 0.994799 0.168262 0.583653 0.272399
0.144098 0.272670 0.235511 0.497172 0.664861 0.225783 0.196447 0.118709 0.875762 0.292486 0.623270 0.248645
0.112711 0.257673 0.192199 0.428519 0.672705 0.168112 0.258509 0.162212 0.935969 0.162815 0.558391 0.229014
0.173350 0.340964 0.311005 0.513716 0.652980 0.284114 0.229773 0.185770 0.860736 0.202706 0.606248 0.360597
0.043195 0.266836 0.268754 0.493359 0.613162 0.220028 0.348689 0.241621 0.920885 0.175232 0.652311 0.310395
0.186725 0.298209 0.317085 0.471702 0.700989 0.158466 0.195785 0.181047 0.937789 0.127750 0.571300 0.390612
0.243447 0.322623 0.117614 0.435711 0.617699 0.188871 0.242338 0.176219 0.970496 0.095272 0.654027 0.326756
0.209403 0.337178 0.265655 0.484080 0.632899 0.150852 0.257216 0.224257 0.993349 0.132463 0.581730 0.397325
0.192433 0.285062 0.343057 0.520221 0.590042 0.174447 0.252721 0.311385 1.018170 0.148093 0.536385 0.423912
0.206013 0.328405 0.183561 0.449285 0.685826 0.271829 0.256381 0.201840 0.989800 0.150594 0.562497 0.420139
0.233411 0.332697 0.277950 0.416400 0.701147 0.231651 0.220838 0.252768 0.857111 0.150301 0.613923 0.360149
0.165553 0.238158 0.251675 0.464070 0.586346 0.189855 0.276177 0.219209 0.877017 0.185943 0.582260 0.334182
0.203442 0.326224 0.284744 0.496246 0.637677 0.202542 0.268176 0.158511 0.894302 0.157386 0.623499 0.336258
0.198663 0.237357 0.245663 0.497561 0.574939 0.208698 0.220034 0.235097 0.895272 0.205706 0.526942 0.406491
0.169680 0.336743 0.193204 0.434485 0.559271 0.258530 0.411206 0.241673 0.939456 0.100348 0.602281 0.314241
0.077084 0.289102 0.276502 0.434116 0.679278 0.180777 0.274840 0.198222 0.857993 0.151952 0.590050 0.384185
0.167169 0.213659 0.227130 0.521326 0.645218 0.200451 0.300831 0.110733 0.885809 0.178468 0.518942 0.359039
0.181859 0.250627 0.166394 0.370618 0.576360 0.191494 0.243189 0.149328 0.878130 0.200160 0.521320 0.291121
0.222272 0.246897 0.286484 0.482934 0.660551 0.216738 0.230961 0.226850 0.880975 0.191685 0.605872 0.387633
0.076906 0.333520 0.246894 0.551639 0.643613 0.195120 0.352685 0.262919 0.891612 0.139794 0.696310 0.372612
0.197762 0.213336 0.155654 0.419118 0.705446 0.186603 0.276839 0.190596 0.976704 0.144249 0.640532 0.288027
0.208629 0.258572 0.234023 0.413277 0.684469 0.138487 0.336987 0.186825 0.928937 0.232937 0.586340 0.394742
0.022046 0.262547 0.144959 0.399637 0.664462 0.131462 0.253345 0.240663 0.966019 0.090485 0.643795 0.390778
0.177555 0.251897 0.258139 0.459179 0.619006 0.205765 0.295352 0.143467 0.942781 0.128917 0.612139 0.322701
0.146875 0.249281 0.206080 0.413213 0.609421 0.375586 0.273218 0.189322 0.947605 0.265699 0.567674 0.299369
0.159577 0.242416 0.138489 0.517196 0.619909 0.135610 0.285762 0.298949 0.866130 0.132040 0.584117 0.352660
0.199378 0.232419 0.180795 0.431772 0.678069 0.132303 0.344836 0.262904 0.808642 0.229399 0.656815 0.370143
0.170038 0.290042 0.298635 0.466764 0.662537 0.310476 0.303158 0.248205 0.901758 0.175827 0.513659 0.490301
0.082578 0.165668 0.258981 0.439040 0.732271 0.154775 0.243909 0.233739 0.876448 0.275654 0.621136 0.364717
0.175529 0.211389 0.180677 0.491013 0.611085 0.204255 0.241507 0.176911 0.952204 0.173158 0.663768 0.417993
0.192508 0.312348 0.154972 0.428853 0.690700 0.063575 0.198351 0.219367 0.973004 0.114151 0.605215 0.329604
0.204028 0.310697 0.191485 0.378287 0.605756 0.241796 0.308558 0.237313 0.970085 0.233623 0.591374 0.311732
0.147018 0.345520 0.188045 0.419809 0.563017 0.135823 0.308676 0.128877 0.901071 0.249839 0.645730 0.315476
0.251996 0.209886 0.170482 0.501847 0.573102 0.276315 0.245453 0.240082 0.883191 0.191122 0.603853 0.321306
0.114419 0.251573 0.253042 0.522255 0.630270 0.077694 0.235875 0.217699 0.843728 0.163263 0.704882 0.289947
0.145461 0.333988 0.180708 0.431604 0.662338 0.205658 0.227669 0.199300 0.990972 0.173690 0.604046 0.345542
0.197242 0.253057 0.178696 0.383507 0.612175 0.315088 0.297112 0.196965 0.984923 0.262097 0.583942 0.408841
0.181211 0.263976 0.337627 0.466395 0.612123 0.143551 0.263896 0.286039 0.949538 0.116050 0.689901 0.340598
0.195693 0.255268 0.236544 0.436005 0.711342 0.157513 0.230743 0.144245 1.036636 0.214848 0.692404 0.363098
0.219519 0.219583 0.225011 0.485388 0.675479 0.218642 0.302737 0.258057 0.997358 0.115604 0.665855 0.406492
0.167935 0.170089 0.252855 0.393321 0.687535 0.176337 0.264119 0.215610 0.910993 0.233800 0.517402 0.329368
0.148635 0.303310 0.230742 0.523633 0.589371 0.139117 0.253862 0.263784 0.893627 0.233662 0.536019 0.399957
0.160065 0.260979 0.181448 0.430779 0.653296 0.136828 0.244130 0.222880 0.969840 0.156922 0.602562 0.356261
0.156861 0.389306 0.188753 0.440011 0.629153 0.190104 0.247932 0.267229 0.952527 0.223379 0.700106 0.312039
0.125207 0.225622 0.215680 0.549171 0.570936 0.227793 0.258966 0.251094 0.833716 0.230623 0.646751 0.391453
0.106237 0.374209 0.153076 0.475271 0.639671 0.180800 0.197641 0.225315 0.873560 0.136397 0.587468 0.282204
0.100479 0.317563 0.154131 0.483144 0.750613 0.252942 0.245538 0.171863 0.971377 0.133113 0.548076 0.270071
0.205620 0.242885 0.269130 0.467180 0.688447 0.327643 0.213536 0.266958 0.974728 0.171064 0.645298 0.297469
0.170742 0.350088 0.309548 0.437628 0.673368 0.265449 0.242163 0.199407 0.930691 0.121593 0.638834 0.352519
0.289608 0.339916 0.254073 0.543496 0.690390 0.204251 0.255889 0.299785 0.840778 0.206195 0.597420 0.341995
0.038768 0.289990 0.262769 0.426234 0.670878 0.141362 0.220396 0.260605 0.953567 0.193050 0.640758 0.432871
0.095752 0.243034 0.204393 0.386970 0.689795 0.133811 0.285005 0.119961 0.882381 0.170315 0.554271 0.338200
0.218673 0.315002 0.228109 0.455484 0.729124 0.176972 0.251958 0.160223 0.897678 0.165031 0.634815 0.282196
0.170256 0.331509 0.210917 0.398450 0.718751 0.122685 0.282163 0.262326 1.018880 0.155231 0.686475 0.364923
0.059408 0.273116 0.223922 0.460531 0.733105 0.220622 0.308920 0.245759 0.903066 0.169860 0.634176 0.370893
0.190258 0.225567 0.219632 0.325452 0.613481 0.223863 0.308361 0.242170 0.874713 0.142945 0.603144 0.308763
0.224597 0.351159 0.153014 0.495492 0.667816 0.186795 0.313910 0.102374 0.862352 0.218205 0.561563 0.341939
0.212190 0.235494 0.189012 0.406407 0.661961 0.204662 0.236167 0.211908 0.978254 0.099482 0.546082 0.376955
0.115744 0.261295 0.316843 0.472657 0.646288 0.109440 0.318628 0.181276 0.879389 0.178823 0.521933 0.319567
0.173102 0.209455 0.286369 0.409911 0.611824 0.234155 0.247852 0.156765 0.854279 0.121101 0.553007 0.429842
0.058002 0.199234 0.195227 0.526388 0.614707 0.151535 0.312991 0.187023 0.927810 0.113936 0.647693 0.353800
0.131164 0.307663 0.225980 0.491199 0.540379 0.261213 0.236539 0.284923 1.007943 0.132532 0.577971 0.303864
0.155414 0.181049 0.187369 0.396671 0.643443 0.245570 0.289295 0.213230 0.886279 0.145290 0.559740 0.296490
0.179276 0.286815 0.242725 0.443519 0.606783 0.135914 0.208833 0.225562 0.899580 0.113028 0.565308 0.290880
0.140222 0.247752 0.225266 0.397603 0.634875 0.193705 0.236796 0.138577 0.946882 0.198659 0.572705 0.359356
0.141120 0.266339 0.210649 0.517668 0.720522 0.226116 0.244071 0.190971 0.842132 0.184274 0.553228 0.428087
0.176344 0.237596 0.188734 0.460328 0.691112 0.233493 0.201060 0.091163 0.993859 0.146533 0.531233 0.343722
0.232771 0.245303 0.172752 0.445079 0.684995 0.220940 0.317848 0.210357 0.902884 0.078536 0.675905 0.401079
0.090174 0.336045 0.209325 0.435823 0.652460 0.211384 0.294308 0.232375 0.936514 0.200498 0.575013 0.373006
0.123304 0.247077 0.154401 0.474468 0.621570 0.207489 0.290488 0.157556 0.936643 0.260794 0.705100 0.360808
0.192899 0.271554 0.119877 0.484740 0.654417 0.148363 0.262936 0.214441 0.955135 0.141309 0.579176 0.310473
0.125419 0.230729 0.276823 0.398789 0.609936 0.160114 0.284610 0.279310 0.978316 0.136148 0.527049 0.380893
0.130285 0.159721 0.275191 0.434868 0.693805 0.242193 0.377572 0.110874 0.880290 0.160341 0.562616 0.303595
0.206163 0.279524 0.168567 0.548324 0.613152 0.269035 0.207590 0.076658 0.929620 0.174663 0.653200 0.367449
0.168647 0.154760 0.130838 0.511156 0.662146 0.090423 0.253330 0.161984 0.878057 0.124129 0.699986 0.348619
0.087188 0.232476 0.261422 0.505938 0.701045 0.228990 0.254504 0.211959 0.894914 0.218332 0.550699 0.325231
0.257147 0.211843 0.331163 0.555948 0.598836 0.158358 0.325894 0.249999 0.955547 0.224060 0.506644 0.332242
0.069454 0.277026 0.230331 0.382395 0.671832 0.213380 0.262789 0.192419 0.924618 0.157020 0.624453 0.247201
0.220879 0.291449 0.165576 0.490259 0.619889 0.235414 0.292015 0.225084 0.990322 0.155298 0.611804 0.412534
0.116070 0.323708 0.184756 0.428622 0.661060 0.177035 0.283030 0.212206 0.931166 0.198873 0.569333 0.405162
0.181947 0.263308 0.225497 0.461975 0.636272 0.206284 0.248169 0.217092 0.930045 0.234041 0.564443 0.285077
0.102443 0.313200 0.205972 0.602377 0.736204 0.218415 0.252747 0.176536 0.858200 0.239277 0.521871 0.346808
0.186330 0.287486 0.189028 0.487367 0.613444 0.130519 0.211257 0.208751 0.973546 0.245157 0.626884 0.408661
0.219140 0.318024 0.179269 0.466884 0.635781 0.128054 0.343958 0.272929 0.956032 0.301412 0.577217 0.358989
0.127953 0.265749 0.220362 0.512573 0.658664 0.268596 0.332197 0.213568 0.968574 0.056660 0.628827 0.338813
0.144472 0.295836 0.139966 0.492449 0.722858 0.129648 0.327322 0.211457 0.957704 0.103629 0.624069 0.396510
0.175324 0.195292 0.267383 0.476544 0.653704 0.197504 0.238824 0.182098 0.901881 0.266366 0.634448 0.297086
0.105976 0.290215 0.300391 0.486165 0.666598 0.198069 0.238837 0.168880 0.950575 0.300170 0.605607 0.336387
0.101224 0.338454 0.311439 0.440558 0.620880 0.192578 0.299949 0.207159 0.928200 0.258745 0.642340 0.371108
0.243654 0.264330 0.207385 0.401117 0.653354 0.198478 0.279117 0.229126 0.902273 0.142349 0.555467 0.233498
0.042486 0.227539 0.287191 0.494131 0.603675 0.212040 0.300525 0.175109 0.920908 0.207493 0.623315 0.379262
0.134018 0.308907 0.268541 0.444924 0.553926 0.193709 0.268844 0.203360 0.938432 0.202857 0.641558 0.347175
0.152613 0.230286 0.267321 0.402890 0.574616 0.210593 0.265816 0.193390 0.973088 0.199556 0.613932 0.346605
0.098820 0.217704 0.176482 0.482665 0.609180 0.230611 0.254834 0.240353 0.932987 0.200503 0.552786 0.295054
0.144543 0.302430 0.339442 0.453026 0.623170 0.151591 0.210002 0.089759 0.962272 0.170037 0.570243 0.429295
0.136122 0.290074 0.289941 0.435715 0.649861 0.221315 0.169001 0.168521 0.916487 0.135807 0.583886 0.311763
0.188685 0.285111 0.258569 0.493313 0.690167 0.221067 0.234694 0.211959 0.919103 0.107882 0.572782 0.378128
0.084262 0.291902 0.252656 0.492935 0.687103 0.294701 0.318741 0.212766 0.945804 0.154036 0.576505 0.272346
0.099695 0.297621 0.121029 0.495849 0.642448 0.140799 0.135587 0.159472 0.952786 0.164753 0.630606 0.300191
0.068968 0.316292 0.199815 0.423778 0.739932 0.294077 0.357677 0.225221 0.977811 0.122554 0.623418 0.387100
0.110075 0.318696 0.221173 0.494333 0.580545 0.208146 0.309114 0.222375 0.949310 0.137508 0.613612 0.377805
0.186618 0.309638 0.265576 0.535995 0.587269 0.141882 0.185741 0.141613 0.932264 0.085526 0.494663 0.331679
0.249247 0.271624 0.302594 0.515911 0.577310 0.234544 0.270258 0.229607 0.932865 0.200646 0.631807 0.362220
0.177409 0.270807 0.247599 0.339689 0.713010 0.172485 0.315300 0.218092 0.896385 0.205992 0.553769 0.375489
0.140837 0.353388 0.135256 0.492538 0.587093 0.203639 0.260736 0.196185 0.909186 0.093935 0.584737 0.267489
0.135050 0.239052 0.128115 0.419232 0.688693 0.247849 0.241118 0.181101 0.849832 0.227519 0.540831 0.349931
0.198473 0.309400 0.234013 0.424737 0.565364 0.210389 0.248170 0.173329 0.886058 0.318641 0.596046 0.451818
0.188321 0.296226 0.182584 0.424046 0.758193 0.193599 0.217683 0.227090 1.013184 0.246033 0.579144 0.304144
0.129828 0.285549 0.181527 0.518882 0.586276 0.195627 0.254491 0.149442 0.867123 0.315859 0.526374 0.366803
0.158812 0.283373 0.223082 0.471560 0.665771 0.194751 0.308050 0.259074 0.994865 0.118067 0.581398 0.242955
0.103363 0.247031 0.276688 0.394064 0.722574 0.170387 0.297312 0.204597 0.844701 0.240128 0.656828 0.428025
0.173701 0.403153 0.216702 0.432417 0.602034 0.160422 0.266958 0.244847 0.881674 0.287299 0.594290 0.334049
0.130216 0.282650 0.304674 0.541559 0.621278 0.180520 0.246507 0.276549 0.851549 0.226210 0.613984 0.337129
0.160356 0.293645 0.295795 0.470825 0.692253 0.247531 0.242876 0.146293 0.911469 0.161404 0.658427 0.364869
0.131018 0.213620 0.182091 0.477551 0.647722 0.270854 0.263868 0.206103 0.988931 0.115178 0.610108 0.329298
-0.011534 0.293805 0.218654 0.387332 0.689997 0.149007 0.240174 0.204578 0.820761 0.179770 0.666306 0.424752
0.196166 0.307541 0.227918 0.473272 0.638768 0.073113 0.263804 0.259286 0.936505 0.126742 0.530286 0.308342
0.077353 0.250069 0.335646 0.465505 0.647497 0.116023 0.226383 0.261946 0.928446 0.123370 0.522075 0.410099
0.070586 0.286598 0.237109 0.491205 0.661371 0.188133 0.329608 0.241735 0.838057 0.139440 0.580812 0.306456
0.153413 0.238741 0.249271 0.416410 0.713272 0.171827 0.314172 0.222322 0.868785 0.230905 0.582963 0.387511
0.123589 0.236866 0.197550 0.406773 0.604418 0.212911 0.242970 0.219932 1.012742 0.244669 0.596942 0.352307
0.017458 0.281109 0.128398 0.403872 0.600351 0.163491 0.293035 0.105692 0.982921 0.280597 0.631456 0.291167
0.044707 0.150922 0.223078 0.350403 0.666994 0.206613 0.219821 0.254461 0.807984 0.084821 0.544090 0.316359
0.198926 0.232586 0.297943 0.508139 0.623217 0.259461 0.252162 0.260492 0.881393 0.198529 0.617534 0.328134
0.289351 0.224687 0.208318 0.368982 0.614042 0.184127 0.306207 0.295461 0.921790 0.074868 0.561789 0.355935
0.080906 0.309203 0.338857 0.458339 0.756355 0.155360 0.251282 0.155844 0.931722 0.169669 0.618722 0.455242
0.105716 0.332303 0.279570 0.483581 0.645145 0.228742 0.315309 0.208467 0.979680 0.160577 0.563220 0.285869
0.166436 0.209087 0.204713 0.491619 0.604001 0.143895 0.283203 0.189900 0.970106 0.215837 0.643792 0.375822
0.171376 0.227115 0.226462 0.441429 0.630635 0.157355 0.258371 0.229533 0.894979 0.087109 0.622767 0.429812
0.082549 0.241040 0.204883 0.481443 0.671729 0.120502 0.227063 0.136028 0.932976 0.211523 0.642305 0.378264
0.182865 0.349245 0.204064 0.455652 0.601836 0.156323 0.245392 0.291169 0.884624 0.162564 0.614968 0.348595
0.118210 0.287841 0.157759 0.497794 0.622179 0.171977 0.233963 0.262221 0.956156 0.221728 0.583385 0.470938
0.250639 0.232064 0.230774 0.517956 0.651760 0.147604 0.259087 0.222979 0.912086 0.197640 0.658121 0.339066
0.123892 0.253200 0.238036 0.413109 0.650891 0.232915 0.190094 0.133470 1.050329 0.115707 0.566695 0.353202
0.203647 0.318029 0.271831 0.527207 0.691424 0.152073 0.348509 0.230079 0.906414 0.159767 0.562406 0.334513
0.178248 0.184196 0.191925 0.477499 0.690274 0.191823 0.180990 0.227569 0.886483 0.226636 0.592461 0.356586
0.115722 0.214710 0.206244 0.461429 0.718119 0.218021 0.354324 0.202360 0.877910 0.248226 0.597508 0.331778
0.115057 0.315610 0.260598 0.520388 0.633539 0.126536 0.318491 0.080275 0.900989 0.228299 0.584975 0.383000
0.229072 0.334670 0.152083 0.477114 0.664466 0.147962 0.165967 0.108136 0.845091 0.161711 0.567036 0.282125
0.160482 0.266267 0.230089 0.508849 0.753964 0.197004 0.214645 0.291484 0.906721 0.127594 0.666447 0.323748
0.130742 0.344940 0.255239 0.373315 0.756885 0.094893 0.204404 0.241295 1.001958 0.095225 0.600834 0.352305
0.178246 0.316660 0.185055 0.448137 0.646382 0.206774 0.261995 0.264560 0.930550 0.176709 0.524763 0.361316
0.195582 0.336771 0.192497 0.482444 0.651820 0.217794 0.306145 0.230792 0.978237 0.123332 0.572005 0.368438
0.151569 0.243026 0.219274 0.504580 0.611511 0.164451 0.375690 0.167547 0.962982 0.102749 0.597145 0.419307
0.217841 0.315177 0.190930 0.563524 0.675082 0.121266 0.234276 0.173922 0.885138 0.266681 0.566616 0.332616
0.243014 0.288216 0.193122 0.526812 0.575980 0.212225 0.300360 0.222882 0.900964 0.121444 0.638514 0.381467
0.085684 0.255428 0.125131 0.461703 0.743092 0.150559 0.231167 0.277755 0.961607 0.132300 0.484053 0.449816
0.167186 0.232204 0.181886 0.489103 0.691159 0.191609 0.265894 0.223694 0.960686 0.156798 0.543429 0.402388
0.101905 0.296355 0.257393 0.462196 0.579974 0.180245 0.282048 0.251996 0.881632 0.245836 0.604963 0.267943
0.166125 0.346705 0.272861 0.467175 0.673313 0.177868 0.368828 0.206986 0.837827 0.151882 0.555650 0.268415
0.053975 0.215849 0.316159 0.490151 0.693336 0.261854 0.342862 0.120284 0.911927 0.143853 0.600439 0.370760
0.103977 0.320826 0.260015 0.392566 0.605652 0.195845 0.319482 0.210757 0.934552 0.147052 0.621548 0.247860
0.091515 0.315840 0.150984 0.465990 0.615156 0.207636 0.329619 0.248104 0.991858 0.146998 0.603034 0.358348
0.211810 0.309140 0.235788 0.388980 0.667484 0.181882 0.217367 0.171189 1.026046 0.178423 0.572240 0.456947
0.177720 0.255858 0.221268 0.422475 0.613843 0.248360 0.265748 0.191374 0.859890 0.197771 0.608843 0.381058
0.035679 0.234071 0.197284 0.480102 0.687073 0.239408 0.339461 0.244856 0.938087 0.207329 0.475825 0.376292
0.176772 0.260344 0.256394 0.448363 0.636533 0.239952 0.228152 0.217330 0.955642 0.176930 0.508229 0.385065
0.164846 0.212579 0.157783 0.429304 0.642300 0.196917 0.309848 0.208364 0.880441 0.080661 0.566170 0.168376
0.102093 0.283389 0.181875 0.423950 0.611728 0.136070 0.131186 0.340344 0.874537 0.241947 0.570183 0.381076
0.118032 0.281957 0.184926 0.399478 0.660856 0.185176 0.258343 0.269652 0.902145 0.272478 0.653076 0.361670
0.088816 0.279337 0.294430 0.503608 0.646765 0.216045 0.340717 0.182003 0.973753 0.235090 0.603241 0.340597
0.112977 0.344137 0.205354 0.425334 0.584977 0.222354 0.267440 0.216645 0.885194 0.125224 0.619134 0.377813
0.220656 0.191641 0.191019 0.387071 0.731904 0.266957 0.262467 0.347150 0.878368 0.203773 0.522457 0.360166
0.134092 0.261997 0.171020 0.450721 0.669107 0.202074 0.227159 0.194712 0.951912 0.186032 0.593229 0.291676
0.130084 0.395230 0.208387 0.430555 0.521596 0.262693 0.261421 0.252416 0.941381 0.239595 0.654621 0.294136
0.125418 0.265241 0.240881 0.429465 0.663019 0.176570 0.208192 0.269999 0.988943 0.159710 0.521623 0.329104
0.156047 0.236178 0.180228 0.399893 0.582163 0.066726 0.355108 0.171833 0.896608 0.141641 0.636704 0.359359
0.090402 0.335408 0.191019 0.397368 0.666434 0.225277 0.281099 0.178661 0.919047 0.163833 0.643908 0.345073
0.109280 0.217818 0.240780 0.520540 0.652784 0.241065 0.269887 0.153556 0.913960 0.227055 0.519876 0.388235
0.184885 0.264476 0.209475 0.463416 0.636389 0.193615 0.258418 0.178503 0.934360 0.154132 0.585227 0.443096
0.169492 0.306650 0.252030 0.471406 0.683357 0.201911 0.197553 0.212119 0.940429 0.132294 0.637129 0.368473
0.084540 0.266724 0.269963 0.469151 0.661275 0.297574 0.285649 0.156216 0.942816 0.121083 0.592808 0.376888
0.127682 0.225620 0.197027 0.454540 0.689892 0.190396 0.291481 0.201589 0.923016 0.223025 0.565260 0.277806
0.104400 0.300233 0.241994 0.475891 0.674973 0.201533 0.194081 0.170627 0.956685 0.208876 0.535885 0.340663
0.244899 0.327511 0.231813 0.392730 0.757641 0.238893 0.298208 0.169010 0.942747 0.182087 0.614724 0.318158
0.191265 0.290491 0.137313 0.457116 0.692852 0.203610 0.308331 0.251824 0.974595 0.100522 0.580295 0.426212
0.101856 0.265679 0.266259 0.356199 0.618233 0.176964 0.192933 0.206765 0.924416 0.099916 0.605522 0.299362
0.226144 0.313121 0.236974 0.466928 0.716657 0.098441 0.274559 0.206960 0.912057 0.227697 0.444981 0.284038
0.193884 0.308524 0.191682 0.421667 0.811478 0.228189 0.203947 0.174127 0.888243 0.205966 0.688645 0.334594
0.105786 0.329080 0.191749 0.472218 0.683452 0.205807 0.231653 0.252038 0.914678 0.185177 0.619088 0.302004
0.169336 0.218411 0.275782 0.543054 0.710501 0.235549 0.217658 0.139019 0.932360 0.211622 0.619276 0.322328
0.174014 0.275017 0.096305 0.527722 0.595467 0.192186 0.291406 0.166398 0.986770 0.246533 0.592067 0.203476
0.069412 0.265053 0.193214 0.532850 0.601311 0.223780 0.212504 0.193628 0.927142 0.276800 0.578703 0.407911
0.213904 0.289652 0.190541 0.512291 0.681741 0.195258 0.249852 0.199636 0.899308 0.141713 0.599509 0.392060
0.197502 0.361408 0.255589 0.347568 0.713066 0.226173 0.271239 0.189624 0.979011 0.285409 0.574197 0.299019
0.081980 0.311705 0.185428 0.463145 0.694016 0.138877 0.254348 0.192109 0.925299 0.152277 0.524265 0.339466
0.059120 0.367904 0.180154 0.408069 0.729848 0.236184 0.244604 0.136080 0.962856 0.276965 0.621235 0.324345
0.049303 0.180221 0.218376 0.534239 0.653651 0.181548 0.228618 0.271496 0.928242 0.180251 0.592896 0.251892
0.146532 0.270285 0.239074 0.538094 0.632431 0.182572 0.283857 0.197057 0.979349 0.195107 0.518159 0.382688
0.181941 0.244172 0.241712 0.480376 0.566509 0.179205 0.259235 0.301004 0.860214 0.158726 0.649346 0.394682
0.313407 0.213964 0.151387 0.503590 0.518923 0.219813 0.216377 0.170852 0.938293 0.255249 0.498169 0.352273
-0.003365 0.270486 0.296333 0.527429 0.666507 0.225869 0.331898 0.217969 0.878897 0.137713 0.573454 0.272081
0.114319 0.341534 0.271959 0.435077 0.640049 0.262230 0.256397 0.105305 0.855354 0.256640 0.614718 0.277069
0.144076 0.340801 0.199707 0.496583 0.649484 0.171891 0.303828 0.139711 0.910811 0.270267 0.553482 0.335871
0.171523 0.255574 0.239304 0.381605 0.649424 0.180367 0.217014 0.276550 0.941062 0.194922 0.662242 0.373794
0.051962 0.322802 0.161183 0.378322 0.714810 0.195047 0.273919 0.118752 0.909514 0.206888 0.539341 0.302787
0.140204 0.272906 0.128451 0.494892 0.601297 0.162888 0.314951 0.192841 0.924969 0.172896 0.613713 0.370923
0.147682 0.275562 0.178554 0.466212 0.681791 0.219350 0.352206 0.233800 0.936635 0.176083 0.544554 0.306949
0.154359 0.291694 0.254651 0.517231 0.595143 0.199990 0.295954 0.257168 0.882044 0.274613 0.632136 0.325593
0.114037 0.299282 0.225380 0.463050 0.646446 0.090439 0.288244 0.253160 0.964342 0.189210 0.523817 0.353313
0.136139 0.241489 0.197095 0.263280 0.658485 0.211137 0.261985 0.245122 0.997707 0.107179 0.580080 0.324443
0.142833 0.263886 0.297145 0.376720 0.683577 0.148782 0.282376 0.247430 0.932892 0.177592 0.593624 0.374414
0.211000 0.306626 0.290749 0.422734 0.641170 0.176281 0.295747 0.209748 0.870418 0.186368 0.623562 0.315023
0.091273 0.246952 0.195617 0.488530 0.757688 0.158706 0.298065 0.150822 0.862116 0.119751 0.595356 0.307595
0.115194 0.219937 0.389706 0.504207 0.620832 0.170826 0.220885 0.139209 1.018848 0.195810 0.611192 0.460338
0.143462 0.283398 0.199856 0.488037 0.581922 0.232071 0.189825 0.180965 0.889599 0.122667 0.664101 0.341422
0.193368 0.277769 0.119149 0.360895 0.654061 0.106042 0.201909 0.256623 0.955946 0.152582 0.619266 0.383692
0.219387 0.235690 0.224000 0.508170 0.627037 0.315940 0.283204 0.128041 0.921478 0.216273 0.611618 0.343027
0.076443 0.338348 0.269523 0.479539 0.633039 0.145058 0.215765 0.116914 0.907960 0.195682 0.522950 0.364046
0.207542 0.390158 0.261411 0.458452 0.612307 0.162145 0.193574 0.168660 0.917366 0.181084 0.577559 0.393641
0.240763 0.392033 0.243883 0.462628 0.721043 0.154156 0.197568 0.238222 0.921337 0.242367 0.586892 0.344653
0.165679 0.350568 0.254884 0.539731 0.675943 0.136334 0.340106 0.135699 0.916159 0.187767 0.612051 0.373401
0.093548 0.312893 0.185744 0.514213 0.598003 0.209647 0.166551 0.216402 0.878602 0.195345 0.565012 0.263293
0.078554 0.272832 0.259000 0.453227 0.653057 0.188125 0.285485 0.226301 0.981142 0.140841 0.649745 0.392625
0.072811 0.314285 0.273722 0.494051 0.655482 0.266540 0.337682 0.158569 0.868344 0.129769 0.534360 0.354745
0.035278 0.243745 0.259230 0.512260 0.720345 0.260440 0.278471 0.192770 0.887824 0.212651 0.575449 0.357116
0.129157 0.286822 0.176127 0.483646 0.632004 0.142761 0.220191 0.221239 0.951479 0.158428 0.604048 0.328596
0.162240 0.301220 0.209578 0.404071 0.657639 0.257644 0.206988 0.241109 0.911044 0.218855 0.594466 0.326185
0.139014 0.345577 0.258163 0.390629 0.663378 0.172752 0.361196 0.211799 0.946574 0.186102 0.540795 0.345285
0.103226 0.272130 0.216694 0.455542 0.671256 0.172763 0.233653 0.209592 1.027018 0.248185 0.560144 0.303592
0.181046 0.253349 0.208903 0.527184 0.639408 0.275226 0.249425 0.190786 0.915624 0.178466 0.627364 0.347273
0.239247 0.275019 0.219834 0.440461 0.584154 0.200846 0.309670 0.229639 0.927892 0.209690 0.477644 0.330859
0.078938 0.349104 0.199308 0.533557 0.637146 0.230874 0.266444 0.162010 0.956483 0.244204 0.588857 0.326830
0.119400 0.236547 0.270945 0.510316 0.558865 0.241973 0.309609 0.195230 0.899779 0.168093 0.616257 0.446944
0.181138 0.197922 0.138141 0.448630 0.626522 0.325767 0.319359 0.129567 0.928062 0.130316 0.552847 0.321133
0.239741 0.297827 0.212244 0.517573 0.643048 0.222604 0.265091 0.171290 0.951594 0.287179 0.563732 0.377588
0.078176 0.203822 0.224972 0.519288 0.695278 0.128667 0.298608 0.258141 0.915687 0.212413 0.562935 0.421929
0.185516 0.269519 0.277802 0.545912 0.593907 0.203032 0.309084 0.240379 0.892267 0.216407 0.593695 0.335167
0.162773 0.253282 0.220956 0.516337 0.701898 0.194971 0.201657 0.185605 0.907985 0.083588 0.699011 0.258389
0.180077 0.284024 0.288786 0.498561 0.597364 0.197968 0.180506 0.164357 0.914147 0.277564 0.550728 0.349019
0.163491 0.334446 0.236618 0.484219 0.675990 0.178671 0.247072 0.204952 0.846408 0.100783 0.517857 0.347208
0.160942 0.250454 0.231255 0.444480 0.579132 0.249025 0.274394 0.257627 0.908838 0.213139 0.555483 0.335981
0.145985 0.236163 0.223112 0.425187 0.645257 0.152538 0.324849 0.214287 0.971237 0.145869 0.606077 0.339327
0.079792 0.232914 0.255410 0.381616 0.595406 0.119367 0.273577 0.254510 0.986612 0.121383 0.497591 0.363333
0.156091 0.245391 0.319227 0.523583 0.622052 0.222196 0.322006 0.099261 0.941683 0.091313 0.723079 0.341106
0.202263 0.312173 0.151399 0.459411 0.670269 0.236744 0.323763 0.213299 0.941384 0.141214 0.656611 0.327995
0.193447 0.226918 0.211711 0.433894 0.677847 0.229802 0.224812 0.173710 0.929818 0.264610 0.544246 0.355101
0.144388 0.252642 0.202248 0.480772 0.637014 0.218540 0.290897 0.204364 1.093389 0.165432 0.486758 0.278515
0.161565 0.230901 0.192655 0.402117 0.641336 0.204492 0.297261 0.169395 0.906534 0.245963 0.580597 0.367170
0.309659 0.000361 0.285601 0.379614 0.409998 0.489841 0.794616 0.863162 0.456797 0.358361 -0.063732 0.688152
0.309656 0.083286 0.257689 0.308448 0.318795 0.367802 0.845615 0.815250 0.388025 0.339376 -0.085997 0.665391
0.428415 0.035167 0.353638 0.340588 0.370101 0.437029 0.794080 0.889703 0.309666 0.314194 0.080396 0.696707
0.312949 -0.108640 0.303259 0.351493 0.398760 0.389359 0.778349 0.748490 0.507640 0.391876 -0.073504 0.702417
0.406741 0.063147 0.338270 0.294077 0.350650 0.513613 0.890851 0.857967 0.421299 0.339261 0.058872 0.753409
0.259096 -0.029181 0.329267 0.289038 0.400462 0.451149 0.873139 0.850187 0.433934 0.374025 -0.036929 0.693628
0.295810 -0.022424 0.334115 0.265868 0.432403 0.471706 0.796670 0.787327 0.356264 0.322246 0.089091 0.695278
0.290792 -0.009594 0.245374 0.214085 0.363855 0.448276 0.818909 0.764349 0.405523 0.321407 -0.028003 0.656948
0.318270 -0.071402 0.261435 0.316017 0.368941 0.416293 0.859195 0.797455 0.369132 0.250232 0.034558 0.735724
0.330349 0.008865 0.226359 0.387795 0.384593 0.521152 0.855358 0.812395 0.404303 0.295885 0.052183 0.732208
0.252735 -0.014235 0.293189 0.403745 0.429959 0.506398 0.918694 0.827669 0.365509 0.337810 0.003894 0.765922
0.352228 0.019936 0.240257 0.322017 0.336902 0.414824 0.818097 0.730161 0.376016 0.248346 0.003283 0.695899
0.291380 0.049901 0.278836 0.321802 0.437405 0.503535 0.762571 0.795023 0.430400 0.225939 0.070873 0.782313
0.383151 -0.045711 0.286663 0.277421 0.317916 0.466145 0.852536 0.697155 0.314221 0.355727 -0.102126 0.720017
0.382543 0.013374 0.290055 0.249065 0.338947 0.467255 0.789419 0.798728 0.433991 0.365490 0.005211 0.679332
0.356052 0.013083 0.240436 0.285361 0.384803 0.505417 0.846292 0.899753 0.452053 0.312359 0.055161 0.788749
0.298940 0.067045 0.351811 0.270469 0.349827 0.488839 0.856766 0.830179 0.444945 0.279606 0.144871 0.513042
0.281818 0.032678 0.334104 0.247052 0.354747 0.416769 0.871547 0.881788 0.382260 0.394145 -0.059985 0.714405
0.341056 -0.040614 0.341665 0.219220 0.374391 0.371342 0.801657 0.861540 0.414844 0.276735 0.072286 0.773738
0.341805 0.018637 0.254508 0.285698 0.358905 0.469372 0.828910 0.745211 0.407246 0.363736 0.034669 0.778267
0.443566 -0.026258 0.237350 0.210965 0.348667 0.384460 0.823412 0.886544 0.436835 0.346346 0.084499 0.662548
0.360261 0.020193 0.373022 0.360363 0.501976 0.478614 0.836647 0.788504 0.403576 0.425749 0.035627 0.747672
0.360467 -0.024422 0.333206 0.279760 0.373000 0.570918 0.840216 0.883447 0.322647 0.298237 0.114621 0.700458
0.322263 -0.013918 0.321883 0.251486 0.379008 0.470663 0.858134 0.792194 0.350443 0.375577 0.049826 0.669036
0.422999 -0.009746 0.311415 0.353916 0.365985 0.448017 0.946356 0.787653 0.321658 0.332809 0.018743 0.722598
0.222641 -0.038647 0.353524 0.166398 0.373713 0.512031 0.839496 0.865345 0.460257 0.307375 0.020420 0.692473
0.345830 -0.046504 0.319210 0.291210 0.379876 0.467227 0.758649 0.769565 0.504746 0.380216 0.113334 0.733796
0.333861 -0.084629 0.329012 0.221904 0.328387 0.432997 0.831141 0.884926 0.474491 0.405277 -0.044194 0.621634
0.277059 0.039620 0.233735 0.295038 0.342358 0.314131 0.789727 0.883092 0.367887 0.337845 -0.046852 0.836935
0.311483 0.050867 0.301393 0.229580 0.344697 0.470549 0.924987 0.801425 0.388832 0.327094 0.050259 0.714914
0.363396 0.039317 0.351113 0.359425 0.355313 0.465067 0.707332 0.862157 0.350137 0.369368 0.019546 0.737855
0.353598 -0.090405 0.238911 0.218429 0.340037 0.465389 0.823322 0.844704 0.462055 0.341018 0.112740 0.627562
0.383510 0.013516 0.196535 0.279742 0.430867 0.564376 0.784543 0.846342 0.451724 0.289666 0.013122 0.634774
0.342987 0.044907 0.270066 0.193380 0.265704 0.522100 0.815814 0.736004 0.354823 0.387259 0.029439 0.744729
0.358804 0.000855 0.275240 0.374897 0.414743 0.474375 0.898573 0.862848 0.322205 0.330897 -0.020625 0.690629
0.251688 0.083153 0.357556 0.267731 0.420709 0.526534 0.776068 0.887295 0.390482 0.363745 -0.027600 0.651360
0.347135 -0.049422 0.326586 0.286556 0.429535 0.470998 0.811439 0.795265 0.451870 0.224820 -0.072622 0.661362
0.390985 0.017970 0.344774 0.317378 0.439603 0.361490 0.809590 0.759043 0.413347 0.459409 0.048828 0.715403
0.344348 0.011464 0.294324 0.329378 0.321119 0.431258 0.798508 0.733510 0.419215 0.363317 -0.078186 0.754770
0.371436 -0.011823 0.254478 0.309520 0.350175 0.566064 0.901081 0.759860 0.400595 0.311114 0.038751 0.743451
0.349806 -0.087496 0.275633 0.213014 0.350077 0.455674 0.853549 0.807183 0.469880 0.333077 0.041674 0.770244
0.252750 -0.053134 0.315760 0.209653 0.351402 0.439433 0.796519 0.834365 0.404013 0.354855 -0.053494 0.733169
0.320106 0.029789 0.316114 0.238945 0.421831 0.456934 0.801921 0.754016 0.361597 0.297636 -0.046899 0.775445
0.344818 0.075793 0.231565 0.279805 0.311294 0.428856 0.879425 0.712194 0.427176 0.317981 -0.003575 0.683329
0.297018 -0.050393 0.239619 0.279589 0.418592 0.389482 0.820206 0.800939 0.332557 0.293173 -0.016154 0.742333
0.423083 0.015946 0.336575 0.228605 0.367996 0.459871 0.839185 0.792886 0.478767 0.253280 0.120217 0.755182
0.360607 0.077952 0.241459 0.347714 0.233960 0.457023 0.841381 0.805578 0.449145 0.299194 -0.098213 0.756575
0.272106 0.010907 0.261527 0.353795 0.351341 0.424165 0.882050 0.826640 0.384713 0.407899 0.085400 0.693991
0.395280 0.030282 0.293271 0.293183 0.349861 0.449273 0.815772 0.865928 0.379945 0.310385 0.057262 0.712393
0.373296 0.062893 0.349419 0.335691 0.449341 0.456178 0.934544 0.815456 0.414996 0.350076 -0.040182 0.631720
0.348746 0.045656 0.201416 0.288486 0.308349 0.440778 0.794758 0.839318 0.358923 0.337830 0.000909 0.695279
0.380795 0.022026 0.207548 0.273344 0.321883 0.487930 0.741552 0.800394 0.411431 0.281254 0.041631 0.687495
0.330133 0.118733 0.248573 0.234325 0.280502 0.551159 0.896408 0.807782 0.487273 0.250222 0.081291 0.759710
0.293027 -0.027537 0.266513 0.285618 0.413793 0.402958 0.840825 0.741330 0.391082 0.316954 0.033669 0.741652
0.304872 -0.026822 0.296732 0.315731 0.337354 0.491232 0.784058 0.822348 0.422117 0.381633 -0.027431 0.751675
0.412326 0.034431 0.332683 0.279981 0.364192 0.430636 0.770733 0.762833 0.452225 0.371271 -0.012798 0.653714
0.383878 0.005755 0.318373 0.281350 0.433852 0.377852 0.949669 0.749645 0.367010 0.488244 0.059105 0.782925
0.347446 0.039137 0.312312 0.295872 0.287423 0.475504 0.786035 0.812037 0.472626 0.339624 0.028699 0.710831
0.256367 -0.045663 0.303121 0.339548 0.393368 0.437178 0.885365 0.907748 0.375818 0.367899 0.058141 0.766449
0.363333 -0.050194 0.227395 0.215951 0.338423 0.532907 0.739131 0.755461 0.443139 0.334092 -0.016203 0.756769
0.294581 -0.064377 0.332556 0.234738 0.409399 0.436755 0.789196 0.841580 0.365690 0.338935 -0.022620 0.748291
0.437401 -0.048208 0.289699 0.281465 0.396142 0.430557 0.879324 0.793248 0.374357 0.331512 0.001950 0.667101
0.423956 0.019485 0.210881 0.246667 0.349990 0.472868 0.707106 0.825888 0.477363 0.322664 -0.039783 0.685440
0.303194 -0.067365 0.232997 0.347156 0.365351 0.424526 0.884032 0.927481 0.370790 0.271659 0.034292 0.672203
0.402160 -0.015278 0.252304 0.258018 0.358872 0.438357 0.781902 0.839887 0.502119 0.353991 -0.050475 0.780094
0.323110 0.010250 0.327965 0.314477 0.357490 0.544446 0.870055 0.846599 0.333110 0.416149 -0.068962 0.676948
0.312827 0.091382 0.312960 0.234516 0.369410 0.492610 0.881907 0.819926 0.453998 0.316566 0.020075 0.665817
0.250916 0.021751 0.357021 0.306317 0.384775 0.476184 0.766621 0.782393 0.411773 0.265876 -0.004331 0.758174
0.316864 -0.046843 0.267068 0.300354 0.451824 0.548575 0.628391 0.723706 0.360962 0.350743 0.048788 0.672812
0.306938 -0.023113 0.276072 0.362121 0.332284 0.538149 0.799481 0.856131 0.408625 0.359619 0.012253 0.738372
0.353350 0.058441 0.365812 0.402755 0.333845 0.450526 0.753714 0.858120 0.366334 0.298112 -0.035478 0.710331
0.334522 0.047389 0.309700 0.251440 0.380133 0.477147 0.867166 0.800947 0.391997 0.279626 0.007214 0.702599
0.312491 0.009686 0.308867 0.288243 0.467175 0.421784 0.859713 0.857006 0.396823 0.290339 -0.025697 0.671834
0.331241 0.026960 0.242789 0.276950 0.357362 0.432427 0.831781 0.741998 0.367678 0.296377 0.044230 0.741823
0.394937 -0.116031 0.251872 0.227932 0.411038 0.471914 0.827883 0.841605 0.456809 0.249597 0.023812 0.791981
0.351585 0.002375 0.316581 0.259409 0.400062 0.438051 0.784862 0.785833 0.400653 0.314216 0.028027 0.768392
0.370943 0.000840 0.315734 0.231419 0.383008 0.503899 0.878332 0.849591 0.409972 0.336205 0.031204 0.691242
0.354775 -0.051861 0.321203 0.295134 0.388310 0.494912 0.792883 0.821137 0.431775 0.305599 0.033974 0.790137
0.261689 0.059697 0.240380 0.329520 0.389892 0.426723 0.818664 0.838690 0.344805 0.399572 -0.017895 0.665844
0.370894 -0.010967 0.226134 0.325942 0.310669 0.437582 0.874106 0.796601 0.419269 0.346160 -0.051057 0.688771
0.363434 0.041506 0.362827 0.353098 0.413313 0.505303 0.790871 0.784968 0.359136 0.376730 0.049573 0.727004
0.337442 -0.073673 0.248726 0.325408 0.372403 0.289401 0.891834 0.797423 0.387488 0.288706 0.014533 0.683610
0.321367 0.071310 0.173646 0.327255 0.364913 0.528787 0.803142 0.807966 0.397498 0.388356 0.082192 0.742302
0.426448 -0.040774 0.254072 0.303325 0.341081 0.435976 0.740003 0.865496 0.389505 0.366065 -0.013998 0.752662
0.338513 0.076277 0.283241 0.234898 0.326812 0.408257 0.962264 0.843825 0.441082 0.342273 -0.054870 0.798736
0.391971 -0.017688 0.242627 0.257213 0.408534 0.480232 0.774065 0.799904 0.474448 0.320204 0.015744 0.716547
0.273169 -0.003356 0.401270 0.288681 0.346990 0.370646 0.762458 0.809236 0.336946 0.311932 0.039025 0.613559
0.389599 -0.040500 0.284962 0.393832 0.493434 0.526670 0.809917 0.809394 0.407593 0.381438 0.098337 0.733288
0.329386 -0.014537 0.354401 0.311796 0.357620 0.391875 0.775736 0.762958 0.319157 0.275083 -0.034303 0.651845
0.407107 0.043193 0.266587 0.294642 0.291302 0.425094 0.849765 0.903204 0.441770 0.421223 -0.017828 0.775925
0.355762 -0.008605 0.358922 0.365785 0.318645 0.448404 0.871377 0.822147 0.351068 0.244278 0.076951 0.694679
0.359567 0.029740 0.310526 0.241563 0.380648 0.399707 0.764489 0.870287 0.391834 0.326700 0.005765 0.690698
0.386179 0.031044 0.330258 0.308345 0.414443 0.423727 0.902221 0.763435 0.337015 0.353443 0.039076 0.739725
0.359599 0.016838 0.242166 0.388869 0.322486 0.508347 0.777778 0.854832 0.447163 0.342382 0.044303 0.663354
0.288545 -0.068745 0.328612 0.286541 0.357736 0.483775 0.787526 0.900352 0.402869 0.363052 -0.003668 0.643779
0.319083 -0.014403 0.306032 0.277005 0.368615 0.411204 0.755589 0.875300 0.303410 0.317767 0.021903 0.647869
0.363480 -0.120839 0.261946 0.264681 0.392971 0.481011 0.811002 0.852908 0.483012 0.347266 -0.040574 0.756661
0.336700 0.004013 0.294743 0.387236 0.446655 0.371313 0.765333 0.963206 0.381540 0.287326 0.040828 0.671816
0.377677 0.086095 0.210566 0.257277 0.362871 0.467201 0.795671 0.788682 0.315065 0.356931 0.071533 0.792419
0.234180 -0.122435 0.277795 0.304420 0.346414 0.390974 0.737188 0.870423 0.287904 0.399940 -0.084760 0.775881
0.340173 -0.043168 0.317591 0.258352 0.397117 0.446496 0.881101 0.803919 0.488426 0.280739 -0.009307 0.748959
0.336634 0.053925 0.364846 0.253508 0.392088 0.469663 0.851764 0.941722 0.414983 0.444500 0.075189 0.782122
0.348374 -0.049181 0.210708 0.335414 0.312299 0.398608 0.858804 0.926488 0.315128 0.321680 0.087681 0.760603
0.312332 0.059847 0.290253 0.246433 0.373385 0.432774 0.832390 0.794289 0.430307 0.373287 -0.053095 0.767982
0.331285 0.061208 0.236339 0.261063 0.381492 0.430672 0.821196 0.843787 0.430180 0.386036 0.028727 0.592305
0.339201 -0.028566 0.268423 0.433874 0.406316 0.414503 0.809694 0.824018 0.373544 0.337408 -0.012338 0.605211
0.250978 0.017827 0.285318 0.286406 0.349371 0.384175 0.917587 0.776719 0.436660 0.364374 0.069508 0.665701
0.319215 -0.020024 0.294715 0.258482 0.442054 0.439129 0.821885 0.815758 0.334807 0.463642 0.061716 0.726820
0.306477 -0.031091 0.209320 0.297900 0.288884 0.423079 0.848726 0.835144 0.347781 0.290196 0.050093 0.722873
0.396086 -0.061594 0.391294 0.369583 0.412535 0.492464 0.813805 0.895833 0.346571 0.315016 -0.067807 0.745782
0.296577 -0.005710 0.303046 0.329729 0.316935 0.371563 0.854836 0.733468 0.383218 0.353099 0.096277 0.726155
0.415725 -0.044376 0.258506 0.287234 0.339669 0.417741 0.800243 0.854246 0.426630 0.361607 -0.060507 0.703179
0.413749 -0.047547 0.318709 0.333580 0.417830 0.394380 0.778720 0.834427 0.528002 0.342562 0.061020 0.755149
0.295228 0.010624 0.274419 0.279679 0.476273 0.452712 0.780945 0.842692 0.456521 0.299615 0.063275 0.666087
0.316676 0.000962 0.344069 0.405178 0.363577 0.442810 0.921307 0.792410 0.440258 0.391834 0.017285 0.741872
0.436154 -0.007287 0.349875 0.335677 0.401035 0.571417 0.817662 0.759608 0.380763 0.338390 0.015996 0.751778
0.300653 0.014158 0.232294 0.160457 0.383102 0.458456 0.862416 0.834192 0.372754 0.334843 0.099821 0.684154
0.432711 0.072962 0.348449 0.305298 0.343643 0.446330 0.789683 0.781988 0.314583 0.396349 -0.010520 0.761969
0.317492 -0.022433 0.306469 0.308589 0.343986 0.478563 0.876913 0.824062 0.352908 0.391177 0.030249 0.742811
0.350928 0.059802 0.222822 0.280824 0.346937 0.442060 0.890017 0.793181 0.300804 0.334073 0.043450 0.670716
0.299433 -0.044400 0.280844 0.245445 0.427813 0.454841 0.687319 0.736148 0.410157 0.214256 0.122160 0.690198
0.274850 -0.033616 0.374373 0.269376 0.418468 0.398329 0.704655 0.752234 0.335505 0.350039 0.018760 0.693340
0.278519 0.022082 0.342961 0.310896 0.445368 0.507593 0.814492 0.731261 0.398376 0.303815 0.016934 0.686744
0.316116 -0.001694 0.356316 0.317841 0.448022 0.511185 0.837386 0.771452 0.386167 0.286974 0.016808 0.704611
0.332915 -0.036863 0.285541 0.323075 0.344497 0.448309 0.784996 0.815155 0.429131 0.366217 -0.022261 0.757065
0.427231 -0.025069 0.195165 0.291060 0.354466 0.478358 0.808876 0.847493 0.331305 0.347955 0.064946 0.731279
0.330010 -0.001448 0.325500 0.179933 0.444412 0.421170 0.889314 0.865322 0.346122 0.279315 -0.086162 0.794189
0.411095 0.046198 0.297382 0.220833 0.476346 0.476749 0.850545 0.785731 0.366219 0.322405 -0.071801 0.629373
0.354009 -0.020301 0.319166 0.300412 0.432442 0.534492 0.731850 0.957970 0.398765 0.349715 0.025448 0.652093
0.384546 0.045625 0.294686 0.322809 0.364921 0.606163 0.816777 0.892637 0.375800 0.407042 0.026824 0.674174
0.389617 0.098982 0.293670 0.199601 0.362801 0.589925 0.812168 0.789189 0.421471 0.311589 -0.015142 0.677778
0.369756 0.031195 0.338447 0.329804 0.271834 0.427892 0.833369 0.784969 0.368004 0.416521 0.069183 0.643440
0.333842 0.119609 0.329273 0.324711 0.343691 0.426371 0.863057 0.883004 0.433497 0.334001 0.034339 0.682404
0.351165 0.049957 0.354284 0.244724 0.361765 0.429301 0.851808 0.808801 0.457526 0.245489 -0.017915 0.718124
0.335997 0.057019 0.301159 0.358478 0.394559 0.385591 0.737705 0.771279 0.422649 0.288947 0.049451 0.749364
0.306025 -0.035349 0.283092 0.231591 0.339808 0.390824 0.756008 0.776958 0.390171 0.389651 0.010262 0.831257
0.354738 0.059603 0.360591 0.299374 0.356165 0.477544 0.896430 0.865576 0.467869 0.314807 0.062046 0.656716
0.213347 -0.019142 0.270308 0.212838 0.383488 0.367565 0.790634 0.821068 0.375425 0.313939 -0.008311 0.700437
0.288421 -0.013447 0.267199 0.337853 0.344946 0.482138 0.829944 0.823193 0.456146 0.295151 0.032194 0.650094
0.325174 0.018450 0.273093 0.261281 0.312136 0.471167 0.748456 0.763085 0.436507 0.415348 0.021637 0.661684
0.268270 -0.012930 0.288170 0.340171 0.352834 0.468912 0.880406 0.780510 0.337520 0.430752 -0.003726 0.707827
0.379697 -0.041442 0.303210 0.258231 0.409825 0.467649 0.875489 0.872575 0.339316 0.282821 0.014469 0.654311
0.261235 -0.081104 0.313953 0.300743 0.385090 0.486644 0.869225 0.925046 0.345769 0.354310 -0.027127 0.703580
0.399538 -0.015879 0.199582 0.277626 0.419143 0.450691 0.829467 0.830019 0.447754 0.381826 0.049507 0.776318
0.353697 -0.003140 0.309712 0.287525 0.431891 0.473192 0.864945 0.807228 0.367613 0.313524 0.011847 0.593173
0.308895 -0.026721 0.314577 0.260294 0.443883 0.481511 0.917790 0.734043 0.326123 0.240477 0.062234 0.689033
0.343019 0.034699 0.296364 0.319159 0.429270 0.489605 0.749766 0.742123 0.453903 0.427121 -0.050502 0.621992
0.364741 -0.038520 0.216493 0.356493 0.385408 0.424987 0.772622 0.935105 0.446745 0.315801 0.001448 0.706711
0.331439 0.039276 0.239747 0.304799 0.302117 0.443566 0.763342 0.832405 0.428681 0.302933 0.076236 0.748099
0.284760 0.019591 0.327741 0.285330 0.423907 0.515733 0.759382 0.869694 0.472791 0.461571 0.047531 0.684410
0.225153 0.053844 0.292564 0.187169 0.389988 0.361134 0.930993 0.847597 0.385703 0.321960 -0.068068 0.822766
0.268378 -0.062333 0.225224 0.327126 0.316255 0.533034 0.822213 0.779511 0.401552 0.405752 0.012322 0.744900
0.326100 -0.014514 0.295222 0.310339 0.356112 0.523904 0.848663 0.843419 0.399966 0.357727 -0.010542 0.752696
0.232728 -0.032832 0.288945 0.430396 0.404535 0.490735 0.787592 0.750867 0.380205 0.290113 0.033494 0.734497
0.273920 -0.025515 0.338289 0.260440 0.313891 0.508521 0.860154 0.861580 0.365124 0.406010 0.101534 0.686084
0.363718 -0.023906 0.296774 0.399706 0.263400 0.437963 0.835196 0.749967 0.465572 0.260817 0.063743 0.717469
0.318930 0.041656 0.217065 0.262748 0.320090 0.419560 0.761887 0.826506 0.376623 0.337464 0.063744 0.741236
0.335314 0.004994 0.318195 0.292414 0.396248 0.550836 0.772387 0.853436 0.382324 0.334298 0.048361 0.646101
0.389723 -0.020869 0.298324 0.379447 0.439388 0.516754 0.740167 0.893282 0.428505 0.298280 -0.015782 0.721270
0.382016 0.060635 0.293922 0.420272 0.373282 0.438780 0.772222 0.848615 0.326950 0.337690 -0.109647 0.590299
0.360044 0.011524 0.343675 0.317487 0.370668 0.481246 0.792981 0.801814 0.428709 0.361450 0.036662 0.683627
0.365741 0.016214 0.231725 0.342948 0.373592 0.398333 0.886989 0.783683 0.436284 0.358679 -0.077867 0.627287
0.352445 0.019091 0.225286 0.369890 0.327107 0.375187 0.757824 0.842328 0.441076 0.406854 0.097099 0.747007
0.270300 -0.056804 0.188157 0.274187 0.330214 0.446228 0.851155 0.831231 0.412245 0.341278 -0.054217 0.715534
0.353238 0.013692 0.345027 0.266241 0.324526 0.476901 0.801027 0.828993 0.358322 0.368394 0.015185 0.618494
0.354517 -0.034310 0.271518 0.219317 0.400871 0.511377 0.772846 0.815295 0.362154 0.336314 -0.027237 0.730164
0.330287 0.081715 0.277775 0.251453 0.389919 0.380540 0.774309 0.833101 0.418176 0.348749 -0.066408 0.662775
0.152688 0.292040 0.174153 0.533686 0.653446 0.289200 0.272329 0.304344 1.018245 0.217543 0.570837 0.401296
0.208710 0.296063 0.200790 0.547270 0.674533 0.158916 0.239642 0.154146 0.948002 0.243639 0.608590 0.320638
0.141262 0.355361 0.275356 0.441101 0.592393 0.136241 0.255475 0.178842 0.922974 0.039581 0.628112 0.367489
0.165911 0.299803 0.233295 0.498026 0.716305 0.170529 0.211785 0.324823 0.821575 0.272385 0.606788 0.392542
0.143543 0.295742 0.192467 0.472351 0.599977 0.238894 0.242066 0.271615 0.899752 0.189505 0.472049 0.383847
0.144335 0.329602 0.156250 0.348093 0.710450 0.253633 0.232942 0.251512 0.965228 0.196628 0.548432 0.334142
0.087692 0.269423 0.237460 0.438016 0.647210 0.239395 0.207882 0.199274 0.882398 0.187971 0.573042 0.423947
0.207503 0.259776 0.225416 0.525656 0.691744 0.141420 0.243093 0.223056 0.830327 0.211897 0.685471 0.437612
0.159849 0.298913 0.339556 0.503318 0.631989 0.165165 0.235040 0.242049 0.995755 0.172916 0.549016 0.301679
0.166003 0.205485 0.201932 0.423426 0.653463 0.153206 0.208083 0.220288 0.920428 0.192269 0.596619 0.423895
0.101163 0.203660 0.182622 0.433267 0.606246 0.190166 0.202210 0.283981 0.925258 0.129646 0.497737 0.383149
0.179461 0.306015 0.206995 0.404840 0.689300 0.218240 0.239963 0.330312 1.029281 0.157532 0.583981 0.243630
0.204600 0.298383 0.243869 0.470462 0.704326 0.118965 0.270597 0.186209 0.888675 0.229268 0.550532 0.356288
0.126338 0.335926 0.230878 0.460090 0.674687 0.263555 0.320772 0.216243 0.852991 0.130648 0.571002 0.306365
0.136464 0.251738 0.199427 0.519793 0.686360 0.162245 0.306894 0.134758 0.951309 0.180575 0.607254 0.311143
0.171482 0.258081 0.166316 0.465966 0.680322 0.222728 0.247069 0.235881 0.895157 0.209115 0.654120 0.326097
0.121234 0.356698 0.243404 0.545145 0.732379 0.246685 0.220603 0.139963 0.904404 0.115214 0.608041 0.288634
0.065583 0.339906 0.232464 0.418819 0.730559 0.203661 0.207793 0.207684 0.902714 0.164528 0.602745 0.398408
0.161101 0.289626 0.225175 0.455675 0.600528 0.267842 0.179701 0.223213 0.794662 0.174248 0.607363 0.381218
0.100524 0.267579 0.170079 0.382065 0.597017 0.299957 0.294122 0.220262 0.956761 0.147030 0.614698 0.277509
0.162589 0.336248 0.316139 0.505346 0.604597 0.241137 0.208882 0.187830 0.897005 0.169770 0.415255 0.324788
0.100908 0.120040 0.250331 0.479822 0.724798 0.225757 0.268090 0.201656 0.914914 0.172020 0.725254 0.333205
0.160856 0.282268 0.275111 0.443003 0.606667 0.152960 0.343682 0.249550 0.897932 0.170394 0.634245 0.253735
0.112997 0.287370 0.307566 0.458943 0.538712 0.186860 0.298344 0.238446 0.932115 0.216966 0.626103 0.303590
0.120817 0.240788 0.194910 0.495362 0.670571 0.180759 0.257574 0.140114 0.904581 0.173753 0.521384 0.387141
0.214262 0.189887 0.253090 0.432685 0.629353 0.159527 0.265240 0.220488 0.880407 0.197281 0.582134 0.336609
0.123099 0.291563 0.169747 0.525026 0.598310 0.188913 0.275733 0.281190 0.814560 0.164879 0.528461 0.403092
0.029521 0.214485 0.298056 0.527241 0.585862 0.134625 0.213767 0.228833 0.927774 0.162413 0.632430 0.424856
0.069446 0.260900 0.199317 0.456082 0.649826 0.254100 0.362661 0.170574 0.979792 0.201892 0.626286 0.383637
0.168134 0.303765 0.186513 0.373409 0.704651 0.290909 0.362917 0.125877 0.849616 0.137888 0.573719 0.387629
0.145947 0.213337 0.210613 0.498995 0.577793 0.306679 0.240602 0.272324 0.970198 0.229029 0.574445 0.318807
0.103102 0.199235 0.271351 0.474694 0.631389 0.193132 0.217267 0.217528 0.860503 0.141026 0.642860 0.389070
0.140747 0.258133 0.239872 0.483810 0.619730 0.228359 0.233146 0.239900 0.902638 0.233064 0.593464 0.191826
0.236959 0.283516 0.237867 0.442582 0.696321 0.172668 0.234157 0.289234 0.898479 0.268251 0.494330 0.407155
0.169018 0.245732 0.206121 0.531092 0.645917 0.230811 0.350048 0.262448 0.926634 0.145567 0.560070 0.295710
0.124938 0.321807 0.187501 0.425134 0.637359 0.249220 0.308974 0.211601 0.988179 0.256271 0.475284 0.286971
0.171501 0.213131 0.237292 0.458281 0.722188 0.243733 0.319980 0.257096 0.866739 0.138021 0.517099 0.369536
0.082990 0.292436 0.228223 0.391824 0.585023 0.207329 0.259212 0.272548 0.860788 0.255692 0.468414 0.379075
0.166639 0.258027 0.198717 0.460511 0.564212 0.081282 0.290050 0.203230 0.921692 0.160107 0.648861 0.234970
0.168771 0.267798 0.293250 0.458643 0.743945 0.184859 0.304769 0.246556 0.916895 0.236905 0.594023 0.327643
0.099594 0.302563 0.224640 0.463912 0.721046 0.209513 0.294784 0.144645 0.841912 0.245335 0.620671 0.289963
0.149375 0.187328 0.314531 0.388040 0.659196 0.229024 0.234313 0.254696 0.951394 0.198974 0.578362 0.299368
0.143830 0.361753 0.178146 0.469995 0.611775 0.141069 0.200654 0.213861 0.926576 0.222380 0.459867 0.362753
0.217171 0.264839 0.228413 0.363502 0.624515 0.084940 0.282691 0.293794 0.941546 0.156184 0.593031 0.303263
0.234447 0.217120 0.166869 0.403615 0.680387 0.176181 0.338269 0.261828 0.964586 0.192140 0.668919 0.322286
0.208013 0.224282 0.160659 0.381462 0.642962 0.157218 0.157327 0.166984 0.863691 0.139100 0.613283 0.321787
0.157262 0.286039 0.319673 0.473132 0.623800 0.212744 0.289357 0.140101 0.949987 0.158975 0.617206 0.333269
0.103861 0.307801 0.238848 0.455462 0.533686 0.089536 0.167933 0.219169 0.927460 0.141647 0.564198 0.320043
0.218912 0.269978 0.248315 0.473347 0.604035 0.255845 0.221821 0.185689 0.922333 0.099580 0.690377 0.359647
0.174162 0.295801 0.193932 0.550039 0.630841 0.241264 0.233633 0.271220 0.870935 0.228703 0.690946 0.363981
0.232218 0.289006 0.253575 0.535096 0.654462 0.193915 0.297160 0.211745 1.043282 0.099049 0.581340 0.383561
0.158628 0.374660 0.257059 0.462367 0.647424 0.139052 0.315808 0.180253 0.947515 0.307583 0.608576 0.375684
0.095285 0.278115 0.263391 0.455821 0.622466 0.269227 0.281011 0.218618 0.997061 0.253165 0.635086 0.272186
0.050840 0.369246 0.332731 0.516314 0.589915 0.159807 0.269543 0.310974 0.877904 0.189739 0.546427 0.347438
0.191567 0.249238 0.216115 0.412928 0.598245 0.232661 0.202735 0.144349 0.903864 0.149288 0.507574 0.379970
0.080129 0.334761 0.239907 0.413181 0.683124 0.187391 0.222420 0.253521 0.903841 0.144351 0.511467 0.357853
0.233445 0.355290 0.235422 0.525251 0.647850 0.226723 0.217357 0.227883 0.916825 0.224241 0.545617 0.341375
0.109371 0.252279 0.211582 0.416994 0.676343 0.221723 0.178664 0.194741 0.989314 0.211414 0.566202 0.286039
0.187288 0.330488 0.344279 0.429528 0.582841 0.097562 0.219707 0.184792 0.940906 0.249972 0.575109 0.351282
0.218545 0.274900 0.206728 0.398976 0.668396 0.251553 0.266935 0.269952 0.953778 0.217011 0.552821 0.431023
0.120281 0.353523 0.332958 0.359669 0.566002 0.195208 0.296203 0.179683 0.866701 0.191333 0.639866 0.362321
0.105049 0.342824 0.269098 0.551872 0.650989 0.223700 0.243189 0.162046 0.877766 0.106830 0.692895 0.287574
0.166043 0.183044 0.191197 0.519251 0.631037 0.103636 0.243926 0.221389 0.885895 0.117848 0.541552 0.290500
0.149901 0.259127 0.257717 0.516455 0.618996 0.131308 0.267055 0.206172 0.974041 0.132666 0.649649 0.425200
0.166707 0.257274 0.158278 0.540127 0.610523 0.215164 0.318600 0.191931 0.901069 0.264868 0.622244 0.436639
0.065495 0.366295 0.241631 0.412161 0.605057 0.180941 0.310255 0.199101 0.919950 0.228124 0.604488 0.283186
0.096013 0.313532 0.160806 0.416564 0.558310 0.102244 0.218531 0.193403 0.914635 0.254675 0.666142 0.316420
0.115327 0.298368 0.222512 0.411822 0.598496 0.183568 0.335867 0.213501 0.875494 0.046397 0.638591 0.344912
0.101005 0.266276 0.267514 0.365848 0.642970 0.149068 0.223122 0.250356 0.874364 0.254348 0.622006 0.315177
0.199826 0.275564 0.282597 0.405560 0.558480 0.252524 0.236216 0.218895 0.964750 0.217108 0.542660 0.298120
0.136930 0.230486 0.292766 0.383383 0.635978 0.172077 0.236093 0.141363 0.925850 0.210884 0.632500 0.373767
0.119676 0.274207 0.212158 0.445688 0.601573 0.258751 0.314904 0.297500 0.892668 0.253423 0.569569 0.337119
0.195830 0.242293 0.317252 0.435550 0.603470 0.215344 0.321469 0.250082 0.820249 0.177742 0.613310 0.375408
0.102347 0.337408 0.210150 0.416414 0.610955 0.146963 0.280709 0.259244 0.848800 0.104546 0.659704 0.379379
0.034639 0.233425 0.216418 0.395147 0.651414 0.228245 0.186102 0.213387 0.955112 0.158997 0.563841 0.339317
0.052604 0.361667 0.211082 0.525947 0.635052 0.251468 0.229277 0.194679 0.868676 0.133577 0.541278 0.375269
0.141249 0.168168 0.197078 0.490961 0.609834 0.163294 0.311337 0.191450 0.960295 0.237817 0.546562 0.346080
0.134408 0.254915 0.254012 0.424420 0.604161 0.215448 0.249559 0.138622 0.880254 0.148766 0.529624 0.356179
0.132641 0.308717 0.151547 0.436539 0.655395 0.174569 0.237935 0.260004 0.967956 0.107312 0.552059 0.393789
0.184611 0.129448 0.221077 0.462976 0.687061 0.200671 0.324488 0.215297 0.925553 0.089826 0.571276 0.286733
0.087632 0.260332 0.221086 0.444668 0.674427 0.173191 0.356539 0.175185 0.937913 0.203247 0.620152 0.312316
0.113660 0.299246 0.195384 0.529494 0.761756 0.207109 0.239173 0.240045 0.944212 0.227383 0.549890 0.376170
0.189568 0.250720 0.329861 0.420544 0.625463 0.173789 0.118892 0.206038 0.910036 0.114035 0.567908 0.324272
0.086672 0.190074 0.206884 0.467407 0.671489 0.250746 0.252341 0.182491 0.878383 0.156745 0.571655 0.364040
0.071552 0.249358 0.202612 0.480220 0.638950 0.215977 0.190742 0.283753 0.923712 0.140457 0.532662 0.317755
0.133559 0.307321 0.237879 0.463447 0.694382 0.179854 0.254234 0.199404 0.973696 0.238855 0.562211 0.327443
0.169810 0.265100 0.185773 0.507129 0.570547 0.097436 0.337290 0.119432 0.944402 0.094614 0.601234 0.320514
0.089692 0.329913 0.258539 0.441921 0.707586 0.237456 0.226531 0.170531 0.910444 0.244463 0.601717 0.323700
0.089440 0.337714 0.116809 0.479562 0.686055 0.232337 0.277904 0.209066 0.874384 0.090442 0.562749 0.355300
0.190842 0.205867 0.118059 0.375632 0.675599 0.202123 0.217827 0.057911 0.921802 0.180655 0.479514 0.422005
0.164158 0.260604 0.206748 0.484374 0.668455 0.237218 0.235076 0.160469 0.931676 0.078237 0.694989 0.295128
0.142867 0.170836 0.077377 0.469692 0.650219 0.194425 0.155599 0.136850 0.889646 0.106174 0.647042 0.291848
0.138136 0.303696 0.263150 0.443086 0.629042 0.130311 0.194608 0.212654 0.864720 0.234574 0.541847 0.372529
0.098418 0.303661 0.254434 0.449255 0.624957 0.133512 0.192873 0.190425 0.936620 0.210583 0.662417 0.322538
0.092707 0.249617 0.288792 0.509087 0.541847 0.229274 0.279620 0.232356 0.901622 0.133024 0.570793 0.391492
0.125713 0.296277 0.230200 0.505241 0.572081 0.222832 0.315472 0.158850 0.977329 0.141137 0.509515 0.364383
0.123118 0.315446 0.239167 0.498200 0.652975 0.174707 0.233143 0.247909 0.915175 0.141359 0.566390 0.461020
0.179496 0.245012 0.094810 0.464105 0.608169 0.326978 0.153564 0.273370 0.911998 0.149788 0.561807 0.318573
0.118167 0.386700 0.185338 0.415278 0.634875 0.165951 0.359475 0.130770 0.955619 0.149370 0.605074 0.397142
0.257505 0.342508 0.211884 0.340382 0.621236 0.202102 0.263136 0.174948 0.875111 0.148583 0.588829 0.352687
0.174152 0.253780 0.221348 0.504989 0.653633 0.183682 0.314651 0.164598 0.907807 0.159536 0.613869 0.352637
0.107833 0.266669 0.264694 0.474519 0.636936 0.210319 0.214113 0.179532 0.836160 0.171875 0.561721 0.345921
0.158689 0.283298 0.283616 0.449013 0.576050 0.259296 0.279550 0.123387 0.817726 0.199797 0.561112 0.469115
0.194441 0.240279 0.178928 0.474873 0.643154 0.319624 0.316568 0.211431 0.939490 0.196566 0.597057 0.380793
0.194016 0.254424 0.223876 0.508319 0.540880 0.215821 0.347898 0.173277 0.969326 0.240735 0.567782 0.354353
0.167611 0.258657 0.258906 0.521410 0.685668 0.153728 0.219048 0.227993 0.878964 0.156057 0.523812 0.424316
0.061623 0.254918 0.175333 0.400595 0.624895 0.150917 0.145658 0.168364 0.980505 0.249231 0.634000 0.335403
0.174125 0.310747 0.175379 0.458132 0.695643 0.273900 0.287798 0.116489 0.940371 0.214818 0.567715 0.346633
0.171859 0.284647 0.245398 0.447907 0.578874 0.147972 0.267185 0.190864 0.907001 0.103140 0.542714 0.361602
0.189111 0.216518 0.258715 0.403343 0.553269 0.171697 0.231154 0.101562 0.879592 0.226398 0.601145 0.354374
0.036801 0.289166 0.159541 0.377286 0.588127 0.193109 0.271781 0.212598 0.943294 0.154324 0.561739 0.361385
0.187579 0.249950 0.318717 0.414793 0.671216 0.212989 0.219444 0.229966 0.881673 0.145177 0.576886 0.340471
0.255257 0.255529 0.096471 0.415201 0.640638 0.183133 0.266652 0.310578 0.869773 0.178907 0.562469 0.349420
0.226855 0.282344 0.154362 0.483772 0.711203 0.085601 0.267837 0.274876 0.958526 0.143435 0.612616 0.346855
0.185120 0.313192 0.250916 0.495246 0.614156 0.183067 0.198188 0.213158 0.896465 0.131619 0.516079 0.372401
0.094122 0.317894 0.282235 0.402145 0.626246 0.116658 0.202276 0.187195 1.004416 0.081738 0.601981 0.346877
0.162968 0.264513 0.225829 0.469390 0.650737 0.170397 0.299746 0.234596 0.889984 0.119987 0.582619 0.309377
0.141155 0.259816 0.341209 0.460424 0.631876 0.178546 0.259653 0.229539 0.888267 0.196221 0.500507 0.420596
0.184316 0.186514 0.297023 0.391061 0.635272 0.224105 0.343426 0.198148 0.936877 0.134586 0.569990 0.342410
0.114319 0.235407 0.200839 0.475633 0.620161 0.206063 0.231484 0.292302 0.963651 0.174126 0.597788 0.334294
0.160105 0.278939 0.238258 0.443301 0.666832 0.254014 0.220344 0.211510 0.886803 0.188345 0.613530 0.444109
0.167641 0.182282 0.149403 0.403948 0.589595 0.184097 0.281898 0.156687 0.907681 0.087589 0.679909 0.305334
0.121046 0.196142 0.262380 0.462268 0.625731 0.214479 0.238971 0.267621 0.783302 0.194715 0.558402 0.387306
0.126790 0.348176 0.177064 0.540913 0.580730 0.193574 0.349979 0.128613 0.943445 0.157137 0.550653 0.329010
0.138510 0.181935 0.256856 0.440462 0.601126 0.180612 0.225475 0.248091 0.936520 0.106293 0.656907 0.385870
0.141966 0.228290 0.170600 0.496395 0.682971 0.238873 0.177615 0.162619 0.956402 0.185291 0.556418 0.373536
0.152170 0.296489 0.195402 0.431315 0.679945 0.178406 0.194921 0.219924 0.905742 0.168996 0.605444 0.341877
0.154845 0.186121 0.166094 0.375317 0.659213 0.127258 0.276428 0.231215 0.813205 0.071848 0.624563 0.437518
0.074528 0.262722 0.296583 0.405565 0.641183 0.175477 0.314929 0.110534 1.004277 0.310436 0.534592 0.352675
0.133418 0.281448 0.283684 0.493718 0.749721 0.220578 0.380637 0.261994 0.952089 0.194578 0.650258 0.322045
0.067103 0.283423 0.240524 0.457268 0.703566 0.175622 0.251700 0.201885 0.894567 0.118608 0.707211 0.408678
0.172541 0.297989 0.207292 0.328243 0.689659 0.180485 0.338120 0.182046 0.884909 0.097969 0.594190 0.379014
0.174011 0.268518 0.236035 0.421793 0.682148 0.138276 0.280944 0.142588 0.819048 0.206071 0.545584 0.385693
0.118693 0.322630 0.258396 0.402463 0.659798 0.171715 0.258073 0.228990 0.883123 0.195649 0.639798 0.385475
0.160932 0.301134 0.248647 0.519829 0.648602 0.202060 0.206083 0.260033 0.926628 0.197260 0.610512 0.284644
0.032221 0.234066 0.292905 0.514564 0.567955 0.240913 0.132580 0.241149 0.875077 0.127650 0.538318 0.377458
0.202321 0.368841 0.208328 0.462383 0.701349 0.242195 0.241180 0.182895 0.886965 0.210822 0.598728 0.461048
0.069050 0.195669 0.162112 0.446687 0.682989 0.190991 0.328863 0.235332 0.927983 0.184677 0.688465 0.380430
0.121749 0.206807 0.160040 0.487975 0.615149 0.158431 0.194368 0.239258 0.895089 0.199837 0.602112 0.428198
0.221009 0.280440 0.224751 0.459239 0.622910 0.135711 0.194271 0.221509 0.921639 0.300924 0.584293 0.260409
0.124096 0.337951 0.206500 0.439734 0.713994 0.217555 0.188144 0.183947 0.889986 0.153626 0.610150 0.341010
0.187499 0.170252 0.247645 0.510549 0.678870 0.197465 0.254760 0.245776 0.915328 0.141499 0.528552 0.423026
0.046603 0.240070 0.261460 0.509075 0.684698 0.214511 0.217133 0.212549 0.879388 0.182957 0.604605 0.355133
0.181494 0.206550 0.253110 0.445493 0.646126 0.155953 0.244842 0.224031 0.956519 0.192373 0.692503 0.324900
0.218537 0.310186 0.224695 0.543436 0.655372 0.211859 0.240315 0.202352 0.923185 0.183254 0.585497 0.338223
0.206940 0.278034 0.209829 0.404775 0.597686 0.193085 0.307595 0.156781 0.852799 0.051385 0.603278 0.268251
0.133901 0.263466 0.272652 0.493214 0.544328 0.149369 0.360714 0.245152 0.840175 0.246842 0.611495 0.400461
0.156219 0.325149 0.195079 0.430633 0.594592 0.132831 0.227165 0.159793 0.927653 0.133181 0.522891 0.271818
0.136188 0.185685 0.171483 0.525843 0.624405 0.238232 0.384222 0.175177 0.935979 0.152816 0.541026 0.319121
0.076355 0.214610 0.216813 0.509240 0.666090 0.211468 0.196554 0.172744 0.913890 0.183392 0.579337 0.307622
0.205819 0.305544 0.187778 0.490250 0.590860 0.112760 0.169860 0.282084 0.959351 0.138563 0.602860 0.279395
0.186744 0.338912 0.216849 0.471088 0.655298 0.237757 0.337611 0.204838 0.939592 0.099857 0.541526 0.337162
0.174956 0.336004 0.228231 0.441803 0.728820 0.157915 0.313339 0.228724 0.913354 0.120072 0.627424 0.347674
0.111474 0.304506 0.165955 0.551862 0.570940 0.228319 0.215427 0.217176 0.871300 0.121359 0.594770 0.277392
0.076010 0.171841 0.203922 0.487514 0.611760 0.215806 0.220649 0.239661 0.920833 0.142700 0.519981 0.290596
0.072424 0.310283 0.264668 0.428053 0.663782 0.067463 0.214023 0.189675 0.960190 0.169594 0.551323 0.419870
0.106011 0.321050 0.229819 0.429995 0.606129 0.199436 0.303749 0.189850 0.931843 0.147171 0.556808 0.353105
0.238847 0.166082 0.250825 0.518331 0.569004 0.295863 0.275351 0.196424 0.901793 0.120243 0.551255 0.397976
0.156480 0.256717 0.232423 0.408767 0.543234 0.164096 0.229868 0.141516 0.968008 0.206091 0.608239 0.367157
0.078849 0.269871 0.299465 0.484397 0.617749 0.187876 0.217016 0.198973 0.859043 0.165137 0.660594 0.502764
0.142111 0.317431 0.294361 0.510402 0.597690 0.180005 0.279345 0.162452 0.945774 0.255036 0.578356 0.268587
0.149605 0.187290 0.116541 0.433698 0.625231 0.262223 0.280645 0.225678 0.892580 0.173053 0.571025 0.288926
0.193177 0.195946 0.260294 0.349684 0.613779 0.249823 0.318797 0.177445 0.935308 0.239547 0.560083 0.292211
0.094572 0.252476 0.250701 0.466279 0.620901 0.260491 0.255485 0.198317 0.832136 0.137924 0.607067 0.260590
0.160721 0.311979 0.283232 0.481051 0.670796 0.174971 0.313139 0.180451 0.906251 0.225951 0.610680 0.342658
0.108711 0.281792 0.105585 0.500085 0.586527 0.178061 0.289199 0.191343 0.922616 0.253474 0.594045 0.348035
0.072610 0.275649 0.185254 0.476631 0.563695 0.165041 0.245557 0.124119 0.912090 0.212850 0.587197 0.351316
0.226359 0.231733 0.293047 0.482603 0.647446 0.151497 0.265325 0.257885 0.905255 0.166715 0.495419 0.287003
0.056864 0.187298 0.183436 0.485242 0.621570 0.108783 0.193425 0.295160 0.926229 0.153936 0.554640 0.371727
0.178663 0.285579 0.239001 0.505937 0.691911 0.134753 0.312350 0.217671 0.902925 0.182411 0.646937 0.381145
0.157468 0.244217 0.227857 0.433128 0.673804 0.165702 0.246048 0.281093 0.961994 0.212035 0.632235 0.278123
0.079799 0.238471 0.212120 0.448711 0.651610 0.195672 0.358363 0.220120 0.888496 0.107442 0.555561 0.328300
0.188618 0.221361 0.234442 0.392002 0.700423 0.208670 0.220579 0.134118 0.964407 0.159479 0.558985 0.304526
0.050560 0.344851 0.242523 0.467503 0.604721 0.256052 0.210102 0.254075 0.879907 0.179098 0.588006 0.340649
0.059699 0.287722 0.256838 0.491301 0.713322 0.196867 0.243629 0.216058 0.896925 0.256045 0.536269 0.352960
0.092839 0.356455 0.185113 0.533073 0.712347 0.139674 0.293403 0.253296 0.988744 0.189521 0.566476 0.344025
0.178728 0.308470 0.158394 0.434118 0.628356 0.245087 0.163514 0.153786 0.939599 0.163875 0.562507 0.257618
0.093081 0.242723 0.198447 0.547940 0.672286 0.243686 0.234979 0.199349 0.889892 0.116994 0.575537 0.329758
0.157652 0.302631 0.227012 0.534089 0.645433 0.167846 0.261094 0.170596 0.972236 0.184523 0.530512 0.348306
0.123280 0.283592 0.195221 0.399649 0.753621 0.239835 0.259226 0.180502 0.922285 0.222949 0.644273 0.346264
0.256935 0.305065 0.132680 0.428023 0.620679 0.175976 0.242526 0.214732 0.945686 0.165034 0.559622 0.325086
0.165387 0.281600 0.281554 0.447159 0.636733 0.223875 0.200385 0.167668 0.818635 0.100056 0.644433 0.383105
0.115945 0.253344 0.212192 0.486356 0.602890 0.146137 0.242711 0.232965 1.056704 0.144961 0.638703 0.383084
0.193468 0.261579 0.206618 0.445424 0.612758 0.204107 0.227236 0.192443 0.952389 0.233971 0.547169 0.381868
0.180903 0.256200 0.285408 0.441697 0.659385 0.084725 0.247769 0.173337 0.907876 0.200914 0.690140 0.314028
0.077586 0.387950 0.259587 0.437566 0.747441 0.281940 0.327692 0.273136 0.918640 0.162856 0.566794 0.433303
0.154228 0.339422 0.189936 0.437098 0.637301 0.255674 0.227087 0.114073 0.897979 0.206815 0.493020 0.353484
0.158880 0.212353 0.217794 0.482718 0.588331 0.158059 0.271922 0.182693 0.872518 0.178847 0.591424 0.373411
0.180329 0.213295 0.173321 0.445103 0.602237 0.198061 0.375477 0.181763 0.880146 0.204775 0.632584 0.338264
0.140164 0.269258 0.220023 0.440834 0.643484 0.176015 0.276011 0.138940 0.953547 0.203491 0.598938 0.290171
0.084098 0.224521 0.268513 0.489524 0.585189 0.229275 0.265875 0.190518 0.920809 0.216892 0.659921 0.344497
0.088483 0.229119 0.293138 0.423931 0.730412 0.265023 0.322873 0.164094 0.914422 0.140742 0.574555 0.408180
0.119334 0.180951 0.233776 0.415191 0.679240 0.129218 0.234902 0.188132 0.919872 0.142594 0.530880 0.385032
0.122058 0.293059 0.201917 0.445822 0.606472 0.281904 0.225376 0.239000 0.815066 0.244893 0.626146 0.294133
0.118470 0.266348 0.254184 0.481004 0.576443 0.215515 0.230645 0.242967 0.841965 0.208451 0.526311 0.309090
0.157872 0.214946 0.196471 0.440804 0.621570 0.170062 0.219636 0.160712 0.813373 0.218599 0.651229 0.437299
0.180116 0.301552 0.204514 0.431287 0.672312 0.184262 0.250243 0.147474 0.945067 0.204279 0.582542 0.283322
0.186829 0.314171 0.310538 0.351900 0.678540 0.242376 0.278313 0.125012 1.046623 0.128689 0.574613 0.354819
0.054501 0.226412 0.234970 0.495025 0.589288 0.190986 0.296828 0.144371 0.889851 0.153269 0.573540 0.301500
0.096650 0.281200 0.237552 0.552220 0.654962 0.231020 0.266285 0.188613 0.959973 0.146391 0.647845 0.375904
0.165003 0.242137 0.207023 0.472549 0.641041 0.144431 0.341279 0.209899 0.891108 0.161578 0.571885 0.317104
0.167756 0.279296 0.219341 0.520309 0.679808 0.234966 0.351278 0.189073 0.966276 0.186187 0.546473 0.397892
0.097087 0.356288 0.301069 0.418187 0.604225 0.276217 0.285463 0.318346 0.856433 0.224598 0.693089 0.257503
0.210270 0.207119 0.298780 0.442183 0.613424 0.267116 0.231580 0.104840 0.819124 0.177084 0.589534 0.338285
0.198404 0.329736 0.272955 0.362492 0.681547 0.252728 0.272654 0.117171 0.699328 0.201427 0.493500 0.266698
0.168883 0.285358 0.266067 0.550525 0.649830 0.223150 0.170744 0.164164 0.951815 0.206082 0.511668 0.362819
0.134508 0.283944 0.179800 0.503145 0.583866 0.257757 0.234812 0.175935 0.897995 0.256598 0.582194 0.295430
0.178495 0.238345 0.263283 0.404232 0.664505 0.176293 0.248185 0.247560 0.921296 0.224229 0.688189 0.326018
0.132763 0.322537 0.242851 0.455451 0.672724 0.198763 0.264901 0.141970 0.922123 0.175200 0.530382 0.292381
0.064867 0.255603 0.127583 0.488869 0.616904 0.253670 0.222601 0.155729 0.963146 0.167416 0.613592 0.389409
0.125132 0.328307 0.229166 0.454404 0.637705 0.213570 0.326737 0.157173 0.935659 0.273442 0.599904 0.390207
0.160753 0.239969 0.248547 0.401472 0.624861 0.208687 0.223118 0.198782 0.899252 0.135088 0.609491 0.330088
0.122454 0.273840 0.123193 0.460556 0.646631 0.106016 0.252417 0.286559 0.919726 0.187106 0.616115 0.372174
0.103679 0.207969 0.217023 0.504518 0.654413 0.120803 0.398931 0.198313 1.064902 0.131513 0.638083 0.260102
0.124222 0.230313 0.147143 0.404197 0.722747 0.224254 0.332211 0.140336 0.944567 0.125768 0.561835 0.360702
0.122884 0.244214 0.175326 0.466609 0.662074 0.155308 0.193883 0.238554 0.809376 0.208951 0.533229 0.385568
0.148112 0.265799 0.178774 0.453454 0.675488 0.200596 0.322828 0.169089 0.995091 0.209870 0.631210 0.426944
0.266135 0.203889 0.308054 0.505404 0.637006 0.112180 0.221496 0.134726 0.915828 0.167230 0.671999 0.414235
0.153073 0.291383 0.290898 0.546947 0.631657 0.151215 0.294231 0.103374 0.894286 0.200132 0.582439 0.352641
0.080357 0.223318 0.127583 0.584755 0.528098 0.203924 0.283633 0.167464 0.897491 0.182182 0.563229 0.322203
0.166655 0.264492 0.198250 0.438985 0.624981 0.289230 0.218422 0.181921 0.958113 0.202439 0.571415 0.290459
0.121663 0.311187 0.220701 0.476112 0.586394 0.143181 0.299567 0.222571 0.891733 0.069914 0.597002 0.348158
0.157779 0.323450 0.239893 0.456927 0.619895 0.095742 0.277932 0.143736 0.992584 0.153540 0.559230 0.342396
0.141911 0.283921 0.133577 0.463078 0.557078 0.364916 0.195939 0.246934 0.908893 0.142010 0.631097 0.269940
0.154446 0.297248 0.236245 0.547926 0.680273 0.255763 0.198853 0.287365 0.948639 0.140870 0.558629 0.352310
0.080496 0.309593 0.242394 0.365333 0.730925 0.231694 0.289121 0.188707 0.963028 0.157811 0.648052 0.426175
0.184276 0.409037 0.226732 0.333398 0.609786 0.224625 0.213667 0.199637 0.805838 0.125586 0.566322 0.379592
0.052154 0.376040 0.212472 0.558064 0.610434 0.157646 0.256435 0.132812 0.999086 0.246413 0.565335 0.386313
0.208288 0.244606 0.217080 0.462784 0.702165 0.163342 0.239632 0.212903 0.902817 0.159863 0.712785 0.437845
0.182616 0.357526 0.267649 0.557195 0.717689 0.235342 0.325932 0.184338 0.883628 0.238390 0.579362 0.431287
0.216837 0.246321 0.278149 0.535007 0.673823 0.253509 0.378780 0.268249 0.899961 0.039865 0.587113 0.391280
0.162938 0.259140 0.294897 0.548134 0.719145 0.204291 0.309943 0.148855 0.940912 0.247349 0.635725 0.236784
0.125266 0.311651 0.250152 0.413088 0.650912 0.245491 0.309920 0.285115 0.869377 0.177421 0.523419 0.311473
0.173214 0.295657 0.225523 0.419231 0.756902 0.225372 0.259749 0.123085 0.923564 0.250567 0.632858 0.381373
0.151121 0.216066 0.195366 0.498975 0.609487 0.219767 0.270406 0.269394 0.952585 0.204389 0.525791 0.378017
0.199345 0.281217 0.230664 0.504236 0.606682 0.151596 0.279861 0.171312 0.985698 0.223258 0.637159 0.277889
0.161701 0.285420 0.239992 0.461374 0.636643 0.313914 0.206118 0.109178 0.942256 0.227101 0.700614 0.354074
0.129738 0.295135 0.199395 0.500405 0.610753 0.141902 0.230243 0.267010 0.943755 0.217083 0.590022 0.347348
0.157855 0.300991 0.212153 0.543489 0.608272 0.221364 0.219925 0.165959 0.837276 0.165404 0.588740 0.321230
0.064040 0.291006 0.204068 0.426407 0.657038 0.168991 0.271478 0.309333 0.847581 0.140772 0.568417 0.346831
0.131799 0.330459 0.194925 0.434369 0.662540 0.179367 0.272366 0.223783 0.915749 0.143717 0.504335 0.356913
0.159099 0.235750 0.223743 0.462112 0.597667 0.139808 0.185424 0.200942 0.973736 0.244851 0.602144 0.346488
0.241363 0.255885 0.164901 0.357709 0.672585 0.193805 0.190584 0.255819 0.936302 0.202993 0.623844 0.305612
0.150503 0.245954 0.331305 0.430108 0.777736 0.190043 0.319034 0.137185 0.918339 0.191953 0.577931 0.331717
0.131061 0.257526 0.249147 0.393957 0.705570 0.179522 0.292291 0.059280 0.935214 0.155061 0.560098 0.454303
0.041264 0.252331 0.386302 0.407582 0.667606 0.181802 0.352670 0.282772 0.927538 0.188497 0.423454 0.341620
0.137283 0.287403 0.275156 0.450510 0.621233 0.199249 0.203200 0.311072 0.887135 0.120737 0.610296 0.288552
0.093086 0.349678 0.227182 0.449666 0.598415 0.312702 0.274749 0.196712 0.887715 0.186409 0.580316 0.335864
0.066137 0.269744 0.158084 0.483390 0.609787 0.290772 0.248930 0.224848 0.836878 0.147130 0.637469 0.337850
0.177192 0.322865 0.283713 0.443961 0.643305 0.252005 0.333764 0.174349 0.884098 0.199161 0.563525 0.311972
0.164315 0.296539 0.109023 0.437710 0.639285 0.250666 0.260440 0.232714 0.948080 0.116376 0.499905 0.396320
0.132308 0.229261 0.136683 0.422069 0.731450 0.156122 0.205500 0.179161 0.893540 0.178810 0.612842 0.316476
0.120620 0.209754 0.287619 0.431673 0.666184 0.247434 0.287332 0.209777 0.926096 0.182914 0.585635 0.356172
0.193840 0.290540 0.207635 0.436326 0.630329 0.196570 0.282607 0.128501 0.976863 0.144851 0.616973 0.328042
0.162050 0.248173 0.215400 0.530040 0.704785 0.163368 0.186516 0.293526 0.991630 0.254969 0.715587 0.376930
0.096083 0.182762 0.198938 0.451563 0.644785 0.182978 0.279073 0.178224 0.969923 0.071080 0.547920 0.357467
0.138067 0.364193 0.227895 0.475076 0.655667 0.180877 0.219491 0.294103 1.008962 0.111953 0.611258 0.385876
0.145264 0.295073 0.217152 0.516539 0.635497 0.286457 0.305006 0.354575 0.970543 0.118336 0.629584 0.435342
0.066018 0.317276 0.168385 0.366449 0.643105 0.225515 0.316798 0.176437 0.859620 0.246993 0.500852 0.311508
0.138190 0.384151 0.232537 0.405383 0.723134 0.211980 0.298574 0.190569 0.926368 0.144836 0.551515 0.315605
0.175318 0.384734 0.115316 0.467515 0.682971 0.222273 0.278317 0.189985 0.845255 0.133252 0.617065 0.311515
0.078174 0.261133 0.310725 0.461426 0.708221 0.166220 0.235852 0.264801 1.030401 0.150801 0.714610 0.440697
0.170651 0.203636 0.235990 0.464052 0.708083 0.199108 0.214532 0.200353 0.926596 0.170614 0.533757 0.300289
0.223386 0.212849 0.259773 0.452102 0.605599 0.147027 0.293674 0.163349 0.966459 0.132445 0.588770 0.337267
0.106842 0.259348 0.297362 0.530135 0.613832 0.119293 0.187001 0.224991 0.957302 0.140265 0.534108 0.310166
0.071508 0.219075 0.227351 0.523092 0.691913 0.222608 0.242163 0.266997 0.873958 0.240893 0.635741 0.419072
0.182292 0.264322 0.180885 0.424354 0.595761 0.186620 0.220324 0.277679 0.943958 0.230502 0.639490 0.362791
0.186821 0.290093 0.201399 0.464427 0.571916 0.263471 0.137001 0.150192 0.949819 0.112643 0.658951 0.367718
0.139890 0.255983 0.243313 0.552817 0.671186 0.208262 0.258239 0.225941 0.937040 0.190906 0.603449 0.288654
0.118114 0.311432 0.216465 0.504460 0.603509 0.180883 0.216814 0.194976 0.890107 0.132305 0.602856 0.340915
0.159231 0.268793 0.130305 0.523932 0.709721 0.331690 0.338314 0.217500 1.099126 0.143405 0.556121 0.422184
0.176485 0.213409 0.117337 0.426237 0.720755 0.180427 0.326965 0.157609 0.818838 0.200837 0.555805 0.248413
0.127224 0.245695 0.240003 0.464012 0.553120 0.177654 0.274228 0.166441 0.920433 0.245976 0.588351 0.290679
0.289119 0.186092 0.171542 0.555354 0.729878 0.154657 0.240087 0.154024 0.920357 0.147616 0.587333 0.217639
0.164954 0.218262 0.263130 0.572618 0.604509 0.219446 0.274098 0.169737 0.913389 0.201834 0.630641 0.294343
0.200040 0.273797 0.301186 0.467639 0.640154 0.243876 0.165361 0.299872 0.829872 0.227336 0.469568 0.308901
0.037010 0.190419 0.184455 0.398334 0.534255 0.201083 0.276180 0.235398 0.785075 0.039400 0.526978 0.301938
0.182236 0.404641 0.269576 0.401149 0.660234 0.159762 0.297080 0.343301 0.978130 0.085869 0.592610 0.350532
0.272307 0.227502 0.218082 0.450509 0.695675 0.132735 0.230212 0.252283 0.936699 0.166398 0.537156 0.384143
0.076912 0.307567 0.296424 0.472594 0.613084 0.106295 0.266084 0.295481 0.867995 0.175717 0.635091 0.334351
0.149237 0.192401 0.168657 0.435065 0.635639 0.244563 0.169786 0.139370 0.959021 0.212925 0.558876 0.382997
0.068129 0.311581 0.194025 0.479030 0.590276 0.230034 0.274846 0.218162 0.940965 0.178866 0.558048 0.381919
0.268695 0.263749 0.178636 0.363849 0.621294 0.262608 0.269396 0.163239 0.990444 0.192444 0.593691 0.329736
0.075389 0.354972 0.340257 0.383637 0.639501 0.243557 0.236250 0.192463 0.911557 0.162149 0.603656 0.305475
0.142210 0.333820 0.201194 0.420560 0.604424 0.173718 0.361113 0.242535 0.921986 0.226555 0.549833 0.429580
0.038049 0.268857 0.289116 0.486950 0.686252 0.200723 0.168174 0.281321 0.861593 0.260941 0.566913 0.383931
0.099079 0.301029 0.279225 0.469804 0.573798 0.188803 0.266942 0.176198 0.816114 0.271487 0.591802 0.337940
0.125008 0.303212 0.288852 0.470199 0.621779 0.228944 0.278130 0.146116 0.923360 0.237693 0.634922 0.316371
0.270737 0.178851 0.185070 0.485109 0.667077 0.220086 0.173162 0.227614 0.899402 0.155079 0.612742 0.343783
0.053584 0.241280 0.227988 0.425386 0.654081 0.317542 0.234705 0.241153 0.909971 0.173567 0.628340 0.356241
0.099175 0.336022 0.170240 0.430136 0.626670 0.231286 0.179276 0.163025 0.866636 0.195535 0.556918 0.314244
0.224307 0.296974 0.268838 0.486692 0.700777 0.230414 0.258452 0.208147 0.867917 0.098111 0.648244 0.286939
0.154780 0.263234 0.188457 0.481434 0.617695 0.203408 0.233843 0.163449 0.944390 0.166543 0.581809 0.353053
0.081514 0.231531 0.234857 0.385790 0.624734 0.183251 0.281598 0.313015 0.863665 0.159102 0.550875 0.482181
0.134669 0.278251 0.268231 0.390906 0.626215 0.165374 0.243758 0.194913 0.813372 0.213558 0.531270 0.322250
0.094316 0.185558 0.207765 0.444289 0.687030 0.217217 0.289316 0.277217 0.921468 0.206855 0.624550 0.302386
0.144174 0.329735 0.195059 0.473052 0.745554 0.157570 0.278070 0.147112 0.915390 0.083190 0.529094 0.312487
0.227963 0.334699 0.296821 0.445771 0.689072 0.301643 0.283733 0.269512 0.879000 0.238818 0.614256 0.314833
0.228257 0.320890 0.235749 0.480323 0.741898 0.131139 0.242870 0.162338 0.988721 0.151206 0.615257 0.310992
0.192995 0.232622 0.168774 0.549704 0.729397 0.233968 0.202601 0.189532 0.926239 0.204560 0.640119 0.366429
0.199521 0.300540 0.311410 0.558715 0.733991 0.095753 0.303792 0.189154 0.959831 0.176803 0.645841 0.395080
0.112032 0.233217 0.222307 0.455278 0.631532 0.234558 0.253938 0.252021 0.903424 0.130982 0.600999 0.317750
0.093089 0.174325 0.253466 0.396109 0.758229 0.187719 0.253106 0.244489 0.894538 0.180509 0.615755 0.340890
0.079498 0.270289 0.224879 0.419068 0.606304 0.202517 0.238995 0.176378 0.914419 0.191099 0.564920 0.382725
0.154412 0.263695 0.281499 0.523600 0.596609 0.163200 0.296936 0.131584 0.968402 0.149839 0.579439 0.381111
0.125960 0.235341 0.222274 0.462133 0.590395 0.110554 0.361131 0.232526 0.859983 0.285267 0.606862 0.375624
0.155997 0.263719 0.239684 0.501072 0.677825 0.281113 0.196785 0.191533 0.899241 0.309371 0.638668 0.329371
0.093690 0.248585 0.232623 0.448862 0.657369 0.068990 0.147332 0.183019 0.996982 0.118457 0.548666 0.385019
0.087861 0.348129 0.191670 0.395044 0.663777 0.172107 0.265197 0.151177 0.921377 0.222267 0.635785 0.375619
0.139204 0.237486 0.274259 0.486363 0.733532 0.267617 0.245242 0.282794 0.886262 0.179707 0.679576 0.295683
0.180812 0.295848 0.294534 0.508945 0.666487 0.266049 0.195722 0.322721 0.895807 0.262862 0.565245 0.362365
0.200767 0.288111 0.302707 0.387649 0.584566 0.250356 0.273066 0.171761 0.854787 0.088634 0.592259 0.371236
0.160030 0.263621 0.112201 0.416754 0.712219 0.211355 0.218221 0.216454 0.855777 0.217365 0.587552 0.417640
0.109911 0.228043 0.260815 0.468632 0.592086 0.204070 0.330012 0.263983 1.043933 0.188946 0.480324 0.389005
0.098921 0.216477 0.276445 0.487834 0.651966 0.241422 0.251920 0.243962 0.841316 0.217395 0.532553 0.247265
0.146349 0.254716 0.228758 0.338525 0.666224 0.127238 0.298208 0.193504 0.870284 0.187461 0.564535 0.326520
0.094382 0.202091 0.263517 0.436748 0.660777 0.291182 0.241902 0.163206 0.898088 0.134000 0.602959 0.299421
0.142207 0.273184 0.194441 0.493605 0.627495 0.212996 0.249595 0.194664 0.914540 0.160188 0.627903 0.361201
0.215385 0.287702 0.231783 0.480497 0.638432 0.112103 0.189288 0.148289 0.872496 0.218730 0.593673 0.328721
0.216871 0.429523 0.222782 0.391283 0.588585 0.161593 0.187475 0.207122 0.861075 0.216389 0.706978 0.512463
0.225278 0.280120 0.226680 0.409795 0.726845 0.230307 0.274020 0.247073 0.908389 0.215402 0.580410 0.365549
0.151919 0.278489 0.212171 0.549466 0.663094 0.224002 0.406881 0.220384 0.922530 0.153997 0.573394 0.236774
0.185529 0.258556 0.293354 0.483832 0.645566 0.276373 0.272491 0.198854 0.851867 0.093931 0.581583 0.323548
0.172008 0.233067 0.248396 0.395221 0.664708 0.189543 0.272629 0.165057 0.954987 0.181788 0.564488 0.328297
0.167526 0.172910 0.269504 0.465963 0.568671 0.169071 0.199524 0.208439 0.921025 0.112062 0.595088 0.336508
0.186881 0.313579 0.258464 0.406163 0.699166 0.229462 0.257934 0.149395 0.918286 0.155876 0.487367 0.273914
0.122282 0.319914 0.203651 0.518585 0.679427 0.164751 0.270028 0.233796 1.006031 0.184138 0.507798 0.271527
0.245050 0.318149 0.197865 0.417295 0.554721 0.297849 0.229514 0.237727 0.894419 0.145908 0.603543 0.345371
0.102416 0.198019 0.218341 0.396145 0.634088 0.222358 0.249797 0.116117 0.923198 0.212866 0.624823 0.284098
0.137936 0.272698 0.187493 0.425780 0.566657 0.164112 0.320782 0.224664 0.977548 0.217067 0.617462 0.411220
0.077269 0.334067 0.291991 0.328248 0.686481 0.193713 0.281689 0.103990 0.920126 0.223699 0.560324 0.316158
0.180054 0.261771 0.178843 0.384859 0.707052 0.176983 0.240904 0.141988 0.902480 0.130948 0.637007 0.359121
