1000 12 400
0.225850 0.173308 0.533981 0.447069 0.682453 0.072961 0.649564 0.789074 0.905514 0.657156 0.159316 0.788892
0.304499 0.286117 0.443744 0.389847 0.685601 0.097027 0.600857 0.801257 0.952098 0.773553 0.012927 0.899937
0.269708 0.093844 0.358633 0.345853 0.751428 0.079662 0.758363 0.747645 1.020258 0.621731 0.080732 0.927230
0.224544 0.223870 0.479873 0.351115 0.737886 0.100424 0.724010 0.810358 0.914570 0.724855 0.156733 0.822230
0.188575 0.218797 0.423066 0.421505 0.635166 0.126198 0.634211 0.753864 1.075646 0.687774 0.146245 0.766212
0.270454 0.258497 0.437580 0.490246 0.672026 0.153567 0.732342 0.838341 1.017159 0.731281 0.084926 0.838150
0.219212 0.306753 0.534456 0.431842 0.709460 0.197916 0.764347 0.709561 1.037663 0.678766 0.086772 0.831432
0.127222 0.210601 0.423685 0.390285 0.768776 0.095393 0.751649 0.736142 0.997613 0.594692 0.189032 0.889456
0.171525 0.141930 0.432003 0.464433 0.719467 0.167911 0.684724 0.740920 1.016673 0.744529 0.085412 0.934690
0.262900 0.102550 0.530460 0.420407 0.675354 0.064708 0.729766 0.840416 0.991878 0.806000 0.056904 0.799539
0.247362 0.130859 0.408072 0.420123 0.721381 0.128164 0.699912 0.826955 1.041010 0.538379 0.081881 0.802730
0.205664 0.227968 0.457203 0.439999 0.726480 0.110042 0.709997 0.833470 1.044362 0.608373 0.160943 0.870778
0.190364 0.230326 0.515663 0.435843 0.778959 0.159981 0.676931 0.847504 1.029177 0.642361 0.105517 0.891710
0.132397 0.151706 0.413216 0.428171 0.698897 0.080727 0.790282 0.739010 0.904485 0.688864 0.045527 0.870863
0.225592 0.236218 0.436999 0.436412 0.693225 0.181131 0.718897 0.902284 1.028210 0.724527 0.111137 0.797256
0.211302 0.149873 0.471678 0.389839 0.724982 0.062227 0.737556 0.783947 1.040090 0.689956 0.157062 0.874112
0.086677 0.167095 0.468257 0.377248 0.800484 0.153511 0.702635 0.778732 1.017469 0.654902 0.117521 0.817379
0.225417 0.215653 0.468423 0.434619 0.658213 0.029714 0.677890 0.826749 1.001318 0.661071 0.093071 0.749346
0.259966 0.213308 0.465637 0.395085 0.706181 0.050601 0.684519 0.752342 1.012289 0.725973 0.118569 0.764563
0.137331 0.201058 0.481659 0.341544 0.758711 0.007158 0.642828 0.746298 0.950523 0.603587 0.009081 0.802252
0.205470 0.280724 0.395127 0.416918 0.713107 0.091317 0.723163 0.724813 0.961933 0.616443 0.035222 0.849352
0.176113 0.195975 0.473896 0.526893 0.755139 0.129917 0.740357 0.845737 0.993271 0.650372 0.087068 0.807486
0.123573 0.199497 0.487101 0.414114 0.694420 0.207447 0.754621 0.854139 1.013549 0.618665 -0.014708 0.832769
0.275052 0.219995 0.459651 0.448203 0.700570 -0.007493 0.704314 0.734494 0.969418 0.629493 0.081172 0.856684
0.271595 0.257541 0.419868 0.470613 0.774724 0.023069 0.727089 0.851173 0.973369 0.707916 0.112016 0.880414
0.265531 0.210247 0.561793 0.386149 0.707493 0.222445 0.729698 0.760270 0.981506 0.755448 0.133248 0.829957
0.190421 0.176017 0.355213 0.459806 0.734881 0.047716 0.662013 0.778160 1.064348 0.704717 0.085864 0.803866
0.277572 0.217889 0.410012 0.339924 0.738942 0.067693 0.681701 0.805525 1.081330 0.631756 0.076078 0.914778
0.217560 0.167827 0.484900 0.369960 0.671022 0.236492 0.682939 0.862541 1.011856 0.705750 0.061231 0.789311
0.124613 0.227676 0.487182 0.475843 0.705826 0.179053 0.712999 0.785301 0.997560 0.638796 0.017200 0.827836
0.156153 0.117262 0.515510 0.441102 0.722761 0.028176 0.713251 0.862305 0.979572 0.643148 0.124569 0.867556
0.236266 0.311391 0.434502 0.471208 0.675753 0.127915 0.747243 0.840381 1.011747 0.589313 0.077505 0.809868
0.289789 0.189698 0.539823 0.430797 0.828463 0.073248 0.712934 0.818753 1.016023 0.680504 0.049472 0.745137
0.261421 0.254109 0.483567 0.442493 0.735383 0.110749 0.671525 0.839664 1.064201 0.707117 0.119845 0.999585
0.270954 0.179402 0.444549 0.331812 0.700932 0.136644 0.746774 0.664005 1.082894 0.665256 0.035466 0.794780
0.109717 0.257427 0.460154 0.475236 0.763082 0.056854 0.641558 0.801211 0.860572 0.581939 0.057041 0.921723
0.182856 0.224785 0.404984 0.327168 0.784103 0.082606 0.686849 0.777310 0.958020 0.647295 0.028239 0.816362
0.259384 0.298166 0.481739 0.399750 0.758544 0.065507 0.566599 0.864952 0.999542 0.668039 0.114464 0.790812
0.167796 0.217226 0.393161 0.376993 0.653537 0.143076 0.715241 0.927274 1.023045 0.669731 0.047806 0.801282
0.204426 0.177664 0.469083 0.397379 0.641173 0.089913 0.645175 0.834381 0.931984 0.675475 0.142731 0.799695
0.110256 0.236501 0.434185 0.425184 0.799651 0.104602 0.730562 0.752409 0.854331 0.672918 0.163586 0.883240
0.253731 0.267687 0.444750 0.414316 0.835789 0.069458 0.654591 0.765389 0.940113 0.630711 0.081222 0.918395
0.135735 0.212625 0.469157 0.347218 0.732720 0.143494 0.752902 0.798585 0.940889 0.675004 0.080618 0.823023
0.222933 0.163180 0.511177 0.385801 0.699078 0.133722 0.737296 0.806969 1.047353 0.640834 0.118802 0.847183
0.168845 0.214776 0.488928 0.425615 0.627994 0.170532 0.744306 0.725535 0.977017 0.708438 0.092826 0.748606
0.202019 0.168866 0.540252 0.458005 0.718389 0.040812 0.682173 0.824155 0.961985 0.629296 0.125967 0.924169
0.243277 0.161131 0.453477 0.358125 0.638428 0.130151 0.733427 0.729968 1.056949 0.640523 0.059421 0.799222
0.191843 0.244271 0.391898 0.305559 0.794210 0.058252 0.731238 0.764217 0.961851 0.656357 0.080009 0.808658
0.199242 0.247629 0.420133 0.516112 0.652682 0.090752 0.743053 0.781905 0.968246 0.569139 0.091044 0.845677
0.254713 0.117040 0.512192 0.332764 0.718220 0.032926 0.730235 0.835032 1.024333 0.566064 0.186210 0.844268
0.232966 0.295722 0.434598 0.390217 0.671992 0.107761 0.797264 0.798943 1.007271 0.566902 0.002434 0.856653
0.158749 0.204397 0.382855 0.449239 0.684386 0.022651 0.674598 0.770226 1.007039 0.703984 0.078464 0.791664
0.263657 0.144214 0.541022 0.424883 0.792805 0.052891 0.706016 0.801157 1.080597 0.692967 0.034730 0.871797
0.111681 0.160195 0.444229 0.428393 0.669590 0.087026 0.703028 0.720477 0.953667 0.649541 0.146519 0.836406
0.145865 0.328395 0.433529 0.430487 0.630014 0.106643 0.671251 0.818492 0.971683 0.726494 -0.002369 0.846473
0.240484 0.175294 0.515949 0.493544 0.752465 0.089866 0.655686 0.795050 0.910302 0.694084 0.095395 0.776721
0.151889 0.180720 0.394674 0.429453 0.665095 0.042534 0.684488 0.886705 1.029329 0.638296 0.020287 0.824115
0.236042 0.193635 0.395901 0.426820 0.708670 0.224408 0.650104 0.744066 1.038103 0.734175 -0.054558 0.807767
0.262924 0.253299 0.481795 0.385712 0.701166 0.156624 0.722458 0.773514 0.961033 0.765132 0.073697 0.888507
0.249289 0.184258 0.509242 0.367714 0.741016 0.104843 0.712629 0.850857 0.906556 0.702920 -0.055984 0.880228
0.146530 0.178509 0.523568 0.416082 0.660191 0.014184 0.691056 0.775654 0.966623 0.619135 0.176612 0.894089
0.225179 0.184705 0.428287 0.400535 0.752813 0.143034 0.765637 0.821747 1.043654 0.660900 0.028997 0.756357
0.190316 0.161935 0.362601 0.435875 0.646383 0.125233 0.626179 0.815546 0.963185 0.611028 0.067105 0.890338
0.218475 0.136442 0.390654 0.429080 0.705002 0.144623 0.805325 0.732489 1.036292 0.690664 0.057966 0.925604
0.175045 0.218862 0.466310 0.439129 0.739600 0.047600 0.748053 0.845199 1.044114 0.578242 0.042524 0.805442
0.165867 0.215479 0.505383 0.414515 0.781499 0.049011 0.739681 0.764726 0.982410 0.667164 0.082901 0.910779
0.315306 0.139322 0.542912 0.420311 0.757020 0.095733 0.742613 0.807373 0.992109 0.728960 0.071685 0.876695
0.319556 0.178471 0.418807 0.441329 0.762755 0.060400 0.749300 0.710488 0.964509 0.619708 0.041631 0.790818
0.337820 0.113173 0.563290 0.407749 0.717205 0.118432 0.753809 0.830998 0.970075 0.689617 0.029494 0.739912
0.186080 0.308590 0.470736 0.475274 0.765082 0.142375 0.693490 0.791442 0.969449 0.719507 0.118215 0.815827
0.278270 0.158421 0.470886 0.368883 0.745629 0.079958 0.690466 0.740857 1.029598 0.663535 0.035545 0.738976
0.219781 0.224035 0.378826 0.372788 0.656415 0.045173 0.740582 0.719037 1.015565 0.601369 0.086712 0.766189
0.180033 0.168612 0.497072 0.383437 0.711421 0.044738 0.750530 0.879662 0.958533 0.707938 0.008122 0.761135
0.247248 0.211785 0.441883 0.437887 0.670417 0.070515 0.766931 0.775401 1.080423 0.757205 0.114825 0.828585
0.245803 0.225147 0.504567 0.370854 0.729253 0.154067 0.763914 0.855696 1.066191 0.611858 0.081073 0.851986
0.274651 0.219483 0.468575 0.417468 0.781474 0.109003 0.738278 0.831907 1.012529 0.634723 0.002058 0.770837
0.190649 0.179090 0.441358 0.409123 0.761165 0.172149 0.714585 0.745938 1.019809 0.603142 0.075809 0.918177
0.147445 0.212182 0.456950 0.429894 0.767575 0.124981 0.747880 0.746719 0.962942 0.622131 0.142302 0.776933
0.296100 0.119547 0.459490 0.364335 0.692475 0.059374 0.755859 0.880078 0.918522 0.510992 0.116980 0.816865
0.191327 0.199846 0.446509 0.365995 0.757719 0.110812 0.772143 0.861196 0.965052 0.765111 0.088477 0.829409
0.164710 0.213873 0.395827 0.432903 0.772180 0.091230 0.686362 0.810678 1.083212 0.666207 0.121771 0.828106
0.189479 0.150485 0.513561 0.454922 0.745311 0.064565 0.720165 0.748708 0.945511 0.606230 0.090510 0.782639
0.144671 0.240770 0.433659 0.370420 0.657956 0.059785 0.738005 0.803424 1.015249 0.715683 0.109658 0.850926
0.210084 0.196567 0.414142 0.477209 0.720447 0.165129 0.717295 0.766091 0.950754 0.633379 0.175962 0.780401
0.215842 0.148244 0.434719 0.361372 0.717922 0.064108 0.738421 0.745872 0.949996 0.687630 0.067149 0.859502
0.217853 0.188371 0.471685 0.372345 0.702625 0.085145 0.677038 0.792689 0.895212 0.659483 0.106347 0.877909
0.332312 0.196649 0.511391 0.442668 0.700989 0.114621 0.705729 0.759360 0.954112 0.663600 0.014760 0.798780
0.224563 0.226539 0.441166 0.397902 0.644669 0.128867 0.713102 0.807555 1.036325 0.597666 0.140532 0.874021
0.208639 0.178205 0.443657 0.386487 0.632149 0.194244 0.766163 0.760157 0.974788 0.613603 0.117001 0.856439
0.138106 0.189376 0.408160 0.431336 0.755904 0.078553 0.722664 0.815720 0.996309 0.681360 0.044524 0.928257
0.199584 0.192092 0.419218 0.300279 0.721854 0.066594 0.788315 0.802758 0.956885 0.670661 0.103819 0.866413
0.144983 0.136790 0.443488 0.462629 0.742903 0.141591 0.658077 0.733004 1.099865 0.671163 0.033796 0.694554
0.160182 0.177352 0.321721 0.462078 0.749267 0.195780 0.786229 0.868969 0.914140 0.662473 0.024775 0.788494
0.147803 0.112273 0.452186 0.322403 0.727352 0.036113 0.702024 0.848693 1.074814 0.563236 0.106811 0.889822
0.190089 0.167421 0.442061 0.334956 0.662181 0.138929 0.668700 0.850859 1.056473 0.685401 0.047473 0.886715
0.186744 0.133167 0.444990 0.283601 0.663118 0.126747 0.753352 0.842172 0.889017 0.673663 0.045495 0.836932
0.142978 0.174997 0.343689 0.427473 0.764034 0.224818 0.668932 0.839049 1.036412 0.662455 0.067776 0.816906
0.153074 0.174899 0.412820 0.468422 0.689569 0.149891 0.708463 0.857838 1.048718 0.644203 0.017116 0.846968
0.207835 0.194247 0.489663 0.394714 0.763377 0.095111 0.667686 0.856459 1.025402 0.627324 0.065883 0.826530
0.139949 0.169230 0.497360 0.458365 0.671096 0.134249 0.754216 0.888880 1.097257 0.652210 0.090932 0.931350
0.217192 0.162524 0.397031 0.406305 0.695796 0.119603 0.690578 0.807183 0.955689 0.668677 0.080091 0.884058
0.211016 0.247072 0.410928 0.434559 0.744866 0.203141 0.670957 0.817150 1.001150 0.715066 0.113614 0.833822
0.279825 0.241982 0.483586 0.398132 0.665080 0.157437 0.684609 0.738200 0.985161 0.651932 0.038187 0.867801
0.221492 0.271838 0.456035 0.387619 0.756145 0.006303 0.746982 0.817337 0.940417 0.581002 0.027806 0.790633
0.214507 0.178131 0.403454 0.465723 0.723354 -0.004932 0.694022 0.846920 1.094670 0.706605 0.079556 0.840084
0.166060 0.246299 0.502775 0.381316 0.689956 0.077681 0.747600 0.976902 0.945285 0.726156 0.067698 0.797785
0.220186 0.156029 0.423795 0.382064 0.712152 0.125233 0.663026 0.807624 1.035277 0.619653 0.075161 0.806003
0.188003 0.213337 0.441855 0.430005 0.693254 0.134118 0.680499 0.815637 1.004322 0.574304 0.001206 0.823839
0.198669 0.142834 0.461632 0.385235 0.695967 0.089985 0.676904 0.765323 0.984572 0.626321 -0.042449 0.856861
0.247978 0.283776 0.461698 0.453983 0.610168 0.006281 0.700060 0.790008 1.049769 0.635807 0.064851 0.880022
0.194261 0.150347 0.475286 0.397764 0.783476 0.109498 0.694983 0.788516 1.071319 0.641094 0.094403 0.882862
0.180183 0.280776 0.430777 0.462242 0.689562 0.161524 0.700277 0.789684 0.956844 0.637539 0.050271 0.879176
0.145595 0.134371 0.451227 0.383890 0.729090 0.157531 0.746945 0.837538 1.101760 0.675655 0.083680 0.816113
0.216374 0.146110 0.422036 0.413044 0.718197 0.066852 0.693816 0.835297 1.051623 0.560531 0.050424 0.816536
0.248096 0.272916 0.545043 0.345888 0.677982 0.109650 0.716499 0.747166 0.944959 0.727130 0.130462 0.820799
0.238393 0.181166 0.484250 0.388980 0.721437 0.108700 0.721217 0.820219 1.087104 0.676101 0.118918 0.839372
0.232192 0.226764 0.535601 0.374848 0.770516 0.133194 0.752439 0.760383 1.015482 0.666958 0.061831 0.904299
0.225951 0.180927 0.414087 0.397485 0.833689 0.105436 0.667150 0.750742 0.914441 0.608972 0.146941 0.817396
0.225771 0.218772 0.325494 0.416396 0.786443 0.113339 0.719882 0.799840 1.041315 0.637046 0.053250 0.729113
0.250919 0.279806 0.471152 0.517254 0.707236 0.059109 0.746455 0.826160 1.069019 0.636946 -0.011787 0.841531
0.196450 0.246866 0.476091 0.486168 0.743474 0.131828 0.659055 0.888993 1.038163 0.643801 0.091458 0.791014
0.243858 0.219676 0.479453 0.365725 0.655656 0.090978 0.670107 0.929723 1.044156 0.619809 0.074144 0.804920
0.198751 0.202634 0.455694 0.434084 0.761361 0.187682 0.645778 0.848649 1.021318 0.616195 0.022722 0.852356
0.214631 0.186252 0.495926 0.415275 0.644645 0.092394 0.648494 0.786945 0.993083 0.526451 0.014636 0.822100
0.277815 0.240375 0.354607 0.494495 0.709774 0.062237 0.759712 0.847729 0.964449 0.713068 0.093009 0.836237
0.227076 0.314267 0.425552 0.433041 0.721852 0.001286 0.679200 0.786152 1.044093 0.760557 -0.007890 0.822599
0.205438 0.123902 0.417825 0.405176 0.712901 0.091568 0.596730 0.855892 1.065048 0.599479 0.066691 0.841835
0.284563 0.220731 0.520583 0.517188 0.708995 0.160187 0.710930 0.789435 1.069948 0.556337 0.048989 0.853795
0.213037 0.242477 0.392181 0.345537 0.612205 0.145509 0.719876 0.832224 1.038625 0.561923 0.023769 0.830163
0.176525 0.199699 0.489576 0.430732 0.710248 0.131509 0.760982 0.803675 1.010574 0.605881 0.058247 0.885151
0.179880 0.213676 0.466057 0.352811 0.710406 0.164259 0.695333 0.792602 0.958235 0.631979 0.132935 0.857020
0.260062 0.192314 0.580014 0.380365 0.741890 0.079367 0.674893 0.845008 0.996256 0.711363 0.022752 0.875740
0.255656 0.259844 0.508767 0.436108 0.762849 0.075363 0.680655 0.779289 0.974025 0.529552 0.128635 0.827749
0.208703 0.171153 0.484896 0.437374 0.658080 0.138500 0.759896 0.765074 0.958522 0.696675 0.119408 0.803167
0.211696 0.281029 0.509846 0.412762 0.661681 0.218323 0.768165 0.742413 1.014284 0.600624 0.112739 0.768372
0.178337 0.171306 0.396456 0.501945 0.650727 0.080888 0.684657 0.887264 0.936592 0.646593 0.057368 0.818872
0.200814 0.248919 0.441403 0.422507 0.706151 0.196529 0.719056 0.793604 0.977992 0.562625 0.074706 0.776405
0.175790 0.166381 0.459071 0.447273 0.773684 0.095504 0.592075 0.684686 0.979015 0.670180 -0.067917 0.844709
0.161202 0.189678 0.449060 0.338623 0.705491 0.129536 0.714888 0.840495 1.057040 0.609804 0.083202 0.790844
0.185243 0.254629 0.397036 0.351300 0.621584 0.080380 0.643318 0.748114 1.017838 0.654701 0.050506 0.898389
0.324797 0.176909 0.430137 0.423367 0.703298 0.089203 0.682642 0.751685 0.976360 0.611757 0.096644 0.873545
0.216339 0.161610 0.488021 0.405511 0.685921 0.082673 0.696872 0.782514 1.029554 0.699425 0.110366 0.826452
0.186789 0.179637 0.505155 0.404294 0.736627 0.108389 0.724597 0.760805 1.030557 0.740056 0.028281 0.776487
0.189387 0.189920 0.419499 0.411530 0.720540 0.105066 0.690130 0.846921 1.010119 0.579435 0.161245 0.832713
0.275117 0.191561 0.445458 0.541501 0.771734 0.121260 0.703508 0.793005 1.071984 0.591161 0.023025 0.873902
0.268565 0.206062 0.457563 0.386936 0.711038 0.133191 0.740329 0.855786 1.001052 0.631182 0.024792 0.871618
0.115350 0.248205 0.448984 0.375223 0.683061 0.110790 0.800010 0.916186 0.962514 0.704930 0.070440 0.840586
0.229152 0.161572 0.393514 0.379691 0.724237 0.076986 0.656109 0.771980 1.020234 0.579447 0.085716 0.923317
0.284529 0.140741 0.410684 0.406204 0.659238 0.096993 0.630230 0.758012 1.036545 0.612669 0.014571 0.875253
0.198139 0.202778 0.439484 0.385454 0.746025 -0.000838 0.758954 0.866025 0.987000 0.639028 0.067519 0.872960
0.206666 0.184495 0.436234 0.357017 0.639770 0.103749 0.764302 0.802038 0.972714 0.660214 0.137107 0.892602
0.244795 0.188764 0.457497 0.321907 0.763696 0.065338 0.644397 0.823933 0.970146 0.627474 0.086209 0.862111
0.221069 0.193275 0.498593 0.358434 0.726299 0.078794 0.731641 0.701107 0.874997 0.541785 0.141925 0.779149
0.227833 0.142851 0.521082 0.427436 0.641709 0.109985 0.673013 0.747952 0.998899 0.659134 0.111115 0.929613
0.070751 0.283994 0.390770 0.489158 0.738311 0.132363 0.721421 0.863827 0.976458 0.673260 0.158211 0.879709
0.262518 0.121790 0.353561 0.402098 0.776891 0.095562 0.654238 0.759220 1.016408 0.597840 0.163497 0.861842
0.204532 0.210615 0.423130 0.476699 0.642241 0.054432 0.689975 0.813684 0.958746 0.728294 0.140113 0.876732
0.148358 0.225827 0.403568 0.419706 0.764112 0.067903 0.823528 0.702368 0.988853 0.649635 0.093706 0.809986
0.244578 0.174500 0.419802 0.366949 0.699718 0.049116 0.739712 0.782329 0.930251 0.625093 -0.024063 0.852148
0.163707 0.184057 0.414363 0.392615 0.815898 0.057338 0.671232 0.785028 0.951092 0.696387 0.040139 0.838969
0.173967 0.216247 0.465168 0.408887 0.725752 0.135747 0.653709 0.792832 0.965059 0.713719 0.073815 0.850264
0.143958 0.194407 0.515534 0.301676 0.754820 0.115658 0.717376 0.727302 1.019210 0.743335 0.104369 0.920807
0.296286 0.208171 0.501553 0.388752 0.663063 0.181509 0.842949 0.708174 1.012220 0.599274 0.054565 0.790182
0.059782 0.297152 0.482045 0.396562 0.687521 0.153785 0.623684 0.869745 1.037184 0.722423 0.057613 0.785867
0.140871 0.244802 0.396870 0.318632 0.671219 0.172695 0.609945 0.801184 1.034001 0.670271 0.136438 0.872359
0.223725 0.187885 0.415588 0.394068 0.734163 0.093734 0.652656 0.813193 1.055034 0.574215 0.058704 0.882704
0.223712 0.220292 0.446420 0.447660 0.742773 0.061412 0.644584 0.781105 0.974533 0.671913 0.062029 0.790826
0.424118 0.633616 0.345290 0.501568 0.350896 0.836391 1.054320 0.101381 0.478602 0.586076 0.074320 0.454054
0.509515 0.533960 0.210199 0.398201 0.508445 0.847410 1.060632 -0.012430 0.588110 0.689504 0.062200 0.445312
0.494714 0.533456 0.241851 0.464459 0.450471 0.853188 0.976005 0.061738 0.584121 0.667466 0.035124 0.462334
0.453485 0.499120 0.251352 0.417216 0.341370 0.773344 0.998967 0.078789 0.521802 0.664586 -0.008779 0.476996
0.447206 0.465231 0.363152 0.339519 0.514874 0.831564 1.030892 0.041298 0.611536 0.601514 0.039991 0.465526
0.570564 0.516740 0.273234 0.528698 0.399434 0.828452 0.963839 0.055661 0.538999 0.684766 -0.055470 0.575598
0.496558 0.537329 0.251826 0.404525 0.425756 0.855944 0.982478 0.061632 0.502271 0.655823 0.026966 0.492221
0.397739 0.534347 0.231155 0.513462 0.460429 0.835001 0.977730 0.098025 0.492217 0.617660 0.102215 0.455316
0.417766 0.529634 0.181945 0.384223 0.355950 0.833454 1.065664 0.079030 0.495868 0.684006 -0.001804 0.514402
0.593940 0.449562 0.278555 0.456742 0.466407 0.893779 1.018938 0.095098 0.510895 0.699161 0.026269 0.572337
0.549372 0.521942 0.217279 0.393282 0.403642 0.839522 1.018174 0.085125 0.506240 0.619088 0.044814 0.491115
0.504106 0.623680 0.355206 0.443426 0.433037 0.862074 0.904889 0.144149 0.545588 0.576446 0.032278 0.541941
0.439402 0.548208 0.308775 0.458707 0.421327 0.862369 0.946253 0.131772 0.570402 0.721322 0.085781 0.517381
0.506841 0.481050 0.237869 0.471071 0.497826 0.843268 1.029703 0.127820 0.591485 0.691117 -0.025195 0.482903
0.483986 0.464905 0.296322 0.408767 0.467386 0.816885 0.895670 -0.035853 0.550427 0.619301 -0.015752 0.576990
0.533452 0.472913 0.256813 0.513208 0.353858 0.818524 1.059179 0.036837 0.632166 0.656176 0.013767 0.516873
0.442816 0.532282 0.263046 0.470586 0.399044 0.865145 1.127427 0.146580 0.528893 0.569987 0.053189 0.481255
0.498802 0.540347 0.285238 0.492109 0.455074 0.830327 1.007589 0.064603 0.509235 0.641853 0.031522 0.480822
0.470439 0.605506 0.273456 0.464606 0.434435 0.880406 0.980276 0.128246 0.608580 0.707458 -0.013216 0.423159
0.466883 0.598154 0.256928 0.479495 0.363452 0.799093 0.937364 0.053323 0.508437 0.660857 0.061730 0.648594
0.517692 0.557566 0.212861 0.473645 0.440347 0.964804 0.975924 0.145452 0.471523 0.709511 -0.003533 0.477021
0.594065 0.596291 0.317587 0.502801 0.489503 0.890332 0.987772 0.084514 0.586737 0.733306 0.034826 0.483421
0.523591 0.514119 0.301340 0.480283 0.356186 0.816829 0.999304 0.091489 0.549028 0.650102 0.010409 0.498624
0.500583 0.538574 0.289816 0.361493 0.477116 0.873045 1.039818 0.083819 0.525036 0.629670 0.028889 0.519355
0.526108 0.519407 0.250266 0.394618 0.452663 0.880565 1.018563 0.095296 0.566354 0.574180 0.062574 0.456945
0.528404 0.519575 0.317597 0.444286 0.444823 0.865484 1.040310 -0.017455 0.515958 0.608156 0.039660 0.481502
0.522528 0.527541 0.234111 0.333513 0.416642 0.948400 0.926349 0.130435 0.480244 0.609783 0.050117 0.475177
0.514627 0.589254 0.371200 0.433726 0.374326 0.861861 1.034926 0.122809 0.464753 0.597971 0.118407 0.480637
0.592151 0.531843 0.207858 0.486602 0.421183 0.939445 0.883255 0.088636 0.597518 0.597154 0.067929 0.445105
0.519351 0.572390 0.310359 0.476838 0.426122 0.767827 0.950441 0.055211 0.562894 0.662069 0.003061 0.480135
0.553637 0.515243 0.211629 0.467529 0.364982 0.815871 0.878259 0.165561 0.551146 0.608276 0.106563 0.442556
0.463343 0.596837 0.275574 0.455267 0.378486 0.762363 0.967737 0.055415 0.535476 0.619595 0.091337 0.414039
0.394044 0.534273 0.182419 0.421737 0.459498 0.892626 0.989935 0.110707 0.477089 0.506912 0.101357 0.482118
0.444557 0.517592 0.282115 0.491951 0.486822 0.931920 1.056016 0.053050 0.488532 0.670315 0.050042 0.435391
0.456281 0.626688 0.365204 0.431543 0.396972 0.817372 0.944433 0.046632 0.519002 0.634936 0.021201 0.528651
0.427065 0.485620 0.235015 0.391145 0.449868 0.789472 0.999233 0.055212 0.587266 0.719613 0.029648 0.466015
0.466334 0.566257 0.200892 0.420327 0.329547 0.789311 0.882504 0.059845 0.486521 0.702036 0.058028 0.473206
0.580465 0.599806 0.241866 0.393356 0.443711 0.948845 0.920481 0.068589 0.486438 0.560491 0.057685 0.505599
0.510299 0.565098 0.285747 0.453415 0.470237 0.851760 1.027495 -0.000060 0.633261 0.627682 0.071456 0.467094
0.479551 0.520012 0.271362 0.489920 0.336179 0.765818 0.995060 0.051826 0.507246 0.561544 -0.048471 0.496812
0.479784 0.602523 0.242819 0.392388 0.433156 0.848849 1.073281 0.056667 0.568849 0.572376 0.024520 0.421201
0.549652 0.625889 0.234556 0.318293 0.380804 0.853680 0.929884 0.088370 0.463763 0.625188 0.040188 0.393838
0.467289 0.521259 0.266286 0.421546 0.437436 0.792031 0.862676 0.091330 0.612063 0.549645 -0.013332 0.445943
0.672730 0.541856 0.185797 0.498805 0.422399 0.881539 0.960750 0.073391 0.527332 0.632520 0.061426 0.489771
0.576480 0.575365 0.283398 0.404877 0.451949 0.868564 1.004042 0.047103 0.472178 0.609904 0.004401 0.435015
0.507570 0.527775 0.274974 0.435167 0.532606 0.883952 1.122826 0.161640 0.509425 0.607769 -0.026928 0.465664
0.335496 0.524913 0.327691 0.487662 0.382307 0.869536 0.908293 0.032544 0.579782 0.643899 0.063972 0.501975
0.538852 0.605535 0.234468 0.396974 0.362989 0.893847 1.083525 0.061073 0.541443 0.621577 0.039113 0.503055
0.469176 0.549619 0.248571 0.448440 0.436175 0.839268 0.943763 0.168018 0.523154 0.682235 0.033510 0.395385
0.492766 0.487283 0.363355 0.497138 0.454677 0.940879 0.952108 0.090724 0.566230 0.621715 0.114974 0.425308
0.467226 0.550785 0.253514 0.392953 0.504642 0.911697 0.985977 0.086523 0.543458 0.634851 0.005445 0.433580
0.484036 0.497889 0.330238 0.483167 0.383249 0.968684 0.967400 0.131797 0.565329 0.663948 0.047163 0.516590
0.584711 0.508075 0.269645 0.500541 0.450714 0.887535 1.055989 0.086875 0.572787 0.713173 0.057219 0.472813
0.414023 0.547557 0.279151 0.430233 0.307274 0.946256 0.904854 -0.048054 0.490418 0.669261 0.024232 0.455803
0.575197 0.496055 0.242418 0.514718 0.484923 0.803139 0.974043 0.082558 0.458576 0.693889 0.008984 0.465229
0.530570 0.529325 0.296406 0.438674 0.414809 0.863830 0.973425 0.038642 0.505760 0.679597 0.051498 0.529252
0.539071 0.605895 0.336753 0.397653 0.361445 0.950217 0.957050 0.137271 0.484057 0.608541 0.020967 0.423356
0.493643 0.537818 0.268946 0.422340 0.359718 0.888086 0.933734 0.028329 0.604263 0.560127 0.195957 0.505088
0.525147 0.503969 0.234712 0.553193 0.410958 0.797238 0.910982 0.118542 0.595350 0.658249 -0.035977 0.570757
0.521325 0.579681 0.255729 0.380279 0.378917 0.862314 1.059296 0.107146 0.621788 0.620213 0.133132 0.494332
0.506405 0.605500 0.341690 0.355214 0.378701 0.915934 1.047937 0.171060 0.583387 0.684413 0.003966 0.452308
0.516420 0.527480 0.242314 0.480451 0.477233 0.929382 0.984063 0.163775 0.647986 0.667265 0.120684 0.497398
0.485818 0.476991 0.188996 0.455976 0.311265 0.822440 1.012209 0.215982 0.426084 0.582683 0.031496 0.409645
0.520853 0.547909 0.227138 0.538409 0.444590 0.848445 1.017068 0.121921 0.563420 0.684772 0.019434 0.434022
0.488271 0.594893 0.258725 0.432102 0.368353 0.863155 1.038676 0.032136 0.500000 0.586536 -0.015001 0.422085
0.485576 0.540356 0.265078 0.517688 0.389601 0.839013 1.021327 0.047335 0.508019 0.638433 0.010914 0.411844
0.507657 0.555362 0.237938 0.444691 0.346027 0.827115 0.938776 0.128451 0.589844 0.537916 0.096851 0.461001
0.535256 0.557923 0.297838 0.448625 0.525847 0.854984 1.000515 0.131475 0.562385 0.674160 0.049035 0.512263
0.408145 0.542170 0.311411 0.567024 0.406124 0.822487 1.019377 0.145611 0.554469 0.687751 0.051121 0.409627
0.504550 0.554220 0.237433 0.488067 0.339800 0.773573 0.937136 0.139008 0.638957 0.651972 0.088612 0.462265
0.477449 0.626416 0.282159 0.460187 0.391759 0.844395 0.983234 0.150170 0.596754 0.627942 -0.055842 0.468453
0.504970 0.573289 0.340909 0.537946 0.302104 0.859137 1.030844 0.134627 0.451152 0.661934 0.080648 0.535505
0.441583 0.526580 0.259544 0.450020 0.420693 0.828210 1.071542 0.165124 0.559918 0.648366 -0.041256 0.484813
0.454904 0.436880 0.239306 0.470267 0.457631 0.810507 0.982956 0.122798 0.575378 0.640288 0.065674 0.543726
0.452839 0.593008 0.283441 0.458916 0.429543 0.808076 1.006834 0.107304 0.468666 0.576671 0.049860 0.536298
0.473679 0.617822 0.336928 0.400436 0.359265 0.916671 1.012573 0.080974 0.459804 0.628508 0.034877 0.416269
0.518547 0.527667 0.280688 0.476711 0.410454 0.892920 0.958931 0.095390 0.536034 0.598669 0.046672 0.487852
0.410550 0.635282 0.333790 0.433837 0.436450 0.798544 0.986778 0.060313 0.556685 0.581350 0.109929 0.398336
0.572661 0.568343 0.247059 0.466586 0.450782 0.832750 0.983627 0.154273 0.542378 0.654111 -0.032174 0.494482
0.573753 0.537726 0.323975 0.496170 0.404659 0.917996 0.977890 0.044981 0.501765 0.589255 0.059140 0.494561
0.497202 0.538398 0.289522 0.414523 0.411189 0.797731 1.051642 0.117105 0.490885 0.532869 0.104822 0.503121
0.389144 0.554629 0.337257 0.398459 0.385801 0.833672 1.035731 0.056362 0.420134 0.528322 -0.016529 0.514839
0.502556 0.592814 0.292641 0.425705 0.362746 0.850115 1.063395 0.065536 0.569201 0.573348 0.055758 0.449067
0.501760 0.502447 0.287027 0.464059 0.350862 0.843347 1.030937 0.091821 0.557678 0.639203 -0.021747 0.436975
0.497617 0.610240 0.333878 0.432687 0.467668 0.816433 1.039353 0.031563 0.562349 0.621738 0.110938 0.484706
0.559340 0.541843 0.291205 0.406721 0.384059 0.839672 0.956087 0.084045 0.529994 0.700754 0.072377 0.505752
0.507657 0.478523 0.275748 0.481062 0.396884 0.864447 0.939950 0.024196 0.470500 0.686072 0.103960 0.453599
0.501935 0.518952 0.286922 0.429880 0.394386 0.879532 1.031577 0.148619 0.464836 0.655671 0.050188 0.457680
0.548902 0.470800 0.314874 0.363220 0.383305 0.853191 0.996687 0.165131 0.558031 0.605613 0.106041 0.429959
0.491655 0.457972 0.316081 0.525606 0.538053 0.884442 1.037197 0.143823 0.480613 0.689049 0.046494 0.518145
0.544953 0.567471 0.308105 0.487278 0.392439 0.837507 0.901916 0.011389 0.486002 0.601938 0.030058 0.446903
0.498378 0.532549 0.299714 0.489936 0.508678 0.875352 1.026588 0.125284 0.540056 0.586453 0.060437 0.476761
0.627310 0.559060 0.272539 0.496716 0.326087 0.865605 0.960932 0.057648 0.509794 0.582954 -0.024388 0.490807
0.567570 0.601043 0.301002 0.453753 0.405175 0.803961 0.981401 0.086655 0.548636 0.625569 -0.086771 0.508599
0.415086 0.534604 0.182826 0.490293 0.430330 0.900274 1.025085 0.060447 0.563795 0.576787 0.024807 0.535449
0.500244 0.553659 0.273108 0.371709 0.342882 0.999910 0.922914 0.073368 0.630255 0.694152 0.049459 0.405492
0.464020 0.554442 0.296705 0.495362 0.486179 0.938161 1.024562 0.119599 0.570306 0.648883 0.054704 0.523073
0.405847 0.509197 0.277297 0.465351 0.470453 0.890890 0.957918 0.152408 0.586852 0.746075 -0.007029 0.435218
0.482765 0.524982 0.358135 0.413595 0.443540 0.834909 0.973659 0.049416 0.491581 0.598715 0.082311 0.444592
0.421058 0.558883 0.291673 0.429108 0.391831 0.839429 0.913691 0.039752 0.461301 0.652866 0.100776 0.514036
0.552143 0.531248 0.342387 0.465627 0.466841 0.868585 1.027161 0.120721 0.510989 0.584106 0.090252 0.474957
0.442330 0.641264 0.204815 0.418924 0.462323 0.840898 1.088455 0.082904 0.496530 0.607712 0.106205 0.476963
0.400385 0.550018 0.236277 0.455749 0.257374 0.838778 1.007097 0.054187 0.584101 0.628158 0.126574 0.411018
0.516970 0.567838 0.256074 0.441276 0.474329 0.831425 0.979141 0.006029 0.611996 0.597594 0.021182 0.444742
0.609128 0.505227 0.350454 0.418262 0.438960 0.885263 0.913037 0.060838 0.503554 0.709479 0.048154 0.518723
0.495345 0.516255 0.184191 0.520753 0.423417 0.907103 1.028514 0.103187 0.489149 0.654531 0.006423 0.493578
0.532016 0.591773 0.270117 0.438038 0.416009 0.883848 1.064956 0.117633 0.433381 0.699673 0.043889 0.452644
0.522992 0.472751 0.333248 0.368780 0.429322 0.819883 1.050772 0.061383 0.478501 0.634117 -0.025139 0.421399
0.503605 0.629201 0.302872 0.370713 0.418640 0.895520 1.030570 0.108052 0.641807 0.701776 0.004028 0.470750
0.517476 0.494291 0.249886 0.416240 0.356925 0.814280 1.015513 0.155201 0.463922 0.661222 -0.014169 0.495101
0.408128 0.554296 0.268902 0.445823 0.373370 0.840222 0.991581 0.132327 0.512633 0.636422 0.067531 0.556580
0.453440 0.563032 0.234364 0.462730 0.466572 0.789671 1.051345 0.010582 0.508116 0.637561 0.109757 0.461915
0.460569 0.605963 0.270405 0.475284 0.431434 0.762198 0.999652 0.082515 0.593006 0.603227 0.087430 0.449933
0.534076 0.587039 0.211363 0.411449 0.474553 0.911508 0.959975 0.072617 0.528588 0.622369 0.002191 0.518275
0.501885 0.591621 0.275895 0.427309 0.418534 0.824945 1.002589 0.062261 0.500038 0.590874 -0.019760 0.533853
0.467502 0.661200 0.250214 0.424669 0.439607 0.814150 1.007821 0.076900 0.459272 0.610798 0.098509 0.361299
0.469769 0.536768 0.297989 0.378444 0.426210 0.988152 1.061355 0.153161 0.503909 0.705444 0.052974 0.448530
0.458669 0.547335 0.311986 0.391580 0.400803 0.826941 0.992018 -0.043879 0.510129 0.622144 0.094706 0.461444
0.542428 0.534227 0.211885 0.460262 0.487396 0.914214 1.084647 0.078616 0.530150 0.726939 0.011285 0.454940
0.468944 0.591364 0.305820 0.439035 0.403120 0.780851 1.010049 0.046609 0.485947 0.667432 0.090471 0.548016
0.483742 0.630232 0.319994 0.485135 0.375735 0.929279 1.063602 0.080476 0.397761 0.644477 0.066247 0.484327
0.498542 0.550713 0.265665 0.434953 0.324930 0.877686 1.013515 0.161862 0.490315 0.655927 0.113779 0.418396
0.470189 0.517797 0.240282 0.382664 0.402911 0.868049 0.952660 0.062214 0.569439 0.665643 0.044136 0.513939
0.455761 0.555867 0.258055 0.411321 0.411978 0.899233 0.983545 0.061650 0.439114 0.633803 0.029211 0.532624
0.512271 0.462701 0.344320 0.462760 0.381211 0.925889 1.025275 0.044429 0.524892 0.581518 0.025956 0.375259
0.560225 0.516644 0.301686 0.348400 0.454672 0.797760 1.048589 0.114050 0.517314 0.659006 0.018228 0.537356
0.515554 0.553759 0.281744 0.414720 0.522233 0.805776 0.926149 0.119569 0.477409 0.702897 -0.015776 0.489702
0.485137 0.598669 0.311497 0.477393 0.346262 0.834200 0.918866 0.070217 0.562524 0.570269 0.001468 0.464270
0.481042 0.608079 0.234014 0.400105 0.463354 0.937695 1.060245 0.146829 0.583463 0.649539 0.094172 0.518965
0.580720 0.639735 0.286205 0.455009 0.468255 0.827551 1.028873 0.072438 0.566185 0.563615 0.073970 0.493404
0.461198 0.457692 0.291770 0.377136 0.389927 0.914170 0.987476 0.094337 0.578976 0.599856 -0.008966 0.413562
0.391818 0.528682 0.311588 0.479767 0.412991 0.924295 0.985967 0.075658 0.426894 0.658634 0.000697 0.493458
0.589193 0.440936 0.291332 0.402768 0.377514 0.864457 0.986584 0.024824 0.560427 0.696717 0.024061 0.450538
0.490619 0.453242 0.293229 0.443554 0.435088 0.874332 0.972595 0.068991 0.559694 0.553189 -0.001056 0.464174
0.504739 0.611778 0.346269 0.507560 0.398814 0.907458 0.850906 -0.048846 0.573514 0.561080 0.004080 0.470581
0.497216 0.595834 0.325764 0.479150 0.546182 0.927803 0.986440 0.079432 0.479190 0.674638 -0.002520 0.443614
0.433558 0.528660 0.275384 0.449544 0.503822 0.852322 0.976131 0.170688 0.476049 0.586128 0.030444 0.485975
0.492747 0.511481 0.277126 0.408904 0.462751 0.858628 0.870672 0.119041 0.563042 0.625572 0.041729 0.510387
0.504954 0.565891 0.284611 0.490905 0.392811 0.878730 1.004056 0.168161 0.587414 0.621848 0.043661 0.631903
0.451285 0.599046 0.329626 0.470265 0.449545 0.841495 1.071264 0.088000 0.629703 0.636155 0.047118 0.423315
0.469664 0.522510 0.262913 0.472200 0.368468 0.800359 1.036549 0.141974 0.460091 0.577499 -0.005691 0.501804
0.374815 0.470773 0.239040 0.420679 0.492552 0.877857 0.956835 0.108501 0.599750 0.555995 0.025045 0.522806
0.524787 0.509419 0.377535 0.492714 0.393037 0.910293 0.958947 0.136027 0.501946 0.631498 0.081963 0.468618
0.502645 0.535949 0.215310 0.387224 0.403305 0.802816 1.013377 0.100720 0.570853 0.732177 0.035148 0.480543
0.547109 0.550228 0.265878 0.474351 0.426110 0.861420 1.026030 0.087790 0.407591 0.588375 0.097353 0.403027
0.443324 0.512125 0.225432 0.407183 0.478829 0.867646 1.065175 0.106125 0.521716 0.635609 0.091950 0.457171
0.422404 0.510022 0.290028 0.392465 0.407691 0.790450 0.971224 0.123156 0.600661 0.696306 0.091111 0.464877
0.551120 0.576053 0.188897 0.414592 0.367646 0.838121 0.974563 0.065334 0.571349 0.667967 0.035907 0.567041
0.497470 0.566034 0.349076 0.469112 0.442273 0.804324 1.055550 0.108558 0.482703 0.656752 0.080527 0.381100
0.545352 0.554381 0.238465 0.507374 0.379735 0.813220 0.972440 0.064920 0.498240 0.577204 0.011829 0.444821
0.456930 0.705084 0.276682 0.376430 0.362280 0.854866 0.971397 0.158134 0.533703 0.628606 0.073847 0.394411
0.510259 0.547246 0.240147 0.420690 0.412282 0.897650 0.957962 0.174306 0.482025 0.484021 0.060370 0.472174
0.522356 0.617429 0.319178 0.463014 0.337514 0.880038 0.970461 0.113332 0.517226 0.607643 0.054119 0.427540
0.474924 0.519595 0.246684 0.509672 0.424810 0.799660 0.993993 0.164197 0.456896 0.632065 0.000104 0.490297
0.480414 0.571927 0.312177 0.461490 0.340309 0.778296 0.945595 0.095577 0.470005 0.716339 0.012078 0.534549
0.507360 0.554824 0.309646 0.536820 0.446186 0.892525 0.991200 0.077396 0.571193 0.553924 -0.024358 0.443946
0.451456 0.602539 0.225255 0.363116 0.365181 0.895375 0.967460 0.103335 0.442714 0.594090 0.058431 0.526234
0.520743 0.523389 0.302518 0.420940 0.382733 0.868231 1.021886 0.147942 0.521993 0.651440 -0.045312 0.525930
0.478741 0.576194 0.268267 0.342641 0.366578 0.824995 0.947536 0.025818 0.459773 0.647977 0.023140 0.473327
0.402655 0.474872 0.309644 0.415631 0.510586 0.851457 1.020594 0.084137 0.568671 0.678587 0.063966 0.506358
0.489979 0.454803 0.272560 0.447085 0.420201 0.756295 0.925835 0.067451 0.524229 0.631004 0.038383 0.416108
0.512290 0.499806 0.271088 0.443201 0.461695 0.821371 1.010731 0.063256 0.524191 0.553374 0.023367 0.476943
0.461950 0.569758 0.214940 0.460147 0.364489 0.854347 1.005004 0.162329 0.514784 0.679873 -0.005893 0.449735
0.559638 0.606356 0.244623 0.482406 0.441174 0.885911 1.058461 0.110900 0.570117 0.650498 0.106420 0.480608
0.550741 0.588934 0.299271 0.443713 0.370575 0.793795 0.977937 -0.018039 0.517326 0.654676 0.059671 0.406942
0.510780 0.514151 0.310289 0.347068 0.430552 0.852304 0.950893 0.090094 0.507580 0.637099 -0.012516 0.486605
0.450060 0.571917 0.235608 0.371548 0.402050 0.886207 0.944992 0.040910 0.584809 0.670297 -0.029104 0.481114
0.477814 0.637964 0.220395 0.447418 0.349756 0.890281 0.988481 0.120028 0.505627 0.621823 0.031842 0.561069
0.413276 0.561106 0.276607 0.403213 0.343392 0.832343 0.968768 0.112464 0.473565 0.652128 0.034891 0.520006
0.432742 0.617943 0.298959 0.418072 0.426918 0.906504 1.001513 0.199090 0.601468 0.671098 0.050286 0.474857
0.382899 0.507367 0.221725 0.505101 0.465520 0.910317 1.076724 0.059127 0.524987 0.628872 0.145717 0.440876
0.471159 0.539016 0.296358 0.412951 0.435789 0.914283 1.011185 0.101433 0.590614 0.600715 0.074957 0.405347
0.548620 0.601642 0.268974 0.446930 0.376519 0.881479 0.938730 0.004178 0.559307 0.643143 -0.006862 0.486736
0.573178 0.550872 0.248486 0.400598 0.365923 0.886431 1.017115 0.175083 0.566960 0.698695 0.046879 0.418867
0.495031 0.564314 0.318231 0.361437 0.376077 0.868446 1.003501 0.096596 0.485469 0.602608 0.001333 0.504568
0.461284 0.521815 0.234138 0.348467 0.414401 0.837383 1.030697 0.103728 0.429392 0.640418 -0.005484 0.436576
0.577896 0.443705 0.277211 0.431684 0.420118 0.813477 1.027378 0.085281 0.529976 0.606432 0.042193 0.452106
0.478808 0.506963 0.286544 0.529796 0.347715 0.821399 0.988099 0.092992 0.531434 0.653512 0.056151 0.481656
0.458565 0.570402 0.264920 0.411124 0.332337 0.817501 0.986549 0.121678 0.541733 0.635728 0.066487 0.384833
0.493462 0.492511 0.315093 0.444947 0.387323 0.947793 1.027808 0.144134 0.443916 0.642296 -0.022060 0.396771
0.408724 0.495240 0.351446 0.493749 0.508665 0.797079 0.885468 0.088685 0.500882 0.674494 0.099815 0.591224
0.483491 0.515006 0.369277 0.411431 0.398543 0.813999 1.030108 0.093693 0.562872 0.590139 0.078272 0.418236
0.416320 0.543459 0.237113 0.409034 0.302587 0.904726 1.076413 0.108924 0.464001 0.585048 0.038505 0.435682
0.483856 0.557291 0.341840 0.346600 0.469740 0.864128 1.014669 0.097153 0.495359 0.599717 0.008459 0.555584
0.497262 0.447962 0.372976 0.344057 0.435986 0.864058 1.006151 0.052492 0.483852 0.689565 0.024396 0.441019
0.596464 0.574351 0.234651 0.531336 0.462352 0.719909 0.993751 0.156825 0.483122 0.687300 0.022916 0.473557
0.441842 0.595533 0.291088 0.474970 0.389435 0.888303 0.968285 0.068476 0.510723 0.631541 0.046098 0.490893
0.560544 0.488046 0.290754 0.510854 0.392647 0.962771 0.994441 0.043165 0.440365 0.638899 0.087199 0.460987
0.527672 0.558797 0.245363 0.457493 0.450405 0.774357 1.034914 0.056908 0.620578 0.591481 0.108994 0.477075
0.527449 0.511376 0.378645 0.420698 0.431102 0.886684 1.110403 0.114772 0.527182 0.687043 0.067716 0.533049
0.430281 0.536669 0.258156 0.447993 0.509246 0.869023 0.999205 0.133331 0.528456 0.678929 0.094597 0.495421
0.557328 0.521850 0.153949 0.494352 0.474421 0.939195 0.952799 0.018216 0.625502 0.551843 0.061717 0.464298
0.468377 0.476910 0.283918 0.414900 0.452794 0.922972 1.073234 0.004846 0.545089 0.703872 0.049580 0.470845
0.526323 0.634961 0.214402 0.371285 0.437496 0.900375 0.917505 0.112639 0.537898 0.687721 0.075967 0.485847
0.446129 0.514938 0.226476 0.491453 0.513136 0.865243 0.995717 0.057553 0.550375 0.647975 -0.039082 0.485425
0.458129 0.569526 0.269715 0.448391 0.387107 0.814404 1.003990 0.118958 0.531288 0.598874 0.030829 0.454281
0.521460 0.637967 0.230762 0.447225 0.466040 0.857526 1.019155 0.075838 0.612019 0.630365 0.050658 0.441534
0.460784 0.532685 0.214229 0.311423 0.386067 0.853778 0.989729 0.100759 0.522212 0.573773 0.084339 0.528122
0.342128 0.572971 0.301261 0.427555 0.331903 0.866332 1.047187 0.094396 0.575140 0.592185 0.093632 0.563917
0.511528 0.524497 0.242997 0.453441 0.362714 0.856380 0.906295 0.049279 0.500857 0.640311 -0.048113 0.488583
0.561278 0.489945 0.249450 0.509546 0.467739 0.844024 1.067619 0.107737 0.492584 0.543517 0.020168 0.502221
0.437507 0.570770 0.261791 0.436793 0.472541 0.851385 0.978223 0.084576 0.554310 0.694299 0.113375 0.442004
0.518891 0.579424 0.260291 0.456337 0.326377 0.834213 0.991868 0.065011 0.527912 0.680245 0.142977 0.386788
0.463491 0.536569 0.326677 0.468002 0.422193 0.783917 1.058581 0.097980 0.659494 0.558206 -0.003999 0.492080
0.463606 0.525972 0.257885 0.489367 0.370215 0.753576 0.980981 -0.016173 0.498239 0.686281 -0.004693 0.464519
0.526200 0.553427 0.303681 0.440156 0.351210 0.841870 1.087302 0.185982 0.432800 0.722287 0.043383 0.471126
0.454982 0.502348 0.295084 0.371846 0.463016 0.810361 1.002346 0.049871 0.506102 0.599686 0.036136 0.493510
0.522567 0.467237 0.228835 0.463563 0.439417 0.850004 0.887667 0.198629 0.569459 0.618101 0.134225 0.446550
0.363841 0.552960 0.350935 0.524662 0.390869 0.809468 0.935574 0.144749 0.520475 0.600076 0.000309 0.438743
0.433682 0.471094 0.273277 0.489290 0.365952 0.784623 0.964004 0.094980 0.516957 0.634564 0.137869 0.485509
0.611302 0.634608 0.262847 0.439309 0.388134 0.843029 0.979697 0.099109 0.610984 0.746909 0.067569 0.448852
0.481404 0.574995 0.269670 0.526804 0.288830 0.844313 1.044495 0.050231 0.657092 0.574389 0.133240 0.440163
0.501985 0.485718 0.329087 0.470325 0.372167 0.860417 0.926568 0.099868 0.604117 0.561049 -0.036133 0.496661
0.466728 0.465509 0.221296 0.456539 0.412955 0.764638 0.973537 0.097126 0.575638 0.644503 0.090057 0.524125
0.539667 0.491034 0.280542 0.524380 0.411652 0.899286 0.954277 0.032044 0.552391 0.660687 0.082611 0.410831
0.467353 0.552115 0.350785 0.422155 0.387245 0.923103 1.028911 0.016997 0.560731 0.793996 0.107057 0.533099
0.578182 0.536991 0.336561 0.489395 0.316891 0.906390 0.964102 0.193727 0.522611 0.712267 0.010340 0.404145
0.508737 0.504699 0.366297 0.453418 0.396268 0.935277 1.046978 0.115866 0.477568 0.624643 0.045477 0.543461
0.505282 0.605654 0.270699 0.346658 0.462773 0.820091 0.954131 0.130340 0.502838 0.648189 0.082134 0.494221
0.491747 0.562497 0.271008 0.460850 0.373151 1.003968 1.019036 0.151890 0.555005 0.723505 -0.014236 0.503373
0.500927 0.518415 0.302593 0.411618 0.366808 0.879152 1.039701 0.111739 0.547855 0.740689 -0.015269 0.423726
0.474063 0.548127 0.282789 0.439562 0.469313 0.835835 0.968853 0.044599 0.573605 0.641730 -0.065038 0.505923
0.545416 0.728228 0.246475 0.426591 0.427429 0.816321 1.008759 0.188330 0.521968 0.620157 0.033082 0.436932
0.529675 0.484139 0.247645 0.494576 0.375520 0.823169 0.973707 0.052759 0.450093 0.634513 0.045602 0.527977
0.508262 0.533725 0.267930 0.456883 0.447064 0.821554 1.094268 0.111502 0.571932 0.555868 0.023503 0.490522
0.445328 0.453724 0.280627 0.515129 0.457029 0.785880 0.959981 0.153406 0.486034 0.616994 -0.002304 0.463090
0.551416 0.500995 0.287162 0.417345 0.365747 0.920714 1.097281 0.005829 0.492044 0.610822 0.065381 0.483165
0.531845 0.618821 0.280243 0.421723 0.398080 0.848573 1.022351 0.124958 0.554116 0.638482 -0.037783 0.419557
0.489034 0.637172 0.203661 0.393029 0.376702 0.864171 1.048686 0.093117 0.476080 0.633511 -0.029507 0.436513
0.442268 0.544376 0.267276 0.382321 0.400648 0.806923 0.997334 0.090269 0.542820 0.621889 0.033283 0.379453
0.579284 0.535212 0.312882 0.408910 0.400803 0.786488 0.938115 0.013491 0.569053 0.658218 0.015002 0.349341
0.478657 0.440447 0.272707 0.433078 0.522217 0.908714 0.943761 0.130042 0.566334 0.643169 0.026481 0.464743
0.446290 0.510238 0.315140 0.391552 0.400634 0.830867 0.986785 0.128555 0.567404 0.485420 -0.042721 0.426641
0.554421 0.561996 0.324616 0.421194 0.450607 0.833573 1.006012 0.146313 0.590559 0.670012 0.029544 0.369351
0.369215 0.612389 0.236225 0.478532 0.485832 0.929102 1.076281 0.184667 0.572926 0.622004 -0.005387 0.466484
0.544456 0.634511 0.354196 0.464189 0.382069 0.939530 0.968636 0.132393 0.501157 0.571701 0.003155 0.432599
0.470551 0.549523 0.258559 0.489959 0.405771 0.780281 0.945479 0.049928 0.582709 0.625879 -0.013614 0.509079
0.527087 0.567879 0.283776 0.389406 0.407769 0.883905 1.114981 0.077490 0.469454 0.614089 -0.032158 0.489918
0.539225 0.539385 0.327732 0.448403 0.493257 0.830834 0.983888 0.107359 0.514724 0.552146 0.091576 0.465122
0.503315 0.507492 0.333315 0.555203 0.340893 0.768293 1.035182 0.067880 0.494489 0.554552 0.049027 0.409726
0.519135 0.501929 0.310138 0.353140 0.486001 0.891792 0.950631 0.129476 0.560520 0.612598 -0.018350 0.510316
0.513843 0.539080 0.264897 0.391667 0.443410 0.890364 0.941945 0.122555 0.511385 0.597014 -0.063987 0.405157
0.540220 0.557852 0.327860 0.268431 0.469037 0.842257 0.965967 0.018466 0.552055 0.650468 0.015904 0.478866
0.477473 0.531577 0.270039 0.439344 0.504118 0.775093 1.004328 0.044055 0.527309 0.598445 0.148692 0.457820
0.507217 0.505959 0.310998 0.470406 0.463502 0.860309 1.034937 0.149028 0.526830 0.752631 0.045274 0.478567
0.666031 0.530699 0.285109 0.398845 0.401282 0.804479 0.954339 0.120182 0.551673 0.610980 0.090761 0.497862
0.455604 0.542557 0.194931 0.473756 0.420929 0.824997 1.083956 0.054461 0.547503 0.575749 0.081471 0.409449
0.551493 0.595089 0.340055 0.318298 0.398211 0.879169 0.984027 0.117198 0.509760 0.698873 0.093047 0.488237
0.462024 0.482327 0.162639 0.441115 0.458502 0.849466 0.963193 0.092943 0.473540 0.589647 0.002519 0.459120
0.447775 0.560569 0.330561 0.439603 0.456106 0.929992 0.982134 -0.009645 0.565861 0.712638 0.028721 0.585073
0.420749 0.554683 0.344436 0.436802 0.428510 0.874535 0.912705 0.130690 0.529170 0.658476 0.051970 0.492326
0.450426 0.510835 0.260213 0.452976 0.536492 0.945157 0.908930 0.167231 0.478441 0.675019 0.043030 0.494363
0.446927 0.512692 0.232079 0.407919 0.397284 0.831312 1.028711 0.136448 0.513112 0.652892 0.058410 0.485750
0.487042 0.548703 0.349608 0.451562 0.407935 0.846955 0.992312 0.181148 0.487105 0.684701 0.068709 0.391472
0.513862 0.562476 0.161835 0.469898 0.518005 0.868365 0.966499 0.024729 0.629004 0.634227 0.103653 0.439019
0.446627 0.586934 0.289158 0.379380 0.448179 0.890860 0.964452 0.013447 0.529615 0.601946 0.037353 0.510023
0.504601 0.464257 0.243971 0.336305 0.367435 0.884093 1.019503 0.160559 0.433667 0.671997 0.136024 0.463740
0.481497 0.513513 0.281947 0.440034 0.465545 0.797507 1.001531 0.030794 0.582877 0.641797 0.092868 0.491296
0.516458 0.559991 0.204616 0.466199 0.445401 0.849972 1.018987 0.164097 0.491026 0.710788 0.084160 0.523617
0.462402 0.516353 0.367398 0.493242 0.448052 0.827684 1.006442 0.040310 0.443097 0.591821 -0.019830 0.550170
0.522055 0.554789 0.318049 0.396841 0.415368 0.992025 0.967401 0.205372 0.533367 0.517661 0.067880 0.463464
0.434567 0.519090 0.254455 0.473107 0.376054 0.823443 0.982882 0.117111 0.568872 0.618246 -0.018044 0.495575
0.577481 0.604364 0.170462 0.379250 0.439275 0.921269 1.004732 0.171736 0.581805 0.632931 0.056469 0.479376
0.507326 0.480071 0.311212 0.374533 0.456289 0.894573 0.987517 0.145170 0.455749 0.631617 0.080468 0.515058
0.417840 0.476100 0.275852 0.336487 0.410022 0.861629 0.991064 0.095031 0.523851 0.575705 -0.022037 0.522148
0.668975 0.577635 0.346913 0.491450 0.402959 0.928044 1.000494 0.100382 0.569224 0.584145 0.097977 0.493912
0.546840 0.558394 0.265977 0.499375 0.373493 0.896598 0.959862 0.135130 0.517726 0.733985 0.163872 0.508163
0.592136 0.507223 0.368311 0.518529 0.427454 0.866695 1.045971 0.067548 0.631860 0.594908 0.047325 0.505479
0.553898 0.486370 0.247966 0.420935 0.440534 0.839955 0.950687 0.040315 0.540569 0.575340 0.060728 0.511685
0.415367 0.531825 0.318793 0.386913 0.501853 0.869261 1.004401 0.034705 0.486186 0.635054 0.004296 0.546912
0.558589 0.419835 0.290927 0.460666 0.424243 0.746750 0.996981 0.051417 0.581584 0.632673 0.054695 0.599430
0.514693 0.561674 0.243868 0.466108 0.378911 0.843937 0.991240 0.148087 0.481975 0.662968 0.068356 0.618439
0.490780 0.617478 0.379562 0.416229 0.345876 0.889608 1.031335 0.117251 0.573482 0.628147 0.072421 0.484571
0.451845 0.609480 0.244030 0.430044 0.425875 0.858922 1.009507 0.021452 0.446427 0.656896 -0.001331 0.420694
0.534458 0.567596 0.253813 0.485286 0.564501 0.877697 0.962625 0.127810 0.498900 0.548425 0.049773 0.424904
0.484709 0.520204 0.308910 0.495424 0.409411 0.881137 1.048630 0.192617 0.507381 0.620628 0.108932 0.508445
0.442349 0.470834 0.315747 0.456825 0.447827 0.816374 1.034982 0.041159 0.625200 0.611058 0.055505 0.434342
0.519124 0.574086 0.239783 0.455632 0.414776 0.834910 1.028210 0.100074 0.540813 0.695407 0.016074 0.495824
0.423919 0.474466 0.279120 0.400347 0.528069 0.810453 1.103657 0.005665 0.547168 0.673937 0.094809 0.475289
0.513937 0.514941 0.349360 0.480321 0.386466 0.901264 1.083293 0.140016 0.593968 0.632432 0.091161 0.496036
0.562757 0.510566 0.209470 0.466973 0.451191 0.872983 0.970861 0.131219 0.569844 0.579213 0.024309 0.392850
0.328340 0.617753 0.262718 0.452532 0.494804 0.799328 1.070671 0.036265 0.541108 0.628572 0.007535 0.475574
0.496146 0.624716 0.328752 0.465440 0.431029 0.896781 0.952502 0.102243 0.483040 0.586525 0.004881 0.585749
0.464992 0.577064 0.311422 0.356765 0.423454 0.803343 0.833553 0.107977 0.491758 0.702741 -0.081814 0.459104
0.480646 0.584795 0.247002 0.507383 0.365756 0.879259 1.064648 0.132337 0.557361 0.675968 0.034801 0.483301
0.451652 0.501491 0.259616 0.419161 0.365478 0.836286 0.972798 0.153747 0.580447 0.733634 0.003346 0.394072
0.420373 0.489960 0.388147 0.497456 0.361392 0.894760 1.030603 0.088755 0.546474 0.657228 0.088585 0.423269
0.524747 0.508791 0.320178 0.394307 0.357377 0.886025 0.999355 0.051506 0.462300 0.624608 0.017538 0.476864
0.506353 0.571868 0.263075 0.436559 0.404593 0.826621 0.953327 -0.047876 0.593568 0.559588 -0.004755 0.441003
0.571260 0.620855 0.292722 0.386516 0.425635 0.845438 1.054324 0.067497 0.460299 0.693589 0.012954 0.454484
0.541254 0.515300 0.268014 0.366332 0.440969 0.822037 1.065704 0.134887 0.541122 0.679060 0.000841 0.469087
0.516138 0.555764 0.265298 0.390334 0.392341 0.876771 0.981653 0.054568 0.508190 0.700181 -0.004489 0.505589
0.431054 0.531802 0.316371 0.438705 0.430317 0.811252 0.979358 0.018617 0.512529 0.723775 0.072424 0.557904
0.508285 0.584210 0.275386 0.377807 0.442019 0.783741 1.040973 0.150366 0.530845 0.638753 0.084828 0.494728
0.528387 0.629118 0.287679 0.384113 0.343336 0.868678 0.944340 0.060408 0.587766 0.657485 -0.023011 0.483903
0.498182 0.592269 0.321762 0.383697 0.415144 0.801526 0.956678 0.110877 0.452167 0.717826 -0.040966 0.500918
0.590963 0.499982 0.226831 0.448109 0.442112 0.881839 1.049857 0.100415 0.535596 0.675073 0.019954 0.527793
0.508414 0.548648 0.310111 0.388696 0.520627 0.909278 1.046199 0.036453 0.469998 0.585334 0.049606 0.353099
0.509883 0.574478 0.230803 0.460996 0.449188 0.873373 0.960093 0.087947 0.531077 0.686757 0.087426 0.420123
0.502239 0.557791 0.309252 0.493718 0.353789 0.794934 0.913500 0.147027 0.535160 0.602618 0.015221 0.516448
0.449670 0.593862 0.311411 0.423389 0.451657 0.977404 0.954836 0.121604 0.534407 0.627465 0.071985 0.591361
0.413717 0.494483 0.314215 0.380608 0.432985 0.899510 1.018939 0.082513 0.493063 0.620018 0.015245 0.537009
0.429463 0.538366 0.267618 0.385848 0.515469 0.875513 1.111946 0.146174 0.590419 0.713488 0.061830 0.530352
0.461539 0.500561 0.363033 0.441707 0.390505 0.772379 1.064776 0.055324 0.476434 0.684143 -0.007353 0.488834
0.431089 0.612983 0.315341 0.468101 0.398651 0.910302 0.979752 0.107187 0.580562 0.689530 0.065663 0.594867
0.428513 0.660154 0.185850 0.455761 0.422360 0.783119 1.030337 0.128976 0.581852 0.617208 0.127402 0.445530
0.404093 0.616608 0.255411 0.476480 0.326232 0.850156 1.026567 0.152039 0.523531 0.625729 0.093487 0.448589
0.460904 0.718564 0.313204 0.393802 0.357365 0.845094 0.978135 0.149561 0.523761 0.635895 -0.000140 0.514015
0.392026 0.544038 0.282115 0.466074 0.508144 0.813161 0.989534 0.170881 0.499545 0.598939 0.026141 0.430270
0.430006 0.531148 0.241948 0.459050 0.415076 0.862419 1.040143 0.056001 0.509951 0.589563 0.042794 0.484121
0.513104 0.594765 0.334680 0.468418 0.398384 0.841094 1.016556 0.146371 0.622848 0.623111 0.070572 0.459891
0.480372 0.468228 0.353619 0.401036 0.391631 0.882774 0.972376 0.069760 0.507674 0.666351 -0.001576 0.533362
0.429675 0.519593 0.302587 0.437332 0.407929 0.900732 0.987617 0.050408 0.522858 0.632458 0.045913 0.553141
0.501972 0.474452 0.346201 0.470109 0.315886 0.870160 0.975067 0.088853 0.543809 0.580264 0.041640 0.592514
0.437418 0.543534 0.216201 0.430153 0.373374 0.762453 0.975998 0.034788 0.551932 0.685518 0.074140 0.518069
0.441969 0.567281 0.288464 0.393880 0.398912 0.831422 1.008072 0.027383 0.517278 0.667320 0.031928 0.513077
0.476732 0.587298 0.285767 0.359964 0.404527 0.867643 0.999537 0.124684 0.561196 0.690230 0.049579 0.570366
0.539938 0.554036 0.270085 0.504195 0.472481 0.888989 1.003732 0.080663 0.536672 0.669758 0.021488 0.518314
0.493704 0.625429 0.259708 0.445683 0.391000 0.779298 0.982109 0.106736 0.472000 0.649928 -0.076336 0.523601
0.422926 0.484283 0.333984 0.482174 0.436633 0.816958 0.942651 0.055296 0.623612 0.656893 0.048278 0.460313
0.532741 0.557969 0.203045 0.414348 0.436634 0.851337 1.035412 0.060774 0.634194 0.597120 -0.007776 0.475423
0.572313 0.513469 0.391988 0.440105 0.385163 0.874225 0.968494 0.070059 0.523436 0.663216 0.150615 0.463867
0.451610 0.494982 0.265788 0.427509 0.507941 0.837066 1.067771 0.095233 0.407372 0.589464 0.007507 0.455939
0.534983 0.647367 0.258015 0.469788 0.455199 0.898718 1.027584 0.067670 0.454818 0.571009 0.050949 0.397120
0.527421 0.549257 0.216622 0.411277 0.410990 1.000367 1.039731 0.127834 0.491033 0.611268 0.095662 0.527275
0.512665 0.547991 0.265768 0.399201 0.294279 0.851290 1.048828 0.063487 0.603334 0.694966 0.011129 0.473392
0.477185 0.566669 0.321861 0.435904 0.405045 0.885937 1.066423 0.055885 0.608212 0.602859 0.168006 0.470098
0.564964 0.671662 0.229168 0.374434 0.386293 0.839743 1.030500 0.148855 0.446324 0.684344 0.061568 0.418049
0.561299 0.495651 0.251994 0.395517 0.424293 0.825326 1.040274 0.035209 0.431478 0.612080 -0.056826 0.413961
0.360106 0.612476 0.305717 0.525185 0.394603 0.771078 0.924487 0.112539 0.578612 0.622424 0.024789 0.513265
0.530421 0.476905 0.262144 0.474668 0.472624 0.831517 1.048611 0.076589 0.530249 0.698358 0.071197 0.549480
0.525720 0.569257 0.394869 0.445773 0.395331 0.875730 0.957398 0.138723 0.548703 0.687691 0.119990 0.470077
0.571948 0.455567 0.360649 0.455360 0.364678 0.790064 1.015431 0.109656 0.451750 0.641184 0.095883 0.423798
0.508649 0.516019 0.249559 0.405081 0.394894 0.856972 1.009692 0.111245 0.602230 0.663890 0.077572 0.444790
0.683617 0.279383 0.914056 0.881178 0.752705 0.570249 0.039229 0.091657 0.104041 0.821897 0.125958 0.657336
0.759283 0.242661 0.894709 0.862590 0.829735 0.527525 -0.003462 0.094142 0.048404 0.811394 0.067024 0.596257
0.804479 0.257399 1.011410 0.944633 0.741829 0.555508 0.026808 0.206811 0.028245 0.772840 0.127317 0.607622
0.811397 0.165930 0.898560 0.877213 0.728000 0.579987 0.061357 0.069769 -0.012180 0.860872 0.026486 0.465930
0.801939 0.218754 1.007556 0.841012 0.688770 0.536215 0.002639 0.112817 0.089829 0.858701 0.010727 0.581761
0.734226 0.218180 0.881462 0.889291 0.859687 0.579887 0.083951 0.060715 0.053442 0.796010 0.105420 0.410653
0.815201 0.183558 0.920959 0.940046 0.634766 0.555411 0.113212 0.133042 0.033125 0.812780 0.073255 0.574162
0.806686 0.233231 0.921900 0.873795 0.787433 0.590955 -0.005920 0.065444 0.079698 0.769780 0.095416 0.480901
0.767252 0.183864 0.915470 0.999317 0.790098 0.424573 -0.015391 0.160711 0.100356 0.727766 -0.002887 0.570507
0.745228 0.235079 1.040250 0.887686 0.742242 0.550922 0.050252 0.135959 -0.011402 0.812093 0.124855 0.619364
0.802761 0.252870 0.856408 0.861584 0.670660 0.501311 0.018779 0.051547 0.018180 0.717893 0.075124 0.601334
0.790436 0.251646 0.975507 0.932846 0.764733 0.512336 -0.032234 0.093529 0.069562 0.831346 0.046430 0.624821
0.659951 0.260087 0.990873 0.924454 0.750787 0.566072 0.048249 0.066555 0.003492 0.872366 0.109240 0.370165
0.792656 0.195631 0.942472 0.933370 0.754958 0.546552 0.070873 0.057225 -0.045309 0.779007 0.134688 0.645434
0.714280 0.311385 0.910255 0.945260 0.707313 0.517159 -0.008127 0.129451 0.036587 0.829324 0.031009 0.462366
0.749987 0.241412 0.927263 0.976343 0.791144 0.561273 0.050264 0.089881 0.078328 0.725719 0.133319 0.590766
0.756877 0.203921 0.972723 1.012228 0.816613 0.565660 0.035588 0.205743 0.083066 0.743746 -0.016939 0.535708
0.627357 0.219768 1.012307 0.917232 0.713668 0.635608 0.086594 0.097152 0.006085 0.730756 0.038676 0.510181
0.756524 0.359023 0.911850 0.895486 0.815196 0.677865 0.052882 0.065265 0.125700 0.793705 0.029002 0.508264
0.782523 0.271665 0.888490 0.913585 0.767820 0.652423 -0.008026 0.179831 0.084322 0.831200 0.097866 0.542755
0.741210 0.348445 0.981116 0.963486 0.763092 0.560258 -0.013247 0.049459 -0.030149 0.854942 0.132103 0.584992
0.807231 0.243383 0.980007 0.862402 0.856565 0.583464 0.060262 0.162987 0.029253 0.790961 0.067111 0.471059
0.769776 0.305905 1.016313 0.925547 0.754578 0.460931 -0.029066 0.149977 0.124257 0.732833 0.069523 0.484078
0.807239 0.202564 0.979918 0.861808 0.749998 0.549179 0.066415 0.134295 -0.012021 0.773055 0.106048 0.585387
0.827984 0.248668 0.986135 0.922359 0.721686 0.540952 0.001345 0.145086 0.047896 0.812153 0.081626 0.536937
0.784418 0.225405 1.034948 0.933231 0.776919 0.492093 0.047013 0.082110 -0.009821 0.773228 0.015523 0.509557
0.796217 0.180785 0.983649 0.889253 0.817071 0.577847 0.019959 0.175474 0.049403 0.705454 0.016988 0.523237
0.663428 0.222158 0.944875 0.910225 0.718126 0.619501 0.029615 0.059429 0.086122 0.764503 0.068915 0.554801
0.809349 0.256283 0.997659 0.907443 0.760659 0.574139 -0.024119 0.219974 0.106951 0.808585 0.109309 0.516325
0.788006 0.169013 1.011141 0.854715 0.847205 0.579208 0.060310 0.027683 -0.048473 0.795219 0.019008 0.556136
0.782946 0.232998 0.955555 0.941484 0.743838 0.552709 -0.072758 0.144204 0.053078 0.856009 0.018211 0.482853
0.786776 0.224388 1.012573 0.962094 0.786055 0.587967 0.000425 0.078196 0.022849 0.847856 -0.010189 0.566276
0.806838 0.268755 0.933699 0.943488 0.807482 0.581973 0.065000 0.096246 0.093098 0.852204 0.145298 0.643357
0.738332 0.245734 1.041866 0.816103 0.823698 0.581630 0.000891 0.065532 -0.005879 0.855622 0.066763 0.558396
0.764746 0.338780 0.934554 0.901374 0.689461 0.601708 -0.008373 0.069958 0.017965 0.782609 0.042027 0.594093
0.756875 0.192296 1.027986 0.962744 0.767464 0.585162 0.013101 0.080599 0.024961 0.746039 0.067974 0.557144
0.809710 0.187110 0.942211 0.837853 0.755988 0.518281 0.005759 0.202985 0.078269 0.841991 0.042275 0.504527
0.770576 0.280832 1.005289 0.951309 0.728520 0.563216 0.056656 0.118202 0.031524 0.779457 0.174864 0.513271
0.763126 0.187684 0.952626 0.934249 0.849389 0.528743 0.085572 -0.011698 -0.004580 0.786847 0.081279 0.581564
0.744321 0.317844 0.963910 0.878087 0.748555 0.564540 0.069098 0.113267 0.093199 0.814719 0.014649 0.564902
0.758802 0.248037 0.981046 0.931599 0.749843 0.581327 0.057706 0.201446 0.102097 0.813168 0.100061 0.554501
0.815451 0.185899 0.972297 0.880206 0.799405 0.529672 0.013890 0.094542 0.052956 0.832429 0.097546 0.540541
0.760522 0.227527 1.066983 0.847143 0.805994 0.520840 0.031182 0.112187 0.067998 0.876138 0.111556 0.448143
0.809148 0.271741 0.979749 0.943286 0.835844 0.498417 0.049836 0.166006 -0.068209 0.846750 -0.005859 0.520257
0.875442 0.175851 1.088591 0.875195 0.704232 0.599707 -0.015078 0.170487 0.064493 0.899080 -0.037340 0.503037
0.723783 0.253606 0.966378 0.969192 0.781564 0.623550 0.002253 0.145820 0.068072 0.841395 0.098838 0.537016
0.777206 0.253948 1.063289 0.950679 0.746227 0.582239 0.101977 0.136777 0.077989 0.837112 0.076763 0.446294
0.850490 0.184571 0.928641 0.922649 0.720492 0.489159 -0.010214 0.039687 -0.000110 0.809108 0.121242 0.568343
0.746548 0.303386 0.963606 0.901410 0.804060 0.489174 0.045535 0.150004 0.097482 0.808533 0.096474 0.444159
0.782475 0.265791 0.989761 0.976655 0.809068 0.563730 -0.019634 0.104441 0.030979 0.723592 0.053325 0.506551
0.819436 0.211747 1.005937 0.878700 0.810818 0.576913 0.156732 0.047793 0.044004 0.827258 0.048585 0.595071
0.827771 0.207542 0.912377 0.891530 0.769380 0.599790 0.047824 0.011885 0.063725 0.855877 0.007340 0.575306
0.789118 0.370487 1.004488 0.956010 0.770793 0.509655 0.011508 0.172737 0.057070 0.759781 0.104619 0.501062
0.788144 0.330835 0.983544 0.888492 0.716804 0.634694 0.011250 0.094173 0.003151 0.723744 0.061538 0.524051
0.673578 0.174651 1.050891 0.963283 0.738841 0.545456 0.065722 0.113400 0.064140 0.788069 0.093829 0.499434
0.734999 0.235517 0.955533 0.947800 0.730831 0.573046 0.027463 0.110823 -0.040383 0.869487 0.018075 0.596491
0.828754 0.221033 0.912947 0.825994 0.736560 0.484866 0.091368 0.165711 0.060570 0.836542 0.055927 0.555492
0.766369 0.218296 1.034682 0.906125 0.755029 0.565391 0.027709 0.120576 0.125515 0.807797 0.017049 0.451122
0.763576 0.079915 0.923749 0.935710 0.777003 0.530806 0.085424 0.118956 0.089930 0.700750 0.157389 0.579480
0.879976 0.109036 1.036038 0.902984 0.678475 0.582698 -0.024214 0.129203 0.017668 0.762023 0.101964 0.530253
0.838551 0.232465 1.014765 0.939750 0.753278 0.514234 0.010188 0.138009 0.093381 0.867276 0.080455 0.486224
0.776065 0.253854 1.019340 0.924196 0.735950 0.616589 0.054818 0.195556 0.022307 0.850420 0.050319 0.564195
0.769649 0.196511 0.900706 1.006700 0.736027 0.541649 -0.021327 0.095316 0.033760 0.768998 0.041151 0.581714
0.775174 0.292129 0.973251 0.909659 0.799127 0.483047 0.050341 0.143579 0.035263 0.920538 -0.026529 0.582240
0.762823 0.181225 0.903910 0.885515 0.814364 0.558746 0.010888 0.055330 0.027313 0.745756 0.165410 0.539960
0.776229 0.203490 0.941692 0.944485 0.763225 0.618045 -0.008604 0.114203 0.066998 0.840379 0.024527 0.600336
0.818380 0.161734 1.034057 0.951553 0.779444 0.586214 0.039255 0.091204 0.091354 0.886061 0.140336 0.539372
0.855927 0.243242 0.978417 0.922082 0.698516 0.638219 -0.004629 0.176774 -0.081386 0.854018 0.069652 0.551586
0.783876 0.207482 0.961029 0.936121 0.726773 0.630347 0.129623 0.080717 0.041118 0.812496 0.128500 0.557570
0.787058 0.215567 0.941049 0.901024 0.769592 0.556877 -0.043868 0.085394 -0.003001 0.763679 0.093681 0.642054
0.731997 0.184667 1.052575 0.923220 0.752490 0.643550 0.020278 0.077575 0.069810 0.808067 0.014792 0.448668
0.752707 0.172459 0.970120 0.880834 0.804287 0.569937 0.048470 0.046980 0.083095 0.887092 0.014812 0.556478
0.742246 0.206249 0.928382 0.857526 0.671742 0.605247 -0.019952 0.034011 0.015730 0.725249 0.011172 0.600741
0.803007 0.209280 0.940655 0.954248 0.721528 0.511981 0.064762 0.034850 -0.003818 0.954257 0.078902 0.541915
0.834819 0.325780 0.913809 0.961306 0.799400 0.588308 0.073762 0.094094 -0.010880 0.831399 0.005888 0.471601
0.827715 0.283888 0.995960 0.976281 0.763546 0.613355 0.044785 0.088313 0.110527 0.786541 0.022415 0.510156
0.896575 0.235881 0.931444 0.917092 0.612054 0.599444 0.063249 0.132039 0.144728 0.752343 0.145439 0.604240
0.700466 0.283087 0.794674 0.954803 0.801908 0.540060 -0.022641 0.218950 0.178250 0.855917 0.097808 0.587301
0.795538 0.312301 0.970389 0.939228 0.775666 0.540739 0.017523 0.146448 0.102579 0.851112 0.057996 0.559228
0.730520 0.256222 0.934069 0.985725 0.742005 0.552295 0.003436 0.141858 0.044200 0.848829 0.060767 0.478391
0.760588 0.183655 0.913096 0.929272 0.880848 0.578330 0.074349 0.145842 0.077083 0.955995 0.077013 0.536643
0.823130 0.266762 1.058715 0.992458 0.762208 0.442494 -0.038642 0.195194 0.121469 0.784796 0.043859 0.629345
0.784889 0.281860 0.926093 0.916519 0.726757 0.531928 -0.053426 0.102708 0.054602 0.818996 0.065156 0.441277
0.766943 0.258540 0.999531 0.902096 0.817960 0.537714 0.065941 0.072749 0.006797 0.796896 0.129147 0.595579
0.741388 0.203681 0.855234 0.946862 0.652209 0.504515 0.098629 0.079297 0.018958 0.951474 0.098357 0.539073
0.810900 0.220563 0.977900 0.798044 0.817520 0.675538 -0.032276 0.157947 0.004577 0.784027 0.053836 0.506365
0.796410 0.190750 0.962784 0.988163 0.731382 0.618021 0.017517 0.087302 0.077935 0.735759 0.087784 0.529776
0.758467 0.201111 0.979747 0.870083 0.763234 0.591043 0.099637 0.038570 0.074280 0.771148 0.012965 0.523017
0.778358 0.169228 0.947490 0.933762 0.699790 0.539748 0.006005 0.155519 -0.022218 0.838201 0.108822 0.619423
0.813369 0.133889 0.970839 0.838827 0.724512 0.533575 0.000289 0.164267 0.042940 0.756028 0.074047 0.512561
0.745625 0.275637 0.960532 0.922112 0.721514 0.539305 -0.063207 0.111450 0.028421 0.776523 0.120943 0.559155
0.740604 0.186804 1.008259 0.929998 0.726921 0.555988 0.094066 0.152492 0.047978 0.798725 0.118090 0.457880
0.701186 0.303486 0.995580 0.845957 0.722435 0.489677 0.025353 0.091208 0.013706 0.745920 0.048387 0.529174
0.701869 0.195830 0.955272 0.967579 0.759961 0.563933 0.025224 0.248173 0.013471 0.873865 0.101565 0.593587
0.783211 0.261774 0.950827 0.908450 0.762543 0.499882 0.031808 0.131627 0.127475 0.758698 0.111407 0.545176
0.842462 0.316202 1.037170 0.971407 0.792957 0.633394 -0.002187 0.116672 0.076988 0.821786 0.005169 0.555049
0.789466 0.233251 0.883881 0.895350 0.742081 0.504310 -0.073986 0.177451 0.047926 0.790374 0.100596 0.542657
0.790317 0.224923 0.949446 0.891156 0.807045 0.603777 0.032821 0.150225 0.030501 0.810122 0.144506 0.519225
0.869270 0.247797 0.946234 0.918347 0.747956 0.641380 0.058347 0.129634 0.126960 0.722563 0.056594 0.548084
0.766083 0.254541 0.942107 0.874611 0.731370 0.489305 0.047781 0.244359 0.079718 0.850686 0.136939 0.513459
0.774508 0.263754 1.038065 0.894285 0.820050 0.537925 0.020673 0.100418 -0.067105 0.823522 0.093890 0.574085
0.791840 0.193027 0.987801 0.939070 0.895621 0.621755 0.056920 0.044309 0.099388 0.850276 0.092211 0.504729
0.782495 0.175790 0.888993 0.928278 0.809870 0.551961 0.014166 0.081249 -0.005462 0.816488 0.141303 0.474053
0.745813 0.230490 1.002346 0.871970 0.719859 0.518762 -0.009087 0.189419 -0.016777 0.804506 0.050449 0.543711
0.758364 0.266277 1.031679 0.820726 0.789460 0.640585 0.073205 0.206430 0.021537 0.729211 -0.008303 0.550161
0.804720 0.292930 0.917790 0.898763 0.843640 0.552154 0.050342 0.135863 0.101515 0.790137 0.056071 0.468070
0.784983 0.221501 0.998749 0.920851 0.701903 0.633408 -0.055362 0.093038 0.082221 0.755229 0.078110 0.479137
0.762458 0.257291 1.048326 0.932934 0.768285 0.579725 0.005426 0.077267 0.132951 0.799300 0.094364 0.539739
0.787800 0.253189 0.934257 0.899057 0.799298 0.487434 0.015561 0.118783 0.129942 0.713519 0.017698 0.507563
0.837055 0.309119 0.976737 0.897119 0.767796 0.556137 0.023490 0.218107 -0.014192 0.792759 0.068219 0.468095
0.784200 0.195298 0.947626 0.942075 0.782604 0.610517 -0.034065 0.116111 0.057438 0.810092 0.032723 0.530266
0.711434 0.185230 0.942743 0.937147 0.826132 0.638743 0.075897 0.135444 0.073010 0.880622 0.095159 0.569181
0.763277 0.258408 0.931097 0.924545 0.758052 0.582771 0.022849 0.154604 0.089905 0.789771 0.002227 0.506014
0.805662 0.233222 0.864722 0.861676 0.736034 0.639566 0.067273 0.129895 0.142866 0.825588 0.071723 0.567804
0.769051 0.311656 0.976223 0.875387 0.832440 0.553281 0.086978 0.075779 0.054352 0.827722 0.019861 0.560683
0.782528 0.243842 0.936903 0.914910 0.707532 0.525662 0.047936 0.029747 -0.010440 0.792929 0.030466 0.614072
0.710995 0.116082 0.960167 0.917093 0.808867 0.620777 0.036253 0.149510 0.092874 0.801113 0.029958 0.558681
0.725609 0.215121 0.981621 0.904217 0.727300 0.507722 0.013455 0.119422 -0.036799 0.856622 0.150669 0.613385
0.747751 0.349085 0.892727 0.938186 0.694985 0.538924 0.005536 0.182547 0.011227 0.845572 0.095334 0.524497
0.780552 0.193959 0.875211 0.890074 0.776388 0.526031 -0.123307 0.165521 0.037263 0.766099 0.118152 0.615085
0.774985 0.206415 0.966824 0.917378 0.763734 0.557452 -0.019881 0.136580 0.000995 0.870138 0.110107 0.605456
0.803080 0.183662 0.919956 0.862789 0.797755 0.553937 0.011821 0.150301 0.053296 0.793250 0.126975 0.542909
0.833533 0.258207 0.900174 0.917968 0.761468 0.700206 0.015514 0.128990 -0.047341 0.790719 0.130461 0.542120
0.700880 0.251387 0.918032 0.982651 0.798099 0.517822 -0.049517 0.172086 0.130288 0.890229 0.010539 0.559016
0.753193 0.295432 0.959535 0.884270 0.711977 0.643470 -0.017442 0.133477 0.116117 0.873066 0.112658 0.555497
0.801106 0.246837 0.953609 0.841634 0.681754 0.641167 0.004517 0.042297 0.058022 0.831625 0.097043 0.517253
0.762637 0.282840 0.917352 0.946959 0.704788 0.648377 0.022047 0.142310 0.104309 0.753293 0.141652 0.548194
0.822894 0.340480 1.047991 0.873141 0.830702 0.545610 0.026975 0.089390 -0.008057 0.919591 0.032054 0.554115
0.695054 0.191359 0.927016 0.900682 0.738418 0.621687 0.037977 0.143931 0.103072 0.952976 0.157054 0.618837
0.602231 0.299269 0.975760 0.888577 0.783367 0.512125 0.009047 0.142176 0.059162 0.810406 0.033881 0.526557
0.729410 0.355585 0.993636 0.759602 0.670015 0.581883 -0.017610 0.213433 0.157491 0.826204 0.075548 0.555843
0.832093 0.278410 1.000621 0.896277 0.759734 0.599938 0.072940 0.152729 -0.023955 0.849798 0.151096 0.549641
0.726087 0.186832 0.969805 0.968216 0.787230 0.525276 0.064630 0.125121 0.055453 0.919907 0.032528 0.526636
0.714816 0.135687 0.961967 0.949627 0.893360 0.595334 0.051503 0.109666 0.012852 0.790514 0.080113 0.607292
0.686670 0.237185 0.961009 0.897219 0.757626 0.553897 0.041844 0.154892 0.018933 0.884535 0.123865 0.458524
0.823679 0.359011 0.956639 0.862741 0.875915 0.599681 -0.081098 0.119172 0.109032 0.866706 0.013684 0.578021
0.842462 0.322370 1.065366 0.928499 0.806785 0.469130 0.036790 0.144509 0.163695 0.838852 -0.030848 0.600281
0.672252 0.229395 0.964455 0.916767 0.754511 0.561742 0.028902 0.079018 0.008088 0.784863 0.053317 0.513959
0.734327 0.233784 0.885510 0.990186 0.744997 0.602688 0.055659 0.153744 -0.024043 0.804474 0.112331 0.463556
0.742392 0.218216 0.983779 0.911428 0.724221 0.558757 0.107445 0.111013 0.091581 0.972482 0.022516 0.534489
0.820915 0.338328 0.980316 0.840969 0.781011 0.557137 -0.021024 0.147157 0.053626 0.767064 0.068503 0.524743
0.758802 0.241714 0.961130 0.905288 0.794833 0.522877 -0.065477 0.111007 0.037800 0.785892 0.065322 0.524375
0.757287 0.236442 0.944463 0.841408 0.759746 0.632899 -0.019685 0.156058 0.001477 0.854771 0.059445 0.544848
0.690867 0.140755 0.919213 0.826892 0.780484 0.654940 -0.025573 0.147817 0.027513 0.845764 0.091666 0.511218
0.810076 0.291255 0.913761 0.920070 0.709182 0.592845 0.093699 0.194061 0.077883 0.899377 0.075415 0.493759
0.736571 0.224169 0.936710 0.949596 0.739418 0.555839 -0.086692 0.061227 0.013127 0.792415 0.036120 0.458659
0.692277 0.245472 0.991175 0.838382 0.798481 0.591350 0.010560 0.108314 0.035978 0.729599 0.174272 0.582360
0.770933 0.154866 0.993353 0.850720 0.737113 0.614403 -0.108594 0.180975 -0.014765 0.847287 0.035340 0.441280
0.692699 0.196204 0.926490 0.970956 0.793827 0.504009 0.078624 0.212100 0.078618 0.804238 0.038230 0.538985
0.769506 0.229552 0.964154 0.887269 0.686718 0.482229 0.134577 0.166806 0.085267 0.828777 0.038133 0.603560
0.839807 0.331360 0.927811 0.891877 0.729128 0.505240 0.119042 0.190043 -0.074722 0.751626 0.110881 0.531818
0.679907 0.266215 0.991446 0.925434 0.811129 0.582597 0.046477 0.177995 -0.000963 0.798507 0.086963 0.560026
0.767094 0.188984 1.009621 0.920881 0.737542 0.524672 -0.009569 0.186134 0.075721 0.842118 0.180383 0.469504
0.730903 0.200490 1.012158 0.956716 0.710433 0.541508 0.155622 0.042818 0.149603 0.777021 0.105269 0.595344
0.771809 0.201690 0.975617 0.930190 0.772468 0.598382 0.033985 0.111503 0.076205 0.866292 0.080715 0.491031
0.846009 0.188251 0.918719 0.928577 0.749609 0.565578 0.007557 0.130584 0.101130 0.779374 0.030140 0.522745
0.664066 0.249042 0.974051 0.944837 0.730827 0.419324 0.064119 0.173281 0.086649 0.821151 0.124816 0.529445
0.794086 0.259050 0.946130 0.913739 0.753821 0.650641 0.079857 0.160686 0.065306 0.786381 0.064277 0.547150
0.783119 0.260724 0.924295 0.885109 0.712284 0.589691 -0.071790 0.133698 0.044306 0.753198 0.063113 0.584334
0.746136 0.287676 0.934491 1.016057 0.742187 0.570357 0.052219 0.110360 -0.011720 0.828933 0.078707 0.517211
0.754596 0.260340 1.177977 0.979241 0.750825 0.532034 -0.057919 0.104966 0.070657 0.885553 0.079846 0.523058
0.747367 0.210682 0.976928 0.934105 0.781367 0.516004 0.011106 0.070807 0.051670 0.805452 -0.040462 0.484876
0.705777 0.269659 0.956355 0.942320 0.788667 0.536420 0.020137 0.090609 0.019698 0.778278 0.148303 0.579554
0.787515 0.196482 0.946103 0.893634 0.769209 0.579784 0.056516 0.027649 0.077632 0.811711 0.143763 0.593892
0.879815 0.238148 1.037799 0.916596 0.744089 0.578010 0.106035 0.175501 0.111794 0.761489 0.041090 0.508109
0.726211 0.224760 1.047750 0.841361 0.778237 0.577497 0.033344 0.063067 -0.048389 0.792735 0.075680 0.593088
0.751652 0.289099 1.008757 0.936019 0.802018 0.582121 0.043365 0.111898 0.105882 0.803174 0.135874 0.550942
0.400397 0.515012 0.209845 0.455251 0.382131 0.827536 0.991522 0.101839 0.530823 0.707657 -0.031032 0.450610
0.504872 0.582131 0.212031 0.342915 0.401317 0.867942 1.024751 0.047750 0.574758 0.662428 0.031007 0.456037
0.427490 0.522309 0.277799 0.450486 0.350582 0.825998 1.027079 0.114543 0.477545 0.655974 -0.073268 0.568740
0.556198 0.646481 0.257721 0.427121 0.355179 0.824702 1.024618 0.096021 0.522735 0.652448 0.017880 0.429360
0.469744 0.544828 0.224103 0.366113 0.425641 0.814120 0.927215 0.179434 0.509410 0.610840 0.022175 0.429706
0.368169 0.595184 0.278455 0.447578 0.420783 0.826454 1.064370 0.028684 0.538582 0.637779 -0.061594 0.530358
0.451975 0.502057 0.298749 0.436210 0.445298 0.827575 1.031124 -0.005660 0.536453 0.657076 -0.036451 0.549370
0.384578 0.541605 0.227279 0.371226 0.465553 0.835547 0.955076 0.158170 0.563309 0.606484 -0.027514 0.446997
0.572499 0.557666 0.294714 0.447008 0.434558 0.879374 0.945959 0.064429 0.497275 0.584779 0.087533 0.409595
0.475006 0.531276 0.281383 0.448167 0.349344 0.866230 0.983850 0.107839 0.482865 0.643195 0.018182 0.401515
0.535963 0.549141 0.237981 0.395933 0.345369 0.908273 0.964207 0.210832 0.647557 0.654626 0.050800 0.544687
0.426824 0.678930 0.321855 0.521490 0.390887 0.865962 0.910799 0.105618 0.576907 0.679077 0.018830 0.508761
0.530304 0.585847 0.301896 0.460082 0.393222 0.781820 1.008602 0.057178 0.487852 0.655838 0.080684 0.442921
0.566068 0.461816 0.208830 0.400356 0.454498 0.927680 1.016533 0.074727 0.480951 0.613860 0.046328 0.479996
0.509530 0.544438 0.244529 0.475514 0.488585 0.773599 0.988783 0.113392 0.542276 0.671104 -0.003895 0.543510
0.421393 0.470850 0.280651 0.534633 0.413318 0.860942 1.052323 0.109315 0.585920 0.685130 0.123157 0.538834
0.464645 0.531444 0.247017 0.430280 0.422661 0.879190 1.029013 0.102601 0.506176 0.596115 0.017759 0.398915
0.452490 0.615447 0.407222 0.422097 0.349598 0.808279 0.916058 0.105887 0.504040 0.598476 0.083611 0.446599
0.575415 0.583873 0.322115 0.396658 0.406947 0.872669 0.970885 0.065342 0.479858 0.633018 0.070782 0.544107
0.414873 0.529697 0.238381 0.384315 0.492213 0.818441 0.947139 0.143124 0.503356 0.644811 0.030817 0.497340
0.510113 0.561383 0.278484 0.391666 0.449112 0.857440 1.001722 0.074804 0.505656 0.598316 0.047521 0.439510
0.466229 0.595892 0.306972 0.398801 0.405289 0.841511 1.023823 0.052368 0.539889 0.561107 0.083416 0.451734
0.492533 0.516389 0.327586 0.421237 0.314413 0.907822 0.985786 0.102876 0.583258 0.568369 0.062670 0.435549
0.545307 0.566507 0.330528 0.467550 0.474099 0.913516 0.938173 0.056447 0.463042 0.557779 0.030672 0.498226
0.459441 0.623950 0.270458 0.395761 0.497070 0.822457 0.983160 0.002971 0.504871 0.588423 -0.034909 0.434706
0.471019 0.638722 0.279740 0.544860 0.389501 0.863458 0.995014 0.098054 0.453701 0.710136 0.056102 0.458777
0.502302 0.547858 0.260783 0.469835 0.427948 0.857432 1.105078 0.153581 0.614026 0.656655 0.076163 0.451585
0.468843 0.559994 0.359617 0.368442 0.469930 0.781094 1.064570 0.110837 0.533161 0.616572 0.064607 0.486584
0.495170 0.516738 0.274550 0.423369 0.468809 0.776635 0.947171 0.121290 0.600858 0.570974 0.018359 0.582680
0.476370 0.548991 0.221611 0.503375 0.418557 0.856276 0.991890 0.147302 0.531052 0.592962 0.060021 0.521450
0.496038 0.496321 0.347928 0.554654 0.373218 0.818787 1.078875 0.103199 0.516293 0.594291 0.095146 0.410149
0.577741 0.476173 0.158891 0.511747 0.453007 0.872540 1.058230 0.067385 0.499469 0.606667 -0.044043 0.470811
0.590842 0.598733 0.252446 0.517607 0.533003 0.865846 1.024696 0.072592 0.540374 0.639441 0.093763 0.458398
0.469367 0.611486 0.326284 0.520667 0.383605 0.825443 0.973678 0.051881 0.503789 0.687387 0.074194 0.439483
0.459471 0.484568 0.351975 0.428620 0.461800 0.928387 1.051439 0.077241 0.515475 0.685122 0.062150 0.501271
0.433674 0.603390 0.354116 0.455512 0.464669 0.821718 1.038522 0.085577 0.511902 0.675325 0.021345 0.500267
0.498163 0.560176 0.361402 0.443631 0.389655 0.914323 0.904462 0.121649 0.475890 0.686586 0.052965 0.462492
0.385608 0.516350 0.268916 0.471989 0.482039 0.805505 0.981510 0.183831 0.460806 0.770450 0.050887 0.450497
0.524610 0.625450 0.236467 0.378702 0.433405 0.809857 0.987369 0.063080 0.492149 0.532182 0.074922 0.390021
0.487818 0.479896 0.236314 0.385417 0.483599 0.786201 0.954860 0.130435 0.567653 0.631733 0.031941 0.509417
0.443669 0.644055 0.244907 0.431857 0.470885 0.881789 0.942290 0.078426 0.489805 0.708664 0.055530 0.459035
0.499278 0.591298 0.336283 0.421665 0.400744 0.735632 0.925107 0.170292 0.605483 0.711354 0.119631 0.568122
0.575141 0.526882 0.312439 0.410397 0.400040 0.822777 1.026235 0.121446 0.408309 0.523745 -0.068347 0.449834
0.509509 0.584564 0.214797 0.435414 0.396179 0.819291 1.031839 -0.010099 0.573526 0.661676 0.147035 0.524850
0.498832 0.589811 0.329939 0.443033 0.395222 0.854550 0.952912 0.121175 0.473060 0.641530 0.030031 0.498356
0.500416 0.542662 0.330922 0.417067 0.430345 0.835831 0.992703 0.121326 0.600419 0.698952 -0.018910 0.484643
0.430269 0.572289 0.221839 0.476604 0.584946 0.758119 1.005159 0.057248 0.505745 0.744528 0.094335 0.483575
0.546960 0.573978 0.226360 0.436185 0.387564 0.790556 1.064765 0.121766 0.502816 0.691637 0.035111 0.575851
0.572419 0.484167 0.357210 0.466860 0.350989 0.841082 0.969882 0.095536 0.588954 0.544477 0.120221 0.450929
0.498535 0.510621 0.345727 0.502723 0.391399 0.847255 0.996120 0.076681 0.563035 0.585935 0.116198 0.533108
0.475350 0.631587 0.311704 0.455330 0.399289 0.922600 0.998224 0.132370 0.515106 0.629450 -0.045780 0.457092
0.500768 0.581778 0.341589 0.409032 0.416491 0.899566 1.052212 0.079672 0.503773 0.637706 0.038220 0.453430
0.524135 0.606194 0.181119 0.382209 0.380295 0.895849 0.875500 0.166935 0.459866 0.597159 0.044505 0.413089
0.462713 0.482477 0.302868 0.401806 0.409289 0.851112 0.870911 0.197532 0.464627 0.614546 0.005878 0.463681
0.554009 0.489197 0.318361 0.435787 0.397003 0.850957 1.001577 0.139647 0.548170 0.698840 -0.017039 0.467160
0.451398 0.554760 0.182913 0.463155 0.391331 0.896405 1.072522 0.072403 0.503373 0.597369 0.121830 0.496360
0.493295 0.533786 0.278144 0.465746 0.423277 0.880499 1.147412 0.078879 0.590863 0.648218 0.058059 0.461780
0.417020 0.432061 0.291209 0.435486 0.429643 0.880407 1.048954 0.084241 0.473759 0.741849 -0.002445 0.520449
0.569083 0.514560 0.252439 0.582336 0.352240 0.851211 0.951828 0.157461 0.495299 0.714116 0.033083 0.451585
0.485021 0.590611 0.280385 0.420418 0.435737 0.815619 1.024013 0.137090 0.522351 0.638009 -0.064565 0.440919
0.461609 0.498050 0.272829 0.336123 0.384914 0.803865 1.096018 0.105623 0.555262 0.714424 0.002837 0.442918
0.528031 0.595693 0.227791 0.485208 0.434193 0.827766 0.972458 0.146194 0.495168 0.711315 0.048807 0.500555
0.515769 0.528462 0.306820 0.385179 0.500598 0.839438 0.987396 0.089398 0.478458 0.594262 0.066192 0.489342
0.540471 0.486532 0.240651 0.347984 0.354971 0.862669 1.047806 0.024525 0.584702 0.603945 0.053755 0.610880
0.576676 0.526823 0.237998 0.448837 0.420177 0.773492 1.011888 0.173051 0.479809 0.734007 0.090015 0.415855
0.508962 0.541760 0.331610 0.447126 0.507856 0.827677 0.984478 0.055950 0.490633 0.700277 0.063900 0.421115
0.498117 0.511142 0.349003 0.413856 0.392392 0.830047 0.947664 0.087359 0.467566 0.648921 0.040287 0.495990
0.474587 0.570098 0.350678 0.491239 0.381443 0.860210 1.052424 0.116321 0.546981 0.638606 0.049717 0.409515
0.509757 0.550028 0.255423 0.385019 0.386981 0.870104 1.014869 0.070530 0.583005 0.697670 -0.049286 0.503389
0.471395 0.573736 0.255464 0.452849 0.358867 0.905811 1.019432 0.114748 0.496016 0.578697 0.044888 0.505840
0.444325 0.560375 0.320545 0.354611 0.356167 0.826000 0.940653 0.155515 0.538276 0.611749 -0.037533 0.484405
0.398582 0.549409 0.320524 0.398488 0.368462 0.949487 0.974967 0.102751 0.488185 0.615387 -0.022578 0.545401
0.558655 0.522133 0.209729 0.427561 0.404572 0.893219 0.995233 0.082167 0.499866 0.665160 0.094792 0.485065
0.533403 0.569722 0.291385 0.508591 0.504154 0.863585 0.956439 0.084571 0.506188 0.657933 0.044245 0.510062
0.476945 0.479997 0.222840 0.376008 0.499357 0.855316 0.967414 0.126908 0.567413 0.640511 0.037591 0.457731
0.552457 0.615071 0.323151 0.446518 0.436550 0.816187 1.021260 0.118106 0.598648 0.740546 -0.032050 0.520058
0.481747 0.585460 0.326034 0.435833 0.405768 0.851596 1.063432 0.041132 0.494484 0.633228 0.053619 0.440518
0.457259 0.544479 0.205502 0.420941 0.491362 0.781371 1.006829 0.061615 0.471256 0.640559 0.097569 0.501839
0.421192 0.519286 0.281978 0.407487 0.387470 0.856188 0.943043 0.083411 0.517584 0.728570 -0.031171 0.497470
0.490692 0.608987 0.263633 0.448950 0.325267 0.863645 0.988283 0.082838 0.586067 0.653902 0.084337 0.472307
0.434298 0.536984 0.277184 0.338702 0.498181 0.844851 0.992213 0.075247 0.443406 0.624683 0.042189 0.390353
0.454846 0.496395 0.293823 0.394335 0.501084 0.852122 0.987994 -0.015430 0.527683 0.562223 -0.073501 0.472515
0.411590 0.506934 0.221610 0.457422 0.427661 0.792540 0.943182 0.128468 0.477452 0.698950 0.137839 0.424716
0.420793 0.615318 0.379696 0.462587 0.424355 0.837427 0.904438 0.068843 0.515241 0.695294 0.065000 0.542713
0.549822 0.646274 0.283821 0.400588 0.423861 0.804439 0.912563 0.073606 0.391880 0.670593 0.139404 0.497260
0.530578 0.687821 0.245940 0.530058 0.420895 0.781910 0.972611 0.093072 0.554353 0.666383 0.002413 0.440509
0.511812 0.516313 0.377473 0.462369 0.333257 0.827056 0.972834 0.078837 0.498462 0.629730 0.028516 0.479571
0.552184 0.628997 0.276283 0.409414 0.419968 0.892421 1.007679 0.187409 0.456712 0.664283 0.058009 0.495662
0.554546 0.597830 0.317491 0.411467 0.366792 0.807248 1.054676 0.140792 0.488133 0.685255 -0.003230 0.429221
0.501785 0.570815 0.311090 0.450426 0.354515 0.800809 0.910145 0.048191 0.526393 0.694961 0.026847 0.407030
0.464260 0.644486 0.384231 0.358495 0.364092 0.788584 0.989033 0.127971 0.559021 0.576057 0.088514 0.492734
0.430025 0.537133 0.198886 0.456408 0.493837 0.890203 1.029044 0.118410 0.580609 0.638038 -0.007180 0.556265
0.443342 0.564829 0.267271 0.470969 0.380885 0.931624 0.971652 0.097044 0.549095 0.710309 0.027554 0.406695
0.410376 0.522479 0.338750 0.456803 0.422624 0.912325 0.942455 0.091217 0.593707 0.579710 0.029501 0.469804
0.555131 0.420513 0.288060 0.442788 0.398479 0.793618 0.931759 0.090565 0.524081 0.657163 0.063809 0.513854
0.533341 0.527621 0.250860 0.404070 0.396522 0.934619 0.989979 0.102395 0.523028 0.658682 -0.029006 0.472507
0.481030 0.546850 0.332979 0.358267 0.440651 0.763520 1.065131 0.089944 0.504941 0.581098 0.029895 0.549900
0.415494 0.499841 0.290846 0.443899 0.395373 0.830185 1.005031 0.067381 0.479389 0.555631 -0.020293 0.537621
0.482825 0.527809 0.286619 0.508317 0.336062 0.815541 0.913170 0.093471 0.532154 0.643952 -0.011590 0.478704
0.472919 0.538217 0.300215 0.447022 0.426059 0.850520 1.044803 0.143593 0.520560 0.681174 -0.002855 0.539101
0.529958 0.586818 0.332311 0.449235 0.356200 0.896326 0.908653 0.060858 0.549336 0.638436 0.047760 0.506282
0.468633 0.601098 0.299188 0.494804 0.398188 0.867038 0.947792 0.009354 0.533292 0.637415 0.030950 0.490139
0.521984 0.575542 0.299576 0.367089 0.494462 0.765729 1.009096 0.136976 0.521212 0.723281 -0.013511 0.435739
0.500438 0.565297 0.389032 0.457972 0.433506 0.838252 0.974664 0.119899 0.484197 0.604788 0.023750 0.527941
0.528446 0.547029 0.301511 0.553915 0.494347 0.819061 1.008239 0.046871 0.528805 0.611927 0.098828 0.460482
0.474603 0.550990 0.255263 0.551929 0.405370 0.919492 1.046628 0.090770 0.502973 0.717437 0.099585 0.494074
0.388418 0.597468 0.177066 0.348893 0.442940 0.870844 0.971691 0.032673 0.524540 0.596735 0.007867 0.462581
0.451598 0.545495 0.284661 0.447636 0.391806 0.846357 0.955569 0.035171 0.489562 0.699907 0.026357 0.440937
0.516373 0.505588 0.289269 0.407136 0.394290 0.861224 1.000819 0.128851 0.515335 0.607945 0.038057 0.566360
0.485470 0.582156 0.271621 0.441614 0.444283 0.753882 1.045070 0.095910 0.451661 0.626759 0.031442 0.484070
0.499955 0.575200 0.272921 0.477846 0.390641 0.837317 0.914849 0.088971 0.543529 0.657536 0.032657 0.508854
0.471277 0.582093 0.341112 0.365055 0.375673 0.868226 1.031618 0.076816 0.496941 0.647854 0.072125 0.522321
0.606096 0.535948 0.327530 0.428639 0.347325 0.988382 0.988000 -0.019969 0.545106 0.532084 0.062020 0.413315
0.468424 0.543381 0.346193 0.469185 0.368221 0.784068 1.016110 0.147865 0.498358 0.685989 0.111277 0.430520
0.514318 0.601064 0.240514 0.358179 0.402864 0.918221 1.021490 0.089797 0.512189 0.559904 -0.007990 0.426254
0.517278 0.473013 0.331283 0.341408 0.513301 0.782755 0.912341 0.136599 0.503083 0.572012 0.093559 0.546501
0.568854 0.567751 0.386160 0.533533 0.369637 0.885853 1.102911 0.183455 0.623209 0.561789 0.117860 0.472684
0.522050 0.552531 0.195392 0.423070 0.491733 0.775594 0.972695 0.145811 0.452932 0.645613 0.091768 0.503578
0.494788 0.545747 0.264456 0.411536 0.430590 0.900451 0.909826 0.024564 0.496474 0.718385 0.052801 0.492541
0.454049 0.561746 0.405121 0.445138 0.416655 0.778477 1.032433 0.046156 0.470110 0.637790 0.044096 0.462511
0.568224 0.532708 0.301131 0.457107 0.377922 0.767084 1.007263 0.023514 0.594531 0.570817 0.048273 0.511411
0.390375 0.476478 0.334603 0.385128 0.453853 0.766719 0.995139 0.001831 0.503159 0.668462 0.046869 0.434218
0.482716 0.535749 0.296040 0.519893 0.379170 0.881382 0.913586 0.067992 0.447409 0.651844 0.088453 0.487059
0.414448 0.582468 0.269362 0.463908 0.378703 0.778381 0.989732 0.021365 0.423637 0.638648 0.079555 0.370570
0.507362 0.567224 0.192510 0.465495 0.452445 0.831743 1.047372 0.160697 0.546394 0.678795 0.057755 0.557286
0.496597 0.563823 0.325794 0.455312 0.394741 0.864389 0.958914 0.093798 0.533530 0.648324 0.041321 0.534945
0.482908 0.614167 0.288232 0.497854 0.471802 0.826964 0.990402 0.132927 0.560513 0.598048 0.037726 0.480410
0.461166 0.505162 0.277037 0.454451 0.463782 0.925272 0.886195 0.187595 0.589152 0.659641 -0.016279 0.427078
0.614014 0.649093 0.312193 0.516890 0.435082 0.783765 1.035606 0.160252 0.539876 0.688337 0.047881 0.506832
0.580278 0.558977 0.272004 0.502578 0.376173 0.830548 1.009297 0.109468 0.561936 0.591741 0.090339 0.501963
0.445131 0.567503 0.324739 0.466140 0.508326 0.922972 0.981018 0.060763 0.583992 0.633182 0.086075 0.454689
0.606389 0.577788 0.260187 0.425122 0.427630 0.822518 1.021483 0.098155 0.592020 0.615455 0.092035 0.493582
0.414167 0.605304 0.280938 0.479107 0.423730 0.928740 1.015191 0.028399 0.504810 0.707290 0.115950 0.519328
0.474972 0.545216 0.221325 0.403502 0.424119 0.899891 1.086913 0.131536 0.572622 0.692696 0.027540 0.578254
0.528214 0.539159 0.291941 0.422050 0.453185 0.866429 0.912828 0.091082 0.595123 0.616511 0.029378 0.444713
0.450304 0.542485 0.185346 0.420704 0.421623 0.878330 1.025792 0.144529 0.558278 0.752089 0.103773 0.391017
0.539040 0.561545 0.227139 0.410593 0.360430 0.730057 0.917623 0.105974 0.505956 0.665136 0.124200 0.493637
0.536975 0.555300 0.258123 0.431868 0.466892 0.880712 1.049915 0.116006 0.526998 0.667678 0.021375 0.485993
0.444478 0.572545 0.264088 0.342419 0.313065 0.932483 0.953971 0.043384 0.532876 0.701829 0.085207 0.405273
0.528977 0.529027 0.325645 0.446942 0.482344 0.796455 1.044355 0.133034 0.539926 0.681481 0.024202 0.484405
0.576682 0.617199 0.366080 0.426648 0.395944 0.920527 1.008859 0.035879 0.532505 0.644346 0.094799 0.463087
0.501498 0.478299 0.247094 0.367011 0.496440 0.833805 0.998769 0.167598 0.545795 0.692714 0.034800 0.455660
0.517041 0.466564 0.236820 0.447165 0.389855 0.941278 0.986420 0.055548 0.503051 0.679975 -0.055702 0.447953
0.454581 0.566047 0.327758 0.425637 0.500537 0.869539 1.026867 0.096788 0.561452 0.621924 -0.006707 0.498909
0.479737 0.563260 0.277528 0.315609 0.378016 0.762162 0.990912 0.069832 0.466334 0.666922 0.026262 0.550314
0.368084 0.643047 0.282660 0.463197 0.385906 0.862420 1.027774 0.075095 0.555204 0.641348 0.031000 0.398270
0.510595 0.599098 0.357591 0.494783 0.303305 0.867824 1.065489 0.079666 0.498763 0.619931 -0.073441 0.529835
0.434043 0.466186 0.294279 0.427362 0.318486 0.917480 0.966301 0.008389 0.564750 0.710248 0.115903 0.449860
0.489006 0.567796 0.284506 0.402231 0.412834 0.873322 0.965516 0.021074 0.583360 0.634222 0.102747 0.409364
0.470549 0.491772 0.329263 0.537434 0.510720 0.848762 0.950301 0.046937 0.570126 0.631867 0.061967 0.416699
0.466170 0.613909 0.301254 0.442510 0.454168 0.878193 0.899496 0.122936 0.448475 0.686288 0.034164 0.464102
0.597453 0.505960 0.274371 0.503608 0.427488 0.883375 1.006246 0.047471 0.458384 0.693552 -0.034484 0.513141
0.451291 0.670914 0.273467 0.529323 0.386202 0.820388 0.903053 0.078073 0.406589 0.672124 0.001099 0.581828
0.531560 0.477833 0.184835 0.310154 0.350191 0.852003 0.976742 0.193632 0.552247 0.675844 0.011913 0.426430
0.480114 0.416051 0.313833 0.443531 0.319159 0.872294 0.993503 0.039877 0.538635 0.563646 0.026002 0.488485
0.529008 0.623050 0.246488 0.500888 0.441576 0.937761 0.991996 0.166120 0.484952 0.799582 0.057419 0.507997
0.432326 0.491356 0.237450 0.506711 0.426591 0.935583 1.069261 0.035109 0.606269 0.600214 0.100860 0.487104
0.435472 0.608655 0.287326 0.367025 0.400174 0.901193 1.013996 0.084019 0.554891 0.691536 0.064053 0.481798
0.462461 0.630160 0.421576 0.503293 0.431810 0.727885 1.063466 0.071375 0.458472 0.629733 0.043268 0.429027
0.453348 0.619338 0.240830 0.419464 0.476600 0.863950 0.936404 0.030443 0.486345 0.594017 0.058799 0.374363
0.437096 0.541655 0.297554 0.354218 0.401222 0.813186 0.949814 0.128995 0.592847 0.648405 0.118250 0.461867
0.480284 0.563587 0.246969 0.499220 0.417061 0.886045 0.975917 0.113573 0.549304 0.576113 0.009627 0.514662
0.534052 0.434562 0.355896 0.537296 0.431184 0.853727 1.007886 0.030523 0.568716 0.584859 -0.017962 0.505469
0.515811 0.569128 0.384149 0.455787 0.329465 0.814030 0.975176 0.049584 0.657579 0.636736 0.026116 0.581244
0.497764 0.471281 0.266466 0.379742 0.418755 0.909416 1.026572 0.104376 0.462593 0.552622 0.067680 0.544684
0.535470 0.545944 0.287640 0.406934 0.386837 0.830465 0.958351 0.097409 0.606939 0.568038 0.110303 0.435139
0.526436 0.578991 0.248536 0.435781 0.409265 0.855791 0.958341 0.095421 0.497223 0.692150 0.060624 0.510280
0.590248 0.601921 0.263845 0.477361 0.426773 0.875611 0.891628 0.122168 0.566457 0.645228 0.027311 0.551146
0.514580 0.561990 0.388660 0.426296 0.408861 0.810960 1.007987 0.098026 0.582404 0.626279 0.024945 0.557136
0.428487 0.740986 0.252570 0.504154 0.401470 0.873922 1.011646 0.075326 0.560623 0.595345 0.057993 0.457433
0.509325 0.499125 0.247589 0.327712 0.476911 0.837124 0.974068 0.132217 0.576407 0.647572 0.038162 0.443163
0.496150 0.600276 0.247861 0.427505 0.386869 0.834038 0.953415 0.112278 0.466378 0.581279 -0.034539 0.456372
0.499572 0.536538 0.232098 0.356216 0.478542 0.847356 0.910024 0.045747 0.621273 0.606038 0.057434 0.386897
0.417340 0.561701 0.258899 0.442946 0.470397 0.846397 1.018725 -0.043688 0.478814 0.621239 0.074220 0.466056
0.567757 0.495397 0.177259 0.379820 0.436072 0.766586 0.986424 0.090477 0.417775 0.677154 0.019939 0.486089
0.548778 0.492960 0.274876 0.344177 0.363613 0.859377 0.959342 0.092098 0.505049 0.726635 0.000228 0.478588
0.456708 0.584892 0.287345 0.441814 0.389464 0.825709 1.085647 0.007722 0.522374 0.672386 0.108136 0.422098
0.430308 0.544662 0.379830 0.419127 0.296360 0.918237 0.988790 0.104212 0.548565 0.856108 -0.020274 0.457662
0.534819 0.508505 0.338415 0.338671 0.350547 0.718148 0.891964 0.119239 0.527191 0.659450 0.126619 0.415893
0.501282 0.507397 0.340765 0.424895 0.366497 0.842338 0.917196 0.101255 0.488078 0.627147 -0.030980 0.535246
0.482573 0.502043 0.210819 0.395459 0.400101 0.896869 1.017626 0.072395 0.550103 0.644921 0.111152 0.435357
0.400678 0.524650 0.292480 0.333006 0.410346 0.902131 0.948784 0.114068 0.583349 0.663506 0.027073 0.406637
0.454396 0.633998 0.387331 0.368389 0.378718 0.903800 1.017961 0.039543 0.564788 0.575276 0.029144 0.505054
0.548724 0.572329 0.280497 0.433014 0.390122 0.796967 1.095113 0.101324 0.546730 0.635378 -0.031570 0.496998
0.543266 0.571982 0.340265 0.458949 0.500812 0.789064 1.043270 0.026211 0.493892 0.684312 0.114962 0.386423
0.459920 0.591328 0.294760 0.468174 0.407969 0.842912 1.052710 0.092399 0.577164 0.610039 0.050682 0.505465
0.502360 0.622521 0.255146 0.406970 0.412216 0.949477 0.878433 0.065035 0.469783 0.720355 0.050711 0.454059
0.462988 0.606823 0.399190 0.475755 0.431050 0.812235 0.951152 0.103678 0.531906 0.641633 0.080910 0.438220
0.451951 0.467547 0.346726 0.430089 0.401668 0.826500 1.051982 0.039130 0.491579 0.661562 0.030040 0.443472
0.505353 0.528902 0.269432 0.487505 0.437581 0.901451 1.005894 0.061626 0.529084 0.616651 -0.024529 0.516960
0.518111 0.530726 0.395669 0.326365 0.349866 0.850969 1.041477 0.128055 0.560023 0.614459 0.068096 0.472844
0.566447 0.577854 0.299409 0.417358 0.362776 0.874626 0.957263 0.068965 0.543070 0.634576 0.067767 0.456427
0.485967 0.634219 0.303712 0.440149 0.426459 0.975542 0.981155 0.072479 0.559363 0.665984 0.027277 0.337458
0.400063 0.494586 0.249835 0.483937 0.366469 1.009865 1.018194 0.001986 0.549052 0.623514 -0.034141 0.475976
0.523486 0.501668 0.160672 0.470838 0.440116 0.766542 1.011495 0.006271 0.531975 0.658113 0.022926 0.572645
0.553959 0.528627 0.295153 0.404205 0.239797 0.845997 1.002058 0.082311 0.497634 0.476871 -0.031237 0.434456
0.507452 0.591172 0.337125 0.413653 0.409176 0.838805 0.899647 0.061706 0.552403 0.681673 0.093595 0.454164
0.516363 0.551202 0.226008 0.407562 0.423929 0.875127 1.004746 0.110599 0.503612 0.714229 0.056986 0.374532
0.440885 0.518665 0.293341 0.414008 0.436560 0.798551 1.014273 0.041932 0.527703 0.656982 0.117284 0.517507
0.482211 0.426958 0.350015 0.510301 0.444024 0.789602 0.956886 0.134673 0.542724 0.678429 0.028555 0.452030
0.452602 0.573678 0.209112 0.426056 0.404562 0.824201 0.924682 0.087998 0.532948 0.648013 0.011219 0.526236
0.375272 0.521818 0.316781 0.456951 0.558378 0.763238 1.080177 0.035575 0.591980 0.662322 -0.001233 0.589827
0.589439 0.616230 0.284758 0.501406 0.398146 0.920624 0.982342 0.149693 0.477082 0.676430 0.025460 0.320888
0.522036 0.634488 0.300996 0.476053 0.433868 0.842320 1.050781 0.057498 0.486621 0.668418 0.066263 0.517227
0.532529 0.581441 0.292421 0.457157 0.410546 0.731136 0.994487 0.124905 0.536785 0.599213 0.070439 0.397160
0.457783 0.542455 0.213509 0.486057 0.380304 0.800227 0.979103 0.090298 0.494744 0.544733 0.015665 0.551424
0.493701 0.591849 0.279714 0.435991 0.488277 0.784458 0.978125 -0.006419 0.503740 0.607038 -0.010778 0.454061
0.492578 0.527176 0.273868 0.392930 0.421438 0.823702 0.911693 0.104497 0.525898 0.692498 0.002983 0.470709
0.496983 0.537346 0.369253 0.516220 0.379725 0.770337 1.005203 0.027622 0.594792 0.605446 0.043228 0.476445
0.470609 0.494514 0.295805 0.361631 0.413276 0.885603 1.023743 0.077178 0.543528 0.649091 -0.034088 0.503976
0.456353 0.523341 0.315513 0.418248 0.444160 0.878896 1.028691 0.095150 0.437782 0.707635 0.033252 0.491124
0.510282 0.626250 0.340548 0.526162 0.393210 0.855175 1.128197 0.169658 0.487086 0.680548 0.094264 0.483726
0.418249 0.555563 0.283226 0.489106 0.493664 0.781928 0.951102 0.053900 0.608082 0.680971 0.051182 0.492163
0.542863 0.548601 0.273949 0.431057 0.399095 0.825820 0.956415 0.152326 0.539959 0.640055 0.054887 0.487799
0.531094 0.508224 0.380434 0.537009 0.381174 0.819835 1.027031 -0.007645 0.449535 0.716338 0.052605 0.461455
0.453950 0.496768 0.319937 0.399374 0.441575 0.890067 1.053078 0.047700 0.504792 0.644713 0.038820 0.404704
0.467015 0.524757 0.264759 0.431500 0.443636 0.857474 1.021866 0.211458 0.553291 0.673981 0.020318 0.440754
0.530914 0.530992 0.236118 0.464059 0.329149 0.817128 0.968232 0.097361 0.605195 0.621707 0.103451 0.494661
0.524890 0.535296 0.231759 0.462875 0.292601 0.845835 0.977927 0.090665 0.529437 0.657117 0.028525 0.517528
0.498486 0.509028 0.272078 0.551653 0.378456 0.856701 0.986993 0.143424 0.474518 0.626058 0.023709 0.426882
0.488588 0.579270 0.266603 0.514031 0.426478 0.766308 0.936692 0.120132 0.541663 0.534325 0.061293 0.501713
0.533287 0.581636 0.265482 0.431992 0.405536 0.757813 0.941962 0.044712 0.468869 0.622581 -0.098341 0.554890
0.517196 0.519286 0.262773 0.351341 0.403678 0.885789 1.046271 0.038552 0.499918 0.670706 0.039167 0.411309
0.450236 0.538760 0.334272 0.444396 0.424505 0.900576 0.965280 0.064385 0.546865 0.548342 0.064795 0.488446
0.471114 0.715017 0.280538 0.370784 0.351897 0.777925 0.985084 0.067220 0.444480 0.670124 0.021918 0.394467
0.566338 0.581795 0.218290 0.467450 0.450081 0.943098 0.918090 0.069832 0.452843 0.648727 0.077339 0.535370
0.487903 0.498645 0.231265 0.418760 0.369285 0.869372 1.028880 0.011101 0.507843 0.621314 0.081463 0.468117
0.545692 0.493580 0.276588 0.357295 0.394119 0.873506 0.891234 0.033483 0.495413 0.659083 0.046463 0.437550
0.531222 0.608061 0.359152 0.407901 0.403553 0.907468 1.020025 0.141006 0.494861 0.589142 0.045866 0.470088
0.602552 0.497918 0.303751 0.390744 0.442674 0.832738 1.045616 0.043237 0.505162 0.580150 -0.002854 0.436252
0.474053 0.507030 0.254862 0.496449 0.421694 0.911291 0.943660 0.130195 0.466344 0.589938 0.019888 0.503724
0.447095 0.520572 0.273756 0.428065 0.345477 0.863745 1.035396 0.049344 0.516413 0.594282 -0.032118 0.487920
0.546036 0.594901 0.272050 0.375790 0.377610 0.881422 0.970566 0.053485 0.482927 0.619425 -0.042853 0.522068
0.485515 0.631664 0.339719 0.386292 0.433682 0.833708 1.046019 0.077331 0.466716 0.590628 -0.024867 0.575356
0.544526 0.453540 0.243779 0.452497 0.406604 0.864593 0.961045 0.102172 0.492986 0.598910 0.074954 0.547143
0.503203 0.583162 0.242363 0.526277 0.340747 0.809927 1.004690 0.112077 0.684766 0.712767 -0.041798 0.496542
0.490311 0.531346 0.262728 0.398893 0.387253 0.924637 0.899800 0.054445 0.529599 0.572246 0.097340 0.459903
0.469634 0.524510 0.325669 0.435975 0.368546 0.805014 1.077360 -0.000103 0.553733 0.587859 -0.084243 0.508459
0.476312 0.530491 0.240699 0.414844 0.448276 0.920548 0.961413 0.108142 0.511585 0.603922 0.030111 0.478282
0.521344 0.509954 0.293726 0.402058 0.500322 0.911399 0.988749 0.101458 0.531058 0.660172 0.006109 0.476670
0.471347 0.577306 0.233666 0.345326 0.452248 0.889791 0.958368 0.148610 0.414706 0.694065 0.009459 0.468571
0.478170 0.545509 0.207379 0.448478 0.386594 0.928095 1.092452 0.185142 0.623831 0.635266 0.030795 0.527710
0.485243 0.489871 0.345955 0.401967 0.473062 0.837536 0.919813 0.102939 0.420682 0.651507 0.054882 0.453304
0.455575 0.568657 0.281637 0.466204 0.506142 0.766884 0.971048 0.055762 0.555432 0.713283 0.023598 0.448898
0.409237 0.621488 0.286566 0.475288 0.360272 0.826752 0.931281 0.002224 0.429402 0.643001 0.026604 0.471151
0.538078 0.565989 0.274317 0.376681 0.416793 0.897167 0.986170 0.015266 0.458104 0.580887 0.078193 0.479797
0.476187 0.572937 0.256242 0.422354 0.473422 0.835068 0.881399 0.172483 0.512684 0.608682 0.006156 0.460677
0.526641 0.519360 0.371032 0.452666 0.406412 0.853951 1.067304 0.158819 0.541454 0.614286 0.043886 0.459059
0.420789 0.556621 0.360513 0.484693 0.456623 0.895757 0.984511 0.096661 0.446919 0.574338 0.069845 0.511608
0.412504 0.491344 0.368886 0.486717 0.459980 0.862430 0.944348 0.043438 0.571193 0.648419 -0.047001 0.477196
0.459299 0.600392 0.333662 0.444747 0.409647 0.842469 1.006750 0.145139 0.425481 0.579043 -0.003785 0.450162
0.491307 0.563963 0.317444 0.495142 0.399907 0.897775 1.021474 0.078112 0.527060 0.588975 0.040941 0.485405
0.502215 0.566488 0.258403 0.455244 0.449362 0.834620 1.016013 0.063537 0.535121 0.653406 0.043797 0.463592
0.601428 0.481508 0.323208 0.454522 0.482157 0.820219 0.954231 0.158314 0.408277 0.691641 0.096965 0.493710
0.477818 0.522342 0.281799 0.480689 0.442938 0.839206 1.032794 0.082924 0.597483 0.560515 0.079721 0.416652
0.424692 0.533635 0.311072 0.484942 0.458439 0.934499 0.975417 0.185896 0.519749 0.636792 0.083668 0.431309
0.539321 0.503146 0.259593 0.397183 0.392494 0.866803 1.008029 0.143826 0.557910 0.657219 0.041895 0.514953
0.471647 0.567378 0.281851 0.494299 0.430768 0.874823 1.002704 0.196176 0.482943 0.650785 -0.020641 0.480155
0.497486 0.544357 0.313123 0.474929 0.376737 0.828417 0.955884 -0.043329 0.539644 0.600807 -0.022999 0.498758
0.520904 0.561934 0.222765 0.468389 0.367291 0.845760 0.957864 0.085040 0.546040 0.692890 0.041942 0.559784
0.486572 0.616964 0.319212 0.461610 0.354245 0.860433 0.965571 0.106628 0.618609 0.585187 0.050740 0.449634
0.444684 0.601439 0.274254 0.465054 0.425603 0.871492 1.046233 0.037978 0.521875 0.631487 0.171537 0.587846
0.569477 0.619933 0.298403 0.357828 0.442634 0.920959 0.991259 0.050852 0.553687 0.648435 0.111234 0.464704
0.416114 0.562528 0.277862 0.449902 0.305807 0.899315 1.005673 0.128594 0.451275 0.700367 0.048815 0.582161
0.529039 0.651246 0.237114 0.402807 0.409326 0.817496 1.058771 0.075421 0.578996 0.709716 0.037834 0.481475
0.527302 0.559452 0.362488 0.410665 0.473110 0.870148 0.994996 0.195194 0.565238 0.632871 0.042660 0.505291
0.501230 0.518831 0.214792 0.474157 0.432434 0.854120 1.019443 0.187389 0.557477 0.688481 0.046609 0.404787
0.454883 0.660227 0.317862 0.432584 0.376675 0.774307 1.034561 0.072703 0.554986 0.750162 0.049933 0.525317
0.476090 0.473838 0.327425 0.471349 0.508574 0.849877 1.082845 0.170221 0.507849 0.545187 0.041952 0.469703
0.426787 0.537925 0.311388 0.499649 0.405205 0.822622 1.006789 0.061440 0.521802 0.630449 0.059096 0.387861
0.459339 0.565480 0.253737 0.479778 0.437557 0.857824 1.029392 -0.007007 0.528824 0.724433 0.144256 0.410994
0.486765 0.540649 0.165700 0.431726 0.358988 0.911108 0.918894 0.096643 0.567034 0.701535 -0.029405 0.571344
0.538238 0.614153 0.241403 0.379439 0.463050 0.814147 1.011073 0.043056 0.545825 0.623276 0.029360 0.519821
0.534842 0.507483 0.367650 0.376609 0.493558 0.866184 0.993446 0.150578 0.471914 0.651101 -0.008521 0.442016
0.522147 0.474619 0.221455 0.526679 0.494531 0.899710 1.016663 0.061247 0.453266 0.604402 0.059464 0.473683
0.466376 0.500606 0.293038 0.432175 0.449770 0.792210 0.919444 0.137429 0.497002 0.577004 -0.001943 0.491086
0.585513 0.635439 0.297596 0.399205 0.456628 0.829273 1.063036 0.080628 0.550721 0.671170 0.093108 0.502495
0.547434 0.463389 0.325449 0.483951 0.412936 0.868308 1.007701 0.022766 0.598704 0.554480 0.056992 0.502014
0.428083 0.584536 0.334007 0.373855 0.450372 0.848333 1.096540 0.112494 0.541559 0.719516 0.039422 0.532841
0.441799 0.456438 0.335520 0.411254 0.428816 0.863676 0.987092 0.098114 0.511233 0.689073 0.005587 0.430606
0.521834 0.567907 0.275353 0.451657 0.405021 0.808605 1.004163 0.092925 0.611876 0.668224 0.078888 0.482053
0.520291 0.574189 0.332353 0.436830 0.429553 0.796950 0.987081 0.051199 0.480784 0.535001 0.005124 0.486079
0.445434 0.552151 0.264735 0.484828 0.429749 0.839887 0.974759 0.103664 0.578581 0.639565 0.034032 0.491004
0.482917 0.566767 0.334409 0.330083 0.437527 0.864851 1.067104 0.079379 0.495780 0.654164 0.044231 0.428250
0.567893 0.540795 0.285220 0.495015 0.423745 0.838009 0.965856 0.051386 0.531454 0.580241 0.027004 0.477788
0.448504 0.545833 0.192112 0.437069 0.369871 0.852260 0.951138 0.083342 0.469416 0.671697 0.037457 0.465318
0.457717 0.498212 0.315806 0.556551 0.461199 0.804024 0.938386 0.143420 0.528100 0.602544 0.031567 0.526285
0.457000 0.510339 0.266777 0.412209 0.415189 0.774553 1.023977 0.035120 0.568212 0.599320 0.052698 0.494597
0.526249 0.529311 0.285612 0.412016 0.433821 0.747294 1.024916 0.116273 0.621354 0.555826 0.024580 0.520080
0.438932 0.532409 0.318362 0.409388 0.330157 0.796121 1.001475 0.164469 0.515236 0.597627 0.046177 0.414384
0.458508 0.503902 0.334125 0.410196 0.390562 0.784366 1.017978 -0.012942 0.566556 0.573068 -0.005033 0.342419
0.389719 0.574008 0.183218 0.505908 0.293038 0.813622 0.954403 0.114667 0.519586 0.616902 0.007018 0.503225
0.451092 0.595956 0.337384 0.394938 0.330873 0.826359 0.993745 0.150815 0.452013 0.581173 0.078818 0.450095
0.555332 0.561439 0.301328 0.433242 0.378017 0.926598 1.048085 0.097064 0.513217 0.635554 0.048300 0.421005
0.515123 0.593233 0.292631 0.388014 0.368525 0.831497 0.956761 0.041307 0.525564 0.603176 -0.048646 0.465544
0.421781 0.623660 0.355663 0.404369 0.414626 0.852196 0.949195 0.053093 0.551987 0.676141 0.073544 0.451586
0.485792 0.601841 0.284660 0.537378 0.473584 0.778045 0.938106 0.064498 0.507420 0.560125 0.055908 0.536587
0.497207 0.590300 0.219610 0.438873 0.460701 0.910227 0.962258 0.054962 0.537669 0.626680 0.023549 0.442657
0.500350 0.489304 0.307005 0.409610 0.375021 0.867118 1.009498 0.119844 0.413123 0.675450 0.106010 0.363668
0.505069 0.465486 0.431093 0.385772 0.369386 1.005842 1.006272 0.083716 0.547453 0.703840 -0.034888 0.450790
0.423088 0.569902 0.254569 0.413637 0.389252 0.859076 0.986914 0.037275 0.484562 0.642730 -0.010158 0.449369
0.493326 0.599366 0.322382 0.446610 0.420491 0.851781 1.007852 0.079899 0.594753 0.669608 0.054942 0.429677
0.404072 0.470602 0.242798 0.416224 0.423888 0.875880 1.032917 0.041546 0.491586 0.719750 0.053963 0.476280
0.450465 0.582234 0.237017 0.427451 0.344109 0.900476 0.906203 -0.040266 0.496788 0.668190 0.103955 0.467472
0.527095 0.462932 0.327916 0.386859 0.412556 0.885969 0.944864 0.048050 0.427109 0.594581 0.060751 0.438768
0.531962 0.463662 0.307950 0.421845 0.425911 0.796508 0.986825 0.096782 0.549973 0.651346 0.090299 0.489580
0.483412 0.506076 0.293727 0.529655 0.481356 0.921896 0.998547 0.195689 0.468828 0.630396 0.013528 0.503283
0.551353 0.558045 0.330052 0.413445 0.364411 0.940598 0.938435 0.158526 0.452897 0.666339 0.117844 0.485908
0.450591 0.471591 0.274177 0.386372 0.397403 0.845007 0.988456 0.170777 0.441439 0.707278 0.104963 0.555541
0.539267 0.464336 0.341633 0.428064 0.396642 0.735293 0.907716 0.102200 0.443117 0.632578 0.019405 0.394238
0.484586 0.581908 0.393360 0.378730 0.550090 0.893975 1.005817 0.133489 0.361206 0.681180 0.104519 0.618442
0.453244 0.579547 0.278260 0.490127 0.450917 0.825723 1.040902 0.101418 0.564267 0.664225 0.017599 0.389888
0.568362 0.566070 0.301375 0.380275 0.455772 0.868949 1.023545 0.109531 0.496418 0.618736 0.074591 0.472964
0.434665 0.565164 0.333061 0.398601 0.344445 0.811357 1.047105 0.075745 0.443787 0.763047 0.055301 0.398603
0.565624 0.595103 0.303784 0.408292 0.400215 0.822639 0.951023 0.158595 0.657289 0.682906 0.011008 0.471915
0.523975 0.517343 0.227637 0.463641 0.378389 0.815199 1.012181 0.113515 0.525162 0.623212 0.007101 0.432505
0.495153 0.584295 0.250776 0.449373 0.396689 0.875912 1.013805 0.049909 0.489948 0.673555 0.063300 0.515969
0.404410 0.547429 0.285759 0.447783 0.381715 0.885219 0.938172 0.159792 0.501632 0.595912 0.034612 0.478194
0.587774 0.483667 0.295147 0.450667 0.428155 0.803263 0.986931 0.160368 0.503978 0.597227 0.033619 0.453461
0.459844 0.576423 0.227119 0.472383 0.396446 0.827449 1.046586 0.167506 0.632426 0.624298 0.070616 0.492651
0.513686 0.570928 0.283472 0.430214 0.426087 0.809028 0.905553 0.101376 0.488245 0.653185 0.073652 0.460918
0.503093 0.481250 0.242277 0.460688 0.433146 0.792577 1.001978 0.138329 0.444255 0.633986 0.075923 0.462632
0.542730 0.508168 0.336007 0.414616 0.402856 0.956985 1.015688 0.200548 0.519460 0.664637 0.031833 0.486094
0.488121 0.500918 0.270057 0.445111 0.405736 0.844039 0.977041 0.150001 0.576286 0.591076 0.003282 0.464295
0.561423 0.663838 0.306416 0.427798 0.491720 0.898240 1.057962 -0.009867 0.478037 0.677572 0.119268 0.460462
0.543510 0.546688 0.254189 0.490526 0.385055 0.906343 1.063586 0.029690 0.526796 0.662420 0.036288 0.490797
0.501032 0.617946 0.346441 0.412043 0.410638 0.757453 0.999149 0.104000 0.676964 0.612483 0.064969 0.465282
0.520128 0.580735 0.321027 0.341488 0.434416 0.827562 1.044545 0.034754 0.568349 0.662058 0.032199 0.507417
0.541652 0.608365 0.239017 0.442052 0.428308 0.740645 1.040390 0.150967 0.524156 0.623167 0.013683 0.417548
0.456457 0.585885 0.288971 0.446748 0.396783 0.721688 1.022374 0.078059 0.515413 0.642728 0.102446 0.463509
0.539790 0.578918 0.276729 0.362671 0.406380 0.875516 0.931430 0.057617 0.537572 0.686888 0.005941 0.436299
0.481463 0.492553 0.370573 0.440092 0.397439 0.860288 0.928509 0.100630 0.431952 0.653458 0.033816 0.483624
