1000 12 990
0.295264 0.867124 0.617209 0.920602 0.144774 0.087362 0.120178 0.613797 0.249834 0.948493 0.155311 0.191882
0.376675 0.795835 0.654087 0.852152 0.146584 0.263428 0.179763 0.497521 0.270207 0.878147 0.139996 0.235991
0.294549 0.948197 0.757378 0.901336 0.139523 0.046603 0.177600 0.574950 0.387873 0.832442 0.035743 0.242031
0.308931 0.895555 0.732776 0.831705 0.061723 0.043368 0.166886 0.639691 0.376193 0.947439 0.081488 0.194190
0.308822 0.862035 0.621720 0.866182 0.174939 0.215706 0.051263 0.517639 0.342693 0.911734 0.060479 0.172429
0.317688 0.882515 0.670883 0.877517 0.306839 0.146924 0.056258 0.467839 0.203086 0.803525 0.135456 0.171047
0.399775 0.833245 0.726928 0.849603 0.154055 0.141755 0.176802 0.540318 0.365563 0.842319 0.091007 0.186037
0.371515 0.957395 0.633067 0.829891 0.061993 0.170549 0.184210 0.551492 0.341140 0.948664 0.009254 0.136900
0.389507 0.870797 0.666222 0.879368 0.128922 0.191636 0.248770 0.466216 0.302517 0.882694 0.063739 0.230157
0.347540 0.844117 0.705715 0.862005 0.019260 0.135052 0.201108 0.536412 0.379957 0.891360 0.184880 0.241551
0.366755 0.835969 0.713042 0.844793 0.166955 0.182385 0.097404 0.515645 0.345706 0.786697 0.160961 0.265141
0.480565 0.876553 0.723916 0.746371 0.155053 0.152552 0.140847 0.518725 0.300116 0.869288 0.066516 0.269534
0.438015 0.917519 0.731731 0.767556 0.143733 0.060780 0.130304 0.510662 0.343026 0.897146 0.145119 0.219966
0.368325 0.862784 0.664026 0.879386 0.126909 0.127032 0.138707 0.481017 0.392806 0.915623 0.093463 0.236464
0.357846 0.915829 0.633610 0.811254 0.159181 0.078824 0.142980 0.571658 0.219073 0.925223 0.017251 0.150405
0.326973 0.968481 0.733365 0.775784 0.114283 0.192898 0.092308 0.497173 0.346976 0.893565 0.012332 0.233353
0.338756 0.845502 0.762692 0.806618 0.110219 0.247436 0.151396 0.538600 0.330017 0.916086 0.120266 0.239798
0.284902 0.864887 0.632338 0.801884 0.091975 0.118499 0.210566 0.495782 0.308960 0.873810 0.068218 0.189697
0.248884 0.865376 0.808806 0.830725 0.148369 0.164399 0.170731 0.516279 0.382718 0.831718 0.141967 0.202574
0.339664 0.808333 0.670499 0.793668 0.212363 0.259516 0.158745 0.525019 0.261849 0.941996 0.043559 0.174837
0.269281 0.828554 0.677936 0.801253 0.090757 0.178349 0.176850 0.541851 0.309592 0.985340 0.051201 0.239740
0.263350 0.859199 0.737994 0.924547 0.240268 0.166067 0.142608 0.498025 0.350609 0.890410 0.107886 0.265751
0.363963 0.928345 0.738970 0.870332 0.241062 0.158287 0.136461 0.549128 0.408541 0.903110 0.027391 0.166325
0.360262 0.858711 0.678316 0.909351 0.126605 0.133995 0.135144 0.508533 0.337677 0.874373 0.101174 0.237404
0.340669 0.901469 0.695456 0.791760 0.204861 0.063975 0.178409 0.542981 0.432730 0.883321 0.229847 0.273535
0.329608 0.881420 0.673520 0.892305 0.158025 0.196115 0.082922 0.518209 0.187060 0.838340 0.080907 0.170456
0.326900 0.906297 0.673493 0.891090 0.144175 0.136686 0.217038 0.613113 0.322076 0.900182 0.075717 0.180732
0.318732 0.834542 0.769703 0.853983 0.111660 0.158230 0.168804 0.438284 0.325340 0.846051 0.123567 0.185971
0.470647 0.816249 0.729943 0.895818 0.070200 0.102426 0.084398 0.578662 0.452106 0.961652 0.111232 0.230634
0.388771 0.882554 0.647156 0.917699 0.198390 0.209929 0.111933 0.499237 0.305999 0.980092 0.057853 0.178592
0.283295 0.909904 0.675739 0.843469 0.078317 0.105452 0.205134 0.603238 0.232624 0.941691 0.102856 0.217760
0.329402 0.867853 0.792803 0.821994 0.134701 0.173690 0.280451 0.587981 0.308641 0.871231 0.033228 0.221217
0.310090 0.900592 0.680672 0.888884 0.098573 0.106789 0.104315 0.562701 0.352919 0.939176 0.097424 0.272036
0.334748 0.859909 0.650221 0.831318 0.193838 0.186788 0.176390 0.574165 0.346810 0.891865 0.082145 0.166272
0.368479 0.865311 0.770144 0.902280 0.179680 0.044452 0.175567 0.528585 0.373234 0.841653 0.092760 0.194007
0.290197 0.902065 0.666243 0.904440 0.126224 0.185454 0.247877 0.586991 0.295569 0.878924 0.106853 0.242279
0.362627 0.840541 0.737506 0.799072 0.121907 0.156902 0.154113 0.549922 0.338023 0.823629 0.066707 0.208466
0.287103 0.738495 0.684116 0.799875 0.168689 0.206201 0.185496 0.538767 0.301946 0.885616 0.148726 0.333075
0.361309 0.802940 0.726067 0.852617 0.090371 0.132482 0.214283 0.561307 0.315585 0.880266 0.095049 0.137756
0.276733 0.799065 0.740773 0.804641 0.186789 0.119527 0.181031 0.545529 0.312485 0.894261 0.128058 0.181386
0.391328 0.812556 0.702298 0.901046 0.134722 0.180610 0.101293 0.479369 0.272792 0.973477 0.063000 0.167909
0.304158 0.864821 0.778514 0.793082 0.130117 0.069294 0.178637 0.533207 0.352927 0.877797 0.060483 0.184828
0.321320 0.798277 0.638352 0.913731 0.131189 0.232919 0.175898 0.593136 0.333689 0.936506 0.084838 0.365043
0.367224 0.809990 0.728229 0.873982 0.206246 0.133544 0.187900 0.572638 0.396195 0.884002 0.050155 0.181542
0.438856 0.893687 0.701636 0.804375 0.186818 0.160695 0.064842 0.683819 0.228272 0.971021 0.087097 0.189062
0.322886 0.875725 0.601161 0.824915 0.106758 0.120200 0.156021 0.507802 0.437123 0.923566 0.032941 0.258871
0.300933 0.889808 0.699292 0.863826 0.221131 0.128235 0.170861 0.534470 0.341232 0.821603 0.109780 0.194109
0.304094 0.811756 0.760961 0.859332 0.089652 0.099982 0.119777 0.533140 0.309246 0.943786 0.093511 0.305607
0.343537 0.889505 0.643892 0.828155 0.120497 0.183126 0.189271 0.526844 0.324701 0.811634 0.055971 0.193100
0.295124 0.915617 0.690524 0.820998 0.116377 0.183825 0.128699 0.584704 0.312327 0.988803 0.083944 0.227120
0.376063 0.824141 0.732385 0.836630 0.185928 0.114620 0.201354 0.512720 0.257148 0.874034 0.135283 0.331204
0.336483 0.883227 0.697764 0.829203 0.176598 0.018506 0.124076 0.472468 0.339307 0.906224 0.152446 0.252700
0.340905 0.891970 0.734223 0.853354 0.213405 0.094382 0.190278 0.553813 0.370385 0.913941 0.057699 0.147513
0.233441 0.865738 0.636729 0.862402 0.210608 0.120139 0.212461 0.519298 0.329031 0.796982 0.084984 0.278336
0.367319 0.850474 0.739613 0.870549 0.180804 0.144542 0.222259 0.548257 0.294369 0.913154 0.066753 0.206187
0.416592 0.919283 0.712669 0.800197 0.160179 0.128536 0.049803 0.494665 0.344310 0.896727 0.179652 0.239304
0.236782 0.838577 0.708093 0.826062 0.102940 0.124235 0.152437 0.587014 0.270031 0.887210 0.099281 0.065091
0.390038 0.837647 0.760692 0.731342 0.158865 0.177444 0.276013 0.574742 0.320287 0.857653 0.133221 0.195416
0.330983 0.851334 0.616196 0.832229 0.174858 0.146470 0.131529 0.517284 0.303823 0.912367 0.102786 0.238223
0.308080 0.848952 0.737839 0.846301 0.191823 0.183587 0.042261 0.568187 0.352878 0.877287 0.115614 0.127145
0.255763 0.847185 0.617529 0.901812 0.108438 0.177504 0.207332 0.546993 0.231167 0.947722 0.093206 0.175513
0.392997 0.830806 0.726150 0.805989 0.133947 0.125661 0.247079 0.563368 0.378178 0.887211 0.104815 0.171436
0.278972 0.852278 0.821952 0.841557 0.201516 0.217551 0.163009 0.490207 0.317002 0.910573 0.164918 0.260220
0.355050 0.915419 0.611161 0.961956 0.072272 0.124232 0.079779 0.595043 0.293654 0.892134 0.022404 0.145182
0.398306 0.854155 0.740225 0.849892 0.121201 0.222302 0.088907 0.574648 0.230996 0.925224 0.043414 0.193066
0.458201 0.875232 0.711297 0.863370 0.010608 0.134649 0.042537 0.545841 0.392376 0.838114 0.084411 0.221729
0.403278 0.741178 0.735436 0.914663 0.119598 0.225704 0.130029 0.569616 0.285444 0.876493 0.111771 0.227551
0.290892 0.873827 0.675354 0.828558 0.131813 0.133627 0.159964 0.506300 0.359405 0.882754 0.098174 0.220056
0.360995 0.808791 0.865571 0.819990 0.130052 0.097676 0.197309 0.611514 0.238107 0.946498 0.038852 0.274606
0.323051 0.908581 0.810177 0.806051 0.160369 0.068432 0.171371 0.578443 0.447311 0.823054 0.117958 0.230766
0.323597 0.877520 0.640338 0.867800 0.121733 0.142581 0.130762 0.626280 0.321402 0.924857 0.163825 0.253614
0.343540 0.908337 0.625707 0.854847 0.215161 0.163645 0.149758 0.499518 0.364408 0.866117 0.113360 0.156652
0.353181 0.910252 0.777206 0.834916 0.119991 0.219050 0.189235 0.563208 0.389990 0.905887 0.026656 0.210081
0.355676 0.936806 0.744271 0.899565 0.203421 0.156014 0.116055 0.564563 0.372524 0.929646 0.066558 0.218737
0.247629 0.775523 0.764101 0.873953 0.221594 0.139843 0.134157 0.641610 0.352064 0.966045 0.136193 0.148292
0.334372 0.870533 0.753927 0.777747 0.130274 0.117669 0.134024 0.516034 0.261685 0.929628 0.108178 0.251427
0.326434 0.838738 0.685177 0.883212 0.106003 0.161951 0.178170 0.622345 0.293925 0.781785 0.020407 0.186484
0.312091 0.709464 0.804948 0.889732 0.177835 0.111106 0.145087 0.477043 0.338396 0.823914 0.100625 0.219354
0.307979 0.819164 0.797477 0.849345 0.062954 0.241319 0.213080 0.567293 0.369316 0.893573 0.093992 0.273449
0.289205 0.905921 0.729508 0.849965 0.175449 0.112776 0.109893 0.553967 0.314210 0.971664 0.154636 0.194185
0.324648 0.868833 0.703733 0.839353 0.180217 0.041900 0.136407 0.555619 0.347106 0.984866 0.122673 0.180408
0.323235 0.867867 0.695061 0.818001 0.166358 0.185826 0.169184 0.541298 0.290405 0.908956 0.195157 0.140889
0.350385 0.883509 0.656610 0.897760 0.140597 0.137900 0.027283 0.545501 0.373826 0.932806 0.110090 0.207527
0.268773 0.883847 0.782763 0.861852 0.152009 0.163968 0.193857 0.589395 0.378614 0.865934 0.128574 0.264938
0.405921 0.893171 0.728924 0.777481 0.062863 0.143992 0.260050 0.544813 0.272283 0.923459 0.046740 0.185543
0.417979 0.849964 0.731590 0.862258 0.090721 0.128321 0.095795 0.441620 0.332688 0.906328 0.185531 0.178705
0.532606 0.889063 0.843698 0.854683 0.136201 0.204878 0.270131 0.494109 0.259402 0.855016 0.031260 0.225353
0.308545 0.949938 0.663477 0.848287 0.198047 0.185238 0.172039 0.489302 0.226043 0.916659 0.078951 0.195741
0.247730 0.882120 0.660774 0.837290 0.216937 0.173220 0.064001 0.549200 0.249999 0.975675 0.101858 0.229234
0.298106 0.811906 0.799100 0.904797 0.177619 0.133665 0.185768 0.403234 0.313018 0.820452 0.065122 0.330978
0.378889 0.823565 0.776438 0.764681 0.199095 0.235011 0.125018 0.486307 0.340477 0.862266 0.102188 0.182371
0.293959 0.833275 0.700934 0.751467 0.139495 0.167773 0.095683 0.565454 0.358630 0.883442 0.105796 0.123070
0.308817 0.834048 0.715687 0.798501 0.189251 0.069897 0.190527 0.577788 0.405693 0.851701 0.039181 0.231096
0.401240 0.816154 0.808794 0.864949 0.175953 0.114909 0.123150 0.509492 0.277228 0.879464 0.067732 0.134725
0.334236 0.920669 0.741954 0.927870 0.172133 0.111244 0.146428 0.565825 0.280501 0.881639 0.174575 0.193257
0.297744 0.863511 0.795050 0.809143 0.170668 0.076277 0.124363 0.637258 0.336434 0.966875 0.104345 0.174455
0.216240 0.855529 0.734706 0.767205 0.173370 0.166189 0.057501 0.487931 0.274831 0.892217 0.097167 0.202676
0.374952 0.924297 0.681081 0.848403 0.088997 0.195048 0.197992 0.514743 0.382535 0.898913 0.130950 0.219050
0.316208 0.864958 0.753858 0.855746 0.145870 0.068797 0.155669 0.573810 0.323772 0.838886 0.004140 0.273928
0.309734 0.862934 0.720960 0.839526 0.115860 0.169392 0.160160 0.576945 0.291811 0.974029 0.085573 0.136406
0.315583 0.829772 0.719804 0.847900 0.260681 0.218847 0.103402 0.633996 0.380123 0.869407 0.077691 0.226554
0.346325 0.838160 0.827073 0.919681 0.117299 0.222032 0.182191 0.551241 0.382008 0.926174 0.182009 0.221166
0.438214 0.905961 0.717343 0.864373 0.108830 0.213462 0.188635 0.534123 0.296815 0.969385 0.043696 0.242570
0.342469 0.927662 0.674499 0.847735 0.214210 0.165100 0.249829 0.565551 0.346586 0.918988 0.171646 0.292922
0.319211 0.840867 0.613916 0.702346 0.174048 0.273952 0.115266 0.527986 0.336458 0.921946 0.076614 0.199488
0.323201 0.837271 0.775218 0.845156 0.116384 0.168797 0.179332 0.526485 0.367920 0.956284 0.222872 0.226595
0.318550 0.845981 0.724721 0.769280 0.197321 0.150398 0.131856 0.515338 0.353942 0.891407 0.130935 0.239022
0.441298 0.866244 0.724691 0.817981 0.181141 0.081914 0.010472 0.479552 0.342091 0.845600 0.065108 0.201465
0.287177 0.907186 0.713881 0.838103 0.121729 0.171348 0.095026 0.606774 0.299209 0.872290 0.087357 0.243950
0.333704 0.930756 0.665206 0.758467 0.196113 0.150446 0.201844 0.573521 0.282534 0.913763 0.112131 0.197154
0.332082 0.926132 0.645882 0.893838 0.105581 0.108710 0.050578 0.552947 0.354971 0.855056 0.149571 0.248573
0.291186 0.806431 0.669481 0.767721 0.097534 0.111049 0.162684 0.512912 0.306303 0.867624 0.096124 0.248869
0.378735 0.822883 0.705077 0.875089 0.183092 0.150412 0.100259 0.475052 0.256099 0.888715 0.147041 0.181109
0.337018 0.792007 0.622019 0.853182 0.234883 0.142069 0.208682 0.510752 0.432136 0.873067 0.121084 0.235357
0.340641 0.959117 0.695331 0.714090 0.085382 0.096896 0.113751 0.609670 0.274197 0.898619 0.076751 0.142214
0.308344 0.909797 0.750552 0.855407 0.217670 0.152134 0.199099 0.520092 0.228944 0.876932 0.109061 0.198047
0.255392 0.845058 0.647161 0.932411 0.181475 0.126456 0.209783 0.505343 0.319870 0.885845 0.076019 0.232868
0.347164 0.917010 0.732821 0.881596 0.186744 0.233143 0.224811 0.632798 0.294970 0.879123 0.134740 0.273018
0.442571 0.944319 0.674545 0.872937 0.166499 0.151975 0.121309 0.543130 0.374306 0.893904 0.149990 0.244235
0.347814 0.777340 0.676904 0.881410 0.174824 0.165016 0.137579 0.644130 0.230698 0.941816 0.075029 0.184551
0.286580 0.849588 0.759239 0.835703 0.168586 0.147345 0.074792 0.591486 0.324612 0.911200 0.156707 0.282753
0.362039 0.781148 0.696641 0.882443 0.068069 0.151317 0.151195 0.611197 0.295765 0.933619 0.087643 0.208203
0.254987 0.865097 0.805497 0.912635 0.141351 0.135694 0.165591 0.500833 0.340626 0.835565 0.061408 0.210377
0.325194 0.927297 0.639991 0.757869 0.128461 0.157092 0.118555 0.527830 0.326828 0.859874 0.138618 0.202947
0.337396 0.912947 0.675147 0.892961 0.136833 0.215230 0.171606 0.570382 0.313853 0.823690 0.121561 0.124127
0.256339 0.815019 0.822957 0.767927 0.191969 0.233548 0.170866 0.571619 0.335060 0.875423 0.057283 0.138329
0.359660 0.875102 0.751803 0.810316 0.202608 0.168991 0.058778 0.569573 0.279262 0.859122 0.096613 0.234151
0.277843 0.860929 0.645276 0.825257 0.088155 0.170911 0.178141 0.518625 0.336166 0.874839 0.093340 0.291831
0.362686 0.819607 0.753948 0.920721 0.008219 0.143610 0.159531 0.547906 0.272371 0.971039 0.084630 0.298326
0.341863 0.916740 0.752365 0.854555 0.103094 0.212376 0.262312 0.622807 0.353722 0.823569 0.202029 0.244351
0.268939 0.869018 0.756698 0.879834 0.138697 0.171652 0.132970 0.582136 0.247097 0.947089 0.110736 0.167413
0.364662 0.845627 0.707596 0.840606 0.101925 0.091875 0.148822 0.432008 0.258877 0.838044 0.137648 0.171293
0.296046 0.864487 0.711513 0.819119 0.075811 0.065337 0.096648 0.655405 0.341569 0.945041 0.051430 0.306117
0.281919 0.880658 0.777161 0.815675 0.142853 0.064907 0.215136 0.461088 0.340569 0.891444 0.091036 0.221138
0.335815 0.894895 0.695047 0.797681 0.168113 0.146587 0.154454 0.506382 0.329758 0.955520 0.040011 0.194966
0.350509 0.781327 0.813068 0.849448 0.133848 0.124272 0.198431 0.565245 0.257806 0.852621 0.124611 0.193418
0.282272 0.922546 0.761228 0.799789 0.144789 0.193182 0.159169 0.571243 0.287930 0.871956 0.078763 0.213668
0.369332 0.869010 0.677037 0.804148 0.134821 0.097799 0.134401 0.597255 0.284755 0.932951 0.029881 0.141870
0.323975 0.817095 0.686517 0.903546 0.107502 0.103319 0.134564 0.600379 0.318173 0.911070 0.030999 0.302393
0.320066 0.799428 0.619534 0.906750 0.139383 0.140858 0.146057 0.604032 0.327301 0.933644 0.090890 0.251992
0.304421 0.865987 0.740624 0.966784 0.121092 0.133850 0.195016 0.594879 0.308114 0.952762 0.093691 0.113704
0.373660 0.897253 0.759936 0.887891 0.207816 0.238826 0.260590 0.504321 0.365186 0.828184 0.057003 0.142396
0.380170 0.876761 0.669338 0.791400 0.292761 0.179192 0.155910 0.554858 0.327460 0.906570 0.036739 0.301480
0.371454 0.896245 0.696165 0.885502 0.100444 0.136339 0.082920 0.558574 0.361090 0.941212 0.160219 0.184926
0.378468 0.939728 0.662475 0.852623 0.247702 0.161968 0.160245 0.409941 0.393656 0.952442 0.078729 0.159771
0.393233 0.909504 0.777013 0.857604 0.148343 0.277361 0.191088 0.519106 0.343982 0.927412 0.139256 0.239917
0.377584 0.804660 0.633701 0.831140 0.252158 0.118166 0.252312 0.491168 0.320748 0.922778 0.135354 0.243414
0.436173 0.941388 0.751509 0.890893 0.222627 0.147632 0.132155 0.535473 0.246366 0.919679 0.073814 0.183195
0.408663 0.837209 0.706880 1.000924 0.169584 0.193362 0.139565 0.502035 0.394263 0.922555 0.034923 0.198957
0.345490 0.911780 0.762959 0.950097 0.160654 0.094513 0.136345 0.497858 0.307911 1.000496 0.070869 0.254106
0.352718 0.869328 0.682144 0.844847 0.138726 0.138635 0.147464 0.509791 0.325994 0.855419 0.126606 0.183094
0.333791 0.833302 0.715215 0.845263 0.208153 0.055316 0.179095 0.500230 0.410288 0.898477 0.078248 0.272495
0.348957 0.837493 0.703235 0.863505 0.202783 0.125852 0.194419 0.560730 0.311627 0.911217 0.115294 0.251992
0.213351 0.825784 0.696376 0.814561 0.081208 0.133913 0.168974 0.436286 0.266537 0.864448 0.031422 0.223215
0.325059 0.873833 0.699061 0.858074 0.151974 0.195406 0.097459 0.557272 0.276430 0.863370 0.127228 0.209839
0.276847 0.918749 0.713523 0.884292 0.193785 0.119537 0.241548 0.456206 0.323892 0.932803 0.004158 0.204647
0.320706 0.917964 0.723336 0.743541 0.201443 0.178142 0.149970 0.487408 0.247485 0.855662 0.099237 0.223488
0.380711 0.875720 0.641125 0.759793 0.112834 0.198723 0.240718 0.571433 0.367006 0.889694 0.108625 0.253282
0.343618 0.833763 0.701310 0.840065 0.163100 0.160596 0.242652 0.581590 0.324921 0.855598 0.084419 0.163624
0.313658 0.882105 0.754894 0.892074 0.218723 0.130812 0.164001 0.589478 0.384939 0.926637 0.114122 0.262812
0.342000 0.789404 0.719906 0.783031 0.177096 0.136895 0.186819 0.415631 0.334112 0.875710 0.073783 0.223492
0.306114 0.862159 0.780694 0.835656 0.106813 0.142023 0.244560 0.549206 0.334183 0.857533 0.115624 0.350585
0.325298 0.811891 0.651978 0.800916 0.166327 0.211846 0.105905 0.467017 0.322382 0.820901 0.128958 0.209586
0.393312 0.830724 0.754295 0.819487 0.173571 0.103660 0.142011 0.480053 0.413891 0.906680 0.090694 0.216932
0.326531 0.954450 0.753853 0.879950 0.138013 0.190585 0.182886 0.546060 0.349122 0.827511 0.083445 0.240315
0.381855 0.927504 0.723677 0.833184 0.179812 0.110233 0.099357 0.579980 0.298006 0.838572 0.132058 0.211151
0.325129 0.847865 0.719637 0.891823 0.142615 0.170060 0.157798 0.490714 0.324278 0.987873 0.160140 0.297630
0.388915 0.797770 0.784113 0.206402 0.770883 0.073600 -0.023606 0.784671 0.621063 0.959259 0.142402 0.623294
0.339148 0.864328 0.770299 0.221249 0.734915 0.042746 0.136198 0.742106 0.663201 0.918670 0.123989 0.634016
0.447510 0.733893 0.734673 0.181032 0.825095 0.045584 0.197135 0.848497 0.687222 0.956949 0.199690 0.704747
0.456719 0.720058 0.739535 0.287177 0.859244 0.090036 0.113558 0.723728 0.626586 0.919209 0.112223 0.692957
0.431413 0.818268 0.760187 0.275697 0.747832 0.002993 0.155140 0.776692 0.566302 0.920444 0.160714 0.703496
0.372811 0.743026 0.776412 0.205788 0.818982 0.082964 0.152021 0.823591 0.631738 0.926217 0.093587 0.750484
0.443358 0.738542 0.639328 0.202994 0.836149 0.122968 0.184782 0.800812 0.732160 1.038296 0.089890 0.685373
0.385514 0.765494 0.656018 0.308956 0.781446 0.136408 0.104688 0.779471 0.680241 0.982831 0.147816 0.687249
0.363139 0.861726 0.839726 0.187273 0.848571 0.088305 0.124064 0.779837 0.595814 1.001443 0.109972 0.697700
0.492009 0.828528 0.781254 0.193405 0.754667 0.176531 0.284275 0.829479 0.650100 1.000618 0.168321 0.653109
0.395788 0.878149 0.678580 0.232325 0.902188 0.083058 0.274094 0.768020 0.760087 0.977700 0.087400 0.720544
0.438000 0.762577 0.695744 0.240114 0.847840 0.082249 0.188860 0.860484 0.714922 0.929373 0.225261 0.758620
0.408545 0.798311 0.735748 0.136100 0.727323 -0.008719 0.141479 0.803147 0.627269 0.852763 0.213416 0.740187
0.374473 0.741704 0.780524 0.232278 0.839078 0.116450 0.210267 0.848109 0.678936 0.848976 0.138102 0.731377
0.342512 0.878848 0.673348 0.173571 0.806226 0.068155 0.162211 0.862196 0.664265 0.879327 0.224378 0.717337
0.362303 0.780046 0.690734 0.243905 0.762342 0.080448 0.201790 0.834679 0.662967 0.884575 0.141121 0.722422
0.479148 0.828796 0.726649 0.202400 0.716500 0.122653 0.245835 0.837788 0.685305 0.981452 0.089368 0.759290
0.459795 0.798652 0.750781 0.253035 0.818444 0.080275 0.188119 0.734977 0.735333 0.849019 0.130920 0.703006
0.312959 0.813272 0.802076 0.218804 0.912983 0.024227 0.179533 0.831987 0.710997 0.861306 0.128179 0.682618
0.435175 0.772696 0.777889 0.243624 0.760964 0.023377 0.146372 0.850200 0.661058 0.954516 0.163310 0.624080
0.464607 0.688131 0.679938 0.320527 0.739502 0.047248 0.197247 0.797774 0.672685 0.888372 0.100560 0.762383
0.451829 0.831074 0.695928 0.235081 0.805272 0.123277 0.304654 0.839576 0.664813 0.891950 0.133918 0.659567
0.382894 0.813687 0.648552 0.203015 0.834877 0.101022 0.182361 0.755629 0.670429 1.006400 0.181557 0.701525
0.330040 0.869092 0.701327 0.264769 0.774948 0.108513 0.216509 0.814577 0.683433 0.854089 0.212107 0.702312
0.314088 0.805557 0.747645 0.251926 0.881256 0.116530 0.258651 0.773416 0.701477 0.883226 0.160469 0.795669
0.357026 0.807167 0.654358 0.344773 0.737437 0.133702 0.174670 0.757811 0.763409 0.986023 0.096309 0.736599
0.444193 0.837072 0.686845 0.275102 0.808168 -0.029010 0.164649 0.814342 0.622141 0.866735 0.137681 0.709745
0.393138 0.726829 0.765798 0.216275 0.758320 0.071814 0.102480 0.776095 0.628506 0.990883 0.194173 0.719952
0.342383 0.621930 0.667708 0.232545 0.744318 0.133843 0.100676 0.859983 0.736192 0.930311 0.218996 0.719057
0.398645 0.740735 0.818932 0.214582 0.727999 0.152218 0.180639 0.869070 0.631882 0.880109 0.087879 0.632373
0.449551 0.782329 0.728206 0.198716 0.801824 0.215977 0.161276 0.815686 0.645478 0.942712 0.125335 0.704238
0.380950 0.761338 0.744754 0.295207 0.724292 0.007130 0.119639 0.851726 0.669617 0.953886 0.219996 0.682599
0.439946 0.722355 0.737168 0.168699 0.736953 0.062267 0.167221 0.852338 0.719848 0.987061 0.261110 0.654149
0.396574 0.824849 0.637009 0.325721 0.882202 0.078216 0.138422 0.810416 0.730690 1.025971 0.154396 0.682482
0.413690 0.773528 0.701364 0.198874 0.725447 0.056239 0.193856 0.769083 0.677812 0.949771 0.109754 0.700244
0.410926 0.715035 0.753612 0.179485 0.783575 0.155199 0.140908 0.784198 0.716897 0.979470 0.253389 0.651129
0.363170 0.704808 0.836162 0.246160 0.737641 0.004303 0.186002 0.825231 0.627767 0.979922 0.214600 0.587255
0.356242 0.766140 0.751209 0.231344 0.764487 0.046870 0.116816 0.870096 0.697289 0.988531 0.229386 0.571149
0.477533 0.811460 0.708554 0.187545 0.831776 0.078812 0.163000 0.751752 0.702172 0.986163 0.155606 0.766843
0.394349 0.812882 0.771984 0.273866 0.790401 0.049253 0.130740 0.828581 0.685729 0.929927 0.076409 0.630774
0.475050 0.850189 0.748187 0.115505 0.766200 0.109020 0.136980 0.755193 0.787112 0.944566 0.112088 0.707778
0.287999 0.820637 0.725963 0.326270 0.917543 0.072856 0.114189 0.880045 0.697415 0.934920 0.210553 0.696545
0.386349 0.756268 0.710815 0.263306 0.776191 0.097686 0.185500 0.762212 0.601301 0.884766 0.186274 0.641564
0.418757 0.747986 0.775540 0.169332 0.870022 -0.010179 0.118438 0.812576 0.634832 0.974190 0.095161 0.621511
0.364539 0.763746 0.781189 0.273120 0.707005 0.153022 0.196975 0.773058 0.690439 0.891298 0.036611 0.686300
0.441357 0.739567 0.657528 0.376130 0.848163 0.128635 0.138052 0.786280 0.608230 0.870603 0.192606 0.688677
0.296629 0.777625 0.637621 0.219994 0.866371 0.031743 0.125384 0.814127 0.689347 0.884761 0.027334 0.632563
0.421731 0.888279 0.781987 0.251077 0.725273 0.125362 0.206618 0.864355 0.716748 0.922658 0.145055 0.671519
0.380970 0.826673 0.745982 0.264007 0.716757 0.061896 0.193698 0.845046 0.656116 0.908521 0.232014 0.725264
0.433858 0.769970 0.825367 0.265455 0.734466 0.055637 0.184537 0.901946 0.613881 0.979189 0.095750 0.652502
0.376280 0.759267 0.760369 0.177182 0.873782 0.157095 0.138570 0.773339 0.658088 0.948556 0.186913 0.678328
0.349076 0.812944 0.783845 0.238302 0.788084 0.168965 0.174374 0.821558 0.685223 0.967952 0.193967 0.758266
0.356321 0.794876 0.711978 0.216579 0.776684 0.090079 0.142562 0.785334 0.688589 0.956867 0.080566 0.685566
0.351807 0.816399 0.820855 0.276407 0.768050 0.160866 0.187224 0.741106 0.657810 0.964534 0.125314 0.694500
0.459786 0.778198 0.623557 0.154965 0.768057 0.164966 0.163924 0.844702 0.773629 0.957813 0.172071 0.662545
0.404626 0.770244 0.765043 0.218430 0.776330 0.035935 0.224013 0.806738 0.647355 0.933691 0.176565 0.717971
0.372715 0.771125 0.784866 0.192801 0.756979 0.213021 0.156212 0.851906 0.715455 0.880001 0.205393 0.711517
0.371286 0.869676 0.836912 0.213574 0.775467 0.099963 0.117653 0.864288 0.784822 0.819879 0.208366 0.721160
0.412467 0.841945 0.761979 0.257462 0.810842 0.091673 0.189263 0.745153 0.659465 0.924571 0.114775 0.741585
0.274381 0.718703 0.702096 0.263462 0.850280 0.063553 0.176760 0.713778 0.654194 0.934506 0.216717 0.695062
0.414176 0.851826 0.688003 0.182903 0.705604 0.060874 0.152662 0.722240 0.559039 0.923203 0.141215 0.734758
0.404042 0.795558 0.799268 0.232559 0.831641 0.124553 0.130726 0.865585 0.705409 0.947381 0.189468 0.692670
0.309946 0.683899 0.655072 0.271965 0.793363 0.030175 0.058663 0.808782 0.631642 0.926421 0.159550 0.646641
0.461469 0.876249 0.701090 0.215451 0.837414 0.102820 0.222504 0.786173 0.571294 0.917480 0.131003 0.586368
0.429906 0.847784 0.808368 0.210374 0.864773 0.115354 0.231639 0.792474 0.718227 1.009820 0.091460 0.679999
0.401913 0.756593 0.743762 0.269059 0.751836 0.112901 0.115791 0.782546 0.767453 0.909963 0.220016 0.716410
0.419550 0.850292 0.743444 0.243736 0.817491 -0.003928 0.108435 0.851603 0.675338 0.992218 0.139802 0.726556
0.414682 0.638185 0.789940 0.216401 0.732652 0.089040 0.075236 0.783096 0.694553 0.803911 0.143266 0.680387
0.453736 0.939426 0.707629 0.147500 0.802536 0.037765 0.272154 0.810487 0.662436 0.932044 0.186119 0.666923
0.437844 0.780727 0.756185 0.206897 0.782769 0.125154 0.175112 0.822814 0.603738 1.004555 0.119355 0.619354
0.497615 0.750644 0.670832 0.221984 0.786065 0.041901 0.182940 0.863490 0.692140 0.871907 0.211983 0.659288
0.386923 0.714688 0.723476 0.190966 0.747780 0.156100 0.163215 0.803326 0.633599 0.926712 0.172398 0.689929
0.425167 0.675387 0.750779 0.286993 0.867047 -0.022198 0.173333 0.752663 0.585416 0.893157 0.095242 0.697730
0.495303 0.767871 0.691425 0.262610 0.799271 0.008338 0.074188 0.816473 0.710859 0.980697 0.214201 0.718995
0.295594 0.787599 0.740746 0.237384 0.821727 0.045426 0.131610 0.790166 0.714378 0.843507 0.241682 0.676237
0.339866 0.803803 0.657872 0.250259 0.784402 0.162589 0.112499 0.763230 0.635450 0.907589 0.204411 0.681717
0.449640 0.778451 0.707936 0.235916 0.797385 0.126100 0.098902 0.765785 0.686153 0.837675 0.105186 0.691342
0.397038 0.788699 0.704289 0.257303 0.768111 0.095485 0.102598 0.779916 0.730226 0.945712 0.131551 0.777746
0.273764 0.840984 0.787629 0.237600 0.711889 0.149769 0.205650 0.741043 0.684250 0.849615 0.203634 0.715487
0.408137 0.753366 0.777758 0.260694 0.782818 0.072659 0.071473 0.817014 0.754662 0.914292 0.074091 0.745529
0.384701 0.755259 0.721213 0.249319 0.860574 0.102196 0.145716 0.795909 0.660672 0.879086 0.095179 0.641159
0.413643 0.816120 0.778638 0.215092 0.857276 0.076240 0.147159 0.736224 0.592702 0.840681 0.201276 0.711432
0.433608 0.747239 0.766018 0.365754 0.785433 0.107303 0.128793 0.766703 0.668461 0.992140 0.115655 0.717438
0.409974 0.858650 0.773430 0.300067 0.800010 0.080054 0.226472 0.762294 0.552898 0.957638 0.143535 0.773464
0.450485 0.822454 0.649757 0.281856 0.799593 0.140835 0.150365 0.819242 0.551698 0.896881 0.145623 0.645548
0.470317 0.860145 0.735294 0.189340 0.786770 0.201020 0.174281 0.774666 0.672499 0.965617 0.201033 0.673245
0.466764 0.735987 0.707203 0.245299 0.703484 0.139763 0.176107 0.834120 0.685962 0.986646 0.188214 0.828589
0.396445 0.809618 0.674478 0.283675 0.803465 0.052170 0.120882 0.801061 0.649232 0.897292 0.175399 0.759405
0.376259 0.826077 0.686548 0.314005 0.839190 0.113298 0.104979 0.805568 0.650812 0.890707 0.057234 0.675845
0.393728 0.708010 0.758535 0.333272 0.729070 0.091488 0.246406 0.806275 0.672219 0.925752 0.217403 0.633285
0.426009 0.837382 0.810288 0.221020 0.815003 0.141864 0.159625 0.737652 0.667614 0.916802 0.072844 0.713227
0.428405 0.813327 0.724229 0.231392 0.887480 -0.002273 0.238442 0.876080 0.595369 0.930798 0.095107 0.659285
0.376270 0.748300 0.722606 0.209626 0.725195 0.112128 0.150688 0.851853 0.599901 0.840720 0.165588 0.624256
0.443471 0.722866 0.772919 0.247562 0.786797 0.073836 0.104720 0.721857 0.708797 0.916659 0.236105 0.669408
0.421854 0.872501 0.761224 0.250162 0.812049 0.161257 0.199987 0.799899 0.663738 0.913654 0.172097 0.685904
0.489499 0.761929 0.742200 0.253142 0.822923 0.085765 0.170625 0.777744 0.675699 0.830654 0.074271 0.711964
0.441147 0.796615 0.699833 0.240621 0.808792 0.130126 0.112687 0.814173 0.725260 0.930111 0.112959 0.708101
0.369505 0.759533 0.732334 0.172662 0.828605 0.056812 0.110366 0.779755 0.704620 0.877376 0.182793 0.695446
0.410656 0.857902 0.708036 0.264451 0.765713 0.018793 0.125761 0.791119 0.677436 0.917905 0.116475 0.753133
0.386087 0.701425 0.753168 0.233124 0.782489 0.106599 0.158719 0.874936 0.688671 0.914611 0.158100 0.694347
0.373594 0.849465 0.752797 0.073731 0.811444 0.047971 0.111969 0.752977 0.690496 0.888821 0.182169 0.720451
0.361403 0.762695 0.677490 0.177295 0.831157 0.142588 0.178047 0.795911 0.748178 0.940288 0.239335 0.656210
0.334722 0.790013 0.737526 0.155861 0.871327 0.199851 0.280830 0.885489 0.727358 1.027255 0.098593 0.715423
0.430264 0.764449 0.855722 0.267213 0.773090 0.144143 0.165926 0.858383 0.616714 0.897630 0.006437 0.769121
0.417375 0.707671 0.728511 0.232248 0.795906 0.161094 0.143097 0.772725 0.725611 0.919890 0.274577 0.586256
0.422300 0.805532 0.697760 0.267550 0.790009 0.134246 0.239983 0.715202 0.650486 0.993345 0.211712 0.730368
0.345699 0.780257 0.649355 0.279672 0.871522 0.111185 0.062031 0.804088 0.577939 0.955709 0.102968 0.708988
0.441791 0.793437 0.799435 0.259482 0.801457 0.073476 0.208718 0.783152 0.628072 0.957240 0.146763 0.730310
0.380721 0.746605 0.712106 0.211385 0.800758 0.156789 0.122723 0.888718 0.732063 0.917505 0.158402 0.735890
0.391080 0.847265 0.829035 0.160394 0.828366 0.108228 0.168640 0.837915 0.681696 0.915146 0.235871 0.684119
0.443377 0.856713 0.698194 0.236078 0.764201 0.105743 0.158024 0.782380 0.771509 1.000778 0.081822 0.735770
0.445051 0.779596 0.704933 0.338638 0.782216 0.040120 0.147987 0.728217 0.635978 0.829455 0.236552 0.625817
0.370704 0.640583 0.748696 0.199817 0.821648 0.151478 0.194308 0.874010 0.680393 0.928061 0.192356 0.730364
0.319854 0.802680 0.751398 0.313991 0.856772 0.074411 0.154707 0.773810 0.686014 0.988753 0.167227 0.699582
0.317974 0.786241 0.738979 0.241568 0.872342 0.083840 0.169904 0.790545 0.608137 0.948395 0.251178 0.729747
0.426327 0.810044 0.661996 0.201024 0.796370 0.139782 0.145499 0.826106 0.714321 0.944699 0.190203 0.600476
0.455386 0.758440 0.681828 0.305510 0.828566 0.108662 0.177692 0.757571 0.580029 0.972927 0.129194 0.626411
0.351888 0.715892 0.817098 0.234602 0.764045 0.017086 0.147259 0.793953 0.696059 0.969271 0.197027 0.662188
0.410722 0.766522 0.728614 0.294702 0.801873 0.052948 0.141282 0.722822 0.651851 0.860648 0.166836 0.727825
0.413391 0.819445 0.795574 0.219143 0.769791 0.137900 0.225180 0.799070 0.661236 0.930808 0.171432 0.770815
0.365210 0.752357 0.702919 0.215604 0.828775 0.074453 0.199434 0.742673 0.620900 0.940776 0.247586 0.674557
0.446646 0.749607 0.684444 0.278778 0.817028 0.088998 0.205796 0.883982 0.643987 0.789481 0.235552 0.731067
0.358678 0.832608 0.744872 0.244971 0.865705 0.068835 0.077234 0.821512 0.688126 0.913122 0.157296 0.649644
0.420785 0.773611 0.745511 0.243669 0.763056 0.054802 0.117437 0.845855 0.650807 0.930709 0.128020 0.718499
0.427327 0.783049 0.824409 0.188437 0.767628 0.066491 0.187123 0.800579 0.639759 1.000407 0.180928 0.674051
0.299328 0.725151 0.721370 0.257430 0.863012 0.080785 0.158145 0.850004 0.679100 0.868245 0.189684 0.685721
0.424834 0.736458 0.662201 0.209245 0.758343 0.178527 0.173242 0.770831 0.648636 0.915787 0.102430 0.697435
0.402701 0.847068 0.630115 0.245370 0.731892 0.002485 0.180609 0.836248 0.584711 0.851639 0.280719 0.747193
0.428841 0.796050 0.605415 0.207764 0.832791 0.007546 0.165595 0.844106 0.725553 0.898739 0.231458 0.762345
0.359533 0.745409 0.797919 0.176067 0.785543 0.075599 0.201468 0.762285 0.658383 1.005019 0.132528 0.684214
0.374272 0.783359 0.775250 0.318959 0.850978 0.099302 0.067487 0.821355 0.589137 0.931525 0.137524 0.736854
0.430236 0.667033 0.729099 0.201521 0.790978 0.056519 0.078757 0.790323 0.740852 0.939881 0.110480 0.716084
0.408288 0.820499 0.740008 0.316956 0.901832 0.105845 0.248872 0.815888 0.601407 0.966091 0.077230 0.694056
0.411412 0.787124 0.706290 0.276776 0.782971 0.131971 0.132883 0.752577 0.710340 0.927418 0.144477 0.677750
0.320604 0.766122 0.751412 0.184005 0.806036 0.015970 0.237171 0.848893 0.640216 0.933375 0.210252 0.623204
0.306336 0.747843 0.633980 0.217416 0.717609 0.033765 0.223660 0.753239 0.646367 0.865087 0.123231 0.667673
0.404316 0.747156 0.756920 0.303133 0.797156 0.066942 0.175474 0.760313 0.713507 0.882415 0.137775 0.635774
0.408225 0.787323 0.779985 0.229966 0.788705 0.025185 0.193999 0.722691 0.732001 0.870541 0.211768 0.655441
0.346841 0.786556 0.603225 0.247932 0.739189 0.088100 0.122490 0.770794 0.741440 0.948522 0.182853 0.637141
0.382775 0.752526 0.739265 0.230116 0.767671 0.077851 0.170090 0.800806 0.688158 0.887677 0.174280 0.664016
0.380588 0.762875 0.709563 0.250692 0.775930 0.128579 0.067268 0.742677 0.648829 0.929816 0.163476 0.769275
0.434739 0.873735 0.715013 0.318912 0.792800 0.140514 0.210971 0.804843 0.709082 0.985689 0.114115 0.648386
0.413459 0.882534 0.760956 0.353071 0.842993 0.105051 0.220129 0.761153 0.693815 0.939664 0.209897 0.696097
0.419877 0.872436 0.752752 0.184036 0.799141 0.064189 0.170540 0.801468 0.602054 0.965293 0.145493 0.640940
0.442784 0.862619 0.745621 0.263813 0.771509 0.124526 0.186198 0.860636 0.623847 0.966960 0.134721 0.678104
0.403806 0.807745 0.715506 0.260483 0.860379 0.120031 0.143936 0.954321 0.634544 0.907316 0.115686 0.838571
0.425325 0.788557 0.774888 0.228280 0.796694 -0.009857 0.093596 0.729871 0.661819 0.849407 0.174356 0.712139
0.474565 0.739461 0.736179 0.194740 0.733059 0.134616 0.110495 0.808288 0.754618 0.969757 0.201231 0.681429
0.397367 0.747774 0.649005 0.204835 0.839782 0.111438 0.161441 0.839150 0.663006 0.972701 0.168503 0.689572
0.445883 0.817429 0.755549 0.218793 0.742679 0.037526 0.250154 0.783159 0.636255 0.925120 0.174772 0.749733
0.391223 0.785000 0.748750 0.204907 0.787782 0.107014 0.120911 0.829654 0.786538 0.827012 0.049477 0.727117
0.420897 0.764612 0.771474 0.275644 0.779848 0.147158 0.231166 0.767887 0.747460 0.883012 0.161163 0.671509
0.465166 0.873189 0.721909 0.348115 0.748834 0.115466 0.127698 0.745402 0.561748 0.966981 0.206320 0.707750
0.360948 0.823234 0.627050 0.264194 0.784205 0.036238 0.154533 0.789419 0.600490 0.935260 0.049516 0.719773
0.482207 0.770804 0.696224 0.247984 0.739182 0.149462 0.171171 0.821475 0.671954 0.887501 0.229220 0.761908
0.408846 0.750802 0.681055 0.301872 0.757954 0.159365 0.300610 0.822185 0.617678 0.898667 0.204610 0.656554
0.464903 0.733824 0.760500 0.266943 0.795615 0.080678 0.151267 0.849979 0.746384 0.975802 0.120778 0.639793
0.393101 0.743272 0.767090 0.164177 0.740925 0.078794 0.203815 0.805435 0.620396 0.886461 0.052163 0.741146
0.481542 0.824414 0.732372 0.220364 0.729182 0.065052 0.119175 0.903562 0.662626 0.849542 0.186182 0.726958
0.466293 0.761059 0.740374 0.287462 0.802078 0.161358 0.197152 0.812762 0.730004 0.940008 0.148305 0.623626
0.425724 0.769219 0.798260 0.246906 0.817050 0.054678 0.164753 0.844079 0.678975 0.932289 0.265446 0.726081
0.410200 0.781589 0.751749 0.208523 0.778692 0.071686 0.158986 0.883658 0.697973 0.866539 0.135872 0.710417
0.362412 0.723521 0.759898 0.241920 0.860600 0.074674 0.163845 0.773854 0.620052 0.979632 0.172687 0.733826
0.404880 0.749174 0.773716 0.195501 0.760823 0.061080 0.111589 0.808762 0.574319 0.959825 0.098609 0.735379
0.425763 0.739138 0.713124 0.205248 0.842566 0.053750 0.158580 0.758735 0.689179 0.890960 0.150832 0.685946
0.373650 0.806155 0.692626 0.301194 0.799377 0.009055 0.096921 0.793602 0.712438 0.933602 0.243571 0.820966
0.328328 0.845695 0.598674 0.250918 0.827933 0.106890 0.087047 0.890862 0.635014 0.759577 0.085758 0.717257
0.472765 0.816376 0.809024 0.182663 0.839531 0.134125 0.084750 0.743609 0.610422 0.910562 0.205832 0.658032
0.387769 0.729506 0.789365 0.326135 0.763742 0.055829 0.124687 0.792380 0.703655 0.855978 0.183531 0.655659
0.417229 0.765563 0.739918 0.370171 0.709390 0.171942 0.101263 0.759728 0.729638 0.921231 0.191385 0.698253
0.431550 0.696258 0.696277 0.236803 0.820446 0.025785 0.108804 0.836759 0.785254 0.957114 0.179157 0.685722
0.434552 0.799184 0.747203 0.270915 0.685511 0.127982 0.147864 0.737305 0.643310 0.885098 0.184024 0.756699
0.329929 0.773919 0.635722 0.227060 0.843565 0.089182 0.250306 0.730186 0.552769 0.865570 0.156330 0.728485
0.454967 0.792916 0.701937 0.300007 0.725592 0.119708 0.154245 0.822748 0.687084 0.871680 0.137268 0.744527
0.426749 0.856612 0.785328 0.210925 0.792430 0.075607 0.152106 0.840734 0.650539 0.930012 0.082792 0.783851
0.393280 0.700653 0.808267 0.303452 0.812115 0.024885 0.160869 0.810109 0.731551 0.874310 0.214481 0.635364
0.443794 0.798701 0.621258 0.294912 0.690125 0.153142 0.176285 0.731049 0.698984 1.016087 0.207181 0.674415
0.393516 0.709093 0.612082 0.232262 0.793754 0.119845 0.112520 0.820661 0.666521 0.953109 0.177135 0.670045
0.404263 0.881853 0.709153 0.225959 0.759651 0.089248 0.154292 0.839834 0.724225 0.903116 0.229081 0.566032
0.377930 0.818809 0.768954 0.193861 0.863783 0.107797 0.146298 0.897884 0.675034 0.833528 0.173094 0.664863
0.423226 0.856106 0.666422 0.304221 0.763851 0.153138 0.241849 0.727820 0.616669 0.958062 0.106318 0.666399
0.387564 0.791001 0.710647 0.252117 0.828311 0.053308 0.216525 0.733187 0.638965 1.052026 0.115356 0.762352
0.329237 0.729053 0.638729 0.195684 0.780949 0.136985 0.197402 0.805585 0.682283 0.919320 0.209085 0.607470
0.396993 0.802516 0.745527 0.325046 0.856979 0.121234 0.092733 0.793156 0.647344 1.005602 0.154505 0.651403
0.357506 0.712335 0.757123 0.246025 0.820491 0.058794 0.122065 0.724183 0.649009 1.015986 0.142755 0.732148
0.348157 0.830114 0.775806 0.246727 0.769232 0.058492 0.245531 0.827904 0.637848 0.888874 0.226111 0.702805
0.349176 0.769561 0.801607 0.399531 0.727391 0.062801 0.155031 0.853790 0.710937 0.943923 0.249755 0.748758
0.436851 0.823428 0.710636 0.218309 0.710465 0.099418 0.147130 0.891696 0.718740 0.966897 0.156724 0.692059
0.435539 0.821959 0.807020 0.259889 0.748573 0.102120 0.135457 0.825100 0.684164 0.935192 0.251942 0.707732
0.428498 0.770958 0.721056 0.251889 0.764487 0.158305 0.192163 0.863608 0.657479 0.945395 0.203288 0.661597
0.443657 0.775743 0.766191 0.246951 0.792849 0.076404 0.134866 0.795048 0.580574 0.930441 0.163517 0.791603
0.402470 0.721157 0.815028 0.247773 0.836814 0.089155 0.212382 0.842111 0.666293 0.844324 0.177881 0.724175
0.481853 0.874734 0.878913 0.190355 0.843715 0.163188 0.136023 0.791766 0.628660 0.979138 0.171653 0.763287
0.416579 0.822678 0.777283 0.241189 0.790226 0.063200 0.258634 0.793483 0.630841 0.880325 0.106813 0.583480
0.391042 0.684238 0.746011 0.195849 0.735214 0.079102 0.168559 0.781419 0.659545 0.859205 0.211965 0.624244
0.338918 0.765964 0.676355 0.234138 0.747199 0.126324 0.110129 0.788645 0.650754 0.943047 0.114199 0.725956
0.401577 0.811675 0.732616 0.222838 0.790182 0.121121 0.145942 0.777427 0.621780 0.878224 0.117366 0.696954
0.432955 0.755182 0.670261 0.245540 0.871501 0.132607 0.111452 0.905944 0.729314 0.854978 0.154457 0.634888
0.263224 0.759170 0.690293 0.167801 0.795431 0.014373 0.106481 0.820064 0.591368 0.907345 0.215840 0.637928
0.443363 0.751032 0.773185 0.307487 0.866953 0.103630 0.186843 0.817432 0.682026 0.977655 0.194492 0.671506
0.392742 0.819391 0.656799 0.287629 0.811741 0.025212 0.139165 0.780095 0.722568 0.948597 0.236036 0.720889
0.405140 0.764688 0.744161 0.119155 0.776316 0.144591 0.209909 0.936995 0.671508 0.938352 0.133001 0.747899
0.373973 0.775292 0.725627 0.263994 0.802402 0.067164 0.126272 0.744388 0.714888 0.909781 0.086105 0.670519
0.420031 0.759183 0.699830 0.263595 0.740608 0.149622 0.116434 0.691121 0.698537 0.990148 0.154108 0.677504
0.395056 0.887047 0.724020 0.245733 0.735789 0.102091 0.098682 0.825952 0.715848 0.890714 0.145621 0.688288
0.430417 0.826435 0.730329 0.285800 0.719070 0.079102 0.182212 0.823364 0.681063 0.962850 0.159836 0.691379
0.364847 0.719722 0.650577 0.278950 0.831131 0.061901 0.089517 0.861242 0.669558 0.973866 0.175578 0.694274
0.415939 0.744154 0.805390 0.270701 0.869369 0.112661 0.166312 0.751458 0.628349 0.866944 0.152802 0.681316
0.433237 0.640275 0.783452 0.261244 0.725222 0.005144 0.163731 0.842967 0.655264 0.853946 0.080151 0.698143
0.335046 0.811886 0.801627 0.273363 0.813324 0.072154 0.138107 0.792570 0.609968 0.919556 0.181673 0.700119
0.427550 0.805110 0.729630 0.159801 0.780794 0.095445 0.207276 0.741259 0.595526 0.928990 0.226794 0.697820
0.402792 0.724130 0.757697 0.212396 0.814296 0.049076 0.145086 0.779314 0.628572 1.052888 0.198139 0.680651
0.420366 0.812577 0.757754 0.241578 0.704064 0.083022 0.195450 0.803603 0.662741 0.902212 0.242331 0.743943
0.352086 0.810068 0.722215 0.214899 0.822148 0.068844 0.164988 0.848685 0.658187 0.912152 0.080433 0.638195
0.425335 0.787803 0.587383 0.187868 0.795100 0.009707 0.096387 0.765067 0.738477 1.002860 0.063498 0.705840
0.444305 0.822288 0.680625 0.277990 0.752786 0.189268 0.149489 0.848707 0.703524 0.880292 0.150331 0.695127
0.354966 0.788995 0.706000 0.090795 0.791210 0.024325 0.190418 0.802284 0.649694 0.861212 0.149768 0.730840
0.421074 0.784123 0.703926 0.267149 0.751031 0.149055 0.074874 0.731576 0.693498 0.940689 0.135887 0.713140
0.375541 0.793084 0.674618 0.310120 0.777099 0.122689 0.180262 0.779637 0.724735 0.943219 0.180386 0.641479
0.420910 0.829225 0.687454 0.271171 0.845246 0.073481 0.181930 0.780319 0.676376 0.794502 0.168923 0.705091
0.317741 0.851134 0.751302 0.222849 0.802913 0.040134 0.237945 0.747386 0.636874 0.862671 0.269248 0.749138
0.335021 0.804185 0.867587 0.226902 0.744272 0.105933 0.113602 0.764162 0.599414 0.923635 0.113222 0.768110
0.367558 0.841171 0.794033 0.157921 0.871052 0.075307 0.077660 0.858876 0.715082 0.872505 0.186494 0.707466
0.284313 0.748344 0.750248 0.239887 0.711670 0.072921 0.220450 0.883356 0.633333 0.910860 0.207536 0.774884
0.461027 0.798356 0.809012 0.237634 0.832386 0.151340 0.151814 0.752549 0.645288 0.952815 0.157800 0.752805
0.377312 0.733305 0.726408 0.358475 0.826487 0.083102 0.223098 0.838610 0.721189 0.847782 0.187489 0.760483
0.414925 0.832663 0.735879 0.252033 0.823024 0.022321 0.238050 0.778095 0.670600 0.936277 0.159957 0.686557
0.437197 0.758965 0.740156 0.208467 0.825735 -0.004448 0.175121 0.837399 0.644350 0.917248 0.097984 0.604190
0.553428 0.677988 0.692367 0.246989 0.775920 0.168906 0.096716 0.712153 0.661766 0.871898 0.085590 0.672026
0.400974 0.844618 0.790560 0.161338 0.781365 0.012119 0.092237 0.785433 0.622913 0.966236 0.167634 0.647357
0.350519 0.828009 0.683570 0.278274 0.767041 0.136948 0.147566 0.846826 0.679049 0.899965 0.095298 0.646971
0.502668 0.827438 0.724935 0.259605 0.788889 0.100649 0.216690 0.816867 0.699233 0.895812 0.238656 0.705792
0.430496 0.801103 0.717020 0.182204 0.775764 0.032527 0.228027 0.844013 0.721048 0.866050 0.254945 0.651582
0.438898 0.774167 0.676034 0.215751 0.692603 0.117644 0.077803 0.868841 0.688366 0.935394 0.211708 0.711607
0.450128 0.696648 0.602054 0.328863 0.763840 0.047595 0.206033 0.861906 0.670977 0.914357 0.075881 0.720836
0.337082 0.799551 0.720029 0.290922 0.805279 0.164928 0.119143 0.813868 0.705651 0.983561 0.168137 0.600186
0.384775 0.773696 0.758163 0.198320 0.776851 0.145371 0.188055 0.727974 0.541947 0.895912 0.228224 0.660627
0.370789 0.861156 0.659576 0.284653 0.776169 0.067625 0.138461 0.803437 0.735585 0.919147 0.219761 0.719443
0.402356 0.768434 0.640782 0.278875 0.814142 0.092826 0.175232 0.771820 0.602886 0.872887 0.184817 0.711962
0.405356 0.735244 0.749777 0.197024 0.766295 0.051293 0.041850 0.713486 0.674338 0.971540 0.105745 0.625630
0.354342 0.772089 0.758325 0.255663 0.746799 0.094736 0.185456 0.835293 0.551076 0.902584 0.132935 0.690819
0.415818 0.819953 0.806537 0.252440 0.766854 0.141871 0.147012 0.757104 0.654661 0.980619 0.272164 0.705078
0.431937 0.744385 0.710356 0.178741 0.855365 0.201487 0.232214 0.791706 0.728931 0.900397 0.168481 0.704285
0.410704 0.859365 0.707910 0.164199 0.844688 0.121283 0.228929 0.830245 0.703648 0.857932 0.241189 0.694095
0.319319 0.778099 0.749920 0.249699 0.709335 0.059361 0.187552 0.835733 0.609875 0.962101 0.064742 0.721921
0.299854 0.754111 0.673448 0.315268 0.766683 0.159650 0.112283 0.813185 0.624129 0.884511 0.253183 0.764824
0.486731 0.801771 0.779868 0.243185 0.781319 0.116732 0.271600 0.753701 0.723289 0.795532 0.208476 0.747577
0.334590 0.823537 0.701320 0.157418 0.798406 0.078244 0.211849 0.773666 0.747463 0.923780 0.238892 0.762485
0.457355 0.789515 0.720868 0.248886 0.804530 0.118439 0.193037 0.837055 0.749276 0.951966 0.156633 0.670741
0.469184 0.740681 0.657747 0.127546 0.788375 0.051537 0.207267 0.716345 0.685359 0.975435 0.196189 0.679846
0.387518 0.855303 0.704420 0.225157 0.784245 0.064830 0.206013 0.706467 0.731237 0.974759 0.160379 0.758972
0.399509 0.961251 0.740527 0.248133 0.873277 0.034794 0.177247 0.812617 0.617522 0.932021 0.183994 0.817931
0.484809 0.739893 0.761822 0.255780 0.797809 0.117770 0.188455 0.827755 0.674353 0.955670 0.119215 0.664432
0.339149 0.789315 0.744560 0.239733 0.792537 0.129473 0.199709 0.768627 0.595420 0.858722 0.187412 0.719929
0.346052 0.781998 0.804824 0.153808 0.773897 0.010716 0.178901 0.771856 0.627652 0.896628 0.195285 0.791606
0.450097 0.775444 0.829749 0.281814 0.773358 0.105093 0.218826 0.808100 0.741119 0.926854 0.148355 0.668788
0.320717 0.673190 0.720334 0.188685 0.739377 0.086728 0.150811 0.812823 0.729527 0.925311 0.157662 0.695423
0.354248 0.778240 0.785803 0.201186 0.784275 0.133797 0.137092 0.836065 0.622747 0.981446 0.238298 0.718614
0.360592 0.793446 0.725903 0.245694 0.802141 0.138896 0.051394 0.754661 0.675759 0.895078 0.145826 0.628688
0.346317 0.717371 0.757661 0.201661 0.720973 0.111578 0.149694 0.770074 0.648009 0.912356 0.160294 0.711127
0.485390 0.799534 0.790169 0.316176 0.804721 0.052615 0.210179 0.874118 0.679543 0.911424 0.302478 0.747393
0.318513 0.822319 0.713824 0.377127 0.904945 0.163639 0.088892 0.716690 0.688402 0.877904 0.183659 0.754626
0.331844 0.725414 0.705200 0.279371 0.732984 0.035724 0.176817 0.879432 0.605467 0.860729 0.171233 0.697616
0.446211 0.856350 0.698288 0.179881 0.798939 0.042206 0.137967 0.776463 0.612173 0.879909 0.186782 0.697827
0.432085 0.763551 0.712743 0.171582 0.824653 0.132116 0.141440 0.779422 0.722895 0.853798 0.169224 0.716999
0.421465 0.765629 0.744165 0.204374 0.790671 0.084798 0.143764 0.823919 0.683724 0.945299 0.112416 0.695028
0.413484 0.720988 0.775126 0.170935 0.697133 0.166955 0.263300 0.872479 0.662509 0.857394 0.206267 0.686564
0.528258 0.846647 0.739867 0.266688 0.736891 0.174370 0.110301 0.800023 0.671147 0.944188 0.139074 0.650793
0.534292 0.733483 0.776372 0.202524 0.748101 0.146553 0.220820 0.910705 0.713811 1.013048 0.165548 0.671189
0.394266 0.819272 0.680182 0.199561 0.777017 0.146154 0.172155 0.754343 0.661297 0.927301 0.209374 0.694756
0.366265 0.798265 0.732050 0.350451 0.770818 -0.059275 0.195612 0.748591 0.756126 0.911951 0.167634 0.786389
0.509067 0.813007 0.766457 0.351266 0.695940 0.038645 0.101066 0.843910 0.584547 0.865693 0.161095 0.645542
0.368398 0.873425 0.691201 0.248219 0.668879 -0.008707 0.190428 0.816030 0.666250 0.885144 0.099491 0.621322
0.344962 0.771715 0.710250 0.237464 0.820623 0.005396 0.247809 0.809880 0.728293 0.979929 0.200432 0.725098
0.430735 0.788900 0.662188 0.287024 0.791874 0.093343 0.092647 0.755137 0.744045 0.892067 0.206856 0.542850
0.388685 0.843337 0.740901 0.257091 0.772826 0.067706 0.113684 0.816990 0.620496 0.936222 0.137592 0.618520
0.346174 0.807290 0.634709 0.308060 0.756379 0.110583 0.055041 0.807147 0.699450 0.924791 0.141192 0.685417
0.397586 0.839332 0.714925 0.216148 0.816883 0.103715 0.084432 0.672969 0.626940 0.962800 0.154195 0.686668
0.374419 0.803190 0.709043 0.285589 0.754115 0.113783 0.167995 0.821215 0.698499 0.880717 0.156589 0.757358
0.377699 0.680616 0.718713 0.218183 0.810671 0.184793 0.077815 0.896867 0.648139 0.970142 0.280316 0.684223
0.404631 0.802149 0.753649 0.271475 0.760505 0.057083 0.150440 0.780310 0.682320 0.842077 0.165639 0.744939
0.449378 0.810204 0.616325 0.220382 0.828291 0.056036 0.111926 0.775945 0.668411 0.894621 0.132181 0.675750
0.452978 0.797327 0.698082 0.258859 0.776415 0.050094 0.216385 0.816928 0.644215 1.027577 0.199964 0.625767
0.329971 0.845838 0.723628 0.320938 0.754467 0.069684 0.157751 0.777563 0.715160 0.855098 0.237490 0.685466
0.355572 0.787857 0.781721 0.270226 0.731961 0.110099 0.116771 0.808654 0.667162 0.957283 0.127755 0.756981
0.384565 0.709941 0.807624 0.218479 0.741501 0.123596 0.120370 0.858512 0.703127 1.017737 0.185862 0.609087
0.386100 0.811986 0.827238 0.258039 0.800232 0.088101 0.154945 0.862552 0.651684 0.858438 0.210126 0.651341
0.513509 0.746190 0.747013 0.268538 0.818421 0.018418 0.143999 0.855354 0.572801 0.914926 0.116981 0.662077
0.353635 0.715047 0.811053 0.227810 0.803160 0.107024 0.081080 0.833157 0.688747 0.887973 0.149671 0.745493
0.320326 0.811314 0.661977 0.205709 0.862511 0.024291 0.206700 0.855424 0.663203 0.919475 0.138226 0.631465
0.436560 0.794927 0.760964 0.232297 0.824960 0.015794 0.244211 0.790313 0.674043 0.917711 0.178294 0.590928
0.399645 0.765699 0.672835 0.238874 0.737179 0.090769 0.240595 0.781550 0.621552 0.874536 0.085643 0.699913
0.320554 0.815034 0.773882 0.291751 0.879966 0.180373 0.157051 0.759781 0.708835 0.841838 0.072005 0.708495
0.368580 0.819690 0.839965 0.190070 0.745498 0.069851 0.211611 0.770054 0.722234 0.882807 0.115630 0.675397
0.388575 0.806011 0.709265 0.115089 0.870351 0.036577 0.108404 0.744377 0.705308 0.916514 0.228851 0.728206
0.438995 0.817843 0.749302 0.229348 0.795328 0.023482 0.127905 0.850991 0.670746 0.875395 0.133525 0.697387
0.374289 0.799303 0.751151 0.267051 0.870061 0.113821 0.218193 0.822181 0.655216 0.811640 0.225865 0.618108
0.439254 0.807848 0.667561 0.227728 0.824371 -0.004572 0.106917 0.805940 0.672583 0.922950 0.187492 0.788113
0.425560 0.780927 0.659524 0.221645 0.849130 -0.064536 0.178758 0.750594 0.620908 0.983849 0.148101 0.651772
0.372004 0.738737 0.824832 0.168459 0.791512 0.096191 0.110755 0.878605 0.726347 0.945242 0.190528 0.657445
0.402421 0.769998 0.698223 0.230230 0.799636 0.092032 0.148802 0.819786 0.678459 0.951926 0.188584 0.696734
0.329454 0.781763 0.670304 0.233595 0.755482 0.046334 0.139504 0.719133 0.665214 0.946093 0.165797 0.685518
0.409463 0.805076 0.686006 0.277933 0.760065 0.077778 0.201047 0.833932 0.736752 0.861974 0.112773 0.783233
0.417597 0.843779 0.697397 0.306226 0.902371 0.031417 0.136225 0.778636 0.702486 0.892717 0.124456 0.705054
0.414099 0.786390 0.742229 0.271298 0.779707 0.063945 0.099703 0.704091 0.728994 0.890491 0.189562 0.721366
0.403138 0.717808 0.708888 0.206384 0.806328 0.093102 0.156256 0.821730 0.606010 0.920838 0.222963 0.627039
0.352931 0.811419 0.613120 0.186539 0.804311 0.127301 0.057426 0.728722 0.637258 0.871289 0.105120 0.629393
0.498041 0.804726 0.709052 0.267204 0.762047 0.112854 0.072120 0.907588 0.579480 0.889623 0.212589 0.655280
0.410422 0.769434 0.732932 0.172560 0.778075 0.040144 0.206583 0.876568 0.708214 0.926568 0.182728 0.796207
0.413667 0.803578 0.761098 0.216941 0.806482 0.042502 0.141053 0.866732 0.715271 0.920662 0.131679 0.708795
0.338469 0.780227 0.718921 0.198145 0.798557 0.031683 0.138337 0.799983 0.743940 0.960724 0.227597 0.639845
0.441080 0.764088 0.732686 0.217772 0.782726 0.086737 0.131359 0.773447 0.713695 0.863061 0.198911 0.735364
0.294249 0.758363 0.655632 0.248699 0.775239 0.116108 0.238988 0.805451 0.622353 0.970665 0.108416 0.678100
0.408694 0.764418 0.837603 0.313706 0.724358 0.060429 0.187830 0.771772 0.673138 0.914620 0.230507 0.719599
0.464244 0.748668 0.661925 0.231471 0.710452 -0.020212 0.224484 0.745429 0.724212 0.972254 0.185809 0.642256
0.343940 0.725192 0.705975 0.153072 0.746983 0.142333 0.126406 0.713768 0.669876 0.979643 0.156471 0.752211
0.427791 0.812033 0.744006 0.195783 0.806451 0.055470 0.200083 0.796765 0.623420 0.906943 0.176036 0.668612
0.335099 0.782536 0.735090 0.289661 0.825634 0.216966 0.132380 0.845181 0.703329 0.912251 0.079625 0.709049
0.474419 0.723277 0.659526 0.148168 0.811773 0.063738 0.212448 0.794410 0.706258 1.037591 0.181817 0.636618
0.335369 0.808166 0.805231 0.306294 0.782338 0.203832 0.233716 0.759214 0.672025 0.848065 0.179145 0.750395
0.398643 0.790850 0.735986 0.249931 0.833462 0.166311 0.144717 0.858161 0.712982 0.823061 0.126869 0.655106
0.352380 0.824945 0.774199 0.288757 0.778476 0.116422 0.174291 0.835083 0.707520 1.016328 0.149922 0.760830
0.368053 0.777388 0.765472 0.237414 0.800177 0.084786 0.158441 0.830665 0.692071 0.985563 0.186154 0.636903
0.435296 0.760671 0.725986 0.216370 0.770452 0.006321 0.113884 0.813071 0.724513 0.934316 0.090732 0.683970
0.345985 0.851894 0.827896 0.194960 0.809098 0.184040 0.057673 0.743347 0.642786 0.960019 0.273320 0.662440
0.436947 0.662170 0.756218 0.280637 0.789611 0.093561 0.111863 0.825271 0.672152 0.967239 0.147660 0.804948
0.463419 0.771184 0.756217 0.136197 0.741134 0.065405 0.197135 0.765194 0.750763 0.900221 0.161748 0.650212
0.417740 0.769418 0.815677 0.215587 0.789670 0.096105 0.209899 0.843756 0.675607 0.908670 0.179387 0.622041
0.449041 0.831149 0.771567 0.197382 0.829833 0.077649 0.144672 0.810684 0.689433 0.914689 0.163060 0.657690
0.401577 0.722813 0.681913 0.206761 0.826345 0.051552 0.196595 0.780116 0.561941 0.895394 0.087280 0.749184
0.347866 0.751144 0.776711 0.129472 0.842424 0.036007 0.157384 0.704666 0.710307 0.902058 0.120673 0.786508
0.486162 0.746566 0.693307 0.386452 0.850009 0.075584 0.228541 0.822206 0.715313 0.873398 0.171339 0.738077
0.398290 0.769216 0.734201 0.251582 0.888724 0.172955 0.217092 0.812200 0.685627 0.959281 0.228689 0.739585
0.416751 0.831047 0.785254 0.234272 0.754034 0.115987 0.151638 0.786550 0.667257 0.895305 0.123495 0.680421
0.177414 0.351909 1.038589 0.238499 0.650102 0.091762 0.193588 -0.055406 0.332502 0.839410 0.745238 1.036160
0.275433 0.265195 0.850331 0.245604 0.669221 0.116207 0.163048 0.028086 0.265384 0.744756 0.702650 0.963993
0.195116 0.303667 1.055783 0.318219 0.605022 0.140192 0.294192 0.106188 0.248947 0.816278 0.530505 1.024514
0.164411 0.363695 1.096763 0.317280 0.583322 0.140405 0.127584 0.036467 0.209784 0.762246 0.574452 0.945076
0.176419 0.265376 0.947992 0.294718 0.660236 0.119288 0.200808 -0.013742 0.283547 0.739323 0.636990 1.008275
0.217328 0.289097 0.973663 0.287905 0.559711 0.060289 0.288474 0.006952 0.266618 0.773599 0.707843 0.870573
0.169438 0.287854 1.033910 0.284190 0.670613 0.224407 0.207970 0.000836 0.244149 0.788205 0.637262 1.031482
0.126414 0.268207 0.952745 0.361178 0.576746 0.129803 0.212616 -0.029701 0.223497 0.726592 0.667680 0.978029
0.147868 0.373055 0.982895 0.320285 0.645515 0.107964 0.116409 -0.032770 0.248014 0.741576 0.599098 1.070558
0.177322 0.323457 1.072186 0.196955 0.598686 0.111123 0.184417 -0.038486 0.259437 0.744714 0.617676 0.929231
0.164228 0.312307 1.020635 0.262392 0.538574 0.079372 0.092632 -0.044031 0.333948 0.780133 0.718291 0.951481
0.198219 0.341628 0.929093 0.246551 0.658475 0.068016 0.271194 0.072045 0.224459 0.765367 0.676847 0.960737
0.230561 0.299294 0.994121 0.297136 0.684561 0.066860 0.176526 0.018977 0.334314 0.828151 0.638152 1.008615
0.198932 0.319585 0.989930 0.261695 0.657151 0.101769 0.176283 0.058140 0.164512 0.707303 0.575146 0.976417
0.160839 0.288118 1.013556 0.341320 0.666711 0.065971 0.200920 0.182141 0.197228 0.833117 0.688886 1.074235
0.112983 0.357957 0.977256 0.186310 0.634922 0.122208 0.171868 0.082110 0.266350 0.768881 0.696655 1.009949
0.035719 0.374453 0.893408 0.301690 0.638515 0.091165 0.227165 0.075554 0.217717 0.800226 0.619350 1.004811
0.232726 0.376585 0.998378 0.293444 0.736988 0.025285 0.111781 0.043291 0.222857 0.759164 0.756090 0.965157
0.150800 0.245458 0.952815 0.293879 0.645880 0.132905 0.205905 0.092117 0.369496 0.817038 0.592943 0.944974
0.214812 0.336325 0.963491 0.338406 0.682995 0.151142 0.157106 0.008689 0.323433 0.672280 0.543599 0.994099
0.106443 0.312691 0.924719 0.249573 0.615535 0.153103 0.176233 0.006832 0.312151 0.724000 0.670525 0.974544
0.158682 0.233887 0.993164 0.341786 0.622716 0.187488 0.141624 0.086320 0.295509 0.833557 0.604384 0.976131
0.166919 0.282151 0.982236 0.290271 0.670449 0.103693 0.187378 0.133728 0.229356 0.748211 0.670256 1.019704
0.195052 0.283593 0.923585 0.337013 0.643559 0.100758 0.217894 0.032454 0.275138 0.827905 0.564730 0.982092
0.155134 0.329629 0.973149 0.244644 0.625692 0.031809 0.198374 0.025092 0.299481 0.749998 0.570543 1.040948
0.122063 0.343315 0.929559 0.280932 0.652882 0.134335 0.186834 0.074551 0.287478 0.734071 0.587044 1.024160
0.179754 0.195660 0.920878 0.284754 0.608981 0.045075 0.209326 0.080151 0.271330 0.756573 0.702130 1.007772
0.211076 0.300710 0.940535 0.324524 0.730598 0.160034 0.292927 0.140479 0.273569 0.825157 0.602483 1.025543
0.115918 0.288010 1.029603 0.396434 0.680013 0.069861 0.169608 0.116371 0.241452 0.723517 0.611770 1.011433
0.144206 0.356138 1.036676 0.265694 0.707090 0.118839 0.282848 0.188890 0.316712 0.711053 0.613728 1.037929
0.132331 0.310228 1.004860 0.328536 0.684134 0.175037 0.179540 0.064470 0.235137 0.804178 0.667864 0.941367
0.233394 0.279660 0.993568 0.344081 0.611366 0.106341 0.140172 -0.005899 0.198075 0.763564 0.615731 1.035195
0.255756 0.330759 0.992914 0.217311 0.630209 0.158158 0.132748 0.058849 0.298896 0.757693 0.591630 1.018868
0.219779 0.343887 1.040564 0.204793 0.665617 0.077316 0.184031 0.034303 0.272916 0.744019 0.663987 0.963543
0.134454 0.264302 1.015098 0.332630 0.651941 0.145283 0.193103 0.056094 0.312934 0.696936 0.652627 0.994429
0.189846 0.350288 1.027184 0.265177 0.603431 0.112488 0.157280 -0.006194 0.230220 0.820929 0.676698 0.991883
0.241353 0.297814 0.950086 0.311283 0.670804 0.150739 0.114012 0.079451 0.280624 0.770048 0.530136 0.993327
0.234781 0.363462 0.898719 0.275040 0.672509 0.126046 0.279383 0.069576 0.344230 0.705184 0.732305 0.918849
0.186733 0.391473 0.935704 0.263235 0.632115 0.164631 0.197492 0.049100 0.264275 0.844046 0.645228 0.917126
0.080101 0.346562 1.031368 0.219738 0.640737 0.171507 0.122678 -0.036047 0.234493 0.852666 0.619756 1.005499
0.184544 0.348124 0.929521 0.368846 0.559600 0.089452 0.169656 0.073369 0.232132 0.731220 0.606916 1.010645
0.220381 0.261742 0.980185 0.248284 0.679691 0.228422 0.230926 0.046202 0.200129 0.765168 0.626967 1.066292
0.199423 0.278086 1.002049 0.205802 0.709066 0.142800 0.281396 0.031939 0.259594 0.770383 0.665550 0.983231
0.137482 0.364035 0.970386 0.254582 0.630517 0.152737 0.166446 0.069621 0.278172 0.723136 0.745713 0.883984
0.129954 0.308287 1.055007 0.290852 0.671675 0.069196 0.233399 0.076374 0.262363 0.782276 0.695310 1.014636
0.141509 0.224287 0.985059 0.258646 0.676523 0.135962 0.078642 -0.001112 0.324253 0.680185 0.726363 0.966867
0.121555 0.265820 1.021441 0.421297 0.744984 0.134745 0.214415 0.058201 0.331833 0.824414 0.677293 0.987655
0.201723 0.351162 1.049842 0.277007 0.596550 0.106159 0.197450 0.066524 0.375165 0.892128 0.742680 0.924014
0.156207 0.266429 0.925492 0.330897 0.634857 0.026251 0.151765 -0.061561 0.341755 0.840646 0.669704 0.984091
0.145545 0.310200 1.021835 0.284460 0.625031 0.076889 0.231940 0.074302 0.324606 0.779270 0.668523 1.013214
0.245062 0.273203 0.987335 0.330517 0.649608 0.133548 0.169556 0.018573 0.330478 0.777573 0.654977 0.944231
0.224743 0.302536 0.952207 0.186824 0.640551 0.087915 0.262843 0.047434 0.218395 0.780313 0.475877 1.001779
0.211220 0.285131 0.944384 0.285082 0.606261 0.115171 0.273189 0.018576 0.195425 0.790906 0.607263 0.920154
0.176976 0.301323 1.006701 0.286512 0.608883 0.096367 0.191251 0.008214 0.298932 0.845153 0.715135 0.990665
0.261573 0.296397 1.055087 0.412773 0.683022 0.116094 0.220744 0.049364 0.207318 0.719662 0.693088 1.006076
0.214339 0.364660 0.946777 0.227118 0.610224 0.171693 0.247323 0.011248 0.301651 0.740132 0.681023 0.985993
0.170100 0.313293 0.962480 0.332086 0.571505 0.133877 0.213036 0.038224 0.327302 0.756652 0.647747 0.992530
0.229783 0.265967 1.054459 0.378864 0.590283 0.107595 0.226578 0.017728 0.312068 0.772151 0.641598 1.035892
0.200300 0.207966 1.040557 0.227067 0.650368 0.143435 0.189287 0.125578 0.288935 0.866911 0.616766 0.950184
0.163080 0.312812 1.035248 0.155713 0.588875 0.091371 0.225538 0.164189 0.247487 0.768589 0.610586 1.071867
0.196447 0.371233 1.026683 0.279361 0.661956 0.131253 0.147385 0.120780 0.244321 0.816264 0.584916 0.942575
0.262292 0.361668 0.928471 0.267958 0.637476 0.102385 0.191178 0.131437 0.265861 0.746776 0.685645 1.003446
0.120977 0.226450 0.996931 0.293311 0.629536 0.071050 0.113869 0.060459 0.206299 0.835185 0.592018 1.014646
0.177537 0.285237 0.975831 0.248637 0.698269 0.087414 0.270722 0.141199 0.357698 0.800640 0.682175 1.063424
0.221563 0.296060 0.921777 0.252603 0.613717 0.103108 0.154823 0.020979 0.289298 0.874142 0.632589 1.002131
0.187017 0.360923 0.923142 0.206798 0.523050 0.102100 0.288044 0.010113 0.210626 0.795731 0.665810 0.933914
0.160951 0.231602 0.992526 0.323936 0.676176 0.098231 0.190112 0.074485 0.257271 0.788217 0.585354 0.979607
0.140434 0.258482 1.049826 0.251199 0.623466 0.137583 0.163580 0.088758 0.251139 0.725302 0.615243 1.088159
0.072551 0.277842 0.959336 0.309158 0.681801 0.033630 0.235917 -0.040638 0.323584 0.791133 0.668984 0.890407
0.236710 0.208383 1.000419 0.239838 0.623357 0.153868 0.178612 0.013518 0.161597 0.861938 0.501216 0.944970
0.185434 0.268371 1.084573 0.385424 0.607235 0.155765 0.166267 0.044286 0.204951 0.750142 0.627812 0.952293
0.164704 0.315630 0.994491 0.282000 0.545737 0.129787 0.204800 0.018636 0.397928 0.830558 0.689992 1.017431
0.212200 0.294993 0.969052 0.383054 0.679720 0.163069 0.145765 0.060555 0.248690 0.689003 0.652451 0.899906
0.202138 0.289486 1.017282 0.297006 0.671923 0.095570 0.244532 0.131948 0.267920 0.828435 0.627570 1.038300
0.156245 0.214029 1.058671 0.179314 0.579797 0.191683 0.169208 -0.048959 0.210018 0.775664 0.692774 1.032178
0.146580 0.256800 1.008863 0.261383 0.687231 0.101266 0.175131 0.057840 0.366326 0.854101 0.738559 1.008811
0.154580 0.302554 0.915059 0.328666 0.646836 0.133355 0.207219 0.100372 0.176667 0.851339 0.606963 1.080174
0.102727 0.297689 1.037273 0.283120 0.694058 0.098460 0.177571 0.076595 0.327293 0.805842 0.642756 0.976306
0.193172 0.307859 0.917847 0.315419 0.762013 0.141094 0.149593 0.086592 0.208958 0.808516 0.714680 0.872934
0.197003 0.352977 0.941840 0.205551 0.696382 0.102036 0.148549 -0.013752 0.287027 0.764265 0.710027 1.014615
0.159457 0.277682 0.992580 0.277537 0.642376 0.111367 0.207277 0.115864 0.270144 0.756464 0.629490 0.984535
0.164674 0.252246 0.921382 0.266095 0.721510 0.067247 0.173819 0.105737 0.187238 0.790176 0.550202 1.019519
0.231131 0.358762 1.008141 0.380793 0.606386 0.071908 0.122954 0.131235 0.255810 0.760741 0.643695 0.866478
0.211365 0.383311 1.021453 0.369709 0.547852 0.149519 0.138691 0.098168 0.285364 0.804934 0.659625 1.035658
0.108306 0.263160 0.991676 0.307503 0.670911 0.130017 0.251772 0.104862 0.285935 0.812986 0.585541 0.985675
0.182558 0.317282 0.946013 0.285505 0.613018 0.103051 0.188116 0.027624 0.278192 0.765762 0.653175 0.891381
0.143607 0.356802 1.020533 0.272003 0.730761 0.060916 0.196222 0.025219 0.261325 0.679247 0.645068 1.101168
0.127436 0.379903 0.932942 0.392429 0.566136 0.077196 0.163011 0.038675 0.291396 0.828725 0.597887 1.004510
0.162295 0.215785 1.015828 0.223754 0.571519 0.163723 0.122369 0.042518 0.232842 0.708855 0.668425 0.980973
0.144632 0.174645 0.960036 0.238942 0.634006 0.133042 0.081718 0.000863 0.243786 0.791214 0.594729 0.971674
0.192966 0.306738 0.976936 0.272811 0.694697 0.095945 0.191576 0.133761 0.270637 0.820327 0.612388 1.016734
0.207704 0.342367 1.004521 0.302131 0.595529 0.178378 0.172701 0.058968 0.280097 0.806320 0.711694 0.982602
0.120782 0.325768 1.042256 0.281481 0.567742 0.261167 0.269150 0.118161 0.253238 0.812341 0.627657 0.961727
0.243975 0.304942 0.932199 0.341854 0.544057 0.175340 0.182040 0.093975 0.204629 0.734156 0.663238 0.946861
0.212945 0.234059 0.961966 0.236863 0.622861 0.112425 0.127053 0.036970 0.307361 0.744533 0.619459 1.082306
0.165481 0.355427 1.004279 0.308796 0.658718 0.109249 0.130806 0.156321 0.251959 0.746280 0.568842 0.968943
0.112547 0.273707 0.955944 0.259571 0.735688 0.141538 0.177292 0.013461 0.251997 0.726718 0.642858 0.992616
0.153364 0.383640 0.940139 0.297248 0.637734 0.048302 0.226390 0.050188 0.214025 0.769151 0.685792 1.000360
0.147861 0.311334 1.010054 0.292938 0.590384 0.123229 0.214334 0.121779 0.189698 0.739755 0.630594 1.006302
0.217094 0.362650 0.946818 0.218672 0.590403 0.167792 0.272713 -0.020322 0.136113 0.808967 0.635361 0.934285
0.156117 0.303946 0.953934 0.360199 0.584510 0.148735 0.215923 0.023279 0.211182 0.796828 0.578290 0.939911
0.136197 0.288551 0.944727 0.317099 0.747569 0.108724 0.161030 0.052907 0.298183 0.732042 0.638373 0.968769
0.130001 0.362932 0.986869 0.323433 0.663119 0.026707 0.091002 0.093440 0.228155 0.798804 0.600059 1.055405
0.248263 0.316764 0.950487 0.290320 0.689427 0.029092 0.167677 0.032000 0.285562 0.758108 0.691760 0.978711
0.189659 0.244648 1.026318 0.244817 0.625737 0.109792 0.138465 0.023065 0.226377 0.741903 0.676111 1.048311
0.206635 0.187147 1.015619 0.408757 0.533334 0.081717 0.220259 0.073846 0.314754 0.794654 0.636335 0.957316
0.199758 0.374965 0.980349 0.304102 0.610191 0.190999 0.128539 -0.002174 0.361326 0.737996 0.640928 0.991262
0.118102 0.339478 0.923983 0.313564 0.698296 0.131193 0.126864 0.034497 0.228429 0.838688 0.531189 0.928609
0.228233 0.306699 0.958964 0.391711 0.662845 0.080092 0.115636 0.090619 0.261291 0.821048 0.697275 0.952428
0.183783 0.283638 0.987509 0.324479 0.659766 0.084945 0.126487 -0.056804 0.239310 0.681220 0.604816 0.984572
0.138144 0.332352 1.000937 0.352627 0.703573 0.183597 0.130725 0.114647 0.227295 0.737051 0.690246 1.005775
0.108856 0.241337 1.015730 0.292160 0.593197 0.117695 0.173801 0.084941 0.307380 0.852338 0.615109 0.916422
0.212224 0.272941 0.913031 0.341308 0.667386 0.026878 0.293765 0.037651 0.206183 0.829681 0.630271 0.983542
0.087275 0.388098 1.035946 0.365250 0.683854 0.174760 0.260962 0.064824 0.247763 0.752805 0.572178 0.932847
0.145680 0.274794 0.995969 0.249974 0.699976 0.133654 0.331640 0.056837 0.239337 0.831316 0.621607 0.973767
0.173395 0.302889 1.019700 0.269617 0.636390 0.131856 0.236979 -0.073135 0.236669 0.807686 0.642358 1.021281
0.173024 0.328871 0.969879 0.332396 0.624730 0.171216 0.140322 0.022341 0.214833 0.777036 0.645412 0.986044
0.122855 0.301211 0.914366 0.312077 0.640151 0.110362 0.227964 0.063908 0.212389 0.887567 0.620750 1.037103
0.150329 0.179310 0.923650 0.251287 0.620144 0.142081 0.154380 -0.013866 0.223791 0.745754 0.688809 1.056843
0.219110 0.250995 1.053520 0.278879 0.579175 0.143440 0.142522 0.065264 0.287015 0.719065 0.711102 1.085633
0.205227 0.292429 0.952966 0.248527 0.640681 0.053055 0.141308 0.076583 0.266104 0.843795 0.668656 1.020695
0.142380 0.285414 0.987746 0.253972 0.626986 0.140864 0.158712 0.089865 0.312630 0.774134 0.594506 0.863931
0.138980 0.296489 1.090011 0.257526 0.587238 0.084873 0.128953 -0.015270 0.258973 0.721361 0.640909 0.894211
0.192976 0.305907 0.899486 0.343552 0.618957 0.084870 0.155696 0.013273 0.292269 0.790268 0.647738 1.045804
0.130649 0.253802 1.021884 0.240321 0.657213 0.135949 0.224674 0.058474 0.258244 0.757809 0.578424 0.979582
0.189832 0.368209 0.994284 0.245049 0.643577 0.053340 0.212448 0.073615 0.197662 0.723571 0.676143 1.001581
0.165500 0.310523 0.992802 0.337490 0.533733 0.042904 0.267191 0.150371 0.285459 0.834218 0.639869 0.991795
0.164084 0.284430 0.999926 0.266991 0.652361 0.197398 0.183765 0.021321 0.254222 0.834110 0.463531 1.022898
0.205892 0.361919 1.045406 0.256315 0.588928 0.135590 0.196016 0.056557 0.207964 0.746692 0.628834 0.895305
0.207609 0.317266 1.021770 0.345991 0.665171 0.188100 0.140618 -0.050934 0.362296 0.746898 0.639742 0.997259
0.163115 0.325200 1.016741 0.353145 0.620718 0.136252 0.117992 0.072884 0.338971 0.673368 0.646048 1.067877
0.080347 0.380009 0.915425 0.302169 0.625331 0.134474 0.208598 0.036182 0.263226 0.771137 0.560851 0.975462
0.222888 0.355357 0.996777 0.399675 0.665975 0.090939 0.206629 0.120737 0.357666 0.797637 0.671953 1.024169
0.187399 0.329603 1.047940 0.259335 0.644840 0.121533 0.181088 0.062312 0.280345 0.876300 0.626865 0.951359
0.129615 0.387157 0.988097 0.238808 0.637455 0.085846 0.085943 0.079719 0.192138 0.748049 0.586129 1.025166
0.162733 0.322248 1.000235 0.286132 0.591185 0.143605 0.190448 0.113840 0.268280 0.731828 0.668496 0.984326
0.215346 0.361569 0.966805 0.371303 0.610155 0.162982 0.105573 0.096053 0.277121 0.803033 0.611375 0.917393
0.243893 0.293018 1.034484 0.279131 0.676984 -0.014681 0.212832 0.070331 0.306916 0.765178 0.553763 1.025204
0.218171 0.241108 0.981736 0.233052 0.676746 0.121229 0.189742 0.074803 0.255730 0.802651 0.593559 0.964368
0.128950 0.285912 0.970240 0.352135 0.596716 0.108832 0.165354 0.001312 0.299868 0.795701 0.678438 0.995638
0.080565 0.321385 1.014462 0.247168 0.658485 0.136414 0.164957 0.037995 0.275329 0.772327 0.658617 0.888581
0.252795 0.298189 0.974429 0.251583 0.676288 0.078206 0.209594 0.109076 0.188817 0.781411 0.661705 0.987167
0.236100 0.289441 0.998239 0.190175 0.660941 0.113238 0.141238 0.087569 0.258712 0.775687 0.724618 1.035732
0.209185 0.291399 1.071737 0.302846 0.635313 0.152870 0.206903 0.111856 0.258750 0.801723 0.577841 0.993440
0.149508 0.377650 0.963799 0.265553 0.696868 0.133330 0.192170 0.104480 0.272573 0.733541 0.741746 0.993433
0.194522 0.296191 1.001983 0.278582 0.610002 0.169474 0.237004 -0.018806 0.282081 0.836844 0.645636 0.941870
0.212519 0.346759 1.061593 0.289358 0.486610 0.090297 0.227304 0.020343 0.296544 0.754102 0.639734 1.030193
0.160529 0.218574 0.999531 0.320533 0.633112 0.087331 0.216907 0.025823 0.193398 0.783577 0.619685 1.003643
0.078464 0.336325 0.957332 0.339276 0.624766 0.129871 0.131788 0.050190 0.206128 0.729698 0.684770 0.975078
0.089284 0.251189 0.945109 0.266663 0.722768 0.182896 0.183389 0.005062 0.230085 0.754591 0.704356 0.962617
0.179994 0.357473 0.932177 0.303452 0.646361 0.100002 0.208151 0.068982 0.229420 0.692445 0.601191 1.027253
0.196319 0.286126 0.919848 0.283200 0.614865 0.028742 0.148426 0.065769 0.237497 0.834252 0.644811 0.940961
0.150015 0.291902 1.017053 0.304165 0.640010 0.158617 0.245002 -0.011328 0.210755 0.712480 0.611120 0.963102
0.231967 0.259371 1.046563 0.252531 0.558073 0.076230 0.161569 0.092151 0.291345 0.803146 0.740917 1.033699
0.142854 0.408171 0.948769 0.303534 0.703556 0.139536 0.125110 0.158885 0.341062 0.835535 0.701332 0.838880
0.115362 0.274237 0.935110 0.302748 0.554868 0.132258 0.195562 -0.002785 0.286141 0.738669 0.560149 0.959185
0.183067 0.273243 1.019154 0.274115 0.629540 0.056074 0.238703 -0.002415 0.258744 0.800693 0.617746 1.021187
0.129629 0.277850 0.975528 0.282873 0.582962 0.138579 0.224523 0.034347 0.275689 0.741580 0.760710 1.055484
0.171089 0.310782 0.988906 0.357473 0.739022 0.107601 0.230134 0.057990 0.223693 0.782984 0.714136 0.858231
0.160738 0.287910 0.938538 0.278816 0.656677 0.153689 0.219514 0.014670 0.272307 0.792110 0.666102 0.914888
0.152168 0.272391 1.010046 0.229139 0.671348 0.133942 0.180717 0.110798 0.225896 0.837643 0.550609 0.982385
0.123231 0.221069 0.902632 0.354788 0.683713 0.039817 0.099532 0.080643 0.191701 0.766847 0.622599 0.982294
0.178590 0.267141 0.995278 0.276463 0.632347 0.028101 0.230300 0.080019 0.245361 0.778548 0.578482 0.932597
0.211302 0.435554 1.016665 0.237873 0.721311 0.061197 0.218409 0.076493 0.274559 0.771880 0.639504 1.095952
0.221429 0.236746 0.923583 0.375149 0.704611 0.196735 0.177428 0.140441 0.267960 0.781719 0.680081 0.946621
0.184181 0.346055 0.984262 0.316487 0.701961 0.133410 0.233839 -0.000323 0.210443 0.717618 0.561937 1.068775
0.119479 0.277883 1.029394 0.266661 0.571089 0.105826 0.238756 0.042639 0.311477 0.827795 0.649059 0.983123
0.327733 0.774440 0.771802 0.227311 0.761684 0.138591 0.159086 0.762579 0.679503 0.896943 0.100079 0.714408
0.437098 0.824772 0.643540 0.169770 0.779107 0.025923 0.132523 0.788678 0.686949 0.930864 0.133363 0.616107
0.475527 0.762349 0.712176 0.293850 0.836605 0.159451 0.104187 0.762672 0.631509 0.833209 0.194742 0.681222
0.366713 0.773683 0.791745 0.195363 0.828499 0.030213 0.161572 0.769060 0.598854 0.850241 0.189961 0.694408
0.475235 0.793742 0.704478 0.274594 0.812433 0.149470 0.144308 0.771183 0.668011 0.791195 0.159139 0.766532
0.417869 0.802977 0.651034 0.221140 0.894184 0.055845 0.153294 0.763216 0.584485 0.824436 0.070969 0.660511
0.446258 0.779439 0.731528 0.299123 0.786580 0.134199 0.217809 0.834300 0.642100 0.894991 0.107303 0.718268
0.410084 0.824695 0.802364 0.132614 0.794810 0.078001 0.024383 0.867844 0.644386 0.877176 0.178110 0.714160
0.443716 0.781503 0.664399 0.217469 0.850783 0.100411 0.192056 0.791362 0.744555 0.914258 0.137124 0.724458
0.419047 0.780944 0.662361 0.227062 0.836592 0.096415 0.110276 0.774559 0.643087 0.895735 0.186762 0.634165
0.295951 0.780795 0.754781 0.219130 0.877671 0.186058 0.095003 0.804531 0.682950 0.826614 0.189523 0.701182
0.371514 0.692562 0.754853 0.185305 0.765532 0.097683 0.138720 0.844278 0.642027 0.916778 0.141077 0.707148
0.365778 0.782555 0.743253 0.290773 0.712401 0.026982 0.113163 0.877432 0.787988 0.935861 0.145370 0.678562
0.287745 0.727075 0.737968 0.190347 0.754921 0.067261 0.082229 0.752533 0.704464 0.919311 0.076493 0.711678
0.380034 0.836458 0.726529 0.279952 0.805451 0.103641 0.185580 0.860195 0.637772 0.933130 0.134525 0.636896
0.430364 0.664685 0.723163 0.179448 0.817378 0.129420 0.248547 0.753206 0.691018 0.939550 0.163272 0.597616
0.499607 0.765106 0.702981 0.188352 0.781263 0.054154 0.151778 0.782052 0.680167 0.869079 0.241287 0.714954
0.415571 0.803465 0.744700 0.212405 0.770679 0.037423 0.274384 0.870600 0.611892 0.905728 0.233833 0.706529
0.433767 0.755784 0.725451 0.237439 0.742809 0.169097 0.219067 0.801478 0.704142 0.911639 0.205955 0.730394
0.401386 0.775539 0.746348 0.276873 0.761511 0.098520 0.068535 0.803224 0.746854 0.910152 0.189142 0.708410
0.475710 0.781421 0.721877 0.275973 0.818565 0.115569 0.285653 0.801933 0.611190 0.865347 0.175676 0.720112
0.355424 0.822966 0.628785 0.170362 0.824491 0.173287 0.129092 0.797842 0.697404 0.868288 0.241244 0.658426
0.347415 0.790441 0.809654 0.282665 0.718823 0.074867 0.086878 0.793413 0.649097 0.999070 0.178866 0.800955
0.451961 0.683814 0.751060 0.192355 0.773968 0.107993 0.116117 0.832145 0.718790 0.834607 0.101582 0.773154
0.403724 0.802203 0.850947 0.239611 0.691711 0.134459 0.126153 0.830384 0.742721 0.914687 0.098815 0.759528
0.347463 0.799252 0.705322 0.224229 0.754282 0.126312 0.048045 0.639972 0.646067 0.900100 0.177757 0.725905
0.510099 0.750021 0.725426 0.238770 0.871935 0.041634 0.162226 0.848645 0.698900 0.860600 0.091269 0.707443
0.362267 0.723101 0.691053 0.245877 0.818127 0.055648 0.172305 0.859033 0.662925 0.846490 0.202328 0.645343
0.482341 0.812963 0.638020 0.165275 0.735794 0.099268 0.247152 0.759641 0.749012 0.864004 0.207446 0.772805
0.417921 0.794000 0.776526 0.301035 0.717363 0.047291 0.167952 0.875534 0.630138 0.939581 0.218518 0.664910
0.487306 0.729909 0.760712 0.215510 0.796695 0.091874 0.240220 0.767147 0.669838 0.927032 0.180220 0.639937
0.384914 0.722318 0.703314 0.307545 0.737375 0.010613 0.023192 0.761174 0.640923 0.859158 0.167237 0.635060
0.451046 0.799821 0.723600 0.280816 0.751804 0.078374 0.098558 0.749801 0.699092 0.908609 0.224657 0.744037
0.477291 0.780716 0.766689 0.232790 0.775406 0.068359 0.210774 0.825223 0.630760 0.863586 0.137655 0.653151
0.402404 0.783470 0.724606 0.263801 0.746004 0.097144 0.217584 0.772620 0.767992 0.918754 0.104588 0.673935
0.367928 0.811598 0.777536 0.225281 0.782128 0.051223 0.114355 0.787903 0.706909 0.945994 0.210787 0.776510
0.370150 0.779163 0.728267 0.206064 0.865501 0.111927 0.096451 0.773928 0.618728 0.937000 0.123138 0.739169
0.326089 0.788086 0.670616 0.141698 0.900353 0.067882 0.252371 0.868886 0.674948 0.846488 0.121892 0.609131
0.394254 0.749861 0.679391 0.230051 0.755837 0.151811 0.231506 0.714291 0.587713 0.936464 0.137650 0.751338
0.412101 0.714664 0.749292 0.311574 0.783236 0.153085 0.141025 0.780814 0.650935 0.920188 0.142155 0.689228
0.409857 0.929231 0.743452 0.230842 0.819949 0.096837 0.282341 0.845881 0.762530 0.985183 0.212113 0.712522
0.428029 0.771264 0.713445 0.276760 0.789732 0.127940 0.209262 0.837884 0.701803 0.913756 0.105481 0.721958
0.352398 0.826952 0.723147 0.291257 0.833637 0.044984 0.143193 0.793330 0.720559 0.861171 0.176640 0.739135
0.431513 0.786918 0.727007 0.274946 0.707799 0.153857 0.157238 0.774092 0.716451 0.961474 0.137296 0.677748
0.424257 0.781541 0.760822 0.335620 0.806213 0.100162 0.158187 0.837603 0.682785 0.945361 0.213138 0.715353
0.365471 0.868885 0.682937 0.280747 0.788190 0.133696 0.170349 0.766730 0.699380 0.886711 0.108853 0.733253
0.407939 0.696352 0.797183 0.240108 0.807915 0.039327 0.139836 0.748802 0.679218 0.858590 0.262606 0.800088
0.394202 0.784490 0.657536 0.261634 0.843637 0.124295 0.184307 0.832652 0.699875 0.883616 0.162076 0.663787
0.484954 0.791977 0.869039 0.198240 0.747625 0.263768 0.216423 0.778566 0.696981 0.933961 0.178952 0.679443
0.387550 0.802467 0.777649 0.231776 0.713452 0.095686 0.129635 0.759518 0.633611 0.934829 0.202019 0.700790
0.385125 0.753376 0.808172 0.217546 0.767898 0.068385 0.200789 0.816979 0.790454 0.928429 0.135849 0.696124
0.308303 0.725422 0.818961 0.302547 0.845295 0.099041 0.197738 0.803323 0.707954 0.936477 0.210405 0.721153
0.463794 0.843103 0.589099 0.146739 0.741581 0.093057 0.146651 0.758371 0.626014 1.011725 0.151493 0.651203
0.331127 0.772018 0.741959 0.302739 0.806146 0.044934 0.194282 0.792345 0.638728 0.952540 0.228489 0.690803
0.476828 0.748217 0.677229 0.279358 0.809122 0.054475 0.244368 0.775193 0.616586 0.942558 0.208203 0.712862
0.449483 0.818974 0.688784 0.245004 0.753510 0.033770 0.102707 0.776658 0.682719 0.890493 0.190637 0.701727
0.457252 0.819015 0.759258 0.245928 0.746734 0.129586 0.171281 0.804891 0.666639 0.955297 0.198343 0.621867
0.400216 0.769164 0.713445 0.208916 0.772793 0.047609 0.126662 0.832089 0.657817 0.904526 0.147588 0.653552
0.365836 0.747536 0.728089 0.192256 0.795563 0.165519 0.098756 0.777123 0.661925 0.919431 0.136587 0.798224
0.334532 0.819204 0.739045 0.295678 0.715791 0.059200 0.158558 0.848528 0.572530 0.876266 0.078669 0.646021
0.305998 0.825619 0.748207 0.224974 0.827263 0.109806 0.263553 0.809652 0.643103 0.761270 0.203331 0.646747
0.464739 0.801172 0.758222 0.340688 0.857977 0.045301 0.144591 0.715690 0.643444 0.922441 0.224396 0.615232
0.401127 0.864194 0.779243 0.287705 0.674011 0.074371 0.190565 0.789779 0.634319 0.943485 0.293948 0.730780
0.447753 0.838287 0.810757 0.272841 0.712587 0.043702 0.154680 0.792716 0.754005 0.940669 0.144617 0.661782
0.447328 0.777063 0.739801 0.268999 0.755485 0.099348 0.203182 0.831718 0.629232 0.951545 0.236855 0.705216
0.314485 0.749356 0.689987 0.251661 0.749997 0.213241 0.119430 0.718773 0.737102 0.873538 0.073401 0.704682
0.427270 0.828105 0.677734 0.220399 0.779577 0.124706 0.142236 0.700310 0.692388 0.848695 0.141971 0.593442
0.273200 0.800405 0.810340 0.252286 0.817688 0.073255 0.135930 0.843190 0.700503 0.944237 0.181050 0.699984
0.332691 0.801588 0.709530 0.224812 0.872409 0.023438 0.254783 0.810774 0.674270 0.869023 0.225686 0.604334
0.349374 0.750887 0.737084 0.207181 0.870566 0.133895 0.212748 0.867094 0.741769 0.928415 0.109055 0.665986
0.518671 0.872235 0.729847 0.178815 0.806742 0.109146 0.065163 0.758050 0.594420 0.901762 0.178718 0.673574
0.371131 0.765657 0.704710 0.263633 0.788244 0.126527 0.113165 0.733193 0.648418 0.905107 0.167532 0.695625
0.514319 0.800454 0.646721 0.289953 0.715141 0.088240 0.131787 0.755309 0.713038 0.887835 0.129462 0.749225
0.408417 0.735400 0.751195 0.184065 0.838541 0.046103 0.212287 0.752904 0.556083 0.973576 0.221204 0.652718
0.389892 0.737124 0.677723 0.309967 0.731740 0.104984 0.050592 0.767450 0.718491 0.863724 0.145314 0.694214
0.427167 0.843557 0.705904 0.209301 0.829547 0.056155 0.212555 0.799553 0.686402 0.938513 0.203842 0.774106
0.455465 0.736913 0.741686 0.278095 0.789486 0.106723 0.173053 0.762522 0.722162 0.877535 0.273599 0.731178
0.431793 0.775761 0.828414 0.159157 0.895047 0.057705 0.093399 0.849674 0.652648 0.956474 0.216732 0.773221
0.286336 0.826431 0.800975 0.215538 0.859270 -0.003642 0.156313 0.837326 0.543967 0.942394 0.175419 0.659892
0.377308 0.806086 0.728580 0.207977 0.848846 0.081714 0.156848 0.842014 0.698098 0.899285 0.115884 0.675872
0.346677 0.807851 0.693896 0.260591 0.725380 0.033304 0.115837 0.863259 0.673945 0.905076 0.201949 0.762129
0.380123 0.735007 0.654937 0.221386 0.815999 0.130674 0.143038 0.811227 0.622262 0.946041 0.238384 0.626444
0.489068 0.749177 0.716516 0.257107 0.833277 0.151259 0.265787 0.792874 0.650794 0.908819 0.139832 0.657097
0.488102 0.756004 0.729584 0.167844 0.790323 0.164186 0.126381 0.769991 0.634461 0.949716 0.207606 0.612943
0.392213 0.797058 0.782487 0.243484 0.820143 0.092628 0.083574 0.808408 0.627420 0.916447 0.139951 0.704015
0.474350 0.817164 0.761832 0.261673 0.782234 0.085916 0.129333 0.917000 0.609059 0.975324 0.146699 0.741834
0.326704 0.746573 0.794986 0.228835 0.768172 0.163787 0.217090 0.845343 0.614790 0.896305 0.162536 0.683541
0.464246 0.797295 0.718422 0.209031 0.793033 0.108161 0.100691 0.765583 0.602520 0.904364 0.189519 0.625540
0.354432 0.805042 0.636425 0.259250 0.829672 0.061763 0.238053 0.850505 0.618903 0.840502 0.057160 0.673124
0.402735 0.799398 0.683012 0.239168 0.768202 0.051779 0.145802 0.796655 0.696868 0.917432 0.187576 0.697862
0.368453 0.830361 0.681639 0.248162 0.782060 0.103828 0.174064 0.771264 0.601025 0.969592 0.084485 0.723204
0.371484 0.812882 0.784495 0.326619 0.792795 0.103509 0.146016 0.820664 0.777142 0.920967 0.160338 0.673044
0.386063 0.777668 0.681034 0.282102 0.721093 0.139414 0.102829 0.844029 0.666991 0.927300 0.189565 0.697157
0.409676 0.754907 0.778172 0.270597 0.882385 0.129692 0.115104 0.912532 0.621249 0.987704 0.140379 0.695076
0.485746 0.760106 0.772474 0.249784 0.893649 0.050034 0.228247 0.834989 0.709129 0.944965 0.181588 0.546954
0.329400 0.771223 0.802685 0.187530 0.792107 0.191169 0.251981 0.818115 0.674739 0.980892 0.202249 0.640500
0.306735 0.745398 0.736640 0.248256 0.875343 0.132936 0.223051 0.739734 0.699272 0.871445 0.190666 0.736710
0.387743 0.799955 0.686615 0.241741 0.786591 -0.011812 0.171454 0.744655 0.622002 0.777062 0.186632 0.723541
0.452659 0.725806 0.718258 0.293004 0.888580 0.081141 0.076311 0.791359 0.640657 0.971039 0.099128 0.700721
0.475156 0.833654 0.727135 0.236270 0.829196 0.173077 0.189313 0.832384 0.687995 0.901647 0.121196 0.652328
0.302405 0.786602 0.753409 0.215061 0.806479 0.096603 0.072091 0.750822 0.623058 0.923331 0.181814 0.716134
0.437110 0.700293 0.744639 0.328340 0.793397 0.138683 0.155363 0.735271 0.579609 0.886992 0.203095 0.664966
0.375039 0.857796 0.764145 0.249925 0.763445 0.039868 0.126859 0.752322 0.690469 1.019590 0.161013 0.719831
0.486882 0.849995 0.688138 0.203360 0.815809 0.022867 0.116489 0.712531 0.721263 0.852915 0.155577 0.653823
0.447188 0.669606 0.603113 0.235698 0.845468 0.090773 0.246451 0.751344 0.677214 0.985476 0.194302 0.636714
0.401416 0.716217 0.611728 0.297720 0.802897 0.030701 0.163116 0.910169 0.721451 0.916296 0.161726 0.745920
0.454509 0.821426 0.758194 0.147717 0.794743 0.127766 0.152792 0.724505 0.668492 0.855996 0.155224 0.666897
0.378343 0.859450 0.744864 0.278133 0.787979 0.061166 0.138046 0.790120 0.673826 0.902984 0.162924 0.809459
0.453336 0.760144 0.739324 0.251552 0.799041 0.143466 0.167599 0.776934 0.761033 0.890930 0.146489 0.693582
0.480401 0.778395 0.807910 0.259357 0.841387 0.047905 0.138709 0.757243 0.594277 0.810610 0.254585 0.763961
0.379263 0.725319 0.817284 0.182402 0.832451 0.156830 0.194112 0.824903 0.701622 0.962722 0.155678 0.646868
0.402436 0.717174 0.714525 0.161631 0.916984 0.041944 0.165340 0.781063 0.723360 0.940983 0.238653 0.715722
0.465185 0.819163 0.708811 0.210475 0.768329 0.117090 0.230170 0.811069 0.682001 0.942377 0.247221 0.670454
0.323543 0.873912 0.704674 0.264003 0.739541 0.048309 0.140985 0.778688 0.623256 0.942580 0.158650 0.834915
0.271950 0.722668 0.696603 0.283417 0.682713 0.133969 0.095252 0.834448 0.652929 0.845631 0.114642 0.672525
0.445569 0.722451 0.797408 0.235395 0.811558 0.055889 0.206311 0.782192 0.742134 0.896926 0.125556 0.732254
0.409591 0.788264 0.646404 0.209329 0.801088 0.045201 0.094005 0.827320 0.605041 0.966890 0.032272 0.672210
0.383306 0.812859 0.809933 0.243188 0.749403 0.129033 0.075933 0.829694 0.735931 0.875669 0.146958 0.684644
0.418822 0.792951 0.631145 0.250171 0.775976 0.147114 0.210267 0.886840 0.790299 0.928941 0.155333 0.709807
0.461706 0.837923 0.776317 0.259458 0.909235 0.068383 0.091274 0.758296 0.591160 0.941616 0.133420 0.680871
0.461310 0.876158 0.717163 0.218580 0.793701 0.108600 0.134584 0.815281 0.650612 0.989646 0.209501 0.682415
0.409654 0.761849 0.788656 0.297517 0.697725 0.005893 0.161793 0.808248 0.705531 0.820562 0.142188 0.737842
0.413758 0.796751 0.790356 0.245258 0.792749 0.123472 0.135576 0.873266 0.701741 0.894475 0.237806 0.612652
0.423138 0.833516 0.808182 0.202063 0.816611 0.042592 0.233494 0.753052 0.621500 0.928248 0.167477 0.654727
0.420157 0.768961 0.700992 0.248903 0.757900 0.064679 0.196438 0.815384 0.637453 0.924499 0.133202 0.693991
0.394597 0.847195 0.735036 0.239812 0.883423 0.089064 0.220680 0.897324 0.724574 0.850514 0.172530 0.646771
0.434262 0.771992 0.694608 0.149086 0.797634 0.152354 0.158737 0.724168 0.712713 0.907065 0.215412 0.716928
0.377085 0.861557 0.700592 0.309625 0.811899 0.076987 0.270467 0.717409 0.777609 0.898064 0.123770 0.762353
0.453606 0.786553 0.593587 0.277554 0.783354 -0.050764 0.224162 0.862350 0.669469 0.954876 0.231354 0.781154
0.383445 0.814231 0.703594 0.270693 0.823353 0.073508 0.196044 0.802331 0.687249 0.880202 0.214010 0.668866
0.437992 0.797156 0.772730 0.228795 0.784678 0.086050 0.196621 0.765055 0.580442 0.956942 0.221125 0.666358
0.435510 0.842892 0.799750 0.268519 0.804347 0.136354 0.212553 0.789379 0.652172 0.908949 0.149746 0.765600
0.457893 0.727117 0.723266 0.181506 0.716465 0.112867 0.223339 0.765419 0.637159 0.927111 0.198028 0.728004
0.442523 0.828058 0.725619 0.273038 0.781296 0.033457 0.178471 0.766849 0.663567 0.859981 0.185187 0.591763
0.515176 0.810152 0.710842 0.263676 0.726336 0.045519 0.047058 0.830483 0.667804 0.888685 0.181705 0.739787
0.349772 0.798152 0.664560 0.191137 0.716579 0.167010 0.296945 0.809897 0.754071 0.937789 0.191352 0.764888
0.448652 0.845795 0.668362 0.265411 0.722843 0.139700 0.174539 0.750398 0.673607 0.979375 0.142075 0.703690
0.431675 0.793676 0.715634 0.244168 0.725038 0.057588 0.280590 0.723682 0.749565 0.870085 0.125828 0.729325
0.319735 0.773225 0.663954 0.211853 0.796194 0.044424 0.106522 0.777999 0.740582 1.031795 0.233276 0.764409
0.498037 0.787975 0.790360 0.215304 0.917944 0.111076 0.126571 0.832475 0.704212 0.939751 0.182583 0.731582
0.305229 0.850948 0.659440 0.258159 0.856563 0.162596 0.178155 0.833083 0.627034 0.906216 0.171169 0.730373
0.428994 0.744139 0.694268 0.281697 0.906195 0.208897 0.181534 0.850733 0.684154 0.900303 0.140693 0.836295
0.439724 0.791668 0.717223 0.335084 0.856358 0.079008 0.142784 0.746253 0.705003 0.935041 0.158293 0.693370
0.324465 0.694912 0.717028 0.207393 0.714955 0.147210 0.125252 0.834048 0.710977 0.984706 0.155962 0.699806
0.347988 0.725732 0.735094 0.225558 0.810763 0.136908 0.158691 0.741491 0.615797 0.947351 0.202914 0.712347
0.418959 0.830059 0.813215 0.235119 0.718034 0.089598 0.105201 0.717789 0.631036 0.897271 0.150880 0.731311
0.361488 0.740825 0.688401 0.295318 0.763533 0.047770 0.260230 0.813984 0.693970 0.948942 0.060972 0.668311
0.354755 0.841174 0.681366 0.252592 0.782793 0.120718 0.169538 0.805904 0.644616 0.880622 0.216898 0.748719
0.384098 0.747484 0.734374 0.280448 0.676138 0.085526 0.277493 0.898999 0.696485 0.942370 0.083349 0.709231
0.352047 0.822531 0.787042 0.141046 0.801553 0.073040 0.116785 0.806007 0.659905 0.974935 0.147516 0.691920
0.527642 0.816523 0.776496 0.267893 0.795100 0.050020 0.076514 0.863251 0.726052 1.019667 0.250605 0.722960
0.396976 0.725303 0.718930 0.256891 0.723900 0.167906 0.189080 0.879386 0.762167 0.823149 0.248952 0.690638
0.324588 0.810163 0.687706 0.211613 0.765537 0.073126 0.147317 0.822068 0.575026 0.975685 0.172132 0.727976
0.288237 0.818812 0.684105 0.149298 0.740399 0.080535 0.155623 0.836228 0.667136 1.005872 0.262617 0.671210
0.335245 0.690769 0.738281 0.338475 0.784835 0.131590 0.220044 0.778004 0.686463 0.911880 0.206118 0.673677
0.377184 0.687282 0.727908 0.291728 0.753536 0.110786 0.236079 0.860475 0.687739 0.924026 0.126404 0.732966
0.385003 0.876881 0.723406 0.259787 0.812969 0.021881 0.083174 0.845704 0.753329 0.904332 0.214237 0.700672
0.372036 0.822388 0.685403 0.273889 0.782391 0.100833 0.226971 0.816725 0.640668 0.894559 0.188368 0.718947
0.364405 0.775642 0.639769 0.259167 0.774137 0.090594 0.220137 0.848315 0.628882 0.918696 0.047496 0.657188
0.427981 0.745966 0.741223 0.219553 0.868256 0.085964 0.182059 0.768286 0.671106 0.964361 0.204791 0.630633
0.377418 0.788183 0.798650 0.317114 0.735677 0.100169 0.204634 0.769744 0.634421 0.952868 0.125479 0.714272
0.361108 0.696886 0.767730 0.250433 0.821984 0.263516 0.173576 0.746682 0.711564 0.883388 0.150520 0.625449
0.332208 0.834261 0.729679 0.294520 0.713196 0.066478 0.131163 0.752258 0.710025 0.902096 0.183760 0.693809
0.445787 0.761166 0.770967 0.197419 0.779616 0.150077 0.055310 0.793141 0.588775 0.863355 0.183152 0.669489
0.490784 0.769684 0.750994 0.187323 0.793769 0.065261 0.188149 0.829304 0.592411 0.876841 0.173031 0.564385
0.400155 0.755325 0.729499 0.341837 0.758721 0.064763 0.191875 0.825669 0.726197 0.935928 0.240510 0.694822
0.478972 0.825715 0.851461 0.145197 0.834169 0.151164 0.189885 0.803762 0.710864 0.838935 0.170563 0.779223
0.425142 0.814246 0.776279 0.220410 0.792833 0.101674 0.179917 0.797196 0.748482 0.877117 0.187060 0.712210
0.356482 0.776026 0.728517 0.199919 0.709816 0.120701 0.159752 0.864519 0.649158 0.996133 0.089497 0.696281
0.402140 0.905781 0.752222 0.215479 0.763567 0.130939 0.164281 0.823536 0.644215 0.931273 0.148239 0.709259
0.339397 0.887025 0.720850 0.095862 0.750519 0.082169 0.194076 0.778613 0.651403 0.916253 0.198190 0.715662
0.391587 0.791021 0.803320 0.191065 0.753372 0.060712 0.190134 0.753890 0.654178 0.907389 0.095194 0.613876
0.446646 0.874739 0.750067 0.290295 0.800863 0.154237 0.105511 0.825164 0.620676 0.993437 0.236304 0.779316
0.389626 0.759085 0.824577 0.232524 0.789724 0.150966 0.177439 0.779410 0.685558 0.843879 0.127969 0.677390
0.476900 0.727053 0.766867 0.225807 0.749092 0.095333 0.099081 0.696160 0.640486 1.019609 0.207104 0.723326
0.424239 0.751396 0.672446 0.295735 0.806731 0.090048 0.223412 0.842454 0.646780 0.897298 0.236343 0.633136
0.379454 0.767887 0.731708 0.235227 0.789397 0.093893 0.199293 0.820620 0.670595 0.902460 0.176123 0.717010
0.509742 0.736174 0.718927 0.318824 0.776283 0.015193 0.144573 0.819633 0.716082 0.853091 0.178580 0.694994
0.434440 0.730982 0.627860 0.171188 0.834460 0.043788 0.169515 0.867004 0.658779 0.956023 0.210858 0.637952
0.388220 0.768525 0.684556 0.237950 0.729339 0.164206 0.116871 0.717964 0.793709 0.844989 0.148781 0.723431
0.276679 0.765065 0.727713 0.298797 0.782290 0.000594 0.127190 0.789323 0.653855 0.882992 0.148696 0.691943
0.427600 0.798424 0.701345 0.203177 0.762182 0.085317 0.222154 0.763469 0.663321 0.984494 0.215182 0.655469
0.371153 0.814875 0.757636 0.200362 0.836976 0.081348 0.182429 0.757801 0.662263 0.857860 0.131558 0.781437
0.395960 0.795783 0.788423 0.211530 0.841561 0.124297 0.124672 0.798689 0.642405 0.961376 0.207078 0.643719
0.465517 0.747808 0.756582 0.293091 0.803067 0.044670 0.152750 0.807675 0.716426 0.950391 0.189534 0.799279
0.422878 0.807245 0.687925 0.239108 0.787655 0.087174 0.118838 0.863946 0.660858 0.911187 0.117024 0.635293
0.461939 0.801805 0.801300 0.223043 0.744751 0.073700 0.160582 0.773129 0.619684 0.944592 0.156043 0.659451
0.407200 0.757924 0.748615 0.247598 0.720667 0.016088 0.141402 0.805123 0.661871 0.905735 0.162593 0.705418
0.416223 0.841495 0.763162 0.153585 0.833732 0.159040 0.125934 0.778396 0.629785 0.814024 0.256825 0.738880
0.396422 0.761662 0.702486 0.211917 0.832253 -0.014839 0.202691 0.805010 0.670039 0.953134 0.231877 0.709601
0.375333 0.613084 0.716628 0.233682 0.807401 0.047357 0.093276 0.785693 0.669990 1.034602 0.176466 0.666826
0.470165 0.716298 0.791646 0.226590 0.804886 0.126501 0.135266 0.800870 0.665597 0.789619 0.129438 0.704878
0.462193 0.797183 0.748011 0.223319 0.804573 0.062434 0.160509 0.793528 0.704231 0.870721 0.180042 0.662044
0.381136 0.798644 0.709304 0.252718 0.777733 0.083191 0.113094 0.779201 0.729214 0.962657 0.205928 0.724250
0.402025 0.746959 0.730046 0.243980 0.839359 0.093193 0.122595 0.724714 0.636776 0.992387 0.146695 0.644074
0.407278 0.850101 0.749411 0.134830 0.784055 0.028130 0.058335 0.828755 0.616276 0.917256 0.111991 0.684182
0.296214 0.799882 0.817132 0.220801 0.826870 -0.004394 0.172633 0.806934 0.663722 0.946916 0.204423 0.699413
0.419603 0.621699 0.723239 0.245035 0.836460 0.202858 0.147438 0.822940 0.682401 0.950667 0.222729 0.665338
0.404039 0.768150 0.735964 0.234327 0.714519 0.183037 0.145450 0.785218 0.677617 0.841664 0.114803 0.678753
0.319365 0.700637 0.816207 0.244733 0.760166 0.097144 0.053363 0.780061 0.688600 0.912699 0.111124 0.777944
0.447389 0.856630 0.823746 0.214608 0.705944 0.150588 0.154982 0.821002 0.707456 0.951676 0.204270 0.679150
0.414517 0.856442 0.721239 0.168894 0.794902 0.118640 0.118768 0.763598 0.680591 0.869898 0.170151 0.668531
0.382588 0.794727 0.743952 0.265327 0.848590 0.036350 0.160877 0.816187 0.624407 0.920981 0.229149 0.690901
0.500704 0.772744 0.732249 0.172217 0.748159 -0.015206 0.175567 0.846844 0.706106 0.852023 0.094645 0.725199
0.396967 0.881893 0.734965 0.194485 0.830700 0.107788 0.143357 0.752016 0.634208 0.894712 0.127753 0.736470
0.464943 0.729550 0.685410 0.310583 0.843046 0.139787 0.116111 0.763156 0.611783 0.967282 0.158857 0.676361
0.410688 0.768587 0.720655 0.327293 0.791998 0.042693 0.190999 0.808880 0.657440 0.852749 0.178562 0.587673
0.471883 0.724179 0.646631 0.246235 0.758028 0.003280 0.132471 0.803539 0.619002 0.895233 0.056002 0.637460
0.415563 0.851019 0.712562 0.267376 0.888172 0.120673 0.180340 0.774047 0.695849 0.941425 0.133123 0.674198
0.517802 0.770930 0.721940 0.301633 0.809534 0.177591 0.214704 0.747740 0.573951 0.905044 0.141019 0.674449
0.419740 0.855072 0.771160 0.193395 0.812417 0.181269 0.156837 0.874670 0.653512 0.961206 0.171801 0.796778
0.454911 0.806244 0.852878 0.130446 0.645651 0.140117 0.105857 0.712863 0.627360 0.899062 0.072384 0.600005
0.466004 0.753168 0.696174 0.240165 0.799287 0.103899 0.097373 0.835853 0.672683 0.832586 0.137188 0.704592
0.368739 0.908338 0.711008 0.183544 0.774420 0.152576 0.205650 0.791476 0.721149 0.846294 0.185832 0.602878
0.362948 0.842213 0.754454 0.321223 0.760917 0.074974 0.185422 0.844224 0.664100 0.947340 0.186265 0.685648
0.373302 0.803920 0.773426 0.308738 0.789465 0.154793 0.116366 0.822053 0.711596 0.891196 0.113337 0.663781
0.390165 0.746086 0.751032 0.188803 0.837305 0.109919 0.073050 0.803472 0.640948 0.920693 0.224554 0.601478
0.443866 0.813819 0.757618 0.231842 0.797971 0.128633 0.051612 0.774051 0.747860 0.872573 0.125982 0.761446
0.323176 0.865954 0.824936 0.219805 0.843337 0.043816 0.158464 0.775486 0.624314 0.936971 0.153027 0.688567
0.355002 0.834264 0.762417 0.267472 0.723936 0.193226 0.058086 0.858663 0.595023 0.865511 0.126125 0.663417
0.389541 0.837565 0.715994 0.208651 0.790339 0.096660 0.151678 0.766133 0.635221 0.989714 0.167023 0.697990
0.427363 0.767788 0.714507 0.229741 0.780163 0.071975 0.197591 0.758471 0.617737 0.947744 0.129624 0.779626
0.336811 0.763350 0.731038 0.185526 0.766823 0.051522 0.132561 0.779101 0.718209 0.794651 0.203347 0.646550
0.353294 0.761471 0.851111 0.296032 0.833960 0.076994 0.189659 0.831648 0.628487 0.925015 0.109527 0.807346
0.402112 0.742641 0.667820 0.236013 0.745152 0.083784 0.129017 0.859228 0.662752 0.952791 0.118870 0.667352
0.410992 0.842731 0.728293 0.262271 0.808367 0.060895 0.137239 0.926765 0.677383 0.928698 0.043632 0.713061
0.558214 0.861162 0.807159 0.254077 0.819080 0.044526 0.207549 0.772516 0.629065 0.884852 0.092851 0.694631
0.413385 0.787881 0.717391 0.245001 0.769955 0.078037 0.188104 0.754582 0.656326 0.996599 0.183869 0.748462
0.359280 0.756163 0.735271 0.151949 0.772258 0.046482 0.222401 0.758487 0.662745 0.996789 0.233435 0.709728
0.409908 0.752394 0.759497 0.231358 0.820810 0.067792 0.112013 0.793535 0.648064 0.970349 0.113827 0.685954
0.407182 0.885819 0.706596 0.206859 0.871960 0.069368 0.109413 0.742272 0.658668 0.888372 0.202560 0.719674
0.392355 0.842309 0.757088 0.202004 0.761827 0.043255 0.207816 0.837754 0.635203 0.860471 0.180091 0.726108
0.442759 0.795417 0.756079 0.239917 0.778221 0.113633 0.128852 0.784523 0.731744 0.850909 0.171275 0.732387
0.401489 0.812582 0.740623 0.257553 0.723762 0.100501 0.115108 0.822202 0.778360 0.947931 0.150334 0.592190
0.502086 0.713576 0.721804 0.209194 0.753429 0.094225 0.161049 0.812789 0.645306 0.879852 0.141485 0.665390
0.433396 0.737476 0.800344 0.202441 0.756745 0.128435 0.197143 0.798565 0.661858 0.936131 0.145113 0.639059
0.491434 0.822669 0.732458 0.211736 0.787439 0.084638 0.028303 0.796631 0.662443 0.991244 0.193779 0.672259
0.390001 0.772120 0.709161 0.169726 0.794590 0.030822 0.146227 0.826737 0.688594 0.907788 0.240904 0.645196
0.404207 0.716008 0.708650 0.258344 0.780375 0.093545 0.163566 0.736682 0.714372 0.953878 0.183960 0.729115
0.501346 0.816597 0.680750 0.252624 0.694380 0.132716 0.123609 0.796065 0.691900 0.916420 0.229986 0.733555
0.411733 0.751139 0.706333 0.280299 0.725419 0.125675 0.231403 0.800403 0.606263 0.956491 0.131056 0.695803
0.448262 0.756503 0.794606 0.139981 0.875123 0.192830 0.145146 0.848008 0.617641 0.874022 0.083075 0.711879
0.409308 0.796677 0.740837 0.239574 0.778003 0.055290 0.182764 0.762115 0.667822 0.874928 0.142894 0.709044
0.390752 0.746799 0.670097 0.293790 0.830075 0.139099 0.229094 0.864043 0.652963 0.968644 0.151649 0.665873
0.415240 0.760459 0.748235 0.256881 0.835980 0.103891 0.132913 0.838586 0.693463 0.976032 0.186358 0.658556
0.406566 0.795057 0.756655 0.214678 0.787137 0.156852 0.200054 0.840741 0.718053 0.893117 0.087636 0.667204
0.377745 0.812906 0.752762 0.149017 0.783123 0.022974 0.148488 0.812402 0.621126 0.858823 0.125874 0.687578
0.452544 0.818493 0.743171 0.171063 0.847585 0.067371 0.134669 0.697781 0.633693 0.927995 0.145137 0.771334
0.400566 0.782070 0.735188 0.106575 0.730289 0.153678 0.047704 0.840244 0.648307 0.984991 0.151363 0.611656
0.378146 0.756076 0.743669 0.259028 0.800949 0.115739 0.203258 0.890082 0.684760 0.965609 0.099336 0.776710
0.406499 0.798671 0.712387 0.250973 0.959420 0.019354 0.128075 0.806145 0.678553 0.942187 0.154872 0.808364
0.426400 0.824271 0.712477 0.265449 0.798578 0.079444 0.156285 0.691421 0.687311 0.943143 0.147723 0.777399
0.385831 0.840584 0.774596 0.225145 0.786131 0.031765 0.203002 0.822724 0.671263 0.926791 0.254741 0.699247
0.447590 0.657613 0.666122 0.240439 0.824672 0.134271 0.152014 0.789421 0.658797 0.905678 0.153013 0.757810
0.363030 0.758993 0.809161 0.217471 0.748457 0.108612 0.147503 0.792612 0.732739 0.945931 0.232509 0.648735
0.408213 0.751848 0.793503 0.267639 0.778124 0.082010 0.175106 0.824821 0.661558 0.896023 0.189296 0.582641
0.534118 0.774377 0.838090 0.294366 0.749582 0.158720 0.164364 0.816058 0.768621 0.943159 0.173647 0.718050
0.397854 0.777952 0.691987 0.230141 0.852738 0.072813 0.116729 0.818879 0.689656 0.928133 0.183731 0.682848
0.417888 0.883796 0.706020 0.209084 0.740486 0.149733 0.185714 0.838505 0.740573 0.942520 0.101691 0.800890
0.352825 0.755109 0.836003 0.241545 0.805360 0.124627 0.182504 0.904571 0.634435 0.925722 0.168697 0.744228
0.393582 0.733466 0.728518 0.208420 0.756388 0.061605 0.197939 0.795860 0.576813 0.817278 0.245940 0.775789
0.469826 0.795914 0.658357 0.298432 0.747971 0.028516 0.211132 0.690316 0.604090 0.936919 0.110240 0.676804
0.352716 0.796847 0.731363 0.184698 0.898530 0.052285 0.248872 0.871547 0.614690 0.880032 0.118714 0.713678
0.341290 0.840548 0.710444 0.178101 0.847062 0.111461 0.146288 0.813796 0.678256 0.972587 0.096330 0.766708
0.419739 0.747180 0.817180 0.315032 0.782084 0.066819 0.175816 0.758312 0.657154 0.875819 0.127108 0.618756
0.401042 0.746571 0.689547 0.319862 0.810132 0.081604 0.160088 0.847750 0.618789 0.893161 0.209774 0.756359
0.436574 0.777621 0.723253 0.240400 0.874322 0.114383 0.218802 0.801201 0.664744 0.961234 0.143127 0.750616
0.462157 0.734744 0.735401 0.177859 0.742770 0.057073 0.201378 0.917041 0.704303 0.912822 0.154807 0.730611
0.377463 0.831931 0.704984 0.281976 0.789609 0.022637 0.178498 0.771424 0.729758 1.024877 0.149066 0.778556
0.358389 0.768992 0.733835 0.191395 0.752618 0.076484 0.221165 0.811377 0.715852 0.912189 0.119683 0.797338
0.360332 0.777318 0.687531 0.244056 0.810826 0.028759 0.124083 0.910183 0.724786 0.955222 0.224306 0.743746
0.356958 0.789605 0.791687 0.251685 0.771895 0.059432 0.186632 0.750702 0.714488 0.918982 0.159562 0.724497
0.400169 0.721409 0.792759 0.165680 0.786945 0.070513 0.206744 0.819367 0.692271 0.906718 0.104084 0.685670
0.331548 0.837559 0.657782 0.251543 0.887644 0.117013 0.104995 0.775197 0.656909 0.897056 0.267368 0.627926
0.403777 0.722144 0.674688 0.198520 0.720244 0.030061 0.280406 0.739358 0.668346 0.990931 0.092130 0.660182
0.432489 0.762245 0.728066 0.156886 0.792429 0.053742 0.214684 0.672257 0.621487 0.893615 0.275079 0.757671
0.452774 0.736463 0.762768 0.247871 0.769003 0.210914 0.196660 0.752878 0.666832 0.935927 0.140909 0.536466
0.423702 0.831641 0.696899 0.275990 0.719564 0.109468 0.140096 0.843231 0.652075 0.834791 0.118799 0.668182
0.484932 0.747726 0.756370 0.257479 0.762120 0.067683 0.214132 0.846991 0.625084 0.853442 0.151699 0.730003
0.482634 0.892044 0.669662 0.173110 0.774520 0.026824 0.226185 0.899822 0.631199 0.890281 0.206294 0.737352
0.375430 0.805012 0.703363 0.200700 0.787830 0.007904 0.169807 0.837068 0.642132 0.906613 0.265385 0.724262
0.439437 0.743867 0.757518 0.303745 0.782515 0.082680 0.135097 0.836337 0.777905 0.911796 0.144107 0.723721
0.447902 0.856157 0.755606 0.336766 0.872682 -0.003411 0.088747 0.808425 0.718507 0.942975 0.182873 0.677233
0.322602 0.741072 0.655248 0.124902 0.860008 0.048326 0.122761 0.784332 0.671300 0.935848 0.143501 0.738484
0.478898 0.733858 0.629186 0.243213 0.822300 0.004022 0.200065 0.806854 0.673469 0.898390 0.160381 0.708257
0.364777 0.801208 0.819642 0.236783 0.758138 0.059446 0.198168 0.774235 0.682918 0.867853 0.258998 0.622206
0.424312 0.725213 0.715709 0.291501 0.800015 -0.005283 0.104428 0.829792 0.722719 1.007014 0.189003 0.727444
0.467788 0.807500 0.801577 0.259219 0.883947 0.033223 0.115660 0.733516 0.703484 0.967948 0.115185 0.647123
0.404391 0.736893 0.771720 0.266288 0.815626 0.064537 0.216065 0.846259 0.624683 0.901046 0.152500 0.668318
0.392770 0.753341 0.816227 0.249505 0.858497 0.066404 0.112008 0.841398 0.643517 0.941875 0.128035 0.707278
0.446518 0.735108 0.640252 0.196918 0.834646 0.011866 0.090263 0.748469 0.677761 0.913665 0.186898 0.723977
0.376786 0.811801 0.710654 0.252821 0.853162 0.076079 0.096472 0.814489 0.660830 0.945494 0.131124 0.692256
0.475466 0.758247 0.864722 0.301293 0.771546 0.082871 0.181567 0.827796 0.659184 0.923015 0.135640 0.654199
0.448558 0.835003 0.698434 0.289804 0.771014 0.037097 0.202334 0.737273 0.579056 0.940794 0.100362 0.661852
0.386786 0.760147 0.783512 0.182082 0.825595 0.040437 0.158543 0.693897 0.654754 1.005054 0.210335 0.807434
0.351304 0.802307 0.703867 0.226233 0.757237 0.008590 0.213317 0.786205 0.652763 0.945915 0.226687 0.688084
0.424456 0.841504 0.654932 0.274993 0.702143 0.063398 0.160319 0.688357 0.773023 0.986885 0.104748 0.764670
0.439970 0.816225 0.675378 0.182641 0.851162 0.014581 0.136414 0.913779 0.675320 0.905003 0.185920 0.679249
0.352120 0.728727 0.734176 0.274241 0.702833 0.138824 0.195449 0.760380 0.679826 0.948268 0.081961 0.647305
0.414710 0.828345 0.766342 0.213309 0.792650 0.043810 0.154495 0.842887 0.701737 0.767687 0.223192 0.789149
0.350580 0.732898 0.712492 0.122926 0.842427 0.020943 0.195008 0.861153 0.682641 0.892128 0.125409 0.725376
0.331846 0.782366 0.809426 0.194039 0.775454 0.073003 0.183647 0.725990 0.697927 0.820984 0.235173 0.753383
0.406346 0.810928 0.710794 0.217954 0.820913 0.103636 0.124810 0.807290 0.674957 0.882664 0.152319 0.692744
0.310004 0.827180 0.778567 0.180965 0.836363 0.089393 0.269584 0.813356 0.738811 0.935085 0.134811 0.702397
0.442909 0.817841 0.718283 0.293307 0.778634 0.090605 0.161735 0.825251 0.677314 0.974562 0.086816 0.648054
0.353982 0.784994 0.824170 0.363370 0.787995 0.069585 0.120095 0.841236 0.654364 0.879979 0.177506 0.675587
0.388300 0.732777 0.654697 0.279830 0.777321 0.096799 0.138949 0.864615 0.650840 0.887944 0.139504 0.683721
0.421416 0.805420 0.717892 0.294934 0.781844 0.038399 0.167559 0.749669 0.654787 0.894583 0.137011 0.714338
0.429911 0.781734 0.710921 0.259572 0.727556 0.192517 0.252668 0.760581 0.634081 0.940161 0.161747 0.783578
0.500294 0.820368 0.688754 0.199535 0.827188 0.066567 0.172593 0.689133 0.627788 0.969735 0.077777 0.690159
0.479284 0.782903 0.703873 0.250345 0.731712 0.048771 0.229957 0.870072 0.719473 0.912118 0.223754 0.749687
0.440424 0.819933 0.765464 0.236343 0.761805 0.067356 0.211012 0.740224 0.756732 0.877865 0.222751 0.698660
0.387778 0.828461 0.645159 0.306145 0.880358 0.157719 0.147556 0.793361 0.673077 0.896396 0.123342 0.717070
0.467955 0.734007 0.739680 0.248182 0.866846 0.113929 0.220233 0.772216 0.728943 0.859231 0.220899 0.763917
0.411788 0.805166 0.810137 0.218000 0.829347 0.115541 0.195771 0.822027 0.736420 0.874126 0.166858 0.673708
0.381648 0.787533 0.755947 0.199699 0.707795 0.049792 0.124940 0.783331 0.668098 0.894612 0.209118 0.581780
0.428758 0.809503 0.709800 0.287558 0.710730 0.111170 0.136520 0.744601 0.652267 0.900742 0.090773 0.701252
0.391102 0.781827 0.711540 0.196002 0.749509 0.083655 0.143608 0.922565 0.688473 0.932646 0.124173 0.752230
0.392587 0.754170 0.774791 0.314530 0.836010 0.115188 0.231825 0.806551 0.689725 0.902721 0.229920 0.718696
0.432677 0.687525 0.659343 0.309332 0.840819 0.142321 0.156810 0.853940 0.665207 0.949828 0.108908 0.768643
0.348306 0.686301 0.866942 0.227641 0.829578 0.197574 0.153394 0.744068 0.612473 0.882165 0.141632 0.682362
0.375367 0.774872 0.714467 0.277252 0.822764 0.056834 0.236067 0.729418 0.748609 0.911301 0.215413 0.674354
0.470991 0.781430 0.713842 0.177324 0.796910 0.066047 0.262166 0.697414 0.637466 0.873889 0.214408 0.596862
0.494243 0.756873 0.753122 0.161283 0.823402 0.134015 0.113008 0.755174 0.702911 0.994931 0.183022 0.623617
0.379842 0.806303 0.690587 0.234937 0.776004 0.027591 0.135136 0.781273 0.737367 0.939070 0.239082 0.724438
0.409283 0.824121 0.741071 0.169150 0.795950 -0.019683 0.176733 0.849648 0.625951 0.917476 0.190211 0.707231
0.354603 0.788913 0.753301 0.222761 0.901257 0.032362 0.161233 0.744961 0.736046 0.888437 0.214266 0.668424
0.552032 0.799579 0.806336 0.214228 0.776155 0.036101 0.148520 0.825202 0.668542 1.021308 0.187489 0.650480
0.409473 0.732008 0.815490 0.255264 0.702563 0.019442 0.022188 0.827904 0.823046 0.853909 0.133110 0.583704
0.378466 0.778871 0.812730 0.241169 0.766463 0.100983 0.155063 0.778651 0.709099 0.845543 0.187466 0.641397
0.379849 0.733931 0.693079 0.234662 0.729603 0.162819 0.190031 0.770681 0.608879 0.864871 0.165892 0.703600
0.407235 0.788945 0.872268 0.210350 0.728150 0.030050 0.142863 0.873274 0.636329 0.977390 0.208994 0.665774
