1000 12 300
0.826141 0.645349 0.173609 -0.016028 0.171734 0.821323 0.203655 0.925485 0.365043 0.315526 0.363095 0.933047
0.769167 0.680693 0.276080 0.057153 0.072279 0.821977 0.210558 0.749590 0.287852 0.152186 0.291956 1.043543
0.714708 0.589629 0.336837 0.029652 0.169680 0.786967 0.181905 0.903641 0.352405 0.316737 0.334926 0.882520
0.818292 0.587513 0.203058 0.038745 0.229089 0.809057 0.157236 0.842878 0.425353 0.294959 0.348408 0.972356
0.813634 0.616211 0.226827 0.027781 0.129230 0.788656 0.156148 0.972051 0.292654 0.311304 0.218378 0.986014
0.877701 0.612730 0.331098 0.079878 0.020201 0.835361 0.206706 0.936245 0.360538 0.386178 0.403361 0.990302
0.773083 0.645726 0.177659 0.049603 0.156792 0.712464 0.243607 0.857639 0.400135 0.484620 0.339412 1.033477
0.870945 0.612113 0.186022 0.004508 0.155684 0.876226 0.273445 0.825460 0.411313 0.370662 0.377268 0.988970
0.802095 0.728555 0.351099 0.069297 0.120344 0.781376 0.215637 0.952978 0.338567 0.348450 0.335536 1.006570
0.877588 0.683494 0.268121 -0.029345 0.179902 0.831619 0.179323 0.961784 0.461538 0.378350 0.406694 0.932128
0.835833 0.538926 0.238683 0.083693 0.183742 0.851885 0.304779 0.927777 0.415942 0.272027 0.324705 0.931752
0.767241 0.676165 0.229962 0.162337 0.134041 0.806233 0.206628 0.831780 0.262481 0.288291 0.416561 0.932370
0.783423 0.662863 0.266503 -0.027287 0.155781 0.751783 0.244531 0.880181 0.337719 0.375371 0.267687 0.942390
0.819157 0.628571 0.210026 0.107935 0.163171 0.884508 0.204820 0.764741 0.362621 0.329954 0.415040 0.942461
0.975869 0.623893 0.241133 0.052273 0.189774 0.809995 0.270804 0.879321 0.346267 0.291187 0.397377 0.938905
0.758417 0.622463 0.225324 0.155315 0.198624 0.707580 0.268654 0.853769 0.426672 0.324667 0.299153 1.032185
0.765285 0.706921 0.277182 0.114592 0.155087 0.758153 0.155611 0.832928 0.419477 0.383384 0.416940 0.915192
0.765909 0.698984 0.146106 0.058171 0.182883 0.768910 0.136432 0.883961 0.299811 0.375582 0.335498 0.967054
0.833259 0.631638 0.208029 0.095113 0.210048 0.826260 0.206467 0.763469 0.315865 0.354111 0.402435 0.881774
0.816029 0.708798 0.190475 -0.061553 0.252581 0.773908 0.224145 0.786414 0.309752 0.251414 0.360593 0.830236
0.843142 0.727605 0.229662 0.011446 0.090248 0.783524 0.256709 0.860187 0.323935 0.300488 0.345497 0.932625
0.778726 0.767789 0.362156 0.041258 0.200251 0.826313 0.278480 0.824663 0.455839 0.366440 0.441803 0.891787
0.800514 0.587603 0.286872 0.106658 0.200811 0.786537 0.222816 0.895849 0.341611 0.236899 0.303934 1.037195
0.768105 0.712690 0.285579 0.148660 0.122404 0.781095 0.258420 0.777754 0.358098 0.260210 0.394678 0.842643
0.829787 0.730017 0.118561 0.090167 0.302586 0.824337 0.167385 0.919344 0.337190 0.326530 0.281280 1.023908
0.783003 0.612880 0.193757 0.012734 0.105418 0.755840 0.209780 0.808279 0.377575 0.372075 0.472998 1.050779
0.838063 0.609652 0.178350 0.004197 0.166760 0.771363 0.163926 0.862724 0.499502 0.344209 0.315680 0.919095
0.802429 0.655345 0.184970 0.057230 0.116002 0.806577 0.232831 0.873124 0.445506 0.221940 0.445698 0.900561
0.816200 0.612659 0.181648 0.018724 0.092479 0.850508 0.242944 0.800711 0.463643 0.305436 0.318540 0.954124
0.784004 0.626486 0.256405 0.018369 0.126614 0.797246 0.280611 0.964070 0.439504 0.354780 0.365295 1.057610
0.793308 0.687766 0.183013 -0.017476 0.125750 0.737544 0.223498 0.880531 0.384905 0.371109 0.371785 0.973830
0.811704 0.719763 0.271459 0.084743 0.215187 0.864041 0.196934 0.839198 0.397347 0.255540 0.346075 0.875668
0.847115 0.611979 0.229806 0.074267 0.191555 0.743388 0.313461 0.845752 0.441727 0.294900 0.264898 0.995161
0.796171 0.676608 0.276588 0.122723 0.151633 0.749887 0.250546 0.923213 0.358280 0.388408 0.294478 0.983417
0.728399 0.633569 0.351162 0.083116 0.140847 0.760067 0.175844 0.888751 0.367800 0.394295 0.393521 0.955975
0.860647 0.737524 0.220671 0.057453 0.138602 0.691822 0.267045 0.850295 0.380009 0.301122 0.420791 1.002597
0.819604 0.623363 0.251706 0.045008 0.171814 0.817571 0.161589 0.976937 0.357626 0.364065 0.459989 0.941355
0.833849 0.642502 0.245550 0.140093 0.173229 0.828497 0.258853 0.895447 0.382244 0.387040 0.365592 0.975776
0.918555 0.663265 0.229189 0.017017 0.200590 0.664200 0.103114 0.924734 0.338419 0.294552 0.391169 0.884935
0.767420 0.509135 0.381878 0.027819 0.253752 0.782029 0.160372 0.866646 0.403430 0.321127 0.349373 0.958080
0.838058 0.664561 0.246137 0.143914 0.188993 0.717361 0.163233 0.913095 0.354917 0.419136 0.311290 0.952574
0.822561 0.617105 0.252302 0.079352 0.162630 0.697269 0.304723 0.813234 0.492367 0.377219 0.350703 0.975506
0.789640 0.575598 0.206238 0.126119 0.032285 0.750538 0.128852 0.854992 0.318910 0.313892 0.357550 1.024483
0.779555 0.671374 0.177301 0.052384 0.122580 0.860554 0.191543 0.812097 0.384718 0.335651 0.288759 0.984521
0.786976 0.656339 0.231958 0.147706 0.210675 0.796960 0.214623 0.807446 0.436069 0.329967 0.347252 1.020737
0.817402 0.693621 0.202860 0.130397 0.101992 0.814114 0.157613 0.972866 0.413984 0.343126 0.332466 0.915136
0.871885 0.604064 0.222164 0.044540 0.036312 0.773925 0.240362 0.848219 0.362132 0.291680 0.386180 0.929341
0.826864 0.636752 0.283623 0.116740 0.186524 0.781141 0.170253 0.902718 0.282085 0.373843 0.407592 0.913047
0.764578 0.671492 0.245533 0.127526 0.155092 0.759318 0.294939 0.821046 0.351843 0.354188 0.378834 0.983297
0.797749 0.615052 0.116151 0.090639 0.194119 0.727819 0.247496 0.880435 0.328756 0.334498 0.326456 0.973816
0.782087 0.735409 0.221345 0.105744 0.116373 0.798408 0.274537 0.971434 0.283988 0.331328 0.363443 0.963832
0.780421 0.667976 0.255005 0.066115 0.095046 0.873889 0.159284 0.887758 0.350784 0.373885 0.327173 0.903329
0.851503 0.673449 0.257797 0.108238 0.123961 0.859898 0.214266 0.843905 0.429965 0.352184 0.371950 0.975510
0.889112 0.596922 0.203401 0.007899 0.191261 0.742521 0.142159 0.857073 0.316520 0.320637 0.411473 1.013607
0.747789 0.533440 0.216041 0.079379 0.154046 0.783012 0.257741 0.950229 0.325651 0.269796 0.361686 0.982426
0.771403 0.584546 0.331946 0.087745 0.131443 0.816903 0.237299 0.790586 0.427392 0.337156 0.367940 1.019693
0.813495 0.683738 0.335748 0.053804 0.151434 0.749635 0.205471 0.811462 0.347287 0.264879 0.339764 0.981199
0.883563 0.696444 0.245986 0.104391 0.196006 0.792721 0.191791 0.892989 0.366642 0.332800 0.322112 0.977986
0.810165 0.655554 0.225914 0.077317 0.223316 0.763711 0.247680 0.841705 0.388635 0.300016 0.342002 1.083654
0.880559 0.649201 0.244584 0.003824 0.144968 0.799294 0.141554 0.884181 0.359301 0.348596 0.333819 1.039892
0.818314 0.603780 0.252586 0.085963 0.164987 0.857417 0.119103 0.855736 0.260961 0.347720 0.315051 0.873301
0.764931 0.670026 0.248328 0.124963 0.196819 0.728749 0.222751 0.923888 0.429699 0.349985 0.409166 0.934549
0.885670 0.690440 0.258737 0.080410 0.123349 0.811793 0.193169 0.843443 0.340951 0.272493 0.367828 0.949863
0.867312 0.618347 0.217629 0.069894 0.119482 0.778289 0.162839 0.995615 0.476355 0.265972 0.344227 0.912454
0.771426 0.639824 0.161807 0.152692 0.158374 0.833021 0.210942 0.941165 0.301644 0.372906 0.384147 0.980084
0.865662 0.577667 0.220611 0.106653 0.231189 0.762316 0.210401 0.970060 0.356557 0.346824 0.418960 0.990690
0.735980 0.674438 0.221061 0.053610 0.146504 0.828152 0.202915 0.852510 0.379364 0.359040 0.438156 0.965446
0.805818 0.712160 0.313520 0.104721 0.162100 0.706700 0.226635 0.906881 0.338775 0.349408 0.399584 0.976923
0.878796 0.695150 0.372272 0.106470 0.215689 0.746098 0.169765 0.919685 0.406525 0.278065 0.340975 0.966632
0.832140 0.655481 0.243424 0.161729 0.109403 0.866860 0.192724 0.832281 0.408231 0.381680 0.361942 0.847467
0.794408 0.672298 0.226400 0.034340 0.126567 0.839722 0.214251 0.855846 0.413481 0.349518 0.275552 0.947953
0.978469 0.516008 0.245782 0.091543 0.174160 0.718178 0.248233 0.826242 0.383491 0.314808 0.308194 0.991721
0.798543 0.555428 0.176189 0.165671 0.139375 0.719515 0.183341 0.877402 0.396949 0.262050 0.439950 0.930535
0.782592 0.640262 0.169494 0.077005 0.133173 0.820423 0.193160 0.902824 0.298446 0.313262 0.415997 0.856748
0.772065 0.691706 0.234465 0.091665 0.112317 0.753525 0.130101 0.887741 0.347652 0.252508 0.393732 0.987588
0.841109 0.535481 0.262803 0.063369 0.127781 0.751461 0.250885 0.855836 0.337978 0.381594 0.321152 0.947043
0.842875 0.595843 0.173484 0.039353 0.176701 0.698974 0.181078 0.850783 0.362618 0.410914 0.360360 0.919087
0.855139 0.581873 0.250438 0.046830 0.158410 0.761176 0.208509 0.968412 0.488542 0.320617 0.331578 0.962406
0.846972 0.536195 0.241576 0.007215 0.096476 0.802963 0.265838 0.931436 0.345419 0.316069 0.453560 0.967810
0.811578 0.644083 0.244501 -0.030469 0.175533 0.762033 0.241441 0.922866 0.387387 0.348313 0.329348 0.935610
0.853628 0.579230 0.236876 0.040807 0.172938 0.707182 0.196861 0.902982 0.468718 0.348582 0.355655 0.943016
0.785155 0.674242 0.191527 0.051807 0.095638 0.834756 0.270841 0.906187 0.333932 0.410089 0.400965 0.936746
0.874453 0.561550 0.246790 0.151236 0.185548 0.784516 0.246926 0.887092 0.373782 0.350066 0.381719 0.932391
0.789376 0.652827 0.149298 0.092917 0.113009 0.800836 0.239210 0.819113 0.447650 0.393398 0.391952 0.941951
0.801739 0.694476 0.379048 0.025998 0.136726 0.816212 0.295068 0.884334 0.320037 0.310936 0.350192 0.938464
0.876071 0.565068 0.248100 0.102038 0.139267 0.843974 0.267097 0.852317 0.399145 0.295906 0.369956 1.107893
0.834196 0.678624 0.250962 0.091416 0.217608 0.745192 0.220352 0.857693 0.376148 0.276190 0.309775 0.939945
0.863044 0.600836 0.147074 0.123243 0.224486 0.741767 0.178864 0.843611 0.367651 0.394115 0.461193 0.976603
0.793939 0.678516 0.201388 0.050895 0.167038 0.760472 0.157349 0.903618 0.361375 0.335549 0.289538 0.947198
0.787318 0.582158 0.203406 0.110638 0.197233 0.821698 0.222607 1.000978 0.463254 0.350097 0.310270 1.015240
0.746459 0.641664 0.242386 0.113463 0.146716 0.845976 0.225583 0.909708 0.399075 0.293377 0.385790 0.907048
0.889640 0.623688 0.333187 0.024811 0.157757 0.759372 0.226982 0.946290 0.363244 0.387691 0.319059 0.967455
0.870919 0.670523 0.256006 0.060910 0.123082 0.874041 0.315611 0.803495 0.404578 0.307379 0.251541 1.042260
0.804762 0.600423 0.317697 0.144260 0.196634 0.786320 0.233155 0.852790 0.390226 0.262811 0.386493 0.981950
0.823172 0.628509 0.298168 0.171556 0.212776 0.772601 0.176013 0.900186 0.360011 0.426712 0.383549 0.938060
0.742501 0.544434 0.214579 0.100881 0.260443 0.742115 0.270873 0.881645 0.233201 0.306745 0.352816 0.944588
0.792210 0.633200 0.305612 0.110477 0.145117 0.794447 0.117956 0.853903 0.398038 0.341154 0.331331 0.958993
0.782356 0.633467 0.169135 0.023130 0.240786 0.809625 0.255424 0.890121 0.255584 0.450923 0.343201 0.990761
0.849210 0.533974 0.203993 0.009311 0.232976 0.791518 0.113112 0.800258 0.405228 0.418178 0.349380 0.884213
0.745165 0.689763 0.259366 0.057753 0.152214 0.714631 0.200682 0.950785 0.318349 0.331270 0.462588 0.956173
0.875678 0.679466 0.318619 0.046052 0.117770 0.796695 0.310521 0.890839 0.303837 0.301442 0.331922 0.940843
0.807933 0.671270 0.233447 0.034022 0.182193 0.832009 0.205596 0.890251 0.402610 0.267690 0.358122 1.014506
0.876574 0.649993 0.256861 0.056113 0.119381 0.790864 0.246357 0.876885 0.389468 0.366337 0.360274 0.981973
0.872075 0.713683 0.252582 0.013960 0.111997 0.740959 0.168651 0.882286 0.380236 0.321624 0.375605 0.963931
0.822696 0.632722 0.198932 0.116094 0.282446 0.790861 0.206322 0.829739 0.452562 0.328524 0.347491 0.976692
0.780506 0.689330 0.208301 0.025114 0.232000 0.853671 0.242418 0.917771 0.438555 0.239374 0.395056 1.035438
0.767592 0.698886 0.250820 0.014040 0.172584 0.726307 0.211252 0.839358 0.387897 0.387528 0.350057 0.915188
0.928112 0.676827 0.274784 0.083612 0.128138 0.752741 0.256483 0.919856 0.383485 0.340035 0.402989 0.960890
0.875680 0.675294 0.199135 0.116397 0.251074 0.773912 0.227049 0.850528 0.400382 0.289355 0.325626 0.985813
0.829496 0.623446 0.219055 0.092314 0.141122 0.736987 0.251877 0.945471 0.373384 0.321764 0.464803 0.980368
0.857102 0.707116 0.300612 0.050779 0.094541 0.790003 0.264578 0.897489 0.417427 0.360475 0.350111 1.014084
0.785202 0.639988 0.199526 0.071917 0.147312 0.790844 0.196630 0.938689 0.323735 0.264602 0.297381 0.946912
0.804597 0.587333 0.220666 0.070396 0.105659 0.788771 0.217772 0.864785 0.422810 0.344574 0.286153 0.889249
0.839767 0.732554 0.129870 -0.000434 0.210553 0.816747 0.256924 0.831928 0.432448 0.336271 0.343343 1.012659
0.736781 0.651033 0.179664 0.127214 0.115608 0.753077 0.242043 0.887523 0.351141 0.425906 0.337713 0.983189
0.774298 0.607881 0.246511 0.008940 0.255420 0.798898 0.225579 0.890333 0.364116 0.393529 0.380144 0.968786
0.813200 0.628106 0.196851 0.099692 0.067090 0.787384 0.139778 0.839340 0.382687 0.315937 0.354308 0.914372
0.782869 0.660667 0.230778 0.132051 0.107743 0.811177 0.238439 0.823035 0.433982 0.251010 0.285672 1.008380
0.762415 0.684279 0.264408 0.062318 0.092341 0.813393 0.304830 0.836720 0.332334 0.328044 0.353729 0.977352
0.740075 0.618118 0.270502 0.100041 0.167293 0.753466 0.225066 0.862274 0.420983 0.265247 0.448373 1.100525
0.819706 0.567524 0.264008 0.098450 0.158549 0.786911 0.170047 0.857913 0.365528 0.384928 0.299513 0.985025
0.748208 0.755766 0.281664 0.058605 0.208221 0.743328 0.239491 0.931017 0.370384 0.384445 0.367028 1.019376
0.741490 0.600573 0.165414 0.113510 0.113646 0.750848 0.176168 0.815391 0.351688 0.322375 0.345443 0.991240
0.812218 0.667942 0.199217 0.143799 0.070404 0.790072 0.168628 0.825273 0.441952 0.440139 0.389150 0.953812
0.911723 0.579349 0.274896 0.073492 0.126672 0.754194 0.272146 0.850040 0.420002 0.358932 0.352785 0.937927
0.786305 0.667459 0.199295 0.055619 0.141839 0.802862 0.185604 0.859111 0.335582 0.240972 0.301833 0.951961
0.863298 0.549414 0.253227 0.028878 0.114495 0.860218 0.241668 0.899720 0.384735 0.342233 0.415580 0.947603
0.872140 0.606023 0.179331 0.152766 0.142438 0.762893 0.188897 0.917002 0.395285 0.264935 0.374505 0.934549
0.788995 0.663611 0.206329 0.156072 0.133244 0.730719 0.103010 0.855300 0.352147 0.335489 0.369292 0.949841
0.814298 0.698036 0.303845 0.048107 0.155724 0.799364 0.218379 0.937336 0.278182 0.379164 0.304167 0.911551
0.894152 0.637399 0.274038 0.138429 0.205718 0.800569 0.231374 0.918389 0.297089 0.337202 0.365166 0.796278
0.892190 0.597810 0.296368 0.107752 0.186802 0.766817 0.221053 0.874172 0.481883 0.342008 0.469222 1.042722
0.947770 0.653846 0.269378 0.144189 0.153495 0.719466 0.115035 0.886572 0.419905 0.381766 0.375071 1.011601
0.784321 0.635458 0.344900 0.070995 0.222699 0.757421 0.234961 0.994102 0.375941 0.324606 0.379451 0.944715
0.835752 0.642833 0.225536 0.154571 0.134400 0.842947 0.203228 0.918477 0.357210 0.325720 0.363255 0.896936
0.822147 0.575426 0.203759 0.076378 0.170772 0.701487 0.290109 0.946072 0.336205 0.284751 0.344771 0.976040
0.749023 0.612289 0.216448 0.030988 0.123459 0.855243 0.267571 0.878136 0.396699 0.394333 0.354264 0.999648
0.792147 0.746170 0.240304 0.057265 0.218330 0.869318 0.142446 0.871843 0.398062 0.331358 0.372643 0.984745
0.802750 0.695112 0.274805 0.053888 0.147209 0.764319 0.199771 0.855532 0.403682 0.422518 0.350491 0.953269
0.813149 0.607349 0.171866 0.082113 0.195234 0.735158 0.146437 0.848429 0.435862 0.353478 0.354524 0.960559
0.850312 0.588340 0.241711 0.036430 0.117097 0.807427 0.202705 0.912763 0.401335 0.379207 0.357129 0.913102
0.790803 0.630549 0.344790 0.083397 0.126122 0.825639 0.238794 0.926987 0.353880 0.323451 0.322107 0.983995
0.912192 0.658665 0.244290 0.045905 0.148626 0.755323 0.292456 0.850057 0.400842 0.275379 0.427774 1.011475
0.802827 0.619996 0.257401 0.046075 0.132688 0.725869 0.205548 0.879747 0.339910 0.346174 0.372342 0.927141
0.822882 0.580218 0.247829 0.128080 0.080103 0.835425 0.276570 0.780812 0.385272 0.373041 0.251839 0.896893
0.869916 0.688863 0.180308 0.094825 0.179514 0.715636 0.198146 0.867068 0.321948 0.378480 0.385676 0.947432
0.906631 0.613848 0.154504 0.083262 0.239245 0.808098 0.176003 0.845144 0.459296 0.410488 0.305851 0.922687
0.788515 0.526685 0.253144 -0.045163 0.129949 0.884417 0.268832 0.866362 0.371935 0.398639 0.349436 0.950427
0.854611 0.690501 0.257524 0.157456 0.133329 0.870590 0.156145 0.843524 0.327114 0.317397 0.393456 0.972215
0.823226 0.636030 0.258786 0.114915 0.127437 0.815542 0.273670 0.830734 0.433191 0.320677 0.326321 1.049237
0.813113 0.649665 0.239847 0.082913 0.119314 0.860321 0.306948 0.957789 0.444974 0.364418 0.322916 0.905515
0.908781 0.533305 0.238028 0.084234 0.137956 0.787082 0.241429 0.858933 0.365346 0.249454 0.344118 0.975703
0.767001 0.638309 0.232243 0.099874 0.208726 0.815092 0.240733 0.831983 0.356418 0.264482 0.383556 0.945913
0.815746 0.726186 0.191057 0.087732 0.172496 0.767891 0.272131 0.891440 0.337074 0.336458 0.318038 0.976789
0.848365 0.648180 0.175467 0.052317 0.111098 0.766091 0.155600 0.872935 0.331373 0.357557 0.290320 1.027552
0.794094 0.650184 0.282495 0.140888 0.107221 0.838435 0.207735 0.844865 0.438097 0.309246 0.373352 1.002702
0.813562 0.607234 0.196500 0.040634 0.135790 0.888970 0.155112 0.826374 0.372974 0.257456 0.404765 0.936833
0.756130 0.647305 0.214766 0.154172 0.130629 0.809955 0.190145 0.865677 0.383075 0.370730 0.403560 0.916521
0.857532 0.571002 0.196510 0.086027 0.159299 0.837520 0.217073 0.871452 0.274157 0.411401 0.307072 1.015710
0.872702 0.635169 0.281049 -0.023329 0.154326 0.891516 0.183166 0.827374 0.310587 0.282672 0.491237 0.963531
0.936862 0.639225 0.155914 0.134677 0.093047 0.818249 0.159869 0.819632 0.379144 0.382704 0.297181 0.967406
0.779142 0.599976 0.341905 0.067466 0.151116 0.816020 0.198524 0.931859 0.410866 0.377864 0.431638 0.973645
0.804437 0.454520 0.171567 -0.005062 0.180772 0.832093 0.183032 0.860094 0.422325 0.349533 0.399935 0.957570
0.817075 0.629205 0.312841 0.074853 0.176882 0.790440 0.224805 0.882884 0.375522 0.367502 0.317330 0.873149
0.814805 0.682835 0.187835 0.016245 0.108133 0.763843 0.221669 0.984855 0.431054 0.342521 0.417777 0.946839
0.853011 0.587483 0.294336 0.070114 0.196777 0.806676 0.261044 0.884245 0.416361 0.411805 0.345401 1.022081
0.784152 0.751530 0.153665 0.058656 0.211220 0.772970 0.339355 0.831059 0.368491 0.310231 0.361917 0.918642
0.749471 0.610526 0.417856 0.886019 0.811596 0.647688 0.710262 0.425745 0.799277 0.193310 0.156814 0.841006
0.712387 0.662424 0.363593 0.897876 0.750858 0.470731 0.719146 0.600919 0.768491 0.146726 0.129376 0.785637
0.660071 0.598181 0.377646 0.867048 0.705374 0.568250 0.691970 0.605980 0.816263 0.092989 0.054794 0.803105
0.710232 0.589099 0.377666 0.866539 0.751353 0.638919 0.821913 0.572313 0.824862 0.244816 0.117030 0.909317
0.798439 0.588617 0.386192 0.900132 0.821897 0.563038 0.694770 0.614814 0.781124 0.223662 0.129012 0.770929
0.750287 0.651476 0.391849 0.959876 0.738073 0.567108 0.643937 0.600856 0.776370 0.173032 0.135915 0.837687
0.714743 0.625266 0.360186 0.963070 0.711014 0.625413 0.708129 0.519404 0.812198 0.135146 0.219855 0.815870
0.719249 0.602713 0.359287 0.927940 0.793227 0.670458 0.731226 0.561448 0.839451 0.212085 0.205809 0.871462
0.639103 0.602305 0.318469 0.786304 0.835860 0.609037 0.678325 0.599645 0.830914 0.227421 0.222571 0.798244
0.705171 0.657087 0.385696 0.929894 0.764158 0.581890 0.761083 0.609574 0.836894 0.241836 0.084049 0.799030
0.689858 0.658167 0.399470 0.935891 0.683600 0.603472 0.736954 0.583777 0.810231 0.213269 0.088910 0.749335
0.600674 0.628310 0.323203 0.890678 0.617888 0.483126 0.630273 0.545208 0.838643 0.204916 0.171039 0.727071
0.703134 0.674662 0.386297 0.889634 0.710866 0.648858 0.703070 0.652131 0.850247 0.199284 0.082678 0.843342
0.763290 0.684232 0.428828 0.924065 0.724301 0.565870 0.617131 0.607292 0.949020 0.123655 0.135929 0.733058
0.739288 0.598523 0.394586 0.909092 0.801479 0.599758 0.687103 0.502642 0.781794 0.257929 0.107646 0.839164
0.714368 0.673589 0.329919 0.891982 0.784986 0.623805 0.706119 0.564763 0.834306 0.106540 0.110601 0.802795
0.602939 0.708245 0.366978 0.960334 0.748757 0.580309 0.736204 0.554361 0.850008 0.126297 0.171419 0.753058
0.702805 0.702339 0.365852 0.815637 0.674150 0.585200 0.720921 0.512340 0.767302 0.163866 0.193980 0.806047
0.710925 0.590589 0.287346 0.954386 0.769279 0.602054 0.712316 0.617432 0.845788 0.168185 0.205632 0.853675
0.647662 0.669816 0.413643 0.861213 0.740122 0.599223 0.752521 0.687249 0.793933 0.120531 0.182159 0.833468
0.719337 0.676195 0.395513 0.935783 0.708401 0.546314 0.601933 0.521329 0.814037 0.172375 0.136586 0.882762
0.742550 0.719768 0.270382 0.868334 0.726941 0.628481 0.689836 0.602373 0.709095 0.162515 0.116456 0.796061
0.749046 0.587840 0.386535 0.922041 0.777665 0.592327 0.806712 0.558661 0.771803 0.219130 0.203575 0.801507
0.722780 0.639479 0.420870 0.911004 0.772863 0.685016 0.674902 0.644275 0.760626 0.236713 0.147021 0.897089
0.652161 0.656755 0.393558 0.926752 0.785267 0.609282 0.731410 0.551063 0.733068 0.197315 0.181571 0.876212
0.704819 0.625578 0.349010 0.894083 0.733600 0.621767 0.725716 0.498350 0.794744 0.203782 0.158315 0.698694
0.628807 0.627135 0.355614 0.874169 0.752546 0.656228 0.695233 0.543611 0.824975 0.123952 0.086491 0.795507
0.708315 0.715989 0.331863 0.926828 0.705104 0.619823 0.760679 0.561079 0.860646 0.246253 0.167525 0.729439
0.745127 0.634109 0.428876 0.853988 0.879058 0.629362 0.679867 0.545040 0.833670 0.221038 0.127564 0.753989
0.759844 0.675563 0.382691 0.953485 0.729783 0.643476 0.666134 0.510165 0.860051 0.099883 0.152285 0.836202
0.669210 0.703542 0.441396 0.938427 0.754468 0.506226 0.762147 0.568547 0.796659 0.225198 0.142334 0.810971
0.774166 0.665487 0.353217 0.811726 0.698089 0.632465 0.662515 0.622994 0.714755 0.157105 0.131573 0.813870
0.714716 0.584690 0.348460 0.878390 0.775497 0.571027 0.643572 0.569404 0.719264 0.140859 0.142075 0.757740
0.663926 0.615147 0.338119 0.917810 0.875639 0.655014 0.717694 0.656570 0.846922 0.244374 0.051664 0.733072
0.708595 0.661509 0.356071 0.910867 0.712266 0.557060 0.774634 0.597561 0.751844 0.213634 0.160695 0.848075
0.732737 0.624984 0.372014 0.948255 0.770630 0.600259 0.696520 0.607014 0.741836 0.243390 0.187077 0.817969
0.706772 0.629351 0.347797 0.751674 0.744094 0.472462 0.639860 0.596556 0.828433 0.277945 0.177060 0.773598
0.621340 0.635366 0.370947 0.940647 0.701559 0.622427 0.664121 0.542989 0.794550 0.154243 0.202525 0.800761
0.720281 0.653608 0.382778 0.873293 0.783777 0.651989 0.741503 0.596054 0.878625 0.163215 0.030935 0.810189
0.674567 0.638995 0.301604 0.886413 0.743347 0.566479 0.719382 0.463168 0.852350 0.252982 0.140909 0.888135
0.670963 0.651454 0.322212 0.952587 0.722393 0.615653 0.735024 0.538274 0.755653 0.159602 0.114166 0.849938
0.731995 0.712831 0.321303 0.942420 0.665853 0.523820 0.769106 0.484752 0.880349 0.179990 0.201159 0.851105
0.706913 0.778320 0.418967 0.857632 0.681620 0.601160 0.748777 0.482763 0.865304 0.127733 0.190907 0.821225
0.740746 0.673856 0.342194 0.915464 0.693569 0.666449 0.722078 0.561893 0.875626 0.311229 0.120970 0.802624
0.637070 0.654345 0.377541 0.856683 0.702235 0.561421 0.684287 0.525120 0.760045 0.195984 0.085543 0.776625
0.606406 0.656907 0.325931 0.951146 0.802341 0.606689 0.641795 0.585857 0.878811 0.203749 0.115966 0.734378
0.754242 0.670836 0.426475 0.899549 0.547470 0.585816 0.689466 0.590488 0.736673 0.227269 0.230136 0.815168
0.728677 0.666606 0.326584 0.969439 0.768004 0.593646 0.701708 0.567193 0.755386 0.093698 0.162458 0.809074
0.649814 0.750046 0.370159 0.918609 0.794279 0.573617 0.645796 0.592531 0.860495 0.125974 0.162222 0.809190
0.600160 0.637661 0.354423 0.886913 0.784776 0.615895 0.703585 0.587251 0.724772 0.312551 0.151467 0.837805
0.705756 0.744300 0.370253 0.885956 0.752180 0.556330 0.702641 0.530102 0.759664 0.149555 0.205357 0.784253
0.683443 0.716012 0.429112 0.948888 0.705148 0.576639 0.677020 0.527221 0.784272 0.086573 0.228142 0.849549
0.683178 0.619422 0.372154 0.955162 0.691879 0.554728 0.716042 0.450343 0.780224 0.164627 0.019067 0.752708
0.651627 0.585372 0.399017 0.891465 0.736722 0.567702 0.760752 0.540916 0.787613 0.148400 0.173990 0.816109
0.659302 0.614268 0.274013 0.896876 0.762302 0.568664 0.755942 0.552327 0.779565 0.145859 0.123332 0.786232
0.652475 0.674678 0.384245 0.911688 0.794095 0.704108 0.656805 0.611818 0.811191 0.298369 0.066557 0.838820
0.682024 0.640726 0.327499 0.867830 0.690661 0.631000 0.724475 0.563336 0.808514 0.143027 0.156384 0.718883
0.744249 0.587645 0.340229 0.838790 0.724926 0.669229 0.673965 0.588436 0.806458 0.231184 0.136244 0.816719
0.817917 0.696840 0.373068 0.970477 0.762341 0.667387 0.693977 0.632268 0.754507 0.183585 0.185271 0.797237
0.722578 0.584022 0.389102 0.906617 0.777498 0.619695 0.638696 0.521552 0.775490 0.193444 0.162232 0.766642
0.734858 0.573138 0.346271 0.911460 0.752599 0.591562 0.626860 0.541264 0.800115 0.180393 0.129156 0.725747
0.764876 0.643291 0.339103 0.870227 0.830103 0.657935 0.699281 0.647786 0.791831 0.267261 0.136240 0.794182
0.757772 0.650873 0.449317 0.880632 0.779701 0.654873 0.736962 0.564208 0.868272 0.212892 0.083734 0.767121
0.712045 0.670685 0.373561 0.932628 0.700034 0.620470 0.712700 0.549899 0.832133 0.187569 0.260058 0.872300
0.735104 0.677461 0.253534 0.835776 0.726196 0.634468 0.654327 0.575122 0.880680 0.233314 0.145600 0.805328
0.635131 0.637310 0.347636 0.788190 0.787137 0.626206 0.714950 0.591134 0.752670 0.189233 0.183249 0.781412
0.760675 0.635382 0.392832 0.908454 0.692632 0.508068 0.652142 0.653621 0.897528 0.168337 0.167465 0.782354
0.722392 0.609507 0.407473 0.858135 0.732156 0.648402 0.640175 0.597846 0.827596 0.249928 0.144535 0.872276
0.712327 0.600100 0.315211 0.809738 0.746540 0.639917 0.681001 0.555635 0.867534 0.172052 0.146617 0.847557
0.661557 0.586807 0.362349 0.936602 0.746173 0.659863 0.727435 0.592015 0.799014 0.205418 0.159164 0.794497
0.702822 0.598348 0.231452 0.765963 0.835864 0.616231 0.663859 0.488985 0.837216 0.149433 0.198557 0.837325
0.790437 0.616988 0.435393 0.928476 0.755986 0.518490 0.689474 0.549968 0.837470 0.241925 0.033506 0.765669
0.594226 0.692394 0.319814 0.875211 0.677132 0.640421 0.629557 0.629308 0.853160 0.188106 0.263325 0.786496
0.703354 0.563170 0.446966 0.885836 0.789566 0.658404 0.697589 0.531894 0.921337 0.221590 0.142843 0.791630
0.772304 0.659944 0.371427 0.939146 0.777572 0.569029 0.698777 0.588647 0.791883 0.139126 0.159561 0.809332
0.709550 0.594791 0.428502 0.798762 0.673771 0.667455 0.770240 0.596043 0.721327 0.180341 0.219487 0.732908
0.659892 0.603006 0.361918 0.860209 0.739035 0.598955 0.711531 0.548057 0.881461 0.155774 0.207052 0.761757
0.676481 0.615086 0.378610 0.913722 0.745972 0.625049 0.691692 0.533021 0.764355 0.198293 0.230223 0.686302
0.685284 0.522103 0.433562 0.935891 0.754275 0.633146 0.661504 0.562457 0.763873 0.151883 0.116629 0.810815
0.731452 0.617128 0.321644 0.906636 0.774459 0.614013 0.654627 0.575357 0.834298 0.275784 0.217932 0.787777
0.682170 0.596917 0.414093 0.927025 0.816055 0.642578 0.679739 0.550844 0.705889 0.148971 0.155906 0.838013
0.756290 0.628344 0.351228 0.868034 0.779750 0.613498 0.664834 0.511668 0.772592 0.200526 0.064737 0.809688
0.673267 0.724807 0.332051 0.898364 0.707699 0.510181 0.681776 0.543930 0.780034 0.147001 0.212762 0.777504
0.675006 0.592644 0.458319 0.891255 0.626237 0.604232 0.694216 0.490379 0.788079 0.300678 0.192322 0.839896
0.808501 0.705819 0.275786 0.808880 0.784403 0.586691 0.662851 0.626244 0.879612 0.204216 0.203161 0.898031
0.601450 0.699349 0.439629 0.943040 0.663616 0.634803 0.703272 0.535265 0.818284 0.181475 0.240189 0.718523
0.691383 0.728198 0.423410 0.939113 0.695893 0.627011 0.711989 0.579981 0.818613 0.179413 0.194036 0.759067
0.675910 0.655859 0.400184 0.919310 0.694577 0.601473 0.644519 0.632222 0.848587 0.189659 0.232128 0.833963
0.623479 0.694795 0.390214 0.911220 0.757077 0.615553 0.756123 0.599777 0.751539 0.208958 0.144910 0.807140
0.674139 0.674891 0.348083 0.928666 0.722590 0.582024 0.764123 0.517454 0.816649 0.192153 0.108682 0.794109
0.735252 0.591365 0.420865 0.934630 0.804018 0.518768 0.737576 0.497697 0.773745 0.214280 0.175999 0.842378
0.756946 0.632524 0.397489 0.906104 0.833977 0.590171 0.760774 0.625211 0.811671 0.189902 0.038121 0.722212
0.790315 0.628745 0.306323 0.887769 0.671706 0.571508 0.719665 0.558332 0.864340 0.304110 0.161789 0.823545
0.644690 0.588408 0.421149 0.957506 0.707731 0.558245 0.684984 0.578663 0.832736 0.202092 0.179304 0.838856
0.704644 0.620306 0.336666 0.895941 0.728985 0.594548 0.825624 0.613421 0.773068 0.313445 0.153344 0.832885
0.711085 0.705049 0.388488 0.925659 0.668144 0.542096 0.674552 0.493452 0.808373 0.180912 0.155369 0.851671
0.626592 0.543947 0.392182 0.785031 0.812450 0.606764 0.670939 0.652248 0.788563 0.138763 0.148927 0.844626
0.719890 0.658149 0.342600 0.875741 0.770851 0.618739 0.650429 0.572968 0.781344 0.137898 0.166192 0.790118
0.689271 0.606380 0.353789 0.980985 0.794393 0.666617 0.774789 0.581753 0.782589 0.145282 0.113945 0.804975
0.709478 0.686501 0.304878 0.929724 0.727186 0.608376 0.707873 0.639944 0.833673 0.265598 0.154149 0.796534
0.794749 0.616571 0.388190 0.852732 0.830019 0.645782 0.677270 0.573605 0.823605 0.264461 0.131011 0.905265
0.755032 0.642039 0.407190 0.838418 0.828103 0.587650 0.635927 0.554175 0.844884 0.267197 0.136277 0.835372
0.693207 0.675947 0.407568 0.986686 0.808722 0.532859 0.772008 0.602177 0.901835 0.277207 0.246455 0.834939
0.693550 0.635085 0.402828 0.914420 0.751882 0.592236 0.742470 0.501607 0.731546 0.137935 0.136494 0.773715
0.820955 0.520401 0.402414 0.840400 0.731553 0.610705 0.669691 0.482429 0.839485 0.213101 0.142113 0.809219
0.691190 0.645896 0.433698 0.875176 0.682689 0.642947 0.668572 0.526341 0.765749 0.216464 0.205883 0.823997
0.788901 0.628230 0.340121 0.937474 0.826617 0.600991 0.712220 0.531432 0.853186 0.154278 0.180485 0.772397
0.742625 0.512585 0.453567 0.910767 0.748816 0.552578 0.743897 0.557921 0.726820 0.195668 0.210835 0.769748
0.751385 0.541959 0.430612 0.781132 0.664271 0.593913 0.680761 0.491341 0.852898 0.162665 0.203872 0.761279
0.695593 0.633229 0.384943 0.872077 0.686161 0.585648 0.675051 0.572010 0.787700 0.107356 0.207124 0.829864
0.716190 0.699232 0.356362 0.787892 0.802023 0.573680 0.659268 0.491837 0.768113 0.290442 0.174050 0.823826
0.723501 0.637103 0.426004 0.929826 0.776978 0.555143 0.614915 0.557011 0.786030 0.269301 0.219561 0.755033
0.764814 0.692515 0.439296 0.842250 0.762538 0.621108 0.747547 0.556859 0.807136 0.226798 0.134089 0.803158
0.677225 0.555233 0.317601 0.920648 0.738319 0.609114 0.698714 0.498559 0.895698 0.120338 0.135250 0.770474
0.626967 0.736532 0.394772 0.914207 0.751102 0.516618 0.629148 0.557620 0.811521 0.126453 0.223107 0.820038
0.691441 0.671050 0.470552 0.920367 0.730898 0.547386 0.649866 0.513869 0.742224 0.242164 0.226591 0.799557
0.691181 0.586747 0.397895 0.941102 0.766725 0.622223 0.674420 0.563454 0.800856 0.131448 0.095320 0.853539
0.676016 0.665260 0.382962 0.898330 0.697297 0.609882 0.762597 0.626769 0.810334 0.175376 0.164562 0.816857
0.717849 0.670942 0.344237 0.940569 0.703489 0.610391 0.754386 0.534788 0.853342 0.199071 0.197282 0.781939
0.631553 0.642916 0.400332 0.886795 0.696220 0.647622 0.706103 0.549866 0.840062 0.170875 0.117651 0.845610
0.682627 0.569954 0.470218 0.994682 0.802952 0.535533 0.621220 0.502901 0.779205 0.213740 0.027055 0.792024
0.629732 0.694146 0.374641 0.942790 0.718358 0.613061 0.719950 0.588409 0.793724 0.211763 0.078589 0.853901
0.815869 0.667210 0.380870 0.802993 0.739551 0.632968 0.749540 0.632246 0.934386 0.076161 0.207143 0.798633
0.746338 0.602040 0.355423 0.872312 0.728227 0.643297 0.756893 0.526186 0.844223 0.238778 0.217893 0.804642
0.624239 0.694362 0.319270 0.812425 0.807918 0.584476 0.700097 0.487470 0.786102 0.136132 0.108494 0.823810
0.755744 0.718323 0.375683 0.897103 0.833242 0.618574 0.726057 0.643326 0.841969 0.228661 0.160811 0.791882
0.741372 0.604789 0.351524 0.893727 0.724793 0.725476 0.668253 0.566000 0.810604 0.172031 0.163690 0.787195
0.689599 0.533154 0.408264 0.866638 0.774135 0.583825 0.731032 0.587663 0.746867 0.210863 0.235101 0.797243
0.729364 0.613635 0.365484 0.984826 0.765448 0.561779 0.771843 0.520559 0.815470 0.210686 0.125556 0.897661
0.676308 0.711930 0.395332 0.908480 0.678871 0.633540 0.670051 0.620870 0.890817 0.283163 0.165571 0.782709
0.678770 0.614806 0.344440 0.877318 0.747873 0.554352 0.756804 0.593848 0.884282 0.175941 0.150330 0.781525
0.705853 0.587834 0.428159 0.875787 0.798150 0.547432 0.629317 0.546829 0.843511 0.178227 0.208180 0.808279
0.737208 0.511154 0.331378 0.958022 0.726225 0.561155 0.704371 0.544703 0.846378 0.127570 0.190006 0.755741
0.751094 0.613676 0.321883 0.831788 0.789621 0.626256 0.653526 0.552900 0.781046 0.145924 0.225619 0.763956
0.678932 0.752789 0.384512 0.826131 0.719570 0.647955 0.656186 0.629859 0.749528 0.176133 0.212826 0.723817
0.725599 0.664372 0.341377 0.795091 0.714495 0.662045 0.654566 0.520265 0.832982 0.276305 0.079398 0.725820
0.658045 0.614590 0.363934 1.001147 0.698299 0.516247 0.685334 0.565283 0.745381 0.093931 0.146531 0.775158
0.702083 0.619484 0.368566 0.899116 0.783003 0.560131 0.670051 0.509199 0.826076 0.195925 0.179850 0.770842
0.727778 0.577196 0.408795 0.939646 0.735943 0.641817 0.785287 0.627941 0.768393 0.116575 0.201884 0.893292
0.684955 0.674946 0.307824 0.897934 0.798196 0.583244 0.609127 0.538573 0.804314 0.182172 0.169391 0.870177
0.740165 0.605726 0.346654 0.854510 0.795900 0.654159 0.629969 0.531403 0.857891 0.182977 0.140293 0.762129
0.740895 0.607537 0.370047 0.878250 0.815264 0.622820 0.689337 0.457173 0.908134 0.228976 0.093109 0.875740
0.737403 0.594020 0.295799 0.843269 0.759333 0.581022 0.712824 0.630875 0.818992 0.155817 0.187410 0.803603
0.624524 0.735267 0.386176 0.864354 0.781007 0.713186 0.641937 0.597642 0.814857 0.252876 0.169231 0.734509
0.696467 0.606749 0.370406 0.914327 0.659778 0.503653 0.663072 0.547455 0.806989 0.155838 0.106292 0.799259
0.646575 0.580241 0.425307 0.914484 0.807916 0.594861 0.690746 0.466196 0.798662 0.215841 0.110123 0.757203
0.556372 0.588673 0.365479 0.970605 0.860547 0.678332 0.673267 0.566007 0.892675 0.181360 0.107107 0.916693
0.713091 0.575875 0.321499 0.955885 0.744953 0.592594 0.618490 0.536886 0.762549 0.176435 0.154383 0.808080
0.763009 0.663828 0.340109 0.861766 0.691000 0.575804 0.767731 0.556642 0.795355 0.166321 0.112558 0.822414
0.776356 0.554942 0.331832 0.815005 0.759178 0.680676 0.710144 0.499110 0.761506 0.218352 0.160908 0.832698
0.657818 0.637320 0.377496 1.009115 0.770611 0.593420 0.629547 0.593705 0.825212 0.125187 0.211137 0.838150
0.708178 0.728277 0.411335 0.867066 0.660526 0.607967 0.649977 0.539120 0.752977 0.208530 0.233490 0.755717
0.720989 0.688607 0.289840 0.872331 0.794295 0.580305 0.800112 0.540863 0.761706 0.208330 0.115118 0.771626
0.746650 0.627193 0.270689 0.891543 0.696968 0.690596 0.669170 0.555408 0.832016 0.221070 0.136501 0.862352
0.709462 0.622295 0.272361 0.896534 0.678858 0.638975 0.727500 0.618076 0.862933 0.290007 0.205485 0.827713
0.674921 0.595239 0.415266 0.894927 0.718043 0.558124 0.722850 0.530121 0.803759 0.205566 0.091926 0.784693
0.747554 0.689467 0.385656 0.940392 0.799026 0.668957 0.724009 0.600227 0.899689 0.130752 0.100831 0.876689
0.715387 0.641621 0.445331 0.925695 0.741916 0.608319 0.786828 0.615059 0.751947 0.100138 0.139102 0.843557
0.639314 0.662353 0.325747 0.869331 0.856687 0.639132 0.685634 0.554457 0.765697 0.206530 0.119972 0.823084
0.736838 0.692111 0.411197 0.885625 0.766914 0.594906 0.699521 0.597120 0.807206 0.195627 0.097121 0.797020
0.720334 0.644655 0.500757 0.796604 0.664969 0.586610 0.738061 0.506067 0.845401 0.172271 0.094609 0.830711
0.723723 0.659273 0.456826 0.958489 0.736422 0.602747 0.706946 0.608641 0.824744 0.231339 0.164166 0.786161
0.707165 0.536630 0.362090 0.847733 0.817752 0.677901 0.697990 0.499144 0.821023 0.168335 0.183620 0.783414
0.754573 0.595979 0.322984 0.876005 0.740040 0.632395 0.666937 0.577252 0.786418 0.099645 0.200298 0.818382
0.717940 0.590108 0.321840 0.922310 0.758912 0.629497 0.661394 0.545155 0.855133 0.169827 0.135141 0.827302
0.743393 0.640947 0.415914 0.883675 0.766494 0.605265 0.740187 0.578340 0.817356 0.253605 0.159904 0.770491
0.736209 0.646723 0.336431 0.843196 0.720098 0.632361 0.640729 0.510314 0.805713 0.285705 0.220668 0.837201
0.766404 0.676280 0.329309 0.927011 0.691379 0.561991 0.633293 0.593659 0.825440 0.223806 0.075867 0.878751
0.719961 0.605190 0.352093 0.925991 0.719553 0.609279 0.707655 0.527830 0.766286 0.258000 0.094476 0.889708
0.684562 0.601412 0.298080 0.913493 0.733257 0.558258 0.599920 0.522737 0.834496 0.174285 0.231391 0.866377
0.794238 0.591514 0.334961 0.902430 0.782686 0.647520 0.615670 0.591137 0.860281 0.122126 0.152290 0.784594
0.651552 0.576615 0.342367 0.940381 0.701783 0.543807 0.627966 0.588152 0.765088 0.145414 0.120067 0.758440
0.703845 0.649426 0.334149 0.867799 0.729142 0.714584 0.728380 0.620960 0.764302 0.177790 0.116113 0.810341
0.649092 0.692226 0.335947 0.828399 0.810351 0.690658 0.651162 0.543248 0.803056 0.185403 0.137285 0.767057
0.704068 0.535439 0.431236 0.883624 0.698072 0.568676 0.798914 0.584150 0.816100 0.157683 0.137800 0.889648
0.660367 0.626689 0.411438 0.901287 0.706091 0.657852 0.653814 0.552555 0.847379 0.119388 0.168569 0.799068
0.762060 0.628867 0.330543 1.024037 0.769231 0.620324 0.654375 0.551671 0.801767 0.261849 0.198587 0.804826
0.754254 0.705135 0.356538 0.901138 0.756594 0.539005 0.696373 0.605541 0.787703 0.218121 0.221208 0.830721
0.661350 0.642831 0.383674 0.918781 0.749561 0.517480 0.717152 0.580307 0.860857 0.234643 0.128087 0.786376
0.704938 0.686709 0.328329 0.857171 0.776342 0.645628 0.658674 0.557998 0.733793 0.130361 0.138867 0.720276
0.736055 0.661229 0.370725 0.845164 0.750408 0.636189 0.704827 0.546949 0.784511 0.234847 0.213059 0.712192
0.718065 0.522842 0.384983 0.892382 0.759697 0.524126 0.695602 0.601888 0.794081 0.252129 0.209080 0.825993
0.730386 0.665849 0.386889 0.891573 0.764402 0.608922 0.730580 0.508404 0.762411 0.202013 0.180471 0.775047
0.744694 0.585557 0.441266 0.822084 0.763415 0.574779 0.615137 0.525343 0.769824 0.109111 0.165566 0.772854
0.688469 0.505319 0.357392 0.940507 0.752477 0.537951 0.638100 0.584781 0.827615 0.218156 0.159189 0.793203
0.674986 0.570691 0.372691 0.880490 0.685704 0.562092 0.705225 0.547460 0.851033 0.240107 0.081228 0.813340
0.627619 0.652219 0.289060 0.902474 0.742852 0.710266 0.753077 0.530155 0.835589 0.207334 0.244135 0.693007
0.621577 0.607728 0.320301 0.973048 0.724379 0.571697 0.758601 0.577383 0.769101 0.115763 0.174065 0.793790
0.732692 0.566632 0.315131 0.848032 0.736145 0.563623 0.626150 0.612437 0.807127 0.276661 0.094744 0.801076
0.701507 0.619244 0.431872 0.935902 0.787822 0.571327 0.601698 0.501461 0.806872 0.148390 0.072004 0.835283
0.712279 0.634502 0.400159 0.913528 0.729158 0.616244 0.731168 0.577755 0.773235 0.178021 0.051767 0.806196
0.759503 0.717083 0.421749 0.899706 0.739377 0.645805 0.634446 0.502838 0.792527 0.238203 0.114269 0.787671
0.767178 0.692819 0.313775 0.856111 0.736968 0.588972 0.712861 0.546995 0.878478 0.227574 0.100999 0.845101
0.658675 0.606820 0.364984 0.878023 0.818172 0.552160 0.720506 0.633652 0.853202 0.169824 0.083874 0.850366
0.653304 0.533517 0.457975 0.971346 0.632961 0.612800 0.727245 0.560604 0.814677 0.154603 0.115018 0.751754
0.692150 0.725868 0.393329 0.841629 0.709807 0.535990 0.725211 0.487678 0.759467 0.211463 0.093946 0.790061
0.749017 0.697356 0.385774 0.901038 0.745844 0.632701 0.756041 0.618311 0.915330 0.160956 0.170236 0.734377
0.771478 0.625871 0.424064 0.955793 0.832848 0.603226 0.701815 0.686387 0.852624 0.191936 0.067402 0.781618
0.637780 0.666997 0.314074 0.942729 0.800195 0.689571 0.668665 0.498373 0.792804 0.190607 0.085023 0.782471
0.822375 0.555104 0.341764 0.885158 0.773349 0.568539 0.645852 0.457166 0.835917 0.139271 0.148504 0.789739
0.679640 0.685180 0.334583 0.875163 0.764469 0.515238 0.623769 0.577781 0.844132 0.161432 0.178871 0.829768
0.705668 0.645550 0.330549 0.892473 0.820641 0.621620 0.763175 0.525401 0.789311 0.133256 0.097316 0.736159
0.738200 0.560817 0.393318 0.833272 0.756143 0.591210 0.680335 0.587851 0.709608 0.224643 0.227618 0.804176
0.778774 0.507424 0.404568 0.868093 0.728088 0.634699 0.674084 0.657052 0.792944 0.233383 0.120162 0.736067
0.760251 0.678968 0.309457 0.976285 0.780107 0.639328 0.683192 0.617470 0.835518 0.207101 0.177417 0.778708
0.701910 0.643068 0.371847 0.837439 0.832470 0.556869 0.663004 0.589251 0.767804 0.166851 0.087360 0.869490
0.658011 0.657508 0.303310 0.895860 0.711778 0.533635 0.648952 0.555284 0.820661 0.265480 0.105621 0.799142
0.763508 0.654851 0.383594 0.864621 0.710514 0.645952 0.677925 0.592232 0.834566 0.151586 0.189476 0.825473
0.731178 0.614507 0.418593 0.818426 0.711287 0.566537 0.718025 0.557180 0.847487 0.091248 0.176965 0.825471
0.784880 0.642982 0.291236 0.837202 0.682893 0.646607 0.692698 0.562897 0.761854 0.219428 0.202926 0.847171
0.692065 0.682444 0.404847 0.911742 0.726725 0.555675 0.680589 0.539400 0.872028 0.197482 0.071586 0.860296
0.769849 0.644065 0.408846 0.910113 0.772557 0.576121 0.724555 0.624413 0.875708 0.230778 0.192634 0.817942
0.707730 0.565673 0.304869 0.865611 0.784634 0.551461 0.651281 0.607344 0.782428 0.303647 0.149107 0.827647
0.703679 0.643120 0.392516 0.877684 0.783560 0.533341 0.655996 0.545561 0.821489 0.203064 0.075911 0.804294
0.701482 0.605591 0.404170 0.929346 0.694617 0.610084 0.765580 0.581653 0.903112 0.204803 0.135607 0.785488
0.679604 0.699300 0.388047 0.927794 0.690233 0.594453 0.676211 0.552586 0.842020 0.159603 0.126153 0.778100
0.773951 0.636035 0.346646 0.998474 0.736536 0.599458 0.646277 0.598761 0.835044 0.221574 0.112984 0.789626
0.745415 0.632846 0.378392 0.876639 0.804120 0.631200 0.696720 0.527159 0.823331 0.060625 0.031135 0.845096
0.769014 0.557429 0.274906 0.891927 0.739168 0.601943 0.690216 0.619766 0.780408 0.226051 0.218410 0.798212
0.755869 0.642456 0.347998 0.878004 0.719075 0.655815 0.686598 0.541913 0.841608 0.243957 0.181437 0.819327
0.773385 0.644161 0.371826 0.912912 0.739331 0.571375 0.814119 0.519263 0.809645 0.196640 0.186840 0.753884
0.673350 0.625376 0.397987 0.951624 0.709434 0.597148 0.707490 0.566414 0.777897 0.132847 0.107436 0.752464
0.721126 0.692937 0.395236 0.884829 0.716657 0.596122 0.680634 0.495016 0.819461 0.175552 0.162697 0.842728
0.793455 0.742261 0.314735 0.857839 0.780904 0.575819 0.700722 0.568692 0.868523 0.209393 0.147783 0.893087
0.735318 0.555205 0.359854 0.934976 0.698764 0.599387 0.693822 0.518920 0.892544 0.212567 0.098345 0.813942
0.752347 0.679555 0.284010 0.902925 0.733647 0.652111 0.600474 0.583689 0.824008 0.191059 0.172620 0.745187
0.738820 0.698658 0.280489 0.946797 0.807829 0.556688 0.690267 0.611015 0.838208 0.193178 0.167495 0.788667
0.728973 0.610891 0.307621 0.895426 0.706127 0.612568 0.676003 0.585617 0.770913 0.166553 0.133149 0.816063
0.753014 0.681408 0.374619 0.875601 0.743313 0.681577 0.742930 0.545390 0.858909 0.223339 0.190960 0.832560
0.716629 0.637853 0.392648 0.901553 0.733690 0.658305 0.677789 0.641101 0.814152 0.159084 0.129777 0.710650
0.699372 0.629795 0.374427 0.985964 0.686725 0.602455 0.655144 0.525035 0.916353 0.206921 0.216865 0.724219
0.781195 0.578699 0.418867 0.897412 0.716139 0.499686 0.762622 0.582781 0.824544 0.171937 0.226011 0.825371
0.685439 0.545012 0.347934 0.888176 0.786287 0.528106 0.651500 0.611384 0.832899 0.183315 0.203841 0.773006
0.701442 0.638754 0.432261 0.839269 0.797363 0.617873 0.603517 0.557873 0.766873 0.167974 0.152340 0.787674
0.677635 0.630040 0.357639 0.907896 0.691816 0.620664 0.624534 0.543632 0.762569 0.195440 0.152630 0.821100
0.665055 0.631533 0.406015 0.874956 0.725434 0.542236 0.658029 0.553194 0.847851 0.246346 0.117713 0.767205
0.675594 0.646060 0.267543 0.932481 0.677369 0.620438 0.697735 0.531496 0.782719 0.112820 0.137328 0.794527
0.701643 0.612673 0.407380 0.876576 0.750071 0.653517 0.762687 0.581071 0.840436 0.169603 0.198601 0.806158
0.729258 0.654470 0.380612 0.963651 0.804309 0.676110 0.641499 0.543602 0.844636 0.238981 0.111527 0.718790
0.758951 0.606335 0.339397 0.952590 0.755419 0.660564 0.688818 0.657628 0.841479 0.152523 0.192103 0.809270
0.657042 0.626527 0.428169 0.876621 0.710931 0.645048 0.752921 0.559916 0.839080 0.235525 0.200163 0.835387
0.763021 0.658808 0.401421 0.879121 0.738117 0.520442 0.704158 0.614929 0.887420 0.171939 0.092030 0.748893
0.792605 0.593500 0.357586 0.918507 0.751584 0.560065 0.655452 0.634466 0.789367 0.234018 0.077100 0.763028
0.727865 0.623928 0.313292 0.820237 0.836971 0.607327 0.648253 0.539946 0.835300 0.132326 0.100070 0.769233
0.629049 0.635305 0.368114 0.881221 0.765707 0.647246 0.636559 0.572633 0.772548 0.203453 0.091873 0.789930
0.715868 0.633793 0.347408 0.942150 0.859193 0.613893 0.730779 0.604449 0.784676 0.255832 0.116430 0.815049
0.783847 0.649245 0.326880 0.860739 0.793501 0.631976 0.710154 0.554318 0.737296 0.092037 0.122258 0.812924
0.693046 0.763336 0.360605 1.021379 0.770047 0.550721 0.647179 0.689854 0.780298 0.182126 0.142202 0.879644
0.704881 0.611902 0.328162 0.897576 0.706985 0.647768 0.656588 0.524837 0.833547 0.220196 0.215039 0.855801
0.814139 0.610426 0.450523 0.861046 0.705794 0.532863 0.642255 0.535944 0.775751 0.220829 0.163187 0.797341
0.679774 0.641662 0.300899 0.856464 0.763008 0.693533 0.783073 0.619166 0.805917 0.211573 0.167723 0.846915
0.696378 0.607526 0.349293 0.967689 0.779689 0.634109 0.628503 0.580545 0.751791 0.151678 0.138763 0.845907
0.742317 0.655669 0.479034 0.832164 0.774679 0.609015 0.567307 0.569680 0.925103 0.135692 0.115612 0.775775
0.707840 0.528736 0.402881 0.871015 0.739638 0.598176 0.632522 0.576054 0.769081 0.268833 0.176795 0.807250
0.752976 0.643039 0.400180 0.929355 0.808689 0.566636 0.700866 0.616733 0.799333 0.175736 0.145340 0.778485
0.709216 0.610303 0.343261 0.896394 0.733385 0.609490 0.786811 0.535452 0.737770 0.170744 0.200024 0.779406
0.759426 0.630618 0.355754 0.938539 0.736633 0.623792 0.733769 0.558108 0.715314 0.182449 0.082502 0.831996
0.698113 0.591862 0.321226 0.904817 0.684892 0.622605 0.621455 0.535778 0.732367 0.306510 0.176280 0.766063
0.723949 0.632970 0.378154 0.857930 0.779145 0.561541 0.720366 0.533084 0.840853 0.172997 0.164333 0.770563
0.668958 0.670655 0.343902 0.826684 0.770007 0.613236 0.665799 0.527880 0.786823 0.201734 0.166048 0.916913
0.757591 0.690996 0.331953 0.879097 0.725004 0.622167 0.762905 0.520197 0.827972 0.162985 0.172043 0.796784
0.735799 0.654149 0.381924 0.826870 0.788328 0.567157 0.612848 0.510120 0.797893 0.203837 0.231092 0.808902
0.712833 0.645890 0.373042 0.952403 0.712228 0.524826 0.753715 0.536352 0.789091 0.148446 0.137828 0.903711
0.677097 0.573575 0.374807 0.841066 0.759590 0.600903 0.704442 0.563141 0.933061 0.146436 0.147998 0.833467
0.681327 0.584766 0.306630 0.925871 0.756388 0.544629 0.655917 0.541160 0.726402 0.149651 0.081403 0.863562
0.684486 0.640885 0.322348 0.951458 0.708634 0.619100 0.586816 0.525491 0.828773 0.256218 0.124948 0.829762
0.656894 0.758761 0.324047 0.944600 0.796767 0.680838 0.682057 0.612174 0.853709 0.209094 0.234165 0.838129
0.745154 0.594755 0.319835 0.857821 0.783554 0.557629 0.653076 0.560345 0.849644 0.129822 0.212102 0.809833
0.701853 0.596603 0.361429 0.935413 0.725594 0.572902 0.720422 0.581913 0.760854 0.159483 0.232722 0.794766
0.761186 0.641977 0.307401 0.869578 0.678117 0.646729 0.703765 0.630063 0.768119 0.202568 0.203440 0.900431
0.702383 0.671612 0.357515 0.875934 0.776098 0.537765 0.782914 0.651019 0.793046 0.127003 0.136127 0.729106
0.673168 0.549331 0.335471 0.905252 0.806412 0.492676 0.736698 0.523945 0.845415 0.202355 0.161903 0.822692
0.723634 0.669813 0.376354 0.940259 0.726733 0.723049 0.764061 0.656504 0.805598 0.205503 0.164749 0.807946
0.681653 0.656005 0.399750 0.904587 0.676552 0.611747 0.715502 0.567385 0.755119 0.279757 0.146763 0.806477
0.749295 0.635841 0.394187 0.884386 0.792454 0.592110 0.602768 0.504108 0.854803 0.196410 0.125225 0.803405
0.713446 0.629819 0.312561 1.016727 0.844279 0.519967 0.653186 0.541634 0.815380 0.155772 0.173014 0.785553
0.772082 0.613383 0.298968 0.998178 0.732096 0.569946 0.644172 0.533292 0.771945 0.206641 0.199895 0.857106
0.708975 0.552671 0.382728 0.867268 0.736235 0.614774 0.789616 0.588925 0.793781 0.067394 0.193607 0.802398
0.665672 0.651568 0.353559 0.894196 0.825534 0.566219 0.622305 0.561945 0.802851 0.250109 0.195241 0.719122
0.737910 0.586039 0.406345 0.888516 0.710231 0.546099 0.725295 0.563078 0.809144 0.220176 0.132663 0.776140
0.677945 0.573061 0.343887 0.864754 0.878078 0.553983 0.681640 0.603828 0.847080 0.149601 0.150472 0.756636
0.586867 0.642399 0.460806 1.017030 0.804948 0.626350 0.661326 0.508720 0.807195 0.164864 0.186524 0.932544
0.773927 0.659864 0.369465 0.932038 0.721114 0.659798 0.650065 0.560549 0.760716 0.170519 0.193307 0.860201
0.682773 0.713686 0.482776 0.981157 0.789989 0.576126 0.676823 0.545255 0.811582 0.279486 0.144857 0.847950
0.802404 0.693654 0.435361 0.965094 0.717973 0.533232 0.801810 0.432527 0.839848 0.170342 0.062378 0.787003
0.676965 0.650073 0.425921 0.953932 0.725398 0.665054 0.739137 0.492711 0.827457 0.199954 0.254548 0.814304
0.628610 0.623242 0.389213 0.977388 0.820993 0.608313 0.671707 0.607053 0.767706 0.173541 0.125562 0.752580
0.770737 0.592181 0.442548 0.884488 0.762255 0.643265 0.696613 0.540666 0.707382 0.183488 0.177255 0.898264
0.640499 0.631998 0.406970 0.956989 0.761905 0.640177 0.713269 0.579111 0.941258 0.055955 0.064323 0.792808
0.783381 0.658225 0.290804 0.905515 0.819288 0.649233 0.808425 0.572965 0.838652 0.137924 0.134734 0.806069
0.635175 0.616020 0.302467 0.984932 0.746341 0.628151 0.707918 0.517889 0.817166 0.189669 0.199606 0.770478
0.642373 0.733555 0.383644 0.861557 0.796393 0.549223 0.721486 0.555828 0.767217 0.148390 0.144478 0.840897
0.652787 0.663729 0.348667 0.844046 0.745676 0.638929 0.794923 0.628861 0.854850 0.231137 0.150531 0.722150
0.681779 0.661865 0.424504 0.837996 0.753965 0.633186 0.731827 0.486286 0.696489 0.151003 0.157942 0.803984
0.680812 0.747054 0.315060 0.867661 0.801480 0.572420 0.728679 0.459999 0.858139 0.182264 0.164380 0.808931
0.742447 0.583899 0.300430 0.986142 0.737070 0.608004 0.726319 0.564790 0.861455 0.160735 0.129411 0.807599
0.787305 0.548379 0.309429 0.914115 0.784868 0.568634 0.741090 0.619593 0.775683 0.154420 0.114433 0.778897
0.680257 0.624415 0.370447 0.904810 0.751800 0.557907 0.667608 0.566673 0.685473 0.176251 0.133056 0.812261
0.688687 0.513816 0.361229 0.882891 0.781916 0.673693 0.707315 0.566364 0.874412 0.203728 0.130875 0.830196
0.716067 0.648480 0.364676 0.942121 0.780225 0.532206 0.565615 0.621752 0.894838 0.217873 0.087586 0.818780
0.764185 0.589503 0.425551 0.877776 0.726287 0.551862 0.687274 0.605873 0.765043 0.196801 0.115940 0.842414
0.671134 0.669110 0.329452 1.069476 0.695626 0.529898 0.746417 0.582624 0.851749 0.112913 0.204820 0.880904
0.637950 0.593830 0.510447 0.932116 0.639432 0.604296 0.670308 0.480446 0.895380 0.151566 0.161893 0.888672
0.665859 0.581278 0.469011 0.852935 0.768669 0.666827 0.660526 0.599758 0.774676 0.154377 0.134157 0.712532
0.651384 0.646343 0.312531 0.872818 0.726378 0.649274 0.734350 0.567074 0.719044 0.142850 0.202388 0.801541
0.701907 0.587687 0.327177 0.965709 0.669871 0.597600 0.721518 0.531628 0.795974 0.213521 0.222027 0.815673
0.742385 0.609147 0.285369 0.931730 0.778413 0.634868 0.591809 0.523050 0.752083 0.135981 0.174058 0.724635
0.748435 0.561267 0.375291 0.861887 0.688175 0.512293 0.639903 0.540708 0.803682 0.296206 0.130323 0.718689
0.667931 0.628948 0.297991 0.748243 0.696253 0.617349 0.703795 0.516088 0.890202 0.125720 0.138255 0.823708
0.655895 0.652452 0.311487 0.943998 0.720991 0.554506 0.731981 0.642420 0.908808 0.188564 0.159537 0.823209
0.760487 0.584314 0.358666 0.874359 0.738903 0.560659 0.748574 0.540302 0.851963 0.122492 0.161499 0.821421
0.642180 0.663503 0.397432 0.927268 0.753147 0.531580 0.623054 0.567127 0.799589 0.152907 0.130678 0.767289
0.677305 0.523892 0.342266 0.868399 0.716840 0.618629 0.695567 0.555202 0.873730 0.259642 0.223412 0.892562
0.741148 0.629313 0.356917 0.887262 0.760646 0.629625 0.701591 0.543831 0.826447 0.170205 0.172697 0.790639
0.731212 0.618764 0.328890 0.836516 0.760615 0.681614 0.706791 0.474417 0.899041 0.180804 0.243018 0.850665
0.728499 0.667040 0.344561 1.007038 0.732156 0.596486 0.588751 0.526315 0.739019 0.199613 0.213844 0.783045
0.642231 0.655434 0.397745 0.979013 0.713344 0.622081 0.650141 0.544076 0.808571 0.198631 0.126868 0.773647
0.710541 0.590792 0.446189 0.914870 0.668114 0.530990 0.735437 0.526884 0.829960 0.171252 0.060901 0.798433
0.635327 0.699445 0.340429 0.870741 0.722664 0.623344 0.697957 0.500160 0.829703 0.224762 0.117504 0.839524
0.752356 0.607444 0.348055 0.853341 0.727513 0.509235 0.666001 0.573714 0.754260 0.181976 0.184925 0.827923
0.730382 0.618395 0.302364 0.967421 0.694850 0.569798 0.822531 0.598322 0.897025 0.302454 0.146853 0.769796
0.746666 0.692698 0.395008 0.886296 0.693416 0.587630 0.641731 0.587861 0.920547 0.115763 0.238456 0.808759
0.795345 0.641445 0.331677 0.850692 0.733925 0.620075 0.730258 0.554133 0.838377 0.209759 0.189567 0.804736
0.708664 0.624388 0.333434 1.039114 0.733121 0.559594 0.587051 0.689382 0.851547 0.186311 0.091769 0.876692
0.722491 0.674441 0.271127 0.827282 0.700899 0.659810 0.740790 0.615153 0.855104 0.248078 0.155465 0.860622
0.789900 0.672907 0.455411 0.936169 0.813024 0.651199 0.671472 0.579154 0.860505 0.202478 0.151994 0.869452
0.745949 0.608171 0.331238 0.922157 0.781031 0.598689 0.681997 0.617694 0.765699 0.172620 0.172298 0.906577
0.683852 0.691000 0.382652 0.912352 0.831821 0.637183 0.629308 0.588784 0.873940 0.130441 0.182091 0.891205
0.651156 0.580783 0.331228 0.904858 0.735991 0.524500 0.732402 0.587564 0.786498 0.151994 0.121279 0.789406
0.815651 0.637415 0.334699 0.855455 0.826219 0.647503 0.613457 0.501698 0.738722 0.229268 0.042666 0.764445
0.790741 0.647315 0.381096 0.893370 0.917234 0.643679 0.664305 0.605254 0.822369 0.187754 0.178429 0.802656
0.813082 0.579190 0.333100 0.979862 0.755360 0.605122 0.671723 0.522182 0.853087 0.164328 0.211264 0.812950
0.698785 0.648631 0.371836 0.930455 0.758463 0.546530 0.700783 0.590392 0.820387 0.170667 0.157748 0.852125
0.692027 0.646685 0.378357 0.846763 0.717194 0.649154 0.707792 0.498959 0.831981 0.235132 0.198592 0.827716
0.727702 0.358898 0.920820 0.537557 0.093943 0.971733 1.050374 0.862597 0.690650 0.387740 0.973135 0.858538
0.705311 0.249038 0.826673 0.584393 0.206924 0.901108 1.045625 0.942828 0.759707 0.415372 0.861107 0.748374
0.772605 0.349960 0.832198 0.690114 0.042682 0.880437 1.076116 0.946427 0.768314 0.378240 0.974861 0.847993
0.805473 0.258534 0.767691 0.589531 0.118977 0.852620 1.003235 0.907787 0.784565 0.383807 0.951088 0.815964
0.831633 0.334222 0.793741 0.552353 0.082874 0.922265 0.983066 0.931201 0.742359 0.388604 0.925995 0.829412
0.790039 0.340326 0.809250 0.505818 0.068557 0.937414 0.960579 0.992700 0.706919 0.379155 0.964417 0.910820
0.767626 0.274195 0.764400 0.609125 0.090656 0.968417 1.026788 0.986062 0.793369 0.417584 0.932806 0.839190
0.660422 0.376041 0.718088 0.588474 0.123696 0.957109 0.958234 0.928417 0.733193 0.464116 0.956601 0.847971
0.685092 0.370669 0.808701 0.642727 0.068796 0.945085 1.038661 0.979052 0.695633 0.313960 0.976324 0.812919
0.790377 0.358670 0.780515 0.508841 0.156197 0.921371 1.010967 1.095030 0.736459 0.370064 0.975898 0.787434
0.649307 0.322574 0.761094 0.671092 0.105051 0.894158 1.001947 0.878096 0.764850 0.403613 1.001506 0.781158
0.650202 0.418832 0.785869 0.618749 0.152849 0.947394 0.948188 0.888493 0.816452 0.394836 0.885194 0.790509
0.700586 0.405054 0.822046 0.570220 0.024889 0.963241 0.947434 0.849111 0.704777 0.465075 0.916408 0.856291
0.714514 0.377876 0.807064 0.610132 0.108902 0.972758 1.017979 1.034934 0.621154 0.359569 0.942597 0.822356
0.720285 0.326452 0.789432 0.611396 0.036697 0.975500 0.921407 0.949390 0.667714 0.431361 0.917120 0.767445
0.785226 0.296567 0.811560 0.522684 0.166009 0.966955 1.024979 0.999874 0.788565 0.411076 0.949026 0.811592
0.791405 0.359731 0.831216 0.601805 0.065008 0.984021 1.000454 0.970692 0.725744 0.358748 0.987583 0.867225
0.835390 0.318509 0.755514 0.483426 0.124632 0.972432 0.944895 0.875646 0.735241 0.413928 0.986008 0.774561
0.721734 0.297468 0.766237 0.611191 0.100002 0.945593 0.929531 1.039873 0.764322 0.427723 0.932605 0.819606
0.756280 0.309763 0.758802 0.547319 -0.013250 1.032978 0.946229 0.905614 0.742741 0.412062 0.960296 0.810585
0.766222 0.349988 0.719599 0.579128 0.033028 0.902871 0.950966 0.976346 0.823687 0.324890 0.923251 0.860546
0.704247 0.371212 0.774838 0.632664 0.109753 0.902634 1.032446 1.027727 0.740309 0.375356 1.059303 0.867609
0.749197 0.398373 0.845322 0.517167 -0.003474 0.928522 0.927840 0.883642 0.822498 0.425801 1.040805 0.840366
0.676817 0.288020 0.833486 0.543743 0.112569 0.964460 1.064384 0.973977 0.700995 0.336116 0.958931 0.824632
0.689671 0.340083 0.837319 0.582930 0.011809 0.860924 0.915489 0.847340 0.729356 0.341490 1.006256 0.730913
0.706300 0.350355 0.820732 0.555335 0.033746 1.011998 0.969911 0.903786 0.714669 0.432290 1.097600 0.876412
0.817962 0.354074 0.798811 0.545874 0.075350 0.953345 1.122973 0.940978 0.706814 0.329119 0.958742 0.859023
0.708632 0.343718 0.746702 0.595844 0.004905 0.984139 0.975457 0.929890 0.714891 0.422887 0.957242 0.809524
0.788096 0.389081 0.841596 0.491424 0.098333 0.939252 0.943601 0.955394 0.681770 0.396006 0.829773 0.840255
0.690055 0.365541 0.817002 0.562099 0.126440 1.009355 0.966901 0.959513 0.697353 0.283670 0.928947 0.787063
0.724503 0.360821 0.781531 0.674557 0.065292 0.989891 0.909999 0.976832 0.764323 0.362938 1.005067 0.848327
0.749702 0.369844 0.806819 0.421749 0.040189 0.876065 0.970626 0.877482 0.762339 0.357025 0.966094 0.831978
0.766972 0.319409 0.828518 0.590716 0.112453 0.923878 0.996294 0.926832 0.717005 0.478586 1.101164 0.865095
0.799360 0.431030 0.800848 0.537128 0.057987 0.955746 0.962551 0.895699 0.660604 0.336575 0.952573 0.809867
0.799467 0.380878 0.813191 0.576878 0.099412 0.933090 0.974901 0.855788 0.751153 0.434237 1.014511 0.853356
0.715514 0.326577 0.826488 0.526025 0.121671 0.950650 0.967090 1.023000 0.772298 0.412286 0.886090 0.816501
0.613343 0.299900 0.736765 0.506178 0.029433 1.050798 1.050695 0.911016 0.739138 0.429258 0.897934 0.951787
0.739890 0.322459 0.785906 0.596526 0.089344 1.049963 1.013719 0.901753 0.685122 0.307386 0.935968 0.889338
0.801243 0.347606 0.802988 0.484963 0.091563 0.915682 1.031693 0.889456 0.727104 0.401040 0.980181 0.782523
0.758540 0.438216 0.892002 0.581243 0.090836 0.959713 0.972997 0.880522 0.803293 0.297301 0.980794 0.864934
0.725310 0.392577 0.823686 0.534487 0.095370 0.931801 1.020036 0.937918 0.687535 0.449339 0.975886 0.857028
0.720627 0.325923 0.705474 0.558369 0.147852 1.038769 1.021689 0.911841 0.743100 0.407921 0.989029 0.767942
0.798733 0.366642 0.747808 0.475905 0.172016 1.057986 1.009419 0.995428 0.724996 0.327895 1.028906 0.835202
0.781163 0.293399 0.860168 0.588995 0.117207 0.938438 0.944580 0.955047 0.744321 0.326598 0.951076 0.819385
0.724993 0.390701 0.767094 0.601260 0.110508 0.934520 0.981809 0.968274 0.778481 0.299715 1.048412 0.790828
0.740246 0.281273 0.809878 0.641064 0.097125 1.035488 0.994606 0.871861 0.744102 0.409694 0.989828 0.762925
0.748524 0.313181 0.828984 0.611130 0.055304 0.894101 0.989101 0.952655 0.747892 0.364888 1.083091 0.871824
0.696860 0.385786 0.730181 0.543707 0.135674 0.913247 1.040863 0.915595 0.645190 0.338695 0.925534 0.750495
0.755011 0.319212 0.774846 0.505642 0.065284 0.992827 0.942774 0.924234 0.643678 0.426400 0.994599 0.851345
0.742437 0.403466 0.808451 0.563657 0.104237 0.921302 1.001581 0.985853 0.696058 0.251444 1.063413 0.797178
0.725881 0.350193 0.819104 0.694314 0.068702 0.926558 0.998106 0.974831 0.695557 0.401566 0.983620 0.747838
0.724639 0.367165 0.727026 0.520650 0.032517 0.948074 0.910322 0.919237 0.680375 0.343549 0.927196 0.889895
0.672968 0.312830 0.782847 0.577622 0.054352 0.958301 0.972774 0.888056 0.715296 0.331158 1.060087 0.866024
0.716073 0.323402 0.784784 0.593945 0.137664 0.969155 0.966270 0.891217 0.748607 0.366369 0.916653 0.804057
0.792253 0.388679 0.803534 0.569128 0.132171 0.969200 1.012284 0.910839 0.812981 0.333183 0.919221 0.992123
0.704170 0.373550 0.840310 0.526814 -0.005390 0.990256 0.918427 0.903303 0.781770 0.340170 0.989700 0.832497
0.816779 0.324793 0.673352 0.568596 0.159415 1.026353 0.902111 1.031422 0.620334 0.414793 0.898413 0.848291
0.712279 0.332755 0.778097 0.448352 -0.016719 0.944807 1.112951 0.931568 0.683125 0.432621 0.965199 0.809033
0.781774 0.316399 0.845602 0.590196 0.138169 0.955348 0.933361 0.902979 0.845424 0.408580 1.045389 0.905617
0.702890 0.380113 0.719865 0.560810 0.096111 0.845285 0.905067 0.944381 0.722266 0.300181 0.999241 0.871651
0.811201 0.324208 0.710071 0.543255 0.192496 0.925986 0.963851 0.911154 0.743888 0.380381 0.961926 0.808991
0.718597 0.373732 0.769554 0.523028 0.099562 0.896169 0.983078 0.835795 0.704419 0.346648 0.938703 0.812885
0.743863 0.344106 0.802444 0.595783 0.113175 0.942623 0.988987 0.877554 0.747150 0.440102 0.971351 0.807639
0.798340 0.318377 0.889963 0.518614 0.173331 0.928225 0.966939 0.870070 0.777881 0.499052 0.980510 0.832691
0.760656 0.406932 0.859483 0.535832 0.146224 1.082148 0.952623 1.001231 0.703289 0.317711 0.939564 0.813155
0.712044 0.309028 0.875210 0.549928 0.049195 0.904206 1.017678 0.908251 0.638222 0.282377 0.996230 0.820160
0.758303 0.308855 0.732084 0.525402 0.115681 0.881232 1.050928 0.945696 0.760795 0.391567 1.065037 0.782868
0.764466 0.324686 0.789715 0.658475 0.113635 0.911733 0.889926 0.923747 0.800519 0.389382 0.926041 0.791729
0.694697 0.356366 0.828348 0.572690 0.015777 0.833185 0.979096 0.930257 0.736030 0.385825 0.987845 0.861917
0.751638 0.377698 0.800055 0.584368 0.077266 0.898876 1.025253 0.903310 0.759801 0.414132 0.943888 0.830531
0.762555 0.303100 0.823561 0.527755 0.050890 0.933772 1.015345 0.995737 0.688647 0.351489 0.990590 0.774369
0.737785 0.452588 0.711785 0.569429 0.102240 0.959258 0.947748 0.884210 0.790663 0.328956 0.832266 0.930912
0.746357 0.306152 0.874823 0.569093 -0.002804 0.915621 1.082286 0.935031 0.820829 0.332601 0.912543 0.820104
0.778001 0.317508 0.842523 0.537837 0.126338 0.946681 0.985583 0.882249 0.697860 0.306142 0.939429 0.777061
0.759824 0.430221 0.754878 0.485729 0.102083 0.959690 0.893177 0.944587 0.765750 0.294701 0.933829 0.798343
0.829937 0.327268 0.866639 0.523964 0.130791 0.914198 1.107409 1.041280 0.746340 0.463595 0.985083 0.828185
0.733225 0.306210 0.788137 0.545395 0.107831 0.954882 1.021814 0.964008 0.710952 0.437187 0.917143 0.860332
0.754529 0.326654 0.797901 0.552106 0.046131 0.912891 1.001206 0.918547 0.708772 0.418238 1.024205 0.796945
0.682565 0.352165 0.773944 0.578139 0.159356 0.796370 1.026389 0.939059 0.776599 0.441421 0.902314 0.820170
0.757191 0.387464 0.786358 0.686336 0.092050 1.031215 1.002278 0.933627 0.696204 0.375847 0.982552 0.797646
0.716749 0.339121 0.810078 0.659818 0.114986 0.935403 0.971951 1.022289 0.773553 0.439559 0.996856 0.761113
0.709673 0.367197 0.779858 0.529951 0.079433 0.973485 0.989211 0.964059 0.719753 0.326954 1.027778 0.819707
0.695703 0.310342 0.854805 0.548658 0.089943 0.971749 0.921550 0.860377 0.811740 0.292999 1.075116 0.811142
0.649641 0.401398 0.806947 0.474544 0.099059 0.937084 1.026085 0.925803 0.708553 0.303474 1.000991 0.831212
0.722700 0.355518 0.806300 0.514304 0.005831 0.971131 0.994417 0.932586 0.704244 0.412680 0.978049 0.806189
0.675411 0.346095 0.830034 0.531816 0.026692 0.965915 0.940105 0.908825 0.731393 0.315553 0.918581 0.884305
0.777697 0.276707 0.822958 0.520746 0.025324 0.965378 1.075767 0.915921 0.706693 0.391787 1.047242 0.714869
0.768848 0.315803 0.837286 0.501291 0.178872 0.931552 0.943074 0.993458 0.801235 0.401501 0.900005 0.881151
0.702017 0.367821 0.827718 0.540371 0.158620 0.964319 1.056896 0.905135 0.844906 0.453691 0.993543 0.758345
0.792423 0.433338 0.852120 0.610053 0.090482 0.908521 1.005727 0.851571 0.832315 0.364243 0.955055 0.792213
0.769663 0.319747 0.751653 0.456311 0.076560 1.008634 0.986430 0.911380 0.691750 0.370653 0.963499 0.847567
0.679002 0.343436 0.763456 0.586212 -0.028860 0.921868 1.055632 0.948071 0.762699 0.393464 0.945118 0.822187
0.730983 0.310759 0.911742 0.488260 0.053375 1.050498 0.900638 0.910624 0.705901 0.464284 0.879670 0.738123
0.715418 0.334297 0.862334 0.522853 0.146769 0.917355 0.941144 0.923124 0.717484 0.359578 0.978031 0.787995
0.736515 0.316875 0.728840 0.576619 0.137182 0.949431 1.007637 0.903927 0.704235 0.430029 0.979910 0.831483
0.682676 0.345811 0.779164 0.596922 0.122951 0.952262 0.971775 1.062526 0.710566 0.373959 0.934483 0.838329
0.773360 0.342451 0.831141 0.667813 0.154725 0.995085 0.974516 0.833914 0.723857 0.435841 1.005837 0.775050
0.730306 0.277692 0.769933 0.607740 0.063359 0.933441 1.048793 0.923298 0.802896 0.437376 0.944224 0.788309
0.796650 0.453280 0.789361 0.523887 -0.026288 1.035655 1.040313 0.921080 0.752247 0.334190 0.960620 0.850004
0.709443 0.328515 0.910972 0.547349 0.058009 0.967010 0.978795 0.949556 0.755641 0.420096 0.978945 0.779286
0.691958 0.308824 0.758319 0.600890 0.132062 0.843303 0.975512 1.061288 0.804131 0.371493 0.925433 0.840950
0.757867 0.335447 0.725041 0.560372 -0.023304 0.974634 0.964008 0.943635 0.735125 0.429515 0.998994 0.778591
0.657381 0.331899 0.854182 0.604047 0.067691 1.017231 1.049541 0.973326 0.733901 0.369245 1.006017 0.845598
0.736397 0.416318 0.752255 0.532923 0.068664 0.981620 1.022872 0.974854 0.795583 0.297878 0.938480 0.831648
0.857181 0.419602 0.896203 0.660010 0.073900 0.859029 1.023638 1.007258 0.716664 0.503738 1.035934 0.875921
0.772340 0.395610 0.829951 0.559410 0.062742 1.005210 0.965926 1.003577 0.689024 0.450026 0.929588 0.781413
0.786712 0.335498 0.835703 0.580090 0.094438 0.959232 0.983540 0.934426 0.701425 0.382674 0.982651 0.867116
0.660604 0.342565 0.778815 0.537476 0.187333 0.956832 1.045496 0.914107 0.655683 0.341547 0.912677 0.819862
0.761793 0.293914 0.861197 0.531434 0.205519 0.808904 0.997776 0.932338 0.731002 0.471763 0.956638 0.878429
0.815429 0.254461 0.781466 0.449689 0.083159 0.978092 1.001532 0.869244 0.745490 0.448136 0.995319 0.858858
0.681730 0.385092 0.710717 0.567112 0.135214 0.961899 0.980803 0.929631 0.717025 0.340404 1.030288 0.898112
0.683567 0.322253 0.780600 0.514567 0.077981 0.903486 0.993082 0.943637 0.648944 0.389373 0.977811 0.804299
0.728166 0.183607 0.849746 0.573822 0.088431 1.040536 0.982230 0.906341 0.781112 0.366332 0.988244 0.789261
0.716374 0.314900 0.858685 0.453292 0.059965 0.984355 0.994323 0.910533 0.712889 0.401675 0.964314 0.808210
0.648607 0.298657 0.797941 0.553822 0.104410 0.935281 0.973487 0.898767 0.794666 0.376089 0.973406 0.847727
0.744146 0.229875 0.784822 0.515740 0.114923 0.967569 0.955006 0.890890 0.751444 0.466856 0.997534 0.734428
0.845679 0.360978 0.862636 0.471842 0.128040 1.030626 0.965707 0.990739 0.625208 0.420610 1.001680 0.828977
0.731592 0.333817 0.918374 0.518976 0.077717 0.885908 0.945650 0.868858 0.724136 0.335108 0.943771 0.825641
0.840138 0.339948 0.852031 0.523131 0.073003 0.947706 0.914159 0.918779 0.665540 0.357869 0.943684 0.796146
0.762906 0.335547 0.821599 0.618401 0.132031 0.884238 0.972662 1.084806 0.661356 0.281202 0.949163 0.946434
0.756482 0.244850 0.704061 0.516991 0.048717 1.030620 0.905228 0.948089 0.692498 0.446388 0.961860 0.805524
0.756202 0.447019 0.842207 0.576407 0.079909 0.914331 0.905117 0.943963 0.703293 0.435110 0.845894 0.711266
0.758800 0.337070 0.786824 0.608293 0.012478 0.945663 0.956051 1.008523 0.748879 0.431647 0.961033 0.757357
0.711527 0.276156 0.731584 0.535540 0.062204 1.046018 0.969504 0.907514 0.686876 0.394810 1.037962 0.801496
0.699764 0.256271 0.859661 0.576375 0.137990 0.963099 0.906151 1.005318 0.778693 0.427708 0.929722 0.831345
0.795761 0.287160 0.801009 0.545220 0.183025 0.863263 1.039698 0.929869 0.801939 0.361867 0.958756 0.765260
0.789966 0.351858 0.805362 0.531281 0.042381 0.894590 0.957590 0.914774 0.819393 0.390222 0.952416 0.764891
0.804344 0.400095 0.716905 0.520189 0.044640 0.963172 1.054416 0.939563 0.704821 0.456548 0.881705 0.751500
0.785904 0.335416 0.827937 0.580249 0.115930 0.882150 0.952701 0.957354 0.782297 0.394033 1.054956 0.792850
0.823280 0.390268 0.758190 0.524369 0.003999 0.875731 0.914549 0.936946 0.768792 0.430012 0.922491 0.918958
0.730953 0.327719 0.785195 0.522148 0.044427 0.865856 0.978773 0.905251 0.796133 0.388252 1.083459 0.791472
0.686612 0.354752 0.774216 0.604781 0.145366 0.970710 0.943504 0.911528 0.821285 0.408372 0.952104 0.891566
0.698714 0.344232 0.781851 0.585814 0.142269 1.005590 0.973851 0.920352 0.737800 0.466723 1.008443 0.755174
0.761217 0.387770 0.754656 0.597812 0.026746 1.008001 1.028615 0.921670 0.693558 0.332867 0.957605 0.817872
0.729925 0.279727 0.898967 0.490308 0.117698 1.060627 1.016322 0.923498 0.603153 0.358249 0.953188 0.769252
0.774534 0.348772 0.820123 0.555464 -0.008437 0.997597 0.958541 0.930754 0.698762 0.375658 0.941408 0.877987
0.683157 0.356292 0.885495 0.649103 0.086738 0.903638 1.017564 0.941548 0.665133 0.371311 0.943822 0.808930
0.717704 0.363373 0.823434 0.581858 0.107643 1.045418 0.963559 0.957472 0.639750 0.359069 0.976994 0.721359
0.735949 0.278530 0.768584 0.528602 0.095478 1.049460 1.020232 0.971215 0.801062 0.358497 0.917953 0.824225
0.820773 0.284438 0.813746 0.529574 0.154390 0.921285 0.954389 0.888072 0.605174 0.449921 1.005632 0.750830
0.774089 0.330734 0.810880 0.435887 0.090303 1.015384 1.022534 1.007784 0.795703 0.271312 0.948775 0.802349
0.674517 0.314531 0.802850 0.657890 0.163099 0.991089 0.939851 0.888490 0.784984 0.423796 1.021658 0.803397
0.770613 0.392414 0.784826 0.555458 0.124928 1.064063 1.014875 0.905309 0.740877 0.479779 1.016316 0.838666
0.714692 0.295717 0.735244 0.548925 0.092708 0.873823 0.928414 0.911123 0.679793 0.423006 0.958693 0.757045
0.724350 0.308864 0.811964 0.530333 0.053727 0.995678 1.001848 0.965144 0.717157 0.261084 0.952569 0.801220
0.684709 0.395961 0.821076 0.640185 0.134193 0.915750 1.057155 0.918774 0.743746 0.357826 1.036446 0.925351
0.693155 0.342079 0.838624 0.556486 0.124969 0.979426 0.912937 0.849568 0.773230 0.472427 1.023297 0.784760
0.663931 0.298141 0.780224 0.593685 0.195346 0.946624 1.067524 0.891521 0.777523 0.303980 0.920678 0.835528
0.683098 0.339872 0.704659 0.567633 0.158594 0.962230 0.957657 0.954741 0.693165 0.393100 0.904385 0.823510
0.625566 0.440175 0.793267 0.547744 0.093852 1.005117 1.023446 0.811222 0.745000 0.429627 0.974741 0.824562
0.747346 0.378771 0.744576 0.686550 0.082332 1.041675 0.945223 0.982633 0.805068 0.263855 0.895797 0.798993
0.786057 0.317192 0.825779 0.566078 0.167225 1.016413 1.007012 1.021155 0.779081 0.340654 1.033333 0.812325
0.748574 0.311422 0.884049 0.499026 0.025861 0.908005 0.913990 0.932047 0.680107 0.342003 0.992318 0.809846
0.720694 0.423508 0.756768 0.628124 0.133028 0.972792 1.024869 0.953781 0.699213 0.371871 0.929866 0.794715
0.722851 0.331790 0.843750 0.564498 0.133764 0.976096 0.968310 0.816055 0.809527 0.400193 0.920890 0.738425
0.777862 0.293686 0.712109 0.539913 0.126207 0.910537 0.905079 0.894538 0.687492 0.397855 0.945768 0.736143
0.730448 0.278521 0.760035 0.579678 0.088368 0.955332 0.979706 0.965435 0.722712 0.393398 1.033761 0.828718
0.753297 0.235082 0.819256 0.595013 0.098395 1.006903 0.999955 0.982488 0.683922 0.320607 0.984640 0.813464
0.718610 0.311869 0.757933 0.491799 0.096604 0.913789 1.030116 0.995622 0.795171 0.332217 0.997130 0.891624
0.793195 0.363196 0.711017 0.621262 0.093133 0.869477 1.014575 0.945876 0.730139 0.374268 0.925279 0.768273
0.721258 0.292381 0.759719 0.574801 0.084138 0.981883 1.017562 0.955328 0.786967 0.339358 0.943814 0.797928
0.770862 0.313896 0.855933 0.566911 0.114802 1.023796 1.009552 1.034607 0.703471 0.447663 0.986869 0.741607
0.782200 0.326239 0.753357 0.487584 0.074146 0.956757 1.007383 0.906279 0.750269 0.411258 0.913789 0.774566
0.741067 0.375622 0.872043 0.618501 0.032990 1.024113 0.938917 0.952036 0.692923 0.343258 0.936814 0.881835
0.705428 0.288289 0.817805 0.577264 0.016734 0.910601 1.049171 0.951374 0.681290 0.375126 0.937124 0.828975
0.794631 0.285335 0.772944 0.596377 0.016474 0.918767 0.905898 1.001448 0.775071 0.419203 0.983191 0.803260
0.780711 0.324931 0.842776 0.698837 0.124273 0.922417 1.058011 0.938833 0.764044 0.359557 0.919958 0.841426
0.700111 0.680772 0.356189 0.985792 0.807550 0.619310 0.681150 0.519101 0.763120 0.182666 0.114854 0.848573
0.730193 0.641890 0.439493 0.916984 0.777642 0.598413 0.633607 0.585877 0.845905 0.158532 0.155905 0.831611
0.725781 0.661666 0.378812 0.904201 0.748343 0.588352 0.714217 0.587291 0.844634 0.175569 0.111123 0.829405
0.677917 0.673934 0.346978 0.938362 0.681739 0.562957 0.673152 0.543806 0.732516 0.186314 0.159040 0.862459
0.775592 0.708403 0.385865 0.893256 0.773302 0.513105 0.695490 0.508239 0.895261 0.277055 0.230146 0.828996
0.680099 0.563109 0.346486 0.985103 0.728006 0.632113 0.776237 0.628234 0.681628 0.136208 0.253360 0.812583
0.650405 0.535410 0.361055 0.954225 0.836259 0.746661 0.649538 0.465150 0.811097 0.172746 0.135149 0.744735
0.658766 0.580349 0.328108 0.919028 0.836399 0.622122 0.738572 0.628479 0.770114 0.243462 0.240120 0.836977
0.686902 0.581592 0.414978 0.891181 0.814690 0.578727 0.627038 0.556839 0.803141 0.248119 0.185321 0.790802
0.741049 0.674265 0.408752 0.830610 0.741660 0.604580 0.783633 0.535346 0.737637 0.098119 0.166372 0.834709
0.799455 0.626783 0.289298 0.900293 0.738870 0.664198 0.676805 0.551946 0.871714 0.148647 0.243448 0.748203
0.724692 0.560295 0.346438 0.882215 0.638945 0.663463 0.700848 0.488219 0.823450 0.177669 0.151744 0.847783
0.739895 0.620397 0.311797 0.902714 0.673519 0.637298 0.768986 0.503800 0.838556 0.158250 0.099790 0.829722
0.703576 0.683745 0.375954 0.963281 0.719431 0.554819 0.637632 0.620093 0.781954 0.232983 0.151790 0.764484
0.731358 0.668271 0.322810 0.884962 0.773146 0.607769 0.698411 0.560648 0.880417 0.151563 0.145228 0.775876
0.638798 0.691120 0.359629 0.918551 0.833011 0.597522 0.668170 0.637756 0.818020 0.168754 0.183795 0.799127
0.715308 0.646680 0.295404 0.892119 0.725475 0.685146 0.699183 0.588637 0.733727 0.183111 0.134313 0.804676
0.709981 0.560714 0.401789 0.882867 0.727418 0.683732 0.776344 0.572910 0.777882 0.219775 0.146920 0.794688
0.679305 0.611176 0.331366 0.887950 0.648449 0.576422 0.660739 0.589556 0.794526 0.117123 0.246085 0.839199
0.793798 0.577070 0.324167 0.921250 0.729432 0.652509 0.755716 0.656763 0.889239 0.242650 0.198278 0.888409
0.771612 0.621713 0.497397 0.832041 0.712613 0.648403 0.590706 0.519118 0.707153 0.170819 0.191822 0.838993
0.794379 0.634214 0.444140 0.887997 0.762005 0.531118 0.746993 0.572059 0.767548 0.180501 0.046410 0.849615
0.681270 0.704089 0.400542 0.868798 0.744758 0.583241 0.661214 0.609081 0.756249 0.147368 0.083041 0.816995
0.779880 0.581502 0.349760 0.908432 0.797643 0.591698 0.701569 0.545837 0.787947 0.139956 0.199792 0.736702
0.680262 0.689489 0.416854 0.852140 0.720582 0.588574 0.679727 0.588610 0.845826 0.165303 0.254741 0.768187
0.665098 0.578857 0.374202 0.925534 0.737017 0.527876 0.644450 0.583669 0.882165 0.223015 0.235553 0.832158
0.742811 0.673100 0.337217 0.857993 0.661477 0.619874 0.701542 0.630079 0.757477 0.162029 0.152316 0.866315
0.725455 0.584678 0.336417 0.786260 0.712901 0.527901 0.697521 0.493899 0.773953 0.183700 0.192492 0.815992
0.772919 0.600120 0.339616 0.852032 0.763746 0.611232 0.768701 0.498276 0.779984 0.129351 0.209269 0.810736
0.747231 0.598148 0.399312 0.825316 0.756682 0.544947 0.725302 0.568661 0.758753 0.180644 0.185612 0.804339
0.733286 0.680122 0.390389 0.870166 0.732139 0.638125 0.727781 0.650351 0.801796 0.217131 0.146246 0.717818
0.704657 0.560524 0.412043 0.856544 0.743730 0.608222 0.652089 0.485138 0.790439 0.266504 0.087683 0.844759
0.719643 0.606419 0.311060 0.865036 0.664547 0.543736 0.582768 0.630239 0.868149 0.175661 0.241436 0.737806
0.652032 0.624906 0.398541 0.832966 0.741607 0.599174 0.652992 0.590696 0.824999 0.129485 0.143344 0.693897
0.648890 0.628062 0.344012 0.877094 0.769349 0.678316 0.652660 0.528775 0.777660 0.191070 0.086854 0.823032
0.730441 0.628061 0.338708 0.926150 0.788718 0.665913 0.729340 0.608810 0.729117 0.120076 0.128138 0.774076
0.769623 0.582792 0.403955 0.896863 0.711984 0.694502 0.606636 0.553171 0.736993 0.268121 0.122531 0.808592
0.763090 0.690759 0.337887 0.895103 0.665258 0.579389 0.716576 0.639985 0.779274 0.085213 0.132684 0.769586
0.811777 0.674616 0.410738 0.896402 0.704249 0.582093 0.658859 0.508929 0.900623 0.275448 0.161554 0.834521
0.691804 0.609893 0.396105 0.830872 0.668087 0.636514 0.744772 0.559368 0.846902 0.254802 0.121847 0.836981
0.820052 0.682274 0.350895 0.904785 0.812874 0.604763 0.610341 0.564932 0.788093 0.206794 0.160578 0.813509
0.685942 0.712719 0.335759 0.840332 0.858803 0.591191 0.732740 0.571085 0.874027 0.157622 0.177886 0.772469
0.727622 0.618053 0.433044 0.900796 0.759719 0.526259 0.688389 0.485734 0.847019 0.132359 0.132442 0.790422
0.762275 0.596253 0.400484 0.896404 0.791448 0.574566 0.684868 0.496245 0.829117 0.264432 0.176355 0.850484
0.696898 0.658706 0.377183 0.892999 0.748427 0.561217 0.750119 0.451866 0.807468 0.224523 0.123672 0.825930
0.705858 0.641068 0.534528 0.830891 0.785689 0.516358 0.732316 0.619062 0.787284 0.183236 0.102877 0.751991
0.767937 0.548279 0.359485 0.976049 0.825838 0.593311 0.695692 0.473250 0.705191 0.174134 0.104572 0.731101
0.753397 0.518566 0.463762 0.909984 0.698760 0.618828 0.724977 0.527866 0.846813 0.219697 0.046501 0.823649
0.675309 0.525316 0.427214 0.939395 0.740845 0.601701 0.715993 0.493364 0.863186 0.223786 0.097874 0.829731
0.719556 0.684438 0.436165 1.026397 0.746240 0.592367 0.662844 0.679081 0.804088 0.116525 0.119882 0.833876
0.649377 0.655056 0.338258 0.854873 0.882677 0.604586 0.763287 0.550530 0.730592 0.212845 0.129968 0.809796
0.653707 0.609976 0.388113 1.038074 0.704892 0.555501 0.733160 0.630414 0.804078 0.226184 0.206825 0.791047
0.697836 0.653434 0.394609 0.892494 0.735569 0.531887 0.716854 0.470253 0.841744 0.168844 0.134607 0.811617
0.768704 0.648787 0.292791 0.911246 0.779809 0.668950 0.652040 0.517344 0.723687 0.208586 0.228044 0.825089
0.696252 0.777576 0.436846 0.861365 0.671303 0.528979 0.630589 0.548500 0.724145 0.176678 0.228510 0.877374
0.645026 0.616945 0.364725 0.914012 0.753799 0.603152 0.703924 0.505475 0.855360 0.170427 0.219583 0.744519
0.743758 0.653088 0.348193 0.960424 0.797028 0.595674 0.631197 0.568607 0.823147 0.139391 0.112284 0.801895
0.732331 0.686155 0.364584 0.917309 0.674712 0.571117 0.693176 0.577650 0.737258 0.132303 0.181568 0.778470
0.792759 0.643438 0.259755 0.907435 0.752202 0.610452 0.564387 0.492075 0.895988 0.207213 0.210258 0.843286
0.716004 0.718022 0.339315 0.790094 0.762866 0.527534 0.659067 0.483154 0.830871 0.177861 0.162812 0.939929
0.652501 0.569206 0.434554 0.852256 0.681135 0.623121 0.724444 0.591999 0.799723 0.238883 0.089845 0.791827
0.754924 0.666185 0.369494 0.800607 0.695846 0.592292 0.704190 0.643633 0.831274 0.153337 0.200252 0.788531
0.783984 0.625856 0.373962 0.783678 0.708267 0.565870 0.610568 0.425846 0.809847 0.137484 0.159980 0.828192
0.717850 0.629751 0.344912 0.958508 0.764024 0.577222 0.612645 0.531373 0.807035 0.221061 0.139667 0.818386
0.624440 0.653089 0.396007 0.922072 0.706766 0.561491 0.697325 0.521251 0.786811 0.199995 0.150537 0.804705
0.713536 0.616579 0.289972 0.915816 0.710064 0.564591 0.674116 0.568785 0.784370 0.133938 0.214311 0.785119
0.697540 0.634781 0.326830 0.866970 0.710209 0.596323 0.770624 0.530144 0.860695 0.231681 0.021987 0.749150
0.679635 0.544720 0.372111 0.806469 0.712431 0.631770 0.678356 0.592304 0.786237 0.198433 0.141710 0.752370
0.709523 0.636609 0.338872 0.937372 0.833809 0.562115 0.651414 0.600331 0.735534 0.200154 0.210774 0.765512
0.624226 0.652571 0.296593 0.931523 0.800981 0.629144 0.609286 0.651120 0.763181 0.168041 0.172285 0.904510
0.753317 0.637983 0.358953 0.828937 0.775799 0.548190 0.708784 0.537098 0.804701 0.209832 0.145934 0.871516
0.745331 0.565536 0.342197 0.901534 0.725820 0.588243 0.597071 0.530057 0.791430 0.135566 0.121703 0.879945
0.671556 0.707372 0.333954 0.900821 0.741578 0.610101 0.654721 0.562727 0.779826 0.194250 0.136057 0.776642
0.732997 0.614555 0.362493 0.922223 0.727786 0.577634 0.649363 0.467775 0.857914 0.221653 0.160888 0.775423
0.666851 0.680542 0.378264 0.830339 0.812583 0.667397 0.746956 0.623340 0.731488 0.229281 0.095057 0.872278
0.641568 0.579829 0.358875 0.869007 0.802061 0.537202 0.682467 0.539379 0.721350 0.146334 0.148329 0.872638
0.599936 0.627014 0.383388 0.908707 0.775930 0.573940 0.608591 0.584272 0.871494 0.208321 0.171991 0.800946
0.697517 0.757912 0.400013 0.928145 0.748140 0.602519 0.674267 0.562053 0.895600 0.215640 0.157426 0.773977
0.682214 0.657171 0.420758 0.951810 0.740773 0.575292 0.641699 0.535057 0.808807 0.317503 0.064015 0.906327
0.706962 0.547457 0.386720 0.892926 0.729225 0.634047 0.595493 0.594856 0.880918 0.159049 0.129568 0.786487
0.685874 0.589507 0.422319 1.012164 0.824214 0.530303 0.649745 0.493162 0.855194 0.177455 0.228068 0.808211
0.717971 0.594293 0.420681 0.921999 0.789178 0.538728 0.638025 0.554544 0.908377 0.157007 0.188146 0.892103
0.699664 0.695241 0.410431 0.882429 0.695711 0.621387 0.765588 0.540021 0.856394 0.133641 0.130143 0.873822
0.697612 0.696084 0.380648 0.835075 0.685443 0.656008 0.736405 0.584071 0.838709 0.286644 0.097861 0.756954
0.706766 0.642081 0.431778 0.872367 0.728913 0.505782 0.704782 0.539689 0.962615 0.250331 0.234692 0.889245
0.747261 0.691938 0.328247 0.856105 0.809102 0.554918 0.703779 0.521175 0.778994 0.230367 0.150927 0.776070
0.726428 0.591691 0.393968 0.862648 0.772343 0.593219 0.630638 0.557964 0.785670 0.233349 0.129313 0.807818
0.734617 0.627517 0.449358 0.877591 0.704943 0.572737 0.686440 0.568418 0.832781 0.158075 0.239032 0.870349
0.742804 0.735367 0.335532 0.914782 0.791946 0.625564 0.665439 0.636525 0.870424 0.196378 0.059282 0.821776
0.717376 0.554178 0.408879 0.790571 0.756166 0.602677 0.672555 0.610736 0.793751 0.232732 0.264628 0.864864
0.710848 0.700052 0.331853 0.875823 0.753523 0.543999 0.659796 0.559168 0.781521 0.156968 0.115856 0.767653
0.689053 0.577771 0.398456 0.943059 0.708529 0.599247 0.610079 0.561449 0.777544 0.222333 0.157644 0.836562
0.707750 0.636470 0.422980 0.905313 0.752395 0.602664 0.708544 0.664406 0.785874 0.210385 0.127769 0.792542
0.719568 0.688525 0.364681 0.901477 0.734543 0.540935 0.718796 0.548202 0.824707 0.155080 0.139745 0.838126
0.692747 0.543872 0.303764 0.819773 0.798782 0.645843 0.781139 0.472037 0.771952 0.212485 0.156106 0.758069
0.680831 0.589875 0.262376 0.900340 0.751464 0.606715 0.726994 0.460112 0.710591 0.166649 0.117972 0.783688
0.660196 0.631151 0.285138 0.824451 0.753389 0.551018 0.692169 0.467251 0.932709 0.162916 0.227769 0.836748
0.801900 0.666023 0.349314 0.902983 0.804471 0.624494 0.703374 0.577624 0.821744 0.130792 0.126875 0.786313
0.682216 0.673558 0.352487 0.912033 0.823964 0.647510 0.735122 0.663196 0.826339 0.197813 0.082991 0.890642
0.701189 0.673065 0.370301 0.888203 0.759353 0.707909 0.693087 0.605118 0.763076 0.116552 0.210065 0.744504
0.742839 0.641881 0.365308 0.887879 0.763012 0.665660 0.770181 0.575969 0.789281 0.175478 0.136147 0.785764
0.699299 0.663869 0.397307 0.916237 0.768268 0.519935 0.787041 0.521956 0.845479 0.155184 0.111506 0.820488
0.658221 0.592213 0.460713 0.889254 0.829495 0.592944 0.624984 0.482848 0.844964 0.259467 0.167222 0.772087
0.703201 0.570402 0.331144 0.959685 0.694751 0.477667 0.679839 0.480345 0.736736 0.275904 0.158488 0.843509
0.734682 0.640387 0.381300 0.898810 0.782593 0.530681 0.675601 0.662248 0.830644 0.196716 0.251491 0.798695
0.690868 0.639680 0.292855 0.838129 0.759870 0.607185 0.676024 0.460997 0.787677 0.268140 0.126151 0.719080
0.667164 0.580369 0.295779 0.912004 0.719320 0.609164 0.716659 0.553291 0.733866 0.236034 0.162308 0.842191
0.862512 0.605508 0.346838 0.906076 0.758485 0.605158 0.785973 0.513477 0.754610 0.160184 0.146189 0.849522
0.701607 0.674574 0.374039 1.002824 0.752337 0.665047 0.624502 0.631405 0.801299 0.086785 0.168250 0.772531
0.619016 0.719934 0.267812 0.908273 0.808811 0.626438 0.707155 0.579585 0.780377 0.178893 0.123256 0.817815
0.641129 0.615400 0.311730 0.986168 0.711938 0.586828 0.718850 0.547444 0.745738 0.152586 0.056563 0.815613
0.734682 0.647127 0.357218 0.851432 0.716363 0.625764 0.611423 0.500367 0.758910 0.124913 0.200551 0.775722
0.662687 0.673647 0.289631 0.863216 0.834419 0.710500 0.697167 0.563591 0.826731 0.202411 0.224672 0.797260
0.684066 0.619498 0.335191 0.889824 0.735191 0.630006 0.648639 0.537049 0.803874 0.204244 0.237049 0.788873
0.758183 0.622808 0.357792 0.950218 0.710485 0.607082 0.788501 0.514356 0.856589 0.162555 0.188902 0.852861
0.687120 0.641885 0.376778 0.915968 0.797749 0.597074 0.708621 0.582860 0.808882 0.136035 0.104338 0.877469
0.715502 0.592746 0.382446 0.890795 0.715829 0.616645 0.776622 0.603489 0.847652 0.227248 0.114634 0.767812
0.663659 0.642442 0.360569 0.933148 0.669619 0.612863 0.714635 0.597002 0.831490 0.185113 0.113123 0.755723
0.668103 0.601992 0.320816 0.862769 0.877527 0.605841 0.681373 0.571922 0.920929 0.166932 0.153703 0.764963
0.688667 0.633200 0.433843 0.951988 0.795356 0.570163 0.771053 0.525275 0.794254 0.244622 0.190821 0.878936
0.760314 0.599944 0.304686 0.908738 0.832459 0.651612 0.671053 0.592734 0.788831 0.097488 0.131538 0.887420
0.692273 0.537733 0.462027 0.885051 0.650383 0.615192 0.793506 0.611095 0.801800 0.209841 0.151032 0.850064
0.715748 0.645905 0.423887 0.920196 0.668408 0.600111 0.800188 0.585071 0.781308 0.145870 0.103663 0.765816
0.696537 0.643982 0.373742 0.897634 0.798414 0.582131 0.674984 0.570638 0.817698 0.187706 0.106768 0.798418
0.793465 0.588720 0.366538 0.910061 0.745310 0.606495 0.806814 0.495096 0.904558 0.167936 0.128234 0.812798
0.706298 0.619242 0.363728 0.878077 0.770752 0.484122 0.633188 0.547188 0.819175 0.238822 0.079580 0.762842
0.746117 0.704928 0.304074 0.915806 0.696837 0.548158 0.681223 0.573400 0.813500 0.169637 0.151569 0.803777
0.662266 0.662814 0.381089 0.912722 0.706067 0.499044 0.710490 0.509880 0.838122 0.186706 0.166265 0.847922
0.686684 0.613020 0.380378 0.821460 0.780204 0.645881 0.783693 0.580483 0.791676 0.200644 0.162178 0.753774
0.701224 0.656840 0.375191 0.965931 0.715071 0.548625 0.640942 0.533983 0.692848 0.146326 0.193236 0.847831
0.688387 0.557569 0.307009 0.864670 0.796713 0.579371 0.665900 0.595651 0.825501 0.190413 0.139009 0.765350
0.763757 0.594916 0.307851 0.936086 0.717475 0.583607 0.586252 0.529615 0.764050 0.180199 0.170178 0.844545
0.716725 0.624894 0.413042 0.892216 0.734730 0.601167 0.710491 0.541165 0.851308 0.108923 0.076335 0.844004
0.758028 0.638813 0.354005 1.006895 0.724606 0.550123 0.721504 0.593873 0.790654 0.229142 0.127789 0.788262
0.755166 0.588669 0.317054 0.863612 0.751146 0.654288 0.737627 0.602091 0.722130 0.240633 0.173006 0.804364
0.748207 0.642546 0.354481 0.914034 0.774960 0.680419 0.618842 0.560149 0.801984 0.276167 0.093072 0.751040
0.705998 0.600047 0.370820 0.874967 0.788508 0.567505 0.740027 0.585624 0.822022 0.196086 0.158155 0.827067
0.779040 0.666485 0.284707 0.895417 0.753778 0.653463 0.680682 0.543493 0.849198 0.103176 0.212735 0.642317
0.809316 0.670042 0.404397 0.801556 0.897603 0.588467 0.721318 0.623817 0.788688 0.113084 0.084962 0.806136
0.717525 0.706283 0.351222 0.837089 0.712196 0.520764 0.595202 0.556465 0.892215 0.090746 0.179971 0.800890
0.669542 0.564283 0.375971 0.926365 0.757358 0.591086 0.690514 0.574768 0.801799 0.059396 0.167381 0.847801
0.770569 0.564751 0.316248 0.886311 0.856292 0.629677 0.687362 0.573731 0.833131 0.201052 0.147926 0.791138
0.710547 0.571549 0.405754 0.871483 0.794900 0.618656 0.666147 0.582177 0.838919 0.201579 0.138659 0.893722
0.692212 0.616327 0.303161 0.973892 0.757376 0.634923 0.734373 0.561999 0.774525 0.281647 0.151705 0.810992
0.642534 0.640062 0.338811 0.909440 0.681526 0.489523 0.733835 0.433896 0.805853 0.134226 0.080045 0.764772
0.648654 0.659509 0.280277 0.935220 0.752035 0.560679 0.628213 0.565467 0.752455 0.115408 0.206852 0.845853
0.748219 0.723585 0.401366 0.948095 0.692278 0.596513 0.730131 0.501618 0.827403 0.151991 0.138318 0.864781
0.755205 0.603149 0.368357 0.924492 0.745063 0.584322 0.696177 0.581940 0.834142 0.237795 0.178550 0.811427
0.772454 0.677984 0.357226 0.760698 0.785994 0.549709 0.839034 0.577481 0.752538 0.270435 0.248948 0.839383
0.696241 0.637491 0.396173 0.863471 0.787169 0.590517 0.745806 0.635670 0.813021 0.266857 0.248760 0.791199
0.674477 0.686147 0.357497 0.909843 0.764929 0.641436 0.666863 0.527393 0.798668 0.181258 0.137176 0.738705
0.705768 0.641273 0.322703 0.889752 0.721550 0.599835 0.643214 0.620124 0.876736 0.192297 0.179363 0.808369
0.705365 0.694414 0.348099 0.902717 0.726361 0.595487 0.659136 0.536980 0.829983 0.147588 0.133456 0.773311
0.737012 0.619251 0.263778 0.832458 0.718939 0.596512 0.729520 0.620574 0.779711 0.132820 0.186470 0.929982
0.749929 0.697633 0.376057 1.008025 0.772070 0.551346 0.723736 0.610513 0.798733 0.216064 0.220359 0.838612
0.728037 0.535407 0.410823 0.944728 0.792075 0.673293 0.672198 0.500541 0.887832 0.096256 0.101640 0.871507
0.680555 0.602676 0.321488 0.903617 0.758613 0.603064 0.715615 0.589101 0.840294 0.175570 0.130020 0.775316
0.667316 0.558096 0.391566 0.914821 0.769254 0.577051 0.745544 0.577181 0.715984 0.176194 0.104058 0.850182
0.786613 0.625850 0.359258 0.910998 0.752873 0.578869 0.653988 0.506125 0.777629 0.228808 0.105789 0.708256
0.725043 0.602695 0.353922 0.933013 0.708850 0.619622 0.703349 0.607466 0.789009 0.225404 0.140741 0.838944
0.777197 0.566430 0.315679 0.889857 0.736115 0.645211 0.687727 0.624175 0.841849 0.109700 0.131843 0.787376
0.771293 0.579979 0.347329 0.848276 0.748198 0.719650 0.723637 0.575813 0.895010 0.242418 0.068709 0.817271
0.703662 0.632145 0.363486 0.893631 0.739082 0.625980 0.725149 0.616415 0.783869 0.204600 0.103005 0.854031
0.692015 0.669232 0.384421 0.945201 0.750435 0.641631 0.670452 0.577770 0.777612 0.173123 0.191691 0.753529
0.799605 0.686987 0.424243 0.921234 0.654986 0.598655 0.750609 0.543683 0.734417 0.215933 0.146839 0.842761
0.754960 0.676654 0.319255 0.870162 0.788271 0.666243 0.695900 0.521523 0.787275 0.131044 0.138340 0.772132
0.697184 0.694694 0.439916 0.926643 0.713255 0.554310 0.737421 0.509627 0.817505 0.205192 0.142863 0.881867
0.745618 0.568599 0.465471 0.897071 0.720798 0.616567 0.675875 0.543634 0.762177 0.233536 0.211926 0.897461
0.745840 0.676835 0.329736 0.883252 0.758974 0.519334 0.731047 0.520920 0.859365 0.216739 0.201783 0.770804
0.737493 0.638977 0.389682 0.879815 0.640978 0.641290 0.626662 0.530009 0.772609 0.206742 0.129023 0.830705
0.763879 0.600127 0.335804 0.958856 0.777692 0.577638 0.670860 0.603643 0.800088 0.170196 0.182008 0.739210
0.658460 0.562553 0.340423 0.938129 0.750614 0.547173 0.766544 0.607899 0.777545 0.257202 0.212207 0.867786
0.653689 0.639131 0.429521 0.890916 0.787467 0.615447 0.663253 0.600678 0.799289 0.212712 0.118863 0.653196
0.680294 0.677741 0.337872 0.874175 0.681008 0.519928 0.671046 0.534765 0.960912 0.237215 0.127273 0.761873
0.694671 0.687663 0.396710 0.874004 0.721642 0.620334 0.740450 0.549260 0.821456 0.301594 0.173014 0.744812
0.663176 0.636650 0.303688 1.031780 0.828184 0.569670 0.756095 0.669106 0.805682 0.188027 0.091404 0.784061
0.625225 0.670029 0.398241 0.999800 0.728929 0.527188 0.732453 0.560814 0.762947 0.229761 0.161745 0.772335
0.728894 0.677146 0.378551 0.885862 0.731420 0.592787 0.728955 0.554974 0.802325 0.182486 0.109293 0.769088
0.686798 0.648953 0.411334 0.906589 0.764337 0.614584 0.686996 0.533499 0.809990 0.148749 0.229383 0.790645
0.648854 0.605961 0.350879 0.866577 0.723515 0.611516 0.679438 0.455941 0.858289 0.216292 0.220836 0.835710
0.767897 0.715675 0.407055 0.811054 0.660597 0.541161 0.708294 0.577314 0.881750 0.142508 0.187046 0.837618
0.668596 0.517726 0.392531 0.889822 0.716400 0.590250 0.654220 0.521498 0.826218 0.135109 0.181699 0.779265
0.689290 0.663491 0.415330 0.909007 0.823662 0.622506 0.681576 0.561228 0.907865 0.221628 0.131936 0.791211
0.754570 0.597729 0.468868 0.897204 0.733017 0.514990 0.760914 0.536989 0.725686 0.120463 0.090520 0.787607
0.828811 0.622054 0.384048 0.902587 0.696439 0.577695 0.582742 0.630286 0.766210 0.150918 0.227196 0.792926
0.702576 0.544948 0.391829 1.042633 0.796027 0.650126 0.657617 0.561505 0.765940 0.222101 0.134730 0.884424
0.772615 0.718437 0.399117 0.901458 0.799669 0.656959 0.714066 0.514772 0.757334 0.231039 0.099991 0.846969
0.614963 0.642605 0.363063 0.866988 0.751716 0.751824 0.760224 0.615944 0.751564 0.185097 0.143898 0.830236
0.729782 0.688749 0.357542 0.922578 0.710245 0.594362 0.664146 0.604506 0.718294 0.159647 0.126494 0.821352
0.782801 0.640520 0.357592 0.854516 0.737624 0.594213 0.659413 0.621305 0.892929 0.147781 0.247648 0.823059
0.756817 0.656128 0.322679 0.966759 0.721888 0.527751 0.637937 0.468807 0.838008 0.146099 0.147694 0.808852
0.795581 0.622907 0.336095 0.954261 0.720128 0.626727 0.644770 0.592775 0.821444 0.239881 0.177118 0.799846
0.668227 0.549723 0.358970 0.912432 0.726283 0.603410 0.697208 0.633718 0.855071 0.170857 0.093807 0.736603
0.732779 0.605746 0.402917 0.926867 0.791731 0.601727 0.704628 0.540478 0.841052 0.155580 0.102151 0.764765
0.701822 0.711289 0.425645 0.911672 0.730026 0.608452 0.700701 0.594518 0.805899 0.239247 0.181190 0.871989
0.750380 0.585153 0.394179 0.955016 0.772252 0.661178 0.786493 0.583600 0.838298 0.172028 0.189139 0.714345
0.686376 0.623625 0.419208 0.879022 0.706409 0.693270 0.730881 0.563024 0.757963 0.258270 0.178027 0.848750
0.781805 0.660905 0.406305 0.877400 0.767515 0.757989 0.729429 0.594664 0.765918 0.165662 0.161829 0.725893
0.723250 0.627890 0.458289 0.964580 0.795491 0.526554 0.565753 0.589470 0.705104 0.218671 0.162504 0.791602
0.632874 0.618146 0.365419 0.843135 0.749026 0.596789 0.695245 0.542849 0.818474 0.207142 0.173838 0.832726
0.669167 0.587567 0.312168 0.864167 0.929482 0.528234 0.682652 0.505099 0.716836 0.184280 0.155394 0.775654
0.765827 0.608106 0.331065 0.884034 0.714771 0.614117 0.710786 0.486087 0.846375 0.171900 0.199984 0.812940
0.763600 0.595263 0.340016 0.852180 0.713395 0.568751 0.718694 0.593971 0.778728 0.220819 0.100351 0.796719
0.668348 0.713632 0.340045 0.933422 0.761705 0.575857 0.642408 0.700223 0.825562 0.251536 0.184702 0.758029
0.768505 0.654902 0.342277 0.911207 0.776488 0.607672 0.645590 0.592529 0.843278 0.276364 0.118658 0.781970
0.729503 0.741373 0.356716 0.857315 0.834456 0.582361 0.655569 0.512627 0.843955 0.120759 0.167015 0.867746
0.727862 0.675830 0.356498 0.859115 0.676219 0.577676 0.708852 0.563883 0.815193 0.235420 0.173562 0.858192
0.785916 0.565355 0.408284 0.947492 0.744057 0.597950 0.691096 0.617054 0.814423 0.150552 0.173896 0.804401
0.721785 0.591022 0.402120 0.987718 0.767830 0.665417 0.720758 0.568606 0.799211 0.281659 0.119630 0.838448
0.750144 0.701604 0.363884 0.901303 0.677158 0.596084 0.636927 0.549717 0.784068 0.250809 0.178865 0.787852
0.754144 0.575862 0.396342 0.902095 0.739214 0.557263 0.677057 0.527049 0.731178 0.135458 0.068802 0.756221
0.719571 0.689107 0.303226 0.855834 0.762973 0.658293 0.858861 0.529635 0.800883 0.212529 0.226149 0.814110
0.659939 0.598346 0.384609 0.908888 0.774408 0.527245 0.691319 0.623249 0.783825 0.159386 0.222335 0.800186
0.706703 0.606253 0.361338 0.940769 0.825297 0.601641 0.744446 0.531346 0.816364 0.193055 0.226051 0.755488
0.741278 0.564713 0.328224 0.894482 0.664357 0.497703 0.736906 0.545063 0.867103 0.189673 0.245458 0.790263
0.799530 0.686841 0.456661 0.955065 0.735607 0.712174 0.645471 0.624809 0.812417 0.216938 0.190055 0.867668
0.681422 0.685590 0.417286 0.881397 0.753850 0.594128 0.604362 0.594187 0.759466 0.205702 0.029811 0.874763
0.709831 0.716212 0.402564 0.923220 0.669379 0.588930 0.659952 0.591511 0.630966 0.205032 0.167526 0.787273
0.658989 0.768405 0.367130 0.922572 0.719794 0.621479 0.670797 0.599536 0.751423 0.195820 0.079438 0.923999
0.691740 0.657233 0.262483 0.914653 0.830375 0.486411 0.664883 0.609946 0.921753 0.206258 0.188428 0.780320
0.761970 0.642250 0.279436 0.845826 0.707924 0.570350 0.750940 0.565899 0.736176 0.232485 0.096834 0.836050
0.696821 0.613349 0.405654 0.961436 0.765963 0.610007 0.722196 0.496768 0.829914 0.181132 0.179076 0.708840
0.713399 0.639586 0.381013 0.875996 0.725152 0.639339 0.596285 0.537149 0.760961 0.191009 0.115549 0.763802
0.730711 0.623317 0.398462 0.859946 0.769358 0.625145 0.621982 0.600789 0.734274 0.178848 0.115411 0.873416
0.637240 0.538304 0.323967 0.948086 0.847518 0.624313 0.612796 0.617378 0.773827 0.149131 0.123642 0.794880
0.744230 0.591447 0.388749 0.911034 0.745750 0.626365 0.716757 0.531876 0.818023 0.166510 0.131977 0.846157
0.749657 0.681713 0.366443 0.938846 0.769951 0.673941 0.689328 0.526177 0.767210 0.228075 0.157793 0.862081
0.659453 0.742546 0.356269 1.002886 0.748472 0.499427 0.716110 0.635072 0.741197 0.156841 0.158080 0.854441
0.703668 0.570827 0.358029 0.900441 0.695312 0.569320 0.684235 0.609086 0.769324 0.225536 0.186659 0.897842
0.790575 0.565553 0.410669 0.943915 0.726486 0.551116 0.671120 0.569980 0.762708 0.228713 0.182113 0.758479
0.667732 0.592416 0.347446 0.933206 0.657583 0.561631 0.674392 0.561998 0.839884 0.196826 0.103365 0.860738
0.723826 0.503778 0.460599 0.892599 0.682709 0.656893 0.735964 0.534047 0.796841 0.248904 0.093173 0.817127
0.681256 0.584759 0.343427 0.925548 0.733378 0.632614 0.591484 0.493262 0.858517 0.182077 0.175117 0.773992
0.739051 0.544847 0.377289 0.938879 0.711146 0.610096 0.677198 0.576209 0.832911 0.205191 0.184770 0.815667
0.786048 0.660663 0.430605 0.903736 0.771272 0.567626 0.678307 0.611938 0.826705 0.158410 0.191180 0.779499
0.753252 0.568177 0.405052 0.949195 0.725048 0.596937 0.751520 0.560453 0.727275 0.230710 0.191312 0.819448
0.719331 0.510299 0.345677 0.888762 0.748473 0.635201 0.717593 0.544775 0.785907 0.221266 0.246624 0.783697
0.658187 0.661677 0.328507 0.943785 0.713938 0.544204 0.616269 0.514200 0.726745 0.149717 0.116575 0.836451
0.736592 0.628636 0.392792 0.913727 0.760358 0.547186 0.667218 0.504040 0.773050 0.105128 0.144229 0.763392
0.753171 0.718917 0.353130 0.880474 0.760353 0.567260 0.588341 0.509525 0.785821 0.184466 0.162850 0.785627
0.717931 0.606264 0.307737 0.821500 0.703632 0.539180 0.720387 0.546053 0.887014 0.209791 0.223464 0.810617
0.595501 0.649501 0.430998 0.800513 0.726034 0.579755 0.702455 0.596901 0.862023 0.267311 0.113871 0.892398
0.745604 0.693858 0.396102 0.931031 0.800003 0.614853 0.714731 0.608068 0.891063 0.203567 0.186858 0.827568
0.813038 0.700165 0.255873 0.924991 0.721341 0.610151 0.604468 0.548477 0.868680 0.201496 0.122004 0.878855
0.675326 0.646180 0.355220 0.926463 0.688051 0.724518 0.752626 0.581236 0.744089 0.182925 0.192193 0.785492
0.726248 0.642719 0.350066 0.894693 0.710959 0.624711 0.701903 0.575037 0.681980 0.142689 -0.015269 0.723922
0.632649 0.579866 0.340866 0.912804 0.749225 0.582329 0.722444 0.542428 0.766185 0.214204 0.207188 0.813628
0.709802 0.541160 0.357691 0.965349 0.716434 0.601692 0.649693 0.588250 0.724529 0.192554 0.177467 0.816525
0.667269 0.670327 0.387026 0.860532 0.705863 0.553527 0.770267 0.528166 0.713039 0.192250 0.091701 0.780179
0.708466 0.646161 0.337871 0.903801 0.668398 0.602673 0.691758 0.605660 0.833416 0.245564 0.132512 0.791109
0.708033 0.607308 0.385998 0.812010 0.700036 0.644143 0.704970 0.529121 0.853936 0.171720 0.091161 0.828033
0.733174 0.677561 0.316190 0.845585 0.717815 0.599198 0.696303 0.497431 0.811817 0.268717 0.115635 0.820049
0.749302 0.676900 0.344368 0.882375 0.714075 0.653677 0.734179 0.671131 0.786157 0.150053 0.134261 0.719319
0.751561 0.616865 0.390668 0.898207 0.729767 0.568070 0.709692 0.631085 0.759521 0.193117 0.178923 0.790851
0.738587 0.667690 0.349821 0.912448 0.770960 0.587952 0.678300 0.499503 0.827342 0.221740 0.194678 0.843990
0.658678 0.640668 0.391294 0.855729 0.703510 0.531130 0.718649 0.520644 0.905365 0.165860 0.110480 0.846630
0.653655 0.503284 0.442729 0.831808 0.664552 0.614804 0.680898 0.593398 0.835384 0.164336 0.194699 0.787237
0.656332 0.674916 0.266558 0.969856 0.747176 0.682885 0.693437 0.494674 0.708618 0.204743 0.126280 0.840568
0.686354 0.593826 0.341348 0.890534 0.694516 0.591452 0.777333 0.515208 0.823397 0.365054 0.042937 0.754192
0.723571 0.653860 0.441883 0.917265 0.702558 0.638069 0.696040 0.604130 0.756126 0.214915 0.142568 0.795023
0.708898 0.687736 0.403919 0.929738 0.717192 0.606313 0.692956 0.587265 0.813784 0.214706 0.207054 0.885562
0.780063 0.532550 0.367762 0.880539 0.798791 0.582580 0.635356 0.591550 0.758176 0.133678 0.164010 0.810696
0.738304 0.609611 0.299751 0.880322 0.861733 0.552599 0.718571 0.556159 0.850540 0.178651 0.114543 0.720125
0.659857 0.575256 0.419333 0.907321 0.682269 0.606056 0.738838 0.604636 0.829201 0.132962 0.182115 0.806238
0.769931 0.556343 0.438450 0.941148 0.785225 0.596207 0.562973 0.505577 0.905985 0.235500 0.138844 0.798375
0.788705 0.600928 0.346106 0.891679 0.709424 0.528531 0.695182 0.615616 0.878991 0.145062 0.188055 0.835217
0.701437 0.658492 0.378833 0.881494 0.835472 0.578616 0.660291 0.575543 0.761622 0.204000 0.190155 0.842402
0.708615 0.674951 0.379332 0.971400 0.727955 0.617356 0.726671 0.598299 0.787496 0.139673 0.139425 0.822266
0.730239 0.649524 0.439617 0.936306 0.774735 0.609862 0.719006 0.517679 0.853171 0.296139 0.131643 0.705943
0.793881 0.639402 0.387094 0.857909 0.728579 0.601434 0.732165 0.588407 0.836965 0.163605 0.099749 0.835202
0.693193 0.613247 0.370449 0.884082 0.716091 0.574574 0.709501 0.625331 0.822417 0.198161 0.151509 0.778044
0.756766 0.681170 0.425273 0.907411 0.796304 0.561900 0.680779 0.448609 0.822047 0.153074 0.100289 0.880794
0.719047 0.476468 0.347200 0.841096 0.852556 0.604091 0.568719 0.520831 0.879949 0.106797 0.165248 0.760467
0.744453 0.621352 0.354551 0.930932 0.700640 0.579439 0.733440 0.569082 0.735866 0.217844 0.231974 0.729108
0.707876 0.624885 0.387666 0.921292 0.731758 0.598548 0.804007 0.512773 0.882922 0.211627 0.111892 0.768723
0.871985 0.632289 0.396397 0.925727 0.759337 0.567058 0.688596 0.585964 0.830363 0.146434 0.122258 0.797048
0.652029 0.566543 0.297121 0.856650 0.768454 0.533968 0.713158 0.577338 0.749692 0.206008 0.235482 0.762275
0.746600 0.621914 0.319741 1.036469 0.715768 0.674922 0.700462 0.522179 0.830955 0.172385 0.154827 0.891228
0.750055 0.582416 0.375717 0.785492 0.711849 0.566972 0.658728 0.671627 0.827378 0.111687 0.254481 0.659268
0.797619 0.621355 0.334720 0.870575 0.774110 0.584537 0.797085 0.583654 0.807792 0.216357 0.127491 0.813673
0.815258 0.681371 0.379264 0.938595 0.776237 0.600695 0.675224 0.547118 0.670393 0.234926 0.204098 0.709582
0.718940 0.634356 0.277141 0.973826 0.782149 0.697508 0.713776 0.523752 0.846297 0.163691 0.147433 0.793708
0.798308 0.635006 0.352415 0.847803 0.784394 0.462255 0.589427 0.567155 0.886291 0.178651 0.206738 0.742229
0.717251 0.554582 0.356778 0.906483 0.633566 0.628410 0.693919 0.596573 0.888105 0.165536 0.129599 0.837282
0.697971 0.567369 0.276742 0.827675 0.812348 0.675899 0.599763 0.595752 0.827142 0.253511 0.141715 0.807474
0.717743 0.724979 0.313595 0.900456 0.765294 0.575372 0.778368 0.565387 0.809682 0.152916 0.166843 0.772470
0.701202 0.630853 0.469769 0.914376 0.772339 0.617329 0.831211 0.634805 0.816876 0.173067 0.075636 0.784022
0.591244 0.514072 0.401338 0.949753 0.736704 0.636482 0.744750 0.595249 0.836616 0.193027 0.161541 0.774048
0.725247 0.599111 0.379827 0.997507 0.726267 0.520894 0.775477 0.495390 0.743720 0.089318 0.185634 0.804847
0.713236 0.646242 0.366514 0.757037 0.710891 0.537374 0.725447 0.520528 0.896096 0.198874 0.178489 0.702436
0.748955 0.660965 0.387692 0.815714 0.728034 0.628016 0.782415 0.581871 0.771932 0.183613 0.132941 0.875465
0.670814 0.689410 0.328302 0.923734 0.755237 0.587639 0.628821 0.532532 0.794572 0.140106 0.152962 0.750545
0.739758 0.583538 0.357384 0.925867 0.841649 0.554203 0.637592 0.540772 0.806057 0.179570 0.148494 0.867979
0.688630 0.683996 0.362975 0.851646 0.896771 0.615867 0.735609 0.641024 0.797004 0.260989 0.113975 0.803723
0.652997 0.608344 0.318513 0.871837 0.813613 0.601445 0.632865 0.563855 0.809932 0.195585 0.175890 0.881557
0.717081 0.640777 0.406023 0.857514 0.695775 0.581284 0.699193 0.621713 0.833711 0.206676 0.228039 0.724344
0.696856 0.641595 0.341966 0.977795 0.718579 0.598035 0.741972 0.606702 0.806082 0.163029 0.151574 0.864716
0.835082 0.616816 0.347032 0.978997 0.758726 0.682439 0.714074 0.548923 0.817680 0.161016 0.190872 0.849566
0.624262 0.658023 0.371703 0.893214 0.791519 0.527844 0.689887 0.593273 0.766296 0.250246 0.181725 0.914164
0.614284 0.642973 0.426026 0.964180 0.753636 0.562804 0.689359 0.579860 0.778467 0.284279 0.188754 0.758277
0.697722 0.701759 0.448715 0.889340 0.786310 0.630327 0.717338 0.542049 0.815743 0.211529 0.166712 0.691573
0.814736 0.656001 0.376690 0.892304 0.795203 0.672649 0.675740 0.617833 0.734851 0.230669 0.087420 0.686122
0.665800 0.652731 0.384317 0.821367 0.752040 0.472080 0.618088 0.553972 0.769053 0.270275 0.176358 0.759922
0.677629 0.609723 0.423182 0.834476 0.756608 0.619079 0.741292 0.543099 0.826216 0.233688 0.188620 0.839504
0.709759 0.651843 0.395644 0.992127 0.721197 0.549971 0.626648 0.424224 0.859358 0.195898 0.146175 0.889650
0.696762 0.538378 0.475740 0.982616 0.718539 0.600024 0.700807 0.580711 0.802675 0.243980 0.196463 0.769636
0.691346 0.691444 0.316604 0.893838 0.701645 0.575306 0.691374 0.631659 0.892326 0.234506 0.256308 0.874852
0.720346 0.638342 0.283759 0.897181 0.757964 0.582480 0.716768 0.640968 0.797641 0.270148 0.158991 0.832982
0.662610 0.599062 0.313926 0.900669 0.739000 0.618168 0.653987 0.589487 0.801340 0.146281 0.087387 0.861636
0.745143 0.649469 0.418648 0.925794 0.787435 0.589260 0.670758 0.541659 0.904030 0.240999 0.210420 0.722463
0.792676 0.680730 0.433741 0.857615 0.761314 0.581320 0.809932 0.490496 0.754153 0.173223 0.153435 0.761854
0.812920 0.577872 0.363223 0.899475 0.761382 0.626276 0.681755 0.569723 0.761192 0.109578 0.058983 0.739971
0.673218 0.709151 0.318741 0.922345 0.780091 0.663467 0.664806 0.515167 0.809762 0.129356 0.175739 0.839128
0.694577 0.571810 0.339007 0.954888 0.741063 0.632953 0.682989 0.554906 0.763862 0.161353 0.074898 0.851851
0.704935 0.539790 0.345426 0.942480 0.800926 0.530069 0.743220 0.623394 0.706977 0.186687 0.155126 0.797547
0.673256 0.608386 0.350192 0.852931 0.726698 0.620605 0.754726 0.584641 0.848153 0.237328 0.161544 0.763793
0.673484 0.638168 0.323333 0.926922 0.794031 0.536279 0.643911 0.570896 0.832181 0.102455 0.151486 0.795854
0.725206 0.629601 0.318435 0.932136 0.764579 0.611164 0.700923 0.579317 0.750246 0.276575 0.146549 0.840288
0.684332 0.607886 0.341974 0.846991 0.747138 0.638544 0.781341 0.543938 0.801021 0.176082 0.220585 0.827708
0.828324 0.586340 0.352570 0.926215 0.867675 0.561033 0.731822 0.507149 0.821672 0.193424 0.146027 0.782089
0.735378 0.545904 0.293407 0.905126 0.747926 0.652624 0.786946 0.567143 0.836002 0.138555 0.072353 0.813558
0.679331 0.687430 0.380533 0.877715 0.702951 0.573107 0.701011 0.561988 0.873172 0.190268 0.113441 0.900559
0.733532 0.618700 0.390819 0.964779 0.817151 0.601096 0.637555 0.490553 0.803444 0.163214 0.162327 0.745162
0.684839 0.631669 0.349205 0.911850 0.734602 0.576927 0.714744 0.548346 0.754347 0.227604 0.200590 0.883229
0.728069 0.593382 0.284464 0.874017 0.736873 0.629862 0.724229 0.550970 0.773542 0.271197 0.205748 0.770449
0.694118 0.651265 0.407761 0.931981 0.731843 0.596337 0.774010 0.497399 0.749704 0.178597 0.174847 0.780658
0.772897 0.620853 0.383954 0.897552 0.649062 0.690508 0.746995 0.608735 0.842459 0.079097 0.075342 0.796409
0.675658 0.603628 0.448852 0.852602 0.700044 0.547284 0.636933 0.590589 0.868227 0.188086 0.101309 0.875099
0.756856 0.602347 0.242008 0.932075 0.847799 0.576474 0.677046 0.579633 0.714831 0.182708 0.173655 0.756152
0.707239 0.647872 0.329451 0.918701 0.729043 0.565043 0.650409 0.507563 0.794345 0.171815 0.212315 0.798442
0.761999 0.650122 0.365361 0.874265 0.690862 0.557505 0.601487 0.533915 0.795339 0.116645 0.207905 0.875228
0.673421 0.699170 0.370033 0.971537 0.714295 0.535009 0.714492 0.626933 0.812408 0.209915 0.248152 0.804664
