1000 12 10
0.107501 1.050972 0.272035 0.857085 0.190353 0.967139 0.797429 0.844763 0.369695 0.929231 0.138519 0.552656
0.033384 0.993003 0.258884 0.820116 0.122174 0.838878 0.776782 0.954952 0.419408 0.806632 0.261699 0.519995
0.083699 0.906055 0.297961 0.814029 0.071676 0.881993 0.719022 0.939527 0.274984 0.868115 0.161752 0.512924
0.033535 0.976525 0.301276 0.852329 0.103504 0.813479 0.817260 1.054171 0.355376 0.893874 0.178116 0.470875
0.003575 0.913340 0.317352 0.791374 0.157326 0.825546 0.827870 0.998182 0.322260 0.916487 0.149942 0.521609
0.088074 0.930681 0.268876 0.777712 0.142676 0.896055 0.784472 0.912780 0.271246 0.853451 0.129025 0.581267
-0.008229 1.018845 0.297761 0.780275 0.164144 0.895592 0.743218 0.954344 0.369811 0.907584 0.109931 0.534397
0.031629 0.924947 0.271827 0.856902 0.088892 0.813890 0.795951 1.019744 0.371979 0.953868 0.257036 0.574395
0.116965 0.998606 0.272579 0.811329 0.014979 0.980337 0.730535 0.884211 0.319575 0.793516 0.163682 0.446296
-0.029872 0.833953 0.214786 0.762648 0.110410 0.845453 0.670891 0.908771 0.359228 0.740679 0.175405 0.545840
0.049467 1.037248 0.238193 0.860002 0.129246 0.892596 0.755269 0.945894 0.364094 0.905822 0.203648 0.430996
0.092665 0.990406 0.286107 0.696542 0.165806 0.870124 0.748159 1.007487 0.351919 0.817443 0.123782 0.546277
0.044732 0.960636 0.262180 0.862497 0.118886 0.923663 0.713923 0.948290 0.306063 0.906704 0.171434 0.578008
0.045034 0.977084 0.275877 0.842163 0.224738 0.902338 0.800379 0.962611 0.363775 0.917994 0.182534 0.477183
0.073244 0.947949 0.219246 0.767183 0.079362 0.864042 0.729582 0.947580 0.393692 0.815890 0.235189 0.467930
0.050734 1.058746 0.280456 0.829908 0.188821 0.812346 0.771812 1.022584 0.386832 0.883684 0.195344 0.478315
0.166136 0.957130 0.264642 0.852149 0.140227 0.895542 0.732744 0.870192 0.294483 0.863325 0.141692 0.581605
0.034677 0.949102 0.235434 0.809648 0.113416 0.815965 0.694577 1.029178 0.334405 0.783228 0.184373 0.423514
0.064907 0.920812 0.158475 0.782895 0.072672 0.868037 0.818071 0.905063 0.349718 0.853445 0.154802 0.583305
0.128206 0.976533 0.219262 0.746178 0.145029 0.956611 0.653857 0.954179 0.330945 0.898169 0.133424 0.552142
0.051079 0.849851 0.252202 0.765229 0.182175 0.939700 0.682730 0.947979 0.353118 0.842511 0.168705 0.628179
0.108865 0.917863 0.211390 0.724197 0.066216 0.824942 0.754173 0.982354 0.270657 0.955566 0.145218 0.464203
0.018665 0.955906 0.225616 0.794040 0.165217 0.818152 0.688862 0.928593 0.360159 0.816693 0.135965 0.492469
0.042043 0.987877 0.298239 0.900253 0.100758 0.956819 0.681113 1.009948 0.390458 0.877503 0.195407 0.557431
0.092396 0.999646 0.272131 0.824236 0.177524 0.864202 0.705403 1.061282 0.391306 0.976062 0.186089 0.485452
0.016613 0.896836 0.214795 0.789320 0.091151 0.853184 0.735202 0.938791 0.404024 0.892675 0.237872 0.501607
-0.024967 0.917689 0.239678 0.859761 0.062041 0.903418 0.812783 1.035875 0.409174 0.820335 0.175609 0.519145
0.016544 1.036024 0.169518 0.810732 0.119023 0.881042 0.722969 0.928848 0.376670 0.902039 0.209092 0.543944
0.002395 0.954762 0.216576 0.712074 0.015405 0.936908 0.750627 0.912982 0.355622 0.883736 0.103736 0.552176
0.108537 0.958857 0.320120 0.805773 0.091678 0.870788 0.722370 0.924086 0.298316 0.929256 0.201147 0.561584
0.017218 0.969006 0.221033 0.802841 0.204282 0.881070 0.642373 0.953657 0.301948 0.863417 0.258216 0.480563
0.092275 0.887894 0.165165 0.828995 0.212691 0.820523 0.806300 0.943499 0.343678 0.962196 0.143344 0.571466
0.105097 0.990791 0.201270 0.803941 0.125508 0.814050 0.699199 0.994371 0.341231 0.897998 0.049791 0.533339
0.051927 0.934049 0.272735 0.815253 0.232000 0.903711 0.638821 0.965896 0.371360 0.846988 0.203652 0.517524
0.071383 0.894569 0.168956 0.700749 0.163579 0.870245 0.796644 0.976651 0.333913 0.935936 0.120470 0.531232
0.003823 1.000074 0.285488 0.813596 0.146719 0.876677 0.655979 0.980199 0.300333 0.864155 0.146039 0.553942
0.117417 0.965676 0.308309 0.786977 0.014896 0.854715 0.763958 0.936611 0.306100 0.810080 0.113985 0.517267
0.028711 0.966611 0.260843 0.852645 0.135860 0.818759 0.724474 0.921839 0.319804 0.867506 0.232590 0.576769
-0.041609 1.015502 0.247004 0.814969 0.092528 0.959542 0.682913 0.994305 0.443805 0.838750 0.169155 0.517371
0.004311 0.931066 0.191023 0.706887 0.069702 0.870571 0.696990 0.940854 0.281015 0.786709 0.187911 0.479031
0.053791 0.939282 0.197792 0.837493 0.187510 0.838636 0.685594 0.923547 0.226577 0.853264 0.146516 0.488696
0.057706 0.916959 0.255932 0.881836 0.180582 0.962379 0.609934 0.932622 0.351132 0.869170 0.168600 0.514786
0.026064 0.910028 0.263238 0.800112 0.179981 0.804092 0.664230 0.982920 0.305284 0.936113 0.191407 0.507249
-0.021740 0.998026 0.225428 0.836680 0.194354 0.889260 0.788417 0.906011 0.379664 1.008298 0.157662 0.525544
0.158576 0.981571 0.235386 0.862607 0.140034 0.877215 0.790210 0.942656 0.282076 0.818738 0.212955 0.498088
0.030844 1.013212 0.233692 0.891316 0.153149 0.849754 0.717390 1.076507 0.453150 0.860158 0.182939 0.402869
0.068985 1.047628 0.301828 0.833448 0.112014 0.888689 0.700354 0.937912 0.380899 0.892208 0.144606 0.387812
0.073520 0.935147 0.238448 0.774627 0.152092 0.907405 0.701108 0.891272 0.407235 0.924751 0.175857 0.551999
0.071676 0.872945 0.208650 0.818018 0.184472 0.896877 0.644652 0.863017 0.441385 0.853226 0.218791 0.489905
0.100176 0.907815 0.305543 0.866973 0.107834 0.910399 0.733952 0.933544 0.350155 0.887126 0.190630 0.542302
0.036257 1.013554 0.185963 0.806054 0.137634 0.853538 0.786984 0.944002 0.417150 0.895521 0.256245 0.586154
0.034748 1.055733 0.182632 0.712530 0.089480 0.790921 0.729467 0.903471 0.382822 0.992324 0.131648 0.546295
-0.051166 0.946104 0.195448 0.805208 0.216231 0.859469 0.735220 0.981382 0.326625 0.875803 0.078514 0.568817
0.113532 1.013023 0.236352 0.763200 0.054803 0.926728 0.663299 0.977229 0.218638 0.917216 0.142611 0.449706
0.024830 0.888458 0.270495 0.765058 0.152858 0.918526 0.735735 0.854732 0.385703 0.901678 0.175205 0.384034
0.176625 0.982943 0.283964 0.766652 0.046437 0.887491 0.660015 0.996445 0.278113 0.829813 0.230308 0.479233
0.000184 1.019313 0.174089 0.731200 0.207076 0.809579 0.747129 0.920003 0.294531 0.928283 0.076407 0.469684
0.048681 0.939361 0.261788 0.796387 0.128045 0.840360 0.801516 0.959103 0.351773 0.934644 0.173336 0.605341
0.013040 1.009006 0.289360 0.870664 0.146707 0.772679 0.712490 0.971810 0.303891 0.899012 0.204764 0.480748
0.005950 0.901436 0.163780 0.799953 0.023097 0.839116 0.673268 1.051001 0.326151 0.871100 0.145122 0.514642
0.004474 0.992426 0.241286 0.742332 0.080211 0.878204 0.782775 0.935615 0.301445 0.862802 0.121681 0.491716
0.050185 0.989666 0.284457 0.816443 0.247556 0.900432 0.714170 1.071134 0.392181 0.812779 0.138154 0.519220
0.124927 1.027775 0.223507 0.849769 0.188663 0.880136 0.698126 0.999890 0.351443 0.861527 0.178894 0.452658
0.154046 0.944585 0.248173 0.884307 0.137985 0.887815 0.706085 0.954130 0.371296 0.954552 0.198075 0.451981
0.078966 0.919873 0.179406 0.807841 0.246119 0.848081 0.828439 0.958035 0.309685 0.936376 0.160313 0.393457
0.136953 0.966431 0.267531 0.897810 0.154531 0.797529 0.740771 0.958249 0.364258 0.912655 0.188950 0.558268
0.128754 1.009692 0.165913 0.731354 0.153828 0.909183 0.734052 0.995467 0.335675 0.844880 0.208064 0.505222
0.104347 1.049109 0.273992 0.782371 0.154390 0.812690 0.803995 0.903761 0.333125 0.845549 0.153772 0.478618
0.078486 0.938679 0.253807 0.856510 0.106675 0.920701 0.773832 0.878335 0.362625 0.889737 0.168814 0.547881
0.032097 1.016449 0.267816 0.745498 0.060670 0.903279 0.799717 0.966379 0.378050 0.870467 0.200699 0.525595
0.084467 0.915236 0.218731 0.810080 0.092424 0.918389 0.749198 0.931273 0.298101 0.838812 0.171251 0.559253
0.045807 0.925403 0.138750 0.925088 0.070994 0.915146 0.718346 1.044555 0.359893 0.929557 0.171104 0.568197
-0.000386 1.003588 0.215046 0.842470 0.051100 0.852563 0.695314 0.952904 0.342528 0.905997 0.220160 0.516489
0.034902 1.029825 0.195403 0.785772 0.133369 0.854046 0.814567 0.904683 0.241059 0.901470 0.166250 0.570152
0.050221 0.967350 0.241476 0.790327 0.040856 0.857012 0.787268 0.982927 0.456818 0.920432 0.209577 0.505199
-0.053082 0.883011 0.125910 0.915368 0.131143 0.864742 0.687972 1.025609 0.397280 0.940139 0.249824 0.529546
0.038470 0.938736 0.294197 0.917885 0.098900 0.845794 0.775383 0.966004 0.412420 0.813070 0.150205 0.511219
0.002863 0.948670 0.161567 0.804047 0.135550 0.845352 0.768257 0.946464 0.318790 0.876350 0.126655 0.427769
0.058791 1.008471 0.289589 0.888911 0.087819 0.929604 0.735740 0.850402 0.335481 0.861480 0.153276 0.455706
0.028229 0.972670 0.196667 0.775603 0.121887 0.840858 0.715735 0.921141 0.419566 0.867737 0.163073 0.435551
0.020339 0.912836 0.363328 0.875156 0.191169 0.787525 0.774504 0.930613 0.313387 0.904031 0.266268 0.558304
0.060369 1.055243 0.225772 0.831960 0.206660 0.844353 0.765737 0.898070 0.421523 0.860462 0.177002 0.515716
0.052606 0.983275 0.198527 0.819110 0.157768 0.876052 0.722849 0.989706 0.335901 0.932162 0.142720 0.500972
0.080266 0.993474 0.202291 0.782084 0.058120 0.884781 0.780321 0.990467 0.349581 0.933764 0.206773 0.501577
0.084688 1.029141 0.183422 0.772153 0.162462 0.834834 0.803306 0.935492 0.344384 0.920437 0.150670 0.594645
0.050494 1.006039 0.192736 0.797685 0.154965 0.881017 0.795631 0.849275 0.299422 0.909256 0.209466 0.481684
-0.019903 0.963667 0.232268 0.757176 0.241697 0.886665 0.684668 0.954519 0.335762 0.759760 0.154276 0.550821
-0.014671 1.073150 0.259011 0.725203 0.170401 0.955685 0.766586 0.901067 0.383443 0.812256 0.138003 0.647745
0.019238 1.054699 0.203192 0.798270 0.124266 0.857265 0.751532 0.979317 0.323421 0.893989 0.222365 0.514059
0.045010 0.966824 0.279087 0.746589 0.008809 0.903361 0.788014 0.916586 0.315487 0.896269 0.230215 0.432286
0.048019 0.927102 0.303231 0.841479 0.111246 0.830653 0.701627 0.957725 0.330849 0.959901 0.152191 0.521814
0.032864 0.976492 0.173693 0.769871 0.115033 0.948586 0.750750 0.950605 0.421846 0.988991 0.217711 0.533896
0.024302 1.065788 0.206071 0.821614 0.078659 0.977603 0.759419 0.923117 0.265408 0.851466 0.142555 0.520708
0.001310 0.959117 0.277688 0.848606 0.166437 0.874054 0.667008 0.984093 0.324809 0.833478 0.157986 0.503337
0.005276 1.004998 0.247462 0.779985 0.101248 0.885037 0.747397 0.907869 0.329675 0.895434 0.193858 0.606616
0.164387 1.104124 0.333399 0.851011 0.048657 0.974672 0.779395 0.954533 0.358025 0.881166 0.178247 0.505867
-0.005475 0.943763 0.185163 0.830976 0.133308 0.810763 0.780941 0.921858 0.301720 0.924469 0.173638 0.562832
0.043666 0.976090 0.158503 0.878121 0.263616 0.870660 0.745944 1.006281 0.410884 0.820466 0.183020 0.504639
0.009033 1.057850 0.256537 0.735084 0.211418 0.844950 0.753050 0.991620 0.417193 0.868505 0.077823 0.486493
0.025249 0.995505 0.266039 0.821075 0.121907 0.889014 0.663517 0.892214 0.270600 0.814365 0.240449 0.458603
0.070894 1.027053 0.158943 0.788808 0.202379 1.006596 0.716598 0.985040 0.286579 0.840037 0.093771 0.527547
-0.032575 1.034515 0.159189 0.775853 0.135117 0.884659 0.717900 0.998171 0.408894 0.828544 0.220723 0.595873
0.041401 0.935841 0.279853 0.785582 0.105092 0.914756 0.683967 0.911852 0.391942 0.863751 0.152692 0.554565
-0.049794 0.983839 0.261191 0.729144 0.207452 0.904635 0.663404 0.913415 0.316497 1.043982 0.158665 0.546956
0.092956 1.007519 0.175643 0.756617 0.178079 0.813709 0.720468 1.015396 0.356731 0.864234 0.156885 0.480103
0.047837 0.918055 0.223779 0.825226 0.065554 0.929843 0.785117 0.888106 0.374741 0.893894 0.157435 0.478083
0.066772 0.886718 0.233417 0.820913 0.086846 0.814674 0.655935 0.925492 0.288561 0.962259 0.197292 0.565495
0.045546 1.020019 0.311065 0.707202 0.210459 0.829749 0.714984 0.935820 0.304805 0.887252 0.138040 0.442766
-0.035745 0.960200 0.316634 0.845119 0.079078 0.973515 0.709975 0.985534 0.308253 1.024809 0.253451 0.454307
0.087575 0.940373 0.267186 0.810244 0.135982 0.776297 0.746539 0.873163 0.414428 0.949645 0.161454 0.437106
-0.043348 1.078596 0.199656 0.774362 0.174352 0.834883 0.847332 0.970009 0.477761 0.833943 0.176672 0.503197
0.161332 1.006254 0.232068 0.824067 0.121215 0.889848 0.752518 0.942128 0.330729 0.897521 0.203299 0.434429
0.029007 0.877231 0.207657 0.835453 0.109423 0.960550 0.733993 0.998776 0.313676 0.956687 0.154115 0.449225
0.070126 0.971921 0.305139 0.854558 0.132097 0.934169 0.780705 0.924935 0.323892 0.979617 0.107603 0.510828
-0.008379 0.927374 0.182326 0.719873 0.081878 0.871596 0.794435 0.963857 0.386182 0.897311 0.123024 0.598155
0.044884 1.016997 0.258045 0.818590 0.120881 0.897395 0.784362 1.054337 0.364484 0.816823 0.253031 0.549958
0.039934 1.007764 0.273236 0.785429 0.167200 0.899536 0.765541 0.911839 0.385303 0.934281 0.174332 0.577782
0.024343 1.031084 0.192298 0.825481 0.122773 0.948693 0.783450 1.033957 0.363406 0.915816 0.169125 0.517062
-0.074250 1.014041 0.257052 0.825608 0.107020 0.822424 0.712148 0.926899 0.320023 0.886464 0.133559 0.476827
0.086938 0.832364 0.295868 0.865143 0.086633 0.934175 0.690521 0.966669 0.308712 0.822869 0.141954 0.554308
0.113754 1.059593 0.290621 0.697620 0.113892 0.817025 0.720267 1.001213 0.308906 0.903972 0.144323 0.649016
0.050514 1.020125 0.237208 0.730294 0.156280 0.821332 0.681918 0.938782 0.415629 0.850054 0.179515 0.383837
-0.046901 1.000638 0.291968 0.676865 0.104182 0.783879 0.710112 1.019689 0.285267 0.900001 0.204092 0.511772
0.057341 1.094593 0.309844 0.769807 0.115522 0.947460 0.681724 1.017230 0.353295 0.883504 0.108897 0.541183
0.076260 1.021941 0.190434 0.817265 0.169195 0.943922 0.701096 0.956940 0.358138 0.888488 0.280099 0.577702
-0.005095 1.013960 0.329304 0.875076 0.090720 0.849947 0.718537 0.947324 0.323525 0.962364 0.195757 0.526104
0.094066 0.985766 0.265300 0.852178 0.012344 0.934415 0.766203 1.031694 0.327620 0.772717 0.206068 0.539674
0.017549 1.023604 0.247913 0.733246 0.098136 0.865437 0.646692 0.944655 0.338013 0.866997 0.218763 0.574333
0.058357 0.968749 0.258384 0.835920 0.153714 0.909505 0.756464 1.041666 0.299809 0.784393 0.141197 0.539809
0.070037 0.867087 0.260233 0.877516 0.178261 0.907524 0.738295 0.937303 0.362554 0.919793 0.205586 0.405103
-0.040570 0.937706 0.149469 0.876756 0.125154 0.914088 0.712547 0.979253 0.326598 0.932423 0.145206 0.553677
0.057601 0.936817 0.240675 0.868455 0.146129 0.867171 0.791715 0.986201 0.299177 0.855104 0.115741 0.465258
0.126312 0.996066 0.299445 0.734121 0.105596 0.893135 0.779075 0.949159 0.368113 0.839858 0.180529 0.539021
0.058269 1.042092 0.313942 0.747281 0.043083 0.815687 0.781540 0.948598 0.335967 0.966770 0.152775 0.513681
0.036782 0.946286 0.287690 0.867368 0.211190 0.961744 0.728538 0.952884 0.400585 0.891993 0.194676 0.432936
0.065729 1.049326 0.242686 0.850192 0.184365 0.871212 0.688692 1.046612 0.347837 0.920519 0.121434 0.539283
0.047683 0.980811 0.246951 0.795093 0.144436 0.909112 0.771574 0.872648 0.321969 0.858860 0.220649 0.504101
0.036139 0.972139 0.242762 0.839141 0.162366 0.884165 0.723672 0.980979 0.341742 0.868726 0.156514 0.569352
0.034321 0.927592 0.287246 0.766271 0.001838 0.841859 0.719060 0.984161 0.329343 0.868450 0.176147 0.482538
0.124368 0.973687 0.309137 0.788278 0.035776 0.943814 0.703351 0.971808 0.230728 0.871590 0.126826 0.428532
-0.000406 0.973392 0.238262 0.735044 0.155930 0.782933 0.770546 0.912342 0.324572 0.842575 0.157944 0.484866
0.116230 0.930606 0.237667 0.764348 0.116980 0.891366 0.731302 0.939963 0.388460 0.904119 0.116335 0.539114
0.028916 0.952888 0.253457 0.843305 0.059380 0.915080 0.740397 0.899391 0.327497 0.943494 0.173474 0.543802
-0.020426 0.941682 0.265660 0.774092 0.116858 0.925680 0.741310 0.964078 0.382399 0.879569 0.208829 0.501322
0.083371 1.014893 0.209620 0.930010 0.109718 0.913596 0.760144 0.929681 0.214308 0.923261 0.158596 0.474240
0.070010 0.944808 0.313307 0.813011 0.084480 0.953103 0.764366 0.942382 0.386534 0.947610 0.195132 0.514750
-0.040982 0.973725 0.181760 0.769361 0.225590 0.887500 0.706842 0.983159 0.305409 0.837524 0.099614 0.464583
-0.010403 0.961022 0.308983 0.925743 0.134617 0.872758 0.783668 0.987278 0.386524 0.916860 0.155650 0.556973
0.132802 1.029153 0.258375 0.740449 0.167037 0.856761 0.777397 0.940639 0.425494 0.883289 0.193708 0.536991
0.060119 0.975225 0.208014 0.805033 0.225013 0.848497 0.773803 0.987420 0.382425 0.867733 0.144109 0.520339
0.048735 0.971144 0.255923 0.794596 0.124042 0.881242 0.662760 1.038386 0.268589 0.881474 0.216986 0.478513
0.057203 1.002496 0.230523 0.674446 0.205580 0.867475 0.687368 0.952719 0.423742 0.844297 0.191886 0.506209
0.018482 0.921364 0.235924 0.808142 0.156627 0.884830 0.836747 1.082346 0.378714 0.889818 0.151900 0.585734
0.046655 0.899678 0.207278 0.795050 0.174397 0.838777 0.784729 0.957751 0.355846 0.833427 0.134930 0.534959
0.007561 1.031619 0.212033 0.806996 0.124558 0.881223 0.802994 0.968343 0.363483 0.864097 0.082419 0.516819
0.023554 1.019638 0.293099 0.795168 0.096852 0.833692 0.669640 0.904744 0.341902 0.919055 0.198263 0.457915
0.078814 1.000835 0.302339 0.788421 0.200603 0.820570 0.691828 1.003389 0.317793 0.923695 0.108411 0.532375
0.039718 0.932918 0.326911 0.786627 0.129770 0.928124 0.701744 0.891523 0.329374 0.918667 0.180792 0.539140
0.000682 1.067106 0.232422 0.793547 0.126910 0.884232 0.620795 0.995167 0.371773 0.887448 0.183661 0.443094
0.068855 0.970907 0.280027 0.855758 0.111105 0.906724 0.741786 0.988746 0.286129 0.954283 0.208822 0.502774
0.056976 0.956475 0.275983 0.845560 0.119183 0.851401 0.764472 1.045640 0.345794 0.835251 0.232385 0.555303
0.018213 0.989791 0.260845 0.930119 0.044459 0.785863 0.659995 0.971056 0.337598 0.922986 0.118640 0.504050
0.122277 0.948629 0.218001 0.802803 0.119044 0.928127 0.815028 0.888721 0.281155 0.954667 0.180263 0.459203
0.132245 1.034199 0.213017 0.819194 0.150582 0.928824 0.761535 0.917214 0.445234 0.910712 0.155129 0.541247
0.018722 1.002271 0.250207 0.780086 0.063176 0.890578 0.758490 0.976465 0.503468 0.894764 0.256522 0.524327
0.083474 1.072478 0.234453 0.643993 0.095061 0.843782 0.663235 0.940167 0.378651 0.949705 0.131502 0.486819
0.187373 0.929759 0.173031 0.738886 0.246573 0.795079 0.719180 0.969170 0.351212 0.936530 0.303940 0.433168
0.117120 0.244025 0.149964 0.377887 0.668749 0.872512 0.194703 0.418142 0.054896 0.684998 0.716225 0.195525
0.150658 0.314526 0.183366 0.376941 0.638120 0.932369 0.091413 0.459752 0.061238 0.790760 0.621355 0.059934
0.134254 0.229780 0.108969 0.393538 0.677511 0.866889 0.226527 0.463572 -0.039461 0.697841 0.654350 0.059844
0.025138 0.252566 0.165368 0.421502 0.670616 0.895675 0.176147 0.434148 0.039192 0.771118 0.687621 0.080876
0.034499 0.319358 0.074853 0.466086 0.724565 0.826873 0.175076 0.457685 0.021316 0.791143 0.587128 -0.002106
0.106042 0.282659 0.144172 0.335888 0.662201 0.927929 0.195666 0.540119 0.031596 0.753184 0.588347 0.058172
0.107320 0.374468 0.143093 0.312628 0.706077 0.827723 0.166912 0.444021 0.044309 0.767433 0.582378 0.071831
0.102052 0.377242 0.154800 0.429749 0.655523 0.891361 0.136143 0.403700 0.051318 0.748316 0.663834 0.055221
0.104292 0.366184 0.147680 0.362467 0.627315 0.829637 0.107308 0.519770 0.113523 0.709838 0.644009 0.159225
0.088642 0.243858 0.137161 0.353043 0.612690 0.886157 0.084660 0.449520 0.018016 0.776208 0.721487 0.063605
0.042040 0.192945 0.196400 0.364698 0.611545 0.843862 0.197685 0.503750 0.067971 0.720325 0.728980 0.076096
0.045450 0.292041 0.100391 0.344741 0.753129 0.857601 0.053856 0.440228 0.107833 0.752511 0.644563 0.032256
0.095159 0.326609 0.153232 0.374484 0.666945 0.873960 0.179898 0.440797 0.001061 0.713737 0.696035 0.015840
0.084028 0.295130 0.141032 0.305450 0.717292 0.863200 0.175240 0.439177 0.079628 0.713825 0.613501 0.116195
0.070717 0.382163 0.127964 0.325455 0.641196 0.832674 0.244443 0.453743 0.013624 0.809537 0.730457 0.049246
0.021255 0.301147 0.191235 0.413597 0.646259 0.884594 0.225589 0.484483 0.066228 0.818949 0.588922 0.057642
0.078835 0.371294 0.036018 0.416353 0.678244 0.878712 0.186347 0.371530 -0.022507 0.856530 0.659800 0.084425
0.092593 0.358432 0.171678 0.428274 0.621619 0.774567 0.166315 0.444781 0.054108 0.781173 0.624104 0.151393
0.104470 0.242872 0.175249 0.290944 0.703995 0.898679 0.237360 0.390885 -0.018304 0.752014 0.583015 0.088050
0.142011 0.296663 0.132398 0.425806 0.645818 0.928972 0.188847 0.439655 0.002219 0.874195 0.711647 0.119589
0.049858 0.256877 0.083352 0.353707 0.683511 0.858607 0.119767 0.493408 0.060032 0.801024 0.546284 0.083141
0.064873 0.302628 0.071547 0.275974 0.700119 0.855528 0.260834 0.478292 0.076373 0.726179 0.767176 0.065650
0.140077 0.312639 0.084251 0.332605 0.717410 0.806792 0.254407 0.430777 0.008441 0.816629 0.751855 0.022133
0.067836 0.284051 0.105465 0.363291 0.710844 0.808471 0.060982 0.489034 -0.002720 0.795382 0.686625 0.061410
0.009597 0.232738 0.109124 0.339878 0.732511 0.802664 0.190461 0.506023 0.054707 0.763968 0.642144 0.008912
0.080600 0.350705 0.100859 0.422943 0.677898 0.886586 0.174992 0.435760 0.016498 0.898270 0.578340 0.131068
0.037172 0.267236 0.159504 0.412132 0.676335 0.909272 0.187905 0.489067 0.000707 0.903180 0.671748 0.033342
0.127296 0.355996 0.034964 0.419035 0.588705 0.924001 0.175186 0.419545 0.081724 0.757419 0.600445 0.082878
0.090037 0.365039 0.110755 0.360899 0.644925 0.780978 0.229673 0.419065 0.070694 0.796883 0.667839 0.029062
0.096867 0.238054 0.140277 0.366655 0.630023 0.831602 0.094977 0.473661 0.006667 0.697580 0.642587 -0.003971
0.091856 0.315803 0.129656 0.384148 0.668844 0.881776 0.188177 0.439768 0.059967 0.836649 0.679317 0.116972
0.056286 0.198033 0.140595 0.299105 0.656116 0.895732 0.227042 0.544880 0.131686 0.724412 0.565683 0.088297
0.045466 0.285933 0.061693 0.356188 0.769016 0.838918 0.098608 0.490233 0.116243 0.767271 0.603402 0.221767
0.109035 0.310024 0.101296 0.290597 0.675079 0.885867 0.167400 0.497026 0.048070 0.832390 0.603416 0.074686
0.148835 0.242991 0.159464 0.367285 0.647305 0.916578 0.223629 0.477101 0.065719 0.788021 0.640662 0.044771
0.067448 0.327530 0.137308 0.343507 0.697749 0.861943 0.256333 0.464484 0.072530 0.727650 0.589759 0.065820
-0.006151 0.379110 0.171964 0.428334 0.705316 0.913933 0.196043 0.454021 0.071134 0.808728 0.582218 0.200179
0.105212 0.253530 0.146681 0.291731 0.734812 0.888173 0.166491 0.439714 0.016938 0.764949 0.592682 0.144218
0.133862 0.276000 0.131391 0.451527 0.672023 0.968407 0.099675 0.457716 -0.024516 0.776966 0.666560 -0.003156
0.079605 0.233454 0.067797 0.285463 0.671788 0.916295 0.153189 0.491293 0.034180 0.695433 0.633491 0.053224
0.053003 0.235803 0.122015 0.396338 0.767268 0.939451 0.163572 0.465725 -0.027777 0.767249 0.685112 0.118327
0.113903 0.224635 0.109866 0.345043 0.688380 0.848882 0.271087 0.510938 0.053159 0.859494 0.648212 0.120636
0.019592 0.302690 0.143841 0.323654 0.669848 0.833892 0.196964 0.338907 -0.025753 0.717857 0.666316 0.017219
0.076193 0.374328 0.155013 0.358107 0.606630 0.968340 0.226601 0.463107 -0.036590 0.802404 0.606880 0.095683
0.040850 0.224143 0.143599 0.344915 0.661124 0.917270 0.234119 0.452159 0.023728 0.682422 0.577052 0.141244
0.124826 0.344549 0.148368 0.396425 0.665643 0.892629 0.090829 0.483585 -0.003081 0.815522 0.640709 0.123912
0.041545 0.264539 0.111170 0.340827 0.714525 0.810077 0.152643 0.400842 0.082363 0.735215 0.647511 0.126291
0.117981 0.201417 0.107876 0.348126 0.716075 0.967510 0.173984 0.517737 0.079047 0.598946 0.775756 0.102142
0.001751 0.336621 0.132175 0.372860 0.640868 0.893545 0.261970 0.455737 0.132811 0.811548 0.728196 0.073510
0.070993 0.302675 0.145933 0.236842 0.742326 0.829918 0.160842 0.459996 -0.012681 0.926681 0.615084 0.154111
0.205178 0.415374 0.137927 0.262667 0.767774 0.906442 0.167553 0.400980 0.095780 0.860410 0.638775 0.105911
0.050684 0.286792 0.206518 0.433927 0.648641 0.798037 0.243578 0.470749 0.016402 0.719487 0.713907 0.087941
0.079604 0.264136 0.165699 0.337965 0.680656 0.855750 0.183251 0.594137 -0.001832 0.783373 0.658897 0.085672
0.001783 0.271602 0.141371 0.369207 0.699026 0.738516 0.190499 0.351743 -0.007095 0.873001 0.617580 0.079050
0.138618 0.315381 0.190577 0.293633 0.585308 0.936415 0.087608 0.499167 0.105115 0.781181 0.689842 0.084411
0.170310 0.276356 0.161023 0.380603 0.633638 0.930841 0.170988 0.555588 0.124018 0.814036 0.646300 0.100877
0.019275 0.455795 0.129125 0.351599 0.676324 0.943985 0.205431 0.436024 0.164040 0.810912 0.749964 0.160597
0.021301 0.276463 0.138512 0.351501 0.759092 0.848883 0.237844 0.452879 0.063236 0.758451 0.622711 0.012632
0.079148 0.268700 0.137049 0.286550 0.703521 0.801324 0.078444 0.505352 0.039336 0.793606 0.687799 0.058434
0.145883 0.291810 0.092464 0.334173 0.717420 0.808906 0.183452 0.418905 0.128757 0.866104 0.647240 -0.004256
0.051262 0.264972 0.142845 0.406164 0.691204 0.932079 0.102338 0.519747 -0.054111 0.861581 0.610560 0.160550
0.028168 0.257031 0.106007 0.391385 0.745840 0.756989 0.201008 0.506294 0.124783 0.818775 0.707556 0.197114
-0.013903 0.329267 0.119669 0.354295 0.628407 0.927158 0.242442 0.477440 0.081068 0.812067 0.688197 0.138402
0.068170 0.360293 0.146778 0.270644 0.688414 0.838462 0.190017 0.362875 -0.017100 0.807533 0.656735 0.054385
0.024568 0.325287 0.175968 0.305711 0.722413 0.882671 0.260447 0.473325 0.067595 0.685440 0.667122 0.093469
0.003612 0.255676 0.190778 0.311914 0.675067 0.892428 0.148993 0.417031 0.083199 0.763862 0.603801 0.135712
0.116548 0.303231 0.120213 0.409935 0.676019 0.826140 0.207365 0.458964 0.099154 0.838187 0.649603 -0.000818
0.109292 0.302661 0.072034 0.388253 0.704735 0.853615 0.156054 0.501030 0.104492 0.802950 0.587588 0.056812
0.012300 0.184028 0.030533 0.386304 0.690093 0.897325 0.160835 0.451472 0.099573 0.770606 0.617013 0.124432
0.020527 0.234654 0.054467 0.351280 0.772946 0.953029 0.153564 0.485294 0.033866 0.765431 0.631012 0.114483
0.011899 0.281795 0.117390 0.392994 0.695586 0.964543 0.230293 0.449098 0.094165 0.823952 0.609107 0.081302
0.129813 0.313926 0.101078 0.432727 0.742554 0.874344 0.186138 0.439603 0.018457 0.823911 0.629921 0.024506
0.149398 0.286304 0.079912 0.394852 0.708108 0.912213 0.141282 0.481945 0.024677 0.828850 0.673757 0.063339
0.175766 0.386573 0.144470 0.423610 0.550331 0.820689 0.166815 0.465710 0.075834 0.715551 0.571501 0.023197
0.010044 0.418950 0.215937 0.259167 0.691088 0.904631 0.219102 0.539342 -0.010005 0.837787 0.597229 0.020715
0.091902 0.321886 0.121102 0.364944 0.765341 0.927160 0.129052 0.469950 -0.000959 0.748889 0.602258 0.023972
0.077565 0.318825 0.143233 0.352452 0.694797 0.837064 0.266245 0.524864 -0.014488 0.786414 0.700441 0.040128
0.074190 0.261967 0.080419 0.187954 0.622055 0.873889 0.188404 0.496401 -0.018773 0.685453 0.619438 -0.012870
0.068608 0.264326 0.140677 0.302508 0.620905 0.889463 0.173015 0.494718 0.065289 0.799312 0.619875 0.025887
0.090848 0.219214 0.081921 0.326357 0.586507 0.820096 0.220994 0.555199 0.126283 0.888905 0.670445 -0.015430
0.047346 0.317598 0.161321 0.406976 0.692490 0.856775 0.215232 0.458843 0.090728 0.741100 0.638608 0.133689
0.004949 0.329603 0.008551 0.305577 0.675965 0.801136 0.191216 0.546425 0.012549 0.745984 0.646608 0.067334
0.139504 0.346669 0.150243 0.352631 0.717178 0.834311 0.227525 0.415907 0.098487 0.795172 0.632954 -0.008215
-0.046676 0.288433 0.185835 0.404903 0.747067 0.815205 0.192398 0.388371 -0.007595 0.739744 0.600922 0.087345
0.195710 0.241799 0.146328 0.418560 0.726636 0.871839 0.215948 0.454813 0.049835 0.704573 0.617965 0.042078
0.173566 0.135385 0.096910 0.449365 0.691593 0.901782 0.207407 0.496163 0.119582 0.733727 0.618023 0.029298
0.083792 0.279273 0.288778 0.268696 0.663207 0.862538 0.146496 0.461002 0.014642 0.776044 0.742888 0.119997
0.109452 0.186789 0.133910 0.314182 0.735045 0.829590 0.163142 0.498640 0.051710 0.709456 0.566925 0.097247
0.141361 0.332412 0.204324 0.380357 0.617794 0.856004 0.084981 0.488063 0.043330 0.706587 0.627147 0.045510
0.017157 0.339040 0.118757 0.327532 0.687369 0.852608 0.246794 0.496147 0.109430 0.764269 0.668378 0.024821
0.032824 0.232476 0.115710 0.386737 0.770048 0.875371 0.204068 0.380385 0.015075 0.781264 0.636619 0.088591
0.039801 0.271988 0.146568 0.382637 0.678280 0.847649 0.195496 0.493021 0.046108 0.726180 0.550339 0.026949
0.089816 0.388057 0.185565 0.377853 0.845446 0.893728 0.245992 0.455336 0.074797 0.767466 0.699927 0.095166
0.112856 0.263966 0.124605 0.326207 0.710848 0.852435 0.145791 0.468806 0.013227 0.660755 0.614920 0.074285
0.070714 0.339413 0.156490 0.359301 0.713035 0.888898 0.246592 0.530801 0.002037 0.721114 0.635429 0.066356
0.046157 0.277933 0.064621 0.442667 0.658481 0.803589 0.166109 0.405358 0.088482 0.762798 0.636538 0.058365
0.106603 0.210530 0.120521 0.303262 0.738582 0.887086 0.254160 0.458668 -0.018042 0.787567 0.652589 0.091329
0.129374 0.332009 0.119123 0.348128 0.779435 0.925283 0.203091 0.490058 0.003822 0.773011 0.612946 0.013937
0.098612 0.201489 0.133889 0.401478 0.664195 0.896237 0.115526 0.415899 0.083113 0.736682 0.677025 0.068271
0.068293 0.316958 0.156132 0.352605 0.683218 0.904647 0.194726 0.472698 0.051546 0.705638 0.591631 0.139335
0.129385 0.349072 0.102486 0.401591 0.690216 0.854998 0.286678 0.495686 -0.021052 0.771456 0.643992 0.076704
0.044331 0.214650 0.189511 0.337995 0.596862 0.982175 0.191908 0.465105 0.071299 0.686063 0.611005 0.113163
0.047892 0.310085 0.092807 0.351259 0.638698 0.906355 0.186498 0.458785 -0.048916 0.781052 0.535024 0.045434
0.034143 0.268170 0.127464 0.397726 0.560752 0.870966 0.177343 0.422968 -0.053950 0.764203 0.642836 0.066304
0.160240 0.327328 0.152202 0.429651 0.640782 0.878714 0.164373 0.485828 0.134697 0.773955 0.686599 -0.022785
0.001501 0.253526 0.159194 0.406332 0.733374 0.814897 0.211458 0.454239 0.057721 0.788229 0.623827 0.010890
0.105919 0.342293 0.161811 0.429519 0.701085 0.835458 0.301795 0.446076 0.069903 0.780158 0.685508 0.069361
0.086992 0.198363 0.113637 0.406728 0.674449 0.946915 0.139977 0.491327 0.127637 0.740769 0.632689 0.078229
0.058047 0.276737 0.068294 0.264879 0.621645 0.824087 0.153203 0.429486 0.021883 0.727685 0.534295 0.061609
-0.043786 0.283243 0.203247 0.346768 0.754190 0.875794 0.201613 0.509096 0.099268 0.852492 0.607573 0.091261
0.086279 0.286466 0.104369 0.378237 0.615909 0.904092 0.129298 0.436190 0.010615 0.779541 0.685243 0.069735
0.212848 0.389483 0.200633 0.312380 0.660644 0.970649 0.160866 0.440141 0.030297 0.702427 0.697462 -0.011025
0.051880 0.283375 0.111919 0.255155 0.690360 0.870617 0.194752 0.473743 0.024270 0.745506 0.623489 -0.020083
-0.014677 0.327317 0.155353 0.399961 0.696423 0.807660 0.151699 0.431311 0.027075 0.820416 0.592807 -0.004165
0.111593 0.234749 0.059741 0.302160 0.683228 0.920331 0.229004 0.473336 -0.024524 0.808885 0.647768 0.093391
0.169907 0.234043 0.112706 0.363191 0.729484 0.845333 0.211613 0.473255 0.016685 0.693592 0.684856 0.051592
0.053923 0.220248 0.116198 0.313546 0.653150 0.871216 0.248483 0.457152 0.062026 0.735911 0.644225 0.060014
0.083875 0.417093 0.059655 0.367595 0.663879 0.877722 0.096865 0.473624 -0.047429 0.700141 0.616801 -0.013660
0.082702 0.325207 0.116899 0.214916 0.669779 0.892585 0.122467 0.425565 0.066102 0.833953 0.633262 0.128043
0.126522 0.240233 0.060017 0.298055 0.677669 0.890923 0.230534 0.476852 0.021918 0.777225 0.649749 0.065837
0.091419 0.348215 0.170285 0.305994 0.648420 0.816798 0.094765 0.454549 -0.023287 0.798641 0.677778 0.082676
0.188240 0.346148 0.100278 0.293310 0.702444 0.920001 0.251321 0.458756 -0.005995 0.746793 0.647141 0.010323
0.089575 0.343774 0.073172 0.390626 0.625756 0.918642 0.173622 0.500592 0.005253 0.709385 0.603457 0.080424
0.112933 0.307753 0.056347 0.452427 0.661346 0.860947 0.233376 0.356229 0.036600 0.838930 0.723241 0.140740
0.070572 0.296432 0.184195 0.362041 0.588329 0.728711 0.109930 0.477986 0.070277 0.792080 0.663240 0.108103
0.115233 0.292780 0.138767 0.342895 0.621187 0.832771 0.193980 0.439441 0.045652 0.829388 0.600180 0.060445
0.102557 0.278746 0.143845 0.426613 0.656883 0.857410 0.195554 0.469087 0.017178 0.769673 0.696286 0.094253
0.044441 0.259889 0.173988 0.425048 0.626124 0.896793 0.204886 0.483835 0.059768 0.737912 0.677843 0.131055
0.102716 0.352498 0.178064 0.335357 0.659301 0.951091 0.198689 0.480283 0.052051 0.760558 0.617632 0.090044
0.122639 0.290556 0.088700 0.400350 0.666658 0.857402 0.163008 0.482599 0.009236 0.751176 0.576694 0.087948
0.085548 0.372286 0.122579 0.340907 0.654789 0.895515 0.159675 0.418360 0.022440 0.839808 0.589243 0.146684
0.142163 0.302750 0.164748 0.251272 0.629529 0.890184 0.160153 0.513571 0.015187 0.681627 0.613732 0.138585
0.104560 0.263440 0.089613 0.410142 0.577769 0.837465 0.230131 0.389314 0.027239 0.724309 0.598039 0.000613
0.060441 0.287516 0.147000 0.332516 0.643524 0.803538 0.118739 0.510020 -0.006715 0.734765 0.639631 0.024019
0.168149 0.277541 0.095574 0.404480 0.720865 0.787120 0.179560 0.410698 0.003756 0.795116 0.682205 0.086064
0.059341 0.330808 0.210472 0.341172 0.626869 0.896951 0.210538 0.455411 0.092981 0.759244 0.563162 0.079239
0.064374 0.299098 0.112943 0.454634 0.696426 0.779048 0.223990 0.465465 0.064174 0.751292 0.615688 0.049233
0.048022 0.338762 0.046749 0.310148 0.628018 0.926122 0.203646 0.443574 0.070882 0.818751 0.615848 0.138850
0.137781 0.329949 0.102036 0.325079 0.672615 0.866757 0.249522 0.416923 0.106999 0.758099 0.588487 -0.022197
0.156802 0.344897 0.134956 0.358128 0.636173 0.875417 0.185684 0.475720 0.081136 0.810139 0.594441 0.080025
0.042717 0.254185 0.162971 0.392343 0.680311 0.828608 0.131662 0.465909 0.002519 0.751606 0.603469 0.184670
0.087522 0.302875 0.164172 0.376455 0.639016 0.762565 0.120829 0.532168 0.083341 0.913837 0.672075 0.070627
0.120618 0.310113 0.199723 0.368173 0.654877 0.900136 0.135567 0.411883 0.105225 0.693132 0.713639 0.095314
0.031567 0.299151 0.088779 0.427712 0.706125 0.835416 0.180408 0.413442 0.024763 0.796675 0.678266 0.074032
0.190226 0.365531 0.173061 0.344270 0.650563 0.853046 0.124434 0.486773 -0.024409 0.776902 0.728165 0.044190
0.083104 0.373880 0.174857 0.402252 0.630033 0.875983 0.173976 0.475555 -0.001395 0.773395 0.593963 0.010583
0.086841 0.251476 0.129059 0.375230 0.744141 0.889430 0.229043 0.474287 -0.015834 0.780383 0.625289 0.051491
0.124286 0.255730 0.055948 0.380915 0.691158 0.923625 0.138547 0.510325 0.037917 0.720857 0.715055 0.086969
0.074811 0.320255 0.134631 0.339698 0.631548 1.009681 0.164886 0.389663 0.099089 0.810982 0.660568 0.136969
0.038468 0.335972 0.147355 0.311528 0.661782 0.833458 0.127993 0.561462 0.008239 0.667450 0.644655 0.073028
-0.005106 0.332128 0.013286 0.315070 0.724025 0.795786 0.182640 0.434987 0.003836 0.767667 0.651954 0.077104
-0.017681 0.378853 0.121289 0.393369 0.757781 0.830924 0.217788 0.564871 -0.049996 0.776663 0.568769 -0.028810
0.063018 0.236705 0.167050 0.382523 0.713996 0.848458 0.163147 0.489584 0.011437 0.659687 0.722540 0.131213
0.062746 0.300888 0.138886 0.502034 0.733133 0.892640 0.213220 0.356519 0.065715 0.738857 0.606063 0.074366
0.117820 0.281890 0.154126 0.414736 0.726931 0.824740 0.132839 0.408353 -0.013237 0.764131 0.639870 0.092488
0.035668 0.223099 0.223243 0.398887 0.667237 0.944349 0.226148 0.459784 0.025320 0.740496 0.649837 0.121828
0.140931 0.292485 0.198216 0.366309 0.757619 0.911639 0.189558 0.464447 0.076302 0.725063 0.647733 0.048990
0.136112 0.215343 0.129596 0.365705 0.669160 0.835434 0.174224 0.445552 0.076912 0.775181 0.586637 0.060310
0.088172 0.333587 0.079932 0.390252 0.607457 0.893125 0.097293 0.507175 0.058828 0.785085 0.713438 0.070874
0.030620 0.302609 0.106849 0.336676 0.660413 0.870384 0.228015 0.458315 -0.063576 0.743681 0.722754 0.139655
-0.049850 0.237717 0.156526 0.464511 0.716644 0.911353 0.246765 0.461495 -0.011451 0.769819 0.548810 0.140247
0.042891 0.362542 0.187202 0.333705 0.644409 0.846726 0.177677 0.521404 -0.033089 0.768368 0.635180 0.136346
0.047908 0.224012 0.196195 0.295513 0.663457 0.817440 0.184994 0.518908 0.066864 0.755371 0.615790 0.097110
0.072512 0.404605 0.128299 0.379304 0.808969 0.851084 0.252570 0.381248 -0.002259 0.834765 0.541495 -0.009640
0.044703 0.272437 0.196229 0.334065 0.726328 0.837623 0.223732 0.537561 0.037255 0.755402 0.643787 0.128157
0.076596 0.352142 0.192290 0.402798 0.638272 0.977849 0.118286 0.505234 0.099550 0.732188 0.653472 0.071233
0.126484 0.303733 0.218721 0.280025 0.591695 0.907164 0.131719 0.453321 0.030858 0.679724 0.590353 0.076282
0.057588 0.299406 0.131957 0.349212 0.612793 0.858358 0.106998 0.441548 0.017664 0.635564 0.681628 0.057005
0.093787 0.309292 0.150723 0.399912 0.641646 0.809389 0.227137 0.561253 0.051528 0.782875 0.618471 0.039123
0.099849 0.282506 0.117646 0.309950 0.626900 0.928257 0.132806 0.343400 0.016733 0.755069 0.709987 0.033930
0.139878 0.226701 0.170780 0.350476 0.653656 0.854220 0.217361 0.455642 0.061225 0.678950 0.664756 0.103524
0.085075 0.282783 0.123858 0.347578 0.614783 0.924309 0.260999 0.444550 0.009802 0.780526 0.630998 0.119450
0.124595 0.314510 0.152213 0.352992 0.699260 0.897467 0.248175 0.472283 0.113666 0.739943 0.610921 -0.037546
0.084217 0.288425 0.216763 0.438788 0.680436 0.856090 0.194818 0.364618 -0.023206 0.811874 0.626698 0.060838
0.135299 0.263224 0.130725 0.325189 0.544525 0.795149 0.168581 0.535489 -0.035978 0.751583 0.566871 0.044332
0.071128 0.354497 0.048122 0.362398 0.630968 0.923303 0.188984 0.467379 0.080499 0.730215 0.637234 0.094701
0.058678 0.295467 0.096727 0.323565 0.680213 0.828447 0.189706 0.507211 0.036714 0.764593 0.619062 0.198548
0.090790 0.286894 0.196521 0.392217 0.631737 0.894372 0.109351 0.538730 0.145567 0.837169 0.573349 0.102565
0.024799 0.346886 0.135259 0.410580 0.662462 0.823744 0.149753 0.489179 -0.000497 0.811931 0.670874 0.070968
0.057306 0.278997 0.093736 0.358244 0.628116 1.032291 0.127147 0.503379 -0.051680 0.865104 0.566469 -0.004990
0.107116 0.310024 0.118977 0.456667 0.755750 0.952763 0.192223 0.427442 0.086843 0.693651 0.594249 0.148648
0.061671 0.319308 0.160529 0.324708 0.599538 0.798319 0.171092 0.433382 0.109087 0.686466 0.692734 -0.032871
0.002806 0.262306 0.152415 0.377837 0.861328 0.877094 0.208949 0.412701 0.020283 0.771421 0.666321 0.084064
0.041712 0.240260 0.129605 0.417007 0.645087 0.962502 0.195259 0.514419 -0.018037 0.831317 0.597155 0.096160
0.101311 0.366075 0.217756 0.412667 0.648723 0.895670 0.272700 0.417836 0.097160 0.692569 0.601761 0.028690
0.100723 0.286326 0.182098 0.388487 0.776027 0.783555 0.224536 0.538135 0.100269 0.732279 0.637231 0.037809
0.064981 0.258391 0.158187 0.384135 0.716968 0.795672 0.100012 0.467171 0.104354 0.792691 0.617659 0.065119
0.147483 0.285273 0.110622 0.310429 0.647814 0.881236 0.207333 0.480122 0.067181 0.752723 0.610366 0.080036
0.061083 0.359800 0.131843 0.403828 0.697330 0.908342 0.188888 0.398535 0.026748 0.763995 0.580422 -0.029320
0.052551 0.228747 0.178704 0.396469 0.612905 0.936103 0.287052 0.444881 0.025547 0.733052 0.548327 0.080697
0.124623 0.359533 0.142152 0.338820 0.635785 0.883880 0.197250 0.525697 0.045161 0.702310 0.558239 0.145838
0.079825 0.336374 0.073551 0.347000 0.659194 0.840868 0.152423 0.453267 0.044520 0.813823 0.659996 0.059165
0.056253 0.348076 0.092518 0.244397 0.627676 0.934517 0.216839 0.423225 0.055408 0.794029 0.612959 0.105965
0.053669 0.342933 0.071448 0.378871 0.680498 0.834024 0.140335 0.436677 0.077263 0.881947 0.688416 0.054746
0.046322 0.296861 0.143854 0.298025 0.724534 0.876935 0.228727 0.477440 0.009444 0.681380 0.605010 -0.000298
0.099704 0.263683 0.054505 0.294695 0.616162 0.824591 0.149356 0.512557 0.110753 0.838187 0.693077 -0.031548
0.085524 0.226475 0.163978 0.328408 0.691686 0.870964 0.251845 0.471818 -0.042227 0.791234 0.659073 0.058458
0.077351 0.337904 0.128308 0.381070 0.747743 0.899196 0.249589 0.461046 0.063008 0.724230 0.566336 0.031519
0.082142 0.266943 0.127383 0.323184 0.681548 0.849194 0.248878 0.476404 0.038664 0.840883 0.621761 0.010777
0.088406 0.260675 0.078027 0.344404 0.618772 0.900289 0.143225 0.419623 0.099473 0.749245 0.587245 0.003600
0.095503 0.252962 0.188317 0.317589 0.701069 0.913310 0.108450 0.520397 0.080595 0.763600 0.625884 0.071264
0.090923 0.295147 0.093707 0.410758 0.687180 0.907971 0.262089 0.487668 0.030957 0.812764 0.597907 -0.052409
0.079053 0.287754 0.231334 0.319058 0.699631 0.837773 0.209798 0.424639 0.091097 0.734666 0.674086 0.041986
-0.057863 0.229512 0.167329 0.439328 0.713841 0.825930 0.164738 0.447688 -0.040039 0.823951 0.589030 0.130242
0.071078 0.324149 0.180721 0.248407 0.676233 0.985433 0.226153 0.459366 0.046191 0.679549 0.596505 0.073555
0.045611 0.302527 0.126238 0.305031 0.622913 0.898614 0.191710 0.435499 0.031348 0.756381 0.625876 0.077435
0.082326 0.288676 0.175968 0.400848 0.655765 0.806839 0.167460 0.445848 -0.004683 0.733075 0.636900 0.053953
0.133650 0.326398 0.152715 0.304570 0.593282 0.867242 0.161539 0.411104 0.103601 0.800412 0.623542 0.013685
0.125548 0.352325 0.070390 0.409368 0.717096 0.830789 0.140727 0.466373 0.069896 0.797223 0.695149 0.069165
0.048339 0.315910 0.198550 0.394946 0.626485 0.885124 0.168129 0.441075 0.073312 0.776041 0.640939 0.095612
0.166615 0.264507 0.126752 0.368323 0.658775 0.775480 0.130542 0.497082 0.075743 0.812060 0.637357 0.097490
0.191177 0.359507 0.232446 0.293629 0.668057 0.862902 0.043696 0.436719 0.021640 0.745605 0.651395 0.088499
0.109480 0.235780 0.228096 0.367958 0.711171 0.867183 0.189863 0.408510 0.015166 0.694657 0.615905 0.092518
0.168369 0.251851 0.127505 0.369186 0.703685 0.928249 0.192144 0.398787 0.018863 0.750890 0.525778 0.007592
-0.000629 0.413848 0.144622 0.388137 0.734441 0.836642 0.137668 0.360508 0.084790 0.782098 0.600108 0.082385
0.065592 0.310500 0.207866 0.296081 0.656355 0.955049 0.168012 0.432486 -0.048671 0.737799 0.664005 -0.002633
0.138706 0.362529 0.111884 0.254470 0.682330 0.844955 0.236094 0.408378 0.090709 0.857416 0.676887 0.189950
0.081686 0.302374 0.115863 0.361962 0.722031 0.862038 0.249289 0.398509 -0.058512 0.852304 0.605500 0.102268
0.068663 0.251259 0.156379 0.270355 0.613271 0.848425 0.174805 0.385434 0.029149 0.836551 0.571035 0.082212
0.065321 0.312234 0.133405 0.413755 0.691708 0.769223 0.194662 0.483118 0.113419 0.756820 0.740479 0.014450
0.022785 0.339088 0.104205 0.415682 0.651550 0.894752 0.130259 0.474589 0.055086 0.797453 0.670754 0.114281
0.090294 0.323734 0.235296 0.392037 0.708562 0.873596 0.154183 0.328163 0.051416 0.743288 0.698118 0.144643
0.068543 0.286822 0.238336 0.350567 0.631425 0.777554 0.176862 0.499394 0.064042 0.821759 0.608992 0.111157
0.069703 0.286883 0.161487 0.298523 0.688481 0.873037 0.192174 0.387151 0.059852 0.839912 0.579326 -0.053190
-0.029555 0.305352 0.115337 0.356267 0.718086 0.867340 0.217473 0.391293 -0.015803 0.734661 0.642371 0.170930
0.026848 0.265235 0.181954 0.313272 0.733597 0.930758 0.159353 0.495572 0.017989 0.828412 0.716091 0.039288
0.131775 0.231701 0.136686 0.330905 0.699194 0.933324 0.178847 0.391559 0.111434 0.779328 0.662176 0.100633
-0.032856 0.269950 0.197502 0.301856 0.614769 0.945530 0.211630 0.450038 -0.023555 0.810520 0.631111 0.182040
0.095643 0.354115 0.136381 0.370357 0.642029 0.833352 0.089458 0.468031 0.092246 0.750276 0.701086 0.058059
0.040784 0.304417 0.072280 0.315506 0.686166 0.827334 0.241358 0.519491 0.142006 0.716978 0.598425 0.028343
-0.010405 0.321985 0.213775 0.431322 0.575854 0.927819 0.202355 0.495223 0.030401 0.814153 0.697220 0.054618
0.107954 0.333083 0.074806 0.379817 0.719323 0.861055 0.094387 0.415438 -0.027674 0.813047 0.623044 0.102381
0.071851 0.239542 0.122483 0.361221 0.674174 0.841295 0.160734 0.465312 -0.004545 0.686929 0.672084 -0.000282
0.099360 0.335411 0.108122 0.294146 0.754222 1.044281 0.153434 0.393202 0.054755 0.781796 0.646661 0.070294
0.037485 0.272041 0.029626 0.332690 0.520174 0.824359 0.204380 0.385305 0.067751 0.839863 0.598404 0.083884
0.123579 0.256116 0.121244 0.458392 0.677655 0.952222 0.099048 0.445552 0.112667 0.719213 0.620665 0.074231
0.039046 0.291822 0.170734 0.272613 0.688800 0.798385 0.239189 0.403037 0.042670 0.778667 0.705484 0.104215
0.027796 0.326166 0.118501 0.351807 0.663396 0.872210 0.241401 0.492583 0.127376 0.778775 0.573600 0.164012
0.062873 0.293351 0.207789 0.420392 0.626221 0.876080 0.165523 0.535629 -0.010531 0.842944 0.627865 0.094736
0.201540 0.339057 0.115269 0.397183 0.703601 0.890172 0.197055 0.446536 -0.020662 0.698819 0.550660 0.184903
0.159388 0.326423 0.145561 0.364331 0.752611 0.839698 0.189185 0.360078 0.055324 0.793873 0.637076 0.119987
0.046263 0.330814 0.057677 0.290693 0.642314 0.873951 0.236039 0.410849 -0.061054 0.783414 0.662211 0.093659
0.113711 0.246322 0.060837 0.413103 0.605975 0.741825 0.124237 0.534318 -0.011164 0.770863 0.716536 0.110280
0.127750 0.262938 0.134500 0.439033 0.681176 0.837858 0.092324 0.444471 -0.028149 0.871606 0.680861 0.061628
0.134993 0.258138 0.055392 0.274348 0.545331 0.838819 0.264481 0.487084 -0.009926 0.716421 0.614555 0.155650
0.100311 0.314850 0.211601 0.405598 0.721113 0.867042 0.083156 0.443614 0.001359 0.858727 0.623059 0.026228
0.103676 0.242594 0.054352 0.352492 0.684042 0.859030 0.241398 0.489730 -0.063196 0.782558 0.611667 -0.007987
0.106345 0.350735 0.116864 0.301657 0.651841 0.907602 0.262137 0.411338 0.038509 0.793981 0.648761 0.047277
0.080466 0.293634 0.132067 0.364751 0.659306 0.905047 0.112350 0.509144 0.064857 0.799904 0.698249 0.127792
0.144250 0.363343 0.051489 0.291869 0.718615 0.909931 0.126712 0.421085 0.073981 0.750805 0.731463 0.051565
0.282396 0.312195 0.170482 0.289265 0.675177 0.822249 0.117563 0.482088 0.009769 0.639061 0.710518 -0.017110
0.060415 0.295313 0.129775 0.401943 0.825728 0.902785 0.151190 0.462150 -0.041512 0.769842 0.616194 0.049186
0.046020 0.198901 0.167730 0.210204 0.717919 0.843038 0.188104 0.467190 0.020419 0.722530 0.580748 0.141306
0.073008 0.329489 0.198459 0.342444 0.624296 0.866108 0.164392 0.471763 0.056599 0.786171 0.674744 0.094312
0.133803 0.230497 0.140760 0.364398 0.635757 0.878983 0.133763 0.517974 -0.005724 0.771941 0.673238 0.067178
0.181609 0.299549 0.200323 0.397435 0.728474 0.802578 0.228318 0.516928 0.043580 0.840380 0.627417 0.127715
0.159455 0.371913 0.157461 0.393133 0.633609 0.881456 0.191327 0.584879 0.017383 0.737696 0.634524 0.170654
0.111306 0.248361 0.099318 0.319596 0.636155 0.953219 0.105366 0.408288 0.070218 0.790437 0.641468 0.179593
0.135937 0.248557 0.110736 0.403170 0.713588 0.898920 0.143799 0.430033 0.051323 0.801432 0.493118 0.090231
0.016166 0.248227 0.173854 0.333308 0.690973 0.857179 0.103508 0.393213 0.083130 0.705059 0.638444 0.111605
0.136380 0.311784 0.103987 0.453951 0.695923 0.796718 0.069932 0.486674 0.102647 0.676358 0.633525 0.078932
0.106751 0.284869 0.131151 0.338939 0.609921 0.803656 0.237044 0.504036 -0.027805 0.749859 0.675227 0.034128
0.000148 0.287954 0.208476 0.355616 0.729760 0.840960 0.133243 0.500388 -0.006343 0.821131 0.621763 0.016669
0.041159 0.365631 0.149199 0.275181 0.672753 0.835801 0.217132 0.438646 0.066211 0.775910 0.561616 0.086556
0.157098 0.231077 0.136624 0.284735 0.712107 0.917407 0.149903 0.430554 0.024331 0.784185 0.535554 0.099480
0.002450 0.228185 0.190462 0.358379 0.616893 0.903008 0.158168 0.416246 0.008196 0.731762 0.698290 0.111830
0.060761 0.251896 0.196420 0.339920 0.651153 0.901028 0.247463 0.535863 0.034734 0.866203 0.631677 0.071001
0.097215 0.334537 0.175833 0.359118 0.679287 0.851812 0.183593 0.493598 0.067776 0.840825 0.724338 0.142288
0.132324 0.257321 0.199507 0.344089 0.672105 0.897774 0.138407 0.481631 0.130991 0.704667 0.619592 0.113216
0.159451 0.355320 0.086571 0.278526 0.591039 0.810717 0.190708 0.480626 0.097169 0.721844 0.656075 0.026206
0.061820 0.324853 0.121613 0.362384 0.682312 0.898584 0.145474 0.490769 0.146702 0.773944 0.707002 0.046977
0.020550 0.302869 0.136198 0.395067 0.725348 0.824702 0.158438 0.513944 0.063939 0.706219 0.546737 0.098361
0.082079 0.370402 0.129284 0.396120 0.653329 0.928681 0.190704 0.509075 0.054960 0.711571 0.658152 0.056945
0.015021 0.242103 0.064947 0.214013 0.612040 0.825464 0.219497 0.537187 0.038613 0.711273 0.498950 0.075376
0.031347 0.327773 0.083893 0.402228 0.583047 0.802249 0.222913 0.437462 0.093287 0.806150 0.642003 0.124516
0.039670 0.315151 0.120760 0.411753 0.687332 0.887462 0.154991 0.361058 -0.020254 0.890055 0.644678 0.028051
0.128053 0.295799 0.175902 0.356838 0.659176 0.817054 0.214143 0.414628 0.152134 0.793186 0.569277 0.113151
0.055125 0.297062 0.155434 0.376737 0.702254 0.829292 0.164889 0.530234 0.061407 0.814229 0.597839 0.092106
0.099639 0.319769 0.086747 0.245443 0.644639 0.943655 0.216104 0.493098 0.080972 0.805185 0.583784 0.084581
0.070251 0.243971 0.108758 0.375385 0.711589 0.876248 0.152707 0.408753 -0.044807 0.753094 0.533562 0.109562
0.061061 0.290179 0.201701 0.345037 0.705154 0.836268 0.248201 0.429606 0.041238 0.776094 0.600787 -0.019548
0.019780 0.296869 0.116985 0.325069 0.693965 0.877811 0.192250 0.380250 0.071304 0.803794 0.664024 0.046293
0.144594 0.273693 0.076486 0.363133 0.647847 0.818029 0.208759 0.504879 -0.029971 0.792762 0.689376 0.007778
0.092352 0.210993 0.173300 0.391348 0.641811 0.822540 0.176608 0.462029 0.063339 0.797273 0.558646 0.093705
0.052682 0.251654 0.174430 0.400434 0.708995 0.950975 0.241721 0.559330 0.074693 0.806106 0.657486 0.059596
0.129125 0.281221 0.181684 0.368929 0.744395 0.863631 0.212250 0.444028 0.059795 0.729077 0.560918 0.155295
0.051189 0.328456 0.074533 0.405619 0.646337 0.942638 0.137004 0.437250 0.158697 0.871093 0.658350 0.104116
-0.009106 0.289523 0.028768 0.368398 0.646223 0.834558 0.196128 0.488409 0.033229 0.713013 0.716526 0.105594
0.123491 0.260043 0.194009 0.358716 0.764793 0.884297 0.182311 0.479326 0.023700 0.769971 0.639851 0.066399
0.035526 0.148351 0.109142 0.351772 0.669614 0.886062 0.155138 0.386835 0.015769 0.856192 0.675718 0.165053
0.127544 0.337523 0.214656 0.276754 0.537842 0.872683 0.174767 0.447036 0.045860 0.793658 0.613488 0.100716
0.167632 0.212781 0.187765 0.444810 0.681602 0.893183 0.141690 0.448979 -0.036477 0.848842 0.599889 0.042116
0.094250 0.279201 0.155240 0.381983 0.727907 0.882458 0.208815 0.566146 -0.013798 0.796486 0.712064 0.048206
-0.030973 0.354994 0.108052 0.331346 0.586457 0.860829 0.202005 0.492167 0.115062 0.815002 0.621271 -0.009722
0.002612 0.259012 0.204471 0.372015 0.609325 0.892163 0.202230 0.383883 0.006056 0.717607 0.650965 -0.074991
0.163014 0.266991 0.129047 0.426855 0.664971 0.884424 0.129086 0.498608 0.018333 0.752596 0.582591 0.115308
0.081665 0.225198 0.154334 0.375296 0.613273 0.910811 0.192586 0.424608 0.024704 0.807401 0.683846 0.082784
0.045824 0.165676 0.055969 0.466247 0.706927 0.873348 0.181968 0.487637 -0.003553 0.804532 0.649650 0.139851
0.035892 0.397074 0.117705 0.397962 0.668449 0.806903 0.236818 0.506011 0.069356 0.801819 0.601828 0.063610
0.062617 0.357369 0.091632 0.328931 0.699549 0.862824 0.319104 0.504459 0.139717 0.785295 0.647007 0.125366
0.140861 0.299611 0.049358 0.394313 0.677762 0.896518 0.114755 0.413204 -0.006625 0.771882 0.534176 0.170258
0.053747 0.239429 0.202135 0.345696 0.747551 0.868462 0.226317 0.416722 0.024075 0.769432 0.630476 0.186582
0.072864 0.362489 0.123860 0.362122 0.720053 0.877814 0.092668 0.436680 0.066738 0.862881 0.652196 0.171001
0.019053 0.365735 0.190203 0.360316 0.576595 0.905647 0.168821 0.490164 0.008709 0.748762 0.664506 0.110930
0.128080 0.348044 0.094397 0.348627 0.688176 0.800425 0.162450 0.428372 0.108743 0.710061 0.727511 0.098035
0.095832 0.298812 0.225952 0.357683 0.777170 0.844309 0.157956 0.523945 -0.017928 0.757560 0.670017 0.156534
0.072083 0.345239 0.198646 0.373066 0.699064 0.911161 0.215486 0.441285 -0.008804 0.813242 0.671276 0.025933
0.141654 0.295635 0.088123 0.337066 0.648979 0.971156 0.085696 0.419922 0.069579 0.737470 0.650908 0.189778
0.057956 0.262012 0.226522 0.326392 0.661296 0.917793 0.240490 0.524704 0.077876 0.821342 0.632781 0.097244
0.103037 0.266349 0.167329 0.316992 0.681937 0.827265 0.236140 0.509151 0.128478 0.690158 0.621139 0.141246
0.137476 0.366397 0.182029 0.344120 0.709455 0.866631 0.181441 0.477351 0.014142 0.798645 0.636174 0.019037
0.062850 0.401300 0.064650 0.457620 0.701033 0.886222 0.269755 0.533364 0.029162 0.713242 0.604964 0.039678
0.130104 0.291589 0.076904 0.368693 0.670735 0.963790 0.150985 0.413120 0.016847 0.817919 0.664929 0.053659
0.046810 0.290184 0.164534 0.292122 0.638216 0.858507 0.229002 0.422894 0.079488 0.818553 0.605173 0.120196
0.083614 0.365085 0.114064 0.277163 0.669724 0.902313 0.212994 0.427321 0.057279 0.813500 0.675845 0.064931
0.053369 0.256492 0.169457 0.305397 0.691916 0.851929 0.214181 0.451305 0.121682 0.821627 0.724460 -0.050752
-0.055982 0.413750 0.088043 0.342627 0.622784 0.954196 0.102442 0.468643 0.075915 0.681298 0.634483 0.125668
0.079873 0.345240 0.128614 0.380120 0.736854 0.862612 0.231543 0.470520 0.037310 0.832565 0.672001 0.120331
0.054307 0.349634 0.124728 0.415439 0.601572 0.908525 0.191620 0.461433 0.073448 0.781369 0.712118 -0.055747
0.024558 0.253239 0.123465 0.358221 0.687651 0.860065 0.160999 0.456732 0.045007 0.766086 0.642913 0.130097
0.131952 0.349756 0.162846 0.428747 0.748609 0.819388 0.115425 0.532205 0.040240 0.834937 0.607976 0.054772
0.108284 0.347095 0.058164 0.354125 0.744324 0.856951 0.198830 0.379512 0.047290 0.824709 0.720164 0.059072
0.004616 0.353766 0.030429 0.323888 0.649112 0.866879 0.145371 0.474356 0.004825 0.728968 0.603893 0.114841
0.077250 0.409905 0.014424 0.415635 0.711307 0.850546 0.239147 0.410954 0.060543 0.794559 0.728666 0.144086
0.141147 0.205181 0.132215 0.439813 0.672321 0.897160 0.102595 0.613793 0.034338 0.782926 0.550257 0.042122
0.078967 0.258444 0.196460 0.353678 0.714031 0.885582 0.171852 0.416577 0.010649 0.796467 0.663476 0.198820
0.072755 0.234247 0.110245 0.469657 0.594818 0.928113 0.212028 0.532903 0.091298 0.742665 0.611087 0.157479
0.053602 0.233749 0.144792 0.284380 0.690429 0.889070 0.117013 0.504581 0.003956 0.805875 0.653413 0.150103
0.072741 0.266536 0.170804 0.405678 0.599258 0.795360 0.167524 0.395312 0.097559 0.778904 0.665914 0.042409
0.010444 0.252375 0.185866 0.342856 0.625336 0.857782 0.201490 0.400619 0.046870 0.741368 0.742864 0.044101
0.062715 0.257651 0.102830 0.369737 0.734667 0.901306 0.215921 0.505664 0.019342 0.757832 0.686724 0.110537
0.167198 0.337941 0.113169 0.375043 0.656865 0.768261 0.193670 0.449485 0.024907 0.733428 0.623191 0.060909
0.048928 0.320501 0.111751 0.389517 0.727546 0.890412 0.157503 0.403578 0.048385 0.775379 0.621804 0.002775
0.023828 0.303627 0.210042 0.222997 0.699878 0.935634 0.149495 0.469169 0.022339 0.726925 0.594358 0.113859
0.114717 0.185911 0.874753 0.573345 0.389737 0.281179 0.702184 0.003038 0.737253 0.112262 0.149405 0.958156
0.096093 0.131321 0.814370 0.581233 0.501680 0.324174 0.590813 0.008743 0.878756 0.115320 0.158790 0.934816
0.123224 0.236580 0.715501 0.636779 0.483308 0.373380 0.554923 -0.011219 0.787258 0.149866 0.253155 0.934961
0.165193 0.118558 0.826606 0.546985 0.473035 0.258559 0.687124 0.021279 0.823182 0.208891 0.122292 0.928238
0.047679 0.253579 0.783460 0.569603 0.466122 0.321379 0.718140 0.061152 0.759879 0.139189 0.235239 0.974689
0.103080 0.095909 0.874286 0.544445 0.524732 0.256228 0.633168 -0.028757 0.736118 0.158080 0.162008 0.853675
0.065094 0.109049 0.858343 0.578651 0.441268 0.366032 0.593644 0.126333 0.821747 0.142852 0.136935 0.874402
0.128666 0.175714 0.884043 0.575636 0.623654 0.371258 0.683127 -0.034765 0.782707 0.121172 0.183684 0.937139
0.068142 0.222926 0.865316 0.605328 0.478604 0.356259 0.672550 -0.009585 0.791530 0.257149 0.198096 0.849837
0.109871 0.183787 0.889209 0.595497 0.488278 0.333915 0.723348 0.073468 0.808638 0.162120 0.276210 0.924585
0.057676 0.180233 0.815540 0.481572 0.445671 0.278408 0.740796 0.042226 0.772743 0.135849 0.123626 0.800308
0.017261 0.103882 0.775638 0.588824 0.405729 0.338710 0.606248 -0.029190 0.722271 0.107066 0.166464 0.846244
0.041881 0.156504 0.873208 0.587331 0.495530 0.327521 0.665046 0.024080 0.847603 0.320948 0.163405 0.969085
0.045122 0.132483 0.875408 0.497467 0.491651 0.308630 0.694756 -0.043173 0.744405 0.237970 0.196639 0.890567
0.122663 0.218416 0.785347 0.548402 0.576511 0.345912 0.583059 -0.004937 0.738206 0.146214 0.113938 0.882703
0.126064 0.168733 0.847673 0.535322 0.607694 0.342005 0.652491 0.005912 0.873194 0.182928 0.195336 0.899307
0.063081 0.144779 0.898467 0.522126 0.567828 0.233753 0.581674 -0.013391 0.707107 0.138281 0.099552 0.771894
0.035107 0.169004 0.831302 0.617401 0.560336 0.317372 0.659473 0.019267 0.828100 0.202420 0.178421 0.888942
0.000422 0.107532 0.803061 0.592463 0.493293 0.282274 0.640823 0.019256 0.742044 0.238311 0.175572 0.961083
0.072119 0.103871 0.802069 0.530107 0.514574 0.333457 0.545427 0.037210 0.782669 0.172061 0.214745 0.975666
0.082292 0.203071 0.688728 0.532432 0.477702 0.335130 0.685565 0.070857 0.730898 0.223995 0.176077 0.941006
-0.040662 0.216772 0.860038 0.575168 0.467914 0.345566 0.652178 0.036146 0.752854 0.124992 0.170610 1.057540
0.040396 0.211455 0.876781 0.528390 0.453722 0.407427 0.671461 0.041890 0.798228 0.174648 0.168991 0.969121
0.101252 0.139687 0.794323 0.513270 0.459678 0.267666 0.573258 -0.025195 0.798001 0.187596 0.084506 0.849242
0.111373 0.173826 0.864738 0.585507 0.450344 0.296534 0.588200 -0.024022 0.715836 0.205336 0.294562 0.832718
0.159502 0.215336 0.818923 0.613041 0.474373 0.270952 0.756133 0.042856 0.800302 0.100788 0.215318 0.902909
0.019642 0.153237 0.639855 0.433332 0.536900 0.308138 0.604967 -0.094033 0.820016 0.225298 0.131562 0.977075
0.121069 0.149011 0.780735 0.545148 0.490973 0.332846 0.715147 -0.037409 0.776112 0.136864 0.143723 0.980405
-0.025654 0.157975 0.849431 0.467115 0.500125 0.331940 0.624078 0.029921 0.708017 0.219143 0.173297 0.934292
0.065369 0.225850 0.793122 0.549379 0.598247 0.314512 0.625327 0.090118 0.765093 0.118890 0.228622 0.932058
0.030993 0.160898 0.737114 0.550617 0.480218 0.363137 0.646029 0.039388 0.773746 0.150224 0.191462 0.845741
0.082989 0.151928 0.844520 0.574331 0.523414 0.315523 0.656046 0.008278 0.868576 0.145695 0.164118 0.929992
0.091093 0.178514 0.814660 0.534181 0.441928 0.286647 0.617656 -0.004718 0.810464 0.168212 0.170649 0.882723
0.035062 0.134979 0.838842 0.587249 0.545946 0.211144 0.683585 0.004090 0.754143 0.046251 0.249623 0.833984
0.106819 0.274048 0.850613 0.477048 0.435453 0.285699 0.738429 0.022343 0.818146 0.050190 0.190912 0.900488
0.035993 0.202812 0.825795 0.592083 0.555822 0.308395 0.596830 -0.010866 0.828747 0.219436 0.181558 0.876988
0.089894 0.049814 0.755513 0.577906 0.389418 0.219784 0.629187 0.040585 0.817530 0.094485 0.155801 0.957947
0.017670 0.213526 0.918851 0.562968 0.431797 0.299362 0.584152 0.023990 0.846288 0.149695 0.117936 0.981096
0.148456 0.189638 0.770766 0.624344 0.544173 0.251001 0.666921 -0.004418 0.721220 0.137904 0.181764 0.942059
0.052597 0.128048 0.844195 0.556930 0.472744 0.314420 0.684797 0.050909 0.790457 0.169235 0.079906 0.972530
0.002892 0.209765 0.760678 0.531641 0.514447 0.344525 0.627768 -0.013557 0.783589 0.134539 0.073028 0.854414
0.048210 0.192986 0.794501 0.665530 0.546900 0.274829 0.668447 0.047664 0.791512 0.126019 0.220800 0.895405
-0.042509 0.216730 0.850729 0.572623 0.388850 0.290648 0.592077 -0.002325 0.800208 0.181718 0.143004 0.892833
0.044680 0.230579 0.858312 0.474060 0.474649 0.244618 0.622954 0.027387 0.741771 0.192340 0.122304 0.970786
-0.025105 0.127381 0.838409 0.533633 0.571608 0.331330 0.609279 0.066745 0.795621 0.135236 0.177991 0.976776
0.049646 0.143415 0.816075 0.475123 0.572801 0.295692 0.618927 0.052267 0.699622 0.191210 0.099083 0.926835
0.008244 0.175409 0.807162 0.579059 0.461543 0.402089 0.621157 0.068106 0.766981 0.087588 0.180698 0.894258
0.009850 0.192114 0.833647 0.568647 0.573702 0.268562 0.546706 -0.075344 0.778280 0.190255 0.095429 1.011085
0.114518 0.207707 0.851740 0.656994 0.462896 0.281661 0.680244 0.049757 0.804536 0.152251 0.236746 0.948810
0.113517 0.204826 0.839507 0.463042 0.437594 0.243986 0.662710 0.026553 0.813719 0.163568 0.103155 0.920495
0.076838 0.206387 0.877464 0.475246 0.509206 0.327540 0.585732 0.039092 0.759510 0.080539 0.166090 0.899109
0.141647 0.190309 0.806617 0.471865 0.510542 0.317160 0.633152 -0.018146 0.785502 0.094937 0.178136 0.904449
0.067167 0.140800 0.898772 0.535331 0.479451 0.292751 0.578988 0.029976 0.820828 0.104810 0.146799 1.007301
0.111582 0.184042 0.727229 0.651784 0.561769 0.229507 0.590313 -0.048950 0.841469 0.078541 0.169459 0.888609
0.085698 0.213520 0.844299 0.570826 0.550243 0.243571 0.613827 0.041833 0.822638 0.154901 0.170002 0.930292
0.128187 0.258226 0.862421 0.590483 0.512515 0.296504 0.656883 -0.016131 0.821440 0.243564 0.184813 0.972599
0.120627 0.147383 0.892354 0.578009 0.429093 0.263688 0.526173 0.054466 0.798674 0.244765 0.134653 0.846161
0.040461 0.166871 0.706315 0.532634 0.506402 0.339229 0.694739 -0.037446 0.765600 0.198412 0.194303 0.946746
0.149342 0.135166 0.767230 0.565769 0.496819 0.330821 0.588901 0.038563 0.771345 0.172888 0.171681 1.035028
0.069973 0.100401 0.817391 0.615100 0.440256 0.312090 0.643087 -0.041674 0.839154 0.111248 0.195876 0.903141
0.168907 0.190219 0.764122 0.535461 0.424239 0.304338 0.652133 -0.064048 0.821529 0.115418 0.189334 0.918114
0.144685 0.145563 0.802543 0.598963 0.534007 0.310641 0.665560 -0.012875 0.825733 0.142166 0.148536 0.941394
0.097305 0.169373 0.852781 0.598359 0.437953 0.342472 0.738320 -0.021948 0.756245 0.166363 0.114640 0.903501
-0.008222 0.170914 0.832889 0.596624 0.514034 0.279760 0.573662 -0.032188 0.794750 0.133308 0.265468 0.898597
0.050310 0.241820 0.871866 0.581611 0.512630 0.351228 0.666551 -0.092316 0.731722 0.178837 0.204354 0.988093
0.079176 0.249854 0.813532 0.611574 0.495240 0.405336 0.633009 0.116974 0.794052 0.069289 0.150248 0.883730
0.187831 0.170563 0.872161 0.504788 0.574370 0.229381 0.679945 -0.016712 0.815136 0.174730 0.091854 0.909820
0.053647 0.189102 0.839033 0.618929 0.572262 0.278955 0.677487 -0.005831 0.781385 0.163901 0.282340 0.857996
0.072318 0.216551 0.891114 0.544885 0.422570 0.315640 0.657591 -0.019206 0.874488 0.052682 0.199995 0.958451
0.053063 0.151601 0.861770 0.549136 0.537039 0.292416 0.577697 -0.019876 0.801253 0.172084 0.167388 0.905982
-0.006913 0.155758 0.844215 0.529777 0.507668 0.352968 0.622902 0.080729 0.825194 0.159551 0.218878 0.850118
0.028187 0.170844 0.836921 0.575606 0.445658 0.338073 0.614868 -0.019524 0.742352 0.063156 0.202222 1.015468
0.111966 0.259629 0.919805 0.567885 0.504435 0.327767 0.602203 0.042195 0.730069 0.144718 0.146321 0.813828
0.108847 0.218560 0.877143 0.609255 0.523428 0.322806 0.670834 -0.094950 0.771077 0.216659 0.079363 0.933664
0.081510 0.253864 0.946968 0.541499 0.476532 0.294837 0.517931 -0.122888 0.825112 0.055101 0.179218 0.993961
0.110144 0.246188 0.789380 0.505039 0.646047 0.381822 0.634527 0.052553 0.796980 0.159417 0.139025 0.909469
0.108509 0.125832 0.777362 0.573912 0.522659 0.314851 0.668118 0.070997 0.813770 0.183245 0.182543 0.989431
0.120294 0.180635 0.812571 0.558239 0.596265 0.295249 0.610113 0.056401 0.776929 0.012169 0.094411 0.951722
0.038237 0.126278 0.857894 0.580163 0.525765 0.389018 0.680018 0.004690 0.797178 0.146480 0.138573 0.966725
0.028735 0.243168 0.777962 0.649830 0.510404 0.296203 0.652120 0.039313 0.772222 0.191886 0.112482 0.885025
0.034719 0.139537 0.854711 0.665658 0.484720 0.368528 0.625975 0.048320 0.780462 0.181491 0.107340 0.987184
0.032339 0.160593 0.789399 0.704687 0.487639 0.329119 0.582396 0.001864 0.803352 0.115303 0.349914 0.894840
0.114167 0.184743 0.959677 0.547360 0.532465 0.286776 0.565738 0.004702 0.799372 0.189539 0.100230 0.895714
0.117538 0.185202 0.804582 0.617257 0.438469 0.235037 0.613986 0.126475 0.764288 0.274746 0.227470 0.798079
0.132446 0.086740 0.838446 0.554943 0.564947 0.316352 0.642195 0.053765 0.869938 0.149908 0.135726 0.941092
0.061048 0.178219 0.812319 0.541577 0.412574 0.318773 0.746608 0.094789 0.757949 0.117767 0.175734 0.887529
0.001495 0.234423 0.942274 0.590956 0.505789 0.309511 0.602946 -0.023462 0.774763 0.162056 0.134961 0.936300
0.099726 0.195630 0.887928 0.503159 0.465303 0.347176 0.676928 0.056559 0.786816 0.131794 0.153192 0.870199
0.076207 0.193118 0.911915 0.583955 0.401814 0.294143 0.584648 0.015678 0.808947 0.123634 0.126944 0.913986
0.066324 0.247462 0.875344 0.634766 0.525741 0.327152 0.645654 -0.034687 0.892642 0.165242 0.251330 0.933337
0.095849 0.077504 0.873254 0.570079 0.561506 0.332296 0.662160 0.076509 0.750417 0.086533 0.223281 0.936776
0.073663 0.114883 0.896821 0.558409 0.484417 0.298241 0.642830 -0.040701 0.773279 0.180632 0.108242 0.920963
0.055220 0.279790 0.817157 0.497046 0.572708 0.372013 0.663163 0.005522 0.835356 0.184350 0.144580 0.879226
0.033488 0.248755 0.789067 0.531961 0.497981 0.296388 0.646397 0.018665 0.748988 0.145514 0.202371 0.868720
0.028748 0.147531 0.854615 0.625880 0.506172 0.277655 0.596105 0.055858 0.774963 0.194307 0.164165 0.944496
0.132651 0.124795 0.841149 0.647319 0.406003 0.270830 0.596740 -0.021916 0.687240 0.141317 0.215096 0.901249
0.066535 0.107607 0.865928 0.550390 0.481089 0.311611 0.641764 0.006934 0.802627 0.124626 0.236386 0.948238
0.097084 0.147110 0.846056 0.561740 0.526892 0.205303 0.622605 0.041384 0.808011 0.191013 0.148262 0.856213
0.084269 0.204186 0.870275 0.541470 0.463049 0.376174 0.679417 -0.072606 0.749143 0.193718 0.155341 0.918460
0.084225 0.210503 0.892394 0.549791 0.468978 0.305688 0.637389 0.028170 0.787473 0.177718 0.167719 0.871327
0.090581 0.246177 0.821157 0.587845 0.498486 0.249528 0.648453 0.016188 0.767060 0.167272 0.216390 0.942684
0.065367 0.222966 0.809937 0.592624 0.484693 0.320006 0.573158 0.046755 0.726349 0.138805 0.084790 0.867543
0.206932 0.068941 0.927240 0.557947 0.557333 0.364573 0.721044 -0.030551 0.789944 0.184342 0.127997 0.962055
0.058543 0.146964 0.782851 0.610143 0.528016 0.188295 0.680107 -0.020416 0.760169 0.175875 0.202140 0.947146
0.047517 0.221033 0.737356 0.588525 0.500064 0.251158 0.625668 0.066894 0.687741 0.214979 0.231565 0.943393
0.150712 0.267898 0.906608 0.572268 0.445646 0.227382 0.540621 0.074124 0.774388 0.172630 0.199594 0.875982
0.010871 0.186901 0.851280 0.563597 0.473759 0.356048 0.626368 0.048467 0.849528 0.149812 0.169616 0.835615
0.077056 0.169695 0.844408 0.628953 0.539148 0.305812 0.589462 0.028084 0.834062 0.144593 0.155610 0.942259
0.113345 0.161232 0.845826 0.527777 0.422425 0.231165 0.636430 0.006292 0.771184 0.198784 0.068432 0.876727
0.092630 0.274897 0.856660 0.514449 0.490985 0.273274 0.581996 -0.038730 0.763265 0.159550 0.152269 0.924673
0.125648 0.118251 0.862205 0.560184 0.542046 0.321530 0.558610 0.141505 0.793445 0.137761 0.089568 1.009697
-0.027182 0.257128 0.756432 0.550748 0.436247 0.279541 0.644497 -0.037198 0.827165 0.076820 0.186013 0.947763
0.113720 0.178077 0.814943 0.477974 0.468294 0.252477 0.658463 -0.080402 0.761090 0.157032 0.231197 0.953892
0.071762 0.142846 0.812641 0.616245 0.463179 0.233377 0.573761 0.018954 0.821486 0.164325 0.229998 0.872399
0.076712 0.175887 0.751020 0.544680 0.544802 0.309332 0.594196 0.044482 0.734896 0.147452 0.168497 0.908543
0.126591 0.133503 0.821654 0.577971 0.488879 0.339459 0.592920 0.001642 0.696674 0.147572 0.178057 0.872050
0.126990 0.170526 0.867398 0.597956 0.493519 0.329342 0.653522 0.057760 0.793165 0.151358 0.156827 0.944901
0.183075 0.198689 0.854096 0.570565 0.453299 0.328926 0.626878 -0.014614 0.817868 0.064400 0.218773 0.858905
0.113974 0.171946 0.820009 0.574638 0.536469 0.329575 0.711873 -0.034380 0.777850 0.162415 0.102950 0.855349
0.049222 0.244442 0.835943 0.509432 0.496359 0.288053 0.633039 0.076956 0.770168 0.165098 0.243062 0.892116
0.010101 0.161337 0.768950 0.488407 0.509001 0.347505 0.601504 0.070738 0.806112 0.148391 0.189390 0.915070
0.120749 0.219585 0.795107 0.588714 0.464826 0.370749 0.675336 0.074971 0.862200 0.208313 0.174754 1.056396
0.057049 0.199736 0.924691 0.521641 0.537462 0.248680 0.635251 0.102695 0.721871 0.104229 0.230593 0.907862
0.044265 0.163988 0.784655 0.591273 0.649869 0.262826 0.629079 0.037977 0.832262 0.279952 0.215513 0.968198
0.044939 0.213022 0.827850 0.546878 0.491082 0.317730 0.664030 0.040659 0.822745 0.134187 0.253094 0.969339
-0.001414 0.193714 0.902210 0.560155 0.544507 0.281292 0.622405 0.041462 0.733081 0.115235 0.138176 0.901369
-0.041238 0.244488 0.810820 0.586929 0.487937 0.251013 0.732677 -0.088318 0.749250 0.108674 0.163577 0.910321
0.056576 0.265805 0.798605 0.502029 0.512133 0.370883 0.721354 -0.008207 0.712454 0.147848 0.323396 0.964908
0.084781 0.254779 0.773969 0.566370 0.588736 0.276240 0.589762 0.017933 0.729088 0.096595 0.317696 0.852313
0.142231 0.206181 0.906324 0.603232 0.582905 0.390253 0.617364 -0.008406 0.857471 0.156574 0.090161 0.961367
0.083295 0.201701 0.896211 0.546184 0.438499 0.176062 0.575657 0.091827 0.773293 0.204950 0.218550 0.922878
0.065224 0.249982 0.801531 0.469252 0.541891 0.245430 0.653138 0.084872 0.803509 0.316023 0.026252 0.950397
0.024473 0.144992 0.748140 0.547520 0.457971 0.352259 0.626612 0.053573 0.825171 0.193577 0.166846 0.903712
0.034094 0.149066 0.880255 0.567492 0.508995 0.268474 0.590108 0.049621 0.768756 0.102269 0.210488 0.927320
0.077186 0.172950 0.777780 0.585924 0.547554 0.441064 0.575790 0.008184 0.866838 0.138751 0.267500 0.813589
0.002417 0.176375 0.846500 0.489235 0.528805 0.321551 0.601656 0.044723 0.842640 0.176217 0.272251 0.901135
0.076512 0.239391 0.819603 0.540853 0.609376 0.343618 0.690214 0.018689 0.823895 0.101486 0.090323 0.823960
0.200992 0.206007 0.859562 0.497641 0.593318 0.184841 0.610149 -0.006668 0.749940 0.194332 0.166473 0.916995
0.016478 0.158301 0.841972 0.638534 0.441539 0.309916 0.620890 -0.019003 0.746258 0.141419 0.168657 0.845018
0.054323 0.233364 0.774912 0.571869 0.447218 0.223582 0.661397 0.052053 0.852154 0.115601 0.281582 0.895741
0.062656 0.159196 0.818276 0.546832 0.483090 0.265649 0.676695 0.033394 0.751489 0.204069 0.212463 0.966857
0.152794 0.174744 0.868932 0.585502 0.513054 0.320857 0.613210 0.029970 0.781273 0.144110 0.216817 0.851122
0.100975 0.295151 0.776722 0.524655 0.560764 0.366669 0.640317 -0.021647 0.763453 0.197489 0.127123 0.875638
0.053424 0.174654 0.786209 0.613506 0.507948 0.314006 0.607471 0.003750 0.797370 0.223660 0.187864 0.963027
0.087716 0.256226 0.826616 0.498552 0.523221 0.325389 0.525240 0.015422 0.816851 0.182538 0.174094 0.935962
0.101858 0.233774 0.859158 0.614727 0.568314 0.306078 0.583465 0.053759 0.801586 0.239541 0.206249 0.943058
0.013018 0.126326 0.875876 0.608697 0.497569 0.331136 0.560366 0.047072 0.756665 0.143971 0.136955 0.922469
-0.008965 0.252240 0.884811 0.597338 0.455863 0.339619 0.575392 -0.028379 0.826537 0.171553 0.215200 0.922666
0.117566 0.179224 0.790153 0.512649 0.478254 0.374105 0.654742 -0.075004 0.854110 0.253163 0.188391 0.900736
0.075656 0.163908 0.769685 0.498446 0.510189 0.456878 0.518822 -0.056860 0.820737 0.060413 0.152865 0.790966
0.004743 0.210204 0.807333 0.532585 0.469183 0.303386 0.591622 0.083068 0.673705 0.155398 0.148492 0.907191
0.054545 0.219067 0.830651 0.616870 0.532127 0.316142 0.645364 0.027951 0.781332 0.281897 0.217405 0.951031
0.070945 0.140501 0.873052 0.570415 0.539035 0.393097 0.636257 0.042115 0.701055 0.131891 0.119025 0.958116
0.024754 0.119390 0.902802 0.602013 0.448973 0.346401 0.624198 0.021455 0.775758 0.186948 0.211063 0.914542
0.111841 0.132560 0.780075 0.585071 0.475670 0.231337 0.637709 0.049273 0.829862 0.216993 0.226412 0.982101
0.048078 0.187757 0.684408 0.608150 0.485091 0.235364 0.588203 0.066649 0.822632 0.172666 0.056730 0.963561
0.060539 0.232519 0.806485 0.696082 0.507948 0.222760 0.613532 0.055144 0.764073 0.177146 0.157507 0.897309
0.036467 0.155720 0.779537 0.589690 0.509720 0.346724 0.627383 0.033899 0.728271 0.150344 0.181758 0.925037
0.128844 0.238291 0.790825 0.605356 0.650046 0.249211 0.577131 0.092280 0.831480 0.201996 0.158336 0.960789
0.038271 0.199605 0.815952 0.565451 0.489259 0.210534 0.647986 0.059037 0.722921 0.188003 0.141766 1.002133
-0.016782 0.181805 0.776438 0.603753 0.508168 0.313362 0.620225 0.067775 0.828253 0.188619 0.155762 0.968747
0.125642 0.196333 0.799221 0.554767 0.511274 0.293457 0.598315 0.015974 0.712231 0.060949 0.182145 0.883376
0.076835 0.228329 0.872703 0.573393 0.482334 0.314492 0.626526 -0.021798 0.792996 0.198157 0.195566 0.962816
0.101654 0.218844 0.802943 0.589476 0.444878 0.292177 0.663573 0.004361 0.764280 0.244549 0.129337 1.043015
0.047533 0.267130 0.811867 0.548170 0.496408 0.299179 0.655719 -0.086476 0.891420 0.191246 0.284719 0.992303
0.145421 0.190624 0.945167 0.534527 0.516840 0.374140 0.653345 0.049425 0.802024 0.117730 0.120510 0.846377
0.052144 0.245161 0.860474 0.515703 0.539438 0.290713 0.650496 -0.019190 0.827781 0.163567 0.243958 0.897314
-0.037876 0.224687 0.153782 0.378272 0.623365 0.854340 0.199019 0.547420 0.004317 0.773000 0.619309 0.095714
0.159234 0.233245 0.125299 0.318206 0.719166 0.791972 0.208575 0.486775 -0.073061 0.781758 0.617774 0.011340
0.085817 0.252357 0.170500 0.319697 0.679717 0.898777 0.114304 0.506881 0.081050 0.748335 0.720775 0.023877
0.045940 0.299185 0.060696 0.317184 0.726751 0.943755 0.149336 0.434496 0.067685 0.762631 0.599302 0.092972
0.024761 0.323768 0.101653 0.373522 0.680478 0.900723 0.264996 0.366445 0.061215 0.799117 0.666311 0.128580
0.063408 0.248136 0.174052 0.327306 0.629197 0.855233 0.200302 0.447776 -0.011368 0.727505 0.628756 0.108525
0.051077 0.254116 0.164865 0.357490 0.641194 0.824508 0.138554 0.519771 -0.025973 0.763406 0.651226 0.103750
0.064844 0.183221 0.036349 0.385427 0.729514 0.820215 0.141535 0.461178 0.094903 0.721495 0.671702 0.056373
0.151681 0.306081 0.205390 0.390954 0.668535 0.873915 0.151777 0.453000 0.043226 0.760069 0.631725 0.033661
0.066276 0.236026 0.134514 0.278495 0.716814 0.895725 0.092690 0.457566 0.096186 0.803924 0.567330 0.126018
0.113564 0.286099 0.165500 0.344144 0.687258 0.753654 0.257168 0.470770 0.070967 0.777380 0.686269 0.063848
0.051545 0.207244 0.012095 0.293537 0.727023 0.913933 0.206177 0.421537 0.118292 0.811750 0.594034 0.088383
0.157437 0.281732 0.082852 0.340641 0.730919 0.816182 0.149609 0.507860 0.045215 0.736269 0.617471 0.104992
-0.003626 0.275638 0.113428 0.295856 0.680997 0.894286 0.259833 0.539411 0.013485 0.720888 0.615999 0.069456
0.174078 0.254843 0.184495 0.338540 0.652786 0.824079 0.225798 0.554820 0.073579 0.732367 0.684351 0.134414
0.115411 0.178316 0.190637 0.343038 0.644299 0.878388 0.242564 0.518747 0.015402 0.785049 0.747948 0.037155
0.087285 0.379097 0.141675 0.324855 0.740038 0.881044 0.238550 0.430694 0.019925 0.807681 0.618111 0.158533
0.084975 0.118079 0.182782 0.345210 0.746974 0.859491 0.199372 0.556349 0.152254 0.733070 0.669356 0.018925
0.027876 0.303083 0.104275 0.290520 0.739518 0.780423 0.140158 0.423162 0.009456 0.767624 0.720177 0.105145
0.088265 0.329969 0.180477 0.298986 0.635144 0.849646 0.198013 0.498909 0.085178 0.749073 0.579986 0.019953
0.006876 0.331147 0.067094 0.344203 0.750039 0.805472 0.222222 0.418157 0.026715 0.799549 0.626385 0.090636
0.089948 0.291415 0.107482 0.373852 0.657321 0.872764 0.184022 0.496880 -0.046575 0.779339 0.664378 -0.014549
0.067264 0.259564 0.109878 0.349212 0.722700 0.871963 0.233944 0.419336 0.024936 0.715899 0.676951 0.173521
0.116397 0.278764 0.180848 0.377522 0.638384 0.843054 0.195002 0.410507 -0.050220 0.815087 0.691588 0.069159
0.098182 0.338415 0.096245 0.402424 0.695081 0.870507 0.226489 0.495323 0.129988 0.867035 0.611079 0.110948
0.068808 0.318184 0.151308 0.353607 0.657338 0.883887 0.279007 0.503793 0.113521 0.749116 0.557360 0.072831
0.183539 0.255990 0.193427 0.355587 0.684944 0.850330 0.291802 0.558243 0.119896 0.705569 0.694350 0.154396
0.054935 0.303190 0.097452 0.286222 0.695976 0.784226 0.117136 0.467087 0.049205 0.791810 0.661007 0.055775
-0.006899 0.312666 0.168987 0.286462 0.600472 0.899582 0.239982 0.404237 0.020989 0.707571 0.638286 0.069997
0.108694 0.196484 0.149881 0.377609 0.631506 0.908107 0.176695 0.483261 0.026762 0.777120 0.684988 0.054652
0.113102 0.330322 0.151227 0.406153 0.764067 0.859600 0.193497 0.457558 0.182452 0.772321 0.785578 0.039161
0.123024 0.282616 0.081927 0.404910 0.705761 0.862821 0.201036 0.407252 -0.014510 0.801114 0.683334 0.120905
0.064098 0.294252 0.195345 0.378983 0.676539 0.767295 0.218533 0.393288 -0.034264 0.792598 0.635007 0.186640
0.167656 0.251768 0.042299 0.365042 0.625357 0.906573 0.204570 0.376942 0.020567 0.741482 0.683050 0.083018
0.057645 0.316660 0.088483 0.324164 0.693068 0.917903 0.180490 0.489214 0.031362 0.695640 0.665463 0.072447
0.048906 0.300905 0.122657 0.378438 0.675437 0.917608 0.160371 0.444676 0.008906 0.854979 0.605290 0.036636
0.071977 0.276357 0.186792 0.418673 0.629979 0.774607 0.174853 0.497508 0.020292 0.761032 0.652526 0.215776
0.168880 0.303037 0.178293 0.281058 0.665376 0.910498 0.187246 0.467627 -0.012258 0.844174 0.716710 0.069270
0.114833 0.335301 0.144535 0.327624 0.726383 0.926963 0.088396 0.379274 0.015350 0.783740 0.574771 0.051765
0.051748 0.288087 0.129772 0.400406 0.603369 0.862220 0.095532 0.471240 0.054525 0.810333 0.625815 0.037650
0.045991 0.284287 0.119858 0.333187 0.613390 0.814678 0.174252 0.488128 -0.011223 0.790190 0.614140 0.165657
0.052925 0.304406 0.097199 0.447111 0.682109 0.968237 0.158287 0.422024 0.078971 0.837233 0.696278 0.093573
0.052972 0.283198 0.107763 0.309157 0.678908 0.858151 0.224655 0.483531 0.034104 0.692709 0.632968 0.169550
0.038488 0.294274 0.131817 0.307910 0.628069 0.790681 0.170010 0.392553 0.130773 0.737955 0.694832 0.132495
0.059061 0.339744 0.099666 0.378273 0.673863 0.993692 0.160811 0.455354 -0.076532 0.775164 0.568614 0.107684
0.075809 0.279843 0.163530 0.262584 0.598766 0.880729 0.226248 0.510286 0.088671 0.811233 0.700738 0.104253
0.084051 0.295975 0.153561 0.313814 0.662183 0.875334 0.102264 0.375228 -0.073538 0.667288 0.633524 0.091059
0.028345 0.252266 0.105104 0.407890 0.619423 0.884216 0.246357 0.576307 0.049481 0.813099 0.662513 -0.000732
0.049669 0.329871 0.101572 0.397443 0.705884 0.885715 0.189280 0.475002 0.015918 0.803464 0.605453 0.106385
0.076270 0.226103 0.095962 0.317048 0.700506 0.864230 0.248328 0.472964 0.182621 0.768215 0.602559 0.094303
0.111183 0.263193 0.132959 0.345347 0.685814 0.910563 0.262911 0.500276 0.028586 0.735606 0.680941 0.052980
0.067496 0.351120 0.153451 0.380678 0.639484 0.951225 0.155951 0.483287 -0.038290 0.773120 0.640845 0.063657
0.091716 0.360059 0.218755 0.367524 0.620717 0.904880 0.224026 0.445869 0.052643 0.758887 0.616093 0.004292
0.091510 0.248851 0.112616 0.228902 0.659803 0.986876 0.147533 0.491566 -0.005958 0.703163 0.579466 0.140702
0.132832 0.271668 0.173095 0.453525 0.627444 0.947670 0.166780 0.443908 0.020600 0.762042 0.593832 0.116112
0.080275 0.267157 0.096689 0.373819 0.703948 0.793911 0.163695 0.566617 0.032410 0.730662 0.697799 0.081792
0.079822 0.334470 0.124184 0.401009 0.635084 0.841475 0.128944 0.413511 0.058036 0.794766 0.691089 0.098952
0.084322 0.340394 0.124043 0.280314 0.736778 0.880423 0.159209 0.414675 0.042907 0.726587 0.685205 0.064477
0.089782 0.297342 0.109097 0.319257 0.653241 0.956994 0.192985 0.418753 0.071887 0.689259 0.621920 0.070603
0.150124 0.381273 0.039693 0.351647 0.701734 0.821356 0.150165 0.575607 -0.007819 0.744784 0.619288 0.110751
0.068666 0.285309 0.173350 0.338089 0.633397 0.808019 0.153970 0.445929 0.040663 0.793939 0.614508 -0.068834
0.041054 0.394303 0.054155 0.336806 0.680274 0.864004 0.115242 0.482067 0.037340 0.752917 0.744013 0.202267
0.107031 0.294027 0.047910 0.387358 0.632796 0.902137 0.129320 0.529332 0.051247 0.743048 0.710366 0.041262
0.047641 0.280249 0.140592 0.342170 0.690718 0.921431 0.152600 0.553613 0.037511 0.698978 0.643177 -0.002432
0.133812 0.241568 0.171987 0.360923 0.597819 0.829581 0.250025 0.494104 -0.026778 0.730016 0.700118 0.118143
0.103374 0.304171 0.147985 0.370408 0.647836 0.899723 0.202392 0.490578 0.084249 0.782706 0.695905 0.005644
0.009176 0.281647 0.107567 0.379245 0.715604 0.951897 0.098800 0.562603 0.100429 0.782733 0.556061 0.021469
0.134652 0.258318 0.163903 0.379853 0.717418 0.782624 0.098199 0.393354 0.018470 0.803370 0.626954 0.063815
0.065563 0.311913 0.037075 0.319981 0.585214 0.886945 0.092211 0.403336 -0.042939 0.815935 0.647915 0.058250
0.077893 0.282000 0.182791 0.340585 0.718905 0.928609 0.198122 0.479903 -0.021540 0.709776 0.631414 0.109802
0.046767 0.289360 0.192865 0.327975 0.545238 0.803494 0.203283 0.458418 -0.006938 0.730491 0.661886 0.053702
0.068436 0.380843 0.074107 0.399214 0.723009 0.977591 0.212406 0.526610 0.031543 0.766099 0.603314 0.071724
0.166404 0.312476 0.182739 0.390768 0.677698 0.864465 0.226766 0.527695 0.044218 0.815912 0.632221 0.087467
0.142403 0.334408 0.098155 0.305734 0.708434 0.943197 0.132480 0.448133 -0.096830 0.790560 0.551726 0.116388
0.114890 0.286536 0.182426 0.331516 0.708916 0.853586 0.284753 0.395558 -0.047868 0.816975 0.608118 0.054751
0.061849 0.317753 0.087132 0.385225 0.639619 0.877070 0.126933 0.462650 0.048933 0.775069 0.665215 0.031547
0.151162 0.218084 0.085488 0.381437 0.702193 0.863985 0.233926 0.464357 0.172219 0.852465 0.736964 0.052562
0.127113 0.241783 0.152102 0.443730 0.658844 0.847272 0.171541 0.574094 0.075696 0.703106 0.528502 -0.005901
0.118535 0.161994 0.079187 0.351651 0.702729 0.829863 0.127642 0.427448 0.022295 0.782884 0.612952 0.055955
0.157598 0.277540 0.181487 0.367841 0.690623 0.920798 0.252624 0.471421 0.082527 0.657509 0.588624 0.076692
0.072283 0.329880 0.108537 0.413839 0.637869 0.950075 0.115036 0.486381 -0.026974 0.703059 0.699697 0.140474
0.056081 0.381518 0.096236 0.316751 0.698024 0.825906 0.206654 0.423809 0.015975 0.829367 0.636890 0.043668
0.066832 0.295191 0.154262 0.324908 0.575415 0.892750 0.193585 0.371461 0.035884 0.799462 0.606965 0.040092
0.052831 0.317601 0.090869 0.393127 0.720142 0.859577 0.215593 0.412999 0.126434 0.771792 0.678082 0.030917
0.040280 0.325928 0.114321 0.454302 0.617805 0.844078 0.193712 0.494189 0.001872 0.730404 0.659009 0.135607
0.031299 0.376002 0.063914 0.408096 0.612437 0.852413 0.299099 0.433916 0.022821 0.822543 0.624898 0.085633
0.124074 0.290614 0.171698 0.386635 0.687762 0.838533 0.114718 0.423194 0.097154 0.794657 0.640973 0.082318
0.062715 0.272398 0.163208 0.348178 0.719078 0.804504 0.097448 0.443331 -0.110898 0.735344 0.593324 0.031639
0.201072 0.225940 0.197386 0.313664 0.744352 0.938162 0.177372 0.521355 -0.003933 0.802575 0.566778 0.091205
0.140982 0.251918 0.135361 0.391729 0.669899 0.848916 0.224869 0.554491 0.083856 0.860378 0.695946 0.076075
0.113976 0.211115 0.183863 0.320576 0.675682 0.823228 0.155752 0.461678 0.047497 0.770131 0.612129 0.075762
0.075202 0.275234 0.127576 0.394471 0.659618 0.889739 0.159275 0.390568 -0.044183 0.787954 0.719280 0.107958
0.113905 0.320100 -0.000517 0.307556 0.695900 0.813424 0.222251 0.491980 -0.012382 0.743782 0.641384 0.100091
0.082071 0.245100 0.152752 0.355213 0.700403 0.898534 0.156952 0.403894 0.064644 0.783191 0.573536 0.108531
0.124122 0.225260 0.181076 0.401520 0.682914 0.850587 0.242806 0.488511 -0.012561 0.740031 0.609552 0.034336
0.093446 0.323909 0.037284 0.412758 0.694262 0.859006 0.103274 0.489691 0.058396 0.844588 0.601731 0.129415
0.073191 0.321028 0.205427 0.384284 0.759297 0.939153 0.248857 0.407969 0.117400 0.854287 0.706211 0.107258
0.052394 0.288498 0.063351 0.423079 0.542053 0.929118 0.149665 0.475690 0.132380 0.822284 0.650955 0.079240
0.112282 0.269124 0.091048 0.313004 0.637282 0.883878 0.192115 0.495506 0.138476 0.732372 0.583592 0.138552
0.121549 0.333530 0.112040 0.316062 0.628600 0.793187 0.199954 0.490566 0.123118 0.762366 0.664146 0.076738
-0.014454 0.299868 0.132442 0.352191 0.767989 0.850324 0.251077 0.454285 0.042009 0.705780 0.675276 0.051822
0.103194 0.258855 0.102865 0.322148 0.704276 0.884503 0.191811 0.535041 -0.022485 0.842046 0.594011 0.086083
0.083266 0.250688 0.075872 0.314240 0.750531 0.906540 0.114569 0.496640 0.077596 0.801977 0.648379 0.012779
0.162762 0.285653 0.141658 0.363452 0.686040 0.910161 0.121180 0.491040 0.058985 0.789627 0.601566 0.069271
0.178190 0.289651 0.086905 0.379594 0.615908 0.956133 0.129114 0.441836 0.049263 0.757733 0.593314 -0.018231
0.089177 0.350482 0.128874 0.361643 0.553384 0.868204 0.185032 0.520836 -0.016198 0.749257 0.685231 -0.054330
0.129884 0.236754 0.131189 0.418891 0.667729 0.864694 0.121126 0.505875 0.038332 0.793935 0.747862 0.045920
0.117608 0.297559 0.129563 0.362983 0.624333 0.925034 0.212800 0.439328 -0.001984 0.765039 0.582024 0.129990
0.135104 0.319078 0.139519 0.401644 0.692551 0.924434 0.153458 0.384490 0.052220 0.806627 0.736855 0.053709
0.009017 0.258852 0.092318 0.357516 0.726625 0.849727 0.270119 0.465633 -0.034194 0.767033 0.639228 0.058330
0.084957 0.355247 0.143915 0.363885 0.698380 0.953830 0.244750 0.467511 0.036013 0.777954 0.605983 0.059029
0.036761 0.316355 0.130343 0.351665 0.673599 0.848167 0.169004 0.509707 0.069235 0.684246 0.578193 0.042194
0.164246 0.306199 0.172589 0.313515 0.732751 0.846338 0.235747 0.478628 0.033279 0.727556 0.570189 0.126785
0.088744 0.297199 0.209055 0.286378 0.754573 0.877793 0.212457 0.382339 0.103266 0.809871 0.599573 0.174916
0.027527 0.315809 0.197617 0.379420 0.603531 0.854930 0.211579 0.450942 -0.008578 0.737799 0.688700 0.120152
0.202414 0.299005 0.141758 0.325432 0.706483 0.737236 0.209160 0.497946 -0.038529 0.722609 0.660159 -0.033169
0.148134 0.308250 0.143692 0.409691 0.668550 0.869756 0.234152 0.486000 -0.007454 0.739813 0.696734 -0.005844
-0.038830 0.251162 0.136705 0.330782 0.666140 0.864442 0.192232 0.382105 0.064859 0.732486 0.602018 0.173949
0.063780 0.361056 0.090611 0.431273 0.681678 0.935266 0.183655 0.464940 0.016003 0.764630 0.623110 0.116738
0.050903 0.250798 0.120570 0.406688 0.683621 0.810848 0.176298 0.467690 -0.039422 0.737696 0.619125 -0.053060
0.054614 0.342844 0.120929 0.372702 0.736494 0.895206 0.149331 0.397934 0.020996 0.725870 0.704054 0.129954
0.138524 0.258187 0.141165 0.358391 0.788814 0.850657 0.188707 0.408911 0.000258 0.753118 0.682557 0.042788
0.091634 0.297828 0.189343 0.280206 0.615914 0.899416 0.176836 0.524486 0.035315 0.768239 0.592741 0.105742
0.062902 0.356929 0.129218 0.449702 0.687111 0.803845 0.218557 0.442751 -0.009462 0.812850 0.542425 0.046222
0.073950 0.259115 0.121466 0.381258 0.691716 0.828608 0.174090 0.471563 0.111683 0.737625 0.638623 0.157640
0.136428 0.300199 0.197895 0.405843 0.681802 0.827577 0.047919 0.450236 -0.061923 0.831193 0.620463 0.064988
0.107906 0.336855 0.165986 0.360876 0.618965 0.850125 0.269188 0.443801 0.048263 0.800036 0.611686 0.106132
0.097595 0.211816 0.209982 0.418152 0.673784 0.838504 0.197743 0.502439 0.021642 0.806339 0.692558 0.054911
0.044510 0.254904 0.249165 0.352646 0.657804 0.864524 0.133365 0.433276 0.116154 0.702312 0.561975 0.065518
-0.000972 0.326374 0.145463 0.398366 0.595529 0.914340 0.113917 0.365055 0.053047 0.692914 0.648842 0.063800
0.073409 0.317664 0.063457 0.352960 0.701367 0.823930 0.073605 0.454499 0.033544 0.800979 0.695628 0.033581
0.139581 0.251712 0.147183 0.395494 0.614824 0.860155 0.255640 0.492217 -0.015919 0.826913 0.653694 -0.031105
0.106362 0.230491 0.135204 0.354674 0.746433 0.846622 0.167980 0.406629 -0.048037 0.787753 0.561952 0.012966
0.072210 0.299613 0.130386 0.362868 0.678699 0.919117 0.203543 0.517205 0.046446 0.808211 0.652977 0.001232
0.157204 0.299282 0.175822 0.227799 0.671058 0.775365 0.111176 0.425336 -0.056925 0.762328 0.676069 0.177523
0.136513 0.262611 0.233678 0.446503 0.688106 0.890359 0.193334 0.491563 0.052966 0.798734 0.588068 0.066197
0.084494 0.341870 0.251141 0.320266 0.617665 0.854635 0.262316 0.409672 0.089375 0.753063 0.681586 -0.016473
0.066113 0.306238 0.179609 0.345416 0.680240 0.921315 0.172825 0.435743 0.049144 0.669281 0.627315 0.110485
0.015502 0.319009 0.126991 0.264407 0.658086 0.806468 0.253756 0.483037 -0.020181 0.726069 0.707121 0.105817
0.139017 0.301039 0.161492 0.253784 0.736479 0.856880 0.225446 0.505895 0.032142 0.717201 0.694436 0.091406
0.093152 0.245199 0.049075 0.345189 0.672858 0.906568 0.175052 0.572307 -0.001542 0.756565 0.691331 0.087928
0.075034 0.264603 0.199674 0.433211 0.565230 0.807771 0.132079 0.406778 -0.029067 0.697537 0.653268 0.101829
0.002526 0.256837 0.184578 0.470760 0.663083 0.797314 0.149850 0.400345 -0.065309 0.732312 0.629171 0.115952
0.055677 0.338722 0.164125 0.394951 0.668596 0.875473 0.229535 0.458184 0.077745 0.728056 0.629137 0.152578
0.023341 0.221088 0.091846 0.360352 0.637611 0.916966 0.143526 0.413369 0.142183 0.756643 0.680910 0.113021
0.059476 0.297803 0.165355 0.393595 0.600894 0.968376 0.234125 0.519896 -0.084492 0.793767 0.615337 0.080174
0.074043 0.262799 0.133553 0.310430 0.702204 0.900989 0.156746 0.484224 0.088531 0.731232 0.533305 0.146305
0.157373 0.335359 0.102084 0.394581 0.710082 0.817498 0.254606 0.363915 0.062827 0.807156 0.588168 0.118575
0.160683 0.295274 0.108965 0.381873 0.751672 0.871364 0.143182 0.435655 0.020544 0.752617 0.666440 0.090162
0.050697 0.349661 0.118200 0.395327 0.537589 0.821542 0.140030 0.455781 0.033680 0.722680 0.659053 0.027810
0.122479 0.333433 0.213687 0.336756 0.664037 0.902095 0.113407 0.457996 0.009737 0.792568 0.658449 0.071633
0.127582 0.304002 0.208197 0.351348 0.600734 0.886179 0.139272 0.470299 0.071356 0.775612 0.626931 0.080012
0.043632 0.337343 0.124452 0.358510 0.686428 0.856603 0.161915 0.520369 0.066113 0.874002 0.555296 -0.051314
0.060649 0.302978 0.095852 0.380826 0.627815 0.867550 0.279733 0.456214 -0.004526 0.756502 0.673385 0.116470
0.046484 0.390185 0.199713 0.251855 0.731669 0.851818 0.260519 0.466562 0.060404 0.723865 0.670725 0.081858
0.038637 0.271818 0.078073 0.395831 0.640951 0.866375 0.230384 0.530943 0.105369 0.768862 0.679159 0.074293
0.163555 0.342124 0.054038 0.327808 0.720594 0.843703 0.213019 0.520752 -0.001565 0.837781 0.594778 0.168024
0.005393 0.231957 0.213028 0.347018 0.674094 0.799384 0.239218 0.480870 0.009531 0.815223 0.611304 0.043428
0.091936 0.272476 0.163052 0.327107 0.703509 0.836363 0.198239 0.419301 0.061243 0.796641 0.591767 0.064816
0.020419 0.295362 0.183263 0.360489 0.715682 0.845465 0.239693 0.403478 0.046532 0.784750 0.557680 0.117442
0.000951 0.264517 0.101594 0.251066 0.662473 0.877942 0.174548 0.490963 -0.008888 0.780503 0.602812 0.168527
0.116254 0.268475 0.167619 0.409704 0.630137 0.862511 0.266152 0.449690 0.014093 0.734156 0.596396 0.073851
0.081270 0.390982 0.104116 0.435761 0.665461 0.793867 0.225587 0.436572 0.074366 0.800246 0.668981 0.093160
0.126714 0.273521 0.036071 0.262750 0.780306 0.943817 0.189650 0.569226 0.069593 0.791983 0.580206 0.091409
0.009379 0.327490 0.037811 0.264316 0.792312 0.819160 0.221274 0.424403 0.014012 0.812239 0.724743 0.063303
0.142842 0.333395 0.113128 0.399539 0.652711 0.929072 0.216282 0.493641 -0.036457 0.788043 0.629175 0.021796
0.048565 0.283201 0.149564 0.358633 0.677952 0.897297 0.174265 0.440794 0.045664 0.722051 0.624596 0.106708
-0.005660 0.267451 0.173123 0.330596 0.646729 0.869817 0.087149 0.453729 0.065904 0.691155 0.595275 -0.042342
0.058316 0.322329 0.146878 0.405853 0.646170 0.915014 0.173767 0.451934 0.048208 0.729844 0.659723 0.098953
0.027710 0.375195 0.044505 0.320377 0.630243 0.797802 0.232863 0.433300 0.078583 0.783537 0.648746 0.097454
0.054503 0.338942 0.187249 0.322503 0.722437 0.812134 0.162078 0.499658 -0.016858 0.715159 0.622240 0.014585
0.093593 0.216030 0.146302 0.347810 0.692108 0.895221 0.109553 0.524820 0.027688 0.805696 0.684961 0.081056
0.057513 0.262946 0.107399 0.337125 0.707304 0.909153 0.163868 0.451570 0.105377 0.755218 0.648921 0.078341
0.050726 0.261616 0.134837 0.375890 0.692377 0.863343 0.174033 0.460947 0.069346 0.744439 0.607879 0.027618
0.100471 0.295197 0.147486 0.249539 0.671497 0.891327 0.195058 0.474027 0.006650 0.795908 0.564287 0.112056
0.013056 0.197908 0.127117 0.297709 0.645215 0.871725 0.171824 0.469570 0.004924 0.706703 0.610900 0.148890
0.042688 0.216647 0.163877 0.374359 0.619941 0.849174 0.063280 0.455903 -0.035479 0.705644 0.597335 0.135971
0.085696 0.308750 0.139290 0.316064 0.626825 0.864197 0.142912 0.505465 0.060340 0.724554 0.699355 0.118540
0.122466 0.300632 0.158263 0.408502 0.689805 0.827123 0.134764 0.483571 -0.008263 0.762299 0.594640 0.072369
0.089496 0.190493 0.241506 0.436136 0.680309 0.952187 0.194467 0.430990 0.101661 0.771611 0.623992 0.089064
0.158229 0.292530 0.184929 0.296817 0.695295 0.892952 0.155289 0.494282 0.117976 0.768638 0.586272 0.129188
0.021999 0.461038 0.034784 0.329325 0.621867 0.916509 0.234424 0.463430 0.044059 0.722282 0.681822 0.026874
0.122828 0.260577 0.162175 0.288542 0.766754 0.849273 0.121735 0.469458 -0.038813 0.746187 0.653915 0.065870
0.084468 0.264746 0.151288 0.358583 0.631152 0.861308 0.195636 0.508994 0.074925 0.673460 0.745524 0.204709
0.114651 0.305598 0.072763 0.434018 0.619543 0.932920 0.222514 0.454602 0.054846 0.778294 0.625464 0.118021
0.115847 0.240258 0.078157 0.321614 0.663387 0.880111 0.163795 0.543558 0.103713 0.659801 0.632987 0.017799
0.103298 0.371294 0.232059 0.416919 0.718000 0.854396 0.220977 0.405274 0.032459 0.821717 0.627401 0.140033
0.041625 0.371342 0.148922 0.261446 0.594384 0.869912 0.151370 0.506671 0.073255 0.721609 0.724664 0.063695
0.112991 0.278136 0.113498 0.347959 0.719262 0.902541 0.218883 0.461602 0.067255 0.783614 0.614718 -0.024324
0.052959 0.293137 0.138261 0.330903 0.570652 0.965998 0.210392 0.451937 0.157116 0.819396 0.621439 0.114031
0.094716 0.388416 0.154074 0.346164 0.740406 0.830766 0.188494 0.453691 0.060055 0.768318 0.568523 0.040417
0.059061 0.351990 0.070238 0.319077 0.679160 0.878513 0.177378 0.467527 0.037431 0.721729 0.634857 0.080875
0.071112 0.214700 0.189286 0.398147 0.652571 0.827822 0.216220 0.410928 0.025593 0.732700 0.737537 0.107373
0.139690 0.297263 0.187253 0.433602 0.743868 0.857413 0.130322 0.495718 0.026591 0.760022 0.606608 0.121966
0.051598 0.288969 0.168064 0.404340 0.530175 0.835257 0.159298 0.401013 0.060598 0.782206 0.701005 0.064500
0.101145 0.280073 0.188309 0.317822 0.613234 0.812271 0.204999 0.446481 0.044934 0.805577 0.629554 0.037609
0.064828 0.345155 0.182114 0.277908 0.678357 0.801894 0.170915 0.527001 0.013798 0.732711 0.528547 0.037605
0.114280 0.298348 0.065934 0.280467 0.627749 0.889289 0.234986 0.537270 0.154071 0.826410 0.655341 0.051798
0.099569 0.329711 0.202053 0.297270 0.724640 0.812021 0.202721 0.524860 0.062458 0.682121 0.685312 0.088556
0.036800 0.285351 0.145666 0.352826 0.672280 0.852659 0.128578 0.484753 0.074783 0.913251 0.558593 0.133544
0.103800 0.365411 0.167771 0.276639 0.688502 1.036921 0.157848 0.438953 0.007474 0.839509 0.630822 0.016009
0.104738 0.317650 0.121466 0.370359 0.683516 0.869875 0.162133 0.509797 0.032263 0.778846 0.708994 0.123446
0.090187 0.334415 0.104690 0.365838 0.698213 0.871105 0.207307 0.505040 -0.048539 0.758847 0.594090 0.144193
0.094041 0.366247 0.198350 0.347511 0.631138 0.937039 0.206571 0.482724 0.082946 0.863218 0.650367 0.087875
0.141382 0.303119 0.191892 0.333657 0.649847 0.880376 0.192518 0.457792 0.090187 0.777637 0.619547 0.079166
0.064287 0.255110 0.184081 0.323885 0.712110 0.824799 0.177775 0.410550 0.024684 0.731911 0.689883 0.005776
0.071966 0.318344 0.134077 0.427489 0.646802 0.842978 0.247331 0.455873 0.007791 0.788610 0.640656 0.166504
0.047323 0.262662 0.154690 0.311304 0.666803 0.864360 0.142579 0.378227 0.018984 0.798711 0.658443 0.107593
0.153298 0.309933 0.133874 0.394540 0.663550 0.846042 0.263924 0.464803 0.078248 0.766641 0.665356 0.095506
0.039956 0.394770 0.111862 0.356415 0.675420 0.972380 0.188311 0.388595 0.100222 0.804797 0.691465 0.083622
0.087249 0.251945 0.080959 0.468602 0.674385 0.932541 0.181042 0.436009 0.009647 0.761915 0.672803 0.077108
0.038284 0.304103 0.123635 0.316124 0.695376 0.933088 0.200266 0.340802 -0.001428 0.766048 0.657203 0.089969
0.097082 0.338207 0.061159 0.413185 0.720096 0.930728 0.225669 0.468268 -0.025398 0.797595 0.690059 0.047956
0.055894 0.321228 0.103731 0.285037 0.727552 0.857721 0.230563 0.480745 0.003351 0.796532 0.634535 0.019827
0.029658 0.218259 0.127807 0.396385 0.633059 0.977362 0.262833 0.414286 -0.027936 0.756402 0.815062 0.097713
0.144901 0.337018 0.093744 0.330953 0.701087 0.861984 0.129532 0.464188 -0.038667 0.724651 0.644170 0.078707
0.029503 0.360501 0.170392 0.407981 0.658641 0.793367 0.153422 0.405376 0.087359 0.758801 0.644757 -0.048294
-0.002296 0.375435 0.200101 0.376048 0.635393 0.808530 0.261354 0.382660 0.058881 0.680672 0.545690 0.035520
0.045317 0.315622 0.154526 0.357350 0.674780 0.937482 0.152407 0.508189 0.038353 0.748944 0.710460 0.063052
0.108329 0.296658 0.135290 0.458181 0.682304 0.865636 0.174230 0.536091 0.041534 0.787343 0.683821 0.087572
0.136274 0.279664 0.140113 0.416257 0.647843 0.865208 0.219378 0.411494 0.108132 0.756904 0.662166 0.095661
0.103252 0.232973 0.142217 0.439265 0.696948 0.993204 0.163193 0.534696 -0.040923 0.796492 0.589513 0.035767
0.108663 0.329714 0.082201 0.362486 0.558882 0.889261 0.208603 0.303335 0.067802 0.718542 0.578070 0.047436
0.132384 0.185385 0.202784 0.439830 0.677061 0.905920 0.200639 0.518699 0.039574 0.721769 0.610672 0.078774
0.066121 0.257025 0.038019 0.400983 0.695953 0.936571 0.227705 0.547370 -0.014390 0.803841 0.560190 0.128844
0.090865 0.282778 0.100161 0.491785 0.680732 0.967345 0.127179 0.463933 -0.015757 0.674255 0.652981 0.113004
0.119046 0.394978 0.193389 0.354831 0.638474 0.853634 0.089012 0.521579 0.104974 0.747142 0.655775 0.105960
0.067461 0.314690 0.105456 0.443829 0.656315 0.894235 0.181614 0.441091 0.077790 0.763967 0.688345 -0.005892
0.138027 0.249267 0.167837 0.309373 0.661839 1.008988 0.195334 0.534460 0.021137 0.749983 0.599470 0.171331
0.047657 0.197284 0.098070 0.420351 0.684843 0.885124 0.176629 0.503332 -0.012163 0.743971 0.600779 0.199390
0.099635 0.249025 0.087507 0.339665 0.649980 0.916116 0.209876 0.426797 -0.002392 0.765598 0.628219 0.066097
0.082042 0.332715 0.132239 0.394911 0.674254 0.854615 0.189125 0.406322 0.015355 0.778115 0.648380 0.162283
0.106407 0.245742 0.038393 0.319028 0.612701 0.864823 0.187069 0.447207 -0.065013 0.781374 0.671269 0.109971
0.099271 0.222763 0.110618 0.320206 0.632807 0.844057 0.225041 0.458428 0.059406 0.745685 0.684696 0.092649
0.065576 0.286313 0.155439 0.368261 0.636472 0.869374 0.132638 0.440977 0.100071 0.772729 0.631882 0.099248
0.053403 0.281728 0.107286 0.316130 0.704133 0.845334 0.155289 0.361991 0.009071 0.816589 0.708055 0.054088
0.011224 0.316077 0.070957 0.415717 0.693670 0.781306 0.171909 0.485213 0.092384 0.703194 0.604245 0.092561
0.104520 0.344455 0.165428 0.291596 0.655933 0.978233 0.269070 0.544204 0.032956 0.825579 0.625877 0.120846
0.037599 0.305081 0.078115 0.348655 0.641786 0.874152 0.189390 0.444887 0.113001 0.721103 0.675016 0.083043
0.033537 0.299503 0.162149 0.378020 0.631140 0.808587 0.256384 0.448745 0.038983 0.725727 0.568151 0.104317
0.156511 0.298617 0.167847 0.316322 0.624525 0.816259 0.196840 0.471791 0.088904 0.702550 0.639669 0.116981
0.165621 0.332165 0.097888 0.374448 0.688096 0.868134 0.208790 0.509501 0.033099 0.739233 0.686763 0.173690
0.099169 0.348967 0.223516 0.259559 0.571760 0.838177 0.160040 0.503202 0.027418 0.864735 0.587682 0.098469
0.091717 0.334308 0.132698 0.266204 0.648942 0.889374 0.204410 0.443230 0.049498 0.840929 0.546266 0.008118
0.062815 0.223608 0.156927 0.313528 0.706811 0.792156 0.109755 0.458117 -0.006196 0.744481 0.643080 0.079463
0.125660 0.265333 0.112332 0.344801 0.709123 0.872547 0.129959 0.472595 0.000554 0.736764 0.576508 0.166354
0.076797 0.352748 0.138554 0.320220 0.681802 0.823993 0.238254 0.418927 0.068117 0.712010 0.615570 0.006135
-0.037972 0.318324 0.102791 0.405739 0.649630 0.919149 0.143836 0.589791 0.041937 0.845028 0.583672 0.096295
0.013795 0.306135 0.142158 0.403306 0.671665 0.869191 0.173426 0.425058 0.081782 0.779552 0.559313 -0.015006
0.095606 0.198044 0.174005 0.312932 0.770327 0.894192 0.187084 0.382134 0.042430 0.674047 0.668199 0.079207
0.023449 0.254485 0.066600 0.348526 0.778652 0.926583 0.273425 0.431474 0.100125 0.741153 0.620683 0.108025
0.007081 0.251280 0.219383 0.373498 0.713509 0.852547 0.168634 0.385255 0.111803 0.802399 0.778124 0.036184
0.162273 0.383163 0.113514 0.300578 0.767892 0.833111 0.126635 0.548347 0.048080 0.768920 0.605337 0.107737
0.047534 0.236701 0.105894 0.455697 0.611124 0.827854 0.231635 0.453172 0.094227 0.721399 0.606481 0.121026
0.087216 0.284517 0.116038 0.336284 0.690553 0.900690 0.229188 0.458591 0.045022 0.730090 0.649916 0.082768
0.147961 0.202100 0.181323 0.343487 0.678176 0.939318 0.166411 0.469442 0.055922 0.809214 0.728072 0.091076
0.119735 0.282248 0.113507 0.306479 0.677080 0.926207 0.129650 0.399785 0.011385 0.746530 0.631345 0.059875
0.151700 0.254485 0.167931 0.288159 0.730819 0.854301 0.217133 0.438509 0.000575 0.745924 0.539705 -0.032247
0.140834 0.371576 0.131901 0.396805 0.664430 0.971418 0.173477 0.519313 0.023082 0.828405 0.692372 0.075179
0.142952 0.329516 0.212701 0.438378 0.777481 0.878206 0.305498 0.427800 -0.041353 0.772414 0.586068 0.057695
0.030116 0.369920 0.156444 0.265503 0.738027 0.903574 0.209077 0.457915 0.083391 0.805014 0.697582 0.062240
0.109405 0.259762 0.120202 0.364340 0.711638 0.936931 0.166116 0.488328 0.047077 0.806430 0.686966 0.040489
0.053032 0.272801 0.168045 0.337592 0.648641 0.872476 0.333331 0.438621 0.080114 0.840150 0.529307 0.004815
0.045238 0.279830 0.132657 0.350407 0.608339 0.870737 0.180490 0.451717 -0.024702 0.809381 0.609198 0.092774
0.124972 0.268007 0.141242 0.375793 0.667009 0.847105 0.155978 0.480249 0.188462 0.578671 0.646597 0.080510
0.037345 0.193071 0.208959 0.301631 0.702108 0.849437 0.215991 0.495795 0.048175 0.836274 0.670245 0.145105
0.140348 0.377924 0.081114 0.368384 0.727053 0.869998 0.235221 0.472548 0.105199 0.807963 0.629882 0.123811
0.053936 0.335889 0.193127 0.386671 0.572710 0.862827 0.189398 0.488430 0.078443 0.775974 0.525013 0.085465
0.052160 0.305669 0.024029 0.354778 0.667307 0.913872 0.147134 0.501761 0.008086 0.769599 0.644553 0.077307
0.081846 0.369003 0.124145 0.375594 0.749017 0.824157 0.095728 0.555596 -0.035857 0.868383 0.714614 0.137476
0.067004 0.343045 0.139257 0.304367 0.597851 0.939910 0.158832 0.512823 -0.033724 0.637639 0.650199 0.010515
0.132411 0.292629 0.118005 0.404987 0.692618 0.769502 0.138711 0.392390 0.051104 0.699496 0.576728 0.036624
0.112880 0.315452 0.066212 0.435220 0.630550 0.860337 0.166990 0.582717 -0.033223 0.700585 0.703934 0.034088
0.062702 0.325312 0.204354 0.381574 0.706653 0.780277 0.178681 0.479079 0.068443 0.724468 0.686535 0.041662
0.064929 0.251295 0.073144 0.429307 0.699091 1.006278 0.202175 0.432094 0.131862 0.794852 0.698891 0.035712
0.098189 0.264180 0.210262 0.415804 0.616138 0.915435 0.124401 0.473356 0.063808 0.645882 0.613890 0.052587
0.069620 0.252792 0.219772 0.327163 0.692833 0.896538 0.167993 0.436685 0.017273 0.722634 0.604536 -0.011292
0.031657 0.301035 0.154398 0.271263 0.675302 0.847487 0.216643 0.454859 -0.048738 0.809867 0.655389 0.057516
0.053562 0.379602 0.101837 0.304312 0.675862 0.893345 0.197200 0.450418 0.077168 0.743317 0.657416 0.144484
0.061569 0.293295 0.076426 0.368873 0.714073 0.912661 0.145860 0.504062 -0.051729 0.820612 0.598468 0.069524
0.058466 0.286596 0.173659 0.328001 0.673189 0.959504 0.151964 0.468295 0.061297 0.785319 0.633419 0.103693
0.055105 0.250147 0.145518 0.398270 0.787335 0.889842 0.202839 0.443952 0.107633 0.852992 0.652382 0.083106
0.007271 0.333811 0.079055 0.378888 0.543968 0.808672 0.212825 0.439352 0.022512 0.756702 0.645723 0.091613
0.038313 0.394371 0.123405 0.343093 0.662052 0.882161 0.140973 0.517675 0.013616 0.823582 0.616990 -0.013296
0.115734 0.277696 0.025062 0.365966 0.656108 0.860703 0.198501 0.438730 -0.003131 0.804564 0.660652 0.081886
0.167302 0.307158 0.089744 0.332017 0.662866 0.935004 0.227834 0.413262 -0.009909 0.731965 0.639592 0.123617
0.087892 0.358411 0.130524 0.278474 0.707420 0.935438 0.186348 0.479712 0.081948 0.714355 0.593615 0.121435
0.082480 0.292730 0.112859 0.374720 0.672258 0.878048 0.170154 0.549888 0.043352 0.690805 0.638380 0.125023
0.099200 0.305933 0.166225 0.370691 0.686809 0.896217 0.127511 0.491989 0.009833 0.739047 0.626104 0.065850
0.021191 0.271735 0.149281 0.373399 0.577535 0.911685 0.172855 0.372821 0.049882 0.727415 0.628223 0.091492
0.146094 0.413333 0.178446 0.335657 0.606565 0.883401 0.129913 0.450431 -0.054022 0.843394 0.588379 0.085777
0.023197 0.338258 0.261645 0.376377 0.700051 0.875414 0.098125 0.490231 0.066559 0.770738 0.658014 0.013905
0.054570 0.327520 0.096665 0.342393 0.689339 0.858741 0.035005 0.462561 0.051711 0.781443 0.677339 0.114704
0.110750 0.369961 0.036884 0.446111 0.640150 0.830936 0.204469 0.388361 0.052347 0.738851 0.658946 0.121529
0.043890 0.187264 0.083551 0.390643 0.599961 0.861170 0.104612 0.419526 0.043247 0.793937 0.664703 0.103406
-0.048865 0.352168 0.150208 0.359388 0.668800 0.871697 0.134474 0.477918 0.087207 0.786963 0.659879 0.111433
0.149193 0.309204 0.204187 0.353894 0.620630 0.899292 0.243252 0.451085 0.055320 0.678040 0.632396 0.120989
0.050979 0.283389 0.118913 0.414832 0.681425 0.852588 0.217346 0.538967 0.030570 0.768826 0.674478 0.118104
0.074966 0.225622 0.188715 0.325453 0.727710 0.849230 0.241183 0.522048 0.001143 0.767684 0.631896 0.022179
0.025464 0.288371 0.206945 0.378598 0.530205 0.939735 0.178237 0.500762 0.051496 0.791280 0.778025 0.043019
0.030643 0.257735 0.107068 0.320421 0.795494 0.889642 0.107731 0.444661 -0.020456 0.742036 0.707492 0.130805
0.003775 0.351416 0.155172 0.424779 0.583776 0.933643 0.251225 0.504936 0.005973 0.741546 0.556406 0.109090
0.053012 0.253498 0.091822 0.273854 0.666491 0.893783 0.222886 0.493377 0.052412 0.722694 0.683706 0.079542
0.114377 0.265301 0.173100 0.321279 0.692367 0.921117 0.166006 0.478806 0.004024 0.801908 0.668454 0.023243
0.177289 0.331375 0.131287 0.280574 0.723338 0.825478 0.175855 0.437174 0.029910 0.877665 0.659586 -0.037032
0.008237 0.282069 0.106358 0.331208 0.670228 0.863485 0.218122 0.476845 0.063434 0.789655 0.634029 0.172181
0.045539 0.477116 0.124886 0.421919 0.760363 0.816273 0.244028 0.579104 -0.008515 0.766640 0.627021 0.096979
0.085017 0.288373 0.113831 0.467625 0.705900 0.875191 0.169779 0.511420 0.065950 0.817478 0.629340 -0.012015
0.092063 0.318631 0.047411 0.337915 0.685919 0.863740 0.230493 0.351320 0.047405 0.724037 0.622412 0.144030
0.148437 0.255550 0.027958 0.345243 0.618152 0.924583 0.157967 0.470990 0.001694 0.763639 0.575547 0.052543
0.003613 0.300093 0.082005 0.451353 0.639528 0.977040 0.127221 0.531811 0.044690 0.782785 0.614205 0.064983
0.035533 0.241657 0.112160 0.393699 0.549385 0.861871 0.209754 0.473434 0.024979 0.770477 0.667881 0.030656
0.117451 0.293750 0.128500 0.352176 0.723879 0.904582 0.195530 0.492752 0.037693 0.778211 0.723934 -0.033392
0.083983 0.242780 0.118250 0.336717 0.637015 0.862038 0.176185 0.438611 0.024614 0.755845 0.712658 0.083782
0.061667 0.248870 0.142258 0.373217 0.723943 0.815723 0.193816 0.458148 -0.044653 0.814687 0.607494 0.053588
0.104386 0.245856 0.036275 0.296311 0.628851 0.978360 0.148673 0.393159 0.079526 0.762211 0.704333 -0.013400
0.009781 0.310918 0.095832 0.331080 0.705424 0.860037 0.102597 0.516622 0.026003 0.710097 0.555078 0.123432
0.173807 0.299816 0.174377 0.286778 0.652981 0.878612 0.123023 0.498280 0.023155 0.722400 0.579196 0.018925
0.037055 0.265029 0.118203 0.415475 0.616801 0.842484 0.214212 0.521473 -0.026383 0.789433 0.661076 0.094873
0.079765 0.336367 0.190089 0.337499 0.681080 0.747147 0.152686 0.459506 -0.019968 0.730634 0.622322 0.134782
0.122134 0.312086 0.150369 0.376252 0.722102 0.819510 0.182492 0.470688 0.075996 0.804217 0.582633 0.150556
0.030584 0.272864 0.108340 0.296409 0.648483 0.823539 0.189470 0.482708 0.083242 0.744210 0.538114 -0.004870
0.053252 0.331902 0.109691 0.329320 0.662392 0.906848 0.159562 0.530606 0.075473 0.746079 0.586692 0.058389
0.100237 0.322130 0.100135 0.300122 0.699576 0.826994 0.167902 0.487844 -0.060932 0.788710 0.554020 0.152311
0.078822 0.330268 0.196819 0.423503 0.739579 0.863211 0.152395 0.397440 0.115009 0.694877 0.592293 0.098111
0.079146 0.354285 0.115573 0.394179 0.759643 0.900492 0.212113 0.431841 0.013522 0.804897 0.621935 0.153337
0.107529 0.213550 0.128098 0.310058 0.644414 0.906115 0.153713 0.390239 0.010755 0.749009 0.706462 0.008979
0.162343 0.319145 0.086361 0.358126 0.674750 0.926861 0.179849 0.431431 -0.024820 0.809974 0.686995 0.028930
-0.020095 0.316871 0.096970 0.314765 0.738280 0.886304 0.138102 0.453081 -0.038852 0.744933 0.569211 0.135359
0.088680 0.217860 0.067872 0.291043 0.633215 0.807155 0.134368 0.542091 0.019589 0.664353 0.643503 0.065818
0.105867 0.307320 0.134680 0.423005 0.734267 0.821014 0.061294 0.512618 -0.012630 0.738648 0.585066 0.115834
0.158411 0.319873 0.206524 0.438514 0.642973 0.915294 0.138104 0.512428 -0.000802 0.789821 0.641388 0.065583
