1000 12 800
0.737483 0.122970 0.743258 0.073741 0.487141 0.885362 0.616194 0.891258 0.133248 0.362831 0.188687 0.323511
0.792561 0.076881 0.664960 0.166318 0.424511 0.804207 0.475467 0.760384 0.044865 0.396520 0.309275 0.362762
0.731887 0.091925 0.643795 0.159057 0.407021 0.835775 0.508849 0.809622 0.186377 0.449922 0.230850 0.306061
0.768975 0.070664 0.673154 0.089484 0.402870 0.901133 0.639693 0.818250 0.151222 0.462538 0.290663 0.299429
0.773033 0.084891 0.694539 0.118039 0.444109 0.844084 0.546140 0.872647 0.032264 0.476416 0.264621 0.380997
0.820006 0.115532 0.751742 0.065532 0.427694 0.934676 0.549221 0.791506 0.018478 0.424423 0.221802 0.281929
0.744786 0.039634 0.719112 0.116003 0.512070 0.952095 0.548919 0.924488 0.024945 0.407095 0.268283 0.333135
0.829019 0.022429 0.776545 0.038577 0.489552 0.886917 0.618051 0.808968 0.157910 0.375102 0.237611 0.312695
0.784666 0.021469 0.706448 0.196978 0.498693 0.909100 0.665849 0.876784 0.128866 0.467880 0.230753 0.342438
0.817125 0.062304 0.662661 0.153800 0.504969 0.882173 0.656226 0.925144 0.060139 0.518722 0.281860 0.208849
0.828717 0.069713 0.718164 0.098483 0.440769 0.858128 0.630864 0.853578 0.087686 0.427058 0.235497 0.314435
0.774350 0.089609 0.772968 0.081881 0.453717 0.788676 0.625308 0.960679 0.115769 0.334167 0.285039 0.394520
0.764910 0.137400 0.733225 0.171442 0.489009 0.817547 0.532827 0.819459 0.174013 0.504135 0.179497 0.322304
0.903511 0.129728 0.722870 0.089285 0.482836 0.832005 0.697657 0.872094 0.180632 0.443485 0.220607 0.310071
0.789969 0.190401 0.694676 0.153454 0.430390 0.855846 0.604423 0.882626 0.211670 0.415632 0.187333 0.372213
0.861690 0.071268 0.748412 0.089338 0.497477 0.846305 0.589962 0.859722 0.067116 0.491706 0.226664 0.371798
0.788658 0.090733 0.617759 0.149759 0.459760 0.840961 0.660327 0.839422 0.100228 0.503667 0.135532 0.538973
0.764978 0.000358 0.699105 0.183446 0.568688 0.919059 0.528608 0.778376 0.176049 0.390605 0.218106 0.240667
0.736519 0.146888 0.753780 0.149125 0.467420 0.882906 0.497390 0.842926 0.064268 0.439312 0.184581 0.280056
0.820350 0.058023 0.746446 0.140970 0.525075 0.961496 0.648509 0.895777 0.147242 0.463205 0.236750 0.310602
0.832660 0.075830 0.645058 0.112756 0.429224 0.810874 0.606341 0.835911 0.142899 0.443306 0.215806 0.336848
0.890311 0.102752 0.664976 0.091819 0.439138 0.839301 0.635419 0.833855 0.169429 0.427800 0.211136 0.300094
0.862859 0.041704 0.653391 0.075832 0.475570 0.965249 0.652095 0.872856 0.069123 0.485859 0.210198 0.389641
0.853562 0.097074 0.704052 0.172981 0.519549 0.931457 0.581409 0.866276 0.043169 0.408458 0.232055 0.234528
0.779485 0.145497 0.728143 0.149872 0.384748 0.886991 0.568255 0.926965 0.071060 0.428668 0.181432 0.283987
0.868163 0.017064 0.749737 0.130152 0.479275 0.894940 0.659371 0.918626 0.050683 0.456675 0.202972 0.318826
0.770390 0.041949 0.635899 0.202200 0.457292 0.780641 0.545693 0.867333 0.128746 0.341959 0.184845 0.287832
0.768953 0.012807 0.708579 0.084102 0.371341 0.829081 0.613398 0.890997 0.167298 0.385353 0.151842 0.288295
0.790959 0.147725 0.787264 0.175623 0.510075 0.925749 0.562258 0.925192 0.108125 0.342791 0.296522 0.465188
0.848641 0.117228 0.741223 0.172204 0.515325 0.853782 0.604405 0.832512 0.140382 0.367446 0.273419 0.250313
0.863396 0.086812 0.705584 0.047599 0.490701 0.862038 0.460531 0.879292 0.146422 0.489008 0.202405 0.407742
0.800407 0.045366 0.720038 0.219041 0.466686 0.881118 0.646999 0.791613 0.129567 0.358904 0.238548 0.237153
0.807950 0.054205 0.780701 0.079807 0.514021 0.869171 0.565109 0.797144 0.183199 0.449217 0.224191 0.189947
0.882322 0.036710 0.647118 0.134685 0.435681 0.901533 0.577116 0.834414 0.119510 0.418260 0.224364 0.310113
0.821122 0.033586 0.709964 0.157471 0.501788 0.783972 0.647103 0.758158 0.113158 0.373618 0.152570 0.161406
0.809187 0.036261 0.697407 0.173503 0.567004 0.861753 0.606743 0.783648 0.062849 0.444814 0.185360 0.248180
0.754093 0.054592 0.622322 0.153818 0.450270 0.867050 0.506631 0.845025 0.071181 0.435676 0.193761 0.393723
0.777678 0.069385 0.699357 0.093588 0.507948 0.858143 0.574117 0.827507 0.041799 0.431570 0.237917 0.301478
0.872656 0.151048 0.599487 0.095290 0.326529 0.849408 0.598966 0.784848 0.117675 0.337679 0.221109 0.258204
0.802414 0.156111 0.738197 0.038687 0.444093 0.915819 0.513454 0.841309 0.081061 0.487383 0.197258 0.337282
0.773093 0.073908 0.713311 0.155411 0.488682 0.922765 0.586004 0.838664 0.123935 0.410016 0.261127 0.325867
0.744358 0.031633 0.748262 0.136720 0.451277 0.914037 0.583209 0.837303 0.068333 0.467010 0.123244 0.285287
0.857349 0.074375 0.682321 0.139440 0.468153 0.771047 0.554781 0.895752 0.116019 0.418978 0.284911 0.337858
0.881552 0.083669 0.742459 0.126983 0.456575 0.901114 0.591505 0.959264 0.100867 0.396828 0.209947 0.336756
0.700994 0.081605 0.736495 0.217670 0.503499 0.863529 0.603570 0.860542 0.133203 0.346257 0.186871 0.421705
0.792111 0.077567 0.731083 0.099680 0.457698 0.913519 0.566283 0.910977 0.215059 0.389911 0.235299 0.358982
0.927171 0.056619 0.615711 0.058213 0.534380 0.854609 0.566189 0.915590 0.106052 0.359543 0.230908 0.294440
0.873260 0.104791 0.661797 0.073513 0.495570 0.830985 0.593461 0.853648 0.110399 0.434032 0.300154 0.352137
0.744689 0.039986 0.664709 0.096783 0.466731 0.844829 0.544343 0.901061 0.051467 0.453406 0.152740 0.281955
0.765881 0.178254 0.760401 0.127833 0.483123 0.807446 0.559767 0.807382 0.194618 0.390795 0.197793 0.319719
0.757073 0.078050 0.779066 0.147603 0.481167 0.774016 0.549054 0.855308 0.131714 0.481140 0.247129 0.349979
0.818857 0.138377 0.704800 0.114708 0.445276 0.902869 0.542015 0.846757 0.127988 0.426819 0.237253 0.303481
0.844106 0.005019 0.665888 0.088366 0.489418 0.867635 0.481483 0.741811 0.131234 0.477394 0.233127 0.294238
0.872662 0.041379 0.644079 0.086226 0.424562 0.875917 0.493580 0.904993 0.121258 0.390963 0.244730 0.325680
0.813580 0.112938 0.758020 0.157767 0.433602 0.947069 0.614584 0.845820 0.097948 0.521126 0.238914 0.226684
0.903522 0.057037 0.646964 0.045418 0.434141 0.905257 0.529774 0.875138 0.100299 0.496281 0.263204 0.288200
0.792273 0.172335 0.783671 0.097900 0.358759 0.793240 0.610238 0.860771 0.104130 0.459076 0.255543 0.334976
0.826189 0.058765 0.819911 0.218555 0.389412 0.805468 0.517394 0.845944 0.177367 0.372696 0.250711 0.313203
0.823884 0.099432 0.664550 0.195046 0.513069 0.966250 0.573679 0.827684 0.156089 0.398482 0.278117 0.371948
0.795630 0.146230 0.698697 0.129590 0.455933 0.872291 0.582448 0.810141 0.151565 0.514694 0.298827 0.411362
0.758487 0.086954 0.727818 0.066251 0.414073 0.846956 0.652380 0.836477 0.084121 0.367660 0.175700 0.297809
0.803792 0.136504 0.685811 0.153050 0.495635 0.835495 0.547966 0.800986 0.083773 0.359339 0.254528 0.338152
0.775698 0.071341 0.688380 0.078711 0.430191 0.840562 0.655076 0.935875 0.182257 0.430912 0.227268 0.330674
0.808096 0.105535 0.711523 0.142955 0.483282 0.836881 0.550769 0.848210 0.127388 0.356403 0.223697 0.306105
0.825889 0.061027 0.646369 0.129115 0.598114 0.845661 0.635031 0.858383 0.121224 0.356071 0.280770 0.279641
0.891766 0.006634 0.710182 0.067874 0.568057 0.941808 0.638157 0.856913 0.120437 0.346477 0.259345 0.330237
0.731848 0.080496 0.756245 0.102707 0.416930 0.874379 0.636025 0.780353 0.131806 0.393288 0.187603 0.374346
0.807943 0.142995 0.715438 0.170869 0.464695 0.863249 0.665225 0.742658 0.137686 0.491515 0.282930 0.262138
0.851936 0.121587 0.680284 0.139748 0.371539 0.859800 0.549645 0.904994 0.198447 0.393466 0.241394 0.323762
0.754437 0.063011 0.672917 0.178095 0.499188 0.887534 0.603677 0.849464 0.085234 0.429542 0.224709 0.345787
0.735927 0.159757 0.706607 0.108729 0.517541 0.831407 0.666008 0.967317 0.185754 0.358714 0.178539 0.321805
0.800913 0.078967 0.818628 0.226214 0.536455 0.941876 0.488773 0.879395 0.182677 0.470329 0.142112 0.283199
0.747721 0.163810 0.772693 0.096500 0.522970 0.883492 0.702244 0.838247 0.068232 0.435164 0.225587 0.352535
0.788880 0.024808 0.714859 0.101324 0.451625 0.856915 0.574804 0.784292 0.138781 0.398814 0.208955 0.341597
0.743414 0.121990 0.838927 0.155713 0.424083 0.909924 0.600508 0.908147 0.091871 0.464643 0.112363 0.324281
0.780816 0.036217 0.793306 0.022367 0.461010 0.908811 0.617632 0.810786 0.078974 0.349394 0.121545 0.292578
0.842168 0.118207 0.749404 0.151007 0.590588 0.869919 0.638584 0.917508 0.101898 0.466099 0.164072 0.402484
0.780320 0.061062 0.652779 0.109994 0.541179 0.920220 0.546192 0.863814 0.064043 0.422951 0.223266 0.266830
0.852321 0.042265 0.759731 0.106943 0.445784 0.825298 0.550090 0.854841 0.084465 0.467183 0.215016 0.293020
0.796520 0.052902 0.702815 0.027057 0.475064 0.930683 0.543319 0.901504 0.142999 0.473293 0.227189 0.273453
0.809859 0.111673 0.757297 0.153476 0.438798 0.959493 0.551219 0.887331 0.113083 0.420192 0.185249 0.303578
0.806868 0.053728 0.746008 0.098052 0.460541 0.834742 0.574528 0.907356 0.124211 0.388654 0.243198 0.244672
0.843101 0.061154 0.750704 0.071420 0.429564 0.782596 0.528409 0.821180 0.131148 0.391508 0.255322 0.289927
0.708118 0.036995 0.720687 0.108942 0.381960 0.809503 0.548523 0.888720 0.121114 0.425166 0.176434 0.264916
0.781614 0.067399 0.809018 0.136834 0.473367 0.880228 0.615536 0.873396 0.109066 0.365625 0.208661 0.272010
0.702625 0.106698 0.737632 0.123867 0.364122 0.926673 0.608874 0.855674 0.134702 0.401125 0.225791 0.334125
0.787752 0.064535 0.749153 0.089220 0.526232 0.890661 0.646387 0.862633 0.144401 0.392625 0.215583 0.285780
0.910659 0.135912 0.751626 0.196122 0.447035 0.937434 0.640438 0.968096 0.097459 0.410588 0.276620 0.320901
0.815404 0.065457 0.694967 0.126385 0.484380 0.881238 0.545540 0.799800 0.108904 0.457235 0.199998 0.372026
0.776871 0.087757 0.781536 0.172358 0.455660 0.950326 0.622839 0.845369 0.037071 0.494771 0.232085 0.343026
0.765714 0.067554 0.818180 0.154031 0.409405 0.861928 0.639041 0.961640 0.191856 0.484445 0.238213 0.332919
0.786905 0.090855 0.724864 0.131043 0.469140 0.841766 0.612044 0.793738 0.110759 0.339115 0.218121 0.323289
0.777318 0.076158 0.730944 0.173361 0.521209 0.890551 0.587298 0.848406 0.046111 0.470451 0.208882 0.264475
0.782078 0.117001 0.705820 0.127576 0.416045 0.901689 0.521349 0.904348 0.145967 0.458829 0.271529 0.404523
0.802921 0.041754 0.635498 0.168662 0.453102 0.943457 0.635184 0.871446 0.037635 0.517063 0.261316 0.255365
0.797257 0.069096 0.668224 0.104756 0.559027 0.881568 0.595437 0.770214 0.122677 0.446969 0.208971 0.334280
0.761072 0.056989 0.751368 0.097691 0.387850 0.870704 0.561056 0.879190 0.162463 0.370508 0.240086 0.317128
0.836509 0.155453 0.751367 0.075461 0.424516 0.909668 0.626037 0.834116 0.071156 0.433228 0.195367 0.315556
0.737980 0.087919 0.742402 0.188832 0.406443 0.883840 0.626546 0.870186 0.164138 0.381963 0.299944 0.291101
0.880575 0.154140 0.757916 0.195404 0.408094 0.878814 0.632613 0.827800 0.031643 0.399654 0.289479 0.331804
0.734072 0.032206 0.740963 0.129287 0.483460 0.911560 0.591414 0.868743 0.084285 0.356424 0.362952 0.293487
0.804529 0.103179 0.667861 0.121090 0.549950 0.854619 0.540813 0.833071 0.089599 0.440668 0.141532 0.346476
0.909027 0.080446 0.867410 0.057218 0.414571 0.902136 0.522281 0.848517 0.128860 0.515877 0.226771 0.292983
0.807374 0.114632 0.750243 0.034705 0.473750 0.872302 0.668686 0.837263 0.168018 0.394095 0.286342 0.349210
0.881823 0.030764 0.744778 0.093121 0.529865 0.943916 0.655794 0.854380 0.144190 0.327202 0.244952 0.245986
0.838402 0.080916 0.809384 0.151687 0.443199 0.848024 0.634316 0.953086 0.172789 0.453802 0.256734 0.306958
0.785069 0.030884 0.711413 0.077809 0.476893 0.938240 0.617152 0.765842 0.153556 0.355160 0.229261 0.278566
0.841854 0.057523 0.735849 0.160305 0.433064 0.921167 0.628135 0.909757 0.071940 0.463894 0.236321 0.358114
0.790622 0.153147 0.711900 0.162748 0.386817 0.775984 0.574010 0.893938 0.236273 0.363614 0.260467 0.273374
0.827206 0.128827 0.682424 0.118873 0.426744 0.863791 0.610759 0.902818 0.113864 0.419098 0.202320 0.281512
0.795263 0.077137 0.741610 0.146626 0.462924 0.944562 0.573558 0.850215 0.003841 0.393922 0.135369 0.263629
0.963868 0.092720 0.665629 0.149814 0.489152 0.884516 0.578409 0.823283 0.138229 0.336803 0.155770 0.349348
0.910869 0.025860 0.796082 0.019138 0.400845 0.900760 0.533518 0.883879 0.083405 0.378712 0.152602 0.371813
0.883751 0.049641 0.665490 0.140387 0.508952 0.856189 0.617965 0.941544 0.093211 0.465599 0.161095 0.399635
0.888568 0.158832 0.776929 0.112095 0.490447 0.883543 0.549447 0.837249 0.184402 0.356950 0.244531 0.293251
0.820925 0.081563 0.711658 0.081673 0.417583 0.933063 0.623144 0.802624 0.075512 0.411405 0.177984 0.193587
0.789788 0.012801 0.713667 0.071649 0.350255 0.769073 0.617658 0.944581 0.096186 0.514171 0.192511 0.294566
0.766979 0.114757 0.757258 0.082269 0.393417 0.819779 0.684584 0.877283 -0.028555 0.292196 0.183939 0.291396
0.878255 0.155832 0.773134 0.098724 0.378484 0.880587 0.566875 0.814930 0.092286 0.340941 0.256810 0.321437
0.791533 0.070873 0.737852 0.138293 0.514475 0.893509 0.511138 0.847223 0.103643 0.415758 0.297552 0.268378
0.824550 0.066232 0.652212 0.116685 0.480235 0.815130 0.587320 0.817673 0.115991 0.486902 0.272375 0.373835
0.889817 0.016816 0.723032 0.105443 0.465745 0.826212 0.528521 0.851680 0.175935 0.314274 0.212425 0.304467
0.831205 0.075681 0.714109 0.203265 0.468218 0.828599 0.682244 0.944093 0.091005 0.461967 0.197522 0.337153
0.825274 0.101580 0.660783 0.104932 0.532921 0.810958 0.592486 0.910948 0.099218 0.403942 0.210763 0.389719
0.827824 0.177256 0.699675 0.265366 0.541623 0.907259 0.502351 0.836678 0.173574 0.377912 0.261155 0.318158
0.763912 0.058417 0.738487 0.095985 0.501176 0.968420 0.543792 0.839195 0.166721 0.475172 0.193899 0.367147
0.782352 0.114893 0.734045 0.194884 0.483365 1.008815 0.569544 0.830962 0.153713 0.415057 0.199074 0.308876
0.742944 0.081619 0.741608 0.161585 0.444774 0.890247 0.641244 0.851323 0.131144 0.323789 0.252624 0.240639
0.839870 0.045280 0.635149 0.144936 0.462158 0.899668 0.591437 0.911675 0.072585 0.409481 0.144322 0.297864
0.816078 0.143695 0.766117 0.162018 0.449722 0.855877 0.621105 0.858960 0.163093 0.407850 0.193381 0.362030
0.745448 0.044191 0.655449 0.168820 0.434584 0.850167 0.568900 0.856349 0.136842 0.402964 0.261644 0.318858
0.748951 0.182160 0.755084 0.056677 0.483719 0.834697 0.588405 0.914390 0.092126 0.397187 0.266179 0.240178
0.841822 0.038581 0.713447 0.170319 0.457880 0.822334 0.623917 0.831382 0.061629 0.418479 0.225591 0.326375
0.767203 -0.024945 0.732028 0.208484 0.442058 0.874008 0.583023 0.968261 0.140244 0.389869 0.186147 0.330793
0.806926 0.086978 0.737458 0.236238 0.462406 0.833876 0.611060 0.925183 0.182681 0.307635 0.283907 0.285450
0.848679 0.086869 0.738551 0.141704 0.431442 0.845296 0.634700 0.863333 0.047537 0.428380 0.133104 0.300087
0.724356 0.145091 0.656272 0.203114 0.464352 0.937823 0.592020 0.859679 0.126735 0.432238 0.233115 0.342886
0.867930 0.128589 0.759542 0.077602 0.499863 0.761048 0.557581 0.812495 0.147590 0.486473 0.145264 0.365003
0.801813 0.101126 0.715297 -0.008971 0.451065 0.891610 0.638399 0.957379 0.030970 0.430830 0.215160 0.239040
0.777346 0.088521 0.598524 0.203107 0.441682 0.849484 0.538376 0.897976 0.101667 0.484671 0.207562 0.228565
0.839075 0.125421 0.658080 0.048973 0.572066 0.882377 0.627967 0.855798 0.146798 0.395460 0.298944 0.294591
0.784466 -0.002965 0.709272 0.120871 0.486676 0.904376 0.659742 0.906334 0.119131 0.451925 0.230136 0.358442
0.871529 0.039123 0.702837 0.101178 0.478710 0.926095 0.529705 0.859178 0.200513 0.437850 0.226027 0.287359
0.831918 0.086556 0.759609 0.055036 0.444086 0.872294 0.568861 0.902396 0.024944 0.450538 0.199398 0.418690
0.747979 0.097194 0.752131 0.206620 0.428825 0.848283 0.610413 0.876026 0.041297 0.374382 0.302227 0.295095
0.818265 0.098536 0.790573 0.056412 0.531325 0.877364 0.633025 0.796821 0.044428 0.487164 0.234057 0.351736
0.798068 0.081074 0.640976 0.180576 0.480747 0.864287 0.598485 0.768612 0.098166 0.314814 0.225618 0.308138
0.798592 0.018222 0.653619 0.135368 0.414376 0.832275 0.570025 0.858263 0.085833 0.457571 0.184541 0.268937
0.819401 0.027230 0.633878 0.134785 0.386601 0.898179 0.621821 0.876257 0.093169 0.411662 0.152135 0.264916
0.746972 0.101595 0.750797 0.176949 0.436450 0.875972 0.662403 0.783895 0.113478 0.531333 0.160534 0.367245
0.892744 0.112897 0.723322 0.126078 0.521649 0.836281 0.589133 0.882821 0.035955 0.418993 0.126594 0.314921
0.784088 0.118665 0.635176 0.122800 0.443773 0.876204 0.572682 0.752618 0.132514 0.395763 0.186771 0.296825
0.764700 0.045638 0.721850 0.111682 0.462286 0.853626 0.593693 0.905029 0.144547 0.363066 0.209039 0.346977
0.839253 0.040826 0.663596 0.217257 0.469983 1.007549 0.531219 0.878375 0.020839 0.409968 0.268706 0.274520
0.816508 0.119795 0.743233 0.004005 0.441749 0.885575 0.600437 0.867183 0.117776 0.462584 0.277378 0.358630
0.671129 0.064946 0.649661 0.123810 0.536861 0.828235 0.571625 0.841341 0.119691 0.377886 0.298770 0.377374
0.818755 0.103638 0.735077 0.150098 0.482927 0.870363 0.553877 0.941361 0.109576 0.351662 0.191637 0.328634
0.789436 0.183433 0.732469 0.016408 0.390707 0.898803 0.506697 0.977005 0.112485 0.388513 0.242394 0.329747
0.834703 -0.017584 0.643277 0.120605 0.357063 1.022455 0.582311 0.873689 0.136429 0.357559 0.204449 0.223915
0.854718 0.099150 0.651418 0.108215 0.390523 0.819891 0.679980 0.933855 0.146812 0.285534 0.276115 0.346392
0.749705 0.051047 0.573590 0.173987 0.481035 0.759412 0.529699 0.828467 0.168140 0.438598 0.185810 0.364204
0.708198 0.088878 0.737066 0.099080 0.488755 0.826167 0.520922 0.881572 0.127392 0.482823 0.237496 0.309301
0.857673 0.059057 0.743331 0.101527 0.437823 0.847078 0.615563 0.811061 0.156643 0.458692 0.240988 0.258535
0.802392 0.130419 0.750032 0.113774 0.341250 0.797952 0.544527 0.826470 0.178046 0.433513 0.200056 0.318651
0.767702 0.089806 0.733707 0.123903 0.460620 0.908749 0.474452 0.878464 0.135603 0.411537 0.269850 0.334408
0.708726 0.009157 0.909253 0.083996 0.482362 0.839147 0.608600 0.862293 0.082080 0.469682 0.317236 0.388796
0.762573 0.135368 0.754348 0.181794 0.472521 0.894517 0.522729 0.830769 0.094697 0.479341 0.277267 0.309306
0.243249 0.897120 0.529343 0.433052 0.523536 0.392134 0.823547 0.422958 0.568249 0.832738 0.007499 0.540893
0.321445 0.916603 0.440125 0.528211 0.655008 0.474284 0.641233 0.481360 0.541445 0.796172 0.031975 0.376555
0.245806 0.919173 0.482546 0.417890 0.678470 0.403999 0.766820 0.365488 0.572482 0.806124 -0.025042 0.398295
0.220243 0.884341 0.447052 0.440840 0.449573 0.466162 0.741791 0.266710 0.523109 0.760159 0.041605 0.581731
0.224568 0.896176 0.475467 0.494932 0.609405 0.484403 0.767224 0.373311 0.576326 0.816040 0.008061 0.442415
0.222828 0.934665 0.427005 0.387049 0.493816 0.521291 0.661877 0.413023 0.533386 0.913341 0.100721 0.419825
0.356486 0.923646 0.358709 0.412888 0.582064 0.435074 0.629911 0.340685 0.526834 0.785245 -0.002493 0.389897
0.255712 0.899952 0.588772 0.452011 0.507728 0.441015 0.766783 0.311673 0.563706 0.794488 0.021865 0.413618
0.215325 0.994473 0.457049 0.425639 0.587669 0.478020 0.575897 0.342408 0.586359 0.821466 0.132997 0.404378
0.298874 0.977154 0.512997 0.482561 0.587963 0.490965 0.639029 0.338424 0.535733 0.786456 -0.059222 0.383840
0.241011 0.939259 0.408537 0.485745 0.611404 0.527813 0.595839 0.401463 0.442160 0.939191 -0.052512 0.393730
0.249887 0.870957 0.467202 0.459353 0.624005 0.569372 0.621904 0.399404 0.598029 0.711242 0.107452 0.474807
0.231322 0.970856 0.385632 0.433795 0.588205 0.503668 0.732043 0.372220 0.539228 0.737626 -0.001676 0.464765
0.295302 0.862588 0.468506 0.384902 0.613227 0.458612 0.584426 0.330333 0.540144 0.828578 0.065602 0.480558
0.237396 0.890632 0.367997 0.505280 0.670703 0.430394 0.714842 0.305201 0.577854 0.790873 0.045908 0.437540
0.312265 0.906185 0.553364 0.482408 0.538102 0.430986 0.633844 0.429850 0.587345 0.818460 -0.000493 0.482080
0.187222 0.819538 0.443045 0.508146 0.544700 0.466115 0.727979 0.307563 0.607834 0.816219 0.040260 0.480308
0.274672 0.959119 0.423973 0.526266 0.532451 0.487576 0.687014 0.460762 0.535547 0.863333 0.063980 0.417042
0.264838 0.965380 0.483956 0.472174 0.549585 0.540326 0.694936 0.390068 0.554281 0.905194 -0.037650 0.490582
0.310482 0.949372 0.542387 0.466596 0.593252 0.449920 0.611210 0.367726 0.607558 0.802341 0.025385 0.439654
0.240412 0.849412 0.542811 0.453014 0.607049 0.371494 0.677730 0.357810 0.579001 0.737648 0.044063 0.419607
0.339124 0.909058 0.526672 0.513263 0.640968 0.325731 0.729170 0.398519 0.615111 0.846656 0.054586 0.465679
0.234859 0.853669 0.535400 0.371904 0.516264 0.461254 0.696335 0.313041 0.509963 0.777866 0.011982 0.420180
0.227843 0.910876 0.533298 0.498023 0.561043 0.424056 0.642691 0.372648 0.469885 0.877222 -0.034497 0.391221
0.275501 0.935431 0.442745 0.478440 0.686452 0.469910 0.643980 0.378917 0.436777 0.774386 -0.039099 0.450582
0.335217 0.972829 0.495055 0.457203 0.583921 0.410784 0.712584 0.373814 0.505613 0.812757 0.102284 0.351452
0.229261 0.937402 0.460666 0.515294 0.520302 0.378542 0.655846 0.417407 0.434069 0.779464 0.054053 0.488290
0.238134 0.983585 0.518860 0.454702 0.513642 0.474340 0.744679 0.293821 0.664988 0.873789 0.157866 0.435419
0.250677 0.904774 0.484320 0.436422 0.523417 0.517001 0.720088 0.360879 0.514848 0.780014 -0.001834 0.453619
0.205680 0.883524 0.533860 0.538914 0.642555 0.427071 0.700168 0.365316 0.535162 0.831865 0.058105 0.448575
0.148761 0.932563 0.530479 0.393182 0.563219 0.442964 0.630048 0.335686 0.602708 0.787065 0.029686 0.383790
0.319783 0.962200 0.430244 0.530870 0.525165 0.372770 0.735004 0.296844 0.624982 0.907172 0.012036 0.407178
0.257439 0.884323 0.503094 0.432321 0.569240 0.520361 0.630226 0.271348 0.516506 0.835288 0.104539 0.401197
0.304538 0.852494 0.454598 0.494818 0.571949 0.456942 0.661731 0.348753 0.578067 0.714430 -0.010024 0.424389
0.269076 0.960888 0.515356 0.467772 0.545445 0.516805 0.615705 0.283859 0.530882 0.826648 -0.011153 0.516004
0.274521 0.966703 0.460166 0.386807 0.676383 0.445635 0.841086 0.421873 0.553671 0.804164 0.008614 0.383888
0.176320 0.898126 0.533032 0.515767 0.673590 0.334557 0.671033 0.328866 0.546140 0.871154 0.083640 0.407197
0.326200 0.940091 0.451552 0.542796 0.565525 0.378182 0.706182 0.266034 0.506089 0.870321 -0.011353 0.392383
0.290602 0.838459 0.509858 0.427093 0.536888 0.480748 0.625318 0.336848 0.518214 0.864108 0.016177 0.390788
0.249536 0.892065 0.602869 0.449976 0.599876 0.388415 0.661266 0.421464 0.504362 0.840931 0.074346 0.477608
0.214149 0.828274 0.426950 0.425710 0.621260 0.401165 0.764506 0.265460 0.606200 0.730198 -0.001182 0.372697
0.268791 0.856085 0.389197 0.580154 0.558796 0.440808 0.654566 0.419020 0.463642 0.875909 0.061135 0.470170
0.248592 0.892141 0.410433 0.492063 0.591870 0.495269 0.612763 0.324189 0.452244 0.851317 -0.054430 0.355486
0.226485 1.022915 0.470924 0.459097 0.509271 0.510375 0.648102 0.351544 0.506594 0.840813 0.007070 0.439985
0.281797 0.946931 0.499811 0.440278 0.750612 0.389370 0.724006 0.245651 0.459464 0.903353 0.029543 0.444269
0.202998 0.861139 0.497289 0.437923 0.724041 0.462776 0.646535 0.348653 0.578159 0.764302 0.024473 0.423429
0.249945 0.898399 0.518378 0.562757 0.598801 0.372707 0.636047 0.402080 0.540736 0.830530 -0.032957 0.382556
0.193817 0.923983 0.409236 0.429542 0.602233 0.319439 0.781105 0.376148 0.526054 0.732617 -0.023992 0.428012
0.183361 0.910046 0.525500 0.457876 0.586350 0.481565 0.686492 0.392959 0.522490 0.710983 -0.029958 0.431790
0.286641 0.827188 0.551630 0.419080 0.564249 0.428330 0.696641 0.494513 0.527690 0.726087 0.049866 0.536190
0.223836 0.900031 0.419643 0.452494 0.617518 0.509551 0.719905 0.299519 0.542126 0.704529 0.064021 0.455925
0.331016 0.977940 0.452805 0.506007 0.589880 0.521881 0.672210 0.348854 0.542636 0.811487 -0.010122 0.396678
0.240061 0.949432 0.576075 0.550933 0.623005 0.538469 0.620096 0.344542 0.579223 0.829632 0.001625 0.368009
0.133896 0.853724 0.443545 0.545402 0.500847 0.479026 0.642892 0.261601 0.570538 0.851980 -0.031183 0.383704
0.213640 0.920319 0.549718 0.521435 0.551777 0.374896 0.795224 0.360635 0.544564 0.801146 0.068644 0.375967
0.331897 0.904809 0.490816 0.516531 0.559966 0.487950 0.620300 0.308752 0.515599 0.830511 0.062856 0.433161
0.257253 0.839740 0.426292 0.411936 0.553431 0.448729 0.663634 0.325736 0.638908 0.839020 0.161626 0.402480
0.266291 0.883995 0.503368 0.511716 0.606689 0.470630 0.670064 0.397887 0.544658 0.839862 0.123010 0.397390
0.218382 0.919522 0.527610 0.453907 0.602553 0.411213 0.646078 0.394456 0.492567 0.786098 0.038483 0.428742
0.244962 0.869938 0.474675 0.440195 0.532767 0.556186 0.670587 0.375555 0.585453 0.931331 0.080794 0.454326
0.199683 0.929812 0.479415 0.484688 0.587026 0.423997 0.693383 0.482335 0.521072 0.841014 0.042057 0.396659
0.256684 0.819606 0.465006 0.537328 0.636829 0.396100 0.722455 0.338664 0.549839 0.833201 0.004996 0.454742
0.191388 0.967714 0.399740 0.334498 0.529770 0.521525 0.845182 0.383073 0.496442 0.829782 0.143871 0.434465
0.277862 1.021992 0.536692 0.517477 0.575612 0.398699 0.618976 0.335226 0.490167 0.877108 0.048610 0.394520
0.182865 0.871547 0.426176 0.495647 0.542287 0.466708 0.656691 0.235024 0.582511 0.856374 0.047759 0.446673
0.200634 0.933815 0.461376 0.507632 0.597741 0.444367 0.692756 0.371393 0.490516 0.880117 0.084103 0.411590
0.233506 0.910114 0.508461 0.472640 0.662828 0.485703 0.663578 0.351517 0.559084 0.780822 0.072100 0.465847
0.226709 0.895527 0.506272 0.386006 0.624566 0.494604 0.638291 0.387939 0.596959 0.727194 -0.033214 0.414192
0.263133 0.935555 0.540258 0.507724 0.617372 0.418229 0.632325 0.380858 0.552840 0.810397 -0.010231 0.473374
0.153476 1.013892 0.398876 0.499228 0.591562 0.397433 0.662145 0.313044 0.526224 0.754557 0.074286 0.458797
0.332123 0.940872 0.510026 0.495049 0.569622 0.447373 0.660397 0.422699 0.504720 0.755779 0.039463 0.430056
0.234135 0.932548 0.495420 0.448597 0.509962 0.445275 0.644502 0.399740 0.492335 0.837146 0.036885 0.388303
0.173254 0.881171 0.559942 0.527599 0.626686 0.342133 0.722260 0.366447 0.496313 0.754991 -0.046254 0.438508
0.293950 0.878095 0.377638 0.407343 0.575958 0.550491 0.790592 0.382001 0.553241 0.783649 0.111736 0.454557
0.221378 0.841747 0.510627 0.452210 0.631246 0.487256 0.694708 0.354052 0.496173 0.855264 0.064999 0.468118
0.288186 0.962462 0.572347 0.435461 0.667631 0.535915 0.714209 0.268394 0.475687 0.929984 0.010283 0.477365
0.210900 0.887088 0.478065 0.470526 0.673970 0.442718 0.790585 0.324045 0.560250 0.767270 0.047307 0.361028
0.212306 0.935058 0.501202 0.332526 0.519884 0.410189 0.676643 0.390052 0.530338 0.763920 0.136969 0.459774
0.264106 0.903130 0.449563 0.440779 0.599246 0.456998 0.659378 0.397627 0.528133 0.849124 0.041943 0.485777
0.275317 0.904647 0.496342 0.399092 0.527125 0.497391 0.639168 0.375409 0.523308 0.746956 -0.076450 0.512927
0.256036 0.863482 0.524996 0.436073 0.661000 0.442430 0.708404 0.394477 0.553908 0.771245 0.010691 0.441328
0.286001 0.886948 0.532831 0.461032 0.600442 0.446765 0.750948 0.327268 0.411860 0.850011 -0.032096 0.502646
0.265710 0.959747 0.526142 0.478658 0.671169 0.422851 0.780895 0.361074 0.465599 0.779788 -0.028480 0.461977
0.227599 0.959216 0.448289 0.397146 0.521489 0.452477 0.720471 0.363121 0.467744 0.820727 0.033195 0.477278
0.163055 0.883440 0.467594 0.536690 0.590882 0.485210 0.652509 0.397910 0.522516 0.778889 0.037877 0.433691
0.290571 0.920011 0.598222 0.397398 0.553203 0.487862 0.661627 0.380870 0.559202 0.852250 0.069001 0.440809
0.177597 0.956281 0.464069 0.467254 0.551777 0.511317 0.685992 0.333454 0.571158 0.843928 -0.040610 0.468370
0.161326 0.904882 0.543429 0.448658 0.651134 0.436163 0.789090 0.326674 0.450251 0.848517 0.090533 0.457225
0.369796 0.843901 0.373831 0.515964 0.521179 0.422563 0.693666 0.344441 0.441316 0.828187 0.110954 0.437001
0.283113 0.853532 0.495341 0.415738 0.551088 0.526057 0.628851 0.330057 0.487847 0.845133 -0.006577 0.494007
0.202113 0.888494 0.524058 0.511479 0.626854 0.509233 0.753239 0.409129 0.478204 0.822834 0.013447 0.587923
0.274235 0.889981 0.439534 0.420809 0.536107 0.481429 0.683847 0.415154 0.598598 0.755832 -0.011499 0.406850
0.311190 0.940293 0.477116 0.419047 0.555129 0.397690 0.659352 0.264184 0.575947 0.805282 0.041134 0.382152
0.365133 0.904226 0.485733 0.428481 0.588545 0.477333 0.565820 0.370991 0.562796 0.857536 0.142109 0.422544
0.244684 0.959681 0.500258 0.328772 0.598385 0.446515 0.616056 0.328826 0.552909 0.827239 0.076117 0.471639
0.252933 0.900038 0.595720 0.438359 0.569935 0.425233 0.683850 0.331568 0.626985 0.728124 0.079632 0.453946
0.292380 0.868358 0.465390 0.573484 0.594782 0.416635 0.729933 0.456991 0.482294 0.878413 0.128558 0.422903
0.269539 0.916597 0.510474 0.479192 0.624623 0.418803 0.725096 0.272576 0.548538 0.763014 0.018269 0.347285
0.271512 0.964106 0.502530 0.448657 0.563703 0.508874 0.649703 0.325595 0.471933 0.826928 -0.081577 0.430444
0.237418 0.866096 0.565282 0.394836 0.576298 0.404506 0.644697 0.362894 0.484511 0.692914 0.013024 0.449754
0.340572 0.939149 0.543057 0.466257 0.589446 0.512041 0.731156 0.389335 0.542222 0.776520 0.098452 0.488400
0.234032 0.979504 0.471256 0.386636 0.623919 0.456946 0.614160 0.367825 0.442874 0.744939 0.109010 0.470376
0.291106 0.955751 0.510175 0.416861 0.617503 0.483442 0.620999 0.390708 0.515046 0.826305 0.032060 0.353531
0.271680 0.919058 0.520307 0.585811 0.620271 0.458123 0.629845 0.321394 0.576100 0.861140 -0.061099 0.409480
0.331507 0.999941 0.522355 0.508108 0.569200 0.424187 0.652310 0.397164 0.483496 0.749111 0.026003 0.535439
0.313820 1.000471 0.515626 0.462778 0.586964 0.452511 0.729257 0.376205 0.543016 0.786190 0.000779 0.422519
0.310801 0.822595 0.525058 0.447205 0.488610 0.458764 0.681411 0.356287 0.510559 0.777674 0.075829 0.463202
0.251641 0.913328 0.449246 0.374664 0.564591 0.457814 0.722005 0.335678 0.566577 0.716355 0.067288 0.385157
0.205862 0.873405 0.490872 0.413390 0.633542 0.580061 0.668341 0.468891 0.572572 0.810133 0.081698 0.465412
0.332539 0.914430 0.512587 0.436172 0.528100 0.477958 0.738995 0.402300 0.455609 0.782449 0.015635 0.505003
0.223733 0.948080 0.383515 0.454348 0.687007 0.435312 0.683408 0.449979 0.519055 0.757402 0.032306 0.429999
0.196559 0.909049 0.542864 0.435398 0.646757 0.441150 0.754200 0.333398 0.530144 0.849773 -0.096387 0.406191
0.294773 0.859802 0.568874 0.438744 0.554178 0.524879 0.669347 0.387599 0.582938 0.875459 0.078151 0.435141
0.247869 0.920919 0.431066 0.441260 0.576247 0.422728 0.554126 0.329719 0.467401 0.832254 0.072133 0.415952
0.281884 0.840951 0.492776 0.518852 0.571986 0.530364 0.702292 0.355044 0.613385 0.810466 0.116938 0.367786
0.260881 0.944915 0.554675 0.432752 0.599533 0.383058 0.675537 0.341001 0.549684 0.844944 0.089598 0.467520
0.319143 0.965546 0.497679 0.480435 0.577037 0.398628 0.654571 0.318728 0.526361 0.770973 -0.017988 0.380955
0.157395 0.909945 0.496655 0.471857 0.606209 0.430104 0.664941 0.323879 0.521564 0.907569 0.040835 0.413305
0.310165 0.905729 0.371447 0.430475 0.595458 0.473791 0.582580 0.296353 0.574981 0.800621 0.016896 0.527299
0.167717 0.958926 0.532768 0.446045 0.587339 0.556089 0.701896 0.356342 0.509308 0.732777 -0.002077 0.382121
0.230918 0.938088 0.380289 0.482236 0.577781 0.530486 0.709990 0.240017 0.485649 0.848821 -0.079013 0.423574
0.310624 1.017582 0.477935 0.449727 0.575439 0.521284 0.728019 0.427754 0.569211 0.802127 0.023207 0.443895
0.217337 0.894557 0.432943 0.461727 0.480019 0.434192 0.707163 0.382823 0.584744 0.689458 0.051156 0.446258
0.253389 0.876448 0.541630 0.428878 0.566179 0.511985 0.671326 0.482575 0.527183 0.790085 0.096432 0.427735
0.261241 0.867772 0.597192 0.511878 0.549042 0.466836 0.715006 0.297863 0.475870 0.714968 0.010045 0.445254
0.261903 0.898403 0.534003 0.421555 0.654793 0.514745 0.696795 0.386051 0.597891 0.878055 0.006553 0.433943
0.278572 0.921878 0.504858 0.402810 0.650699 0.487105 0.671355 0.363898 0.513115 0.787219 0.014259 0.386073
0.217578 0.920928 0.532036 0.506374 0.583762 0.534561 0.671982 0.324969 0.576526 0.818193 0.053909 0.471151
0.287159 0.894960 0.453805 0.479162 0.562038 0.395311 0.717226 0.344712 0.539849 0.840358 0.011240 0.525480
0.223148 0.881373 0.481388 0.396323 0.618478 0.506689 0.791834 0.377588 0.546476 0.775660 0.107981 0.413191
0.242191 0.933304 0.484907 0.514045 0.681564 0.540864 0.635176 0.321631 0.568815 0.736101 0.059025 0.486903
0.239562 0.926965 0.425184 0.437571 0.519033 0.499805 0.723561 0.368916 0.494489 0.828125 0.075151 0.458923
0.253758 0.956232 0.513105 0.476140 0.583194 0.460684 0.705287 0.311874 0.384001 0.817572 0.073583 0.390712
0.287875 1.030585 0.394272 0.494778 0.610080 0.420681 0.692800 0.385060 0.540075 0.810496 0.141830 0.411932
0.306633 0.849674 0.548495 0.425257 0.619031 0.491735 0.680970 0.272144 0.593276 0.843844 0.043749 0.395353
0.333621 0.905157 0.470987 0.451724 0.533593 0.495012 0.796987 0.292312 0.481021 0.759218 0.064908 0.488084
0.176718 0.903214 0.472421 0.436440 0.599550 0.375830 0.664269 0.358999 0.564122 0.818731 0.110089 0.406632
0.223839 0.952714 0.516640 0.495267 0.578767 0.405615 0.710553 0.334967 0.636828 0.894525 -0.034064 0.385350
0.249428 0.902000 0.471814 0.451275 0.498989 0.518744 0.635633 0.291769 0.505814 0.759613 0.017501 0.455843
0.286441 1.010356 0.435781 0.531842 0.583593 0.523455 0.561649 0.300611 0.582078 0.833421 0.111793 0.389397
0.184150 0.916020 0.514824 0.465145 0.554754 0.415307 0.681976 0.398418 0.647480 0.774588 0.070321 0.508117
0.250751 0.966215 0.489934 0.429721 0.556698 0.433705 0.643464 0.398290 0.542198 0.850227 0.048959 0.388854
0.260570 0.899441 0.487244 0.376372 0.624355 0.408398 0.717445 0.333471 0.464376 0.863662 -0.007230 0.495796
0.259981 0.951375 0.429594 0.533076 0.646056 0.421041 0.644819 0.345556 0.481637 0.817054 -0.013583 0.432175
0.207656 0.883429 0.582818 0.524299 0.569403 0.411557 0.707226 0.352439 0.596615 0.723161 -0.028703 0.442580
0.245426 0.973008 0.487649 0.450434 0.570208 0.401432 0.721557 0.354883 0.585426 0.805756 0.072402 0.413608
0.255293 0.948468 0.476550 0.381241 0.683557 0.486381 0.699203 0.346102 0.487342 0.713457 0.074260 0.482776
0.292994 0.840045 0.454174 0.376641 0.593093 0.391120 0.658531 0.401829 0.624943 0.789116 0.085153 0.368185
0.298305 0.995099 0.508939 0.437125 0.626930 0.347768 0.675637 0.321477 0.540830 0.852020 -0.022861 0.388211
0.330931 0.827149 0.440648 0.532518 0.601490 0.504775 0.692212 0.294292 0.483827 0.762857 0.075915 0.449856
0.237839 0.986417 0.551972 0.517141 0.497891 0.413125 0.725972 0.338379 0.628832 0.749177 0.011327 0.446808
0.218243 0.896118 0.518910 0.563548 0.528270 0.425519 0.673058 0.327933 0.569335 0.858586 0.062461 0.465462
0.155221 0.916452 0.534828 0.406809 0.645685 0.450024 0.682340 0.295934 0.589305 0.779331 0.051021 0.484628
0.324658 0.855043 0.484697 0.482185 0.493467 0.544202 0.757375 0.339362 0.484797 0.762572 0.062672 0.370429
0.193309 1.007829 0.497639 0.508783 0.632635 0.435271 0.617764 0.356732 0.530503 0.794088 -0.012865 0.480678
0.324852 0.974294 0.503124 0.484061 0.545211 0.318756 0.740207 0.407930 0.478506 0.783438 0.119939 0.403069
0.227925 0.863873 0.533676 0.494377 0.560494 0.450839 0.727033 0.342181 0.565868 0.897400 0.070005 0.423037
0.246016 0.962202 0.516618 0.506401 0.661551 0.363711 0.736272 0.332618 0.528245 0.749704 0.097881 0.392267
0.294837 0.855585 0.480868 0.413461 0.611479 0.427641 0.700737 0.376686 0.479887 0.846243 -0.009036 0.531314
0.245359 0.914087 0.466430 0.386624 0.606815 0.490028 0.688279 0.346048 0.557798 0.811141 0.099549 0.453452
0.225608 0.957272 0.427618 0.441699 0.619766 0.489691 0.559638 0.333457 0.590528 0.789111 0.006650 0.413534
0.268965 0.949466 0.532870 0.463163 0.587687 0.410153 0.660734 0.319239 0.501386 0.881783 0.032316 0.387177
0.169483 0.929306 0.522043 0.406331 0.517326 0.464575 0.676533 0.381900 0.517791 0.779720 -0.048427 0.362298
0.368989 0.871302 0.532566 0.322403 0.543724 0.525032 0.760268 0.319770 0.567273 0.694611 0.018675 0.409961
0.176148 0.894825 0.598956 0.344312 0.662982 0.447859 0.645321 0.309832 0.432063 0.798435 0.006246 0.447198
0.316703 0.925581 0.589911 0.567559 0.537198 0.413956 0.738947 0.402673 0.580048 0.704971 -0.002087 0.401139
0.267594 0.896390 0.443434 0.490437 0.754704 0.405764 0.660747 0.301778 0.462893 0.786678 0.016650 0.442833
0.239023 0.933075 0.510358 0.457259 0.604497 0.392993 0.643461 0.403808 0.537466 0.715396 0.060179 0.425828
0.256380 0.869673 0.445503 0.427441 0.573837 0.415460 0.635475 0.405808 0.483420 0.849291 0.035116 0.522529
0.271191 0.922918 0.517462 0.453493 0.604031 0.497569 0.646565 0.299717 0.521265 0.840784 0.054564 0.430632
0.211499 0.947324 0.524577 0.469073 0.542117 0.504906 0.673482 0.456915 0.475203 0.853539 0.050562 0.466218
0.230933 0.907313 0.532855 0.506977 0.512400 0.389723 0.629230 0.415536 0.561938 0.784667 -0.038785 0.478903
0.259741 0.941032 0.502578 0.414604 0.546630 0.476315 0.632571 0.341725 0.550588 0.854379 -0.015319 0.461552
0.270719 0.877485 0.477391 0.471091 0.574999 0.467242 0.699288 0.324058 0.574243 0.824871 0.004265 0.435110
0.215122 0.938978 0.547564 0.474604 0.643168 0.448074 0.669099 0.322888 0.588541 0.915862 0.005625 0.520398
0.202338 0.895944 0.374981 0.433839 0.548582 0.468712 0.775282 0.247806 0.501392 0.848918 0.049172 0.374947
0.266704 0.992070 0.455458 0.487727 0.642361 0.424525 0.712437 0.446651 0.568681 0.753071 -0.028966 0.446251
0.269167 0.970187 0.486850 0.455643 0.576125 0.447678 0.731790 0.328147 0.544808 0.758586 0.003231 0.528925
0.143409 0.857481 0.458765 0.385953 0.587118 0.416442 0.655369 0.349035 0.568590 0.793224 0.051103 0.413908
0.285896 0.942316 0.433316 0.446728 0.620821 0.564620 0.597748 0.324409 0.649590 0.794242 0.034132 0.479390
0.258936 0.881221 0.573449 0.598233 0.566014 0.520012 0.789746 0.352385 0.516777 0.872449 0.063585 0.385214
0.269439 0.932537 0.477499 0.438247 0.524244 0.349098 0.693473 0.297848 0.586809 0.776920 0.076137 0.624127
0.333949 0.813903 0.501261 0.479941 0.643411 0.407255 0.634167 0.390344 0.554590 0.844154 0.106681 0.502611
0.271770 0.978940 0.489170 0.449918 0.612265 0.440279 0.717858 0.364658 0.568836 0.796276 -0.005739 0.436985
0.277241 0.889568 0.527307 0.442448 0.649312 0.447643 0.606930 0.377155 0.540883 0.834795 -0.012542 0.404554
0.194947 0.922532 0.520259 0.461425 0.633257 0.462018 0.655781 0.442711 0.629109 0.723489 0.026977 0.444708
0.192528 0.911593 0.502936 0.520462 0.525235 0.527322 0.648678 0.278540 0.554149 0.885868 0.057570 0.400211
0.293494 0.804249 0.392483 0.494185 0.604511 0.325496 0.693464 0.497747 0.504406 0.764234 0.016834 0.395989
0.275131 0.888496 0.464107 0.478274 0.603566 0.547306 0.712018 0.361594 0.603796 0.777328 -0.029659 0.361898
0.198300 0.970910 0.440251 0.495229 0.595703 0.419040 0.737236 0.299930 0.571548 0.878830 0.085438 0.399121
0.287120 0.920247 0.497912 0.380876 0.586566 0.362919 0.664237 0.362875 0.483279 0.846371 0.092530 0.395417
0.245725 1.015315 0.527362 0.534848 0.621840 0.396801 0.682502 0.492142 0.536312 0.859593 0.025892 0.398829
0.215317 0.900276 0.496900 0.414380 0.621692 0.415423 0.668038 0.357491 0.488032 0.845883 0.018426 0.456778
0.241085 0.853874 0.455491 0.397153 0.628785 0.468023 0.716858 0.370336 0.561577 0.790605 0.112599 0.447559
0.221958 0.942424 0.533123 0.450069 0.633232 0.513017 0.638425 0.406468 0.491633 0.798582 0.061263 0.431371
0.287297 0.953668 0.593187 0.465545 0.576892 0.488792 0.698521 0.456821 0.495499 0.891989 0.014666 0.473163
0.256157 0.942813 0.479075 0.507694 0.628480 0.530293 0.681430 0.395824 0.610690 0.726284 -0.022577 0.462851
0.248545 0.800342 0.359089 0.549271 0.506032 0.505412 0.657824 0.300667 0.509809 0.768710 0.027331 0.343845
0.275111 0.926281 0.488906 0.370107 0.623952 0.451299 0.667383 0.389506 0.514601 0.878649 0.010256 0.371143
0.185210 0.949290 0.572170 0.476682 0.580132 0.450691 0.645674 0.400736 0.510389 0.837087 0.074708 0.369431
0.252928 0.963262 0.493397 0.443172 0.591004 0.428698 0.608009 0.344378 0.479426 0.847909 0.040677 0.412045
0.213781 0.946367 0.502976 0.490216 0.619149 0.471452 0.690005 0.313869 0.553961 0.739290 0.041902 0.363988
0.165659 0.935524 0.540174 0.472254 0.516142 0.451359 0.683925 0.312768 0.565290 0.761012 0.070528 0.568061
0.262258 0.967242 0.483047 0.372537 0.570584 0.429277 0.708579 0.311252 0.508574 0.863943 0.056922 0.556426
0.245095 0.920431 0.476595 0.392655 0.628260 0.429576 0.621840 0.285216 0.607111 0.819074 0.004019 0.415810
0.266780 0.893272 0.568571 0.492369 0.731897 0.483642 0.626389 0.392939 0.546970 0.826295 0.086586 0.571068
0.254890 0.934022 0.410207 0.466638 0.631818 0.387223 0.607313 0.360065 0.617150 0.799130 0.020481 0.332499
0.295460 0.900923 0.553131 0.498066 0.558136 0.488807 0.680870 0.349764 0.562946 0.789263 0.002525 0.484292
0.303993 0.929330 0.469715 0.446672 0.543762 0.392756 0.743526 0.371773 0.536893 0.887008 0.021207 0.483442
0.335132 0.925314 0.545108 0.499917 0.616087 0.451094 0.779824 0.317974 0.501826 0.775296 0.040611 0.512875
0.228626 0.969105 0.501359 0.426704 0.495668 0.425155 0.613277 0.323835 0.637625 0.812311 0.060990 0.356065
0.316975 0.912308 0.531672 0.441919 0.500989 0.461168 0.763380 0.379814 0.585188 0.805167 -0.020332 0.418993
0.307883 0.983587 0.522639 0.516841 0.438260 0.452896 0.672147 0.367665 0.475820 0.851243 0.036567 0.390712
0.134939 0.950350 0.525140 0.498684 0.508839 0.489257 0.708710 0.281462 0.490220 0.891305 0.043915 0.563688
0.303178 0.927441 0.523710 0.458215 0.521694 0.411870 0.664335 0.344034 0.604630 0.743453 0.013807 0.324902
0.278373 0.847371 0.402366 0.462230 0.618273 0.517740 0.679462 0.438490 0.554704 0.841277 -0.001092 0.470473
0.276412 0.881492 0.484409 0.466788 0.567063 0.425951 0.741911 0.243508 0.517622 0.805301 0.051361 0.454200
0.337668 0.823561 0.532227 0.558066 0.639331 0.470630 0.608044 0.299301 0.590404 0.915832 0.042603 0.512517
0.165498 0.973446 0.496826 0.379675 0.603001 0.369365 0.711783 0.409835 0.419370 0.777782 0.016047 0.409865
0.212687 0.912272 0.499640 0.440449 0.626823 0.416035 0.708700 0.348427 0.605729 0.867136 0.053466 0.458100
0.229605 0.855540 0.452284 0.487265 0.630676 0.406980 0.728888 0.310906 0.480736 0.858412 0.186464 0.446487
0.221267 0.896847 0.503404 0.533955 0.580856 0.468962 0.603645 0.384578 0.603756 0.814481 -0.023284 0.404072
0.163801 0.856428 0.608305 0.507646 0.576938 0.415749 0.701274 0.337889 0.506905 0.784707 -0.050825 0.466014
0.298687 0.883215 0.499507 0.516248 0.473495 0.455506 0.603989 0.363983 0.428834 0.828459 -0.004843 0.476231
0.272958 0.839587 0.514539 0.436379 0.596519 0.497438 0.721870 0.320874 0.502575 0.833215 -0.008850 0.456147
0.253439 0.910574 0.486742 0.423847 0.507744 0.449126 0.611808 0.357255 0.556783 0.763020 -0.007381 0.370440
0.319409 0.949227 0.490708 0.493665 0.497924 0.368774 0.655424 0.392479 0.628414 0.832795 0.089729 0.545342
0.341669 0.858841 0.388511 0.470401 0.620904 0.435638 0.673663 0.407242 0.480662 0.774416 0.005419 0.539107
0.254380 0.871254 0.578721 0.511406 0.457259 0.414945 0.702701 0.280376 0.379367 0.808400 0.046370 0.487568
0.274294 0.951775 0.463779 0.427135 0.606818 0.466134 0.711603 0.371460 0.535928 0.810805 0.061838 0.410273
0.246541 0.888258 0.503419 0.511155 0.576095 0.445454 0.653588 0.281088 0.549816 0.767697 -0.005378 0.439218
0.332000 0.905105 0.497194 0.455555 0.612172 0.456904 0.693751 0.350509 0.558900 0.840093 0.145856 0.405805
0.274400 0.861710 0.449174 0.450245 0.636542 0.440201 0.723957 0.339313 0.394541 0.848147 -0.052731 0.390806
0.292557 0.885671 0.408083 0.362352 0.588654 0.389055 0.723234 0.431729 0.509783 0.787773 0.000831 0.497890
0.232951 0.901324 0.425957 0.446985 0.622670 0.413403 0.671208 0.358268 0.497532 0.766413 0.054387 0.494641
0.355875 0.948119 0.442746 0.471057 0.575331 0.509138 0.753942 0.346034 0.560284 0.861085 -0.010246 0.488794
0.204498 0.921847 0.510108 0.473235 0.559814 0.483613 0.564014 0.338519 0.606914 0.799504 -0.011603 0.436393
0.271537 0.882565 0.508131 0.552397 0.597602 0.458446 0.774123 0.329520 0.482705 0.829289 0.076320 0.450056
0.280065 0.946381 0.454573 0.479877 0.623114 0.503619 0.709276 0.301852 0.558197 0.833763 0.064493 0.410366
0.302670 0.974281 0.482450 0.426117 0.527623 0.489109 0.620707 0.394616 0.583771 0.794390 0.058158 0.436867
0.236600 0.939472 0.515496 0.497610 0.643768 0.438080 0.724959 0.355671 0.513888 0.822585 0.056660 0.446096
0.177613 0.858339 0.462198 0.517865 0.606871 0.320936 0.722437 0.400521 0.529198 0.786946 -0.000375 0.486040
0.281351 0.769764 0.563940 0.496216 0.664901 0.455113 0.605549 0.368925 0.531684 0.809771 -0.013120 0.522136
0.290250 0.938118 0.415043 0.517759 0.568720 0.338667 0.717152 0.380691 0.533015 0.818574 0.037839 0.373837
0.280539 0.900729 0.462746 0.463582 0.525003 0.342137 0.618852 0.402405 0.561165 0.740859 0.025951 0.409640
0.226369 0.783160 0.473852 0.484214 0.574670 0.487526 0.585901 0.452418 0.638568 0.808405 0.023956 0.383371
0.220725 0.978442 0.524975 0.441244 0.491347 0.479376 0.623096 0.348685 0.632579 0.834290 0.108949 0.479327
0.321672 0.887526 0.523000 0.475445 0.558756 0.491282 0.689620 0.397644 0.582631 0.834628 0.095591 0.413131
0.216477 0.823115 0.441039 0.428722 0.550116 0.391950 0.688549 0.330740 0.543312 0.806039 0.044306 0.378841
0.325744 0.878480 0.520744 0.427854 0.518647 0.496415 0.676003 0.419991 0.537894 0.869033 0.002847 0.392945
0.290850 0.926314 0.392579 0.414150 0.594947 0.432431 0.724199 0.314737 0.489027 0.811468 0.020542 0.546276
0.190035 0.894654 0.384744 0.457256 0.501532 0.420607 0.729772 0.247235 0.564680 0.786493 0.118534 0.362944
0.272760 0.903232 0.542039 0.409411 0.532605 0.471143 0.757303 0.312833 0.522565 0.755617 0.005856 0.390382
0.294177 0.945007 0.516956 0.421505 0.619097 0.421596 0.648806 0.361468 0.517618 0.890656 0.007187 0.389862
0.283062 0.818470 0.484715 0.409048 0.544879 0.431122 0.631962 0.321169 0.489729 0.813469 0.029706 0.426965
0.216264 0.931991 0.539986 0.450310 0.611403 0.501201 0.744613 0.286755 0.571912 0.815430 0.039495 0.448035
0.248134 0.916282 0.640162 0.426284 0.628659 0.450223 0.772096 0.352329 0.468941 0.828310 -0.045701 0.484454
0.280219 0.829333 0.590577 0.528903 0.650922 0.359615 0.718697 0.339071 0.477730 0.899403 0.059832 0.532093
0.300205 0.872022 0.464953 0.460005 0.577960 0.413957 0.671957 0.274941 0.511753 0.798484 0.090529 0.452509
0.298054 0.906404 0.512310 0.393329 0.657450 0.447883 0.662402 0.404625 0.539514 0.678409 0.025339 0.391050
0.314109 0.872230 0.412020 0.452992 0.568699 0.395101 0.709185 0.362100 0.576447 0.857984 0.009947 0.435415
0.275789 0.947959 0.439579 0.503603 0.574551 0.531385 0.683371 0.383656 0.500023 0.777018 0.082816 0.469182
0.245344 0.936032 0.304203 0.444138 0.569383 0.434765 0.676810 0.305702 0.569536 0.783168 0.088734 0.420932
0.264658 0.918156 0.490111 0.499835 0.566990 0.439973 0.611298 0.343630 0.528621 0.838412 0.084607 0.466127
0.215500 0.911547 0.413521 0.387745 0.590022 0.386232 0.611017 0.334164 0.575327 0.797721 0.067851 0.480221
0.296285 0.933296 0.502248 0.431635 0.578769 0.540930 0.685103 0.392254 0.537129 0.840640 0.019417 0.626292
0.235848 0.939490 0.490274 0.466879 0.541847 0.524969 0.674232 0.352850 0.558419 0.776909 0.097025 0.449761
0.250583 0.927821 0.460053 0.503224 0.585637 0.413027 0.697421 0.279389 0.461572 0.751183 0.101970 0.435035
0.256466 0.864094 0.566605 0.482439 0.676207 0.420495 0.705707 0.366758 0.608645 0.801738 0.032886 0.431971
0.336065 0.856669 0.494998 0.426430 0.593389 0.465017 0.655998 0.354678 0.495029 0.833234 0.139494 0.470062
0.270922 0.983773 0.500066 0.397980 0.680814 0.423664 0.713738 0.233363 0.604490 0.752346 0.055105 0.453560
0.259974 0.872189 0.467899 0.463245 0.630626 0.398805 0.677809 0.279834 0.508198 0.849322 0.021974 0.424033
0.284995 0.982651 0.446371 0.465919 0.633278 0.469114 0.726697 0.418031 0.546449 0.776578 0.057675 0.482209
0.227186 0.930448 0.500868 0.426735 0.562371 0.448565 0.673738 0.405644 0.447900 0.776779 0.057944 0.427856
0.288446 0.862655 0.512395 0.463981 0.575164 0.424846 0.637320 0.416257 0.528413 0.852102 0.016894 0.391844
0.252220 1.053394 0.504484 0.510873 0.658733 0.423087 0.581125 0.379341 0.557214 0.786822 -0.000472 0.499965
0.225499 0.965931 0.470987 0.390057 0.581743 0.476232 0.649587 0.354067 0.509702 0.870913 0.163668 0.472275
0.193143 0.857602 0.577815 0.455409 0.536975 0.442583 0.678914 0.265972 0.571174 0.847597 -0.043923 0.508664
0.243720 0.939050 0.490956 0.443990 0.530791 0.485733 0.736973 0.368156 0.566767 0.780899 0.012455 0.534494
0.258843 0.861521 0.461356 0.415212 0.544512 0.377232 0.633189 0.308207 0.626446 0.796594 0.024290 0.483056
0.257779 0.879281 0.517868 0.496661 0.653085 0.450342 0.689249 0.281774 0.632730 0.887096 0.127532 0.499414
0.303748 0.921366 0.479152 0.450742 0.610252 0.326828 0.708610 0.313290 0.499813 0.815728 0.099316 0.520933
0.244928 0.907226 0.545380 0.426838 0.574683 0.471245 0.739643 0.355413 0.599783 0.826489 0.001171 0.499021
0.284027 0.883755 0.409768 0.551274 0.583141 0.544234 0.633286 0.317403 0.607667 0.738477 0.077250 0.489561
0.283518 1.053233 0.471667 0.465130 0.607453 0.401420 0.658563 0.371802 0.586098 0.858813 0.061109 0.465597
0.288137 0.951178 0.479543 0.425750 0.547747 0.484691 0.756214 0.365182 0.481126 0.803191 0.021047 0.464124
0.252729 0.926326 0.521958 0.456253 0.501417 0.514588 0.693422 0.369223 0.527549 0.805716 0.057711 0.464647
0.299124 0.910870 0.519411 0.539173 0.548218 0.458344 0.747085 0.364901 0.522199 0.839235 -0.005789 0.511661
0.326907 1.059169 0.407635 0.458050 0.569097 0.466748 0.778733 0.389382 0.524508 0.857372 -0.014006 0.412724
0.287936 0.921144 0.558706 0.405522 0.449438 0.439823 0.738099 0.398381 0.543131 0.779083 0.044403 0.534925
0.378091 0.917070 0.445352 0.545167 0.532106 0.482469 0.723450 0.341225 0.503371 0.847289 0.040705 0.520054
0.251255 0.886008 0.494687 0.442277 0.553083 0.372603 0.650532 0.409584 0.492398 0.779257 -0.042640 0.491919
0.212827 0.926552 0.449750 0.474831 0.594321 0.423395 0.684426 0.349786 0.568298 0.903896 0.041819 0.501703
0.392054 0.938099 0.483694 0.458811 0.556076 0.500142 0.669960 0.387391 0.496277 0.775629 -0.087101 0.489296
0.201285 0.891774 0.528169 0.423463 0.531278 0.461432 0.597394 0.356063 0.532610 0.846596 0.028590 0.459184
0.278496 0.925592 0.553871 0.489246 0.603259 0.516743 0.648266 0.339891 0.477503 0.842007 0.117996 0.474464
0.257633 0.914998 0.450287 0.439042 0.598624 0.458148 0.690504 0.297384 0.476093 0.846833 0.008886 0.418697
0.266706 0.916824 0.548377 0.379942 0.549745 0.367429 0.637718 0.356488 0.569304 0.749972 0.058855 0.509371
0.230261 0.918528 0.486488 0.486925 0.664316 0.396303 0.726748 0.219682 0.536880 0.796749 -0.045634 0.442700
0.272088 0.913544 0.509202 0.372059 0.488918 0.462372 0.683789 0.294826 0.519620 0.728203 0.065342 0.371695
0.269162 0.907725 0.476765 0.454681 0.567015 0.464561 0.761961 0.408756 0.580234 0.727171 -0.030851 0.497141
0.213051 0.819478 0.423962 0.538840 0.668970 0.409082 0.758573 0.329363 0.524012 0.708373 0.027583 0.476484
0.164354 0.916944 0.468552 0.389262 0.593200 0.479263 0.696654 0.371242 0.600434 0.699945 -0.040169 0.453231
0.259947 0.803300 0.494380 0.442006 0.561674 0.534089 0.678483 0.415257 0.555336 0.788098 0.044028 0.440206
0.295233 0.886619 0.501871 0.530528 0.574181 0.341792 0.733699 0.382329 0.452926 0.826582 0.118650 0.432481
0.291346 0.863715 0.501268 0.409161 0.557830 0.395071 0.720696 0.261353 0.579269 0.841622 0.074816 0.493651
0.243147 0.966613 0.442580 0.387673 0.444113 0.427520 0.720240 0.333910 0.563118 0.804671 0.086173 0.497641
0.234448 1.005715 0.465058 0.476704 0.566766 0.480184 0.699644 0.375945 0.517779 0.840508 0.052297 0.444986
0.339237 0.971118 0.456061 0.451689 0.559123 0.454995 0.757017 0.276731 0.551085 0.789053 0.097909 0.426883
0.275985 0.908542 0.529324 0.435131 0.700092 0.323200 0.646770 0.402765 0.499773 0.787016 0.046743 0.438971
0.273497 0.968096 0.484308 0.452528 0.557256 0.418936 0.725118 0.361465 0.565568 0.794650 0.026141 0.462759
0.262851 0.986949 0.535511 0.482784 0.618742 0.420017 0.765597 0.386225 0.533579 0.764663 0.056722 0.405115
0.242733 0.850615 0.414006 0.457265 0.543237 0.487498 0.724341 0.365819 0.470172 0.790502 0.029364 0.405450
0.243728 0.902149 0.461520 0.478818 0.642140 0.495965 0.674781 0.453538 0.519826 0.687257 -0.046042 0.489177
0.225749 0.951983 0.452577 0.396912 0.547187 0.294011 0.719209 0.306787 0.471728 0.791887 -0.030157 0.375697
0.272653 0.899442 0.468997 0.507475 0.635839 0.435082 0.700642 0.380902 0.505357 0.766202 -0.000408 0.435236
0.301515 0.917030 0.430725 0.463020 0.540210 0.423741 0.671487 0.357130 0.563726 0.821034 -0.032218 0.440338
0.320713 0.866460 0.545535 0.456310 0.643122 0.443428 0.617877 0.352219 0.552811 0.789711 0.104012 0.447314
0.193798 0.937457 0.418843 0.463606 0.645991 0.467449 0.613154 0.324271 0.493563 0.775300 0.043096 0.505834
0.362502 0.918107 0.430664 0.506069 0.689946 0.441535 0.754095 0.312232 0.545445 0.959311 0.076817 0.442473
0.230052 1.100093 0.496345 0.557437 0.628471 0.392493 0.727875 0.307025 0.509338 0.815524 0.090125 0.456027
0.263753 0.916742 0.465319 0.417127 0.557392 0.469764 0.731865 0.346719 0.592350 0.772475 0.041176 0.533703
0.200674 0.860757 0.530482 0.421764 0.608889 0.476022 0.763390 0.382540 0.546551 0.835505 -0.015800 0.475134
0.172643 0.880914 0.556254 0.448283 0.612660 0.490853 0.708101 0.372018 0.550605 0.810071 0.019186 0.387428
0.132990 0.897807 0.564621 0.453892 0.656823 0.472116 0.696111 0.330648 0.505543 0.812878 0.074844 0.459446
0.211755 0.957947 0.463474 0.521685 0.586799 0.427976 0.676785 0.313549 0.523131 0.884421 0.061588 0.466677
0.290576 0.958123 0.457179 0.391918 0.597326 0.383156 0.632039 0.338911 0.522025 0.853467 -0.003943 0.497033
0.165554 0.971468 0.542878 0.373242 0.540936 0.474465 0.632453 0.363963 0.435476 0.798158 0.058968 0.480546
0.212011 0.787888 0.446097 0.454680 0.597151 0.365505 0.624531 0.374287 0.539858 0.802216 0.055909 0.441432
0.311061 0.937206 0.471010 0.515634 0.617773 0.388838 0.676862 0.403587 0.504345 0.759239 -0.009670 0.447745
0.250058 0.926490 0.484516 0.432410 0.517520 0.346792 0.765396 0.337746 0.546316 0.856514 0.052813 0.438109
0.200783 0.934202 0.529200 0.467730 0.530711 0.307771 0.734053 0.420986 0.451389 0.814560 0.068732 0.419157
0.246850 0.891314 0.482052 0.517373 0.573854 0.453206 0.659565 0.313133 0.572592 0.776257 0.039732 0.406104
0.279621 0.831072 0.497087 0.360281 0.662979 0.464060 0.646532 0.282728 0.492240 0.749387 0.033656 0.406732
0.025212 0.688299 0.661694 0.748152 0.463518 0.660854 0.330165 0.790498 0.228859 0.939797 0.562957 0.892865
0.102548 0.708419 0.758997 0.880457 0.447952 0.657169 0.342087 0.872344 0.271781 0.898561 0.625974 0.905831
0.032241 0.694068 0.746261 0.724592 0.462822 0.666904 0.388062 0.868013 0.281532 0.827751 0.581387 0.902548
-0.022482 0.662959 0.690760 0.776723 0.393024 0.667507 0.361401 0.644968 0.246351 0.941970 0.610282 0.875635
-0.010309 0.657096 0.849233 0.833306 0.490925 0.678469 0.296880 0.741968 0.282619 0.905228 0.603212 0.981979
-0.053137 0.660201 0.734956 0.882853 0.414162 0.690686 0.392453 0.781555 0.219620 0.970878 0.451428 0.864979
0.013509 0.706375 0.755726 0.763182 0.426698 0.729059 0.444470 0.760126 0.297383 0.925785 0.556637 0.868428
-0.021516 0.630906 0.657864 0.803913 0.490688 0.696975 0.362592 0.833837 0.320624 0.829630 0.582972 0.917126
0.059246 0.666571 0.745447 0.797086 0.472674 0.692436 0.472111 0.930701 0.282092 0.953832 0.595933 0.904208
0.071550 0.678430 0.782810 0.786417 0.588000 0.700322 0.377380 0.881512 0.201174 0.932392 0.559591 0.850764
-0.032241 0.744085 0.599119 0.770488 0.398560 0.781740 0.402261 0.827763 0.327139 0.830403 0.572875 0.842106
0.010639 0.619269 0.738664 0.703277 0.395789 0.692814 0.403515 0.857312 0.238293 0.924380 0.581912 0.814443
0.081518 0.706639 0.643438 0.711778 0.490538 0.620078 0.341107 0.882501 0.269662 0.864128 0.625792 0.923194
-0.013366 0.759736 0.660195 0.812108 0.438946 0.688147 0.450684 0.808559 0.318698 0.909032 0.525295 0.854060
0.020312 0.642104 0.716501 0.826208 0.466326 0.562823 0.387128 0.908277 0.298775 0.999838 0.552650 0.797295
0.034166 0.650534 0.696788 0.752762 0.417968 0.737925 0.360170 0.827568 0.268043 0.963440 0.623496 0.852309
-0.018135 0.770213 0.729822 0.826806 0.462066 0.676764 0.375360 0.817462 0.305638 0.957047 0.689097 0.894078
0.055615 0.707688 0.777654 0.827265 0.447484 0.636514 0.388420 0.781768 0.242111 0.929488 0.593174 0.899079
0.012028 0.718283 0.719126 0.852235 0.465377 0.744284 0.292282 0.844018 0.285488 0.976264 0.552470 0.889427
0.025848 0.773026 0.697820 0.799241 0.504259 0.639367 0.400184 0.904763 0.279983 0.894725 0.610624 0.783447
0.064566 0.738147 0.766096 0.763922 0.462863 0.691852 0.387879 0.808165 0.227779 0.930186 0.637063 0.866367
0.027714 0.671308 0.583321 0.835271 0.483117 0.613597 0.283209 0.766895 0.187742 0.927555 0.508378 0.811634
0.038705 0.679790 0.732324 0.750538 0.418419 0.687943 0.327309 0.791997 0.245849 0.859930 0.581171 0.926598
-0.058930 0.709622 0.719219 0.694404 0.505184 0.675210 0.354459 0.789262 0.286057 0.961216 0.529087 0.919848
0.070163 0.688200 0.742609 0.811384 0.446348 0.591206 0.403337 0.734773 0.291626 0.890812 0.571778 0.848497
-0.058362 0.707446 0.720575 0.734023 0.492962 0.621060 0.356301 0.767600 0.215752 0.952896 0.585549 0.839454
0.042110 0.601294 0.686155 0.786866 0.457869 0.638429 0.376061 0.806116 0.253419 0.925240 0.687742 0.864566
0.071183 0.730836 0.788157 0.770848 0.479861 0.695312 0.433524 0.870044 0.226423 0.909118 0.635330 0.844860
0.061059 0.796175 0.719413 0.740776 0.486944 0.723724 0.343025 0.866283 0.240191 0.937633 0.557175 0.955075
0.020470 0.692681 0.690486 0.788080 0.489423 0.612227 0.400456 0.730814 0.286654 0.918601 0.664484 0.868092
-0.053395 0.704500 0.754077 0.734214 0.453686 0.607750 0.358680 0.824558 0.315678 0.928236 0.555134 0.901950
0.070167 0.682271 0.734945 0.855364 0.470589 0.666139 0.385587 0.771938 0.283710 1.015217 0.552585 0.944569
0.020394 0.758918 0.720344 0.749999 0.484759 0.625096 0.355037 0.832927 0.295231 0.973929 0.550695 0.802408
0.050183 0.641044 0.757346 0.803893 0.405508 0.580668 0.397923 0.788804 0.244441 0.956755 0.641573 0.893004
-0.069729 0.671154 0.714263 0.756140 0.475852 0.685850 0.468131 0.849353 0.222230 0.865786 0.573096 0.873770
0.077849 0.698733 0.761020 0.831232 0.566468 0.633800 0.334547 0.825704 0.334695 0.827431 0.556841 0.834677
0.079507 0.673808 0.781272 0.717073 0.542732 0.644888 0.433385 0.748875 0.243959 1.001098 0.570641 0.879916
-0.004373 0.756152 0.710435 0.788010 0.550528 0.684340 0.359389 0.851658 0.247672 0.944051 0.542100 0.828645
-0.014700 0.677876 0.680257 0.746462 0.418615 0.620111 0.372423 0.792061 0.229724 0.938520 0.526115 0.907878
0.030368 0.713412 0.793356 0.788112 0.376404 0.709883 0.400575 0.807947 0.231708 0.893242 0.491244 0.831556
0.052766 0.706089 0.706276 0.770180 0.434633 0.725260 0.370854 0.762689 0.213593 0.858227 0.635846 0.930023
0.037411 0.772168 0.659508 0.770577 0.540370 0.611420 0.414208 0.748033 0.340332 0.975321 0.556642 0.907571
0.085113 0.585428 0.716846 0.725076 0.515135 0.784124 0.420133 0.853095 0.255462 0.964624 0.514844 0.846613
-0.018546 0.710526 0.700046 0.794922 0.423458 0.741082 0.349736 0.888211 0.282006 0.911131 0.525353 0.756614
0.026596 0.704678 0.705246 0.800575 0.456410 0.626467 0.347296 0.914404 0.283104 0.909906 0.631868 0.789037
0.102452 0.714701 0.672852 0.748648 0.456353 0.725876 0.384254 0.944972 0.312325 0.924310 0.545503 0.854998
0.078160 0.704497 0.763174 0.854379 0.501499 0.648684 0.405958 0.877977 0.307436 0.942685 0.545448 1.007512
0.115952 0.628234 0.661354 0.752263 0.498205 0.648851 0.425937 0.831129 0.339891 0.909085 0.554932 0.949380
-0.000451 0.752144 0.756017 0.784144 0.491773 0.587756 0.392625 0.801289 0.289778 0.801931 0.694279 0.949491
0.145539 0.726842 0.644020 0.807133 0.413794 0.647600 0.443687 0.888955 0.317691 1.016768 0.610109 0.934231
0.077642 0.783330 0.660710 0.774794 0.403473 0.596029 0.273260 0.726367 0.245405 0.908179 0.617863 0.847085
0.056640 0.721185 0.680617 0.806143 0.458414 0.667204 0.332648 0.832450 0.320092 1.038519 0.538212 0.798443
-0.013514 0.723784 0.637277 0.781168 0.503548 0.689431 0.349670 0.845134 0.301174 0.976223 0.666505 0.884500
0.021874 0.801014 0.740564 0.727933 0.427941 0.735407 0.370438 0.779337 0.175332 0.890103 0.542492 0.819039
0.095026 0.776062 0.734689 0.682865 0.443830 0.722005 0.498759 0.861722 0.291975 0.888374 0.574200 0.900008
0.079058 0.716938 0.685335 0.760791 0.469589 0.686282 0.399510 0.832624 0.311705 0.862106 0.615722 0.808353
0.027548 0.747615 0.709019 0.810797 0.503041 0.707128 0.379272 0.831154 0.281974 0.955674 0.482735 0.993296
0.044038 0.748156 0.771148 0.724749 0.449325 0.755390 0.427208 0.805266 0.280433 0.957561 0.449510 0.806367
0.092732 0.701922 0.769476 0.763126 0.521352 0.718919 0.393477 0.812314 0.254929 0.880487 0.552820 0.978853
0.042015 0.640271 0.679657 0.828479 0.519846 0.722669 0.353245 0.835646 0.284698 0.866127 0.700464 0.928377
-0.046581 0.653431 0.764863 0.753739 0.519956 0.792792 0.329012 0.822667 0.248019 0.945037 0.637518 0.848078
0.097121 0.738886 0.663376 0.746739 0.439659 0.741783 0.320642 0.841702 0.206855 0.921337 0.523229 0.881743
0.022125 0.788685 0.630166 0.770914 0.512365 0.726118 0.305569 0.879513 0.255146 0.902510 0.632471 0.964731
0.011278 0.698717 0.696631 0.728069 0.441359 0.727723 0.389091 0.806340 0.272556 0.889553 0.594338 0.931549
0.023818 0.659423 0.617627 0.769339 0.488830 0.686238 0.262759 0.847785 0.287421 0.942185 0.625012 0.813413
0.050214 0.729483 0.814488 0.727890 0.501346 0.644944 0.337622 0.830806 0.253956 0.917199 0.586058 0.840052
-0.022270 0.768564 0.733568 0.850066 0.473357 0.671492 0.464535 0.751845 0.276132 0.893766 0.571807 0.830389
-0.043332 0.720510 0.649871 0.773223 0.406985 0.679058 0.388908 0.833095 0.240291 0.884731 0.505542 0.860846
0.029294 0.687478 0.672095 0.702707 0.508085 0.624328 0.494242 0.811865 0.253035 1.008308 0.704761 0.870131
-0.060636 0.776616 0.638785 0.752297 0.455677 0.724719 0.390017 0.921081 0.348677 1.032794 0.621211 0.822882
-0.007753 0.688037 0.773922 0.791876 0.450753 0.637097 0.379481 0.790618 0.360739 0.940841 0.676700 0.929073
0.044221 0.675919 0.723409 0.764874 0.519517 0.702006 0.469642 0.799355 0.369175 0.897767 0.567440 0.935740
0.019838 0.636812 0.664663 0.837444 0.406471 0.664478 0.423722 0.850838 0.208170 0.874108 0.527818 0.848381
-0.024991 0.692863 0.727149 0.772107 0.395055 0.709108 0.345711 0.851287 0.281970 0.911233 0.628337 0.840823
0.006691 0.707110 0.633800 0.837904 0.517275 0.714421 0.422541 0.784521 0.270067 0.820811 0.630763 0.904596
0.028810 0.761765 0.710347 0.821051 0.428505 0.709728 0.439802 0.736809 0.250999 0.910314 0.483640 0.897657
0.025621 0.703372 0.736165 0.805680 0.511278 0.617800 0.323189 0.799194 0.318892 0.923833 0.545519 0.839591
0.012721 0.737633 0.658008 0.802435 0.474129 0.587437 0.316518 0.876816 0.189037 0.914502 0.572858 0.939087
0.041376 0.747663 0.825783 0.779169 0.476522 0.651590 0.382847 0.886803 0.235260 0.886400 0.545182 0.911098
-0.012950 0.768320 0.732783 0.737004 0.446526 0.707365 0.352079 0.689423 0.346589 0.909090 0.568570 0.907065
0.033419 0.701319 0.744695 0.723626 0.411079 0.666907 0.450772 0.829823 0.254780 0.917042 0.507196 0.860602
-0.042666 0.716990 0.614381 0.780696 0.520718 0.670906 0.427508 0.845493 0.212427 0.927783 0.526406 0.936901
-0.069464 0.635327 0.687051 0.852678 0.458355 0.838918 0.419748 0.894394 0.145428 0.967796 0.644540 0.910095
0.043503 0.795576 0.789722 0.819255 0.384526 0.656852 0.423360 0.860337 0.267689 1.032438 0.638057 0.807636
0.011024 0.695529 0.703581 0.854894 0.373235 0.653098 0.354784 0.741724 0.293105 0.849183 0.567199 0.777885
0.101029 0.749090 0.642426 0.734758 0.403347 0.681602 0.438690 0.793809 0.271086 0.944126 0.548579 0.842197
-0.032053 0.757823 0.689571 0.677740 0.489484 0.663429 0.407514 0.762930 0.276533 0.962027 0.491146 0.918292
0.033521 0.651413 0.725168 0.787740 0.433359 0.626797 0.431937 0.824194 0.276646 0.913814 0.712977 0.912490
0.124180 0.783354 0.740169 0.762962 0.454887 0.635107 0.306439 0.833605 0.212101 0.944226 0.613213 0.861498
-0.025437 0.721517 0.719156 0.724974 0.513980 0.637286 0.387601 0.890877 0.174209 0.944053 0.629360 0.926621
0.083038 0.730125 0.673106 0.763322 0.381070 0.735550 0.360940 0.848765 0.296160 0.838547 0.481263 0.974723
-0.028256 0.796321 0.665584 0.770188 0.461642 0.699311 0.348199 0.796521 0.210979 0.873119 0.498053 0.906346
-0.026346 0.693522 0.815610 0.757730 0.409314 0.698685 0.466986 0.862248 0.227341 0.845597 0.571733 0.939073
0.034655 0.528853 0.739444 0.825481 0.514218 0.729632 0.339257 0.801045 0.211257 0.842465 0.622152 0.837791
0.027032 0.704601 0.737632 0.819205 0.466208 0.739693 0.374990 0.717335 0.297896 0.873921 0.555873 0.887684
-0.043738 0.705163 0.751475 0.802620 0.477890 0.698192 0.397723 0.812418 0.239044 0.929427 0.522707 0.856861
0.026532 0.700506 0.786991 0.880577 0.484962 0.681231 0.335977 0.804683 0.143147 0.854124 0.590305 0.885073
0.066612 0.780691 0.693875 0.829957 0.386099 0.629880 0.342086 0.755152 0.260931 0.925427 0.490897 0.917851
0.104086 0.676549 0.707415 0.832572 0.495840 0.620076 0.379540 0.862059 0.322840 0.958235 0.565510 0.934021
0.055284 0.686002 0.745031 0.766682 0.420080 0.696703 0.393090 0.862139 0.166205 0.944758 0.572579 0.860736
-0.030261 0.708644 0.781993 0.567114 0.394764 0.673733 0.497327 0.844925 0.255716 1.028212 0.609320 0.831948
0.065848 0.698475 0.703857 0.735708 0.391655 0.648050 0.387785 0.857545 0.328812 0.948792 0.609908 0.875756
-0.063571 0.644923 0.682038 0.864896 0.453143 0.696442 0.455856 0.864222 0.230690 0.855810 0.613246 0.829255
0.023505 0.623866 0.745076 0.799039 0.410729 0.788312 0.422757 0.839520 0.292384 0.953253 0.597195 0.840322
0.065426 0.706594 0.720429 0.848903 0.519208 0.751695 0.389645 0.928113 0.202696 1.032441 0.495196 0.829504
0.073422 0.774768 0.705802 0.716221 0.446582 0.642012 0.341050 0.880117 0.273006 1.042498 0.550255 0.872481
0.044364 0.754863 0.731105 0.711255 0.496367 0.685828 0.371203 0.842933 0.283768 0.905537 0.578162 0.934636
0.080989 0.715675 0.671115 0.759209 0.475918 0.575442 0.415707 0.862582 0.198841 0.876022 0.660619 0.923951
-0.036388 0.676324 0.780706 0.841561 0.392050 0.679898 0.454972 0.826124 0.231107 1.040650 0.548432 0.913604
-0.014743 0.748467 0.667846 0.842168 0.416814 0.747927 0.391966 0.786326 0.337811 0.908039 0.624816 0.900481
0.071583 0.595108 0.674027 0.827093 0.390269 0.670068 0.383766 0.830525 0.290367 0.901505 0.569412 0.884404
0.047205 0.686294 0.707231 0.795977 0.453390 0.665925 0.356636 0.737759 0.363018 0.857190 0.592762 0.853154
-0.022805 0.739577 0.732275 0.816026 0.457430 0.701347 0.448347 0.804105 0.261949 0.967108 0.638970 0.899369
0.086317 0.667782 0.751180 0.726313 0.390090 0.588521 0.359560 0.703370 0.297803 0.863478 0.512076 0.883548
-0.046210 0.703307 0.656638 0.682452 0.435438 0.690870 0.404344 0.800245 0.241407 0.903405 0.574189 0.871973
0.020250 0.712598 0.696759 0.788206 0.414437 0.692142 0.407856 0.713174 0.322948 0.891927 0.624277 0.939866
0.024079 0.670274 0.733334 0.729732 0.463324 0.639016 0.424660 0.772121 0.200385 0.923949 0.504464 0.933382
0.061217 0.694405 0.660420 0.676626 0.438277 0.736868 0.424892 0.902082 0.201945 0.936533 0.650660 0.994741
-0.053832 0.758890 0.639220 0.711084 0.580062 0.707087 0.497537 0.933438 0.231896 0.915136 0.590199 1.035779
0.036972 0.718727 0.674230 0.766938 0.436660 0.687805 0.349700 0.808225 0.232134 0.946781 0.593059 0.921849
0.027418 0.668345 0.677882 0.729463 0.403790 0.753353 0.367095 0.813215 0.289075 0.956206 0.538885 0.955885
0.049156 0.784692 0.709687 0.741821 0.436432 0.636650 0.360936 0.704861 0.238094 0.959138 0.541732 0.864109
0.066322 0.688270 0.719273 0.833867 0.496371 0.681837 0.379818 0.803683 0.212724 0.909622 0.617895 0.877092
-0.013096 0.707573 0.817812 0.721117 0.437478 0.705685 0.374142 0.915200 0.314857 0.848624 0.528422 0.970116
0.030264 0.724446 0.733744 0.797484 0.410378 0.605818 0.336896 0.848176 0.194450 0.920446 0.663912 0.822473
-0.007314 0.781357 0.634033 0.789746 0.480088 0.728328 0.366526 0.768801 0.362702 0.887968 0.636605 0.963525
-0.003695 0.707814 0.694312 0.744671 0.441722 0.563220 0.391369 0.814435 0.278785 0.883294 0.530882 0.813012
0.147430 0.674875 0.632946 0.772030 0.457762 0.650495 0.370440 0.715439 0.268355 0.885446 0.600585 0.959129
0.043598 0.698829 0.738671 0.923076 0.488589 0.743692 0.329651 0.800742 0.303071 0.880280 0.532470 0.880575
0.025879 0.781734 0.618206 0.792667 0.510921 0.695794 0.385312 0.797052 0.265673 0.934517 0.589986 0.880067
0.078593 0.716819 0.673042 0.752407 0.499799 0.728316 0.371862 0.861981 0.221753 0.895870 0.562274 0.961740
0.126221 0.717586 0.672481 0.767148 0.393910 0.651078 0.444727 0.825101 0.268434 1.049137 0.564946 0.946885
-0.017379 0.709659 0.735352 0.685305 0.406646 0.664162 0.415979 0.800821 0.257572 1.011641 0.655137 0.911521
0.013016 0.679378 0.756856 0.805190 0.444144 0.606104 0.417169 0.880506 0.270063 1.015105 0.633429 0.856489
0.128099 0.616573 0.746863 0.742402 0.495003 0.760642 0.419902 0.906455 0.302725 0.880872 0.698585 0.904348
0.072962 0.764060 0.719110 0.824685 0.408530 0.759037 0.485512 0.761645 0.319499 1.031254 0.491483 0.994323
-0.009750 0.731085 0.784495 0.830957 0.395519 0.693977 0.396924 0.823566 0.286558 0.924895 0.487043 0.827006
0.001628 0.680366 0.669168 0.739657 0.542111 0.755648 0.343602 0.775793 0.230692 0.906891 0.516341 0.873764
0.049895 0.679877 0.700029 0.750764 0.431427 0.651233 0.377892 0.841208 0.256854 0.894525 0.595335 0.881810
0.006337 0.747743 0.731179 0.749390 0.474418 0.698582 0.373873 0.822152 0.299839 0.972042 0.606243 0.895043
0.013787 0.746832 0.684616 0.814434 0.518324 0.597040 0.425214 0.838455 0.368921 0.886579 0.569420 0.948942
0.091548 0.668899 0.717161 0.841135 0.340651 0.658299 0.338958 0.768385 0.297226 0.916414 0.548191 0.880230
0.014333 0.735399 0.784355 0.764180 0.520596 0.668671 0.324235 0.862538 0.309283 0.951561 0.623138 0.850310
0.071768 0.707402 0.774588 0.810223 0.458397 0.615715 0.402302 0.795185 0.154054 0.942808 0.555862 0.815324
0.108293 0.659388 0.724300 0.851493 0.472969 0.742863 0.443043 0.875923 0.365433 0.903301 0.569642 0.859730
0.083056 0.717684 0.688193 0.790165 0.539183 0.648529 0.288710 0.756525 0.218480 0.892000 0.603715 0.933856
-0.017264 0.751298 0.619270 0.838457 0.429329 0.731913 0.318442 0.808023 0.296344 0.909426 0.557241 0.800827
0.033766 0.642430 0.786019 0.805345 0.441747 0.606745 0.350448 0.861341 0.316766 0.963524 0.486759 0.865890
0.001601 0.769662 0.722391 0.770738 0.437365 0.645040 0.522228 0.833916 0.337544 0.980690 0.523531 0.918434
0.040521 0.734039 0.741506 0.731810 0.484004 0.710202 0.397383 0.830442 0.273220 0.901624 0.674782 0.877380
0.079730 0.828087 0.799339 0.813357 0.495311 0.734626 0.364685 0.865961 0.288834 0.899985 0.555621 0.897848
0.024654 0.706371 0.700950 0.834277 0.427155 0.647771 0.353521 0.701462 0.198750 0.905382 0.553721 0.870545
-0.049436 0.680765 0.721834 0.734340 0.422952 0.682160 0.389163 0.771845 0.244454 1.000796 0.462617 0.853082
0.044842 0.750392 0.664570 0.736665 0.519895 0.696338 0.423491 0.792077 0.348523 0.965816 0.575143 0.896431
0.024321 0.709222 0.676658 0.811609 0.398779 0.660580 0.415105 0.860475 0.323138 0.918528 0.512814 0.869406
0.080140 0.671118 0.676321 0.834104 0.478728 0.779494 0.365781 0.845018 0.200615 0.902223 0.600071 0.837283
0.034362 0.769641 0.622215 0.866021 0.512157 0.620940 0.395135 0.781233 0.286044 0.938487 0.566707 0.895096
0.042683 0.739067 0.794732 0.806768 0.480830 0.567374 0.401330 0.887209 0.383923 1.111174 0.599945 0.871306
-0.030565 0.750149 0.717195 0.846643 0.404575 0.570280 0.385591 0.791107 0.220131 1.027659 0.527995 0.929987
-0.046662 0.775258 0.632507 0.805596 0.454494 0.721012 0.404204 0.712635 0.264558 0.966812 0.531411 0.827133
-0.015953 0.703926 0.721148 0.755794 0.436372 0.673110 0.304958 0.839796 0.216086 0.916822 0.599262 0.987682
0.067499 0.755550 0.693610 0.848990 0.398357 0.596202 0.384877 0.815414 0.173267 0.812542 0.601488 0.824899
0.062450 0.756968 0.747819 0.828071 0.436117 0.650110 0.396676 0.838609 0.265227 0.928274 0.595523 0.846539
0.057642 0.724478 0.756460 0.728444 0.488189 0.668688 0.436999 0.775384 0.296639 0.893284 0.566979 0.916555
0.031480 0.620491 0.744786 0.747634 0.378100 0.592376 0.407894 0.805777 0.281499 0.851684 0.541572 0.910750
0.028915 0.705242 0.618131 0.732456 0.431511 0.597886 0.332268 0.737620 0.230346 0.928068 0.536782 0.907910
0.047604 0.697777 0.650070 0.750547 0.481065 0.672846 0.438974 0.783318 0.243012 0.961101 0.632449 0.864496
0.169912 0.898903 0.416392 0.448945 0.565522 0.387440 0.756390 0.418496 0.528454 0.863649 0.067203 0.405246
0.301842 0.891732 0.475293 0.407435 0.543304 0.478231 0.740813 0.332767 0.489933 0.806321 0.108121 0.366746
0.202583 0.921683 0.507804 0.502519 0.606546 0.459969 0.672978 0.339751 0.570442 0.804562 0.087263 0.351517
0.176413 0.927504 0.471175 0.429081 0.599078 0.453021 0.633407 0.302981 0.520296 0.752519 0.083636 0.383746
0.290882 0.901829 0.408888 0.436155 0.525063 0.484655 0.590113 0.310911 0.513497 0.791912 0.082197 0.448694
0.282697 0.836668 0.409431 0.343150 0.577173 0.416861 0.691611 0.374314 0.564854 0.723941 -0.014969 0.433299
0.204864 0.865699 0.460000 0.447883 0.636914 0.382881 0.710702 0.408173 0.526313 0.804035 0.093807 0.451672
0.311201 0.940492 0.532379 0.467218 0.563955 0.442827 0.813248 0.330737 0.511026 0.786963 0.059997 0.477651
0.211890 0.826732 0.495541 0.455862 0.587569 0.443433 0.704704 0.323912 0.596000 0.806112 0.051423 0.442820
0.199855 0.955694 0.573731 0.405276 0.591340 0.452522 0.587152 0.352457 0.616702 0.833133 -0.094328 0.450226
0.235141 0.892735 0.493338 0.393893 0.633569 0.532158 0.643707 0.363234 0.430161 0.821291 0.002448 0.419297
0.231145 0.983216 0.535057 0.372548 0.484047 0.375490 0.686623 0.394050 0.614418 0.767063 0.036231 0.470018
0.169306 0.941642 0.545028 0.398162 0.566279 0.417795 0.713654 0.397602 0.579841 0.785705 0.004862 0.406209
0.320463 0.967429 0.507323 0.495754 0.529957 0.411395 0.696084 0.328201 0.631739 0.888700 0.018760 0.378244
0.195298 0.913343 0.502321 0.356572 0.585531 0.489688 0.659900 0.438190 0.570312 0.652570 0.030098 0.433570
0.260226 0.988836 0.533091 0.508061 0.622636 0.441096 0.716558 0.346847 0.548125 0.812009 0.150414 0.448439
0.249413 0.997226 0.468070 0.467654 0.612828 0.401667 0.718916 0.402061 0.528972 0.799138 0.031829 0.405320
0.241016 0.836195 0.572600 0.466461 0.541108 0.395052 0.719827 0.386897 0.560425 0.858081 0.056225 0.396062
0.217179 0.903269 0.522355 0.446862 0.573241 0.466413 0.768964 0.391154 0.528963 0.867091 -0.013909 0.477844
0.401025 0.881202 0.377679 0.423395 0.603564 0.430556 0.679824 0.366917 0.537056 0.817002 -0.046020 0.416808
0.135388 0.929040 0.426846 0.461882 0.541839 0.460285 0.688495 0.312102 0.486641 0.766404 0.034984 0.425865
0.175754 0.938040 0.577536 0.378212 0.599477 0.472696 0.652347 0.331379 0.528091 0.889371 -0.000641 0.466611
0.258905 0.896319 0.477751 0.445940 0.595542 0.432240 0.627664 0.299024 0.533740 0.864884 0.115357 0.538289
0.266573 0.985491 0.464427 0.426702 0.593638 0.341130 0.725091 0.320590 0.471344 0.745036 -0.013536 0.458413
0.224290 0.893125 0.453572 0.428583 0.583136 0.499950 0.675164 0.408661 0.574798 0.830845 0.054498 0.484923
0.217603 0.920943 0.431330 0.494919 0.561674 0.476929 0.662714 0.374509 0.626319 0.853297 0.086861 0.492859
0.166890 0.895933 0.465400 0.518142 0.599067 0.520473 0.649590 0.413104 0.516796 0.754913 0.026871 0.299847
0.262860 0.895306 0.398663 0.377913 0.547487 0.505676 0.746478 0.334794 0.506361 0.837924 -0.032139 0.375366
0.200262 0.847999 0.521739 0.417338 0.597142 0.403472 0.745159 0.387046 0.576028 0.696526 0.071591 0.490449
0.265322 1.012727 0.515236 0.530377 0.473682 0.439682 0.693290 0.383286 0.638858 0.822093 0.075605 0.396603
0.270656 0.939426 0.543323 0.375678 0.587772 0.473541 0.671732 0.339240 0.489711 0.839652 0.028437 0.421265
0.326122 0.928644 0.389145 0.409599 0.602557 0.507480 0.723639 0.376142 0.514589 0.764528 -0.035114 0.418009
0.255054 0.837781 0.460548 0.539434 0.620496 0.412222 0.738119 0.343511 0.492178 0.869295 0.064144 0.460806
0.228666 0.990361 0.474107 0.391167 0.580594 0.445810 0.736112 0.303074 0.592981 0.761040 0.008145 0.468211
0.280774 0.988081 0.509416 0.345405 0.640603 0.447644 0.610471 0.384189 0.524909 0.831220 0.006507 0.436901
0.321631 0.834151 0.541020 0.401087 0.659139 0.425919 0.733111 0.435250 0.495002 0.801197 0.038668 0.522917
0.244718 0.945502 0.470736 0.547002 0.625321 0.448191 0.702162 0.369459 0.515429 0.825164 0.047945 0.514204
0.311613 0.890336 0.471870 0.491401 0.597921 0.413002 0.652261 0.337298 0.516828 0.826732 0.017783 0.498741
0.262753 0.884879 0.393367 0.344212 0.610558 0.351067 0.638975 0.322534 0.448161 0.862564 -0.009891 0.461556
0.253601 0.933391 0.430743 0.447755 0.546728 0.506733 0.719281 0.312916 0.565745 0.848443 -0.036956 0.402756
0.210764 0.938890 0.571198 0.420156 0.556459 0.432301 0.698287 0.366760 0.483228 0.901007 0.020377 0.407402
0.272361 0.872894 0.541673 0.493517 0.589979 0.455434 0.714944 0.290905 0.512477 0.845756 0.060199 0.459295
0.218948 0.965330 0.550362 0.493340 0.533183 0.454159 0.669851 0.284468 0.563321 0.778462 0.125520 0.401317
0.240612 0.977210 0.522585 0.499108 0.468207 0.414100 0.695218 0.351459 0.550024 0.757237 0.131904 0.423920
0.183203 0.899863 0.494896 0.480365 0.616497 0.423081 0.656324 0.390244 0.545865 0.815443 0.066474 0.418671
0.284975 0.897276 0.498322 0.480832 0.515662 0.411773 0.702467 0.278122 0.436888 0.762404 0.121468 0.527073
0.215400 0.973159 0.482775 0.516714 0.514808 0.455096 0.719523 0.290593 0.460045 0.843663 0.004814 0.403043
0.301014 0.883775 0.554386 0.454788 0.588170 0.439585 0.643249 0.415545 0.459769 0.837423 0.046446 0.443710
0.307820 0.933618 0.540780 0.513459 0.562610 0.508016 0.700801 0.221157 0.561955 0.852295 0.114579 0.384015
0.240713 0.973775 0.480028 0.381325 0.569516 0.405087 0.753323 0.378841 0.517431 0.789983 -0.072750 0.405937
0.266489 0.918772 0.442705 0.504174 0.605461 0.496603 0.693368 0.426856 0.490025 0.853230 0.000036 0.578902
0.195079 0.866332 0.476190 0.419691 0.651444 0.396916 0.728916 0.253179 0.553342 0.799729 0.059520 0.456169
0.268797 0.959771 0.471406 0.515630 0.590556 0.505899 0.717017 0.316222 0.613514 0.791196 0.038273 0.420002
0.200446 0.893176 0.539392 0.360812 0.623204 0.416928 0.624095 0.426044 0.557442 0.838737 0.057209 0.459955
0.236491 0.927151 0.474646 0.473328 0.579891 0.423646 0.704444 0.334724 0.547693 0.829616 -0.061824 0.507716
0.318747 0.904084 0.431741 0.374901 0.482745 0.453585 0.653861 0.469261 0.478208 0.803314 0.054350 0.346020
0.184500 0.932387 0.546590 0.350925 0.543586 0.432521 0.769976 0.386072 0.538754 0.799562 0.042033 0.560472
0.270812 0.910040 0.481757 0.524308 0.590724 0.444438 0.665004 0.355935 0.454645 0.809270 0.001724 0.396268
0.208661 0.976687 0.564963 0.422528 0.562412 0.449903 0.592317 0.336237 0.446407 0.832012 -0.002963 0.410590
0.238058 0.850692 0.482215 0.419185 0.519378 0.492669 0.726577 0.430670 0.537295 0.819323 0.022148 0.421479
0.214763 0.930774 0.591068 0.406144 0.580162 0.471393 0.673858 0.439984 0.507834 0.808022 0.015218 0.421419
0.290926 0.980313 0.527377 0.411594 0.658431 0.383702 0.675461 0.263456 0.566561 0.774873 0.070127 0.546448
0.312191 0.928446 0.371397 0.521408 0.621449 0.464901 0.732858 0.356317 0.510420 0.847752 0.054185 0.395215
0.278590 0.946247 0.504529 0.372154 0.596744 0.414702 0.732486 0.334373 0.519489 0.782256 0.005774 0.390963
0.239415 0.901246 0.541680 0.508630 0.532818 0.423909 0.624278 0.308143 0.626071 0.811670 0.017599 0.489305
0.233449 0.886880 0.383521 0.400770 0.574951 0.453568 0.700427 0.298694 0.591125 0.796516 0.043981 0.436609
0.276215 0.978435 0.469963 0.462450 0.518487 0.385946 0.747646 0.368086 0.582088 0.748680 0.032170 0.427762
0.165524 0.926992 0.391063 0.431590 0.480952 0.403100 0.657757 0.338087 0.619896 0.864298 -0.018110 0.414524
0.293930 0.888274 0.530459 0.411136 0.543904 0.451441 0.704812 0.389462 0.562260 0.734341 -0.033471 0.373582
0.219992 0.949390 0.482802 0.482034 0.579588 0.583112 0.648161 0.324600 0.614171 0.731980 0.034628 0.396684
0.202304 0.857197 0.624853 0.408067 0.533545 0.398457 0.636028 0.362365 0.453601 0.797938 0.155278 0.416526
0.257810 0.835729 0.449081 0.455164 0.563164 0.515521 0.716554 0.322794 0.571939 0.748302 -0.054438 0.469981
0.278689 0.907870 0.518857 0.476027 0.590821 0.440945 0.708591 0.325006 0.525653 0.727172 0.102718 0.356174
0.290356 0.948986 0.486167 0.433524 0.555166 0.460468 0.671304 0.242663 0.522463 0.830057 0.065608 0.387932
0.212631 0.836533 0.473747 0.458120 0.558430 0.439108 0.743314 0.329046 0.588091 0.867204 -0.039227 0.367777
0.218056 0.973671 0.493788 0.426047 0.602707 0.402799 0.715558 0.313438 0.485297 0.799540 0.025893 0.513908
0.270016 0.890779 0.526727 0.487435 0.679746 0.449078 0.717466 0.337870 0.492651 0.839751 0.073558 0.514305
0.258325 0.939091 0.458915 0.450148 0.609078 0.394847 0.687337 0.340186 0.509468 0.796773 0.082203 0.496640
0.264396 0.878243 0.555971 0.401781 0.586694 0.475761 0.696289 0.304989 0.441791 0.857544 0.168743 0.366161
0.096603 0.992104 0.490433 0.495541 0.578931 0.392503 0.724193 0.436481 0.503712 0.828542 0.035411 0.444404
0.302267 0.824519 0.506286 0.478988 0.601584 0.435564 0.647323 0.326562 0.502709 0.735058 0.097985 0.533642
0.314223 0.924884 0.622553 0.473321 0.573311 0.509767 0.679798 0.338197 0.491132 0.845125 -0.020619 0.426600
0.241460 0.883318 0.454994 0.477903 0.566701 0.404501 0.730444 0.398207 0.452882 0.845041 0.085967 0.432223
0.221802 0.857496 0.408101 0.464843 0.581401 0.466793 0.745147 0.282544 0.544232 0.776066 0.030807 0.435403
0.235023 0.924758 0.539985 0.424507 0.563792 0.463849 0.627256 0.326756 0.513825 0.692007 0.056498 0.423436
0.351777 0.932661 0.378590 0.460277 0.652765 0.587847 0.733538 0.407470 0.537559 0.744933 -0.041220 0.509262
0.173238 0.942941 0.410032 0.510018 0.508394 0.411342 0.638910 0.404903 0.581047 0.877036 0.025005 0.426385
0.203670 0.876280 0.499705 0.422185 0.619905 0.544526 0.691131 0.347746 0.490266 0.788866 0.127253 0.432331
0.235472 0.884387 0.560666 0.447788 0.549414 0.449337 0.656702 0.383457 0.520005 0.830614 0.058368 0.393407
0.143443 0.872414 0.481981 0.552990 0.627644 0.471566 0.707112 0.396338 0.603104 0.878244 -0.013502 0.453422
0.244698 0.952527 0.543389 0.479379 0.550477 0.437098 0.601453 0.355867 0.564830 0.791971 0.021404 0.366351
0.302988 0.941257 0.559030 0.423905 0.574642 0.372343 0.763039 0.363159 0.447486 0.794623 0.041638 0.377290
0.215538 0.923318 0.482784 0.500522 0.647529 0.418551 0.741235 0.340117 0.538828 0.826052 -0.030484 0.341905
0.282754 0.950466 0.486065 0.479259 0.620042 0.427717 0.642240 0.353274 0.535901 0.800951 0.026103 0.484644
0.315968 0.859949 0.468549 0.383079 0.622162 0.421191 0.670701 0.384578 0.560736 0.875372 0.061639 0.373729
0.330719 0.948198 0.541111 0.506994 0.616012 0.557830 0.692680 0.283109 0.522416 0.797719 0.145464 0.380082
0.251179 0.974445 0.509389 0.506844 0.649722 0.367696 0.661688 0.325327 0.597355 0.784138 -0.012358 0.350458
0.312079 0.884764 0.485653 0.435170 0.616836 0.495453 0.775675 0.303126 0.471611 0.781537 0.088806 0.447921
0.206389 0.958303 0.510565 0.499826 0.566901 0.358211 0.758774 0.378257 0.551738 0.793879 0.016768 0.486462
0.269119 0.894443 0.479862 0.439329 0.542757 0.417734 0.677266 0.327915 0.520088 0.815049 0.022389 0.483860
0.322108 0.957071 0.483230 0.447939 0.651668 0.421948 0.700971 0.297032 0.603991 0.796170 0.090413 0.324619
0.254141 0.926310 0.468075 0.397264 0.634895 0.487216 0.685300 0.388842 0.536109 0.854441 -0.027260 0.348739
0.290731 0.876482 0.497312 0.462088 0.664102 0.362795 0.647768 0.226049 0.526416 0.793961 0.055658 0.387882
0.349252 0.888473 0.494212 0.410281 0.516004 0.490622 0.676002 0.331158 0.531906 0.866331 0.016982 0.526538
0.270624 0.799115 0.474074 0.537447 0.573452 0.461451 0.630896 0.337894 0.513598 0.846369 0.083526 0.496424
0.271735 0.960345 0.508758 0.400249 0.658678 0.453995 0.744836 0.354299 0.603783 0.839398 0.061016 0.459367
0.273105 0.855292 0.576351 0.405963 0.600204 0.450372 0.591564 0.402163 0.633139 0.751999 0.043173 0.381078
0.298287 0.812155 0.424986 0.427102 0.545816 0.413520 0.673612 0.385959 0.544970 0.786915 0.093057 0.459701
0.381518 1.014510 0.469354 0.467120 0.619266 0.449228 0.640442 0.435184 0.518186 0.799574 0.084993 0.394886
0.210763 0.911918 0.439225 0.518642 0.504679 0.476095 0.676552 0.406779 0.447077 0.769348 0.071824 0.440389
0.264395 0.993485 0.486360 0.491070 0.578066 0.456424 0.605218 0.356863 0.499765 0.815898 -0.012008 0.589766
0.242544 0.907547 0.474963 0.480433 0.576961 0.526276 0.640689 0.349272 0.560029 0.842690 0.080802 0.434691
0.213152 0.960949 0.446336 0.458166 0.524522 0.374309 0.704827 0.374190 0.579414 0.768890 0.093018 0.396952
0.265727 0.929126 0.510160 0.439687 0.594014 0.441231 0.781077 0.406249 0.486274 0.705693 0.134920 0.425100
0.232790 0.942425 0.513892 0.455227 0.509773 0.413117 0.749991 0.316593 0.553851 0.810677 -0.013824 0.419472
0.311995 0.840546 0.519104 0.473313 0.586874 0.480205 0.641383 0.381822 0.560732 0.826761 0.083777 0.380045
0.385727 0.941257 0.510864 0.471976 0.612894 0.350885 0.737831 0.333017 0.565697 0.777108 0.025534 0.394419
0.254846 0.921384 0.515227 0.495317 0.514232 0.484960 0.627699 0.317446 0.535839 0.825806 0.046582 0.529836
0.268889 0.850203 0.480102 0.389114 0.549222 0.478511 0.749598 0.334300 0.517493 0.806865 0.121570 0.466526
0.251213 0.818262 0.541339 0.468179 0.633301 0.529825 0.744295 0.351931 0.382300 0.815107 0.022983 0.449221
0.245906 0.970832 0.485216 0.429964 0.598630 0.409384 0.751004 0.301727 0.600535 0.857398 0.001886 0.405499
0.350353 0.858741 0.467776 0.497220 0.633825 0.361088 0.761074 0.331569 0.579300 0.887247 0.005368 0.490518
0.290179 0.907549 0.398938 0.543845 0.609121 0.435038 0.786359 0.375349 0.419769 0.820224 -0.021165 0.394277
0.321595 0.931774 0.492746 0.437749 0.603103 0.443692 0.713454 0.278472 0.533147 0.694929 0.045289 0.460749
0.346084 0.862595 0.488373 0.459002 0.564723 0.403526 0.732935 0.350707 0.606635 0.817161 0.118541 0.514118
0.222256 0.957160 0.572854 0.521688 0.561748 0.397193 0.652221 0.379047 0.564587 0.776531 -0.033914 0.470622
0.236807 0.895286 0.379465 0.483405 0.541176 0.419469 0.603883 0.381007 0.449302 0.860650 -0.080292 0.341846
0.267199 0.899144 0.383483 0.413081 0.513133 0.446946 0.737702 0.308410 0.531893 0.735466 0.040479 0.449258
0.230135 0.945315 0.435300 0.492951 0.631297 0.542368 0.716593 0.372133 0.605056 0.877868 0.057013 0.458360
0.370158 0.858921 0.445970 0.621792 0.455556 0.523939 0.726962 0.365931 0.575715 0.800753 0.131632 0.432513
0.213574 0.891182 0.540127 0.524176 0.629716 0.521382 0.669392 0.292291 0.522152 0.866394 -0.013430 0.484432
0.363228 0.914702 0.519193 0.477769 0.595845 0.363581 0.580196 0.360065 0.508559 0.783650 0.186631 0.366977
0.321542 0.916133 0.488882 0.426683 0.643686 0.467830 0.676668 0.246108 0.604721 0.837623 0.040069 0.432940
0.185265 0.976656 0.494664 0.487006 0.569954 0.463547 0.668965 0.446220 0.487718 0.831253 0.006166 0.494438
0.269477 0.900470 0.457812 0.395394 0.582703 0.389013 0.664362 0.292572 0.506168 0.842794 0.039060 0.429023
0.180207 0.912506 0.435981 0.458452 0.638355 0.484190 0.751874 0.401753 0.539008 0.754031 0.075253 0.371871
0.274962 0.879587 0.433952 0.397586 0.505865 0.457218 0.754461 0.389849 0.559989 0.788041 0.033522 0.472164
0.227172 1.043664 0.486205 0.488051 0.593393 0.457729 0.699985 0.308473 0.644571 0.820393 0.096328 0.492185
0.311877 0.877168 0.495677 0.394916 0.528590 0.447666 0.742962 0.384459 0.567098 0.745016 0.067413 0.485669
0.238673 0.906379 0.473452 0.352198 0.674028 0.390550 0.631177 0.375023 0.581783 0.877364 0.124942 0.457652
0.234756 1.017449 0.589751 0.459205 0.554907 0.488150 0.616268 0.375511 0.575534 0.853727 0.080353 0.434274
0.218980 0.935420 0.454752 0.440318 0.606036 0.393751 0.622328 0.422244 0.516548 0.809813 0.072712 0.388234
0.257458 0.819103 0.479815 0.426127 0.565720 0.377808 0.648760 0.358723 0.543723 0.893780 0.005511 0.421085
0.321059 0.959756 0.464385 0.500971 0.592631 0.473703 0.728961 0.310918 0.513419 0.804668 0.028128 0.461402
0.243289 0.835264 0.472563 0.418825 0.505523 0.457265 0.716537 0.375824 0.397621 0.737758 0.093046 0.418394
0.212152 0.906240 0.509358 0.470303 0.612680 0.461403 0.715177 0.381932 0.531500 0.771584 0.046945 0.473366
0.183206 0.974119 0.460260 0.355495 0.652092 0.457934 0.689839 0.303458 0.511886 0.804523 -0.054785 0.489975
0.320627 0.980294 0.581114 0.437892 0.570413 0.367274 0.777608 0.457970 0.557139 0.720427 0.118512 0.487352
0.167169 0.953595 0.584346 0.500260 0.653192 0.432519 0.612856 0.330243 0.441338 0.841836 0.126590 0.425144
0.223108 0.832197 0.489456 0.547282 0.593969 0.423155 0.706403 0.375979 0.460428 0.806310 0.045633 0.452800
0.229576 0.854770 0.458936 0.476073 0.522822 0.378210 0.795959 0.347267 0.457448 0.802876 0.196827 0.477562
0.314038 0.869072 0.547180 0.419755 0.573090 0.442056 0.675193 0.436354 0.582098 0.873050 0.033656 0.479975
0.255134 0.945171 0.395223 0.343656 0.605320 0.435939 0.618713 0.355151 0.570863 0.800796 0.044980 0.507694
0.231616 0.935330 0.519204 0.476018 0.576475 0.416720 0.691509 0.413080 0.516503 0.862283 0.061836 0.455935
0.287152 0.895771 0.477011 0.358131 0.648998 0.377567 0.690709 0.383302 0.532999 0.855463 0.099557 0.490856
0.219650 0.846525 0.481789 0.431516 0.662678 0.448388 0.652220 0.407218 0.589400 0.825087 0.116330 0.363258
0.275566 0.927889 0.462851 0.479980 0.522279 0.408134 0.641792 0.277126 0.569921 0.736373 0.020786 0.429369
0.275169 0.903718 0.449901 0.437279 0.604134 0.469736 0.753753 0.292705 0.503423 0.858841 -0.020620 0.317857
0.190249 0.885622 0.490449 0.453005 0.620788 0.358992 0.671618 0.405351 0.425482 0.806350 0.027026 0.408492
0.178440 0.926686 0.465006 0.476926 0.631835 0.443806 0.670047 0.443132 0.577326 0.716256 0.047871 0.465766
0.298124 0.870536 0.547043 0.453561 0.548978 0.458535 0.703944 0.293524 0.600053 0.839785 0.043072 0.339747
0.247947 0.869133 0.490223 0.454828 0.512465 0.458108 0.721829 0.248846 0.563844 0.865429 0.042434 0.639430
0.320346 0.882771 0.433690 0.432390 0.494140 0.460771 0.736418 0.427454 0.501511 0.735215 -0.021000 0.404832
0.317493 0.930086 0.463084 0.531783 0.612124 0.342811 0.715731 0.371128 0.597263 0.761571 0.004954 0.402038
0.294323 0.926544 0.426371 0.435817 0.578376 0.380530 0.767456 0.346589 0.568310 0.857920 0.004770 0.349340
0.197946 0.938279 0.530554 0.493689 0.600056 0.488788 0.686306 0.236379 0.551404 0.842426 0.090473 0.512225
0.241540 0.856146 0.492749 0.423995 0.568499 0.513876 0.657434 0.331675 0.533591 0.737946 0.088843 0.391539
0.308569 0.818276 0.544713 0.520123 0.615289 0.437590 0.683332 0.282552 0.510796 0.828481 0.036769 0.366269
0.309525 0.927351 0.537603 0.474666 0.533326 0.353226 0.769892 0.400089 0.620174 0.799804 0.027341 0.450200
0.311128 0.949053 0.428390 0.397729 0.645937 0.427075 0.649664 0.370616 0.545717 0.835717 0.089553 0.431445
0.229342 0.933890 0.518340 0.436822 0.616289 0.421485 0.631993 0.390054 0.592409 0.837396 0.054166 0.410073
0.288600 0.976487 0.526348 0.471113 0.585143 0.461228 0.720993 0.403540 0.508627 0.791298 0.049216 0.360650
0.272348 0.952937 0.517472 0.425251 0.569135 0.515459 0.731576 0.328723 0.530022 0.878124 0.030177 0.438898
0.243709 0.875805 0.556433 0.420431 0.557796 0.421541 0.720249 0.233087 0.582538 0.835034 0.084938 0.417175
0.179018 0.865803 0.529447 0.396783 0.591640 0.467360 0.619515 0.404720 0.566012 0.928055 -0.032918 0.498597
0.269404 0.884958 0.505474 0.435187 0.638635 0.504839 0.716299 0.320560 0.500090 0.780509 0.055454 0.445185
0.263421 0.761046 0.471701 0.526628 0.621293 0.400993 0.724321 0.366908 0.522391 0.801957 0.064483 0.443067
0.237898 0.854190 0.577398 0.438289 0.650731 0.461441 0.802489 0.294526 0.549157 0.708354 -0.016363 0.388514
0.348603 0.865791 0.509103 0.513082 0.594000 0.406537 0.699833 0.409921 0.440278 0.801579 0.055897 0.405797
0.264429 0.897353 0.538745 0.445234 0.503681 0.493066 0.717555 0.406834 0.549002 0.828546 0.038147 0.422466
0.294020 0.988185 0.561881 0.503085 0.553538 0.427600 0.689923 0.373774 0.450339 0.833680 0.003250 0.504231
0.266525 0.820049 0.418746 0.402361 0.550530 0.449840 0.622773 0.322921 0.566748 0.804768 0.006531 0.372251
0.206863 0.889953 0.452660 0.370512 0.658276 0.474411 0.643978 0.256637 0.541881 0.821002 -0.005845 0.403704
0.346829 0.802575 0.494621 0.444581 0.651770 0.474313 0.671651 0.312712 0.448172 0.770741 0.137869 0.471072
0.259132 0.901346 0.477284 0.408925 0.684442 0.464170 0.610438 0.285224 0.535118 0.810178 0.097814 0.451249
0.343660 0.776402 0.505435 0.425689 0.613172 0.451940 0.625381 0.350710 0.541850 0.769703 0.001336 0.421792
0.232711 0.841686 0.470004 0.441344 0.633997 0.390279 0.625573 0.349025 0.525108 0.790427 0.008478 0.472012
0.257818 0.961836 0.426158 0.463791 0.698441 0.372098 0.629524 0.313105 0.534856 0.783536 0.076343 0.462526
0.219823 0.973372 0.414959 0.405735 0.589932 0.494563 0.576366 0.357634 0.466685 0.870686 0.056470 0.456562
0.247581 0.899948 0.446618 0.437417 0.540610 0.494242 0.817702 0.303639 0.604345 0.776598 0.051688 0.359347
0.221279 0.922093 0.499505 0.462514 0.651294 0.456822 0.663112 0.275328 0.520262 0.776560 -0.037887 0.344601
0.252507 0.885582 0.549023 0.317604 0.524259 0.446582 0.618121 0.339327 0.554636 0.876690 -0.017684 0.439369
0.231654 0.890334 0.571133 0.415830 0.662237 0.451033 0.652832 0.376120 0.575114 0.805592 0.194256 0.340584
0.333394 0.926183 0.526281 0.495452 0.592265 0.448238 0.723168 0.350323 0.494059 0.729456 0.011586 0.428533
0.214521 0.936690 0.409196 0.475442 0.553724 0.392158 0.705482 0.393608 0.472666 0.841981 0.072068 0.429644
0.293161 0.860589 0.441551 0.390359 0.576412 0.461502 0.728996 0.408942 0.592966 0.745887 0.025663 0.482353
0.277864 0.868927 0.450886 0.491180 0.548275 0.399845 0.771264 0.392818 0.554457 0.762121 0.026755 0.438340
0.294196 0.898892 0.532456 0.474109 0.514843 0.531635 0.739493 0.315356 0.630084 0.809675 0.031368 0.468556
0.201250 1.018722 0.501395 0.401533 0.551878 0.518847 0.683898 0.453146 0.597291 0.877274 0.063444 0.494682
0.227663 0.960134 0.536337 0.451754 0.646081 0.374860 0.686693 0.398500 0.516460 0.894696 0.050797 0.466205
0.318326 0.851115 0.486308 0.461104 0.567726 0.489553 0.692075 0.353893 0.491353 0.857056 -0.010873 0.382366
0.229956 0.844663 0.457911 0.525710 0.513413 0.429790 0.602632 0.465292 0.581108 0.789113 -0.030255 0.424107
0.240053 0.923390 0.471320 0.521241 0.633236 0.410885 0.654123 0.435681 0.600041 0.765750 0.104043 0.469284
0.223451 0.828074 0.494160 0.464324 0.656520 0.431971 0.620861 0.372773 0.489401 0.786498 0.031887 0.479954
0.211002 0.980790 0.395064 0.469101 0.585480 0.521217 0.635308 0.327153 0.475103 0.716003 0.067637 0.455589
0.390346 0.908493 0.543737 0.490504 0.557956 0.376870 0.754797 0.329503 0.495128 0.827809 0.004721 0.515018
0.293752 0.972161 0.501615 0.455882 0.559199 0.382949 0.714076 0.332810 0.509764 0.908502 0.093189 0.441600
0.227777 0.883386 0.542695 0.416458 0.587405 0.376411 0.736000 0.396688 0.555705 0.870162 -0.015054 0.446618
0.221126 0.890401 0.444127 0.496586 0.558434 0.420047 0.744746 0.383013 0.547487 0.890534 0.074074 0.441247
0.238846 0.956139 0.494023 0.345401 0.620768 0.489551 0.655732 0.339202 0.589853 0.857019 -0.042149 0.442578
0.171923 0.933109 0.498949 0.457250 0.586218 0.435447 0.661186 0.239572 0.525186 0.744455 -0.040209 0.461267
0.235226 0.877375 0.550288 0.451860 0.597827 0.473870 0.679206 0.351054 0.559902 0.848633 -0.042920 0.483951
0.221740 0.890640 0.488860 0.422626 0.596531 0.459819 0.693623 0.348952 0.532739 0.834381 -0.078197 0.440560
0.297493 0.866718 0.531813 0.504533 0.561606 0.404445 0.659320 0.323670 0.544753 0.726471 0.083181 0.478605
0.218552 0.953746 0.484710 0.457683 0.564697 0.452260 0.649172 0.295314 0.593929 0.862443 -0.008726 0.486177
0.262084 0.883003 0.450753 0.492485 0.587181 0.520155 0.692654 0.327088 0.529287 0.777284 0.016965 0.398825
0.313159 0.983758 0.409817 0.467934 0.535297 0.378957 0.650506 0.386843 0.482153 0.719682 0.000770 0.493616
0.249033 0.860219 0.538314 0.520681 0.650037 0.391757 0.600576 0.328459 0.504132 0.806424 0.076791 0.474052
0.318143 0.869813 0.471701 0.457332 0.520914 0.411855 0.791469 0.308906 0.542209 0.823735 0.082094 0.431168
0.211290 0.899889 0.522602 0.442883 0.634871 0.415311 0.601245 0.306993 0.563436 0.996190 -0.029854 0.408889
0.142790 0.887570 0.515056 0.454036 0.636102 0.503486 0.710560 0.284121 0.501417 0.796560 0.038044 0.466712
0.232681 0.995543 0.533909 0.556864 0.660609 0.458682 0.643777 0.318823 0.529880 0.931915 0.039969 0.505265
0.238410 0.925423 0.498914 0.403905 0.560090 0.434685 0.648400 0.353071 0.438588 0.875752 -0.007413 0.484588
0.209715 0.964747 0.466214 0.433314 0.533774 0.472346 0.651036 0.252495 0.537571 0.785804 0.004034 0.440910
0.284981 0.901706 0.367014 0.467383 0.608817 0.451694 0.659775 0.276822 0.515010 0.851898 0.063156 0.339867
0.167182 0.848256 0.545122 0.489179 0.641334 0.457105 0.593436 0.316817 0.508974 0.822454 -0.044907 0.400568
0.222956 0.910282 0.494278 0.445135 0.667040 0.521401 0.744692 0.415676 0.508292 0.787275 0.025464 0.429141
0.336457 0.887872 0.529290 0.418884 0.603557 0.440012 0.726481 0.271166 0.495967 0.784275 0.039838 0.367928
0.208642 0.913022 0.506584 0.432722 0.628862 0.550664 0.621584 0.381909 0.491598 0.776848 0.048430 0.503750
0.242456 1.017137 0.562039 0.482234 0.581803 0.436662 0.709410 0.428373 0.522247 0.887054 0.029788 0.479162
0.290890 0.854719 0.438080 0.474684 0.515439 0.450192 0.706969 0.256632 0.556968 0.924983 0.041149 0.450190
0.252383 0.889924 0.380029 0.389635 0.668768 0.378386 0.655318 0.404175 0.572668 0.766633 0.034052 0.458171
0.208049 0.912785 0.517152 0.443470 0.550077 0.338653 0.704227 0.354997 0.548972 0.846625 0.038380 0.455918
0.213347 0.854923 0.479533 0.410060 0.524582 0.429503 0.737340 0.334161 0.486174 0.797820 -0.032371 0.536761
0.251610 0.888176 0.508248 0.490636 0.562809 0.471443 0.662010 0.392448 0.484407 0.855213 0.063655 0.407041
0.207784 0.879294 0.434386 0.450299 0.579375 0.475978 0.708644 0.410701 0.424794 0.890567 0.015121 0.384620
0.329968 0.966934 0.471407 0.516755 0.631175 0.505807 0.729861 0.302195 0.544524 0.848959 0.037990 0.423912
0.142644 0.901595 0.524406 0.516740 0.471231 0.320638 0.647727 0.314553 0.538968 0.743725 0.016641 0.452459
0.240663 0.865372 0.442818 0.473069 0.447949 0.520486 0.719156 0.367499 0.539928 0.795005 0.045975 0.369668
0.244820 0.943758 0.437902 0.440099 0.534717 0.505675 0.702708 0.324764 0.503680 0.829325 0.069975 0.462258
0.294057 0.934691 0.461666 0.552251 0.575577 0.481605 0.721802 0.361077 0.571761 0.827325 0.133877 0.407236
0.233124 0.901445 0.577079 0.340137 0.569413 0.417106 0.667236 0.293072 0.566937 0.876426 -0.006442 0.377396
0.190064 0.955534 0.482256 0.429813 0.577345 0.540683 0.614686 0.389059 0.644475 0.804619 0.053374 0.383413
0.166982 0.945080 0.582464 0.433574 0.604206 0.415368 0.651141 0.293135 0.556178 0.785812 0.005527 0.456291
0.264423 0.900044 0.463908 0.493398 0.595433 0.481327 0.813685 0.318709 0.533054 0.808746 0.087303 0.443339
0.243633 0.951721 0.550309 0.460742 0.567266 0.340838 0.589082 0.352126 0.599053 0.804619 0.009557 0.307438
0.295032 0.826911 0.504054 0.516793 0.464418 0.443210 0.686734 0.463575 0.521301 0.771545 0.039048 0.344831
0.260878 0.943534 0.531657 0.488288 0.569792 0.454058 0.633262 0.315715 0.637637 0.813345 0.019202 0.468877
0.238338 0.888797 0.423701 0.430744 0.635722 0.427111 0.762571 0.338946 0.622800 0.777253 0.123774 0.424128
0.315200 0.918215 0.479361 0.492993 0.583208 0.460675 0.729913 0.329477 0.534675 0.833345 0.034616 0.542172
0.264249 0.884354 0.462589 0.404808 0.625959 0.376566 0.622000 0.295427 0.542856 0.731873 0.107292 0.481771
0.247829 0.881299 0.514439 0.430624 0.611036 0.504844 0.759298 0.304952 0.519168 0.885533 0.060761 0.450417
0.276945 0.955330 0.468363 0.531664 0.676142 0.345800 0.638825 0.365093 0.503761 0.727379 0.079521 0.533398
0.329997 0.888852 0.446637 0.400878 0.601852 0.422039 0.559881 0.370421 0.443658 0.831335 0.042709 0.445893
0.237737 0.862000 0.522995 0.427530 0.543942 0.443193 0.638378 0.305807 0.526393 0.802295 -0.011678 0.433069
0.181140 0.953261 0.439767 0.402021 0.516682 0.436239 0.604016 0.337355 0.491841 0.856710 0.014817 0.431132
0.326542 1.011051 0.417988 0.412127 0.629637 0.535292 0.704014 0.285369 0.523886 0.782953 0.034075 0.555211
0.287921 0.913969 0.453393 0.546732 0.634372 0.524222 0.651917 0.410187 0.401055 0.843615 0.040384 0.457898
0.282793 0.876881 0.562968 0.464972 0.727914 0.480483 0.668031 0.427591 0.381926 0.816126 0.118735 0.473434
0.272784 0.972307 0.498818 0.489561 0.646122 0.398403 0.753860 0.375718 0.589089 0.809523 0.036352 0.430026
0.298246 0.953490 0.544200 0.471704 0.586885 0.475169 0.733477 0.355016 0.503321 0.807670 0.002204 0.425113
0.132087 0.864972 0.524694 0.439857 0.487661 0.520169 0.614527 0.350602 0.621636 0.730514 0.037625 0.332017
0.263581 0.879061 0.551709 0.442887 0.595196 0.383303 0.661650 0.334403 0.567784 0.745798 0.057243 0.562036
0.136666 0.872509 0.456223 0.419633 0.573573 0.452792 0.724354 0.401650 0.657650 0.835635 0.025724 0.413328
0.314999 0.937834 0.487791 0.394074 0.597233 0.456701 0.635774 0.372902 0.572923 0.821673 0.099467 0.488040
0.260211 0.924872 0.498637 0.403173 0.585263 0.454900 0.660147 0.375322 0.578459 0.825477 -0.036671 0.436457
0.286413 0.900778 0.448907 0.525163 0.665310 0.536092 0.690877 0.402322 0.537663 0.800456 0.087397 0.435882
0.208180 0.948478 0.470435 0.478035 0.540644 0.399713 0.744149 0.417733 0.579193 0.862568 -0.017818 0.440680
0.234368 0.900379 0.515269 0.471120 0.552060 0.414526 0.754841 0.292948 0.521989 0.847539 0.001615 0.380288
0.374405 0.922244 0.431485 0.410793 0.547694 0.529812 0.682310 0.332884 0.467016 0.794658 0.066497 0.398092
0.302073 0.908528 0.460682 0.457024 0.564834 0.448870 0.638789 0.400614 0.590419 0.777437 0.059420 0.418207
0.322477 0.914473 0.570082 0.390400 0.651656 0.492421 0.732848 0.345436 0.501512 0.772548 -0.021804 0.433672
0.248358 0.899670 0.512328 0.384614 0.618999 0.336777 0.639529 0.350934 0.515821 0.814482 0.020665 0.417724
0.203174 0.841667 0.480892 0.499202 0.596727 0.593421 0.632793 0.383996 0.617045 0.829932 0.008431 0.477845
0.204888 0.928119 0.561259 0.444655 0.609189 0.415922 0.713808 0.353694 0.530399 0.860031 0.005313 0.425272
0.237831 0.979106 0.509721 0.387851 0.582603 0.382468 0.651973 0.339544 0.620264 0.794256 0.079379 0.494194
0.245379 1.014144 0.488051 0.475344 0.533069 0.418707 0.679615 0.399997 0.448419 0.811639 0.065132 0.361629
0.195193 0.904144 0.496496 0.512008 0.457571 0.398510 0.770433 0.338939 0.495943 0.755867 0.088891 0.413303
0.327942 0.819390 0.461754 0.497640 0.579750 0.437363 0.696884 0.341591 0.522161 0.775898 0.055002 0.420087
0.265510 0.775731 0.481041 0.488976 0.498399 0.369429 0.714299 0.344017 0.464729 0.880004 -0.010176 0.479361
0.268739 0.946427 0.527333 0.496951 0.482951 0.511294 0.634317 0.370635 0.514148 0.810027 -0.127829 0.423881
0.236346 0.861744 0.448685 0.515540 0.585212 0.467869 0.669070 0.277886 0.599816 0.792692 0.046927 0.349323
0.175009 0.920647 0.479732 0.507357 0.663643 0.428980 0.650283 0.337674 0.488795 0.758032 0.058162 0.417913
0.343957 1.017191 0.517291 0.496912 0.609167 0.493535 0.682978 0.387749 0.541617 0.792053 0.006486 0.380222
0.223038 1.000262 0.447724 0.521401 0.511171 0.464443 0.650561 0.263508 0.540192 0.873983 0.074528 0.452634
0.196148 0.878824 0.443009 0.393306 0.549542 0.418237 0.679169 0.293809 0.465975 0.812364 0.042226 0.467201
0.285047 0.856718 0.447589 0.454558 0.517337 0.347463 0.687593 0.372317 0.539246 0.866068 -0.031353 0.492052
0.267723 1.005982 0.430635 0.513023 0.623294 0.422061 0.713296 0.241149 0.566318 0.785955 -0.008730 0.510929
0.224207 0.918055 0.453014 0.437315 0.641832 0.451617 0.684379 0.401215 0.477123 0.726528 -0.134958 0.389355
0.239601 0.927885 0.420701 0.481779 0.583817 0.455784 0.710512 0.318480 0.514037 0.779595 -0.000654 0.517200
0.244052 0.864407 0.483875 0.418311 0.564989 0.518772 0.727740 0.391570 0.492761 0.740564 0.030964 0.495643
0.216555 0.874687 0.401097 0.443670 0.633434 0.489170 0.596512 0.320907 0.492184 0.817696 -0.026445 0.376876
0.305365 0.961625 0.439796 0.508870 0.534699 0.347455 0.719204 0.397591 0.451092 0.756463 0.037336 0.411896
0.188314 0.829199 0.522670 0.526953 0.641377 0.426827 0.721951 0.314690 0.558199 0.839817 -0.033361 0.410627
0.262639 0.923072 0.483876 0.425156 0.682386 0.492761 0.743683 0.380312 0.456650 0.868000 0.075805 0.443642
0.343832 0.870997 0.524515 0.363366 0.558100 0.432729 0.693257 0.382915 0.529818 0.731667 -0.023730 0.449070
0.228506 1.019848 0.493365 0.478333 0.528647 0.479933 0.668543 0.302568 0.536565 0.818718 0.127777 0.433106
0.313894 0.931900 0.430326 0.480432 0.600659 0.373810 0.720468 0.313666 0.539935 0.798587 -0.012336 0.464685
0.261496 0.988054 0.443508 0.395134 0.585900 0.465371 0.659369 0.423758 0.517777 0.880112 0.021519 0.414585
0.304592 0.983894 0.456685 0.494797 0.616328 0.482723 0.727408 0.381785 0.430151 0.823461 0.106723 0.552401
0.256460 0.926771 0.507284 0.491081 0.603116 0.523545 0.700330 0.411454 0.540329 0.790007 0.038208 0.450876
0.162583 0.875884 0.499132 0.360999 0.645229 0.437658 0.704409 0.367734 0.552017 0.776206 0.107858 0.502254
0.222511 0.844318 0.460928 0.476798 0.546443 0.390440 0.680393 0.265605 0.587026 0.766974 0.073137 0.430904
0.259179 0.892954 0.460822 0.453055 0.551227 0.518436 0.681854 0.307441 0.510420 0.859613 0.051020 0.409746
0.167891 0.888747 0.429569 0.358463 0.666180 0.420784 0.658073 0.367081 0.527815 0.758716 0.001394 0.353784
0.275051 1.005389 0.505256 0.458502 0.564747 0.393528 0.768371 0.312555 0.549089 0.812983 0.090327 0.453492
0.193315 0.873386 0.403284 0.550454 0.642995 0.469833 0.610867 0.327689 0.518151 0.753077 0.068940 0.504691
0.270143 0.949308 0.471510 0.438391 0.556320 0.463839 0.582198 0.391586 0.563124 0.785635 0.025483 0.517734
0.184277 0.783201 0.590473 0.418433 0.524894 0.451962 0.649671 0.355915 0.522960 0.782421 -0.006043 0.414098
0.253480 1.010350 0.547527 0.422726 0.572240 0.471777 0.591041 0.304842 0.576203 0.841460 0.037254 0.452669
0.225524 0.928606 0.524639 0.442215 0.610708 0.431318 0.626010 0.459869 0.482151 0.836127 0.101538 0.387789
0.287063 0.904220 0.348404 0.390810 0.590322 0.476139 0.733848 0.356709 0.540199 0.860265 0.081303 0.443515
0.298595 0.833928 0.426070 0.493511 0.567845 0.529094 0.709065 0.362752 0.468299 0.803888 -0.013642 0.485087
0.255358 0.944814 0.452258 0.435039 0.538972 0.386493 0.721142 0.368397 0.572084 0.831093 0.030012 0.402329
0.226338 0.970060 0.526421 0.510537 0.565301 0.518599 0.669469 0.438619 0.477957 0.834404 0.022072 0.402160
0.227365 0.851395 0.452066 0.366455 0.664510 0.438653 0.680158 0.402012 0.507071 0.876697 0.021928 0.402923
0.228863 0.865580 0.460948 0.388195 0.558178 0.449067 0.752565 0.360574 0.609778 0.773490 0.022945 0.403391
0.249013 0.881001 0.491651 0.430392 0.593088 0.412543 0.745518 0.377859 0.563374 0.791763 -0.042414 0.314430
0.222558 0.945348 0.539056 0.503829 0.610329 0.464147 0.635437 0.330906 0.539471 0.845416 0.087752 0.459343
0.266407 0.927984 0.437550 0.507152 0.614392 0.374676 0.654789 0.373366 0.546896 0.782681 0.067962 0.444096
0.217616 0.839613 0.476423 0.484016 0.600135 0.372500 0.645483 0.363610 0.539185 0.807558 0.133651 0.469690
0.287839 0.867562 0.558700 0.461634 0.560479 0.449346 0.694055 0.299363 0.539853 0.892209 -0.038865 0.347764
0.263773 0.988658 0.535772 0.430907 0.603822 0.407612 0.652156 0.325564 0.488979 0.758152 0.032338 0.508807
0.317875 0.930763 0.477795 0.487891 0.534298 0.383005 0.639044 0.409979 0.568022 0.825293 0.116363 0.494543
0.289468 0.893080 0.367834 0.493454 0.494206 0.462825 0.720094 0.328860 0.570292 0.784248 0.075695 0.568048
0.215883 0.879914 0.478708 0.461498 0.524598 0.450838 0.702688 0.376502 0.527476 0.845339 -0.001754 0.386411
0.322616 0.864453 0.592237 0.488307 0.584622 0.498611 0.699537 0.331515 0.606300 0.774761 0.110574 0.390774
0.268034 0.814203 0.465037 0.486825 0.609339 0.446002 0.660230 0.283713 0.425183 0.838485 -0.048453 0.500864
0.222439 0.863618 0.577875 0.465865 0.676634 0.445705 0.752573 0.336097 0.513703 0.798077 0.074089 0.378537
0.223036 0.953143 0.546574 0.434512 0.545300 0.417038 0.720803 0.363487 0.605937 0.804870 0.094722 0.430454
0.312017 0.839219 0.546843 0.463093 0.590396 0.517629 0.648489 0.310222 0.579493 0.802266 0.018249 0.440048
0.313025 0.894551 0.465321 0.450856 0.568244 0.489022 0.600104 0.294947 0.591771 0.808359 0.088503 0.395816
