2000 12 1000
0.894321 0.048954 0.308826 0.963255 0.730118 0.613963 0.301663 0.956417 0.309944 0.157548 0.239204 0.104486
0.923032 0.096249 0.270445 0.972521 0.640362 0.739444 0.180882 0.831973 0.319739 0.047671 0.148677 0.129211
0.882928 -0.037317 0.253862 1.012718 0.767569 0.643983 0.217388 0.982922 0.278673 0.030941 0.158598 0.160500
0.912344 0.059595 0.274189 1.046410 0.695960 0.730878 0.245966 0.999865 0.379677 0.119981 0.117280 0.158319
0.928008 0.009619 0.272233 0.927166 0.708383 0.724228 0.184463 0.974786 0.313951 0.078539 0.218849 0.134248
0.922960 0.029877 0.312840 1.013449 0.726999 0.796674 0.199895 0.988514 0.210566 -0.023165 0.221193 0.135560
1.029270 0.039464 0.198790 0.941314 0.709749 0.713949 0.240687 1.013914 0.233800 0.088838 0.191088 0.116162
0.886015 0.003325 0.309275 0.930726 0.706573 0.674361 0.231965 0.870810 0.261249 0.054515 0.198518 0.137903
0.919046 0.070180 0.357888 0.988039 0.765727 0.744814 0.311247 0.952760 0.275566 0.115263 0.216299 0.243393
0.956438 0.004564 0.222767 1.037800 0.710844 0.757517 0.259398 0.995526 0.297964 0.056261 0.169654 0.132695
0.895058 0.037793 0.235193 0.949316 0.747672 0.818578 0.258894 0.962490 0.380043 0.116140 0.208447 0.108936
0.942823 -0.020437 0.205151 0.979916 0.711054 0.732116 0.260078 1.064471 0.230742 0.042975 0.253754 0.191690
1.010620 0.091803 0.269495 0.952723 0.606728 0.731182 0.295909 1.008211 0.291483 0.054581 0.188450 0.182584
0.946192 0.052621 0.211779 1.096523 0.799689 0.742970 0.236422 1.029331 0.323863 0.153226 0.172849 0.129382
0.888427 0.074451 0.203541 0.939843 0.732415 0.767070 0.294832 0.924723 0.386394 0.059341 0.107472 0.129183
1.002882 0.045590 0.212935 0.954314 0.741114 0.808862 0.235827 1.036593 0.232392 0.056746 0.172809 0.189150
0.999880 0.062022 0.339561 0.884414 0.675572 0.724622 0.306303 1.005493 0.219738 0.190376 0.263332 0.196485
0.898923 0.000358 0.341755 1.044900 0.643931 0.746920 0.211300 1.003264 0.419115 0.041475 0.178960 0.241312
0.939640 0.005282 0.238622 0.858659 0.658315 0.743646 0.345113 1.031648 0.231572 0.086720 0.136528 0.148586
1.033610 0.018529 0.278574 0.972024 0.723759 0.737430 0.261241 0.962803 0.374723 0.182225 0.180002 0.181007
0.974686 0.112202 0.386654 0.960159 0.641826 0.712204 0.286124 1.064849 0.347698 0.076729 0.188371 0.169844
0.968629 -0.015209 0.263020 0.949023 0.706127 0.754924 0.267974 1.029338 0.264242 0.147378 0.112805 0.239370
0.974847 0.063219 0.211868 0.926602 0.756860 0.772241 0.352036 1.057466 0.308417 0.110418 0.070526 0.217687
0.996433 0.017676 0.279122 1.023217 0.685102 0.765382 0.281606 0.885601 0.324657 0.151666 0.072785 0.097560
0.976764 0.008018 0.361019 1.014667 0.724400 0.778067 0.127626 0.908635 0.310157 0.090853 0.135195 0.113858
0.985009 0.045682 0.196059 0.993370 0.723733 0.660604 0.178994 1.011012 0.241523 0.154618 0.042273 0.150393
1.021474 0.070615 0.208105 0.976304 0.595140 0.722742 0.336916 0.962421 0.301604 0.084657 0.135789 0.076768
0.941267 0.080423 0.325984 1.001515 0.602816 0.724667 0.280127 0.922138 0.281594 0.180275 0.164708 0.181209
0.987925 0.033960 0.282754 1.010809 0.739003 0.643319 0.229686 0.965073 0.339868 0.120859 0.213964 0.143535
0.993731 -0.003643 0.285603 0.966598 0.693783 0.677874 0.307122 1.043109 0.362243 0.106988 0.230385 0.129714
0.942728 0.036839 0.343892 0.957533 0.692944 0.755479 0.225210 0.947434 0.386458 0.114720 0.155674 0.092120
1.002925 0.011461 0.304014 1.069528 0.705831 0.713640 0.274054 1.044796 0.382416 0.108916 0.171624 0.120023
0.961927 -0.024443 0.184948 0.990233 0.676224 0.703044 0.188245 1.000081 0.369762 0.098936 0.254479 0.064950
0.890133 0.044278 0.275805 1.009016 0.665922 0.783472 0.208480 1.035302 0.298838 -0.007207 0.230239 0.146964
1.012590 0.058958 0.315361 1.010185 0.699124 0.688546 0.194884 1.039941 0.295304 -0.016930 0.123854 0.212110
0.960992 0.064719 0.354072 0.915650 0.674825 0.732269 0.207762 1.015184 0.290396 0.055401 0.210063 0.236697
0.965389 0.131124 0.294333 0.923699 0.709534 0.711016 0.329257 1.061646 0.311130 0.087522 0.174795 0.070647
0.943909 0.061782 0.441948 0.991249 0.633691 0.650279 0.242237 0.958432 0.349294 0.065451 0.138692 0.207839
0.991076 0.074002 0.251282 1.017564 0.694261 0.759937 0.238896 0.957483 0.188935 0.080370 0.174807 0.157828
0.871061 0.051122 0.273801 0.925554 0.645883 0.728398 0.263421 1.028838 0.247109 0.135894 0.125671 0.101539
0.934748 0.125450 0.224462 0.986766 0.808259 0.619606 0.259502 1.028648 0.271738 0.076863 0.082213 0.107294
0.809806 -0.068270 0.243784 0.997403 0.742280 0.727256 0.256333 0.973504 0.301828 0.067487 0.130269 0.149277
0.843913 -0.005872 0.260101 0.914184 0.646677 0.672209 0.275885 1.023045 0.305106 0.174351 0.123321 0.131017
1.029382 0.055818 0.320715 0.900807 0.590857 0.741994 0.285626 0.917920 0.229523 0.072561 0.215230 0.122244
0.956351 0.021433 0.311352 0.926829 0.687896 0.634128 0.190810 1.013982 0.268484 0.106897 0.159625 0.011985
0.900004 0.098240 0.279679 1.046999 0.695624 0.768567 0.261513 1.009977 0.356316 0.094058 0.167523 0.203470
0.862314 0.130065 0.226551 1.016753 0.611993 0.730239 0.278953 0.946107 0.368745 0.007868 0.217814 0.065667
0.912239 -0.009907 0.276829 0.991944 0.714187 0.765428 0.332970 0.938963 0.352567 0.134931 0.021272 0.290522
0.922895 0.074370 0.292427 0.917478 0.686558 0.674135 0.188442 1.002787 0.285950 -0.019339 0.217322 0.171680
1.004903 0.041533 0.306072 1.042548 0.747530 0.760521 0.236360 1.057457 0.291659 0.105540 0.168446 0.087422
0.893385 0.077985 0.269857 0.940549 0.742359 0.750800 0.242921 0.958690 0.370306 0.138526 0.331582 0.178725
0.956089 0.019708 0.235403 0.927902 0.652428 0.815789 0.258789 1.024748 0.365675 0.146007 0.186462 0.146712
0.928511 -0.020759 0.327188 0.983535 0.700030 0.757851 0.354754 1.018662 0.242352 0.083093 0.221014 0.181052
0.954852 0.024720 0.293579 0.968708 0.663250 0.687871 0.255799 0.872693 0.347328 0.025850 0.189934 0.142601
1.029660 -0.043658 0.179520 0.911734 0.672521 0.741471 0.297860 0.877382 0.330569 0.084177 0.219391 0.140557
0.890671 0.035886 0.230349 0.969465 0.713209 0.706301 0.297812 1.021912 0.298137 0.177212 0.209593 0.109805
0.930837 -0.032792 0.136213 1.061320 0.732355 0.696917 0.212322 0.999750 0.213221 0.073777 0.154404 0.202238
0.977908 0.060970 0.385520 1.051724 0.685983 0.667917 0.254507 0.965369 0.311966 0.140677 0.165424 0.152378
0.799650 0.009060 0.271408 1.049587 0.675951 0.805986 0.277152 1.012494 0.320099 0.018398 0.185082 0.085233
0.945067 0.111760 0.342775 0.972501 0.694103 0.670098 0.195360 0.924385 0.391136 0.159936 0.193157 0.175034
0.998792 0.051555 0.248310 0.970756 0.729863 0.791336 0.237747 0.994183 0.346555 0.158030 0.122102 0.122105
0.910851 0.013478 0.271551 1.025877 0.634953 0.641801 0.307882 0.976391 0.271575 0.204821 0.218912 0.197915
0.960741 -0.003123 0.226776 0.964723 0.623799 0.672260 0.237741 1.081990 0.306642 0.142905 0.056993 0.125087
0.988707 0.004336 0.270132 1.024415 0.699095 0.790864 0.310861 0.928786 0.423657 0.189544 0.211038 0.146391
0.951816 0.019116 0.325712 0.968429 0.700405 0.735286 0.165048 0.967999 0.209075 0.031928 0.159310 0.205041
1.003585 0.037532 0.265696 0.940044 0.698767 0.726054 0.227002 0.925206 0.231502 0.214416 0.105826 0.077715
0.935072 0.024452 0.292751 1.019297 0.649435 0.696769 0.234982 0.851132 0.385820 0.132740 0.176616 0.154381
0.925729 0.185675 0.347617 1.032931 0.685496 0.759923 0.180722 0.955716 0.291244 0.041342 0.070929 0.180941
0.919334 0.080183 0.143808 1.065605 0.761720 0.702184 0.251351 0.923822 0.288848 0.058540 0.074208 0.179003
0.980186 0.103700 0.191212 0.981814 0.586507 0.709713 0.216305 0.949157 0.242823 0.083130 0.224343 0.044957
0.934798 0.047577 0.275559 0.982230 0.701958 0.745627 0.221390 0.987630 0.261450 0.093198 0.197743 0.125004
0.933823 0.129978 0.335257 1.031923 0.753915 0.695669 0.310068 0.960190 0.219191 0.065495 0.176821 0.116805
0.978944 0.110113 0.257275 0.925187 0.766648 0.700202 0.258824 0.996083 0.350550 0.067104 0.237888 0.182014
0.907343 0.013780 0.249998 1.028368 0.649109 0.701048 0.292072 0.947294 0.238879 0.109203 0.207794 0.201935
0.901259 0.005625 0.177855 1.067547 0.787715 0.609492 0.384937 1.035263 0.284783 0.044030 0.127112 0.063508
1.031123 0.033738 0.321346 0.971205 0.733898 0.720469 0.247557 1.040664 0.317424 0.067111 0.158155 0.133413
0.981759 0.092369 0.216522 0.961612 0.683687 0.668510 0.233824 1.002535 0.303452 0.086934 0.212918 0.259709
0.907961 0.006029 0.183529 0.955107 0.735304 0.684724 0.356871 0.946700 0.336535 0.152410 0.151269 0.158736
0.941092 0.057417 0.285108 0.935043 0.678460 0.712310 0.325147 0.964150 0.234891 0.091815 0.173333 0.089910
0.984279 0.105712 0.207555 0.915708 0.736374 0.696209 0.290222 1.058017 0.433288 0.092333 0.147329 0.039614
0.887500 0.019691 0.300624 1.041194 0.675017 0.758672 0.291765 1.009554 0.332255 0.189468 0.178345 0.067537
0.896407 0.087060 0.387047 1.032647 0.671893 0.812009 0.301826 0.958905 0.363745 -0.001814 0.148529 0.149474
1.009040 0.000960 0.330139 1.015165 0.687400 0.731564 0.350729 0.986298 0.207960 0.005030 0.187498 0.186343
0.938137 0.007907 0.289799 1.002978 0.711224 0.761242 0.206842 0.968721 0.392727 0.050713 0.247725 0.201606
1.025625 -0.029374 0.301089 0.961449 0.704649 0.676362 0.159471 0.951929 0.353380 0.119568 0.199360 0.170906
0.930482 0.092169 0.227340 1.037265 0.715517 0.651905 0.260628 1.070086 0.378217 0.098236 0.199687 0.167727
0.986901 0.039514 0.290925 1.005111 0.629771 0.824376 0.242564 1.004718 0.310266 0.142682 0.146029 0.164039
0.954468 0.018994 0.266968 0.959062 0.676627 0.681023 0.248436 0.993427 0.351515 0.140584 0.066676 0.228711
0.909291 -0.008366 0.255059 1.077203 0.692285 0.836777 0.212290 1.000030 0.393800 0.078267 0.185868 0.147020
1.007675 0.113116 0.280200 0.953416 0.713903 0.763846 0.250396 1.054742 0.255797 0.088715 0.103333 0.145022
0.925835 0.050549 0.327399 0.919072 0.685133 0.712324 0.222420 1.011893 0.303997 0.066959 0.165858 0.230742
0.898140 0.107916 0.266601 0.980600 0.692012 0.736025 0.216703 0.987876 0.304519 -0.011666 0.033473 0.138182
1.021334 0.022510 0.248612 1.079796 0.730999 0.659458 0.252511 1.032048 0.355823 0.073911 0.120145 0.137520
0.872905 0.069186 0.363191 1.075257 0.645006 0.789954 0.249929 0.904916 0.249752 0.080319 0.164729 0.195097
0.923936 0.018760 0.230282 1.072112 0.691843 0.697814 0.235133 1.104239 0.317154 0.199118 0.187181 0.103663
0.981727 0.066857 0.228982 1.007101 0.699451 0.732482 0.212566 0.925857 0.303511 0.118867 0.172306 0.068633
0.978715 0.076872 0.212001 0.964939 0.740144 0.762116 0.251437 0.958914 0.350248 -0.002473 0.153834 0.081672
0.967739 0.074709 0.258436 1.064611 0.740916 0.662953 0.296864 0.921997 0.315155 0.125579 0.120064 0.090280
1.004194 0.016588 0.210019 0.996387 0.746415 0.721549 0.277833 0.919171 0.310092 0.108892 0.098959 0.082608
0.993931 -0.011881 0.315716 0.922117 0.690865 0.837301 0.283748 0.912304 0.298886 0.100985 0.214827 0.134656
0.999689 -0.015567 0.360828 1.049711 0.667916 0.800044 0.232703 0.975556 0.336696 0.142525 0.199084 0.157051
0.944593 0.026461 0.265092 0.995890 0.726126 0.743148 0.237720 0.993211 0.246018 -0.035080 0.207263 0.093366
0.902116 0.026336 0.294113 0.959272 0.736007 0.882966 0.189579 0.976098 0.246342 0.146644 0.094927 0.098884
0.990256 0.057915 0.255866 0.961556 0.701637 0.729328 0.253335 1.057446 0.346296 0.140226 0.264854 0.185287
0.966168 0.040442 0.286276 0.998147 0.694575 0.742003 0.192214 0.959231 0.349085 0.078042 0.215765 0.203029
0.933984 0.064364 0.289972 0.966302 0.722389 0.722098 0.208701 0.935338 0.373480 0.077810 0.276232 0.164041
0.999223 0.098246 0.220183 1.025417 0.725453 0.704452 0.298492 0.967153 0.347224 0.045370 0.205950 0.197863
0.983871 0.085404 0.309463 0.959407 0.714196 0.858621 0.298252 0.863265 0.323513 -0.018071 0.138002 0.105038
0.929817 0.161454 0.290765 0.963763 0.675033 0.677885 0.242123 0.982116 0.355508 0.106549 0.245897 0.169854
0.922500 0.015149 0.228641 0.991950 0.598664 0.738059 0.248221 0.934243 0.236169 0.044045 0.184415 0.214267
0.967168 -0.004970 0.286602 1.034971 0.697627 0.691477 0.244677 1.018637 0.269190 0.055013 0.150586 0.071491
0.994301 0.023169 0.321129 0.924664 0.717420 0.727603 0.231405 0.973798 0.358519 0.144997 0.181969 0.127052
0.909883 0.043329 0.325454 0.991425 0.758200 0.838491 0.265994 0.959393 0.276509 0.099805 0.147661 0.260322
0.895257 0.103491 0.222544 0.958624 0.675578 0.769202 0.249083 0.900508 0.259017 0.135831 0.116599 0.096218
0.921476 0.080545 0.283643 0.974270 0.695663 0.718711 0.235439 1.092291 0.355727 0.074164 0.115334 0.097164
0.974527 0.082095 0.249748 1.023004 0.718768 0.784233 0.216501 0.930195 0.300847 0.078914 0.170519 0.147895
0.890242 0.023199 0.290462 0.951564 0.658864 0.745372 0.239684 0.979464 0.351362 0.034994 0.181241 0.121816
0.988364 0.058727 0.224247 0.989345 0.671431 0.759850 0.324881 0.952708 0.365971 0.102213 0.183143 0.142714
0.918150 0.189517 0.348196 0.938541 0.648472 0.681886 0.317973 1.085782 0.381273 0.050756 0.185491 0.142233
0.865226 0.125388 0.333728 0.918839 0.692333 0.636272 0.272541 1.031709 0.233600 0.094082 0.109859 0.176173
1.020519 0.103235 0.246765 0.925158 0.626458 0.684472 0.208335 0.907556 0.340037 0.104118 0.311801 0.143424
0.914400 0.112224 0.309243 0.922085 0.624220 0.768771 0.223359 1.075901 0.316907 0.060607 0.131858 0.083869
1.011687 -0.103071 0.262683 0.968641 0.792629 0.806635 0.279886 0.919659 0.260025 0.121977 0.074613 0.163637
0.916165 -0.007787 0.243725 0.867947 0.686982 0.784434 0.214370 1.028387 0.230440 0.120607 0.228063 0.172628
0.953274 0.013944 0.287796 0.984343 0.700587 0.733170 0.244851 0.971981 0.360767 0.063250 0.186462 0.141561
0.908393 0.004317 0.273783 0.962245 0.700011 0.731597 0.263913 1.069685 0.314830 0.184438 0.102897 0.216492
0.867955 0.104945 0.270229 0.988716 0.739856 0.724661 0.245669 0.906473 0.245460 0.088250 0.171186 0.145597
0.978949 0.012883 0.256803 1.046208 0.620925 0.621102 0.303098 1.002216 0.296715 0.019048 0.173826 0.158434
0.891710 0.087243 0.247313 1.065983 0.642857 0.684898 0.183034 1.094021 0.263076 0.064553 0.155793 0.127443
0.879889 0.006141 0.276385 0.986879 0.745512 0.706979 0.265943 0.985465 0.331933 0.178041 0.181502 0.092331
0.882418 0.065542 0.314681 0.896959 0.682052 0.614011 0.284783 0.858498 0.369182 0.132150 0.142998 0.058101
0.923136 0.068946 0.234900 1.085091 0.695529 0.698322 0.196248 0.946917 0.349543 0.113555 0.157353 0.249694
0.870459 -0.012903 0.188445 0.963036 0.683829 0.692830 0.233231 0.987667 0.269274 0.119334 0.154331 0.150132
0.938530 0.144883 0.302498 0.922849 0.677933 0.682209 0.207776 0.994784 0.342728 0.081569 0.150269 0.122611
0.909249 -0.016042 0.317148 1.061004 0.718380 0.625549 0.286302 0.935771 0.308422 0.124384 0.200246 0.142423
0.990654 0.079754 0.300322 1.018186 0.718525 0.730390 0.310667 0.943787 0.253977 0.091762 0.223055 0.167364
1.012395 -0.009010 0.203206 1.022782 0.613035 0.655707 0.283404 1.018333 0.282216 0.166439 0.159066 0.105743
1.071843 0.043827 0.285253 0.956882 0.698094 0.668085 0.270117 0.985934 0.299712 0.084798 0.144851 0.126913
0.970632 0.058953 0.316509 1.000526 0.752023 0.770360 0.200597 0.919213 0.265324 0.116937 0.207575 0.207893
0.960008 0.009610 0.232332 0.907419 0.732191 0.761223 0.241961 0.998952 0.334661 0.081659 0.199229 0.226288
1.014302 0.093619 0.282097 1.018858 0.622765 0.778403 0.294136 0.947230 0.310052 0.057546 0.110430 0.169807
1.001308 0.042709 0.208020 0.965484 0.666897 0.648375 0.203263 0.892517 0.358143 0.070619 0.259916 0.174294
0.946905 -0.029250 0.338039 1.058194 0.733698 0.791349 0.206633 0.883681 0.348583 0.184651 0.174214 0.156491
0.947314 0.041302 0.297468 1.005700 0.762295 0.732632 0.319651 1.017033 0.342972 0.141361 0.187752 0.101585
0.875289 0.053489 0.299219 1.015503 0.659278 0.689948 0.325457 1.016340 0.380926 0.105689 0.133424 0.200969
0.945983 0.169374 0.272253 0.980621 0.547754 0.795742 0.203874 0.985106 0.385022 0.061281 0.169173 0.080375
0.908033 0.015598 0.295886 1.032204 0.708925 0.680860 0.209966 0.997657 0.348146 0.009319 0.152549 0.259049
0.963617 0.069975 0.331728 1.011270 0.693834 0.779341 0.154503 0.869536 0.354888 0.106067 0.132346 0.084210
0.880875 0.061107 0.299077 1.031690 0.707582 0.741311 0.232040 1.053214 0.229164 0.095662 0.229104 0.079039
0.897858 -0.042548 0.327083 1.075571 0.568902 0.738166 0.225024 0.886538 0.358986 0.040922 0.175717 0.157535
0.924811 0.125371 0.379938 0.994098 0.801974 0.743470 0.309718 0.964296 0.308087 0.093518 0.145771 0.124470
0.883305 0.089990 0.311015 0.929738 0.674792 0.721870 0.217174 0.870167 0.344858 0.069746 0.159002 0.136941
0.974248 0.043509 0.296042 0.970489 0.678934 0.664093 0.217597 0.873266 0.412606 0.139652 0.086393 0.078620
0.983519 0.096593 0.242396 0.992574 0.693312 0.746526 0.317804 0.912706 0.311069 0.074312 0.243600 0.077768
1.007392 -0.014498 0.432998 0.974845 0.724557 0.846807 0.265243 0.914875 0.316094 0.081755 0.199596 0.151102
1.014253 0.049255 0.346891 0.994099 0.644789 0.794119 0.253909 0.935930 0.250399 0.056292 0.110857 0.098588
0.963275 0.100279 0.323552 1.054104 0.631377 0.749615 0.236775 0.918235 0.303775 0.061084 0.197976 0.107129
0.878228 0.079821 0.260762 0.970655 0.711587 0.759833 0.337127 1.000532 0.279849 0.021611 0.176371 0.205599
0.984249 0.094364 0.286148 1.039142 0.689061 0.736955 0.215600 0.919972 0.312035 0.093853 0.149480 0.181750
0.991918 0.067344 0.287724 0.976191 0.711904 0.707614 0.210751 1.006884 0.378324 0.153535 0.149979 0.123761
0.883821 0.071859 0.222852 0.893089 0.718915 0.746861 0.145289 0.849245 0.312705 0.118716 0.284889 0.208367
0.968454 0.053909 0.209839 1.042665 0.722858 0.728224 0.221205 1.039157 0.323182 0.100556 0.112482 0.200985
0.962207 0.040054 0.388303 1.013381 0.670672 0.791165 0.219784 0.943973 0.352746 0.060626 0.199755 0.175298
0.924052 0.018784 0.282719 0.971311 0.779680 0.686924 0.303152 0.946246 0.278112 0.060560 0.178100 0.142861
0.953426 0.072474 0.282871 0.992377 0.698538 0.695155 0.288778 0.952469 0.249019 0.188302 0.235029 0.186613
0.888621 0.057484 0.300673 1.105923 0.661315 0.677011 0.338118 0.948960 0.358209 0.117833 0.166506 0.151813
0.970284 0.066935 0.233645 0.904459 0.722842 0.684488 0.319441 0.963041 0.302208 0.133688 0.145729 0.097160
0.975336 -0.025278 0.283049 0.957291 0.616711 0.724359 0.219414 1.027562 0.317386 0.105818 0.134898 0.110324
0.979941 0.033737 0.252657 1.009245 0.720884 0.696043 0.264491 1.019548 0.300318 0.153967 0.234671 0.180534
0.926322 0.170845 0.258293 0.964396 0.763853 0.725016 0.231023 0.998581 0.273557 0.175874 0.182070 0.214584
0.985373 0.095557 0.184293 0.930683 0.746403 0.805500 0.282524 0.919212 0.390247 0.101000 0.157053 0.216144
0.920398 0.035636 0.327438 0.962149 0.771391 0.746320 0.264035 0.961707 0.329321 0.137012 0.206101 0.129809
0.903591 0.054970 0.318133 1.009022 0.745738 0.755436 0.267202 1.015012 0.360347 -0.021384 0.208479 0.171166
0.941725 0.042474 0.306135 0.936555 0.588876 0.672116 0.218165 0.968568 0.323349 0.039180 0.195906 0.199406
1.009377 0.150490 0.219888 0.966009 0.743461 0.797436 0.247701 0.936633 0.277287 0.080173 0.284832 0.134582
0.969488 0.040663 0.283343 0.874440 0.709800 0.808835 0.258253 0.970317 0.236231 0.066397 0.183982 0.143509
0.973193 -0.001910 0.376119 0.920941 0.709360 0.760152 0.371169 0.940900 0.315060 0.024348 0.207215 0.067381
0.940509 0.050960 0.213301 0.935320 0.724798 0.741644 0.268702 0.949708 0.283087 0.066728 0.150318 0.110354
0.967305 -0.005679 0.340396 0.985184 0.769774 0.642403 0.156999 0.873141 0.348191 0.067655 0.160953 0.154383
0.890134 0.124346 0.280161 0.979667 0.758712 0.711988 0.254587 0.866681 0.226026 0.072577 0.251115 0.155981
0.940494 0.068961 0.293356 1.016518 0.698161 0.713840 0.238508 0.990842 0.259776 0.139065 0.221684 0.104442
0.983006 -0.035717 0.335032 1.007010 0.707548 0.721883 0.212202 0.904017 0.238458 0.115612 0.158541 0.147653
1.010470 0.124475 0.304766 0.975800 0.742321 0.745008 0.262905 0.970346 0.324285 0.132859 0.172141 0.192682
0.914068 0.103017 0.285487 0.933405 0.667221 0.731180 0.210357 0.932619 0.278737 0.056518 0.090988 0.225041
1.065816 0.069605 0.385861 1.037477 0.711565 0.703097 0.203250 0.924020 0.274214 0.028176 0.118233 0.219232
0.953805 0.024140 0.267774 0.928441 0.758281 0.668422 0.251667 0.997656 0.278653 0.104127 0.170928 0.134635
0.944247 0.090972 0.324652 1.035440 0.737321 0.792185 0.262386 1.004936 0.252843 0.016986 0.252677 0.154107
0.996584 0.016584 0.194498 0.999944 0.594631 0.650637 0.179171 0.977007 0.359465 0.099843 0.153025 0.147466
0.994698 0.104723 0.331813 0.972944 0.672127 0.642041 0.228597 1.098717 0.442805 0.082420 0.144924 0.079257
1.000768 0.014706 0.296766 1.003308 0.645367 0.814904 0.220790 1.026618 0.302385 0.012447 0.122606 0.080469
0.962928 0.031842 0.271772 0.994796 0.670555 0.697442 0.192743 1.012010 0.240786 0.154064 0.250234 0.169765
0.944893 0.020156 0.311555 0.990872 0.699602 0.682714 0.248578 1.041531 0.251970 0.112378 0.094837 0.222489
1.009224 0.041403 0.312336 0.925553 0.657114 0.720556 0.283651 1.009046 0.387315 0.163801 0.167492 0.186766
0.911608 -0.042247 0.313906 1.040527 0.650761 0.638998 0.271486 1.010263 0.297167 0.135728 0.089376 0.170220
0.974486 0.057246 0.217937 0.972520 0.720495 0.697165 0.252141 0.874008 0.314471 0.097591 0.174810 0.165315
0.979338 -0.023618 0.298140 1.078690 0.690413 0.682476 0.272309 0.939258 0.263546 0.088703 0.216301 0.083248
0.874401 0.069913 0.289025 1.044031 0.702223 0.702749 0.223098 1.039646 0.306503 0.227116 0.080599 0.201691
0.976425 0.112159 0.243538 1.012971 0.721325 0.663163 0.270716 1.020819 0.321045 0.065502 0.151183 0.089684
0.843052 0.049035 0.269765 0.907374 0.733414 0.693051 0.206591 1.007579 0.393557 0.138519 0.180752 0.231842
0.876972 0.012892 0.157562 1.003603 0.770105 0.747622 0.277727 0.963097 0.350306 0.057585 0.188848 0.184459
0.880329 0.081511 0.203744 0.922001 0.569912 0.685219 0.223513 0.966763 0.380057 0.138132 0.190770 0.197377
0.992440 0.130976 0.240273 1.043523 0.630524 0.644543 0.296418 1.007964 0.285443 0.067775 0.188284 0.101112
1.019559 0.109433 0.282692 0.997156 0.732243 0.746941 0.160997 1.030601 0.388802 0.108613 0.187431 0.084237
0.964203 0.011015 0.251465 0.969460 0.665671 0.675524 0.137673 0.922560 0.274403 0.137666 0.162118 0.141850
0.912011 0.091273 0.241905 0.984812 0.721085 0.699663 0.216225 0.975102 0.299565 0.177441 0.176574 0.205867
0.844086 0.023898 0.226009 0.977552 0.620229 0.692568 0.234718 0.965481 0.172718 0.098105 0.160293 0.138483
0.945918 0.073616 0.226992 1.022267 0.676417 0.721682 0.298796 0.913780 0.313268 0.139604 0.190035 0.101732
0.979208 0.017356 0.319890 0.976474 0.669312 0.731057 0.255961 0.978564 0.344545 0.062260 0.245641 0.270157
0.960638 0.058027 0.238232 1.029057 0.769424 0.671068 0.267381 0.995506 0.303677 0.075441 0.175587 0.131506
0.969536 0.061513 0.403232 1.000855 0.589071 0.757074 0.208007 1.003246 0.214149 0.101740 0.249679 0.120502
0.898604 -0.000140 0.305783 1.002851 0.744266 0.635967 0.430373 0.955141 0.305660 0.072451 0.134105 0.157381
0.997807 0.049004 0.295667 0.953684 0.594309 0.783675 0.259821 0.946927 0.387808 0.078686 0.129922 0.131546
1.025776 0.022898 0.270984 0.991616 0.674807 0.712079 0.211996 0.962485 0.370209 0.119861 0.134806 0.172737
0.958418 -0.050211 0.272919 1.017680 0.794694 0.749356 0.345713 0.980188 0.348519 0.150913 0.192663 0.208318
0.911001 0.084490 0.282480 0.973650 0.726145 0.743227 0.217835 0.934916 0.272006 0.140533 0.156963 0.148560
0.968748 -0.024432 0.311983 1.042583 0.670832 0.673231 0.237200 0.959825 0.155905 0.146180 0.167411 0.241316
0.968055 0.012604 0.314198 0.967491 0.689803 0.775346 0.373291 0.926737 0.375392 0.062635 0.176608 0.139222
1.011149 0.003005 0.139375 1.121986 0.705338 0.693287 0.253145 0.967594 0.188028 0.143239 0.181763 0.107357
0.923842 0.071766 0.278562 1.054010 0.727520 0.734195 0.171848 0.950698 0.349935 0.118164 0.141017 0.008963
0.873462 0.029108 0.334954 0.909703 0.730707 0.700461 0.264737 0.989609 0.217406 0.124649 0.148970 0.087018
0.928577 0.080246 0.182186 0.954416 0.732224 0.656855 0.182193 0.961887 0.316434 0.060056 0.190503 0.106511
0.962389 0.074318 0.304892 0.929257 0.703828 0.645953 0.165944 0.880331 0.331267 0.113675 0.120629 0.192095
0.937074 0.035614 0.192768 1.025462 0.724366 0.758845 0.275438 0.929038 0.294827 0.058768 0.180029 0.210497
0.982072 0.073748 0.292375 1.028607 0.785774 0.662208 0.281603 0.878092 0.296147 0.082306 0.173308 0.174150
0.886075 0.037169 0.227475 1.013205 0.736009 0.723407 0.275850 1.077530 0.307485 0.009544 0.145200 0.149365
0.818071 -0.068471 0.318354 0.968443 0.739189 0.716347 0.224507 1.004494 0.269708 0.182036 0.152788 0.155090
0.964329 -0.009903 0.246187 0.939974 0.631807 0.803503 0.222671 0.850853 0.174133 0.070169 0.132416 0.177232
0.918067 0.016573 0.403991 0.897525 0.712626 0.712503 0.154480 1.152856 0.164733 0.056488 0.147316 0.183053
0.933367 0.067573 0.331231 0.954784 0.677465 0.626373 0.239398 0.964752 0.328764 0.027549 0.216547 0.139591
0.895648 0.080075 0.336295 0.933920 0.537492 0.707888 0.194029 0.987638 0.246842 0.081857 0.005666 0.183532
0.980558 0.034703 0.410216 0.951554 0.766856 0.693912 0.199469 0.989152 0.279323 0.100869 0.185252 0.107170
1.004785 -0.000007 0.269061 1.030830 0.671236 0.828923 0.315027 0.995537 0.303554 0.060499 0.140249 0.076567
0.913211 0.041096 0.268208 0.949891 0.632555 0.738853 0.202954 1.048232 0.308019 0.140042 0.103564 0.056294
0.952788 0.000215 0.216239 1.017385 0.701416 0.689579 0.247310 1.017938 0.276554 0.094445 0.245013 0.249284
0.966675 0.128738 0.295245 0.926569 0.752581 0.668572 0.356225 0.936730 0.375139 0.077179 0.231645 0.085904
0.961787 0.020252 0.254756 1.007598 0.640843 0.788020 0.165661 0.952104 0.372843 0.057511 0.145991 0.082089
0.940911 0.013221 0.306361 1.015648 0.731813 0.822886 0.384512 0.925802 0.272849 0.048570 0.185500 0.096294
1.046699 -0.056452 0.287138 0.902510 0.684834 0.723935 0.276937 0.942543 0.279905 0.176284 0.202286 0.225931
0.930479 -0.003465 0.209139 1.084014 0.708014 0.755558 0.294158 1.055483 0.339548 0.091201 0.230735 0.112393
0.936184 0.055028 0.271233 0.922343 0.752400 0.765320 0.221674 0.880332 0.290124 0.044994 0.152457 0.145591
0.960244 0.061197 0.244258 0.978232 0.717747 0.732642 0.281891 0.839216 0.294346 0.116910 0.227031 0.160617
0.951339 0.028711 0.331571 0.948660 0.725050 0.762917 0.214809 0.968797 0.293895 0.050065 0.155090 0.049241
0.924802 0.082811 0.365653 0.929591 0.629327 0.738006 0.333724 1.050260 0.302941 0.126278 0.201643 0.169496
0.942734 0.102845 0.310202 0.965108 0.726673 0.717320 0.214856 0.933130 0.256579 0.164491 0.215502 0.322856
0.971938 0.101646 0.297528 1.004483 0.662327 0.679088 0.232184 1.017146 0.299676 0.170459 0.091418 0.142747
1.060790 0.127672 0.275734 0.997089 0.744113 0.625528 0.229086 0.985991 0.315956 0.183441 0.226165 0.080062
0.916894 0.021621 0.286698 0.992475 0.685450 0.684979 0.313841 0.987138 0.308625 0.142076 0.232730 0.066480
1.014543 0.074775 0.259610 0.965431 0.721857 0.750488 0.316830 0.942823 0.347096 0.074705 0.226840 0.108324
0.961672 0.047471 0.349661 0.993860 0.635552 0.752410 0.240437 0.904990 0.349685 0.136351 0.267726 0.188908
0.936349 -0.010887 0.197452 1.044224 0.670068 0.716700 0.254675 0.965874 0.265825 0.151001 0.281037 0.139063
0.936401 0.059087 0.314668 1.047199 0.687850 0.738631 0.216353 0.997240 0.302790 0.121571 0.082262 0.098423
0.930818 -0.033459 0.183992 0.946869 0.716040 0.739131 0.232094 0.934943 0.262426 0.128402 0.145254 0.217539
0.967638 0.056106 0.283845 1.027897 0.715767 0.706160 0.283994 1.004771 0.344961 0.107370 0.108230 0.154813
0.962618 0.093071 0.347322 1.024455 0.743071 0.641419 0.204579 0.977504 0.358454 0.114958 0.081669 0.074858
0.921879 0.099440 0.224313 0.974363 0.635425 0.739424 0.296184 0.873162 0.401719 0.114390 0.084391 0.106387
1.034954 0.023026 0.308172 0.892532 0.686183 0.710190 0.256275 1.005518 0.194490 0.054979 0.176381 0.162733
0.874880 0.087198 0.270979 0.996398 0.723428 0.674956 0.303032 1.021907 0.371921 0.091748 0.143505 0.080450
0.904540 0.075044 0.337355 0.969092 0.728212 0.751302 0.226988 1.005422 0.291940 0.187459 0.230879 0.180509
0.914420 0.081223 0.299785 0.981590 0.747812 0.779491 0.159352 0.958971 0.363599 0.084721 0.235190 0.140176
0.883458 0.072658 0.309366 0.987249 0.592029 0.655535 0.106699 0.920769 0.325413 0.108669 0.201612 0.186486
0.950141 0.121252 0.257211 0.987950 0.617828 0.693758 0.317177 1.006318 0.334561 0.086445 0.182239 0.165500
0.961160 0.052166 0.299376 1.012215 0.669926 0.695257 0.232208 1.013108 0.279086 0.049691 0.208503 0.044496
0.915304 0.102558 0.323340 0.956191 0.776117 0.755830 0.264954 0.934601 0.321488 0.094842 0.116860 0.130819
1.017206 0.059820 0.294269 1.000554 0.698395 0.713440 0.246234 0.980308 0.262869 0.048464 0.132410 0.176718
0.988065 -0.021319 0.344058 0.898262 0.734242 0.814598 0.272773 0.937489 0.306031 0.058909 0.196232 0.155485
0.957088 -0.005856 0.303004 0.986298 0.693524 0.748265 0.287217 0.992081 0.334862 0.092119 0.214727 0.197434
0.969677 0.016912 0.236822 1.018246 0.692932 0.782659 0.248152 0.932288 0.363886 0.239845 0.076752 0.169180
0.914084 0.044462 0.261378 0.914810 0.673604 0.756611 0.221121 0.963018 0.327451 0.156085 0.158197 0.153399
0.891765 0.081946 0.224235 0.986871 0.658664 0.773525 0.309036 1.042993 0.326166 0.118915 0.247015 0.193687
0.984415 0.041287 0.292471 0.927239 0.611590 0.670565 0.179545 0.986732 0.377968 0.190612 0.149239 0.135627
0.941690 0.127422 0.318827 1.034637 0.688251 0.639015 0.210724 1.020487 0.330341 -0.004178 0.140926 0.128958
1.008675 0.110882 0.234443 1.010985 0.700773 0.771460 0.283161 0.991529 0.345877 0.054810 0.201111 0.190189
0.865970 0.078830 0.284087 0.899962 0.600429 0.728753 0.295602 0.987438 0.354915 0.052544 0.191206 0.155203
0.963082 0.066228 0.277314 0.946966 0.686804 0.738828 0.175595 0.935654 0.372542 0.100844 0.220874 0.200251
0.936154 0.124873 0.268415 1.025311 0.731591 0.645383 0.234375 0.902928 0.316786 0.133405 0.221738 0.084415
1.049649 0.033236 0.337685 0.923395 0.716000 0.710252 0.194312 1.018221 0.269569 0.109502 0.226613 0.119787
0.917881 0.120677 0.224891 1.036814 0.690128 0.695307 0.339139 0.962412 0.308501 0.112534 0.180389 0.116022
0.998113 -0.050102 0.320969 1.000432 0.824276 0.679863 0.228722 1.005388 0.285442 0.047026 0.095777 0.181278
1.036204 0.031567 0.214462 0.924738 0.639889 0.627843 0.173314 1.011775 0.278044 0.099998 0.127772 0.138227
0.972730 0.042035 0.344522 1.015149 0.667435 0.811209 0.264004 1.001861 0.323198 0.099261 0.096117 0.157527
0.940823 0.022868 0.299891 1.029738 0.775933 0.678606 0.309407 0.972551 0.323284 0.143523 0.245404 0.097178
0.969094 0.026891 0.266030 0.997028 0.742778 0.700201 0.271751 1.044417 0.397582 0.209215 0.207054 0.103127
0.916770 -0.013642 0.297402 0.938787 0.698014 0.712062 0.346632 0.959417 0.270366 0.092680 0.128412 0.204353
0.936887 0.084664 0.191503 1.045140 0.639728 0.699104 0.304825 1.093268 0.303493 0.095986 0.231473 0.146311
0.976939 0.079728 0.290523 1.060453 0.675883 0.697716 0.252995 1.022066 0.276032 0.183265 0.156089 0.110008
1.011514 0.016130 0.335638 1.008194 0.778228 0.836289 0.244026 0.904782 0.332080 -0.001768 0.166240 0.162635
0.969277 -0.009705 0.336075 0.934054 0.772406 0.689368 0.236412 0.871048 0.288100 0.141401 0.089895 0.195452
1.107876 0.092627 0.203326 1.112504 0.670956 0.813095 0.288237 0.973135 0.276233 0.099139 0.115955 0.195591
0.872775 0.080726 0.320787 1.003759 0.645884 0.760142 0.319572 0.969360 0.393297 0.151999 0.210740 0.222456
0.893251 0.111862 0.321142 1.005222 0.737469 0.684211 0.297343 0.942995 0.327821 0.055735 0.149830 0.109031
0.979977 -0.056971 0.240339 0.988271 0.699607 0.666740 0.215352 0.965638 0.361700 0.142219 0.147419 0.095682
1.040288 0.125235 0.313325 0.958568 0.657264 0.761791 0.237490 1.022784 0.406374 0.147291 0.135131 0.086915
0.921757 0.041846 0.314427 0.957101 0.673853 0.651577 0.197257 0.967542 0.319773 0.164197 0.144387 0.088902
0.912257 0.080390 0.338238 0.968006 0.719713 0.784668 0.257670 0.970757 0.266818 0.089803 0.144053 0.192614
0.928723 0.049146 0.343076 1.023565 0.728238 0.651508 0.174486 0.966820 0.341261 0.058754 0.096490 0.246896
1.000517 0.052308 0.257258 0.960605 0.676294 0.685399 0.221430 0.958162 0.213539 0.067974 0.160777 0.109331
0.962937 0.064946 0.259504 0.981569 0.664385 0.667394 0.245170 0.956911 0.396609 0.104407 0.201109 0.153478
1.016364 0.009828 0.184401 0.884320 0.714570 0.674133 0.188319 0.981780 0.299961 0.040038 0.175319 0.090561
0.973576 -0.005094 0.297485 1.043173 0.709800 0.702999 0.271981 0.984029 0.236911 0.108550 0.135017 0.220151
1.010898 0.047238 0.220495 1.059700 0.679342 0.717907 0.320135 1.027540 0.375117 0.074087 0.216307 0.151428
0.819529 0.080038 0.359529 0.979016 0.765842 0.735624 0.274755 0.919825 0.388312 0.064079 0.239602 0.125522
0.960833 0.056726 0.188043 1.081854 0.664706 0.722783 0.258694 1.022729 0.316256 0.138029 0.171716 0.193518
0.937309 0.073823 0.384368 0.882340 0.803861 0.777255 0.306208 0.994250 0.219054 0.046974 0.137918 0.085834
0.893994 0.063048 0.328650 0.958917 0.759231 0.800825 0.247723 0.917873 0.363475 0.052866 0.150222 0.107556
1.052317 0.095920 0.377530 0.953050 0.657726 0.731572 0.276791 0.979267 0.386224 0.071537 0.203934 0.210866
0.940873 0.041974 0.303255 1.026708 0.730266 0.815620 0.181407 1.005911 0.333464 0.047131 0.120442 0.155744
1.014639 0.080877 0.299814 0.933492 0.701552 0.773739 0.240374 0.935987 0.311541 0.025434 0.280010 0.139598
0.888245 0.094355 0.376697 0.961655 0.854578 0.697511 0.215156 0.873334 0.409735 0.113419 0.208684 0.149370
1.000313 0.079775 0.300628 0.961490 0.769264 0.724964 0.322650 0.876500 0.235690 0.084856 0.162203 0.067945
0.935779 0.111292 0.330446 0.944281 0.679241 0.683571 0.193725 0.952882 0.270025 0.117044 0.137354 0.222186
1.023071 0.020558 0.269977 0.953349 0.728546 0.648003 0.190615 1.059461 0.403090 0.057520 0.113360 0.099013
0.919391 0.021099 0.303284 1.056105 0.643258 0.758352 0.257809 0.991486 0.258956 0.142644 0.168074 0.180726
1.030817 -0.007204 0.236595 1.019075 0.775883 0.800923 0.187292 0.964679 0.246050 0.009704 0.155436 0.193619
1.005126 -0.070225 0.231512 1.015045 0.683541 0.835349 0.270949 0.914921 0.250895 0.124093 0.198093 0.162844
1.002519 0.048882 0.240425 1.074208 0.638169 0.698997 0.262065 0.961185 0.312929 0.148884 0.218119 0.205851
1.016053 0.063960 0.268106 1.046666 0.646031 0.657825 0.280798 1.003011 0.358027 0.012478 0.206306 0.110707
0.891527 0.064259 0.250292 0.813206 0.711643 0.792606 0.185810 0.986592 0.302580 0.041945 0.099890 0.090430
0.927097 0.056283 0.359507 0.987856 0.640756 0.831635 0.279962 0.964746 0.300490 0.155554 0.238131 0.170801
0.990617 -0.026293 0.358898 0.996850 0.684016 0.664413 0.217803 1.018896 0.332126 0.115815 0.201991 0.091487
1.004449 0.031119 0.302657 1.020317 0.652694 0.711893 0.214746 0.930167 0.243639 0.132816 0.154764 0.106595
0.932816 0.036374 0.299558 1.043369 0.668767 0.709668 0.247300 1.094860 0.372541 0.113178 0.118588 0.199557
0.956067 0.068693 0.198351 0.996481 0.683163 0.753345 0.323667 1.049492 0.245978 0.125564 0.084061 0.096798
1.075115 0.076965 0.258576 1.027873 0.652778 0.691232 0.241607 0.966187 0.262634 0.014354 0.296722 0.198986
0.955515 0.017103 0.364110 0.918078 0.711763 0.821853 0.216937 0.986626 0.423572 0.107919 0.155713 0.106911
0.958900 0.006266 0.171925 1.037971 0.657068 0.765885 0.243108 1.009253 0.314782 0.027511 0.166643 0.062291
0.970396 0.074135 0.270243 0.994581 0.631450 0.778175 0.278700 0.898741 0.296230 0.087142 0.214478 0.119754
0.940235 0.027032 0.293612 0.956404 0.688043 0.734041 0.248852 1.108063 0.274281 0.091160 0.087096 0.116270
0.974658 -0.065944 0.269975 0.927998 0.666306 0.587451 0.305566 0.958930 0.247919 0.154082 0.147224 0.122455
0.950284 0.098249 0.280806 1.042644 0.685551 0.809469 0.270376 0.988657 0.335671 0.064125 0.218831 0.167615
0.913714 0.109819 0.246423 1.006536 0.635340 0.736499 0.352901 0.942591 0.304526 0.151159 0.137130 0.143680
0.990426 0.055699 0.190347 1.001390 0.722184 0.754506 0.258820 0.969334 0.321033 0.110471 0.272489 0.171830
0.910512 0.082522 0.285931 0.948970 0.690030 0.697623 0.337509 0.969147 0.335413 0.142995 0.061610 0.231176
0.908317 0.091330 0.291593 0.954616 0.583398 0.783809 0.311182 1.035665 0.427171 0.077823 0.145165 0.141838
0.937559 0.067867 0.317003 0.955885 0.715051 0.612977 0.236624 0.973710 0.354226 0.155622 0.241579 0.113006
0.657318 0.645080 0.610986 0.872685 0.384136 0.623523 0.605301 0.252573 0.153893 0.056484 0.199851 0.751076
0.709819 0.592013 0.636570 0.895543 0.275471 0.656385 0.576632 0.210266 0.076009 -0.010976 0.039515 0.743222
0.706890 0.612708 0.620645 0.809181 0.294380 0.689896 0.669557 0.269245 0.056908 0.069943 0.128568 0.769740
0.637382 0.553084 0.587383 0.892261 0.201408 0.759400 0.526911 0.226725 0.078096 0.060455 0.115829 0.818280
0.726021 0.695407 0.526303 0.904711 0.226471 0.674729 0.707495 0.304113 0.071249 0.029468 0.003678 0.745013
0.705775 0.504867 0.561939 0.931024 0.371326 0.760156 0.559923 0.325571 0.097272 0.005909 0.130808 0.789196
0.733459 0.610507 0.507077 0.898161 0.349011 0.651665 0.484064 0.279508 0.112850 0.120373 0.130923 0.777869
0.750019 0.643018 0.715150 0.881050 0.236632 0.646528 0.569655 0.217850 0.156399 0.036332 0.118205 0.841180
0.758930 0.643720 0.673147 0.908576 0.231478 0.678055 0.566468 0.285509 0.115749 0.127582 0.096538 0.762654
0.752151 0.581890 0.610400 0.872581 0.304160 0.710965 0.594025 0.249747 0.087104 0.096760 0.145089 0.755643
0.778790 0.617183 0.548334 0.885154 0.188661 0.623700 0.562719 0.361729 0.078539 0.091805 0.075526 0.823545
0.701358 0.509340 0.569801 0.822163 0.348091 0.674461 0.527340 0.262367 0.108497 0.030366 0.208455 0.921566
0.729409 0.591730 0.583306 0.944169 0.327589 0.747308 0.682545 0.129353 0.065372 0.069160 0.091504 0.739368
0.701257 0.583794 0.640077 0.941194 0.294109 0.683164 0.578930 0.314981 0.104744 0.058294 0.120982 0.758131
0.636211 0.551757 0.621205 0.823340 0.241509 0.662504 0.616085 0.247712 0.092667 0.038074 0.101798 0.752125
0.602243 0.566020 0.554179 0.933554 0.223075 0.769579 0.583171 0.307937 0.168187 0.085040 0.195819 0.825838
0.709204 0.586077 0.645652 0.855727 0.351957 0.633108 0.539349 0.263101 0.145334 -0.033198 0.075255 0.759380
0.780627 0.643448 0.619368 0.890808 0.306019 0.844275 0.611585 0.222469 0.080706 0.077878 0.050941 0.895249
0.716810 0.635085 0.645071 0.807536 0.288869 0.717339 0.556340 0.241709 0.125600 0.014961 0.084646 0.835314
0.724245 0.580377 0.535904 0.832823 0.202041 0.770946 0.542884 0.248744 0.106601 0.115739 0.037360 0.870014
0.716858 0.556807 0.538860 0.823810 0.254604 0.634706 0.593972 0.255136 0.089487 0.026381 0.070424 0.851777
0.731057 0.652305 0.551491 0.847633 0.283917 0.702916 0.646258 0.256557 0.128679 0.056450 0.148897 0.887528
0.677173 0.637367 0.548070 0.871798 0.242749 0.599925 0.634253 0.213534 0.111228 0.164537 0.135907 0.851280
0.587317 0.572684 0.548717 0.934242 0.297626 0.747599 0.529963 0.251311 0.092713 0.008221 0.044500 0.770468
0.764267 0.607724 0.622666 0.855131 0.202023 0.753270 0.545326 0.179714 -0.008482 0.057264 0.069415 0.753281
0.628693 0.717460 0.660677 0.790097 0.300627 0.669581 0.584140 0.306763 0.128028 0.056976 0.129276 0.735002
0.701610 0.631122 0.656826 0.944267 0.281173 0.698620 0.589104 0.218075 0.034780 0.098282 0.162343 0.787583
0.732633 0.589482 0.579112 0.880786 0.290178 0.657357 0.534888 0.260858 0.103294 -0.034947 0.149539 0.798040
0.757910 0.607812 0.578834 0.817326 0.226033 0.723499 0.557465 0.260408 0.158961 -0.011322 0.095854 0.837685
0.717753 0.504821 0.641658 0.859614 0.257832 0.741871 0.526205 0.271837 0.119104 0.073720 0.075513 0.820552
0.745899 0.597144 0.657394 0.783645 0.279488 0.619247 0.482424 0.306480 0.035332 0.062731 0.099929 0.827837
0.750009 0.623512 0.655662 0.947206 0.205311 0.751090 0.476179 0.206017 0.219846 0.149706 0.133475 0.881310
0.691730 0.639083 0.733825 0.869194 0.257231 0.795033 0.641050 0.208160 0.121204 -0.020709 0.147835 0.756011
0.773505 0.543563 0.585351 0.859483 0.304719 0.646876 0.524469 0.311944 0.177935 0.081403 0.055140 0.896344
0.676555 0.533813 0.579077 0.825303 0.269842 0.631592 0.558439 0.277438 0.144789 0.049028 0.119861 0.745637
0.780364 0.582392 0.604330 0.923250 0.214395 0.695194 0.544142 0.183757 0.063665 -0.062955 0.032239 0.843421
0.690845 0.563773 0.686131 0.891665 0.277633 0.594629 0.538424 0.261702 0.063848 -0.007091 0.173174 0.797038
0.683717 0.583074 0.599817 0.868229 0.313250 0.622917 0.525836 0.196500 0.136217 0.010160 0.207792 0.820344
0.716415 0.563850 0.662667 0.829168 0.386286 0.715884 0.551700 0.288849 0.085280 0.063189 0.118185 0.790533
0.715934 0.621640 0.626359 0.839051 0.313128 0.644411 0.584712 0.213357 0.170124 0.015077 0.175046 0.826995
0.678543 0.571349 0.517240 0.901787 0.271272 0.606351 0.559643 0.277219 0.093251 0.026470 0.072588 0.823783
0.631223 0.565517 0.681218 0.918583 0.349149 0.641573 0.566588 0.309551 0.075902 -0.008929 0.098642 0.826652
0.683438 0.582621 0.616571 0.866385 0.222751 0.685645 0.517868 0.289509 0.154689 0.008557 0.024489 0.881013
0.739523 0.611709 0.593719 0.836283 0.316650 0.712653 0.520652 0.255210 0.116064 -0.044228 0.069500 0.758436
0.707437 0.660527 0.609874 0.934268 0.289705 0.588174 0.639984 0.140716 0.068537 -0.014610 0.184132 0.891383
0.711879 0.583034 0.564343 0.799076 0.316197 0.677839 0.592465 0.166238 0.175130 0.010656 0.008484 0.927209
0.666813 0.672979 0.604113 0.834836 0.301953 0.756022 0.542680 0.265604 0.109716 0.028268 0.076896 0.976027
0.730808 0.518550 0.688837 0.936699 0.286966 0.700176 0.611494 0.195112 0.096694 -0.029855 0.137446 0.845085
0.690310 0.535078 0.653370 0.848002 0.257071 0.713398 0.563603 0.245803 0.122365 0.009281 0.122066 0.877679
0.730867 0.652162 0.623611 0.811983 0.316707 0.659498 0.567570 0.269323 0.207772 0.079972 0.105726 0.810957
0.786122 0.579950 0.532214 0.853259 0.200992 0.636598 0.601706 0.221360 0.053741 -0.023968 0.117772 0.808816
0.718104 0.511006 0.543455 0.847312 0.321075 0.653720 0.558651 0.261772 0.040773 0.103615 0.130795 0.869521
0.626272 0.596290 0.524330 0.917938 0.361746 0.658534 0.550490 0.248418 0.128801 0.052185 0.076079 0.961111
0.716477 0.667139 0.615756 0.906292 0.327856 0.706437 0.649245 0.315138 0.103756 0.054843 0.115058 0.857466
0.765897 0.586548 0.608996 0.937516 0.329925 0.701276 0.549961 0.270182 0.122869 0.082662 0.183294 0.906944
0.689745 0.620834 0.555085 0.889641 0.202916 0.647720 0.599498 0.266767 0.193441 0.012725 0.155372 0.883857
0.776450 0.633668 0.608343 0.850992 0.290284 0.711573 0.612804 0.162324 0.145514 0.026953 0.225597 0.778039
0.783655 0.643737 0.604355 0.860594 0.223530 0.642025 0.592740 0.233235 0.171568 0.000109 0.089380 0.704895
0.738010 0.642168 0.602889 0.880463 0.353221 0.761000 0.495131 0.226188 0.111819 0.143970 0.184936 0.854751
0.749521 0.576301 0.693581 0.866808 0.305950 0.661211 0.566257 0.192919 0.141277 0.091950 0.125098 0.857284
0.702217 0.542976 0.645541 0.898049 0.292752 0.614889 0.522046 0.189306 0.051619 0.018033 0.169248 0.734430
0.621862 0.698107 0.581251 0.902422 0.357833 0.596622 0.472703 0.150418 0.147812 0.037828 0.155264 0.917001
0.766066 0.620974 0.655857 0.829298 0.361409 0.530787 0.483820 0.258797 0.122652 0.074004 0.111394 0.820348
0.663759 0.565861 0.646247 0.876189 0.330655 0.653029 0.550511 0.260532 0.136440 0.058754 0.092122 0.862888
0.709478 0.610144 0.582223 0.889965 0.271362 0.622405 0.625365 0.235962 0.107439 0.046588 0.058618 0.886066
0.715303 0.540770 0.630381 0.814022 0.272642 0.718111 0.599603 0.219121 0.181938 -0.007252 0.080795 0.841085
0.770663 0.571589 0.603838 0.895736 0.293432 0.730103 0.571874 0.249433 0.158915 0.056449 0.061574 0.791937
0.723143 0.592135 0.550149 0.962786 0.282903 0.610265 0.550184 0.286554 0.146522 0.060572 0.117667 0.840155
0.840222 0.651081 0.649235 0.861714 0.283367 0.678079 0.583793 0.227704 0.073880 0.071586 0.051198 0.767009
0.552362 0.551161 0.600346 0.880924 0.365400 0.807534 0.549041 0.197366 0.107793 0.028955 0.076080 0.812891
0.762416 0.623139 0.666270 0.923511 0.329449 0.572113 0.498957 0.354183 0.149490 0.023879 0.125447 0.793283
0.731018 0.528357 0.609788 0.827968 0.210879 0.745165 0.623342 0.317167 0.258891 0.129818 0.042963 0.818252
0.745972 0.633215 0.679656 0.879402 0.282762 0.725858 0.559678 0.301504 0.075463 0.085327 0.080895 0.830250
0.721437 0.648623 0.533317 0.893048 0.274515 0.763996 0.609029 0.206283 0.168337 0.063045 0.038435 0.828310
0.669836 0.594232 0.636792 0.902427 0.251376 0.699682 0.525446 0.159628 0.162051 0.157537 0.106466 0.799777
0.690825 0.624701 0.570526 0.854022 0.300499 0.633006 0.558898 0.266277 0.116206 0.076097 0.034760 0.744260
0.713358 0.583118 0.659310 0.829894 0.323187 0.641864 0.599404 0.229995 0.084877 0.059814 0.072542 0.871359
0.642890 0.685718 0.635793 0.946039 0.276478 0.776791 0.594976 0.202331 0.123842 0.057918 0.021862 0.850163
0.694649 0.569736 0.620409 0.836863 0.318298 0.709062 0.607855 0.205853 0.136787 0.127941 0.135950 0.761868
0.781170 0.614173 0.627824 0.893280 0.149401 0.740006 0.507202 0.201968 0.092200 0.025526 0.204125 0.828496
0.761780 0.563476 0.592011 0.823144 0.272371 0.696947 0.498005 0.270971 0.119208 0.055792 0.065919 0.770821
0.718734 0.634607 0.555825 0.823858 0.234500 0.735494 0.651207 0.301280 0.099294 0.013892 0.166707 0.809154
0.704324 0.585643 0.631787 0.873165 0.334144 0.660835 0.529191 0.180327 0.112935 0.089074 0.117153 0.884734
0.760652 0.514691 0.593422 0.742690 0.242640 0.677179 0.575679 0.327880 0.140876 0.040217 -0.013449 0.814201
0.752028 0.534309 0.623189 0.911812 0.275553 0.737137 0.538626 0.192594 0.181857 0.061971 0.021796 0.842691
0.669855 0.571479 0.579992 0.897934 0.336505 0.692553 0.509164 0.297582 0.118391 0.054841 0.164967 0.901688
0.695833 0.603104 0.698454 0.811276 0.316938 0.679054 0.596019 0.189673 0.107407 0.067413 0.117535 0.850955
0.750518 0.686647 0.592149 0.935522 0.304419 0.636163 0.503900 0.286095 0.064628 0.107986 0.051301 0.866825
0.615604 0.609114 0.627752 0.860360 0.314167 0.696353 0.613912 0.220477 0.200658 0.085408 0.032455 0.771309
0.728400 0.655236 0.628960 0.865897 0.250646 0.736830 0.528653 0.226045 0.129507 0.070614 0.080656 0.823525
0.732035 0.577931 0.658093 0.814268 0.276945 0.688391 0.608251 0.251301 0.088132 -0.056455 0.147863 0.836478
0.721152 0.648723 0.688539 0.860554 0.276910 0.714247 0.561390 0.304494 0.111432 0.016779 0.147621 0.837542
0.654459 0.569162 0.538256 0.842771 0.338433 0.700809 0.686165 0.215954 0.098174 -0.024243 0.131909 0.802324
0.793261 0.597546 0.560042 0.910253 0.272364 0.582930 0.543165 0.337923 0.146186 0.060693 0.095881 0.928723
0.776452 0.673879 0.627342 0.828154 0.365131 0.637069 0.678844 0.237766 0.095389 0.051478 0.081913 0.747277
0.708852 0.743073 0.595023 0.874769 0.209831 0.676520 0.594748 0.251355 0.079803 0.060573 0.089758 0.796880
0.675381 0.647143 0.693782 0.896950 0.263064 0.659221 0.483647 0.151487 0.015356 0.122397 0.105267 0.807878
0.770624 0.609940 0.669813 0.902967 0.277150 0.647194 0.562539 0.190774 -0.043472 0.133701 0.184278 0.815801
0.695294 0.550258 0.687119 0.968069 0.212199 0.710887 0.610222 0.176809 0.157808 0.070506 0.127638 0.786870
0.667399 0.602817 0.624963 0.918497 0.352861 0.688410 0.595285 0.190781 0.134622 -0.014715 0.099726 0.796329
0.742356 0.765721 0.615936 0.797444 0.313971 0.665791 0.573691 0.213810 0.149676 0.060993 0.119896 0.883565
0.692099 0.591842 0.618450 0.911456 0.354696 0.776594 0.606153 0.226490 0.083356 0.010436 0.148886 0.779762
0.685923 0.593268 0.625773 0.896637 0.356905 0.644823 0.584310 0.235922 0.087708 0.189597 0.092374 0.805441
0.704241 0.554751 0.595488 0.895252 0.354273 0.561712 0.578060 0.234857 0.068031 -0.006145 0.094164 0.775383
0.750082 0.515264 0.605572 0.915121 0.285418 0.614481 0.533194 0.156323 0.186660 0.055820 0.035901 0.816739
0.661055 0.670054 0.670643 0.883561 0.327653 0.618275 0.569837 0.302660 0.011812 0.056394 0.108293 0.875603
0.792617 0.610890 0.645350 0.828774 0.275256 0.649733 0.540329 0.208435 -0.002569 0.060591 0.082919 0.851767
0.772539 0.580407 0.595873 0.944889 0.255975 0.707984 0.479889 0.211902 0.173876 0.026625 0.116153 0.714334
0.814577 0.498007 0.559055 0.881873 0.279674 0.698489 0.549134 0.247364 0.105434 0.048380 0.176303 0.787924
0.740279 0.687238 0.590839 0.844895 0.248084 0.760065 0.564492 0.175449 0.070700 -0.052643 0.040104 0.872737
0.720767 0.651324 0.599944 0.923760 0.254087 0.640274 0.526221 0.261161 0.100452 0.017846 0.017038 0.868666
0.739350 0.591190 0.587750 0.847151 0.355715 0.678988 0.630946 0.279644 0.136394 -0.014725 0.094391 0.734968
0.704078 0.558661 0.547162 0.828917 0.361157 0.735378 0.567868 0.273874 0.160254 0.095144 0.116902 0.811261
0.745925 0.569117 0.509213 0.815341 0.250777 0.685483 0.548480 0.318571 0.087404 0.011074 0.062795 0.773081
0.753761 0.653583 0.671695 0.930988 0.245422 0.698769 0.567257 0.309823 0.152879 0.087690 0.087075 0.775760
0.736962 0.549208 0.510498 0.924583 0.276405 0.688133 0.656076 0.142513 0.192079 0.014281 0.100437 0.754782
0.703899 0.607689 0.658999 0.951951 0.308173 0.766224 0.502585 0.325116 0.094762 0.091315 0.106818 0.841764
0.703791 0.635387 0.622518 0.954929 0.307524 0.728735 0.552925 0.224151 0.092915 0.060061 0.186245 0.748199
0.682639 0.574999 0.629485 0.974063 0.328988 0.671274 0.656719 0.284579 0.085676 0.159220 0.046369 0.793553
0.642438 0.596101 0.695845 0.842391 0.318504 0.726662 0.569614 0.280125 0.224347 0.003466 0.052980 0.828100
0.760709 0.557266 0.644950 0.872442 0.157572 0.774072 0.569186 0.256092 0.085014 0.097387 0.124884 0.875785
0.655595 0.611318 0.559013 0.887109 0.265728 0.683841 0.527085 0.236576 0.204730 0.038103 0.165721 0.852197
0.678574 0.608463 0.613350 0.817448 0.247090 0.702251 0.499099 0.211664 0.080442 0.114050 0.124920 0.841303
0.674383 0.629512 0.581439 0.843934 0.271493 0.667898 0.609969 0.284644 0.068188 0.086418 0.061579 0.825862
0.767005 0.581860 0.647761 0.773190 0.188367 0.643041 0.489631 0.265380 0.165974 0.002568 0.096579 0.844292
0.778840 0.552461 0.567193 0.876965 0.314693 0.770455 0.535174 0.173373 0.060411 -0.006959 0.144813 0.819947
0.745779 0.547399 0.538225 0.843214 0.269348 0.766730 0.459843 0.208073 0.132517 0.099794 0.111724 0.803177
0.628438 0.607108 0.496009 0.892197 0.259632 0.639634 0.554296 0.253183 0.124567 0.128441 0.133272 0.873638
0.688438 0.666015 0.632499 0.888283 0.294144 0.739166 0.526893 0.180518 0.129048 0.087792 0.089174 0.838657
0.770146 0.549108 0.582247 0.894148 0.245476 0.618827 0.607615 0.171149 0.080128 -0.062585 0.089745 0.860756
0.798773 0.584489 0.653806 0.963252 0.302230 0.706713 0.545580 0.239637 0.076968 0.045860 0.078006 0.747532
0.738067 0.598334 0.651230 0.831667 0.287666 0.681300 0.491819 0.158392 0.073758 -0.029757 0.047680 0.812897
0.679436 0.547007 0.601183 0.819118 0.293349 0.659500 0.475135 0.226364 0.048221 0.107960 0.133632 0.876823
0.684853 0.626783 0.596538 0.928380 0.330016 0.641627 0.606264 0.225421 0.137850 0.056623 0.144644 0.836538
0.716109 0.500487 0.660635 1.016425 0.255638 0.615161 0.531346 0.282962 0.067536 0.048864 0.034582 0.715886
0.701996 0.543579 0.692557 0.906426 0.261506 0.583286 0.498003 0.241212 0.147916 0.002365 0.181639 0.807637
0.813429 0.622449 0.689253 0.849441 0.297363 0.633457 0.605200 0.200028 0.176226 0.065678 0.072954 0.859580
0.713051 0.506913 0.631777 0.933191 0.275475 0.676907 0.601255 0.279145 0.077530 0.087029 0.040566 0.820378
0.751983 0.577029 0.517231 0.844239 0.265228 0.613146 0.578611 0.235044 0.127621 0.005789 0.138018 0.814511
0.597844 0.606777 0.675724 0.911020 0.319606 0.655959 0.490485 0.269872 0.137106 0.085838 0.122348 0.777715
0.737082 0.640257 0.629915 0.868005 0.255897 0.732268 0.667049 0.217326 0.109313 0.090832 0.066262 0.788962
0.763462 0.675475 0.609912 0.828441 0.232604 0.701903 0.517482 0.159606 0.172320 0.077908 0.132347 0.822682
0.663917 0.588514 0.525533 0.777211 0.197252 0.771448 0.526416 0.220838 0.129322 0.004982 0.122182 0.873617
0.722484 0.495236 0.555987 1.014797 0.258792 0.675816 0.505135 0.135273 0.062484 0.091615 0.090872 0.806110
0.684225 0.587880 0.576001 0.901187 0.258723 0.572979 0.619190 0.294119 0.108452 0.084390 0.025592 0.838251
0.788539 0.609921 0.681756 0.964095 0.224484 0.712348 0.550099 0.293226 0.137433 0.025202 0.075990 0.900589
0.761326 0.572341 0.541508 0.778453 0.315874 0.615069 0.669947 0.283860 0.033299 0.089755 0.102344 0.797196
0.719164 0.577915 0.630897 0.867977 0.291842 0.672417 0.655070 0.311889 0.152977 0.011744 0.114509 0.751883
0.734191 0.672711 0.595500 0.787298 0.185316 0.666095 0.692590 0.295584 0.090494 0.033745 0.100578 0.798180
0.710662 0.509840 0.544821 0.869096 0.225808 0.712572 0.562704 0.280829 0.048114 0.130861 0.149621 0.827793
0.788681 0.616670 0.576190 0.881950 0.269780 0.630098 0.516978 0.254702 0.123893 0.059979 0.152796 0.717381
0.743423 0.622833 0.662894 0.814114 0.240715 0.706605 0.489405 0.150534 0.121733 0.065881 0.167624 0.839899
0.764836 0.560920 0.614359 0.875082 0.357964 0.655359 0.588432 0.189818 0.024291 0.065233 0.161381 0.760485
0.726587 0.621373 0.642021 0.916326 0.313446 0.708869 0.467375 0.243221 0.153765 -0.003320 0.110935 0.866357
0.855561 0.669981 0.600837 0.879928 0.192741 0.676323 0.446685 0.265885 0.114567 0.088474 0.124497 0.798109
0.801676 0.669143 0.602327 0.871706 0.201470 0.700889 0.600919 0.294899 0.011573 0.061097 0.106097 0.853764
0.822180 0.551834 0.664637 0.804591 0.214912 0.692273 0.554967 0.249364 0.161335 -0.012351 0.069283 0.788522
0.800409 0.599663 0.637341 0.896314 0.350851 0.683404 0.523034 0.182987 0.105397 0.103442 0.100564 0.842401
0.726692 0.646156 0.591283 0.883259 0.271184 0.659597 0.604576 0.305003 0.129623 0.055115 0.150214 0.762671
0.745385 0.619062 0.554362 0.821392 0.223518 0.606816 0.591060 0.261476 0.211544 0.086837 0.087694 0.874120
0.734597 0.617542 0.545262 0.853742 0.237851 0.625126 0.516181 0.163719 0.079518 0.069372 0.097808 0.794734
0.678928 0.654617 0.610495 0.894562 0.307171 0.674596 0.508477 0.223076 0.177840 0.085335 0.070374 0.825295
0.727843 0.584267 0.580892 0.909748 0.293883 0.628747 0.656902 0.265652 0.070357 -0.002519 0.118974 0.888291
0.733664 0.582241 0.498539 0.884553 0.268799 0.660975 0.515274 0.250213 0.132728 0.115473 0.088419 0.693395
0.718621 0.610608 0.544504 0.928253 0.127571 0.659079 0.531905 0.337954 0.164802 0.020546 0.089889 0.843197
0.734230 0.568881 0.580578 0.754356 0.304201 0.556400 0.544165 0.245364 0.065373 -0.002356 0.110543 0.807279
0.743987 0.661164 0.655798 0.887136 0.235129 0.702747 0.629866 0.276719 0.088946 0.097678 0.206284 0.762895
0.673921 0.618296 0.595421 0.877758 0.314302 0.647253 0.656801 0.281830 0.074960 0.045935 0.120039 0.986145
0.715789 0.607285 0.577099 0.869650 0.337938 0.656957 0.611607 0.137238 0.079891 0.041028 0.131749 0.752403
0.722428 0.620554 0.634182 0.889227 0.271185 0.642716 0.571061 0.154092 0.152528 -0.024045 0.141676 0.828505
0.819777 0.642172 0.652892 0.902300 0.307641 0.730189 0.604910 0.199314 0.105450 0.081397 0.145387 0.870765
0.579487 0.562942 0.612559 0.739582 0.325813 0.722223 0.560330 0.176343 0.174659 0.039254 0.098939 0.765275
0.661388 0.597341 0.664237 0.840517 0.302278 0.687630 0.603035 0.236018 0.046925 0.021581 0.131617 0.830218
0.734794 0.655257 0.741989 0.804439 0.248192 0.686962 0.520367 0.286082 0.088666 0.101823 0.190552 0.830443
0.780538 0.604523 0.619422 0.887068 0.331907 0.713371 0.613636 0.292128 0.096812 0.044779 0.020078 0.926455
0.712034 0.568122 0.727235 0.918852 0.264191 0.756125 0.534500 0.205526 0.047949 0.058080 0.173441 0.881578
0.667899 0.653481 0.545169 0.798370 0.300570 0.661080 0.580009 0.245480 0.094047 0.091297 0.139829 0.744760
0.760052 0.654887 0.639444 0.994815 0.334354 0.711261 0.542904 0.284300 0.146015 0.078971 0.135301 0.820018
0.705551 0.626479 0.565400 0.845949 0.327107 0.737829 0.512373 0.287363 0.176456 0.113693 0.169915 0.812804
0.648002 0.488457 0.675031 0.847153 0.336006 0.730855 0.654850 0.286427 0.043606 -0.010339 0.194931 0.740067
0.669724 0.621778 0.644362 0.926047 0.288104 0.764489 0.517855 0.244550 0.177062 0.005237 0.097194 0.763305
0.654106 0.622362 0.571263 0.873563 0.301910 0.665856 0.580602 0.301930 0.179903 0.057008 0.140348 0.851140
0.735124 0.616433 0.622000 0.898290 0.297750 0.639857 0.603555 0.175448 0.108268 0.112960 0.118271 0.871741
0.798339 0.683728 0.576772 0.803143 0.361767 0.708300 0.570942 0.275766 0.139021 -0.004369 0.150676 0.814961
0.734092 0.656830 0.652446 0.875937 0.215903 0.675952 0.563907 0.346450 0.158930 0.005548 0.000959 0.879194
0.684185 0.632217 0.532261 0.815581 0.332746 0.634016 0.534317 0.358501 0.148384 0.057375 0.036461 0.856678
0.730740 0.573769 0.612933 0.775203 0.313529 0.643848 0.523866 0.201883 0.215052 0.014434 0.134308 0.741263
0.694048 0.595915 0.600563 0.854718 0.217082 0.651914 0.585340 0.221806 0.143698 0.016432 0.175951 0.797963
0.714865 0.684304 0.600790 0.894909 0.301592 0.715437 0.573322 0.263558 0.146835 0.046544 0.085527 0.886722
0.716039 0.585996 0.559061 0.887845 0.345454 0.736187 0.572435 0.284855 -0.013539 0.004662 0.070925 0.848580
0.799397 0.609938 0.635931 0.899191 0.244269 0.699313 0.450249 0.159228 0.081154 0.105924 0.088160 0.807059
0.687552 0.615011 0.659532 1.017560 0.374435 0.646436 0.684101 0.244093 0.115648 0.021158 0.084348 0.770540
0.736129 0.646723 0.618216 0.859595 0.263622 0.684677 0.532923 0.254711 0.172682 -0.011469 0.069982 0.794099
0.727439 0.638386 0.612722 0.867574 0.294504 0.576680 0.506417 0.290535 0.227898 0.005492 0.152289 0.890237
0.757499 0.686876 0.542948 0.849910 0.313911 0.588692 0.587347 0.288765 0.096536 0.096933 0.051675 0.777974
0.659763 0.578360 0.610096 0.916841 0.298465 0.691768 0.634905 0.245341 0.162119 0.017858 0.102293 0.858417
0.692088 0.635292 0.618545 0.842468 0.294561 0.685523 0.596070 0.277158 0.125371 0.115890 0.093375 0.794961
0.779422 0.571176 0.646176 0.960258 0.269068 0.713860 0.575397 0.258418 0.124279 0.047646 0.118051 0.843230
0.698519 0.549701 0.534424 0.880584 0.236667 0.652767 0.586889 0.247850 0.201753 0.111383 0.076465 0.833271
0.789449 0.591807 0.689425 0.812008 0.250021 0.681484 0.580749 0.219007 0.074310 0.000039 0.157668 0.868052
0.803236 0.675701 0.627613 0.847970 0.267505 0.706395 0.574870 0.271299 0.176806 0.110770 0.172857 0.814618
0.714577 0.631336 0.648188 0.849082 0.286882 0.704772 0.538186 0.293123 0.127185 -0.027104 0.113915 0.821867
0.709546 0.588567 0.642181 0.978405 0.335175 0.683232 0.614075 0.230966 0.103779 0.010420 0.181839 0.841542
0.682226 0.580273 0.514865 0.901203 0.328059 0.682838 0.629578 0.179948 0.147657 0.143590 0.137151 0.814540
0.812451 0.596064 0.542835 0.940739 0.275267 0.680845 0.605953 0.264860 0.133424 0.067837 0.032587 0.788669
0.706980 0.599940 0.605386 0.847081 0.297966 0.709101 0.506791 0.172396 0.137576 -0.011253 0.103230 0.823258
0.717698 0.567295 0.621131 0.819765 0.290841 0.663817 0.525852 0.302745 0.223952 0.070069 0.016672 0.851190
0.717867 0.620179 0.595895 0.888216 0.278342 0.662894 0.572404 0.254429 0.144296 0.060607 0.138579 0.822578
0.766234 0.524233 0.581997 0.957041 0.220772 0.614689 0.595648 0.276097 0.116415 0.022900 0.155032 0.827827
0.747481 0.570793 0.517948 0.950014 0.315775 0.645603 0.526907 0.228667 0.208119 0.158750 0.151304 0.782917
0.754916 0.575858 0.631127 0.818169 0.252539 0.687362 0.589042 0.408734 0.123502 -0.028562 0.163182 0.895881
0.653853 0.632629 0.570549 0.853758 0.238185 0.621366 0.543731 0.257971 0.226939 -0.006324 0.092220 0.764290
0.748463 0.565165 0.672804 0.838629 0.315297 0.696363 0.609187 0.193520 0.126302 0.062830 0.168232 0.795109
0.665792 0.641060 0.610097 0.888373 0.218437 0.704004 0.536770 0.149585 0.146492 0.118533 0.153639 0.822940
0.667635 0.598934 0.694903 0.894701 0.264463 0.750480 0.600160 0.209827 0.137586 0.094361 0.127733 0.821648
0.728351 0.529627 0.658799 0.769834 0.336709 0.672392 0.476922 0.225312 0.161117 -0.004171 -0.009221 0.866365
0.708847 0.593966 0.634945 0.846923 0.297535 0.765411 0.578470 0.253521 0.056999 0.031435 0.151371 0.840060
0.731306 0.584082 0.526436 0.860131 0.261145 0.730880 0.543697 0.299102 0.169371 0.062859 0.116448 0.793661
0.723794 0.625537 0.674131 0.937552 0.196319 0.739707 0.539011 0.256155 0.136838 0.062529 0.113681 0.814625
0.685743 0.670790 0.541855 0.845789 0.265331 0.652024 0.479678 0.236667 0.010294 0.067834 0.174470 0.805224
0.665767 0.633732 0.601349 0.896922 0.304611 0.650059 0.577323 0.245633 0.097389 0.085961 0.095234 0.820172
0.664938 0.643468 0.562586 0.940287 0.270574 0.748747 0.527465 0.172932 0.187951 0.079156 0.060011 0.850482
0.648940 0.553347 0.554884 0.859787 0.324751 0.723680 0.602222 0.252821 0.076965 0.070913 0.199848 0.754546
0.767167 0.561789 0.566090 0.905681 0.279899 0.681881 0.610252 0.195560 0.215361 0.142842 0.083842 0.834580
0.710764 0.591080 0.541369 0.846649 0.342298 0.641739 0.603429 0.258257 0.089290 0.031413 0.037653 0.866438
0.816208 0.653852 0.678058 0.876972 0.275142 0.743463 0.651982 0.171721 0.163585 0.068994 0.079999 0.800966
0.770109 0.563751 0.628992 0.861657 0.296395 0.713118 0.568412 0.211047 0.127705 0.135276 0.060921 0.795850
0.699844 0.570903 0.566461 0.848933 0.328298 0.609645 0.534983 0.190205 0.113968 0.031714 0.128920 0.789681
0.723797 0.609894 0.578859 0.906748 0.244163 0.588658 0.587813 0.200090 0.107183 0.026785 0.007886 0.836482
0.720559 0.588291 0.552257 0.942540 0.318986 0.659862 0.701930 0.205803 0.179065 0.085917 0.139681 0.791170
0.780072 0.652329 0.698675 0.951529 0.240015 0.728139 0.609289 0.303105 0.155458 0.052787 0.096291 0.827412
0.758002 0.611515 0.648935 0.889357 0.325208 0.639843 0.522003 0.254615 0.110964 0.031452 0.040105 0.846578
0.717173 0.678453 0.641948 0.869825 0.371578 0.634321 0.663075 0.319812 0.109955 0.082326 0.110523 0.810110
0.663257 0.668875 0.605572 0.840992 0.228285 0.679460 0.518686 0.252702 0.107099 0.032310 0.076833 0.863593
0.690419 0.543360 0.558330 0.950128 0.289038 0.753751 0.555540 0.314097 0.159256 0.031852 0.106147 0.780822
0.676701 0.620996 0.618847 0.930375 0.158505 0.580913 0.610811 0.185993 0.123464 0.031940 0.065897 0.751154
0.702902 0.596914 0.743661 0.776482 0.319172 0.736462 0.600026 0.237803 0.106014 0.117093 0.106297 0.796150
0.668860 0.625673 0.634869 0.808801 0.215582 0.607113 0.616952 0.122435 0.175013 -0.003286 0.057007 0.787388
0.780076 0.592432 0.600055 0.898813 0.288414 0.646674 0.566018 0.279687 0.073501 0.105265 0.085854 0.857481
0.848424 0.562810 0.630791 0.866926 0.243655 0.690970 0.600957 0.262476 0.180296 -0.005114 0.145064 0.825901
0.784683 0.621352 0.632558 0.859911 0.307095 0.671216 0.659989 0.232933 0.125417 0.094889 0.117635 0.772529
0.716894 0.602722 0.531908 0.851369 0.263168 0.690008 0.495253 0.322433 0.057477 0.041405 0.176365 0.789240
0.672756 0.682661 0.573641 0.826088 0.278059 0.700045 0.640638 0.248992 0.194741 0.110237 0.100431 0.794898
0.817263 0.622626 0.616099 0.931712 0.248489 0.693050 0.536757 0.314987 0.117173 0.006256 0.115582 0.859433
0.736679 0.597380 0.484383 0.857798 0.273876 0.710357 0.617483 0.214433 0.114662 0.139760 0.107763 0.832020
0.677961 0.611113 0.697478 0.942213 0.318884 0.730360 0.571764 0.282820 0.090819 0.020803 0.096195 0.850959
0.786608 0.603559 0.568500 0.886730 0.200838 0.691504 0.520271 0.196487 -0.013023 0.018443 0.138853 0.738316
0.712956 0.581879 0.587969 0.901243 0.207171 0.627889 0.633850 0.272725 0.063842 0.131473 0.109391 0.816163
0.721740 0.600254 0.565288 0.906789 0.228140 0.699161 0.501884 0.233696 0.110159 -0.006499 0.117492 0.721650
0.773346 0.560439 0.617783 0.893615 0.283720 0.700274 0.558465 0.277551 0.164194 0.071486 0.095123 0.769027
0.710362 0.554667 0.557517 0.911935 0.328869 0.724813 0.588223 0.212313 0.159893 0.064987 0.103674 0.769910
0.742440 0.631848 0.594876 0.845156 0.213987 0.628671 0.548585 0.349972 0.096801 0.091997 0.130641 0.726265
0.719871 0.568775 0.574332 0.875371 0.325888 0.650850 0.602428 0.217145 0.112633 0.024264 0.178560 0.899520
0.755125 0.578128 0.616702 0.888167 0.315852 0.685007 0.579386 0.197989 0.055537 0.026037 0.091334 0.721611
0.752005 0.542868 0.506329 0.789986 0.239392 0.630858 0.571858 0.242398 0.141527 0.080028 0.151585 0.803354
0.658609 0.597956 0.578043 0.879507 0.291262 0.668033 0.549953 0.236180 0.181318 -0.088343 0.121431 0.866175
0.714429 0.556728 0.584786 0.800760 0.357542 0.615673 0.480172 0.248334 0.088054 0.054545 0.050643 0.816811
0.770009 0.642502 0.618717 0.921761 0.322874 0.673421 0.508186 0.213920 0.151693 -0.033345 0.087141 0.910908
0.676591 0.665979 0.614771 0.893431 0.270079 0.661214 0.631605 0.252380 0.174417 0.101564 0.134001 0.813835
0.691187 0.584259 0.516286 0.829043 0.264064 0.730901 0.606175 0.244991 0.265855 0.065565 0.153984 0.787450
0.713702 0.606002 0.598284 0.906074 0.225719 0.796180 0.587526 0.245099 0.077179 0.150183 0.054753 0.797250
0.690091 0.576989 0.547835 0.877973 0.207054 0.696316 0.534194 0.299256 0.172201 0.024942 0.092787 0.829937
0.748513 0.636727 0.441599 0.861860 0.260942 0.694344 0.576155 0.309034 0.149237 0.030049 0.195145 0.874186
0.707911 0.666539 0.610517 0.920202 0.362190 0.624569 0.526369 0.278661 0.105028 0.085709 0.113046 0.764900
0.750119 0.609775 0.550708 0.846396 0.304482 0.749754 0.546083 0.252947 0.160761 0.037662 0.082631 0.779652
0.707902 0.618736 0.617126 0.847937 0.283448 0.678902 0.566850 0.240705 0.147683 0.054303 0.129020 0.862015
0.740617 0.640339 0.605215 0.918743 0.182273 0.651915 0.553921 0.341258 0.063043 0.046453 0.005307 0.716324
0.802505 0.673797 0.528422 0.892284 0.203424 0.641969 0.461707 0.220360 0.266068 -0.037794 0.159068 0.758762
0.756459 0.534117 0.685474 0.826867 0.242959 0.639237 0.589313 0.172209 0.106656 -0.002298 0.103155 0.817786
0.687195 0.610517 0.650286 0.859749 0.309393 0.625610 0.658472 0.337734 0.099950 0.091958 0.105648 0.759224
0.654766 0.587460 0.600326 0.968621 0.307433 0.661840 0.500670 0.154523 0.122756 0.011699 0.057799 0.706627
0.707443 0.538434 0.581864 0.836687 0.257645 0.711762 0.517526 0.199516 0.169804 0.013277 0.033633 0.799031
0.651795 0.602912 0.664980 0.864468 0.217755 0.571116 0.614756 0.234965 0.057247 0.014773 0.091158 0.820823
0.675452 0.626757 0.585307 0.831754 0.317037 0.744717 0.577847 0.307191 0.068510 -0.017197 0.042168 0.805846
0.804623 0.597151 0.672758 0.833457 0.267882 0.615484 0.601697 0.215588 0.042658 0.116357 0.024894 0.803732
0.744931 0.612681 0.660753 0.892819 0.271725 0.671217 0.564077 0.183097 -0.036844 0.019006 0.147021 0.841945
0.688704 0.563074 0.637587 0.898468 0.238562 0.675401 0.602406 0.224364 0.142931 0.019865 0.055245 0.799510
0.609887 0.496329 0.572944 0.812026 0.220602 0.708392 0.515114 0.280016 0.069250 0.125723 0.120242 0.769324
0.789486 0.549551 0.587838 0.911662 0.317979 0.726573 0.592616 0.284445 0.165812 0.082085 0.086710 0.726736
0.678442 0.710674 0.619114 0.860606 0.316112 0.702601 0.490941 0.238062 0.088668 0.039494 0.136094 0.777738
0.776406 0.640010 0.538400 0.885495 0.222123 0.716377 0.557464 0.190593 0.022394 0.057996 0.188855 0.742410
0.761824 0.703980 0.621969 0.940701 0.259052 0.735311 0.527902 0.280195 0.116104 0.037137 0.117009 0.801352
0.744836 0.545597 0.683634 0.914519 0.232202 0.712301 0.546363 0.261510 0.164534 -0.041605 0.101829 0.824202
0.709699 0.628523 0.579161 0.832818 0.343902 0.636306 0.538156 0.235067 0.056156 -0.009940 0.167079 0.739488
0.653241 0.650269 0.625997 0.827836 0.263396 0.694528 0.524276 0.244349 0.074850 0.065708 0.124791 0.893887
0.840945 0.510962 0.569225 0.979076 0.282674 0.666692 0.632852 0.265982 0.143745 0.148246 0.185024 0.844659
0.671513 0.682385 0.608014 0.954108 0.352417 0.640246 0.561749 0.180092 0.139037 0.095571 0.085178 0.764671
0.755513 0.528438 0.599626 0.894283 0.316497 0.734094 0.570208 0.219044 0.134504 0.055476 0.102687 0.816823
0.715513 0.546679 0.582482 0.916046 0.256931 0.636974 0.542882 0.330208 0.080222 0.124275 0.093910 0.786993
0.685453 0.577306 0.680212 0.870097 0.310978 0.710426 0.607202 0.148486 0.181779 0.054798 0.169529 0.754819
0.739158 0.687870 0.664330 0.898696 0.381419 0.719469 0.537682 0.241908 0.155280 0.122469 0.077451 0.822689
0.769039 0.615172 0.556101 0.908834 0.271160 0.706332 0.624611 0.246394 0.204718 0.089934 0.126146 0.806758
0.790901 0.555063 0.723164 0.824845 0.203944 0.648650 0.628830 0.324711 0.145008 0.073493 0.049462 0.818527
0.726957 0.529899 0.642591 0.888950 0.332471 0.729788 0.572329 0.316811 0.083668 0.074704 0.209475 0.868942
0.694624 0.583719 0.640653 0.888805 0.272950 0.591542 0.550654 0.248255 0.094839 0.117362 0.095302 0.889211
0.686825 0.592786 0.639027 0.871545 0.264695 0.677424 0.569051 0.182935 0.178883 0.066145 0.095552 0.930703
0.709914 0.636202 0.576674 0.921926 0.174567 0.755824 0.613131 0.304574 0.222520 0.078140 0.084121 0.860596
0.762984 0.671548 0.545866 0.828346 0.291885 0.660814 0.551042 0.289964 0.205195 0.125177 0.026782 0.854728
0.616683 0.633740 0.681450 0.896584 0.349129 0.715270 0.628617 0.243819 0.029981 -0.032579 0.141348 0.761855
0.690272 0.667181 0.552876 0.967372 0.273111 0.604626 0.573061 0.269777 0.219152 0.095817 0.141658 0.778214
0.753366 0.560253 0.642387 0.812961 0.277565 0.610106 0.516812 0.226693 0.149869 -0.003264 -0.000108 0.887220
0.762754 0.637988 0.561554 0.889689 0.329081 0.654921 0.508717 0.291897 0.113601 0.074398 0.117381 0.737800
0.727478 0.604320 0.566549 0.829302 0.235037 0.756548 0.569500 0.300205 0.116400 0.026867 0.174307 0.787311
0.683436 0.606515 0.566649 0.840793 0.329833 0.752894 0.582526 0.235894 0.188907 -0.029571 0.073965 0.898251
0.768811 0.675285 0.731568 0.947273 0.314725 0.717421 0.535668 0.163835 0.090117 -0.033413 0.149125 0.787009
0.641997 0.575962 0.637521 0.754139 0.136236 0.668123 0.585506 0.327132 0.074887 0.061678 0.180347 0.894313
0.676266 0.538394 0.572188 0.926823 0.256107 0.617587 0.510363 0.302143 0.152308 0.061517 0.167697 0.860897
0.668861 0.568123 0.638273 0.853400 0.344503 0.630652 0.547881 0.166646 0.015925 0.044384 0.080450 0.786904
0.692555 0.599575 0.579508 0.885173 0.276953 0.732437 0.493213 0.235262 0.111153 -0.086274 0.044377 0.780600
0.724184 0.614069 0.574319 0.952213 0.318636 0.761121 0.604797 0.251351 0.078533 0.077747 0.084896 0.785959
0.677005 0.651275 0.616275 0.861672 0.246618 0.671306 0.622576 0.302460 0.130590 0.111719 0.126217 0.815161
0.641428 0.603523 0.567795 0.866232 0.353999 0.699081 0.659747 0.188168 0.118110 0.024044 0.048018 0.848039
0.768380 0.608560 0.575046 0.928696 0.267598 0.575142 0.572830 0.310020 0.098877 0.099686 0.190452 0.797592
0.696034 0.529498 0.575829 0.933911 0.175143 0.667505 0.636929 0.223838 0.206988 0.069252 0.009957 0.807344
0.723801 0.655994 0.571139 0.864761 0.256304 0.693314 0.616125 0.241250 0.100073 0.083039 0.063689 0.868448
0.651443 0.635700 0.591364 0.849184 0.270638 0.653158 0.557088 0.279993 0.061169 0.031062 0.089905 0.878850
0.681334 0.542093 0.589943 0.914574 0.256993 0.627425 0.590791 0.265986 0.176320 0.124554 0.147350 0.746010
0.711274 0.594686 0.557477 0.820700 0.326479 0.736991 0.480037 0.260054 0.169515 0.074561 0.040340 0.853380
0.734485 0.602484 0.621847 0.954502 0.280206 0.687637 0.618109 0.191666 0.085931 0.022607 0.089708 0.763765
0.721261 0.637334 0.569968 0.924375 0.392121 0.681926 0.593741 0.206240 0.119702 0.002203 0.061808 0.879757
0.734224 0.597340 0.642855 0.823903 0.365421 0.630541 0.565368 0.201426 0.225974 0.012683 0.247436 0.799188
0.739169 0.605893 0.674948 0.957542 0.253555 0.642558 0.593008 0.182735 0.163299 0.045505 0.097995 0.832369
0.649846 0.640810 0.637727 0.870103 0.255435 0.646397 0.509868 0.218184 0.050150 0.069632 0.110034 0.721214
0.769487 0.511723 0.575802 0.839030 0.358586 0.711868 0.682268 0.321750 0.189688 -0.001002 0.040930 0.765134
0.753699 0.572493 0.641471 0.827192 0.322813 0.729725 0.569549 0.236228 0.153669 0.053048 0.202001 0.852434
0.747791 0.603528 0.629330 0.862562 0.312624 0.715112 0.553562 0.272174 0.133049 0.075047 0.131386 0.854598
0.809482 0.626919 0.542436 0.884619 0.251424 0.665084 0.643761 0.283116 0.100767 0.049693 0.103631 0.877838
0.764584 0.650439 0.597686 0.863254 0.273776 0.762118 0.560601 0.193120 0.111895 0.166532 0.130790 0.920855
0.743355 0.592516 0.694132 0.919003 0.300277 0.686751 0.505397 0.212827 0.073877 0.014366 0.076934 0.911983
0.761626 0.636708 0.623644 0.919708 0.248472 0.696824 0.645346 0.260337 0.059007 0.070898 0.183694 0.811732
0.829211 0.575829 0.575824 0.900094 0.224528 0.621866 0.518989 0.271225 0.230956 0.055351 0.130970 0.749336
0.764218 0.616494 0.551585 0.932008 0.301161 0.676394 0.516865 0.370185 0.099656 0.122003 0.143015 0.827689
0.750390 0.640967 0.590598 0.851679 0.310271 0.719306 0.528988 0.254127 0.180630 0.094891 0.068692 0.817462
0.764549 0.566656 0.608667 0.860288 0.240557 0.594595 0.579142 0.261192 0.077405 0.059039 0.106431 0.806961
0.741667 0.463698 0.748960 0.973411 0.259819 0.656234 0.567999 0.228669 0.141337 0.065131 0.158853 0.879007
0.600475 0.560283 0.589875 0.835704 0.344368 0.591800 0.565590 0.295327 0.107245 -0.038129 -0.005795 0.728756
0.660231 0.578658 0.598320 0.858194 0.205647 0.652170 0.566025 0.232306 0.141106 0.011047 0.079083 0.779281
0.702074 0.577745 0.561925 0.906029 0.233280 0.731824 0.522196 0.149654 0.130477 0.056254 0.079918 0.842935
0.738851 0.645555 0.547915 0.756914 0.357369 0.678980 0.536814 0.217206 0.094071 0.057781 0.119220 0.798511
0.771964 0.618779 0.633673 0.921989 0.276059 0.636303 0.548369 0.233457 0.048081 0.013503 0.042806 0.845419
0.672102 0.751643 0.529104 0.774059 0.309461 0.715253 0.607996 0.249054 0.103058 -0.065777 0.157728 0.807725
0.647335 0.624971 0.640368 0.812068 0.321068 0.740974 0.583895 0.250784 0.127333 0.097982 0.180459 0.894611
0.736721 0.655634 0.576265 0.871361 0.304933 0.614717 0.553372 0.269794 0.123612 0.110232 0.038237 0.842508
0.720356 0.586655 0.508697 0.872065 0.272068 0.705870 0.528531 0.184765 0.116497 0.045838 0.110497 0.851258
0.637426 0.587749 0.628654 0.933811 0.278771 0.685345 0.618009 0.370187 0.131416 0.013102 0.168502 0.748331
0.754054 0.683992 0.586700 0.896469 0.277658 0.645410 0.611620 0.287001 0.153279 0.042378 0.147797 0.804026
0.641391 0.716571 0.671679 0.891288 0.358622 0.695802 0.633474 0.213527 0.069333 0.022299 0.114153 0.837956
0.631571 0.635195 0.620838 0.868465 0.275604 0.650962 0.606269 0.289155 0.140877 0.011917 0.092849 0.867972
0.725587 0.607294 0.610364 0.984408 0.265140 0.608659 0.492657 0.180274 0.077492 0.130601 0.086022 0.842259
0.800170 0.658019 0.605807 0.925856 0.272750 0.733516 0.562249 0.264419 0.154585 0.012238 0.117682 0.788920
0.721794 0.619709 0.576036 0.932146 0.310601 0.603120 0.618291 0.178768 0.103144 0.009512 -0.062963 0.793085
0.649988 0.572245 0.637042 0.842254 0.287669 0.671251 0.492926 0.309658 0.125478 0.100718 0.088956 0.929271
0.703688 0.711114 0.591732 0.861877 0.250579 0.724426 0.568167 0.195135 0.093050 0.071990 0.093653 0.818125
0.703703 0.600878 0.578298 0.869752 0.240531 0.703627 0.593125 0.245265 0.079310 -0.014970 0.032885 0.825873
0.823282 0.603093 0.598894 0.895639 0.301525 0.707885 0.606255 0.240177 0.184867 0.107341 0.125933 0.865002
0.618587 0.626138 0.528256 0.908650 0.315647 0.644072 0.555440 0.217287 0.110538 0.053288 0.092797 0.849336
0.706761 0.620909 0.614972 0.850129 0.383271 0.681394 0.485585 0.245605 0.078753 0.044207 0.145421 0.931173
0.692298 0.592281 0.596551 0.950817 0.218166 0.710324 0.531823 0.177001 0.133487 0.012392 0.066165 0.819025
0.741242 0.640015 0.642377 0.875173 0.245439 0.668047 0.613255 0.259309 0.095191 0.107503 0.083706 0.787138
0.654430 0.556552 0.643965 0.811962 0.344794 0.636436 0.639483 0.222927 0.033487 0.047634 0.052403 0.773846
0.760330 0.552686 0.591122 0.876427 0.229281 0.642360 0.550405 0.356267 0.115487 0.069080 0.127090 0.856455
0.688209 0.660381 0.510167 0.932034 0.240448 0.669998 0.628641 0.254616 0.149451 0.005889 0.093585 0.771575
0.736804 0.580193 0.628602 0.893580 0.188231 0.715624 0.541515 0.253483 0.081759 0.063272 0.274588 0.896756
0.723572 0.641376 0.617716 0.836762 0.299987 0.742268 0.554255 0.197466 0.089452 0.025658 0.109105 0.835542
0.731778 0.520681 0.578173 0.885939 0.295374 0.712543 0.600428 0.310816 0.165063 0.026345 0.039786 0.883686
0.723222 0.591466 0.630474 0.853174 0.258822 0.646855 0.575358 0.262075 0.087663 -0.005950 0.109943 0.797667
0.719851 0.658508 0.715579 0.826780 0.322357 0.786784 0.603297 0.293995 0.077155 0.105016 0.162737 0.812892
0.708579 0.636468 0.667458 0.910124 0.287604 0.727769 0.593456 0.187789 0.087042 0.118844 0.121510 0.826956
0.726429 0.607273 0.572961 0.857877 0.281336 0.634842 0.467998 0.185454 0.097953 0.045233 0.102024 0.837920
0.659431 0.653248 0.612006 0.966551 0.314226 0.637525 0.593892 0.328209 0.192962 0.011683 0.166660 0.840267
0.701605 0.605321 0.684636 0.996800 0.304105 0.610719 0.571903 0.226474 0.156598 -0.084201 0.057573 0.851779
0.657854 0.553408 0.576527 0.946746 0.205151 0.593680 0.580486 0.169363 0.143556 0.059283 0.114647 0.894316
0.796879 0.559055 0.561317 0.977023 0.241498 0.657302 0.570455 0.190993 0.095976 0.088101 0.057775 0.810811
0.666353 0.530755 0.594083 0.838097 0.294261 0.663633 0.603400 0.331824 0.086718 -0.032648 0.035625 0.867394
0.725039 0.634886 0.614550 0.917788 0.286222 0.708217 0.666615 0.265541 0.157245 0.111308 0.126842 0.885754
0.676246 0.699099 0.541571 0.954089 0.268113 0.605984 0.610346 0.152772 0.055286 0.074219 0.120882 0.810081
0.791369 0.685407 0.628482 0.966340 0.255925 0.674811 0.545834 0.279942 0.051873 0.080473 0.116669 0.846120
0.771526 0.582572 0.664607 0.954281 0.236668 0.723247 0.563360 0.196097 0.196078 0.053389 0.131378 0.847619
0.721023 0.711020 0.606381 0.892213 0.282481 0.704620 0.594271 0.277773 0.136283 0.043150 0.112770 0.852650
0.686036 0.624681 0.571443 0.798499 0.417179 0.625798 0.519422 0.214652 0.189182 0.078358 0.132660 0.869951
0.751590 0.691985 0.524923 0.898611 0.354636 0.676528 0.565428 0.167409 0.156226 0.002684 -0.009680 0.854426
0.660865 0.657671 0.629349 0.971103 0.231264 0.695671 0.534762 0.257221 0.177982 0.038293 0.115696 0.861721
0.759610 0.596000 0.697480 0.949133 0.296115 0.652867 0.610755 0.242887 0.103042 -0.059311 0.066158 0.814287
0.745399 0.601980 0.607059 0.890027 0.320410 0.675878 0.564963 0.257707 0.093541 0.144396 0.139567 0.793143
0.723352 0.563241 0.632677 0.892158 0.273614 0.754788 0.604179 0.254478 0.120334 -0.001701 0.129196 0.836319
0.652692 0.564730 0.600821 0.961193 0.247758 0.749893 0.595469 0.156939 0.090808 0.043080 0.111080 0.804142
0.657513 0.655213 0.641545 0.911136 0.303416 0.688038 0.546431 0.259528 0.085669 0.100984 0.081407 0.884293
0.751763 0.496161 0.667121 0.922713 0.258140 0.729655 0.420962 0.266108 0.168659 -0.025355 0.096387 0.773954
0.694820 0.627973 0.608787 0.896497 0.272468 0.665997 0.524211 0.200301 0.123376 0.004504 0.111623 0.812153
0.743834 0.674028 0.657081 0.920612 0.283976 0.682218 0.528368 0.221887 0.201881 0.090679 0.147840 0.827084
0.612393 0.545342 0.592181 0.749176 0.316004 0.758147 0.599855 0.278319 0.090929 0.055518 0.076331 0.838991
0.762617 0.584570 0.748318 0.869571 0.375344 0.648351 0.562249 0.201122 0.150656 0.133932 0.172483 0.838255
0.759865 0.528647 0.635584 0.909156 0.288298 0.643754 0.526797 0.295671 0.089479 0.030419 0.080809 0.913185
0.723632 0.590530 0.646928 0.931796 0.248515 0.675544 0.611816 0.340147 0.111182 0.021957 0.017427 0.807973
0.750343 0.630183 0.645974 0.902881 0.321909 0.753151 0.601528 0.233166 0.060656 0.082242 0.080966 0.812194
0.777393 0.611973 0.599480 0.966994 0.341288 0.677737 0.629342 0.214515 0.191774 0.006285 0.105385 0.814702
0.773946 0.502711 0.674549 0.836695 0.329660 0.676070 0.555245 0.244470 0.078763 0.037164 0.081285 0.765518
0.741345 0.585271 0.548780 0.863091 0.369849 0.679125 0.509789 0.230648 0.109554 0.058142 0.157321 0.784108
0.730785 0.619850 0.651957 0.833972 0.185208 0.646646 0.629574 0.272037 0.116195 -0.026675 0.092778 0.790110
0.722895 0.586592 0.657766 0.893430 0.316310 0.729814 0.615579 0.262623 0.093832 0.049629 0.063863 0.821995
0.662992 0.543915 0.600055 0.802322 0.232466 0.748303 0.545077 0.284192 0.135506 0.035703 0.138038 0.751814
0.659318 0.643618 0.493755 0.797898 0.275317 0.675682 0.664402 0.305140 0.030516 0.046228 0.083735 0.863792
0.693501 0.602154 0.594952 0.874655 0.200126 0.650878 0.529024 0.275122 0.150191 0.125930 0.134267 0.838376
0.739768 0.546066 0.512724 0.831404 0.352568 0.655800 0.524072 0.337317 0.159062 0.047948 0.087699 0.873112
0.729239 0.637474 0.586832 0.848330 0.200253 0.694287 0.635938 0.202259 0.165571 0.031135 0.098487 0.810181
0.757403 0.616503 0.589844 0.858286 0.296666 0.749979 0.531988 0.266119 0.121339 0.002113 0.174899 0.859427
0.782179 0.619187 0.605445 0.856650 0.335401 0.605384 0.646312 0.235301 0.153588 0.016344 0.151868 0.869463
0.792798 0.606669 0.564225 0.911595 0.285183 0.653722 0.550712 0.187177 0.146336 0.027759 0.097555 0.801146
0.669046 0.524472 0.552914 0.805202 0.237640 0.640124 0.579521 0.240288 0.127335 0.122235 0.065088 0.842745
0.602641 0.593224 0.653906 0.995698 0.271704 0.646048 0.557282 0.179801 0.119594 -0.092486 0.101749 0.931048
0.730141 0.481022 0.637206 0.913243 0.227035 0.686013 0.505025 0.220803 0.152031 0.020128 0.168753 0.797037
0.700247 0.554250 0.563652 0.853345 0.167082 0.694445 0.607631 0.104169 0.115795 0.034386 0.092017 0.767176
0.720455 0.654712 0.578672 0.907356 0.267431 0.702814 0.623861 0.312205 0.113852 0.136198 0.018150 0.780849
0.815096 0.579557 0.661290 0.772674 0.292158 0.786381 0.565950 0.246581 0.102165 0.090908 0.149342 0.773480
0.735097 0.570965 0.623699 0.963017 0.325486 0.691445 0.574646 0.255233 0.136148 0.062156 0.025176 0.738846
0.799229 0.571932 0.629325 0.875620 0.244014 0.773630 0.615584 0.316805 0.157154 -0.029376 0.050888 0.756639
0.788081 0.612023 0.557597 0.855805 0.244115 0.711088 0.507674 0.168020 0.112627 0.031942 0.100854 0.752840
0.823702 0.651567 0.588692 0.914792 0.231079 0.688119 0.475645 0.266048 0.211621 0.067607 0.179178 0.801057
0.783446 0.597423 0.590362 0.856418 0.214132 0.704979 0.573687 0.295452 0.125006 0.113341 0.101498 0.851987
0.793915 0.644769 0.564607 0.914763 0.258863 0.712581 0.521720 0.215881 0.042715 -0.042312 0.176888 0.795225
0.633989 0.686615 0.557990 0.878036 0.240642 0.738118 0.676188 0.221525 0.097981 -0.001068 0.126188 0.749338
0.702090 0.633698 0.577191 0.813360 0.379750 0.617659 0.521861 0.293043 0.078562 0.024891 0.102026 0.893579
0.784549 0.577943 0.605309 0.836885 0.230720 0.677063 0.528772 0.152053 0.208000 0.137175 0.084386 0.865226
0.746062 0.600270 0.645574 0.895600 0.330697 0.717666 0.556477 0.209466 0.205014 0.019619 0.117721 0.841034
0.739307 0.534742 0.671464 0.870305 0.183190 0.738101 0.584850 0.270608 0.101510 0.092438 0.132311 0.841351
0.689746 0.582836 0.647528 0.888414 0.302002 0.709764 0.458772 0.303345 0.183190 -0.021922 0.157408 0.925878
0.759865 0.580433 0.628834 0.769281 0.281347 0.636787 0.630941 0.348883 0.122728 0.090971 0.148512 0.814982
0.666707 0.676798 0.508651 0.819283 0.291384 0.705464 0.616531 0.179187 0.085247 0.094037 0.069249 0.769550
0.667058 0.550172 0.677278 0.906463 0.299940 0.699580 0.478972 0.210696 0.192834 0.055804 0.149390 0.849419
0.690257 0.594964 0.577432 0.915578 0.225122 0.616980 0.626481 0.283681 0.145472 0.073841 0.078749 0.813674
0.731499 0.600271 0.554039 0.908219 0.271907 0.667586 0.545373 0.180654 0.120159 0.011662 0.133661 0.841271
0.684958 0.686793 0.562685 0.933993 0.354523 0.692598 0.639446 0.216209 0.148011 0.048440 0.143424 0.915545
0.693417 0.661651 0.598485 0.920780 0.279144 0.667849 0.552644 0.180628 0.155592 0.015567 0.130810 0.869845
0.743657 0.644227 0.624307 0.916547 0.349337 0.602051 0.610764 0.232738 0.137968 0.196142 0.088538 0.998610
0.686498 0.517332 0.579021 0.824618 0.366101 0.711432 0.571186 0.209454 0.142132 0.010469 0.133819 0.848140
0.856312 0.517904 0.656952 0.918125 0.286648 0.594810 0.550429 0.318563 0.099426 0.100770 0.004859 0.788678
0.655127 0.542615 0.685455 0.913758 0.275918 0.728605 0.633027 0.203416 0.053853 0.068771 0.050430 0.819249
0.793447 0.596983 0.600248 0.933354 0.196406 0.670133 0.539470 0.365891 0.158935 0.150664 0.128876 0.744825
0.687885 0.639108 0.638979 0.889285 0.282927 0.650989 0.561516 0.208515 0.107490 0.050383 0.090979 0.790480
0.731683 0.559749 0.677823 0.899172 0.270153 0.735630 0.533005 0.183063 0.069543 0.041659 0.088503 0.802268
0.758140 0.582549 0.606773 0.880005 0.231891 0.747579 0.557535 0.148477 0.007135 0.068933 0.074601 0.800744
0.737896 0.530461 0.602978 0.829920 0.258069 0.639631 0.601393 0.277361 0.087676 0.085092 0.157849 0.817315
0.766802 0.653732 0.616353 0.949152 0.326153 0.684541 0.573813 0.298054 0.229173 0.021361 0.200761 0.711187
0.724226 0.619527 0.522609 0.862821 0.304755 0.694978 0.513366 0.230474 0.119537 0.079342 0.059532 0.797439
0.668638 0.573293 0.619937 0.847564 0.196081 0.729647 0.576341 0.289017 0.163764 0.047582 0.060452 0.811917
0.698876 0.580411 0.698809 0.849780 0.303972 0.691603 0.602043 0.282116 0.194357 0.058091 0.120294 0.812641
0.729863 0.613082 0.605441 0.935917 0.294657 0.682335 0.592154 0.288211 0.173727 -0.001170 0.140044 0.810405
0.714564 0.710256 0.702730 0.942842 0.223233 0.590975 0.513191 0.277853 0.074681 0.139191 0.071762 0.822657
0.728294 0.605254 0.526856 0.932862 0.259678 0.718341 0.563725 0.192003 0.091418 0.068756 0.101753 0.802736
0.768147 0.597353 0.612516 0.838405 0.251183 0.648253 0.554040 0.296169 0.119148 0.053060 0.173784 0.844280
0.738647 0.637973 0.628010 0.877844 0.258770 0.675196 0.523819 0.191533 0.053389 0.019903 0.093971 0.910157
0.651249 0.574036 0.694834 0.846372 0.279293 0.626892 0.513737 0.215665 0.109765 -0.004292 0.087480 0.792159
0.706665 0.606494 0.593882 0.914079 0.271723 0.704635 0.592294 0.297901 0.065865 0.019599 0.122435 0.808638
0.697764 0.571670 0.681023 0.886841 0.356601 0.703309 0.537759 0.194954 0.039551 0.097932 0.105605 0.823922
0.803726 0.589370 0.509233 0.935543 0.325363 0.773565 0.660029 0.199671 0.149615 0.030185 0.128027 0.823617
0.723947 0.621987 0.533414 0.925544 0.233636 0.658879 0.613743 0.198213 0.141204 0.057582 0.016168 0.800780
0.703381 0.580541 0.520087 0.870001 0.244183 0.683815 0.552105 0.273781 0.171908 0.078136 0.073719 0.759492
0.677256 0.661718 0.671000 0.879105 0.281685 0.656762 0.539240 0.339802 0.041622 0.022908 0.051767 0.872713
0.812134 0.643537 0.594794 0.838109 0.336689 0.670512 0.588757 0.236357 0.174664 0.091501 0.080977 0.817278
0.716091 0.568691 0.659657 0.830085 0.323869 0.599317 0.526593 0.162044 0.151010 0.057739 0.076825 0.783251
0.666556 0.564725 0.610843 0.912028 0.243660 0.673356 0.615044 0.242722 0.032802 -0.027612 0.174234 0.793703
0.731110 0.552706 0.560594 0.980343 0.226452 0.643219 0.636957 0.279928 0.132904 -0.038150 0.200267 0.785231
0.660362 0.691752 0.578136 0.863417 0.286669 0.648411 0.535134 0.268937 0.123263 -0.054877 0.109188 0.800012
0.778330 0.551639 0.659717 0.849490 0.204525 0.585505 0.498107 0.263072 0.080157 0.019387 0.190314 0.843957
0.750109 0.664739 0.543051 0.909017 0.207021 0.690794 0.573173 0.275866 0.075457 -0.016643 0.160392 0.892796
0.658237 0.583540 0.565370 0.924249 0.246404 0.607745 0.546658 0.293669 0.106301 0.018531 0.114792 0.886600
0.687520 0.670556 0.670875 0.914514 0.349805 0.711878 0.649255 0.233970 0.109246 0.023668 0.103008 0.853212
0.786400 0.584846 0.581636 0.886320 0.276064 0.648171 0.631801 0.297872 0.178948 -0.022433 0.156720 0.823248
0.764881 0.699062 0.592926 0.788917 0.295730 0.650094 0.572659 0.289939 0.060769 0.106148 0.118856 0.828120
0.705534 0.628093 0.608313 0.910736 0.237826 0.689204 0.591924 0.225342 0.096986 0.191535 0.170905 0.836214
0.834210 0.592422 0.606632 0.860851 0.272367 0.700319 0.553391 0.263370 0.113905 0.094866 0.062545 0.800743
0.673915 0.635075 0.680985 0.839066 0.218779 0.624342 0.668022 0.128561 0.123428 0.051033 0.111327 0.765720
0.764022 0.638044 0.665394 0.896583 0.288896 0.599546 0.478209 0.252610 0.092326 -0.079586 0.109535 0.925641
0.729776 0.643711 0.558303 0.980342 0.269160 0.689868 0.604942 0.326357 0.114348 0.125869 0.107845 0.810555
0.689932 0.591335 0.652315 0.916242 0.340858 0.677275 0.630619 0.183744 0.177938 0.097703 0.145447 0.771052
0.686780 0.593696 0.629579 0.901216 0.256185 0.706674 0.597648 0.268963 0.138575 0.011442 0.038017 0.732073
0.672910 0.580743 0.597103 0.864717 0.276249 0.597506 0.479304 0.189933 0.173760 0.128124 0.208016 0.861703
0.727103 0.620274 0.653477 0.868357 0.241394 0.652997 0.596228 0.235146 0.124761 0.066504 0.168429 0.773906
0.690344 0.581208 0.625957 0.838491 0.268533 0.749080 0.590205 0.155172 0.084924 0.086825 0.164197 0.840148
0.671239 0.635108 0.662954 0.875708 0.195282 0.696909 0.624520 0.219482 0.086904 0.004412 0.001151 0.856212
0.724697 0.605970 0.659188 0.865084 0.284013 0.620224 0.549437 0.188084 0.075451 0.048707 0.086290 0.895213
0.699778 0.609821 0.582901 0.864983 0.347604 0.696049 0.610655 0.268636 0.095075 0.145027 0.131545 0.819980
0.725142 0.618044 0.640863 0.864042 0.295283 0.669231 0.577725 0.331812 0.126949 0.003969 0.069605 0.868046
0.841638 0.602940 0.727709 0.918158 0.262607 0.672591 0.592406 0.275661 0.070678 0.088041 0.166841 0.811464
0.614394 0.640200 0.549867 0.872617 0.366432 0.621406 0.562949 0.185445 0.064878 0.101473 0.101001 0.838728
0.678074 0.624267 0.596805 0.939497 0.247807 0.685626 0.618461 0.348959 0.209595 0.044527 0.152116 0.784970
0.718226 0.564091 0.747992 0.917892 0.327474 0.646265 0.642398 0.235889 0.109016 -0.012446 0.077260 0.892135
0.835216 0.663130 0.606738 0.943975 0.288980 0.666389 0.600151 0.290134 0.111524 0.086184 0.182299 0.807871
0.833339 0.639157 0.621031 0.937821 0.409501 0.614975 0.577942 0.213690 0.103087 0.024986 0.166389 0.781622
0.668296 0.602024 0.748203 0.938913 0.306193 0.631784 0.609392 0.261806 0.088183 0.015248 0.203059 0.815531
0.769112 0.619991 0.645343 0.867007 0.301692 0.648534 0.627074 0.207246 0.162081 0.015423 0.076283 0.782619
0.669372 0.603218 0.524399 0.791154 0.318276 0.711880 0.573786 0.286451 0.116065 0.002773 0.042815 0.880929
0.718663 0.666133 0.577811 0.832624 0.286673 0.731718 0.543028 0.198753 0.061888 0.003790 0.118209 0.842332
0.762089 0.564610 0.594075 0.895379 0.289498 0.745003 0.570808 0.233856 0.119548 0.058520 0.072120 0.791289
0.644764 0.540877 0.624248 0.766397 0.218992 0.644803 0.599525 0.303752 0.182452 0.135541 0.170114 0.986809
0.658297 0.574418 0.599042 0.890776 0.235279 0.696072 0.584482 0.296531 0.146144 0.136268 0.122269 0.829527
0.702931 0.619098 0.540218 0.876467 0.231531 0.634487 0.623041 0.155265 0.067007 0.001297 0.181247 0.890165
0.669519 0.529281 0.628556 0.917555 0.306283 0.654885 0.584384 0.170118 0.201448 -0.018455 0.107482 0.778471
0.721584 0.619653 0.664647 0.855514 0.255575 0.626559 0.529863 0.198199 0.173931 0.059083 0.082943 0.873612
0.762242 0.524141 0.525977 0.800747 0.340172 0.650235 0.597695 0.403729 0.177777 0.153294 0.094726 0.828753
0.780407 0.655728 0.561594 0.864753 0.272065 0.734625 0.550705 0.194675 0.085917 -0.010476 0.066436 0.765707
0.794512 0.610795 0.573764 0.863459 0.249833 0.647237 0.603285 0.248170 0.129969 0.049332 0.126331 0.813935
0.754798 0.527261 0.706575 0.967784 0.217064 0.772809 0.572810 0.270955 0.116401 0.017386 0.084022 0.892392
0.762785 0.618637 0.594153 0.888873 0.354549 0.623409 0.546633 0.165530 0.122878 -0.025709 0.170721 0.825272
0.728248 0.635890 0.600854 0.794494 0.243929 0.654702 0.598617 0.269674 0.014739 0.010088 0.135396 0.746978
0.662349 0.565787 0.536312 0.828211 0.283049 0.621865 0.589849 0.286184 0.074945 0.040936 0.160983 0.803766
0.617314 0.545770 0.635810 0.944796 0.218961 0.660603 0.566910 0.193777 0.103732 0.015071 0.089487 0.814366
0.611043 0.603531 0.606977 0.894262 0.315232 0.709868 0.612571 0.228471 0.154762 0.080050 0.047579 0.813276
0.640208 0.605477 0.557978 0.869642 0.316935 0.732688 0.576793 0.210164 0.201053 0.052368 0.065967 0.794535
0.733926 0.526738 0.560521 0.838002 0.331535 0.609685 0.619814 0.233417 0.180600 0.037011 0.035969 0.817781
0.695234 0.535946 0.570351 0.897466 0.285087 0.692756 0.580663 0.094403 0.087696 0.069152 0.113849 0.815518
0.697333 0.651677 0.609873 0.886597 0.351114 0.700109 0.588631 0.259421 0.172151 -0.047604 0.067532 0.856238
0.770679 0.509617 0.568923 0.852246 0.211314 0.646294 0.566304 0.307391 0.163978 0.041498 0.079400 0.829807
0.757776 0.546746 0.523255 0.859530 0.349232 0.759959 0.558966 0.299621 0.068499 0.021504 0.094145 0.864245
0.645903 0.659004 0.608632 0.827641 0.421842 0.668882 0.417183 0.269361 0.197649 0.126052 0.054824 0.762661
0.612568 0.601003 0.517114 0.843552 0.235720 0.678837 0.551795 0.225146 0.099438 0.104993 0.038530 0.832948
0.729267 0.588189 0.634522 0.858771 0.282000 0.659685 0.590299 0.134077 0.096372 0.026658 0.162021 0.792071
0.675409 0.582751 0.641670 0.896046 0.327175 0.662913 0.538527 0.208585 0.125510 0.025272 0.093596 0.825095
0.754739 0.606169 0.582644 0.787925 0.175484 0.702485 0.586096 0.190133 0.197327 0.040842 0.119763 0.750786
0.836129 0.625817 0.505774 0.925666 0.303463 0.666074 0.570167 0.198643 0.076199 0.012297 0.172917 0.787433
0.676755 0.608150 0.671732 0.813624 0.306031 0.653855 0.546152 0.191132 0.257147 0.073459 0.043275 0.870830
0.711418 0.627411 0.624168 0.780075 0.288347 0.733409 0.475765 0.196951 0.155939 0.041929 0.021535 0.762238
0.779204 0.710558 0.641016 0.862167 0.332136 0.766528 0.575854 0.149589 0.128501 0.084940 0.060711 0.842905
0.668847 0.636539 0.593066 0.822965 0.264094 0.653990 0.592803 0.229903 0.138658 -0.010322 0.163667 0.806384
0.771245 0.557481 0.559786 0.961865 0.302461 0.755430 0.486152 0.303548 0.169067 0.151378 0.105135 0.789746
0.733193 0.618880 0.601496 0.929397 0.302656 0.656433 0.622316 0.289634 0.148685 0.094251 0.052795 0.762427
0.639495 0.633124 0.473998 0.922178 0.336470 0.688879 0.565843 0.241502 0.136109 -0.026952 0.111957 0.862005
0.673791 0.610383 0.624959 0.862471 0.288987 0.629475 0.577784 0.238869 0.157115 0.088804 0.115226 0.791472
0.734345 0.511542 0.611597 0.846999 0.265686 0.714262 0.700556 0.290278 0.118200 -0.003782 0.077221 0.823168
0.760325 0.573834 0.585763 0.851260 0.270237 0.703619 0.540287 0.285277 0.130067 0.033005 0.085206 0.796077
0.587510 0.598667 0.595855 0.776741 0.304170 0.598399 0.567669 0.236871 0.065129 0.053857 0.094498 0.726414
0.769586 0.614836 0.636813 0.780827 0.336665 0.673244 0.537138 0.314304 0.121846 0.118784 0.109534 0.823428
0.642820 0.602213 0.596261 0.838867 0.322583 0.660449 0.523908 0.238458 0.110680 0.007190 0.086569 0.788473
0.674757 0.559520 0.595413 0.846504 0.337292 0.699753 0.505062 0.213962 0.171474 0.044215 0.115695 0.836624
0.764954 0.645323 0.609482 0.805520 0.291938 0.697601 0.607291 0.277252 0.153847 -0.004431 0.079707 0.842400
0.720783 0.535025 0.652272 0.819495 0.245391 0.728185 0.612463 0.236593 0.094128 0.082640 0.134757 0.817171
0.577753 0.554109 0.563921 0.861937 0.324723 0.736232 0.569751 0.194108 0.186541 0.039372 0.075395 0.753902
0.755183 0.680236 0.660542 0.864103 0.263551 0.697718 0.589404 0.355183 0.087119 0.034298 0.135929 0.842311
0.801638 0.687497 0.555227 0.782450 0.331567 0.707089 0.605073 0.252842 0.042606 0.057380 0.135031 0.825648
0.829716 0.546148 0.503642 0.917166 0.175166 0.564158 0.611450 0.289505 0.098566 -0.014158 0.087657 0.690003
0.689444 0.463213 0.616131 0.932274 0.296373 0.629909 0.554622 0.197312 0.170899 0.034062 0.084121 0.831901
0.772319 0.683214 0.531027 0.861416 0.208560 0.628548 0.579453 0.287685 0.204137 0.058552 0.125709 0.734496
0.781244 0.550295 0.548968 0.833365 0.261791 0.650368 0.569667 0.228387 0.083460 0.025993 0.070242 0.728509
0.750486 0.630354 0.567881 0.890133 0.312443 0.711519 0.529460 0.249248 0.190938 0.073432 0.100418 0.798973
0.774387 0.536994 0.556097 0.826453 0.291581 0.654834 0.568361 0.321056 0.074411 0.045333 0.128504 0.769758
0.719221 0.584011 0.546936 0.810788 0.245874 0.695631 0.582419 0.238471 0.080990 0.174842 0.174219 0.848318
0.758178 0.601832 0.663709 0.883806 0.333909 0.751418 0.539454 0.209062 0.083815 0.057980 -0.020832 0.846814
0.680721 0.627956 0.631900 0.843657 0.329747 0.749557 0.580471 0.270446 0.142172 -0.022600 0.051687 0.787793
0.690547 0.555421 0.616954 0.932619 0.361741 0.657665 0.546655 0.301445 0.095478 0.018019 0.156783 0.825998
0.740533 0.701664 0.643243 0.815953 0.258463 0.622010 0.496843 0.277379 -0.007280 0.178015 0.105473 0.817878
0.738390 0.651219 0.587301 0.822383 0.265325 0.717894 0.514775 0.215940 0.268925 0.008969 0.131743 0.782654
0.728468 0.609073 0.561484 0.944076 0.271634 0.696604 0.503628 0.319812 0.150176 0.057670 0.186346 0.846856
0.679974 0.610313 0.609484 0.806780 0.319808 0.717992 0.575611 0.205974 0.103334 0.039351 0.155597 0.839706
0.701482 0.505290 0.591202 0.955800 0.272106 0.698496 0.602869 0.356966 0.111782 0.115761 0.098203 0.757794
0.734124 0.629539 0.661536 0.888438 0.304223 0.732821 0.695745 0.249516 0.104184 0.006717 0.116681 0.723100
0.719031 0.608723 0.622736 0.816052 0.289695 0.745938 0.663904 0.298511 0.146440 0.024171 0.146557 0.835949
0.728754 0.531339 0.575037 0.887984 0.287127 0.710798 0.568218 0.261729 0.028417 -0.007030 0.103021 0.893779
0.691483 0.660007 0.599521 0.908904 0.236362 0.622539 0.551643 0.276615 0.133251 0.076999 0.107829 0.797074
0.780685 0.652539 0.559518 0.908047 0.280004 0.748742 0.533060 0.219336 -0.041048 0.078840 0.077420 0.753299
0.765317 0.566965 0.641729 0.920732 0.218792 0.654668 0.556454 0.230154 0.039501 0.002657 0.146617 0.841510
0.700415 0.549090 0.533851 0.832945 0.417379 0.662518 0.476408 0.293836 0.097675 0.096274 0.113935 0.828469
0.797450 0.686925 0.591876 0.822767 0.264449 0.754496 0.586399 0.299029 0.153211 0.098110 0.029724 0.827624
0.750876 0.603991 0.570117 0.912040 0.279538 0.646762 0.631069 0.257077 0.144855 0.034243 0.064781 0.811206
0.716030 0.542291 0.553474 0.943871 0.240813 0.638828 0.552624 0.089791 0.082092 -0.049623 0.145844 0.797140
0.671263 0.551154 0.594553 0.951690 0.236417 0.658932 0.573189 0.284138 0.085849 0.001852 0.094515 0.860244
0.795131 0.667980 0.706283 0.893413 0.269156 0.639663 0.464851 0.204972 0.177187 0.070515 0.139677 0.846777
0.772614 0.535761 0.530857 0.895577 0.287770 0.670240 0.567976 0.217435 0.160032 0.056331 0.104297 0.752449
0.727218 0.522952 0.573174 0.893450 0.343198 0.606583 0.615040 0.205210 0.155116 0.069151 0.195538 0.820923
0.622786 0.580927 0.654865 0.890327 0.303379 0.703102 0.607012 0.295836 0.148696 0.042590 0.083402 0.870654
0.799657 0.599707 0.610245 0.901611 0.276110 0.670868 0.728680 0.210115 0.078137 0.135912 0.076424 0.828297
0.703375 0.627525 0.582942 0.917546 0.337916 0.700387 0.529440 0.187292 0.070297 0.136768 0.162094 0.851579
0.762212 0.687215 0.616836 0.880475 0.219644 0.632661 0.498979 0.281940 0.194795 0.040706 0.110871 0.914108
0.690366 0.658881 0.605764 0.898279 0.265745 0.688451 0.536559 0.286988 0.073414 0.124538 0.093962 0.801277
0.750831 0.503737 0.644742 0.906017 0.239228 0.654562 0.590280 0.311046 0.132219 0.047448 0.061864 0.782455
0.653394 0.689813 0.639481 0.900747 0.246943 0.666986 0.639822 0.331906 0.174742 -0.014249 0.096905 0.817217
0.628556 0.562964 0.541822 1.004567 0.285036 0.700177 0.588618 0.332918 0.107188 0.083649 0.118709 0.735224
0.724728 0.627738 0.538110 0.887653 0.185375 0.702539 0.657182 0.226245 0.169483 0.138069 0.086381 0.861125
0.737893 0.619698 0.594301 0.946725 0.197278 0.734978 0.559531 0.241657 0.020422 0.061025 0.074486 0.801785
0.793125 0.585573 0.611336 0.884359 0.347353 0.737926 0.531167 0.268639 0.102800 0.084248 -0.037478 0.814991
0.706100 0.613807 0.640204 0.910306 0.339707 0.720787 0.572239 0.277822 0.125707 0.036399 0.112134 0.803001
0.752300 0.556532 0.584515 0.911864 0.332950 0.659381 0.543759 0.251347 0.156132 0.038559 0.050840 0.826517
0.755124 0.640701 0.658511 0.886768 0.269771 0.669085 0.513484 0.213105 0.098124 0.024287 0.131211 0.776091
0.682043 0.577790 0.573326 0.895281 0.279599 0.588761 0.606988 0.192376 0.146928 0.058638 0.117598 0.895359
0.694129 0.548594 0.618520 0.916070 0.374161 0.764698 0.609188 0.301679 0.192222 -0.032350 0.077444 0.735634
0.739137 0.601126 0.649106 0.831706 0.272796 0.682986 0.544630 0.193057 0.107951 0.065663 0.085376 0.839706
0.673784 0.539074 0.620909 0.919091 0.259043 0.685360 0.642478 0.319502 0.147350 0.035511 0.093766 0.793158
0.729435 0.684703 0.668794 0.814725 0.358676 0.647851 0.580992 0.167346 0.110347 -0.023799 0.056690 0.832517
0.723516 0.652438 0.702903 0.988241 0.219049 0.648048 0.627721 0.266473 0.131401 0.083110 0.126997 0.808513
0.781551 0.728887 0.581210 0.853060 0.288886 0.691941 0.652709 0.210669 0.103697 0.048431 0.166946 0.834230
0.700639 0.460418 0.590948 0.925344 0.261852 0.639493 0.525119 0.217742 0.152341 0.081293 0.204856 0.736336
0.729052 0.524872 0.647071 0.896702 0.267415 0.662283 0.568004 0.258447 0.072327 0.034802 0.109966 0.823739
0.715194 0.627273 0.681209 0.819078 0.317218 0.768390 0.616339 0.185869 0.129045 0.018762 0.056146 0.812139
0.706389 0.507999 0.498112 0.889133 0.254996 0.669904 0.581338 0.252651 0.083207 -0.071366 0.103769 0.734711
0.691846 0.594316 0.574395 0.885698 0.302878 0.668339 0.589441 0.251181 0.247520 0.011806 0.006693 0.804306
0.741958 0.542161 0.611501 0.925324 0.273780 0.735816 0.665361 0.285387 0.132186 0.075231 0.144453 0.862815
0.723854 0.626229 0.588123 0.874069 0.257342 0.661164 0.626616 0.305140 0.215313 0.135476 0.159524 0.775437
0.759469 0.549942 0.569908 0.826764 0.307679 0.734080 0.442880 0.151939 0.195058 0.125909 0.177834 0.680133
0.756030 0.635177 0.698800 0.891488 0.326812 0.645462 0.633660 0.208508 0.044935 0.081062 0.193175 0.789003
0.701071 0.669772 0.641823 0.824796 0.230609 0.696478 0.657777 0.230717 0.074895 0.015638 0.176101 0.835490
0.773325 0.644947 0.577921 0.908787 0.313584 0.646962 0.627508 0.187519 0.103050 0.121074 0.094960 0.835022
0.726903 0.626428 0.635589 0.835586 0.223180 0.700799 0.599341 0.293223 0.143122 0.032557 0.046753 0.871412
0.734380 0.624403 0.595274 0.830643 0.302836 0.694442 0.498862 0.235587 0.227361 0.015993 0.055310 0.795983
0.796844 0.749032 0.642137 0.899755 0.268250 0.655686 0.540049 0.226174 0.219545 0.054310 0.106486 0.769774
0.766642 0.655084 0.599438 0.887396 0.267272 0.607314 0.592350 0.226640 0.137662 -0.001180 0.114684 0.810817
0.673640 0.564380 0.557770 0.787089 0.266658 0.693907 0.572467 0.225437 0.153847 0.026413 0.064576 0.784154
0.708456 0.648172 0.595868 0.892119 0.381206 0.666313 0.591827 0.306725 0.085846 0.025590 0.109433 0.792624
0.719581 0.602697 0.616267 0.812305 0.284946 0.667818 0.610028 0.236104 0.081618 0.063042 0.106122 0.832567
0.672575 0.504114 0.501063 0.820371 0.292253 0.641973 0.628887 0.258216 0.116698 -0.009088 0.113970 0.833900
0.759186 0.590964 0.663921 0.942894 0.273354 0.726594 0.646914 0.137431 0.049209 0.050282 0.117678 0.744510
0.726790 0.640056 0.507969 0.837155 0.408641 0.695604 0.665425 0.249766 0.022129 0.039416 0.058688 0.784761
0.780716 0.720823 0.639151 0.907404 0.220312 0.659119 0.562469 0.196290 0.180953 0.023180 0.113863 0.790423
0.665847 0.549109 0.668338 0.878438 0.300569 0.707896 0.512528 0.191743 0.188303 0.030302 0.060145 0.798955
0.760399 0.627357 0.565152 0.975577 0.321492 0.638971 0.539588 0.252655 0.124646 -0.005644 0.121431 0.728497
0.715330 0.478084 0.685209 0.829608 0.300873 0.722755 0.600961 0.312585 0.110131 0.110866 0.128056 0.857153
0.669675 0.570367 0.595019 0.855365 0.231617 0.566033 0.495460 0.210985 0.111872 0.061055 0.079437 0.797427
0.553757 0.577749 0.636714 0.967414 0.301109 0.638352 0.532169 0.207813 0.107762 0.080565 0.065006 0.835216
0.729017 0.528136 0.596410 0.848874 0.301423 0.691258 0.560352 0.232111 0.120695 0.012035 0.134031 0.738232
0.710201 0.565708 0.596040 0.883946 0.245790 0.605632 0.574952 0.254096 0.184722 0.018070 0.099753 0.738831
0.743962 0.624762 0.573518 1.024188 0.321873 0.624004 0.517264 0.213835 0.201245 0.030129 -0.011105 0.847456
0.630523 0.571810 0.677091 0.921377 0.290894 0.695530 0.544853 0.317027 0.080692 0.025368 0.098380 0.877270
0.717234 0.634096 0.625070 0.839869 0.313164 0.685134 0.581918 0.198426 -0.015488 0.058442 0.073849 0.844568
0.622051 0.648409 0.582973 0.893994 0.220948 0.664828 0.519636 0.204617 0.129943 0.056086 0.025029 0.868362
0.628564 0.610510 0.550536 0.926035 0.272289 0.696616 0.672170 0.198788 0.074858 -0.008334 0.067467 0.775235
0.811304 0.630806 0.515304 0.903645 0.181097 0.669067 0.578815 0.326799 0.129634 0.049185 0.121463 0.789129
0.743459 0.656475 0.563061 0.920223 0.258389 0.728649 0.561467 0.156779 0.160526 -0.032390 0.016152 0.764650
0.700437 0.564965 0.600387 0.903170 0.343496 0.681090 0.652945 0.243059 0.092684 0.110744 0.169312 0.831057
0.638038 0.590991 0.647982 0.892169 0.357550 0.704642 0.550527 0.234571 0.133850 0.071134 0.107367 0.818010
0.713955 0.594409 0.529856 0.971712 0.280771 0.773200 0.624970 0.214727 0.130226 0.089750 0.088060 0.785951
0.771091 0.540537 0.604521 0.856703 0.272546 0.654823 0.634573 0.365898 0.098969 0.102275 0.039870 0.861509
0.732527 0.634464 0.611332 0.853830 0.291205 0.634544 0.535849 0.228348 0.110108 0.067313 0.135628 0.805344
0.759403 0.557787 0.605829 0.847310 0.234940 0.697001 0.670181 0.334776 0.156264 0.037917 0.193631 0.781097
0.713977 0.646327 0.642777 0.825760 0.325496 0.638565 0.609349 0.250999 0.089494 -0.000946 0.076314 0.838442
0.608960 0.674540 0.584034 0.901860 0.312534 0.569317 0.586544 0.175239 0.092640 0.088488 -0.027171 0.773734
0.723905 0.607465 0.524883 0.912693 0.321790 0.695749 0.539753 0.213152 0.166618 0.018406 0.135960 0.790644
0.720591 0.612161 0.570107 0.933511 0.288492 0.646124 0.534584 0.144373 0.132950 0.069613 0.133321 0.943696
0.788811 0.577886 0.598360 0.887154 0.292657 0.716040 0.610800 0.275220 0.112114 0.124066 0.011821 0.836027
0.694878 0.532144 0.549658 0.830231 0.313453 0.724375 0.523473 0.210405 0.153078 0.041718 0.185828 0.846528
0.700026 0.620935 0.613050 0.857997 0.349494 0.607002 0.640084 0.120644 0.151323 0.029972 0.195275 0.727816
0.722329 0.627420 0.474656 0.889984 0.276177 0.637935 0.595168 0.275725 0.152529 -0.077609 0.182556 0.751484
0.684978 0.543132 0.622145 0.950303 0.284757 0.724198 0.488260 0.138680 0.075042 0.010197 0.105193 0.815585
0.704154 0.651263 0.647052 0.942373 0.363803 0.678313 0.617848 0.281995 0.190942 0.007370 0.134349 0.781461
0.774779 0.652557 0.592640 0.885748 0.296485 0.716827 0.682550 0.301778 0.093783 0.022538 0.092406 0.787407
0.710254 0.585894 0.598241 0.934059 0.333535 0.660879 0.612445 0.248406 0.107913 -0.006371 0.113175 0.800538
0.770629 0.521041 0.536048 0.806962 0.258828 0.684330 0.580874 0.226993 0.042261 0.020757 0.135822 0.878932
0.681829 0.594045 0.632039 0.888873 0.300824 0.662607 0.518829 0.214663 0.085293 0.090634 0.140094 0.953417
0.732860 0.550108 0.569528 0.879878 0.355559 0.713095 0.604926 0.250278 0.088999 0.020173 0.046187 0.834723
0.689543 0.664559 0.666777 0.865406 0.273805 0.699277 0.534702 0.248011 0.115018 0.131204 0.087809 0.797062
0.735776 0.585324 0.547024 0.828088 0.249967 0.697627 0.543851 0.330111 0.140710 0.031699 0.065043 0.866346
0.671481 0.636146 0.589859 0.931608 0.261156 0.601472 0.576185 0.320604 0.204668 0.041428 0.041047 0.906502
0.702803 0.560672 0.554653 0.875445 0.326138 0.714079 0.582882 0.262630 0.070204 0.018638 0.168765 0.865490
0.640831 0.559417 0.559819 0.862731 0.251307 0.604824 0.547078 0.292601 0.206095 0.113143 0.154979 0.780293
0.671951 0.571853 0.624472 0.820274 0.243305 0.680758 0.610696 0.332610 0.125903 0.064672 0.115504 0.799016
0.791350 0.728257 0.676177 0.850608 0.291530 0.653898 0.606137 0.243251 0.146067 0.074710 0.162713 0.838090
0.720001 0.585604 0.606491 0.762277 0.235404 0.499980 0.571641 0.206589 0.107548 0.027836 0.114475 0.814588
0.650804 0.618361 0.534557 0.856384 0.363584 0.604495 0.477743 0.251397 0.200936 0.027808 0.077054 0.826759
0.669578 0.571299 0.628069 0.808197 0.274652 0.661784 0.568019 0.241091 0.022406 0.043952 0.116035 0.815508
0.651816 0.638448 0.682526 0.921957 0.259448 0.629991 0.490595 0.229753 0.170031 0.027065 0.147583 0.796292
0.707289 0.608440 0.568387 0.812906 0.204574 0.685272 0.569441 0.211401 0.147911 0.029187 0.100357 0.806603
0.756392 0.679930 0.601831 0.909375 0.316576 0.691233 0.617102 0.189150 0.025839 0.052947 0.136938 0.807348
0.718957 0.588353 0.644233 0.962790 0.297233 0.684026 0.670965 0.251934 0.017215 0.024679 0.145823 0.859678
0.733449 0.683736 0.699520 0.909706 0.281045 0.730995 0.574312 0.176355 0.017314 0.077722 0.150739 0.871982
0.736453 0.655998 0.728051 0.885642 0.256256 0.621079 0.588535 0.187772 0.156775 0.021717 0.051675 0.774104
0.683815 0.610474 0.639551 0.862524 0.359618 0.662769 0.544999 0.159678 0.103762 0.098162 0.051626 0.863873
0.742418 0.649747 0.549162 0.884600 0.330275 0.682258 0.573237 0.180757 0.076386 0.117072 0.096586 0.840736
0.724231 0.545095 0.604138 0.854461 0.270485 0.722132 0.564822 0.218062 0.095722 0.066214 0.070545 0.851864
0.729012 0.633088 0.666939 0.945560 0.283331 0.704655 0.591952 0.219957 0.090084 0.033916 0.186995 0.890895
0.731351 0.606339 0.542837 0.901571 0.212006 0.607515 0.434076 0.277643 0.038146 -0.007087 0.147138 0.746460
0.743372 0.618089 0.654376 0.896662 0.240578 0.643675 0.575750 0.325163 0.113874 0.022782 0.063322 0.801323
0.339275 0.599524 0.808358 0.548742 0.050758 0.188695 0.253735 0.678366 0.825644 0.543540 0.568121 1.018960
0.236202 0.590475 0.898302 0.504135 0.086665 0.265896 0.153801 0.825074 0.768705 0.533354 0.623963 1.029508
0.232116 0.670404 0.775933 0.470801 0.077090 0.134501 0.172247 0.808652 0.753917 0.541538 0.486420 0.852606
0.335388 0.617854 0.793932 0.548706 0.109423 0.183070 0.204904 0.811317 0.846714 0.483858 0.488596 0.968962
0.208770 0.728739 0.694645 0.553461 0.106095 0.211424 0.155481 0.714277 0.865018 0.580120 0.615202 0.954622
0.289206 0.581965 0.819417 0.534402 0.166793 0.244881 0.220036 0.660540 0.774815 0.518049 0.575667 0.953148
0.255814 0.615253 0.853981 0.513252 0.038772 0.257095 0.179674 0.753161 0.749532 0.527550 0.467734 0.964741
0.285338 0.746101 0.830690 0.528268 0.103619 0.226593 0.178835 0.798300 0.830501 0.548953 0.497381 0.953036
0.221638 0.574385 0.866359 0.503087 0.109768 0.239478 0.176994 0.743754 0.773801 0.481169 0.607210 0.924363
0.259194 0.609008 0.815070 0.515745 0.007660 0.136122 0.123210 0.735219 0.896497 0.501257 0.568305 0.965522
0.223535 0.704868 0.842227 0.540971 0.172431 0.128263 0.186155 0.715588 0.823844 0.496245 0.557911 1.002379
0.208134 0.695294 0.759019 0.578006 0.075343 0.182836 0.213274 0.820775 0.756862 0.577120 0.489775 0.883409
0.248467 0.566389 0.800337 0.473108 0.158105 0.236646 0.065737 0.762146 0.827266 0.530821 0.413073 0.948595
0.199388 0.726352 0.951271 0.527362 0.134530 0.282170 0.095212 0.869577 0.860148 0.504309 0.540292 0.966883
0.272149 0.634559 0.783983 0.445368 0.054986 0.123800 0.121545 0.765311 0.779609 0.520616 0.606975 0.940798
0.279915 0.602924 0.744768 0.504100 0.103686 0.335870 0.235927 0.848761 0.717888 0.609954 0.499756 0.985555
0.210422 0.588816 0.861470 0.521102 0.030408 0.191013 0.155740 0.740911 0.771874 0.472668 0.511341 0.939119
0.201898 0.701863 0.807163 0.544683 -0.051147 0.134766 0.179823 0.798087 0.788854 0.453211 0.419974 0.937426
0.229151 0.586888 0.893130 0.528932 0.131746 0.122058 0.218163 0.835499 0.803465 0.510783 0.522173 0.997432
0.299219 0.710938 0.726090 0.541993 0.004188 0.248313 0.124084 0.672502 0.784279 0.548699 0.488398 0.978662
0.246487 0.678360 0.797270 0.499335 0.073729 0.243178 0.144926 0.746351 0.739234 0.542283 0.527363 0.916113
0.278167 0.700084 0.793130 0.528554 0.179642 0.226821 0.110652 0.715295 0.800848 0.562920 0.558407 0.953017
0.323290 0.654101 0.815356 0.577367 0.138001 0.269220 0.236546 0.745281 0.731497 0.592782 0.550069 0.876487
0.182397 0.621069 0.783136 0.569175 0.067984 0.221405 0.161711 0.804541 0.844382 0.535777 0.573529 1.017809
0.328798 0.661722 0.760571 0.467585 0.108061 0.211485 0.078891 0.728863 0.783216 0.481189 0.619463 0.976708
0.235651 0.651015 0.800408 0.552481 0.108285 0.217849 0.036257 0.773103 0.816497 0.401227 0.470819 0.966835
0.269721 0.689566 0.827309 0.665542 0.106685 0.134459 0.234924 0.722307 0.770505 0.538666 0.519335 0.920747
0.264121 0.678662 0.906158 0.501211 0.039254 0.235272 0.155110 0.792761 0.731493 0.579271 0.538815 0.948752
0.235158 0.684863 0.745685 0.508383 0.053782 0.220068 0.145750 0.848178 0.838726 0.539526 0.609439 0.859319
0.270293 0.671889 0.751459 0.562082 0.075011 0.259033 0.280737 0.774206 0.819155 0.506817 0.526694 0.947025
0.265417 0.678560 0.785843 0.553174 0.135995 0.328138 0.117929 0.726559 0.826915 0.560833 0.601767 0.987041
0.208691 0.651326 0.764552 0.595302 0.032358 0.250163 0.107137 0.860757 0.798533 0.624018 0.501496 0.937272
0.300196 0.659909 0.787160 0.454326 0.199170 0.147576 0.151310 0.871579 0.781018 0.595088 0.554783 0.981380
0.336465 0.627288 0.775449 0.536456 0.103764 0.301070 0.120193 0.860523 0.831680 0.607906 0.492784 0.990066
0.283499 0.678789 0.778408 0.491809 0.078472 0.280400 0.227810 0.795343 0.812266 0.580615 0.533765 0.944063
0.231158 0.540212 0.911686 0.627270 0.149101 0.181049 0.126276 0.755498 0.755150 0.511935 0.599195 1.002893
0.181018 0.624023 0.794927 0.570193 0.126143 0.232008 0.226222 0.804661 0.734076 0.515799 0.541987 0.894531
0.242867 0.608781 0.865445 0.544655 0.122792 0.166185 0.163082 0.785316 0.761018 0.563114 0.501682 0.948930
0.268178 0.719473 0.798232 0.542903 0.148615 0.240414 0.185806 0.753996 0.832370 0.488896 0.578909 1.016215
0.300177 0.633909 0.794558 0.559931 0.079677 0.127188 0.079403 0.825993 0.774358 0.410758 0.553747 0.975370
0.318949 0.659050 0.820180 0.565177 0.134791 0.194770 0.062984 0.691028 0.744261 0.470656 0.515775 0.905769
0.319145 0.636375 0.864928 0.606847 0.034056 0.159510 0.210521 0.723403 0.666008 0.604476 0.603124 0.937742
0.310999 0.621567 0.774084 0.556872 0.094332 0.248034 0.167902 0.769451 0.849100 0.550889 0.597269 0.915245
0.284118 0.610571 0.810761 0.573100 0.079823 0.210689 0.208613 0.827265 0.730110 0.460098 0.488437 0.986357
0.306391 0.654751 0.764836 0.602798 0.080577 0.171953 0.217252 0.711528 0.830176 0.635193 0.584057 0.911985
0.305012 0.701318 0.869586 0.584908 0.111399 0.242225 0.099376 0.896870 0.768263 0.525723 0.566889 0.987559
0.237648 0.664113 0.800600 0.548334 0.070619 0.117649 0.178868 0.840241 0.751880 0.583590 0.570506 1.094913
0.336555 0.729673 0.762343 0.655515 0.036405 0.146788 0.101048 0.802000 0.790825 0.487597 0.617554 0.994932
0.272380 0.522283 0.812353 0.577066 0.052051 0.273798 0.153561 0.748674 0.823079 0.588477 0.574963 1.037121
0.365922 0.647973 0.753696 0.524018 0.106998 0.261079 0.062670 0.750899 0.837808 0.551769 0.534841 1.040651
0.240417 0.631499 0.790718 0.524766 0.112539 0.178399 0.139348 0.692709 0.865769 0.498594 0.662900 0.964974
0.297986 0.632177 0.756763 0.609606 0.117149 0.145706 0.200610 0.796985 0.827453 0.562532 0.416240 0.935567
0.280644 0.568310 0.839372 0.510103 0.121428 0.264764 0.140580 0.911890 0.836834 0.441952 0.542980 1.030479
0.278051 0.715374 0.801559 0.371730 0.018948 0.170631 0.110268 0.858989 0.756573 0.498943 0.492933 0.935889
0.248097 0.555815 0.746882 0.543251 0.079629 0.244447 0.141281 0.792534 0.771497 0.570624 0.545562 1.021800
0.334624 0.631348 0.778514 0.580183 0.110349 0.136654 0.219742 0.752015 0.845447 0.608009 0.567691 0.878928
0.263522 0.694822 0.865262 0.485513 0.069651 0.249354 0.229817 0.818173 0.825526 0.552443 0.526962 0.958992
0.299352 0.608402 0.735028 0.518772 0.043057 0.162805 0.163831 0.780528 0.870297 0.492178 0.433317 0.979437
0.228094 0.631207 0.754870 0.520062 0.017935 0.224506 0.086476 0.841529 0.854308 0.581834 0.548571 0.952811
0.278353 0.600432 0.785551 0.594839 0.114997 0.309991 0.156582 0.754881 0.811565 0.489538 0.527780 0.941419
0.283046 0.534287 0.896630 0.509975 0.058514 0.238933 0.183757 0.732270 0.823058 0.559413 0.485626 0.940405
0.198411 0.764926 0.817132 0.642005 0.101441 0.339912 0.115450 0.761939 0.850786 0.465700 0.539525 0.938291
0.256988 0.579179 0.714796 0.579420 0.126618 0.215628 0.187282 0.801116 0.760628 0.634085 0.601834 0.943835
0.252923 0.545762 0.840723 0.558883 0.075645 0.190083 0.182078 0.794856 0.836549 0.480065 0.537281 0.942568
0.361791 0.607250 0.888945 0.549828 -0.002757 0.216987 0.142038 0.769771 0.721111 0.495279 0.679445 0.950039
0.269004 0.525781 0.717891 0.517586 0.071531 0.187171 0.143508 0.803998 0.805198 0.551099 0.571787 1.030543
0.315193 0.705443 0.758626 0.553461 0.069778 0.313641 0.139208 0.720070 0.763453 0.502699 0.549657 0.961462
0.194745 0.608797 0.825410 0.572055 0.007187 0.227439 0.220732 0.721715 0.789488 0.556679 0.614833 0.974049
0.273841 0.619352 0.774580 0.515494 0.031252 0.228031 0.159045 0.804252 0.836263 0.624330 0.458066 0.976132
0.310483 0.638090 0.912401 0.547517 0.104012 0.236351 0.125763 0.805963 0.762178 0.520795 0.560896 0.905941
0.265749 0.565046 0.840229 0.543252 0.143928 0.234982 0.188399 0.777381 0.914553 0.570559 0.639431 1.012393
0.254310 0.714316 0.858873 0.535710 0.137681 0.193257 0.143197 0.761953 0.770801 0.451881 0.498481 0.900157
0.328939 0.692093 0.759873 0.563857 -0.004379 0.246880 0.117250 0.815032 0.892950 0.421939 0.464181 0.969153
0.287420 0.617179 0.740360 0.492678 0.073905 0.254414 0.138371 0.621369 0.798988 0.523619 0.570141 0.953214
0.244578 0.650000 0.879304 0.498123 0.129246 0.268939 0.103419 0.825791 0.799315 0.579688 0.615784 0.955001
0.309968 0.615728 0.910876 0.481884 0.123823 0.162752 0.127367 0.872952 0.767887 0.480634 0.610257 0.988212
0.305660 0.665846 0.913587 0.459491 0.143515 0.191355 0.157620 0.782521 0.867376 0.532938 0.575961 0.987346
0.251072 0.625229 0.744302 0.645596 0.172425 0.319153 0.121319 0.719323 0.779864 0.573992 0.537094 0.980420
0.351760 0.572952 0.825471 0.522954 0.015932 0.177241 0.145511 0.748420 0.777443 0.598696 0.510805 0.971768
0.300898 0.578535 0.906252 0.540686 0.107777 0.295791 0.125564 0.712661 0.848895 0.501450 0.504353 0.973112
0.339284 0.645075 0.849228 0.562383 0.173000 0.245188 0.201472 0.808250 0.847485 0.550275 0.551809 1.068615
0.277457 0.655289 0.840326 0.502931 0.029092 0.240655 0.194307 0.784940 0.773916 0.508374 0.536131 0.993582
0.317365 0.640351 0.825654 0.562834 0.083021 0.200346 0.150995 0.762468 0.800801 0.494175 0.503269 0.956852
0.285277 0.646776 0.847748 0.396397 0.123997 0.225878 0.290839 0.729325 0.767713 0.540864 0.578175 1.001942
0.261810 0.602571 0.826916 0.552060 0.020199 0.246416 0.132980 0.672379 0.748891 0.544834 0.569549 1.015381
0.265886 0.708169 0.872604 0.511432 0.096527 0.234965 0.285215 0.788632 0.781184 0.508158 0.620505 1.027113
0.251779 0.717602 0.740653 0.524128 0.040255 0.272700 0.133021 0.763737 0.863021 0.465680 0.465555 0.984437
0.198965 0.553876 0.865035 0.496754 0.039921 0.257331 0.069648 0.746387 0.878901 0.545358 0.585065 1.079001
0.258068 0.642574 0.835614 0.527912 -0.008643 0.271920 0.015424 0.731280 0.841502 0.579287 0.531514 0.955738
0.278481 0.766275 0.785293 0.566682 0.161970 0.198080 0.065071 0.812513 0.781589 0.563720 0.555396 0.984950
0.304663 0.650922 0.806903 0.630365 0.077048 0.211487 0.172852 0.766787 0.881877 0.558669 0.522025 1.058511
0.307571 0.626906 0.813404 0.554796 -0.012700 0.148236 0.079354 0.847164 0.792896 0.621886 0.499384 0.958907
0.232363 0.712206 0.856143 0.573187 0.112117 0.189386 0.017908 0.808333 0.856349 0.469948 0.601476 0.939742
0.247201 0.642135 0.863281 0.433912 0.040073 0.135231 0.156672 0.735931 0.824602 0.586774 0.544594 0.991286
0.276976 0.665715 0.876566 0.493187 0.045090 0.243962 0.054013 0.771492 0.849213 0.526867 0.582982 0.998152
0.254065 0.671723 0.765367 0.551000 0.081646 0.196070 0.205306 0.782647 0.776849 0.464694 0.535445 0.988457
0.278254 0.574877 0.764888 0.583457 0.145378 0.160141 0.204267 0.756686 0.879920 0.617928 0.527375 0.988729
0.232904 0.686793 0.800801 0.555195 0.029759 0.213905 0.084203 0.767452 0.811222 0.452979 0.529038 1.047444
0.244118 0.653240 0.763438 0.506948 0.043968 0.170613 0.112816 0.748519 0.874616 0.526740 0.641041 0.988528
0.218856 0.671124 0.775742 0.515317 0.067035 0.091340 0.115603 0.827675 0.802584 0.575807 0.521473 0.945659
0.255530 0.590221 0.778407 0.599288 0.105032 0.166531 0.204817 0.803953 0.777218 0.512142 0.556413 0.985146
0.190340 0.538055 0.809358 0.503399 0.104685 0.269470 0.253661 0.764239 0.817081 0.540530 0.515878 0.952740
0.235979 0.620804 0.808620 0.482526 0.098460 0.153670 0.190719 0.763920 0.809979 0.529683 0.562287 0.922071
0.210437 0.577987 0.852240 0.563193 0.065044 0.235371 0.119359 0.869303 0.763289 0.628804 0.533948 0.900807
0.192390 0.704205 0.841522 0.500714 0.011523 0.222615 0.081216 0.646036 0.772190 0.546638 0.609526 1.010072
0.326018 0.731508 0.833369 0.551578 0.159393 0.281774 0.255136 0.831971 0.789634 0.587995 0.600008 0.928128
0.339098 0.702888 0.753924 0.420173 0.129810 0.266961 0.162757 0.846322 0.856030 0.570361 0.575337 0.970545
0.255615 0.560754 0.904834 0.626823 0.161338 0.202801 0.185558 0.813500 0.754489 0.504275 0.594557 0.894113
0.253357 0.643552 0.774467 0.612398 0.076717 0.190286 0.247557 0.735834 0.746946 0.585524 0.491064 0.942352
0.275819 0.663634 0.873942 0.495780 0.144858 0.232075 0.196301 0.765698 0.751948 0.527386 0.545896 0.999473
0.317699 0.645753 0.788373 0.552138 0.132768 0.132944 0.066957 0.777500 0.736458 0.620369 0.609495 0.897449
0.199218 0.556942 0.835357 0.537627 -0.024809 0.276562 0.108780 0.706329 0.842877 0.478571 0.522208 1.001408
0.330202 0.659595 0.816270 0.504497 0.092306 0.177697 0.128121 0.908524 0.865343 0.480047 0.533285 1.008910
0.372699 0.620255 0.850381 0.498587 0.057390 0.207105 0.110883 0.757906 0.814675 0.612124 0.521093 0.993396
0.271588 0.671249 0.771969 0.443982 0.089945 0.199719 0.124956 0.716927 0.741171 0.469160 0.648714 0.929342
0.221571 0.654350 0.778746 0.535346 0.003154 0.106500 0.102635 0.867889 0.813168 0.539906 0.515501 0.952054
0.188360 0.663412 0.811624 0.526132 0.171583 0.200351 0.180561 0.718604 0.768220 0.504946 0.554395 0.925393
0.219319 0.629634 0.884299 0.575516 0.136242 0.313324 0.231540 0.848311 0.823942 0.570559 0.507132 0.916783
0.240961 0.625623 0.745389 0.611832 0.091062 0.244751 0.212765 0.782204 0.901744 0.600280 0.471083 0.931699
0.305500 0.661832 0.788542 0.498815 0.157470 0.225633 0.166648 0.819721 0.843912 0.528996 0.498055 0.959217
0.319084 0.660820 0.803228 0.516406 0.046474 0.217937 0.084756 0.671806 0.842761 0.523407 0.564919 1.008793
0.231907 0.655243 0.818220 0.526512 0.130608 0.269991 0.242907 0.787488 0.831846 0.569030 0.542483 0.830096
0.333369 0.701051 0.813086 0.409910 0.007948 0.231505 0.077736 0.779688 0.783491 0.449573 0.543406 1.044033
0.244624 0.715600 0.796996 0.554678 0.017894 0.220642 0.158423 0.768492 0.783007 0.559973 0.568550 0.999933
0.293267 0.510472 0.850356 0.495137 0.163546 0.177045 0.124130 0.734187 0.795341 0.502647 0.536501 0.971661
0.299018 0.604838 0.823883 0.598218 0.087338 0.209659 0.187762 0.872158 0.814707 0.575682 0.566139 0.879935
0.308631 0.569094 0.780920 0.527761 0.217430 0.144928 0.218443 0.713615 0.857145 0.475885 0.498224 1.002482
0.223514 0.686013 0.790343 0.549658 0.015430 0.270918 0.255201 0.842398 0.885613 0.419347 0.442429 1.048269
0.341939 0.647261 0.850697 0.478901 0.102820 0.234047 0.157219 0.705080 0.827954 0.535055 0.516048 0.954007
0.293007 0.630193 0.760037 0.535352 0.079275 0.239874 0.127808 0.870089 0.805563 0.525150 0.537624 0.985405
0.269529 0.609495 0.856308 0.511057 0.238058 0.247519 0.066996 0.784308 0.860233 0.578744 0.546295 1.031706
0.290666 0.716494 0.715626 0.553836 0.135746 0.217878 0.317865 0.793641 0.700896 0.520582 0.621384 0.919415
0.326066 0.658052 0.761085 0.546549 -0.004525 0.150495 0.171451 0.802201 0.752142 0.435539 0.527374 0.993208
0.249511 0.720680 0.809109 0.500428 0.023442 0.096082 0.178670 0.780085 0.826093 0.600117 0.557310 0.959855
0.282018 0.572110 0.742528 0.563621 0.037590 0.237253 0.177135 0.762520 0.837963 0.469619 0.520739 0.947428
0.269777 0.663619 0.892379 0.522055 0.134365 0.239301 0.228996 0.735674 0.793640 0.438052 0.498651 1.007920
0.127126 0.647991 0.797330 0.498735 0.147720 0.214247 0.233803 0.769242 0.768382 0.529159 0.697487 1.020464
0.297737 0.685437 0.834355 0.450960 0.085590 0.184456 0.204007 0.877754 0.747518 0.592374 0.414893 0.887455
0.287628 0.671420 0.805499 0.567483 0.033974 0.155113 0.175992 0.809696 0.846913 0.484463 0.525370 1.010052
0.205450 0.638042 0.841228 0.562676 0.146172 0.190884 0.111640 0.754872 0.863774 0.589021 0.579489 0.982919
0.244062 0.607805 0.838165 0.527790 0.146768 0.127830 0.128906 0.834592 0.789392 0.583646 0.559852 0.979263
0.251723 0.648650 0.870826 0.591090 0.034714 0.269874 0.164572 0.831538 0.754670 0.484737 0.635870 0.995670
0.263163 0.606635 0.721449 0.424161 0.102096 0.231704 0.124608 0.775608 0.760009 0.503708 0.572473 1.053548
0.223599 0.537455 0.905938 0.557933 0.025890 0.244655 0.052077 0.722620 0.762930 0.569711 0.563463 0.991520
0.222794 0.663102 0.780462 0.522704 0.121373 0.122689 0.142811 0.851185 0.822283 0.576267 0.486713 1.051881
0.318811 0.604659 0.821330 0.550107 0.180499 0.105953 0.156318 0.683696 0.775086 0.491722 0.601148 0.980371
0.260081 0.605202 0.813021 0.537743 0.116682 0.187304 0.175778 0.786989 0.787076 0.483903 0.575912 0.995115
0.314500 0.707008 0.786357 0.528046 0.120771 0.194637 0.204946 0.812267 0.809895 0.500211 0.594198 0.982203
0.196206 0.664583 0.867141 0.554203 0.142106 0.211539 0.202568 0.694560 0.810758 0.511880 0.563664 0.996273
0.211275 0.632114 0.813360 0.611733 0.073237 0.170030 0.257206 0.819481 0.795491 0.500205 0.514281 0.904122
0.309472 0.678254 0.762602 0.505444 0.113919 0.191218 0.160859 0.829059 0.855798 0.575447 0.603126 0.980267
0.250516 0.595015 0.862672 0.515867 0.118504 0.183901 0.233366 0.797789 0.735134 0.506619 0.580143 1.015883
0.322795 0.591500 0.810830 0.566327 0.135868 0.112555 0.126244 0.793159 0.874998 0.600251 0.526270 0.926290
0.263988 0.596617 0.779169 0.470427 0.158157 0.214408 0.145377 0.716761 0.783198 0.525256 0.466238 0.825230
0.189495 0.622183 0.747482 0.437617 0.106321 0.205435 0.281043 0.816992 0.881209 0.522970 0.487490 0.906745
0.266273 0.711576 0.845637 0.586766 0.073107 0.134124 0.141370 0.859122 0.807378 0.612025 0.489932 0.923568
0.308306 0.609598 0.747000 0.535878 0.046427 0.209003 0.076756 0.843697 0.784376 0.598701 0.611037 0.961247
0.271376 0.708916 0.820691 0.551975 0.168592 0.217010 0.188114 0.820217 0.752827 0.476362 0.565139 0.954068
0.319155 0.598703 0.799778 0.558220 0.109863 0.186396 0.084408 0.761258 0.814717 0.632405 0.438046 1.040283
0.197661 0.685941 0.803739 0.610523 0.108845 0.284851 0.095373 0.763935 0.892318 0.448538 0.532271 0.873213
0.266526 0.684250 0.796238 0.486079 0.028937 0.261736 0.151534 0.845111 0.900060 0.478951 0.496400 0.945862
0.322483 0.678529 0.758230 0.473082 0.061080 0.184558 0.124605 0.780361 0.842796 0.424597 0.591853 0.959080
0.306219 0.713029 0.808523 0.586347 0.057268 0.188057 0.061012 0.844345 0.783374 0.568422 0.521358 1.044950
0.289349 0.580906 0.721547 0.567862 0.114381 0.206659 0.195452 0.801871 0.723032 0.549810 0.584668 1.066347
0.274893 0.579874 0.763864 0.502382 0.058119 0.154101 0.147090 0.735186 0.776525 0.568616 0.544731 0.873464
0.198943 0.658026 0.751576 0.509499 0.111973 0.245531 0.160203 0.826277 0.881538 0.611286 0.560111 0.980254
0.225612 0.747628 0.874196 0.446738 0.108321 0.235517 0.228795 0.747745 0.822667 0.579512 0.545880 1.001489
0.279312 0.684853 0.741908 0.566592 0.167817 0.199993 0.123842 0.776036 0.788321 0.462836 0.456189 0.860089
0.260708 0.582821 0.809209 0.473241 0.086415 0.152765 0.171894 0.845187 0.776949 0.529278 0.674421 0.982283
0.356647 0.572300 0.909513 0.538068 0.051567 0.251341 0.099814 0.818744 0.827771 0.551429 0.566104 0.910685
0.396372 0.670083 0.794777 0.481932 0.069443 0.105389 0.086899 0.739350 0.945046 0.600801 0.581405 1.004092
0.389428 0.635967 0.834837 0.564039 0.068017 0.183207 0.167490 0.737661 0.752593 0.458835 0.649667 1.042761
0.361254 0.680537 0.866564 0.525027 0.035485 0.180242 0.104228 0.669365 0.757288 0.529584 0.473458 1.072996
0.289756 0.574272 0.823985 0.498562 0.102662 0.271740 0.033959 0.826083 0.751265 0.537527 0.637764 0.950168
0.305146 0.613325 0.861832 0.532497 0.103931 0.214032 0.090939 0.721738 0.858420 0.509290 0.526424 0.943031
0.329485 0.666401 0.862903 0.514355 0.076578 0.181045 0.078551 0.843684 0.882835 0.515937 0.551751 1.067148
0.275811 0.701677 0.755493 0.422409 0.105135 0.243100 0.240772 0.732160 0.876756 0.425120 0.501102 1.016133
0.330297 0.606909 0.812435 0.618307 0.146223 0.187325 0.116646 0.793668 0.804377 0.473028 0.630258 1.048674
0.267081 0.666762 0.820315 0.558199 0.018727 0.110528 0.164926 0.819270 0.932144 0.533887 0.562821 0.982528
0.263091 0.687999 0.791042 0.534250 0.078788 0.157285 0.175253 0.853566 0.772490 0.508633 0.529897 0.990161
0.277385 0.646354 0.848353 0.474968 0.062633 0.230357 0.154397 0.798650 0.787647 0.534280 0.546015 0.929132
0.310528 0.708709 0.834041 0.473283 0.097327 0.258408 0.174876 0.790929 0.774495 0.564315 0.571694 0.856052
0.267314 0.674996 0.849319 0.585998 0.073350 0.198395 0.216126 0.808323 0.796621 0.559619 0.527700 1.005856
0.251558 0.538530 0.792216 0.475080 0.094215 0.258562 0.128456 0.784685 0.766444 0.472740 0.586165 0.975388
0.308685 0.647624 0.826067 0.427076 0.070285 0.243740 0.171017 0.719939 0.766651 0.567562 0.574381 0.934354
0.277323 0.629590 0.891371 0.512374 0.079395 0.229871 0.197878 0.764161 0.846759 0.438170 0.446152 0.982968
0.316709 0.662578 0.868018 0.412294 0.130682 0.226183 0.128007 0.828787 0.790513 0.495594 0.540001 0.918345
0.300809 0.647761 0.758187 0.569408 0.095107 0.144832 0.164745 0.751876 0.777291 0.497956 0.551611 0.889187
0.370745 0.636610 0.869852 0.662980 0.051043 0.306834 0.168319 0.777636 0.813112 0.536438 0.561284 1.032646
0.295224 0.698066 0.867416 0.537621 0.079428 0.182394 0.196787 0.730176 0.841613 0.529625 0.577719 0.988992
0.239240 0.648413 0.774784 0.593783 0.090829 0.202123 0.088063 0.843992 0.783191 0.552785 0.502133 0.964747
0.288001 0.684033 0.793137 0.550003 0.111736 0.191283 0.176487 0.799503 0.876692 0.519538 0.573237 0.927382
0.259286 0.632490 0.840199 0.517384 0.097342 0.214489 0.117450 0.698616 0.824656 0.543441 0.496114 0.974400
0.266817 0.654411 0.821017 0.527962 0.143048 0.228890 0.216247 0.831555 0.778529 0.537462 0.580771 0.969008
0.346068 0.660483 0.771612 0.551586 0.127293 0.206602 0.210179 0.800919 0.766323 0.424549 0.573101 0.897798
0.272719 0.537958 0.825025 0.585638 0.023520 0.218191 0.173774 0.839571 0.841150 0.546170 0.468924 0.956833
0.290043 0.677380 0.922582 0.546031 0.109360 0.143314 0.150585 0.760478 0.824327 0.540672 0.541416 0.995206
0.330838 0.640476 0.836996 0.495930 0.027889 0.215842 0.033204 0.744626 0.898151 0.545713 0.505284 0.985625
0.281301 0.684824 0.746641 0.641710 0.097482 0.229561 0.119491 0.787483 0.710950 0.536653 0.562806 0.940674
0.237810 0.709453 0.761140 0.489569 0.069061 0.153766 0.070977 0.848970 0.825611 0.568649 0.567986 0.973253
0.225138 0.682981 0.733288 0.571543 0.038685 0.255529 0.211875 0.741075 0.824954 0.530166 0.551935 0.998137
0.267279 0.634527 0.809811 0.549226 0.045533 0.230021 0.156340 0.828093 0.809802 0.567624 0.528683 0.993706
0.330708 0.602838 0.905719 0.493160 0.204883 0.221450 0.178649 0.828630 0.802775 0.498278 0.522656 0.977806
0.271476 0.718767 0.889783 0.504125 0.139700 0.115879 0.142081 0.702547 0.810673 0.500630 0.555697 0.947075
0.234057 0.602430 0.808838 0.530384 0.154123 0.215022 0.089496 0.752407 0.831356 0.585643 0.444085 0.935007
0.304758 0.637616 0.771774 0.496043 0.050877 0.208897 0.177119 0.791358 0.733105 0.524308 0.536370 1.040348
0.339967 0.472571 0.859848 0.497750 0.130569 0.194588 0.072696 0.829169 0.766044 0.562226 0.594943 1.024801
0.355103 0.619573 0.853708 0.504252 0.138142 0.277455 0.174070 0.890581 0.805715 0.561076 0.528770 1.057472
0.340490 0.688788 0.857692 0.562052 0.136969 0.188199 0.187202 0.804506 0.700779 0.567480 0.509734 0.944643
0.277256 0.695793 0.910287 0.580018 0.089731 0.187531 0.186107 0.733744 0.827682 0.577292 0.428543 0.900449
0.329348 0.652045 0.744769 0.554505 0.090808 0.223502 0.074754 0.772133 0.771384 0.578922 0.591390 1.112338
0.250398 0.541024 0.739970 0.561906 0.189044 0.242118 0.105121 0.742532 0.840013 0.516642 0.531330 0.948841
0.234324 0.686530 0.786302 0.543771 0.117520 0.248192 0.068821 0.788231 0.847535 0.506137 0.523912 0.854474
0.293447 0.667900 0.875320 0.490996 0.135539 0.221710 0.095403 0.773140 0.702385 0.545408 0.560673 0.916717
0.287231 0.683434 0.836226 0.644543 0.094127 0.173660 0.110900 0.882396 0.754417 0.487810 0.558681 0.963998
0.191743 0.603643 0.793560 0.544062 0.119554 0.186954 0.124941 0.787914 0.737384 0.503208 0.591666 0.969731
0.263212 0.525352 0.811807 0.563663 0.118338 0.246314 0.132935 0.796347 0.751560 0.557275 0.465033 0.983847
0.253598 0.686077 0.824973 0.578791 0.068985 0.284568 0.125578 0.718980 0.834899 0.537053 0.573639 1.018157
0.272997 0.675759 0.843696 0.512106 0.095906 0.203520 0.072226 0.773800 0.858766 0.469325 0.606241 1.036439
0.376392 0.606941 0.867894 0.536025 0.036211 0.247514 0.069212 0.737972 0.753064 0.595541 0.588068 1.008987
0.364608 0.610482 0.832755 0.553291 0.107888 0.179324 0.201284 0.814198 0.803261 0.548261 0.586938 0.928446
0.340859 0.668472 0.746010 0.565774 0.129929 0.187167 0.169117 0.696629 0.815357 0.532119 0.542365 0.926443
0.313960 0.635495 0.815035 0.567880 0.057470 0.231455 0.131538 0.800824 0.863328 0.533602 0.537160 0.993914
0.369810 0.600984 0.786903 0.508494 -0.000481 0.212346 0.055143 0.746046 0.849468 0.621294 0.584763 0.968643
0.304945 0.709180 0.753027 0.581664 0.116051 0.221828 0.110696 0.782958 0.886143 0.579317 0.612379 1.016117
0.350516 0.731570 0.802693 0.537181 0.143153 0.226948 -0.013173 0.782400 0.823938 0.512269 0.451459 0.961343
0.290749 0.708155 0.796634 0.577572 0.070818 0.187309 0.136840 0.749711 0.899907 0.552094 0.477120 0.924368
0.215777 0.642713 0.715154 0.541992 -0.031962 0.196075 0.191825 0.747360 0.839092 0.589055 0.517258 0.954676
0.306025 0.636025 0.733804 0.489284 0.069793 0.268611 0.086327 0.799112 0.808454 0.553487 0.533274 0.981968
0.286261 0.630848 0.776672 0.558662 0.128925 0.159145 0.145759 0.689032 0.748789 0.527609 0.540708 0.945198
0.219726 0.728239 0.916285 0.532054 0.061979 0.240084 0.187280 0.679184 0.825469 0.608979 0.477696 1.028339
0.346315 0.579078 0.840151 0.521160 0.061745 0.097761 0.193904 0.821626 0.825307 0.551903 0.510026 1.039142
0.327276 0.650697 0.900540 0.511593 0.181186 0.157141 0.145864 0.702877 0.789619 0.525812 0.501732 1.021425
0.217614 0.716094 0.777833 0.543087 0.178295 0.224130 0.189337 0.866984 0.786026 0.574069 0.540595 1.022784
0.294456 0.541452 0.864605 0.508834 0.125888 0.239531 0.122222 0.823512 0.765906 0.570859 0.582216 0.989192
0.218902 0.647077 0.885845 0.426781 0.082640 0.245997 0.176307 0.759085 0.766324 0.492663 0.557252 0.952446
0.327718 0.703539 0.826357 0.571049 0.098188 0.278536 0.095035 0.756917 0.834653 0.546478 0.553835 1.079189
0.280474 0.658432 0.846999 0.582792 0.070567 0.246559 0.081763 0.835469 0.781150 0.551479 0.528394 0.958261
0.258391 0.688241 0.850823 0.453262 0.070623 0.170750 0.174527 0.785794 0.895289 0.540038 0.558432 1.008266
0.307025 0.678746 0.874466 0.514648 0.093378 0.204911 0.162261 0.749303 0.816034 0.610614 0.574427 0.982240
0.307492 0.631324 0.842927 0.517324 0.197462 0.204743 0.234407 0.835517 0.831614 0.490327 0.591663 0.895566
0.267857 0.618812 0.752123 0.589615 0.124286 0.181904 0.131743 0.778809 0.854540 0.471383 0.595893 0.905292
0.267298 0.706224 0.878661 0.575230 0.201021 0.175523 0.000076 0.810585 0.814207 0.497195 0.572282 0.885103
0.270538 0.590381 0.847377 0.531439 0.073766 0.228926 0.167809 0.786412 0.847144 0.421876 0.489751 0.986214
0.182659 0.560399 0.877658 0.565634 0.035148 0.177302 0.143244 0.824956 0.792940 0.553683 0.585732 0.939312
0.285145 0.698344 0.796065 0.493831 0.144364 0.163803 0.145598 0.713416 0.794098 0.549756 0.581660 0.944087
0.274367 0.602114 0.773634 0.523030 0.087657 0.143292 0.212047 0.756033 0.824468 0.438587 0.451291 0.975347
0.266961 0.611027 0.790898 0.462700 0.077426 0.277899 0.268692 0.809543 0.782261 0.493637 0.475870 0.971993
0.345041 0.680168 0.807128 0.488402 0.200901 0.170045 0.145420 0.798935 0.762628 0.502822 0.533660 0.948780
0.276907 0.586871 0.719322 0.588244 0.168528 0.298964 0.082346 0.771119 0.862504 0.513211 0.438395 0.920543
0.296107 0.661864 0.829652 0.598603 0.173736 0.209046 0.146079 0.709368 0.848414 0.506594 0.613638 0.930402
0.318941 0.684757 0.842263 0.523529 0.032591 0.257424 0.140609 0.829906 0.885329 0.472530 0.436641 0.943159
0.243435 0.668575 0.823123 0.565393 0.087400 0.221561 0.131119 0.758792 0.825554 0.578555 0.589800 1.078243
0.323430 0.689324 0.852877 0.573602 0.042674 0.089745 0.190436 0.760485 0.833631 0.541543 0.482864 0.993266
0.365163 0.631492 0.846672 0.581675 0.226038 0.225574 0.111239 0.704210 0.746609 0.570204 0.482758 1.026524
0.253407 0.642530 0.907558 0.471480 0.137035 0.167208 0.056246 0.747823 0.790834 0.518207 0.571516 1.034429
0.351577 0.678143 0.842296 0.518297 0.066654 0.292421 0.185739 0.836449 0.891675 0.573813 0.582081 0.886286
0.344909 0.568010 0.821183 0.550753 0.139766 0.183568 0.214006 0.778311 0.782787 0.398031 0.589940 0.975959
0.291824 0.629463 0.832719 0.587370 0.098330 0.179225 0.095083 0.827987 0.834506 0.536533 0.472424 1.027670
0.308914 0.686682 0.862904 0.546633 0.110829 0.253705 0.130601 0.740913 0.830981 0.561935 0.508574 1.021604
0.299427 0.628508 0.903643 0.535154 0.147347 0.237716 0.119636 0.865066 0.843923 0.531297 0.594351 1.083903
0.241119 0.589654 0.937792 0.606541 0.162432 0.144620 0.067737 0.783573 0.921027 0.456635 0.533518 0.997104
0.202647 0.702523 0.799184 0.604453 0.147159 0.253020 0.110511 0.866726 0.852312 0.594625 0.561216 1.007503
0.278377 0.519867 0.739731 0.523797 0.032146 0.216158 0.149056 0.730015 0.816747 0.600204 0.512565 0.868898
0.271536 0.638256 0.740270 0.472984 0.093490 0.272820 0.145937 0.705686 0.811456 0.595449 0.621703 0.987634
0.353504 0.587898 0.842443 0.619392 0.063548 0.184770 0.080914 0.781030 0.749104 0.506925 0.522054 0.838947
0.256440 0.683314 0.746597 0.448150 0.114889 0.222802 0.121412 0.852663 0.801339 0.654261 0.579117 0.997843
0.288234 0.599027 0.776352 0.520822 0.053653 0.261333 0.222415 0.750872 0.759597 0.443692 0.521113 0.976297
0.298094 0.708701 0.773928 0.538781 0.144068 0.322171 0.071192 0.835200 0.828639 0.575514 0.488758 1.098250
0.196822 0.648530 0.818762 0.591818 0.200035 0.200921 0.178567 0.748696 0.797213 0.569201 0.536437 0.979135
0.338200 0.608760 0.712896 0.491634 0.077516 0.187340 0.149154 0.775281 0.822709 0.655488 0.525916 1.000935
0.230939 0.547502 0.741001 0.478592 0.086404 0.206711 0.171299 0.729154 0.798393 0.600938 0.549701 0.994415
0.332202 0.707315 0.791041 0.576411 0.141723 0.201366 0.106037 0.814465 0.812105 0.518802 0.516969 0.958307
0.298913 0.636931 0.885827 0.563797 0.100497 0.229591 0.175046 0.771990 0.799635 0.593256 0.556348 0.965160
0.271745 0.608970 0.820251 0.577644 0.092902 0.225868 0.192057 0.726941 0.778391 0.468058 0.560301 0.977698
0.165619 0.681590 0.830289 0.617605 0.139123 0.157623 0.114309 0.730607 0.825878 0.532190 0.544541 0.934290
0.364687 0.635656 0.775264 0.475680 0.073221 0.173159 0.168309 0.807582 0.849934 0.589023 0.700227 1.033808
0.290881 0.683305 0.864317 0.496902 0.040459 0.234008 0.124523 0.771727 0.786154 0.463429 0.599841 0.937036
0.332115 0.676502 0.779036 0.530298 0.135135 0.208196 0.078810 0.839590 0.779826 0.487741 0.507408 0.896413
0.290846 0.618257 0.756735 0.578601 0.158415 0.140587 0.170473 0.904733 0.812736 0.484082 0.616125 0.926693
0.258179 0.712952 0.703868 0.484194 0.079304 0.172850 0.113890 0.751990 0.800504 0.455008 0.514650 0.980897
0.343574 0.590918 0.752399 0.618896 0.091949 0.239203 0.208063 0.773999 0.853426 0.506621 0.516701 0.898211
0.295163 0.698577 0.889142 0.523735 0.100539 0.177428 0.157786 0.831825 0.852957 0.541480 0.546145 0.999939
0.303918 0.590969 0.841426 0.562733 0.103314 0.240495 0.041454 0.763281 0.779223 0.572488 0.480472 0.995469
0.234680 0.612246 0.852639 0.547283 0.023910 0.187444 0.183701 0.740102 0.806107 0.458131 0.545088 0.983505
0.246680 0.645877 0.787429 0.526582 0.073996 0.131841 0.092098 0.846837 0.745002 0.460812 0.496763 0.989336
0.272649 0.650429 0.745930 0.612355 0.038466 0.212625 0.116039 0.783396 0.798673 0.516622 0.568033 1.034754
0.304783 0.639551 0.795905 0.427236 0.112159 0.169830 0.147329 0.768229 0.828782 0.460516 0.550178 1.015859
0.240337 0.684134 0.774916 0.529006 0.151396 0.186485 0.139473 0.858959 0.807431 0.533257 0.485449 0.952457
0.278029 0.578659 0.883561 0.492039 0.095829 0.190000 0.133344 0.824086 0.818236 0.535239 0.532020 0.935444
0.257687 0.643356 0.799765 0.582969 0.034812 0.195243 0.216746 0.782734 0.834419 0.537958 0.605947 0.929910
0.236809 0.723219 0.807999 0.532514 0.075383 0.121411 0.116419 0.889328 0.795979 0.458159 0.585019 0.904850
0.277737 0.665543 0.810622 0.539818 0.137367 0.184027 0.102161 0.874191 0.853511 0.538197 0.514902 1.056192
0.284577 0.596051 0.796307 0.455381 0.107566 0.096532 0.227343 0.849433 0.816709 0.557895 0.507911 1.042304
0.364710 0.729215 0.823829 0.561959 0.093954 0.154267 0.139939 0.757628 0.898584 0.613963 0.461325 0.911903
0.346934 0.697782 0.828756 0.512768 0.090823 0.236637 0.066492 0.864429 0.796646 0.478924 0.529577 0.925881
0.333607 0.690230 0.786945 0.505253 0.022590 0.208466 0.067191 0.767624 0.774064 0.601890 0.549980 0.997984
0.322070 0.672278 0.771630 0.528099 0.194143 0.207634 0.199328 0.845308 0.667632 0.501777 0.577839 0.997051
0.257341 0.711970 0.806173 0.496652 0.125759 0.200201 0.180752 0.796132 0.785905 0.535325 0.531189 0.919758
0.195813 0.578345 0.847076 0.465326 0.105055 0.167452 0.082507 0.744287 0.768086 0.581471 0.624996 0.984509
0.295017 0.488344 0.867614 0.398691 0.116050 0.193948 0.156666 0.829626 0.804559 0.523661 0.604598 1.019689
0.173442 0.708318 0.665987 0.544456 0.117086 0.222254 0.199566 0.787040 0.805502 0.597907 0.632611 0.973002
0.335792 0.632901 0.888044 0.539918 0.134352 0.130584 0.067739 0.898350 0.792749 0.565503 0.523982 1.006629
0.304388 0.697131 0.897995 0.532107 0.087198 0.192463 0.116116 0.720848 0.864237 0.623274 0.522169 0.893065
0.289068 0.554379 0.857447 0.560934 0.123758 0.193994 0.158039 0.771840 0.791291 0.600155 0.533775 0.973143
0.235645 0.715457 0.893372 0.508641 0.115147 0.217026 0.120464 0.805486 0.814585 0.512664 0.517332 1.003595
0.266939 0.638316 0.814987 0.473177 0.161034 0.233907 0.191775 0.788579 0.800552 0.546150 0.567687 0.988901
0.360448 0.673812 0.793694 0.595022 0.102600 0.145402 0.161649 0.835935 0.839221 0.516164 0.469202 1.000333
0.189526 0.598695 0.667293 0.649023 0.037169 0.196188 0.193148 0.778177 0.806458 0.520415 0.490582 0.926890
0.344117 0.607220 0.824344 0.487940 0.048068 0.261126 0.122709 0.790740 0.836400 0.508980 0.503032 1.041730
0.346446 0.664423 0.817875 0.457408 -0.017549 0.279640 0.184108 0.816828 0.857979 0.490864 0.489423 0.940261
0.312857 0.582192 0.777795 0.527484 0.090284 0.239625 0.228502 0.742111 0.739205 0.549140 0.575833 0.909646
0.314454 0.635515 0.795135 0.395115 0.226151 0.165802 0.202432 0.891695 0.836040 0.586613 0.515343 1.057966
0.326594 0.622516 0.803060 0.525394 0.148168 0.211811 0.062998 0.822228 0.833866 0.525458 0.587949 0.901557
0.345545 0.657683 0.759255 0.513773 0.063222 0.174262 0.195305 0.845066 0.725948 0.581916 0.616338 0.973962
0.267379 0.650160 0.828276 0.563607 0.014969 0.277472 0.113025 0.702243 0.730585 0.517909 0.478951 0.974050
0.261034 0.592870 0.832675 0.541650 0.192804 0.164840 0.121867 0.849377 0.769976 0.499401 0.505909 0.986847
0.326993 0.542311 0.715895 0.526370 0.143252 0.212274 0.175328 0.781573 0.721379 0.554190 0.505059 0.982446
0.297719 0.657293 0.853963 0.530077 0.068304 0.150435 0.073546 0.758680 0.797586 0.560024 0.525799 0.969577
0.299700 0.648780 0.793524 0.607704 0.105323 0.199130 0.201917 0.736596 0.859300 0.608611 0.527245 0.959664
0.241355 0.678907 0.790295 0.522488 0.087365 0.218706 0.215039 0.817197 0.925423 0.547286 0.494955 0.992188
0.294095 0.781294 0.781944 0.481045 0.168706 0.333005 0.151821 0.804863 0.832068 0.535507 0.505358 0.959073
0.352464 0.664320 0.924364 0.473906 0.112462 0.184199 0.175437 0.684551 0.732114 0.583296 0.607310 1.008067
0.305209 0.533568 0.794052 0.619594 0.003933 0.171366 0.138167 0.876744 0.741932 0.667773 0.543242 0.964749
0.308528 0.611217 0.860180 0.507225 0.114127 0.190608 0.125156 0.830373 0.813579 0.559558 0.567385 1.087667
0.192476 0.652883 0.889161 0.523306 0.069829 0.193346 0.153995 0.767538 0.794036 0.484235 0.549256 0.930613
0.218348 0.586721 0.823393 0.493308 0.122132 0.246403 0.182677 0.749516 0.822614 0.607055 0.577554 0.924756
0.273952 0.682416 0.796580 0.536384 0.090207 0.173492 0.160362 0.714884 0.751078 0.560210 0.545905 0.981853
0.284206 0.680081 0.777171 0.566309 0.027065 0.266708 0.167115 0.739808 0.832118 0.501298 0.548629 0.910355
0.263442 0.654033 0.847266 0.561934 0.088162 0.249491 0.108309 0.791762 0.814558 0.489922 0.553011 1.026127
0.316206 0.627412 0.781709 0.591860 0.058741 0.213128 0.166268 0.861313 0.839095 0.590401 0.645489 0.850848
0.232983 0.685389 0.864357 0.565140 0.030839 0.214711 0.170391 0.823559 0.728757 0.502027 0.534365 0.848555
0.278714 0.658096 0.827851 0.479563 0.013632 0.220622 0.078520 0.777844 0.759947 0.443987 0.559828 0.910985
0.309889 0.612306 0.814923 0.496901 0.047395 0.209569 0.111724 0.818681 0.873769 0.455699 0.507350 0.988413
0.582950 0.558583 0.626519 0.880795 0.348804 0.663818 0.468025 0.159081 0.196654 -0.000039 0.152287 0.897127
0.740981 0.609570 0.628034 0.861970 0.328379 0.681796 0.702902 0.222727 0.120060 0.099541 0.053737 0.816067
0.638127 0.682838 0.535339 0.851877 0.259778 0.637279 0.604317 0.297387 0.136350 0.059109 0.091443 0.838659
0.690083 0.690046 0.532380 0.860825 0.205459 0.587613 0.548732 0.205165 0.177482 0.011937 0.095371 0.797098
0.615009 0.623269 0.485778 0.821667 0.200188 0.718114 0.485426 0.251804 0.077983 0.023530 0.157613 0.769173
0.650586 0.613979 0.611142 0.979082 0.302698 0.576889 0.585359 0.245315 0.185877 0.004692 0.107364 0.922612
0.671049 0.585183 0.593856 0.855137 0.301480 0.701865 0.560506 0.293702 0.127205 0.040773 0.136547 0.869536
0.741598 0.599288 0.578959 0.911290 0.246482 0.610139 0.569078 0.207362 0.079791 0.095487 0.171246 0.822976
0.660165 0.548011 0.640284 0.893185 0.305550 0.800187 0.636175 0.246528 0.146003 0.026123 0.112823 0.903747
0.738539 0.599283 0.537691 0.857330 0.187281 0.713649 0.508669 0.148300 0.085681 0.056954 0.037311 0.734425
0.779069 0.566309 0.654436 0.843891 0.280721 0.674625 0.571003 0.220290 0.118005 0.088930 0.088866 0.826886
0.751809 0.622078 0.589874 0.925426 0.168176 0.660385 0.543346 0.256321 0.102133 0.162039 0.129403 0.742115
0.723788 0.617314 0.684915 0.935751 0.226512 0.721187 0.563863 0.333838 0.121784 -0.018976 0.088161 0.794881
0.722114 0.626815 0.643779 0.884607 0.221368 0.645982 0.603578 0.324565 0.135993 -0.023531 0.105218 0.731579
0.753151 0.581147 0.672857 0.859068 0.361482 0.758025 0.631368 0.146063 0.158028 0.073963 0.183744 0.787477
0.759810 0.574275 0.603343 0.861373 0.269202 0.689550 0.566043 0.228241 0.125238 0.038023 0.047654 0.815572
0.740924 0.583359 0.616589 0.894746 0.330477 0.730050 0.553045 0.216599 0.069036 0.059131 0.139341 0.781201
0.723916 0.597720 0.601274 0.899363 0.322554 0.667373 0.648416 0.314019 0.244714 0.056361 0.078911 0.839149
0.711792 0.688188 0.587168 0.877841 0.351261 0.736258 0.574092 0.322065 0.085803 0.042520 0.162211 0.748765
0.746498 0.658621 0.590550 0.817599 0.446221 0.687944 0.619300 0.225839 0.162429 0.004784 0.144690 0.864667
0.766698 0.538486 0.659306 0.904368 0.296446 0.557240 0.544697 0.319950 0.044425 0.005599 0.147923 0.747299
0.656915 0.661313 0.642882 0.853281 0.250219 0.687486 0.530692 0.301697 0.121465 0.010581 0.127947 0.814376
0.767478 0.723216 0.599459 0.820365 0.234127 0.631438 0.635499 0.387467 0.152988 0.029606 0.105556 0.781646
0.753788 0.537044 0.664400 0.868666 0.283374 0.745928 0.563383 0.276735 0.144534 0.077660 0.065363 0.716452
0.721347 0.568979 0.603543 0.876279 0.365601 0.732426 0.561518 0.226300 0.116895 0.023320 0.083122 0.825455
0.678821 0.661555 0.615947 0.771371 0.217118 0.639921 0.605344 0.317042 0.114965 0.006900 0.114044 0.785163
0.754474 0.688892 0.580118 0.928763 0.356882 0.710826 0.599869 0.259745 0.096560 0.082355 0.083053 0.827873
0.720270 0.645373 0.693053 0.826032 0.213046 0.701932 0.543318 0.247196 0.056723 0.117218 0.079276 0.786558
0.720050 0.543589 0.574576 0.847560 0.290708 0.685891 0.569105 0.251565 0.144940 0.081325 0.199383 0.839016
0.707732 0.680484 0.594148 0.847386 0.259880 0.687755 0.552604 0.229805 0.129386 0.100868 0.097260 0.821696
0.697018 0.558692 0.639614 0.896877 0.297824 0.673443 0.525611 0.230120 0.161661 0.060633 0.201199 0.811359
0.646076 0.648538 0.598595 0.892508 0.363104 0.723626 0.672117 0.160149 0.105454 0.093399 0.066465 0.847097
0.719299 0.657854 0.538375 0.892553 0.309806 0.605098 0.649827 0.279736 0.202025 0.077311 0.113646 0.796689
0.739011 0.631808 0.687849 0.834855 0.372919 0.685099 0.559675 0.289811 0.104985 -0.018116 0.128734 0.786952
0.698484 0.575462 0.602951 0.894980 0.249645 0.657759 0.558216 0.269329 0.043618 -0.016681 0.169099 0.796907
0.696356 0.652606 0.570545 0.866895 0.261832 0.684282 0.511710 0.283768 0.099089 0.016074 0.148954 0.836187
0.729876 0.641467 0.603050 0.760423 0.310431 0.695941 0.578972 0.188823 0.164832 0.005966 0.136436 0.803572
0.692881 0.694791 0.672653 0.807912 0.319880 0.704267 0.505226 0.267992 0.147953 0.077120 0.110122 0.820840
0.686747 0.660137 0.684009 0.836810 0.238221 0.607054 0.577252 0.256307 0.008515 0.106539 0.138011 0.775260
0.698849 0.638676 0.647079 0.873399 0.314964 0.671088 0.493482 0.206509 0.116206 -0.002544 0.120688 0.879444
0.694617 0.578022 0.558270 0.862712 0.299728 0.660946 0.535811 0.156740 0.158275 0.042632 0.106480 0.874939
0.746924 0.633009 0.677802 0.896706 0.344144 0.743574 0.553826 0.159029 0.152726 0.079272 0.129176 0.880432
0.789914 0.536293 0.691584 0.870307 0.317763 0.719142 0.515398 0.260530 0.028009 0.053090 0.078004 0.855570
0.736651 0.682597 0.509127 0.843732 0.257532 0.641530 0.611355 0.274080 0.025896 -0.021780 0.126009 0.832100
0.726563 0.673810 0.628165 0.799643 0.281015 0.675974 0.532408 0.190632 0.112695 -0.051932 0.044157 0.859558
0.694759 0.466200 0.584860 0.894347 0.414025 0.687621 0.578416 0.264320 0.082231 0.057143 0.147253 0.728006
0.682169 0.574613 0.691846 0.898900 0.278328 0.615923 0.494097 0.156558 0.106887 0.073131 0.219560 0.770289
0.804035 0.600361 0.675051 0.883597 0.288331 0.658510 0.601284 0.279773 0.170915 0.125776 0.184269 0.862949
0.695948 0.601220 0.660182 0.925799 0.234925 0.701880 0.634270 0.215418 0.012352 0.018766 0.039658 0.738537
0.687891 0.624742 0.599264 0.842705 0.216601 0.642066 0.614079 0.209491 0.206935 0.014299 0.051155 0.715109
0.743533 0.662562 0.622045 0.873622 0.273633 0.679490 0.657559 0.179923 0.235083 0.037322 0.113596 0.776148
0.764524 0.562882 0.545439 0.933876 0.306622 0.639744 0.607165 0.257455 0.117783 0.040539 0.181143 0.802489
0.715453 0.655609 0.522485 0.889761 0.273150 0.649489 0.605525 0.272892 0.105046 0.076206 0.148999 0.778727
0.776137 0.681895 0.624309 0.927369 0.302587 0.723025 0.513138 0.193798 0.096433 0.074881 0.016036 0.822202
0.718032 0.592394 0.612774 0.905782 0.248706 0.601213 0.618162 0.252516 0.042781 0.030906 0.155729 0.782367
0.786277 0.578772 0.528352 0.863296 0.243304 0.743487 0.540280 0.232252 0.114362 -0.022585 0.074026 0.792510
0.695364 0.621246 0.598576 0.880705 0.334143 0.760589 0.542701 0.164104 0.137276 -0.069555 0.078032 0.852831
0.693863 0.619869 0.628955 0.839206 0.194507 0.648459 0.513550 0.246550 0.084580 0.021579 0.086004 0.917555
0.762827 0.603465 0.656402 0.832509 0.278261 0.648551 0.569701 0.198520 0.070214 0.004971 0.095340 0.808969
0.638150 0.560659 0.619061 0.909703 0.330303 0.738572 0.601409 0.248614 0.148516 0.064506 0.112686 0.898084
0.693523 0.605874 0.579984 0.907997 0.249478 0.696365 0.633358 0.289098 0.137126 0.096221 0.043736 0.856566
0.701216 0.624314 0.656622 0.960581 0.314737 0.658154 0.624176 0.292793 0.111570 0.084763 0.025204 0.800378
0.720300 0.593695 0.620121 0.966069 0.252011 0.666515 0.528615 0.285181 0.019126 0.077232 0.070105 0.912360
0.664495 0.656162 0.661496 1.013021 0.262283 0.687636 0.618232 0.337158 0.146658 0.033019 0.199594 0.724143
0.767215 0.629148 0.498273 0.775253 0.174195 0.704561 0.628505 0.260059 0.174077 0.136129 0.107473 0.809417
0.793173 0.684778 0.566047 0.846561 0.228926 0.685180 0.541002 0.317485 0.170513 0.065673 0.088809 0.771449
0.700811 0.529059 0.519266 1.027569 0.242649 0.753923 0.639565 0.285840 0.121396 0.087765 0.132077 0.890703
0.732974 0.621197 0.625520 0.845309 0.323503 0.625970 0.484846 0.210817 0.095333 0.066665 0.053107 0.863608
0.760927 0.740543 0.617063 0.892069 0.221134 0.669126 0.653789 0.234835 0.144881 0.025120 0.110225 0.867867
0.745165 0.596483 0.550772 0.922540 0.247437 0.721847 0.652397 0.358556 0.152888 0.065408 0.150790 0.802384
0.734994 0.530731 0.610330 0.959966 0.157311 0.736652 0.609151 0.272962 0.145847 0.134804 0.079718 0.796451
0.690443 0.657190 0.493997 0.795762 0.362138 0.777178 0.534548 0.198579 0.130362 -0.009228 0.182870 0.877950
0.793116 0.531282 0.612265 0.941556 0.307279 0.713617 0.493312 0.348463 0.208600 0.020275 0.151653 0.766114
0.718444 0.678335 0.700448 0.863805 0.279132 0.680506 0.588764 0.221534 0.113132 0.094843 -0.003191 0.733659
0.653906 0.668636 0.540753 0.899766 0.311162 0.785180 0.502379 0.232365 0.018363 0.073918 0.091476 0.766786
0.760908 0.713869 0.656587 0.905572 0.276928 0.675731 0.559177 0.137138 0.196163 -0.016245 0.139885 0.813526
0.674596 0.718995 0.659723 0.905075 0.334265 0.694763 0.528128 0.211495 0.061869 0.086070 0.194304 0.842662
0.686437 0.583288 0.539559 0.894262 0.276444 0.704648 0.528867 0.215616 0.133122 0.100359 0.139787 0.826416
0.729944 0.630964 0.583972 0.864628 0.282023 0.732265 0.507571 0.188263 0.022235 0.045418 0.087026 0.824740
0.707164 0.547572 0.632024 1.004257 0.262242 0.660413 0.545579 0.182415 0.045336 0.048333 0.103845 0.773306
0.723733 0.651188 0.562919 0.914910 0.258407 0.681142 0.588592 0.196753 0.086004 -0.070479 0.159540 0.792347
0.744979 0.659516 0.641502 0.865106 0.342803 0.639821 0.584106 0.232803 0.072840 0.060768 0.114008 0.811037
0.767035 0.652543 0.550345 0.907546 0.212676 0.611759 0.543388 0.216937 0.101345 0.118432 0.084536 0.846751
0.673720 0.685612 0.564683 0.900781 0.251948 0.695682 0.590734 0.304518 0.114683 0.051413 0.075044 0.875487
0.693421 0.588675 0.583602 0.776860 0.363866 0.615364 0.477063 0.226655 0.151958 0.043925 0.125589 0.839299
0.628710 0.612068 0.468944 0.918109 0.246700 0.660829 0.632284 0.265346 0.185783 0.046483 0.102823 0.784673
0.696884 0.562178 0.607779 0.962075 0.312740 0.703643 0.597030 0.258988 0.058552 0.055918 0.102889 0.772081
0.750644 0.604968 0.632448 0.863556 0.243547 0.610963 0.588170 0.251581 0.192244 0.023844 0.128809 0.787928
0.705975 0.575862 0.697870 0.931420 0.281518 0.766891 0.525889 0.175780 0.103684 0.035473 0.105612 0.809708
0.803110 0.616345 0.656900 0.833399 0.269299 0.681435 0.598720 0.256380 0.101484 -0.014684 0.142789 0.799302
0.724847 0.667730 0.635691 0.920680 0.245040 0.681903 0.500086 0.266829 0.085143 -0.007371 0.054660 0.978119
0.732478 0.600989 0.665623 0.968758 0.269776 0.611404 0.524064 0.271846 0.058238 0.036179 0.001544 0.802565
0.719934 0.594959 0.571399 0.876214 0.347655 0.651737 0.639149 0.226448 0.217673 0.136591 0.168143 0.795972
0.727540 0.545260 0.608952 0.906366 0.230059 0.766213 0.579897 0.204431 0.068222 0.026202 0.162633 0.764999
0.743855 0.654700 0.571776 0.834616 0.317222 0.693558 0.561175 0.181549 0.092911 0.189348 0.060995 0.756843
0.743414 0.565970 0.614730 0.821413 0.270148 0.600861 0.515969 0.168287 0.168297 0.166431 0.117626 0.837879
0.718311 0.620507 0.607043 0.938585 0.298121 0.692932 0.596952 0.223722 0.103507 0.065049 0.025578 0.807981
0.714221 0.565244 0.530890 0.877596 0.315793 0.729606 0.520576 0.287388 0.209854 0.049590 0.082187 0.837159
0.715971 0.512192 0.623018 0.854444 0.364654 0.696464 0.658048 0.209116 0.081978 0.155281 0.119998 0.837870
0.712328 0.648972 0.564632 0.914709 0.252585 0.629353 0.605750 0.238529 0.197567 0.041400 0.165887 0.833276
0.726516 0.636364 0.604279 0.892522 0.284736 0.639060 0.568676 0.303590 0.144660 0.134419 0.028793 0.876674
0.737956 0.533949 0.573835 0.893598 0.278256 0.690381 0.649918 0.326085 0.040301 0.050356 0.114715 0.760964
0.728959 0.659692 0.553951 0.971951 0.250425 0.689554 0.595434 0.253997 0.111135 0.068679 0.105782 0.831638
0.672348 0.662157 0.667615 0.937703 0.336036 0.693182 0.503183 0.257290 0.067430 0.062708 0.161202 0.864675
0.701149 0.654081 0.566219 0.908350 0.263977 0.700147 0.710870 0.199846 0.167197 0.093650 0.100054 0.843544
0.762255 0.697750 0.568031 0.874996 0.264564 0.657420 0.625154 0.258475 0.059246 0.050187 0.034747 0.867390
0.674558 0.600122 0.593179 0.943682 0.292930 0.611815 0.616631 0.206773 0.138911 0.026449 0.125312 0.850969
0.655921 0.545366 0.630068 0.857229 0.295205 0.674809 0.568392 0.222731 0.229445 -0.003028 0.020761 0.771209
0.673921 0.625797 0.603962 0.932718 0.249814 0.739462 0.561453 0.257773 0.251291 0.140620 0.061824 0.775445
0.749819 0.626636 0.643386 0.884813 0.332179 0.700538 0.559093 0.251659 0.141053 0.077990 0.127534 0.825091
0.702670 0.638211 0.595495 0.855486 0.281321 0.728609 0.588914 0.221447 0.088060 0.172172 0.075903 0.854173
0.669798 0.667784 0.645873 0.907816 0.311003 0.697301 0.586551 0.314729 0.088775 0.093865 0.069362 0.858117
0.739062 0.560040 0.581608 0.738229 0.346736 0.622532 0.711651 0.176123 0.192842 -0.008036 0.060812 0.882034
0.756648 0.658023 0.582572 0.929569 0.298500 0.690366 0.553319 0.245086 0.116725 0.112725 0.051267 0.866857
0.784148 0.653046 0.543782 0.805155 0.312861 0.639080 0.533413 0.289966 0.177699 0.107880 0.126064 0.749419
0.759763 0.618689 0.579217 0.807037 0.343245 0.597304 0.556834 0.184667 0.170889 0.035893 0.085684 0.889723
0.693702 0.561385 0.600678 0.950397 0.331393 0.687797 0.563583 0.270382 0.118411 0.184473 0.209636 0.793698
0.789875 0.554345 0.638951 0.952249 0.226201 0.710930 0.580648 0.193470 0.116393 0.005828 0.012688 0.855188
0.690611 0.611569 0.562908 0.886129 0.367923 0.694300 0.465756 0.242142 0.149834 0.032289 0.118990 0.797789
0.657247 0.590883 0.552283 0.808944 0.343701 0.720763 0.621963 0.333108 0.167275 0.076577 0.117626 0.737307
0.747000 0.552877 0.648461 0.835548 0.256795 0.672840 0.617436 0.261888 0.043185 0.075433 0.171014 0.754335
0.678100 0.546139 0.548423 0.945430 0.403199 0.644707 0.471230 0.355968 0.111931 0.037614 0.096584 0.924075
0.748551 0.679306 0.589097 0.844126 0.258629 0.713931 0.506457 0.297978 0.152522 0.108206 0.121718 0.839277
0.733591 0.615637 0.691810 0.926293 0.357718 0.746656 0.481916 0.274720 0.164097 0.104575 0.002582 0.782719
0.673697 0.635631 0.518176 0.858326 0.293514 0.662282 0.608657 0.258861 0.101587 -0.120515 0.119490 0.882467
0.743213 0.581425 0.545908 0.827434 0.251320 0.655994 0.504574 0.300283 0.198241 0.004873 0.030425 0.778723
0.773647 0.549226 0.669856 0.912150 0.275843 0.637198 0.527658 0.264113 0.074996 0.123158 0.164506 0.808740
0.737322 0.597294 0.616957 0.942422 0.324746 0.701189 0.536826 0.279128 0.079963 -0.058113 0.107820 0.724701
0.668810 0.563033 0.595514 0.873139 0.316487 0.658576 0.574131 0.266611 0.100644 0.005165 0.141281 0.761237
0.626349 0.589082 0.658894 0.914982 0.321316 0.739283 0.511749 0.239328 0.150408 0.011939 0.141771 0.809483
0.752263 0.615451 0.655268 0.932348 0.139914 0.742579 0.580385 0.201662 0.082869 0.112784 0.208344 0.834906
0.608138 0.636106 0.612312 0.866824 0.261824 0.808054 0.589453 0.304268 0.105107 0.045697 0.175437 0.851559
0.780783 0.658258 0.644716 0.833420 0.288502 0.640035 0.567798 0.280447 0.195831 0.042640 0.096936 0.767619
0.630924 0.615687 0.600521 0.961438 0.288131 0.702150 0.584842 0.277876 0.085265 0.055895 0.211945 0.819928
0.685664 0.590322 0.554013 0.885997 0.297078 0.639371 0.560028 0.282118 0.063749 0.042700 0.068232 0.859513
0.737771 0.602634 0.610848 0.745569 0.227463 0.713208 0.541221 0.354173 0.129898 0.050193 0.096045 0.844895
0.719200 0.590835 0.583731 0.823206 0.280401 0.675559 0.581924 0.240164 0.067177 0.140850 0.184510 0.809387
0.765102 0.602551 0.576499 0.875748 0.299249 0.686081 0.565336 0.157495 0.167311 -0.023765 0.152127 0.874960
0.725060 0.543158 0.564493 0.827931 0.285832 0.669320 0.534974 0.257557 0.138306 0.135304 0.080102 0.822819
0.729544 0.637181 0.632007 0.924576 0.355756 0.649795 0.547402 0.318956 0.184568 0.104676 0.119796 0.837280
0.766991 0.620697 0.622880 0.954921 0.278317 0.687361 0.519745 0.227529 0.043149 0.080714 0.071596 0.838568
0.700516 0.603933 0.627673 0.896276 0.221249 0.604851 0.660562 0.251610 0.148910 0.081414 0.155969 0.829170
0.661328 0.617783 0.591747 0.793468 0.290735 0.639927 0.586694 0.249995 0.078043 0.005767 0.127248 0.770252
0.773746 0.706176 0.556695 0.929295 0.284475 0.645212 0.573133 0.269658 0.084600 -0.008078 0.086406 0.824448
0.744164 0.638846 0.602902 0.901972 0.336303 0.656676 0.580831 0.264129 0.095676 0.168528 0.068715 0.883440
0.739621 0.682175 0.654100 0.940351 0.329752 0.757324 0.504323 0.233119 0.114609 0.112042 0.042141 0.843252
0.608185 0.591670 0.593243 0.906736 0.301069 0.668686 0.575556 0.296958 0.179235 -0.003592 0.036503 0.894242
0.808886 0.604959 0.683323 0.943881 0.270105 0.701842 0.576023 0.284818 0.058278 0.063617 0.209383 0.776642
0.640732 0.588483 0.484141 0.870099 0.280862 0.641894 0.639987 0.170033 0.013267 -0.013470 0.126979 0.878318
0.773934 0.603832 0.553505 0.878515 0.283527 0.750906 0.507779 0.204337 0.161676 -0.005840 0.159652 0.883389
0.681806 0.565260 0.571726 0.962201 0.268775 0.688528 0.548188 0.287237 0.013958 -0.042842 0.140643 0.875017
0.777923 0.630078 0.574068 0.843272 0.320066 0.659520 0.523582 0.175434 0.072529 -0.033533 0.078846 0.828847
0.760124 0.676818 0.559318 0.886357 0.226888 0.676730 0.570775 0.189288 0.166159 0.047352 0.176393 0.786493
0.746992 0.586548 0.655385 0.887191 0.259019 0.680577 0.520632 0.301842 0.005997 0.065618 0.065108 0.876303
0.728943 0.677279 0.583516 0.836575 0.313639 0.606884 0.624151 0.202581 0.122545 0.087098 0.098615 0.856686
0.719829 0.643556 0.594379 0.881223 0.288353 0.693699 0.641496 0.206504 0.159766 0.096947 0.036576 0.828511
0.682794 0.650089 0.729399 0.928030 0.246822 0.662208 0.598174 0.211342 0.093385 0.077198 0.073953 0.885585
0.670785 0.580648 0.553110 0.823768 0.221256 0.667285 0.510129 0.185224 0.051804 0.066153 0.174402 0.818772
0.698055 0.679377 0.635097 0.864590 0.274764 0.600490 0.620208 0.257786 0.175766 0.070287 0.119284 0.824546
0.758252 0.624420 0.619853 0.834756 0.402364 0.687805 0.539989 0.195824 0.171043 0.095300 0.140164 0.770184
0.771293 0.648621 0.673234 0.930597 0.233032 0.589558 0.526078 0.322063 0.096600 0.112020 0.083026 0.817198
0.655450 0.663510 0.547907 0.898954 0.327126 0.694309 0.557943 0.219128 0.137071 0.011865 0.123340 0.810838
0.714681 0.680885 0.602219 0.895879 0.273795 0.723526 0.542433 0.249499 0.146986 0.112227 0.160237 0.815062
0.663208 0.586490 0.522129 0.844902 0.319654 0.691857 0.492016 0.314539 0.132356 -0.023278 0.030924 0.914395
0.661380 0.576861 0.609027 0.871475 0.372454 0.731595 0.573089 0.228848 0.068697 0.130472 0.113418 0.887143
0.692129 0.608155 0.590360 0.872912 0.274208 0.737295 0.558903 0.141695 0.119636 -0.007450 0.098956 0.835718
0.593193 0.563479 0.560148 0.875006 0.276378 0.687470 0.556827 0.285162 0.104414 0.086826 0.054991 0.728865
0.727214 0.610496 0.619445 0.899282 0.268378 0.665717 0.528057 0.101855 0.121273 -0.003054 0.122183 0.795776
0.687550 0.613770 0.614711 0.928005 0.344479 0.643323 0.633476 0.203796 0.116305 0.022069 0.204782 0.795775
0.737420 0.571107 0.497682 0.867838 0.320393 0.780414 0.610305 0.232130 0.125520 0.051365 0.052637 0.787723
0.769840 0.631558 0.572205 0.932515 0.321608 0.674157 0.508148 0.247888 0.157629 0.016397 0.106525 0.759191
0.727394 0.612586 0.654133 0.875077 0.412603 0.553911 0.608383 0.269003 0.003180 0.036444 0.114265 0.833160
0.796633 0.617847 0.680314 0.834314 0.262950 0.592049 0.625720 0.236838 0.175938 0.035039 -0.009139 0.938085
0.796743 0.589085 0.512293 0.895604 0.240419 0.688043 0.536892 0.271135 0.173147 -0.035990 0.176669 0.764259
0.738531 0.608366 0.681999 0.886461 0.302040 0.674358 0.622843 0.216865 0.012030 0.027584 0.126517 0.847506
0.750362 0.607167 0.683891 0.881417 0.331511 0.745760 0.519651 0.211620 0.072175 0.060723 0.044672 0.767572
0.656941 0.603803 0.566145 0.901152 0.258686 0.612993 0.536486 0.134922 0.118292 -0.031303 0.083230 0.792826
0.636522 0.475859 0.610992 0.866816 0.309026 0.641804 0.560014 0.214874 0.083688 0.069165 0.065476 0.837872
0.780127 0.517867 0.594807 0.845415 0.300384 0.691439 0.553788 0.208163 0.098391 0.092724 0.107341 0.869924
0.711373 0.553133 0.636761 0.839663 0.171700 0.656535 0.558739 0.280243 0.055763 0.085449 0.140042 0.795047
0.759233 0.640108 0.612530 0.980498 0.272504 0.651341 0.565853 0.301598 0.084701 0.046489 0.066889 0.806684
0.692215 0.584565 0.578113 0.930336 0.259428 0.655727 0.562794 0.224367 0.153854 0.033973 0.112446 0.867293
0.669170 0.561632 0.604379 0.863160 0.263711 0.596884 0.611490 0.295122 0.077955 0.056850 -0.005073 0.799047
0.756809 0.558303 0.561424 0.924682 0.322663 0.695523 0.592771 0.148964 0.037557 0.124112 0.041889 0.800652
0.664901 0.654466 0.650470 0.924118 0.179426 0.711459 0.605181 0.194269 0.179819 0.040561 0.072440 0.821105
0.667596 0.605478 0.528871 0.850940 0.302395 0.712518 0.527442 0.197926 0.141775 0.061531 0.087236 0.712791
0.591498 0.686811 0.577250 0.876700 0.336985 0.640266 0.664936 0.289455 0.083605 0.095198 0.071373 0.875003
0.660489 0.529641 0.536863 0.876168 0.226659 0.636175 0.537097 0.265513 0.032384 0.116650 0.100070 0.711853
0.779981 0.589337 0.662172 0.879318 0.301046 0.659066 0.574613 0.173148 0.164311 -0.011524 0.017338 0.787224
0.768706 0.550713 0.619122 0.945664 0.330148 0.612241 0.558942 0.301435 0.141709 0.134471 0.165993 0.793034
0.662831 0.636636 0.542898 0.925330 0.267602 0.666039 0.567095 0.265313 0.145282 0.034106 0.074719 0.801537
0.666430 0.489561 0.610746 0.980449 0.291168 0.717437 0.536786 0.197067 0.090840 0.109680 0.133386 0.798012
0.751555 0.542770 0.651493 0.863012 0.244340 0.788134 0.603794 0.162055 0.144101 0.099936 0.108111 0.841998
0.742515 0.563714 0.561469 0.906262 0.286759 0.590431 0.529562 0.279619 0.225950 0.115585 0.152716 0.811569
0.657276 0.536762 0.647806 0.848523 0.303363 0.710449 0.608008 0.315682 0.083885 0.040997 0.151686 0.815100
0.731439 0.565561 0.653890 0.901921 0.172994 0.684982 0.636827 0.230208 0.128444 0.053848 0.128963 0.698180
0.766487 0.724254 0.629529 0.784977 0.218941 0.640837 0.630413 0.134368 0.110204 0.069753 0.144951 0.789170
0.661564 0.589511 0.644158 0.870336 0.270163 0.688854 0.582414 0.240476 0.050422 -0.009193 0.110131 0.817649
0.713455 0.717989 0.652239 0.904365 0.257533 0.736294 0.499379 0.239313 0.073937 0.011036 0.107120 0.776886
0.702747 0.582469 0.550014 0.897832 0.261379 0.682565 0.589180 0.226242 0.070254 0.013682 0.100156 0.819210
0.720329 0.550884 0.682187 0.845526 0.251252 0.690768 0.563838 0.276886 0.131190 0.060934 0.088616 0.825796
0.731624 0.665421 0.544019 0.974342 0.333409 0.620902 0.595821 0.322189 0.040020 0.155821 0.113769 0.748212
0.733903 0.575364 0.631554 0.899101 0.251714 0.683884 0.554902 0.282534 0.050828 0.020490 0.031739 0.870405
0.805390 0.654065 0.688013 0.833803 0.241941 0.721952 0.518934 0.215059 0.136951 0.088566 0.019831 0.815076
0.798129 0.573723 0.596326 0.867808 0.363069 0.664212 0.599375 0.281664 0.107153 0.058532 0.184360 0.733793
0.718771 0.589898 0.577464 0.815338 0.283761 0.753091 0.617040 0.231035 0.222255 0.089588 0.199024 0.810466
0.733247 0.658063 0.574815 0.871275 0.248055 0.702022 0.644244 0.253395 0.138226 0.115569 0.071238 0.829568
0.752714 0.536491 0.558464 0.758511 0.299990 0.672112 0.671916 0.267705 0.210948 0.053931 0.148900 0.845026
0.780238 0.601389 0.678859 0.917773 0.254165 0.644951 0.580957 0.194587 0.128692 0.058947 0.109844 0.818494
0.700310 0.533764 0.525734 0.838499 0.226898 0.702286 0.538606 0.202992 0.129125 0.071702 0.194499 0.738044
0.760710 0.648278 0.559978 0.874598 0.316123 0.730093 0.575496 0.222599 0.107047 -0.003335 0.126018 0.780119
0.724074 0.526706 0.647754 0.780521 0.302403 0.577560 0.578612 0.253344 0.158040 0.040635 0.130754 0.819140
0.798631 0.519036 0.661989 0.851411 0.226246 0.707987 0.578423 0.314831 0.199083 0.034886 0.168321 0.797718
0.760641 0.569446 0.583846 0.897450 0.321469 0.638532 0.546022 0.236088 0.186211 0.063425 0.169012 0.932695
0.669217 0.675341 0.530020 0.926670 0.251586 0.669551 0.454324 0.218049 0.163297 0.068331 0.059539 0.872857
0.693759 0.629464 0.550106 0.855476 0.241166 0.615114 0.562749 0.253468 0.157170 -0.036168 0.181142 0.799986
0.700911 0.590069 0.568763 0.898962 0.274212 0.605252 0.624231 0.300105 0.052013 -0.001863 0.142730 0.788317
0.767948 0.543417 0.538703 0.898683 0.249066 0.647302 0.546062 0.294096 0.100845 0.097534 0.162327 0.806098
0.725297 0.562281 0.637366 0.861495 0.312105 0.652955 0.648889 0.245798 0.085615 0.178906 0.067796 0.802027
0.732625 0.690875 0.598857 0.828867 0.275435 0.648284 0.525934 0.230204 0.096859 0.087049 0.067137 0.892276
0.762617 0.563490 0.622143 0.904557 0.263063 0.694064 0.616320 0.280800 0.187013 0.092475 0.051966 0.847776
0.686280 0.550218 0.609026 0.850612 0.186301 0.703937 0.549852 0.202252 0.148098 0.089009 0.105170 0.765697
0.721432 0.653364 0.555494 0.919873 0.344085 0.695685 0.552727 0.280469 0.151759 0.105435 0.089610 0.748590
0.716141 0.662898 0.616190 0.828566 0.283097 0.666721 0.470409 0.174269 0.134313 0.073990 0.192585 0.863589
0.789905 0.627842 0.670779 0.828491 0.314010 0.677469 0.676335 0.280389 0.072123 0.020812 0.099405 0.792028
0.716612 0.626403 0.561838 0.952608 0.386353 0.636516 0.492238 0.242079 0.140305 0.006025 0.144235 0.806285
0.801518 0.572803 0.634708 0.989719 0.329412 0.796268 0.647716 0.275315 0.078458 0.094184 0.074957 0.841283
0.740780 0.553300 0.611647 0.840132 0.350852 0.696882 0.604044 0.303696 0.099407 0.062173 0.131964 0.815752
0.751894 0.601429 0.700202 0.821460 0.279810 0.654645 0.561900 0.271585 0.082578 0.068521 0.061618 0.713117
0.724550 0.632926 0.594033 0.995019 0.266272 0.765563 0.508727 0.307923 0.120064 0.077533 0.045398 0.728717
0.782059 0.532604 0.600477 0.945752 0.336116 0.657090 0.601526 0.263393 0.125027 0.022827 0.009296 0.793649
0.716184 0.592869 0.673293 0.916973 0.302629 0.725437 0.564547 0.274561 0.112146 0.077137 0.136127 0.775565
0.706019 0.681359 0.630966 0.836746 0.330527 0.698835 0.627797 0.290946 0.108411 0.027521 0.152908 0.838337
0.755083 0.594574 0.578031 0.892364 0.354386 0.686658 0.568610 0.235738 0.094783 0.048487 0.164981 0.742651
0.683044 0.611919 0.609161 0.994218 0.338797 0.667373 0.551171 0.217666 0.142283 -0.027805 0.110133 0.710325
0.748601 0.547115 0.570537 0.907241 0.278244 0.608713 0.526425 0.202081 0.244615 -0.050023 0.070287 0.723851
0.611026 0.647512 0.688522 0.807325 0.333859 0.563707 0.544118 0.241666 0.157523 0.039130 0.064411 0.791136
0.693410 0.652779 0.561372 0.916473 0.250987 0.813498 0.586286 0.219217 0.057979 0.028390 0.189792 0.761361
0.853434 0.633946 0.599405 0.813386 0.245257 0.682310 0.534568 0.316309 0.112994 0.119970 0.188671 0.714516
0.685128 0.621338 0.641680 0.931810 0.265025 0.577197 0.468609 0.263328 0.069229 0.053255 0.150324 0.786289
0.779901 0.561942 0.628706 0.866928 0.289385 0.719992 0.559594 0.275734 0.091455 0.071496 0.027598 0.782997
0.730857 0.603441 0.593162 0.879888 0.383551 0.688971 0.560848 0.164685 0.097858 0.042254 0.084672 0.828376
0.739447 0.641984 0.571241 0.820040 0.242329 0.663599 0.556993 0.254250 0.047760 0.023856 0.119258 0.828011
0.746922 0.518874 0.487123 0.893494 0.369459 0.674022 0.511894 0.262971 0.075441 0.080715 0.126465 0.858963
0.713643 0.642347 0.594508 0.955378 0.315458 0.679114 0.617917 0.282235 -0.026627 -0.000113 0.121852 0.750829
0.697171 0.621855 0.562996 0.876193 0.276285 0.717577 0.585391 0.311240 0.109798 0.109216 0.107567 0.750457
0.732384 0.623262 0.599489 0.869427 0.292648 0.611359 0.589812 0.152745 0.216803 0.162939 0.130868 0.867332
0.743367 0.647269 0.654503 0.907717 0.261753 0.711544 0.547144 0.297756 0.144809 0.072507 0.023452 0.826107
0.708529 0.624536 0.563793 0.963319 0.274451 0.755821 0.558215 0.203963 0.173680 0.101668 0.157041 0.834453
0.675861 0.587635 0.563137 0.923159 0.193745 0.622283 0.549792 0.231675 0.066097 0.088835 0.097429 0.736927
0.701384 0.623083 0.722329 0.874623 0.261494 0.626859 0.524996 0.207066 0.094027 0.104033 0.156830 0.881090
0.764545 0.594002 0.656595 0.916887 0.333245 0.639993 0.655534 0.257487 0.057655 0.064549 0.177061 0.854623
0.703883 0.642582 0.469852 0.843913 0.191058 0.765258 0.611482 0.304269 0.145315 0.001095 0.150045 0.718634
0.684357 0.673426 0.601495 0.947486 0.313257 0.728258 0.521721 0.296026 0.162580 0.099458 0.231647 0.888948
0.677935 0.562447 0.566937 0.834942 0.226700 0.696610 0.538139 0.233432 0.131903 0.030446 0.080137 0.843727
0.762942 0.556013 0.562770 0.921106 0.420037 0.678264 0.668424 0.220011 0.110435 0.036532 0.056434 0.849683
0.746199 0.567557 0.531416 0.955139 0.430456 0.659865 0.614804 0.232746 0.055452 0.047659 0.056930 0.857463
0.793002 0.601794 0.560090 0.846072 0.270105 0.621271 0.518338 0.284375 0.112130 0.056385 0.077948 0.809297
0.768405 0.666647 0.686825 0.958920 0.282746 0.625741 0.603682 0.271425 0.018114 0.079848 0.044631 0.832668
0.805810 0.634328 0.648154 0.920507 0.201606 0.682586 0.571805 0.223660 0.157258 0.069631 0.126991 0.693491
0.706950 0.534827 0.684018 0.988094 0.271356 0.573319 0.600394 0.270029 0.076575 0.000475 0.153783 0.835701
0.718547 0.617914 0.635332 0.907521 0.309215 0.633792 0.558880 0.244824 0.132880 0.057969 0.214362 0.791491
0.674982 0.627268 0.599628 0.934343 0.342049 0.626673 0.493446 0.273798 0.100017 -0.002000 0.150318 0.845335
0.664206 0.616626 0.550802 0.888289 0.281346 0.611859 0.644916 0.230822 0.148670 -0.000111 0.165866 0.804021
0.751634 0.542820 0.553350 0.925459 0.323796 0.715144 0.553391 0.385640 0.151941 0.124091 0.054004 0.717770
0.675458 0.620864 0.635087 0.760868 0.349827 0.714290 0.621289 0.208473 0.130439 0.055382 0.115809 0.868681
0.744580 0.570479 0.589836 0.844922 0.243743 0.708124 0.647606 0.217175 0.058049 0.074403 0.130416 0.816749
0.671716 0.537587 0.652866 0.924195 0.334115 0.650412 0.604469 0.350863 0.116879 0.105139 0.125336 0.820745
0.700955 0.613495 0.692495 0.967195 0.283435 0.585311 0.463075 0.155645 0.161585 0.111131 0.088476 0.720916
0.689921 0.674081 0.571900 0.833293 0.223708 0.716148 0.562534 0.282807 0.160611 -0.018184 0.138773 0.880411
0.768650 0.576067 0.670876 0.921622 0.255609 0.668543 0.551826 0.311546 0.133579 0.115694 0.150046 0.709272
0.808947 0.539716 0.619055 0.863321 0.230721 0.646242 0.543271 0.316137 0.155653 0.034860 0.101542 0.768811
0.778819 0.616460 0.582057 0.922367 0.289794 0.583502 0.577476 0.279551 0.126194 0.031888 0.118329 0.736206
0.779201 0.589982 0.582354 0.916880 0.227295 0.583742 0.568033 0.261582 0.142031 0.002183 0.149480 0.769611
0.602857 0.639839 0.562140 0.867838 0.312528 0.615834 0.598805 0.149404 0.167188 0.011918 0.156775 0.787053
0.740440 0.589088 0.631528 0.884568 0.226075 0.669712 0.576165 0.245403 0.054305 0.047505 0.156567 0.830466
0.787694 0.617313 0.719300 0.947345 0.347023 0.631374 0.561947 0.216256 0.120351 0.000063 0.061175 0.820315
0.766985 0.622962 0.574645 0.987073 0.207813 0.621695 0.587347 0.218140 0.173301 0.006632 0.066187 0.774953
0.767227 0.573425 0.578486 0.925012 0.200631 0.695905 0.610228 0.206522 0.078820 -0.014941 0.057086 0.754850
0.791769 0.565872 0.616814 0.778405 0.331906 0.629178 0.502257 0.207748 0.176008 0.037166 0.120203 0.788381
0.748780 0.579320 0.608556 0.924135 0.227965 0.587549 0.576411 0.206897 0.146635 0.113709 0.076218 0.750177
0.751239 0.666174 0.592673 0.896504 0.299322 0.768554 0.538058 0.256759 0.198921 0.049222 0.150879 0.779577
0.645568 0.563466 0.658799 0.818109 0.286434 0.642691 0.616197 0.264371 0.125104 0.049399 0.080339 0.830905
0.809587 0.556433 0.609265 0.850612 0.300959 0.669828 0.613608 0.220950 0.129796 0.066166 0.109229 0.778053
0.765323 0.675395 0.639599 0.881591 0.191282 0.622413 0.631692 0.307197 0.213726 0.060584 0.108017 0.804323
0.725198 0.557850 0.553362 0.884713 0.193479 0.671047 0.603155 0.265441 0.139433 0.113889 0.170911 0.850176
0.788652 0.612792 0.543762 0.941061 0.211874 0.702520 0.544133 0.162459 0.122711 0.090277 0.136439 0.900375
0.779277 0.562617 0.644428 0.892363 0.347310 0.642815 0.549802 0.212558 0.092621 0.201793 0.090668 0.942700
0.717435 0.602975 0.578238 0.871945 0.296617 0.604411 0.577255 0.172151 0.081337 0.059410 0.233723 0.818526
0.689192 0.655714 0.560864 0.924536 0.245793 0.642633 0.499596 0.194657 0.094534 0.076804 0.102825 0.739706
0.707734 0.638735 0.674050 0.918481 0.216587 0.545474 0.508312 0.191499 0.031703 0.004877 0.117192 0.655453
0.669436 0.679782 0.643847 0.812553 0.272887 0.706113 0.595458 0.201140 0.156568 0.167946 0.211648 0.699086
0.654081 0.660276 0.653154 0.911609 0.297672 0.757382 0.529049 0.282343 0.143837 -0.041859 0.081721 0.749579
0.672197 0.575596 0.646581 0.937087 0.273904 0.669066 0.610993 0.313047 0.099781 0.039120 0.059215 0.777066
0.745843 0.525985 0.600363 0.915324 0.292061 0.667780 0.571372 0.218968 0.049868 0.098637 0.096009 0.753761
0.728895 0.507905 0.607696 0.832993 0.259893 0.722095 0.615277 0.331120 0.194001 0.009947 0.185488 0.768052
0.721878 0.571159 0.636337 0.900943 0.299578 0.684977 0.507100 0.309338 0.087829 0.168037 0.033726 0.843869
0.771257 0.598501 0.578571 0.843999 0.319675 0.661476 0.562124 0.315883 0.147399 0.034283 0.126362 0.739585
0.769063 0.661966 0.577273 0.975871 0.254690 0.662616 0.591237 0.112534 0.131610 0.094817 0.156185 0.813061
0.704663 0.616808 0.773863 0.934220 0.285890 0.682364 0.569985 0.165372 0.157958 0.057813 0.191454 0.779556
0.675758 0.470429 0.646242 0.906339 0.207374 0.776037 0.653099 0.206824 0.116725 0.034282 0.129042 0.870217
0.777506 0.577759 0.635963 0.860940 0.162750 0.654311 0.653498 0.161961 0.165905 0.141105 0.115204 0.774154
0.717629 0.592785 0.566116 0.817091 0.324512 0.675305 0.578617 0.255556 0.089931 0.034650 0.073633 0.812633
0.799110 0.552610 0.688771 0.894772 0.229427 0.721620 0.526917 0.365076 0.135141 0.057365 0.061348 0.770359
0.764394 0.600437 0.641838 0.907046 0.313259 0.751947 0.541831 0.175264 0.080413 0.078410 0.146119 0.829034
0.698512 0.590079 0.524662 0.921835 0.242013 0.637774 0.552424 0.240372 0.124170 0.003929 0.137891 0.862249
0.742258 0.662634 0.666726 0.961077 0.157810 0.633216 0.550318 0.257759 0.156309 -0.017685 0.127617 0.772865
0.805395 0.641438 0.632875 0.960174 0.304489 0.656200 0.492023 0.234178 0.088112 0.023287 0.056327 0.810643
0.684349 0.619616 0.617214 0.909186 0.302614 0.645080 0.503865 0.246515 0.131915 -0.031758 0.113143 0.744864
0.688543 0.680368 0.612315 0.866541 0.325182 0.686604 0.596565 0.210562 0.052872 0.006191 0.114065 0.772225
0.735951 0.653979 0.640882 0.896135 0.401587 0.654850 0.599760 0.173038 0.141124 0.050532 0.164953 0.765470
0.642815 0.536255 0.558366 0.809144 0.358433 0.720045 0.490567 0.222339 0.149268 0.050891 0.131850 0.838703
0.688383 0.513682 0.622984 0.922443 0.204079 0.616438 0.560402 0.213537 0.081070 0.103676 0.030321 0.824332
0.645459 0.666836 0.575005 0.774211 0.247777 0.671249 0.576965 0.307945 0.170786 0.079707 0.219131 0.814379
0.869625 0.615374 0.601411 0.777913 0.306299 0.662410 0.596697 0.261704 0.047084 0.067300 0.210731 0.965537
0.733071 0.593859 0.603884 1.000444 0.235765 0.678638 0.611901 0.198472 0.207490 0.010778 0.084538 0.777971
0.735785 0.596167 0.603917 0.943395 0.270466 0.643309 0.574906 0.222131 0.160074 0.041017 0.114855 0.863090
0.730831 0.630124 0.538959 0.912724 0.273346 0.634634 0.557945 0.257559 0.137153 0.027635 0.147334 0.978369
0.788808 0.628252 0.624227 0.844063 0.264135 0.622885 0.565805 0.193194 0.058893 0.070650 0.080073 0.742411
0.663639 0.671197 0.582359 0.887197 0.312140 0.596725 0.568954 0.253957 0.012404 -0.026930 0.173402 0.886824
0.724007 0.564200 0.522455 0.761444 0.304485 0.663621 0.624665 0.332295 0.209491 -0.003480 0.104474 0.789447
0.716917 0.579734 0.616871 0.887342 0.278613 0.743210 0.569731 0.244764 0.088514 -0.006050 0.115978 0.865080
0.643435 0.494788 0.632624 0.867367 0.278349 0.623030 0.545398 0.218704 0.079807 -0.026743 0.095329 0.830195
0.727472 0.650737 0.599543 0.831935 0.344578 0.635786 0.594818 0.249492 0.092014 -0.031220 -0.004187 0.843753
0.747261 0.540161 0.602836 0.873599 0.337864 0.566756 0.605292 0.237981 0.134992 0.058706 0.125087 0.852921
0.701975 0.644974 0.677069 0.857225 0.195281 0.665631 0.540473 0.232613 0.106493 0.044714 0.085954 0.850704
0.767571 0.621783 0.593448 0.890686 0.238074 0.666476 0.602575 0.233495 0.114620 0.019362 0.134174 0.796177
0.830415 0.679383 0.584112 0.894704 0.278854 0.688769 0.581602 0.239054 0.078044 0.050809 0.060641 0.833515
0.634015 0.662078 0.607049 0.834965 0.303657 0.716202 0.554423 0.234109 0.148797 0.042378 0.075842 0.876198
0.739632 0.589811 0.595400 0.835273 0.229707 0.650190 0.579577 0.218425 0.012986 0.055873 0.113472 0.763698
0.683530 0.632657 0.557651 0.952757 0.257835 0.670507 0.500224 0.260508 0.083237 0.082530 0.108958 0.881324
0.669517 0.594431 0.620772 0.948506 0.280855 0.640034 0.493719 0.195360 0.021135 -0.080412 0.098214 0.772771
0.721448 0.561351 0.620884 0.841622 0.289296 0.715264 0.611330 0.158516 0.072503 0.051762 0.017841 0.788283
0.739725 0.609104 0.696986 0.867937 0.263065 0.678826 0.616547 0.199796 0.103890 0.020835 0.087010 0.788915
0.807590 0.642222 0.580220 0.900008 0.332611 0.663003 0.556688 0.260793 0.093593 0.051106 0.044382 0.814068
0.800241 0.688987 0.581623 0.869094 0.358409 0.673782 0.565351 0.165274 0.138788 0.086645 0.104740 0.775685
0.796363 0.631726 0.575686 0.865736 0.273027 0.647622 0.577103 0.271793 0.113077 0.102789 0.052314 0.842022
0.710114 0.622395 0.590502 0.919111 0.256340 0.653332 0.650693 0.141364 0.140891 0.034145 0.100695 0.873340
0.731544 0.576023 0.604487 0.898698 0.253979 0.730908 0.663133 0.281825 0.184398 0.049833 0.103863 0.823513
0.716935 0.559879 0.720552 0.901271 0.320639 0.690258 0.635011 0.292785 0.125615 0.061859 0.102239 0.839699
0.693896 0.588406 0.570040 0.876742 0.301790 0.794608 0.548615 0.285973 0.079602 0.102877 0.202956 0.783426
0.677508 0.585684 0.543921 0.938937 0.183330 0.707164 0.532702 0.337935 0.088909 0.068550 0.107191 0.748837
0.741606 0.725826 0.635285 0.855267 0.271026 0.667043 0.617978 0.121474 0.048508 0.088034 0.103075 0.818169
0.749159 0.611712 0.637427 0.904319 0.234982 0.630699 0.571020 0.226428 0.093600 0.043591 0.053682 0.830441
0.728276 0.541415 0.593364 0.815390 0.302707 0.591532 0.647681 0.242387 0.079870 -0.091454 0.077372 0.809038
0.836028 0.660838 0.587568 0.956404 0.289557 0.690277 0.584901 0.177910 0.129091 0.058773 0.143290 0.838041
0.749262 0.668805 0.527402 0.857018 0.275027 0.725522 0.628077 0.245985 0.138843 0.026195 0.145044 0.786506
0.720971 0.600637 0.625456 0.878572 0.295038 0.704073 0.511684 0.215008 -0.013285 0.076945 0.107860 0.843363
0.700902 0.626154 0.633478 0.915988 0.351401 0.624797 0.617449 0.282984 0.025727 -0.025078 0.109034 0.799390
0.730585 0.592730 0.615808 0.941949 0.225385 0.655201 0.643096 0.265046 0.157163 0.063226 0.107288 0.747962
0.762203 0.577477 0.673557 0.819311 0.199027 0.631378 0.565232 0.256011 0.157158 0.054630 0.164730 0.748668
0.736030 0.536074 0.705826 0.864689 0.243616 0.680995 0.708176 0.179980 0.201129 0.137540 0.046919 0.869822
0.589123 0.571539 0.663048 0.880485 0.267906 0.659848 0.586159 0.222277 0.119831 0.061451 0.190173 0.875836
0.655543 0.569912 0.546883 0.918596 0.408360 0.673553 0.610231 0.251882 0.130400 -0.011116 0.137315 0.782499
0.659814 0.601853 0.634176 0.786343 0.220439 0.772760 0.500461 0.359584 0.082200 0.066516 0.085713 0.798776
0.734149 0.584616 0.603752 0.921168 0.201712 0.631415 0.549607 0.228900 0.069852 0.024671 0.217625 0.765723
0.744864 0.713126 0.613018 0.862920 0.311615 0.686312 0.561813 0.215327 0.143874 0.052836 0.031214 0.859393
0.747741 0.594008 0.582326 0.879655 0.247892 0.702926 0.609070 0.377490 0.103302 0.107328 0.080531 0.847301
0.746195 0.622587 0.646457 0.815154 0.242471 0.650473 0.636715 0.218972 0.063057 -0.030293 0.139614 0.884824
0.535915 0.627570 0.549572 0.865829 0.209571 0.727350 0.647616 0.243782 0.216807 0.024108 0.061619 0.884660
0.739711 0.655280 0.651634 0.827678 0.270184 0.602359 0.617102 0.324506 0.121657 0.016000 0.104050 0.833215
0.793322 0.723633 0.607128 0.820586 0.257413 0.589425 0.564435 0.244620 0.100376 0.022959 0.016956 0.888226
0.697622 0.620587 0.570828 0.874957 0.213453 0.624175 0.568438 0.197481 0.062312 0.146762 0.126731 0.787918
0.692422 0.677701 0.612670 0.870064 0.335329 0.648897 0.624125 0.200420 0.067700 -0.065546 0.137680 0.838366
0.712631 0.606135 0.675944 0.993744 0.375966 0.678906 0.603047 0.290473 0.072315 0.163265 0.066306 0.719030
0.710811 0.595142 0.637561 0.891781 0.376460 0.668215 0.513884 0.331731 0.118697 0.041916 0.066354 0.897055
0.688931 0.586496 0.595806 0.929969 0.333845 0.743045 0.583904 0.309999 0.138439 0.038275 0.122754 0.726254
0.690924 0.695863 0.625075 0.843493 0.297309 0.648369 0.563279 0.314352 0.153564 0.080101 0.135335 0.744603
0.709059 0.667766 0.696986 0.966007 0.202790 0.730367 0.568920 0.260522 0.140338 0.004802 0.092300 0.757473
0.778191 0.649901 0.639848 0.828247 0.199436 0.762169 0.627251 0.233855 0.104338 0.060492 0.037917 0.825587
0.805977 0.634837 0.587501 0.915998 0.253107 0.707873 0.573213 0.244315 0.042839 0.010111 0.104688 0.851747
0.711333 0.701738 0.645680 0.820320 0.273423 0.695018 0.551727 0.235820 0.162897 0.114535 0.023775 0.873754
0.743017 0.624036 0.625052 0.900313 0.280430 0.724892 0.596720 0.238936 0.119710 0.038391 0.149418 0.819200
0.599170 0.653634 0.568727 0.784334 0.337601 0.785090 0.570659 0.233563 0.129728 -0.008686 0.104522 0.934032
0.701300 0.613315 0.552700 0.895908 0.276997 0.633981 0.606300 0.187467 0.132883 0.093481 0.206403 0.901006
0.841583 0.649934 0.675439 0.801009 0.359483 0.673433 0.556069 0.269491 0.136183 0.006462 0.130414 0.860921
0.729452 0.583527 0.745378 0.910399 0.347739 0.710031 0.596967 0.253710 0.074992 0.131452 0.079276 0.851004
0.753694 0.537378 0.649033 0.972415 0.348315 0.685911 0.599958 0.282992 0.134991 0.076834 0.153679 0.788336
0.720330 0.624670 0.599893 0.751609 0.225703 0.751642 0.535905 0.259370 0.124228 0.053147 0.026202 0.863288
0.702090 0.633210 0.637510 0.812722 0.399390 0.695505 0.603695 0.192431 0.133501 0.049956 0.175936 0.958080
0.693403 0.629707 0.535927 0.957059 0.361875 0.700903 0.605902 0.181933 0.062720 0.033918 0.099526 0.746993
0.639390 0.624338 0.711356 0.871895 0.305878 0.747741 0.557075 0.259445 0.217912 0.027446 0.153486 0.763326
0.730587 0.600898 0.578020 0.840712 0.327312 0.639640 0.554733 0.194130 0.079882 0.078977 0.154188 0.842648
0.712662 0.642409 0.545937 0.784042 0.368585 0.564701 0.528897 0.281266 0.105406 0.049922 0.164128 0.819537
0.723703 0.643483 0.556194 0.830864 0.281614 0.656406 0.625886 0.271525 0.138998 0.053818 0.054648 0.767758
0.642682 0.576314 0.584227 0.934026 0.294040 0.559857 0.564200 0.156148 0.103817 0.106897 0.142871 0.786096
0.761981 0.587433 0.580251 0.883272 0.181425 0.697660 0.528094 0.175102 0.193128 0.043815 0.050301 0.846656
0.729804 0.645013 0.702814 0.911771 0.271720 0.716731 0.506255 0.282227 0.089178 0.091452 0.121984 0.834107
0.719237 0.593250 0.529907 0.853745 0.291770 0.660499 0.502805 0.280624 0.098811 0.011447 0.019878 0.714101
0.732752 0.599655 0.649327 0.844872 0.206805 0.667109 0.438159 0.210851 0.061594 0.039523 0.103243 0.764054
0.696630 0.679165 0.599625 0.829177 0.159125 0.760409 0.538491 0.208861 0.051548 0.144399 0.097789 0.854427
0.760567 0.533255 0.630122 0.889868 0.333976 0.737785 0.541101 0.320189 0.208210 0.098147 0.099126 0.901646
0.665514 0.659506 0.478998 0.889848 0.300854 0.696358 0.629736 0.187254 0.112714 -0.083485 0.078643 0.880083
0.762016 0.628531 0.556801 0.927463 0.285532 0.670647 0.649881 0.282026 0.143937 0.062876 0.067858 0.895665
0.743842 0.668278 0.504249 0.826767 0.263618 0.688197 0.611937 0.283873 -0.029684 0.028442 0.076173 0.866115
0.718861 0.602014 0.605264 0.799346 0.304613 0.726084 0.563958 0.209696 0.040594 0.055109 0.126463 0.800078
0.677199 0.611968 0.642241 0.946975 0.385481 0.609719 0.547259 0.282281 0.036279 0.028043 0.133199 0.811805
0.779841 0.650667 0.608783 0.900691 0.288328 0.730082 0.623554 0.275816 0.134405 0.085984 0.114690 0.826887
0.772323 0.578891 0.660572 0.890599 0.317031 0.631472 0.606133 0.310415 0.194098 0.082961 0.195965 0.798437
0.749132 0.628565 0.579887 0.942729 0.259594 0.695289 0.553659 0.231258 0.081375 0.035255 0.169578 0.939057
0.688133 0.593533 0.572653 0.796921 0.312036 0.747327 0.466492 0.270107 0.130081 -0.002240 0.087066 0.774399
0.716833 0.598018 0.588164 0.887918 0.305570 0.730360 0.470510 0.209105 0.131655 0.077313 0.186315 0.746816
0.707799 0.565777 0.598127 0.962685 0.285288 0.688948 0.543890 0.262465 0.150745 0.082979 0.076068 0.837872
0.773218 0.587983 0.543046 0.977537 0.354549 0.747350 0.583095 0.306503 0.166977 0.060236 0.136795 0.865710
0.801232 0.573297 0.570057 0.898824 0.227188 0.588534 0.597495 0.200901 0.176708 0.010729 0.092665 0.809559
0.742805 0.603540 0.520153 0.913804 0.284051 0.650718 0.636639 0.336111 0.150927 0.133876 0.164709 0.801802
0.807979 0.625562 0.619296 0.918626 0.348440 0.676782 0.541022 0.202409 0.070891 0.063652 0.149647 0.771830
0.681549 0.514164 0.544056 0.851045 0.269076 0.706348 0.621975 0.237765 0.101463 0.027800 0.100238 0.836309
0.747039 0.596290 0.547343 0.898717 0.287973 0.669119 0.603496 0.264818 0.136464 0.112968 0.067345 0.796004
0.719091 0.573746 0.578095 0.882589 0.269387 0.691074 0.624778 0.221656 0.124146 0.018211 0.090713 0.814654
0.700027 0.709604 0.685209 0.865343 0.284707 0.737763 0.495355 0.269065 0.019132 0.073266 0.114417 0.773566
0.808090 0.548405 0.613721 0.837627 0.265503 0.646788 0.586426 0.326337 0.145744 0.074392 0.066621 0.886448
0.758695 0.632427 0.622157 0.899732 0.343540 0.716708 0.522392 0.214467 0.128107 0.010204 0.094667 0.888462
0.727284 0.665006 0.641764 0.880783 0.286471 0.770292 0.505412 0.307309 0.132562 0.141246 0.026597 0.840630
0.679488 0.609395 0.580874 0.867644 0.329282 0.613368 0.582374 0.338187 0.168094 0.000916 0.084781 0.845340
0.706832 0.637839 0.522355 0.952811 0.347055 0.821089 0.534795 0.305482 0.123013 0.057418 0.145815 0.825496
0.761822 0.672245 0.581664 0.860391 0.261927 0.638281 0.560104 0.221514 0.127451 0.059139 0.016630 0.857209
0.754599 0.574581 0.652777 0.938921 0.191147 0.689596 0.610760 0.269265 0.114632 0.015167 0.071765 0.820753
0.701680 0.559150 0.689930 0.894004 0.290366 0.708882 0.552735 0.269155 0.088000 0.147030 0.147331 0.848844
0.707957 0.640193 0.628288 0.845709 0.248838 0.718939 0.520223 0.231219 0.004630 -0.035774 0.162846 0.767093
0.769593 0.573925 0.606753 0.876619 0.297933 0.752518 0.458468 0.222692 0.166223 0.040866 0.092314 0.785478
0.733780 0.634548 0.596822 0.871539 0.291801 0.745494 0.568142 0.246698 0.144917 -0.033012 0.130947 0.905175
0.799363 0.612871 0.599776 0.853869 0.328445 0.713674 0.526201 0.196186 0.124508 0.116051 0.058057 0.757532
0.790330 0.650340 0.619662 0.888451 0.241949 0.691261 0.543461 0.249586 0.089457 0.013342 0.164786 0.807562
0.729160 0.620460 0.650619 0.871131 0.340023 0.711112 0.523219 0.136814 0.050578 0.143398 0.120234 0.828153
0.699424 0.504438 0.522954 0.849399 0.310338 0.682521 0.632971 0.232256 0.204283 0.102148 0.077325 0.817024
0.708859 0.604406 0.559966 0.930486 0.263718 0.624399 0.539973 0.265096 0.018529 0.054853 0.132126 0.879437
0.717688 0.614826 0.584971 0.981181 0.308442 0.699111 0.635078 0.182422 0.170651 0.140516 0.078333 0.786584
0.678677 0.585203 0.655999 0.812618 0.264130 0.655053 0.520963 0.290638 0.187469 -0.038944 0.128410 0.728774
0.702742 0.654400 0.622307 0.914722 0.284189 0.661710 0.517985 0.223975 0.170830 0.073242 0.107079 0.753771
0.755982 0.677896 0.650263 0.894535 0.343824 0.670101 0.589099 0.290790 0.182298 0.084511 0.169481 0.768122
0.664098 0.551703 0.630477 0.915411 0.241373 0.694188 0.577352 0.199165 0.134887 0.048792 0.147301 0.857570
0.630341 0.632421 0.588632 0.870205 0.307946 0.695814 0.471250 0.215877 0.203698 -0.009824 0.149634 0.748955
0.770417 0.646839 0.613089 0.895381 0.210068 0.649284 0.550253 0.222231 0.043818 0.159671 0.055634 0.824885
0.754491 0.620826 0.650784 0.846147 0.336998 0.681422 0.526690 0.218661 0.082689 -0.007558 0.128777 0.852700
0.753108 0.657912 0.593818 0.816790 0.202352 0.684827 0.595884 0.343857 0.114586 0.004368 0.108738 0.847115
0.708710 0.679466 0.636457 0.879718 0.317101 0.724097 0.594092 0.287826 0.144122 0.004700 0.116022 0.831250
0.823248 0.544914 0.542405 0.927049 0.255244 0.707748 0.624361 0.251259 0.121170 0.147954 0.167938 0.826055
0.726010 0.682545 0.582281 0.847623 0.305527 0.664488 0.571600 0.211994 0.137735 0.054009 0.180624 0.748488
0.679220 0.538655 0.590707 0.837984 0.321865 0.685207 0.512487 0.214575 0.078960 0.020398 0.176843 0.793872
0.820793 0.604089 0.614573 0.876139 0.365716 0.637472 0.602549 0.288791 0.160620 -0.039658 0.162927 0.855748
0.755916 0.592888 0.595134 0.913012 0.278528 0.599764 0.595343 0.303429 0.092961 0.024182 0.099731 0.797914
0.696365 0.553292 0.616608 0.985358 0.312156 0.626197 0.624427 0.252827 0.133822 0.031481 0.132800 0.796958
0.725537 0.586964 0.553142 0.875182 0.248045 0.675850 0.556161 0.236165 0.121915 -0.004254 0.154322 0.877111
0.686942 0.512874 0.593792 0.842605 0.283890 0.661189 0.597317 0.138660 0.087836 0.091636 0.059289 0.739119
0.765811 0.496957 0.569623 0.860039 0.285954 0.697970 0.565525 0.205971 0.122722 -0.100850 0.110578 0.802572
0.652764 0.701187 0.600065 0.954477 0.293906 0.689967 0.565160 0.268400 0.128916 0.008281 0.114071 0.853000
0.733746 0.691285 0.556687 0.850273 0.311541 0.759385 0.544501 0.208718 0.101289 0.084132 0.005789 0.799516
0.655005 0.607625 0.694610 0.916301 0.269528 0.675625 0.561743 0.191723 0.130467 0.035627 0.183694 0.837735
0.617931 0.520938 0.572199 0.884973 0.267635 0.689303 0.550827 0.258802 0.141305 0.068604 0.064155 0.812357
0.714826 0.592937 0.496164 0.852986 0.327677 0.732706 0.527542 0.216541 0.036131 -0.046938 0.056411 0.850061
0.699757 0.532645 0.697287 0.878090 0.169903 0.659622 0.584145 0.243519 0.221971 0.097695 0.231341 0.822098
0.749929 0.591675 0.622553 0.938320 0.234018 0.615111 0.634027 0.226854 0.195656 0.012286 0.125373 0.829022
0.736162 0.521201 0.565951 0.921795 0.255507 0.722982 0.533113 0.261838 0.139943 0.053598 0.098025 0.858757
0.687530 0.569340 0.503275 0.862774 0.365754 0.664767 0.562773 0.227303 0.047340 0.080081 0.142543 0.843164
0.761253 0.578897 0.640490 1.005788 0.310724 0.628751 0.541575 0.268944 0.017371 0.129271 0.130842 0.840814
0.676666 0.489762 0.650957 0.895925 0.263641 0.654585 0.514541 0.237700 0.155562 0.048311 0.162691 0.902523
0.693131 0.609957 0.614373 0.883686 0.264618 0.597796 0.599050 0.287750 0.108278 0.057706 0.075811 0.815217
0.746501 0.680311 0.680099 0.904329 0.329454 0.672115 0.534166 0.262894 0.069702 0.043578 0.118938 0.852895
0.753005 0.560942 0.573438 0.834930 0.384118 0.697518 0.606963 0.296587 0.142428 0.025848 0.047276 0.825769
0.731014 0.595996 0.648479 0.975074 0.271979 0.670683 0.612303 0.223910 0.116156 -0.021769 0.113995 0.749292
0.709088 0.570267 0.638803 0.909377 0.247505 0.677918 0.551722 0.301968 0.156352 0.029983 0.081322 0.879134
0.702338 0.621694 0.665057 0.819381 0.224200 0.732281 0.544737 0.252521 0.121998 0.089161 0.103181 0.874459
0.758596 0.623879 0.488218 0.897006 0.296001 0.774353 0.564555 0.329431 0.154028 0.045331 0.143295 0.749774
0.697117 0.570135 0.559607 0.991700 0.314271 0.708639 0.511995 0.224075 0.066583 0.086158 0.110966 0.815426
0.751536 0.660467 0.550764 0.914647 0.321864 0.639275 0.569708 0.181483 0.058393 -0.062926 0.134286 0.835933
0.690493 0.552649 0.639565 0.854685 0.255472 0.756723 0.522397 0.232602 0.074653 0.104138 0.049146 0.831132
0.715582 0.660210 0.635409 0.985590 0.392157 0.706638 0.600109 0.250641 0.164815 0.110381 0.100929 0.858374
0.768241 0.548196 0.564737 0.850791 0.326798 0.771676 0.514762 0.316649 0.120379 -0.042561 0.151333 0.756531
0.746717 0.585892 0.676324 0.809525 0.312371 0.594983 0.533481 0.336630 0.123538 0.081995 0.067057 0.899396
0.705386 0.664187 0.608052 0.833414 0.318686 0.710437 0.572688 0.238646 0.185776 0.073054 0.086527 0.838612
0.750801 0.590203 0.605183 0.905637 0.296901 0.669226 0.620957 0.213645 0.097195 0.039540 0.191827 0.819235
0.771099 0.570022 0.672584 0.887265 0.353087 0.678719 0.543267 0.214042 0.263753 -0.043498 0.098054 0.797501
0.709571 0.585110 0.615799 0.879416 0.158905 0.583161 0.555765 0.227992 0.148143 0.089507 0.066657 0.852735
0.785002 0.659879 0.625504 0.872722 0.251378 0.702048 0.538000 0.267000 0.104690 0.015620 0.091014 0.809788
0.670445 0.637344 0.646093 0.908607 0.289608 0.697597 0.573999 0.082712 0.144765 0.037858 0.060645 0.762750
0.714915 0.588685 0.608210 0.867342 0.253772 0.719815 0.528709 0.198968 0.123229 0.081799 0.105503 0.764766
0.641215 0.627501 0.607352 0.853686 0.262332 0.696834 0.541919 0.315636 0.090220 0.199662 0.147224 0.810139
0.694226 0.604699 0.598200 0.830453 0.275262 0.647785 0.496660 0.267853 0.165762 0.070208 0.060338 0.716538
0.730586 0.625908 0.573012 0.844548 0.246857 0.613016 0.449969 0.315100 0.138878 0.107183 0.087327 0.821068
0.691899 0.497943 0.562735 0.818905 0.241193 0.698236 0.526386 0.240380 0.148422 0.127844 0.104257 0.864416
0.776255 0.569797 0.659778 0.849449 0.327558 0.729373 0.440218 0.299986 0.107899 0.009311 0.061988 0.890299
0.679845 0.671802 0.674994 0.900054 0.271730 0.715311 0.608606 0.287266 0.069064 0.041676 0.169383 0.844164
0.624603 0.626806 0.606245 0.929736 0.251802 0.588631 0.625593 0.205884 0.090504 -0.006032 0.110328 0.873128
0.712650 0.566132 0.643319 0.860983 0.262763 0.634839 0.572388 0.265579 0.115815 0.117723 0.096781 0.821289
0.739064 0.570907 0.606000 0.894653 0.263820 0.752622 0.539938 0.214598 0.054680 0.068462 0.121449 0.865659
0.663677 0.640454 0.707952 0.836809 0.272103 0.703303 0.584319 0.283109 0.142200 0.143874 0.039657 0.851992
0.822960 0.623736 0.585185 0.869931 0.367170 0.701975 0.635783 0.323137 0.063796 0.073453 0.106152 0.699984
0.796141 0.592879 0.593284 0.850127 0.254523 0.721651 0.558772 0.214839 0.109691 0.020405 0.082370 0.849129
0.815833 0.562620 0.590915 0.919622 0.274824 0.541138 0.556771 0.283377 0.057954 0.088090 0.135907 0.848644
0.772071 0.626832 0.755639 0.927485 0.228325 0.602830 0.582096 0.260180 0.052372 0.026569 0.126768 0.820159
0.700398 0.652181 0.641857 0.910404 0.311663 0.634205 0.513924 0.268892 0.155726 0.028713 0.099595 0.854912
0.692394 0.583625 0.593275 0.844019 0.390661 0.720163 0.642800 0.189604 0.146103 -0.042863 0.100617 0.833302
0.709187 0.551787 0.541283 0.869887 0.275247 0.703551 0.513081 0.164637 0.104221 0.083070 0.071845 0.857208
0.726177 0.656949 0.755254 0.809319 0.267722 0.692834 0.613217 0.281721 0.065023 0.128033 0.125870 0.795437
0.706616 0.636611 0.631205 0.850406 0.263021 0.645561 0.609199 0.270435 0.154780 0.141272 0.077989 0.810461
0.731708 0.635454 0.554215 0.877049 0.299285 0.725736 0.612037 0.239096 0.168648 0.100559 0.095669 0.900014
0.763217 0.655852 0.596437 0.826849 0.346255 0.696161 0.624983 0.224884 0.127903 0.191994 0.158405 0.851960
0.719626 0.474675 0.596118 0.943609 0.250866 0.702361 0.680554 0.289320 0.067819 0.086009 0.162978 0.742080
0.721713 0.653791 0.655569 0.843463 0.197944 0.685912 0.597034 0.324600 0.078684 0.050537 0.117437 0.742790
0.690833 0.563831 0.576600 0.936480 0.284013 0.683278 0.514629 0.327188 0.148489 0.013750 0.076176 0.884046
0.754214 0.585785 0.548909 0.825645 0.210792 0.739948 0.599941 0.195303 0.115922 0.077624 0.067553 0.754740
0.681854 0.620924 0.634161 0.903386 0.257714 0.644017 0.564865 0.230149 0.231452 0.056122 0.123880 0.845398
0.737814 0.630763 0.681034 0.895393 0.317310 0.652242 0.615534 0.239484 0.145888 0.107251 0.064114 0.853435
0.789429 0.584711 0.686808 0.850982 0.247327 0.637555 0.578392 0.273064 0.043124 0.037778 0.107818 0.919973
0.800292 0.668251 0.577515 0.845411 0.256653 0.624199 0.606387 0.314961 0.110932 0.037668 0.080294 0.805146
0.806976 0.591007 0.579040 0.885685 0.367735 0.597151 0.580472 0.256842 0.028058 0.052528 0.114186 0.833850
0.621109 0.563865 0.603703 0.841806 0.291352 0.703875 0.576684 0.167842 0.083562 0.056684 0.136259 0.841710
0.691709 0.534392 0.571926 0.941430 0.158283 0.702035 0.504592 0.298585 0.032454 0.050292 0.094994 0.888858
0.769308 0.582307 0.611681 0.952090 0.314922 0.630637 0.524934 0.175682 0.050785 0.154196 0.026348 0.755173
0.681446 0.502804 0.605068 0.869562 0.305056 0.796843 0.472499 0.229582 0.219593 -0.021445 0.143455 0.911966
0.731579 0.633954 0.675926 0.881050 0.172278 0.616781 0.533678 0.241746 0.154637 -0.024357 0.068636 0.813030
0.727528 0.640945 0.555958 0.863859 0.311029 0.589963 0.509961 0.275213 0.091709 -0.020215 0.138783 0.850273
0.761443 0.693437 0.626681 0.864341 0.345830 0.755584 0.600566 0.342466 0.157379 0.038481 0.170743 0.909984
0.710491 0.606104 0.579306 0.912122 0.330963 0.744302 0.617689 0.243854 0.086351 0.050883 0.192995 0.804461
0.780393 0.649237 0.696162 0.852338 0.269506 0.680407 0.568436 0.273248 0.181454 0.009832 0.090636 0.797571
0.789643 0.605033 0.669496 0.811321 0.298463 0.648190 0.579201 0.268795 0.091138 0.084114 0.073213 0.796982
0.775920 0.600647 0.555457 0.835033 0.279806 0.685802 0.670454 0.191930 0.164368 0.126122 0.186053 0.945349
0.666627 0.557524 0.605591 0.837295 0.241570 0.681520 0.579760 0.279513 0.156740 0.069494 0.115163 0.724846
0.745572 0.615103 0.545354 0.815234 0.285117 0.701395 0.596597 0.318100 0.119729 0.060483 0.155956 0.823484
0.675774 0.599646 0.624123 0.907175 0.270152 0.666923 0.644070 0.243678 0.044093 0.036682 0.083979 0.783409
0.703988 0.621296 0.629819 0.867542 0.346777 0.752587 0.509736 0.294991 0.122986 0.006186 0.130237 0.851326
0.735542 0.582249 0.577164 0.839837 0.272378 0.657878 0.587894 0.187792 0.097202 0.124730 0.129065 0.820535
0.722076 0.547243 0.575104 0.907780 0.324626 0.637154 0.479656 0.293790 0.077205 0.026025 0.141011 0.812000
0.766551 0.577865 0.590656 0.880694 0.298629 0.744964 0.542735 0.279352 0.220456 0.077559 0.094695 0.838462
0.660456 0.578416 0.550870 0.784179 0.206031 0.678010 0.617723 0.262420 0.159152 0.063332 0.195968 0.818371
0.711633 0.599161 0.566959 0.858709 0.292194 0.664203 0.587037 0.266583 -0.029279 0.128771 0.086317 0.756199
0.747256 0.627798 0.571376 0.884688 0.316432 0.679630 0.597041 0.220491 0.035205 0.106962 0.111064 0.780675
0.654797 0.557919 0.590779 0.895927 0.320097 0.616049 0.631558 0.327883 0.147272 0.029790 0.203855 0.734221
0.648362 0.731293 0.676562 0.929736 0.366871 0.766142 0.567517 0.258271 0.129589 -0.014989 0.123129 0.816781
0.726029 0.621592 0.663023 0.940437 0.307366 0.682177 0.590752 0.289985 0.115055 0.085132 0.089666 0.795932
0.707960 0.635944 0.494764 0.754912 0.304220 0.697226 0.511019 0.195536 0.108915 0.018223 0.142258 0.855268
0.670972 0.758160 0.532535 0.901986 0.288597 0.716464 0.594028 0.191052 0.117835 0.038370 0.097852 0.838691
0.783162 0.582685 0.586135 0.854261 0.308715 0.633327 0.525471 0.217768 0.180523 0.036965 0.062321 0.806086
0.637749 0.685683 0.594792 0.924911 0.308321 0.777950 0.620514 0.186048 0.109908 0.014141 0.103537 0.918316
0.682874 0.666947 0.638820 0.899271 0.291508 0.681820 0.590644 0.257226 0.208897 0.060042 0.138100 0.825330
0.735352 0.665696 0.670952 0.823107 0.378246 0.721652 0.633966 0.291500 0.160739 0.021435 0.124795 0.822002
0.768892 0.676729 0.602161 0.858335 0.225071 0.797993 0.538768 0.275550 0.090373 0.087079 0.047256 0.832305
0.678622 0.599624 0.517496 0.843872 0.238514 0.746689 0.459900 0.157712 0.195678 0.020120 0.040405 0.896969
0.653153 0.653248 0.566472 0.857474 0.234312 0.711025 0.547767 0.249397 0.129514 0.063848 0.126864 0.838914
0.715014 0.589499 0.445341 0.811220 0.343938 0.661547 0.614108 0.172877 0.104489 -0.051009 0.113904 0.786056
0.667594 0.656668 0.593508 0.852462 0.364611 0.690925 0.521056 0.229666 0.102532 0.052893 0.082742 0.901049
0.769267 0.658971 0.579112 0.832392 0.325942 0.624531 0.660569 0.222629 0.014920 0.032475 0.131449 0.820691
0.702179 0.605534 0.566597 0.907522 0.372442 0.630391 0.655094 0.338326 0.138669 0.109033 0.131662 0.782392
0.744213 0.578778 0.715635 0.854909 0.304810 0.777616 0.577276 0.205341 -0.008561 0.116170 0.174764 0.813201
0.736253 0.699610 0.607248 0.813796 0.326325 0.726642 0.516809 0.243678 0.172635 0.105607 0.121569 0.788231
0.737786 0.641205 0.695879 0.896442 0.296860 0.682827 0.475704 0.330519 0.098485 0.077451 0.078462 0.774981
0.743554 0.652225 0.620469 0.885197 0.312035 0.652652 0.492320 0.290230 0.038552 0.008443 0.090039 0.856648
0.681910 0.522469 0.674095 0.907982 0.268340 0.653857 0.599826 0.205658 0.146406 -0.009526 0.135545 0.805445
0.764660 0.654883 0.578280 0.936239 0.288644 0.676363 0.517877 0.260655 0.196405 0.041648 0.074328 0.784777
0.686641 0.659482 0.547161 0.872709 0.294071 0.628363 0.519393 0.317483 0.165342 0.017084 0.082082 0.783301
0.710299 0.554554 0.606192 0.877928 0.378689 0.679078 0.669418 0.303818 0.113074 0.056873 0.072427 0.780873
0.727428 0.656725 0.572661 0.877531 0.281065 0.716459 0.515255 0.158538 0.120967 0.071255 0.001287 0.698557
0.849755 0.571396 0.653170 0.856094 0.358285 0.709238 0.601199 0.256755 0.114618 0.081981 0.090709 0.840158
0.692790 0.599363 0.689485 0.843331 0.265030 0.650361 0.621761 0.244379 0.123798 0.091872 0.067876 0.882207
0.717337 0.683386 0.583070 0.847807 0.222185 0.704118 0.558378 0.183527 0.109237 0.066057 0.069461 0.760124
0.654470 0.597191 0.681299 0.751267 0.339453 0.720910 0.560512 0.293567 0.015457 0.128375 0.059424 0.694063
0.668602 0.587768 0.682167 0.861314 0.262933 0.627658 0.627882 0.254301 0.079754 0.046690 0.162366 0.904589
0.735652 0.591710 0.646105 0.923508 0.244525 0.756309 0.514662 0.221712 0.145657 -0.014912 0.103602 0.817348
0.765874 0.703865 0.611671 0.896593 0.193857 0.677138 0.575081 0.167767 0.079345 0.123539 0.013430 0.822216
0.650520 0.601361 0.627230 0.933002 0.341613 0.623235 0.561080 0.264129 0.118596 0.020987 0.041980 0.816592
0.776498 0.596869 0.583428 0.841436 0.303584 0.619674 0.669695 0.297717 0.062425 0.140031 0.152478 0.819854
0.767818 0.580928 0.629958 0.903149 0.275863 0.729376 0.624228 0.279403 0.138829 0.065638 0.196091 0.748513
0.666498 0.726197 0.604957 0.806661 0.258537 0.634382 0.580941 0.213299 0.087960 0.052188 0.172436 0.895641
0.670586 0.651735 0.717200 0.867154 0.248330 0.572117 0.551983 0.141425 0.118965 0.087669 0.214239 0.799682
0.738931 0.625944 0.570343 0.969097 0.311121 0.700879 0.572475 0.241998 0.157458 0.047243 0.175009 0.945472
0.694891 0.478016 0.594775 0.830713 0.262062 0.773411 0.607700 0.301928 0.093844 0.120367 0.110477 0.847947
0.630753 0.560400 0.635541 0.816767 0.283019 0.722482 0.601074 0.294658 0.089492 0.038225 0.170337 0.847699
0.706594 0.563751 0.604507 0.882303 0.289271 0.589297 0.578787 0.241362 0.137186 0.068661 0.118247 0.740742
0.703215 0.626412 0.553784 0.871800 0.267084 0.706397 0.593057 0.188418 0.079891 -0.072146 0.084031 0.790545
0.657398 0.640560 0.569563 0.934214 0.199220 0.718676 0.621750 0.231091 0.164151 -0.004154 0.129371 0.877197
0.704198 0.585308 0.622837 0.904963 0.295319 0.683124 0.643205 0.164481 0.100026 0.046384 0.149990 0.841879
0.712852 0.621479 0.640453 0.923328 0.301251 0.728109 0.573382 0.203642 0.140070 0.001461 0.093585 0.868082
0.757778 0.588802 0.620812 0.920363 0.302506 0.677639 0.568103 0.205922 0.121078 0.066341 0.147027 0.766910
0.699959 0.567263 0.619709 0.927701 0.268864 0.716623 0.599988 0.282681 -0.005355 0.020150 0.108346 0.825663
0.706482 0.574277 0.614132 0.889922 0.352400 0.700928 0.649903 0.231684 0.122337 0.053225 0.115936 0.813951
0.732469 0.627632 0.605434 0.846682 0.323469 0.688156 0.664238 0.265442 0.122621 -0.040266 0.169427 0.757735
0.707233 0.574188 0.683249 0.824330 0.262354 0.671750 0.616297 0.233263 0.149934 0.056925 0.155997 0.831780
0.750611 0.643645 0.616283 0.784123 0.313088 0.688660 0.527462 0.215478 0.176456 0.052915 -0.005273 0.800696
0.720230 0.560839 0.624251 0.953891 0.300569 0.678363 0.495531 0.242499 0.086688 0.059549 0.131971 0.873676
0.687761 0.599519 0.659603 0.782038 0.297973 0.697416 0.600907 0.207207 0.076312 0.060757 0.115715 0.880497
0.851190 0.592268 0.572914 0.864856 0.416232 0.767646 0.544652 0.259189 0.135652 0.132632 0.119282 0.786990
0.712902 0.543616 0.549359 0.960622 0.258823 0.664763 0.609253 0.265442 0.074984 0.003018 0.166518 0.860033
0.701621 0.605731 0.469903 0.852608 0.210974 0.629747 0.565034 0.188630 0.100826 -0.027151 0.202605 0.715121
0.709912 0.689874 0.527356 1.010807 0.296428 0.603604 0.639884 0.267183 0.103417 0.111415 0.072491 0.845621
0.713106 0.543325 0.621584 0.987442 0.331407 0.637271 0.587474 0.234829 0.108587 0.060558 0.067288 0.856007
0.702510 0.687387 0.616211 0.943399 0.263529 0.668685 0.556744 0.246838 0.115370 0.007546 0.099998 0.827439
0.677885 0.595448 0.588509 0.852319 0.416368 0.619922 0.639250 0.273504 0.129119 -0.020315 0.134783 0.779548
0.718958 0.650861 0.668962 0.940345 0.283850 0.684857 0.525533 0.263024 0.140506 -0.030044 0.143357 0.814681
0.663074 0.561588 0.596672 0.779629 0.255590 0.699905 0.533193 0.230072 -0.042041 0.144726 0.068326 0.767642
0.633864 0.614815 0.616383 1.031222 0.264176 0.598173 0.534807 0.281054 -0.003767 0.094117 0.201137 0.860302
0.722873 0.621262 0.616030 0.990636 0.254820 0.746518 0.584917 0.223817 0.054140 0.092522 0.160436 0.846337
0.753680 0.717059 0.655822 0.869901 0.334604 0.626968 0.594099 0.259680 0.122461 0.024089 0.182137 0.865753
0.698887 0.667467 0.576660 0.877955 0.211421 0.672111 0.604729 0.273917 0.225561 0.034013 0.090155 0.824102
0.757166 0.582874 0.650832 0.884905 0.309379 0.664137 0.589797 0.235886 0.135590 0.110121 0.161865 0.864364
0.741019 0.540314 0.609893 0.827461 0.350207 0.671420 0.568489 0.229263 0.076894 0.106841 0.075945 0.788703
0.667343 0.658798 0.514769 0.895228 0.291018 0.602234 0.511841 0.234706 0.147826 0.075231 0.052999 0.805920
0.773347 0.509524 0.601138 0.795985 0.251011 0.609218 0.658270 0.217742 0.132806 0.074474 0.174787 0.796026
0.729139 0.599469 0.607537 0.728070 0.233602 0.653934 0.630610 0.240002 0.115929 0.097630 0.122921 0.850107
0.685625 0.573220 0.614300 0.873318 0.398662 0.674138 0.519772 0.303089 0.211085 0.028315 0.075348 0.748018
0.775013 0.595719 0.610853 0.921115 0.327756 0.717128 0.510450 0.218526 0.184646 0.149391 0.136948 0.892145
0.570288 0.602124 0.648601 0.924122 0.397333 0.699243 0.574246 0.134931 0.053446 0.083752 0.111239 0.866543
0.716960 0.593321 0.501526 0.895188 0.280618 0.717494 0.509652 0.256668 0.161485 0.063833 0.159623 0.829881
0.759905 0.687988 0.513752 0.835283 0.310314 0.701429 0.590583 0.167668 0.123200 0.014406 0.074444 0.901629
0.690466 0.601971 0.653613 0.854826 0.199862 0.669835 0.617289 0.289771 0.081373 0.057660 0.198235 0.777975
0.718812 0.651804 0.513198 0.932661 0.277544 0.674277 0.529246 0.229350 0.108933 0.110389 0.203396 0.795686
0.693629 0.656175 0.532850 0.867197 0.217096 0.676142 0.542643 0.062704 0.083786 0.066296 0.100091 0.831613
0.789919 0.614975 0.691826 0.827358 0.274230 0.718328 0.513458 0.217380 0.191098 0.035530 0.201899 0.847766
0.721946 0.606195 0.681177 0.832199 0.305576 0.629813 0.574817 0.254468 0.069313 -0.001831 0.185189 0.811997
0.762158 0.575108 0.597511 0.868778 0.322265 0.751939 0.520660 0.266413 0.053888 -0.011088 0.077562 0.790714
0.624201 0.657524 0.651375 0.867793 0.289901 0.681585 0.541776 0.218845 0.120309 0.100902 0.086374 0.895052
0.670983 0.641779 0.564198 0.913010 0.291904 0.734768 0.556746 0.259441 0.104210 0.121731 -0.006622 0.810549
0.758794 0.544437 0.547851 0.924406 0.257117 0.704371 0.533172 0.225701 0.216087 -0.011551 0.071530 0.794282
0.768483 0.695489 0.589307 0.820320 0.237003 0.704661 0.534527 0.230131 0.090792 0.102357 0.069362 0.856728
0.701921 0.632322 0.515895 0.836439 0.306285 0.693790 0.591232 0.209683 0.014230 0.053903 0.132169 0.817413
0.727726 0.556696 0.633902 1.011406 0.167621 0.656077 0.570246 0.206706 0.138008 0.058369 0.165971 0.838550
0.765180 0.641448 0.628541 0.895686 0.255595 0.675286 0.577968 0.264066 0.098675 0.055723 0.018249 0.849992
0.669342 0.632440 0.691768 0.855141 0.325708 0.659326 0.588389 0.141640 0.072874 -0.002529 0.094156 0.760003
0.784556 0.558288 0.597995 0.902506 0.306836 0.711662 0.545650 0.133783 0.166247 0.097737 0.102492 0.850317
0.709753 0.544205 0.622702 0.831001 0.290427 0.705125 0.610477 0.225159 0.101357 0.107421 0.183638 0.870852
0.685203 0.548082 0.630200 0.753865 0.271193 0.724934 0.610294 0.257734 0.060563 0.013515 0.119724 0.797507
0.791160 0.658922 0.542045 0.855800 0.266791 0.684979 0.563509 0.245916 0.099855 0.060969 0.111061 0.813996
0.737216 0.584057 0.636421 0.888871 0.183020 0.704089 0.534743 0.240650 0.096531 -0.017630 0.189794 0.789127
0.700617 0.683910 0.558764 0.919181 0.279944 0.644811 0.641037 0.294564 0.092641 0.148293 0.026792 0.852543
0.754048 0.580256 0.637330 0.893952 0.306744 0.747622 0.731409 0.247717 0.167390 0.056324 0.009531 0.822643
0.673618 0.588654 0.561826 0.910507 0.303181 0.618332 0.518219 0.262260 0.121474 0.069883 0.003969 0.887796
0.713799 0.638328 0.608282 0.886861 0.323406 0.739948 0.568652 0.243218 0.120552 0.102458 0.193677 0.798960
0.658696 0.566825 0.577671 0.929977 0.305589 0.704671 0.551402 0.235688 0.101705 0.094067 0.206865 0.765007
0.751191 0.609448 0.578832 0.914859 0.294547 0.681923 0.605430 0.266743 0.176062 -0.013477 0.080114 0.787289
0.746881 0.679291 0.504440 0.889421 0.281881 0.704646 0.631964 0.191388 0.084861 0.001285 0.052813 0.766407
0.728791 0.646509 0.595345 0.907359 0.175512 0.655405 0.562171 0.143350 0.145603 -0.004558 0.053259 0.774143
0.748959 0.594424 0.598165 0.829631 0.319485 0.708181 0.549891 0.231087 0.145231 0.046265 0.054129 0.818829
0.626300 0.695125 0.643048 0.827731 0.348070 0.623100 0.578328 0.335673 0.141839 0.000233 0.155778 0.792478
0.732496 0.579723 0.567214 0.818149 0.262181 0.645031 0.641432 0.316079 0.181009 0.149181 0.217516 0.763729
0.662570 0.577951 0.587775 0.847551 0.228194 0.738910 0.634276 0.273698 0.099356 0.033060 0.021585 0.874528
0.725706 0.612601 0.562577 0.919129 0.289547 0.684946 0.522173 0.260001 0.171344 0.073467 0.115952 0.801185
0.755838 0.595643 0.591924 0.895946 0.204415 0.648610 0.505543 0.166590 0.104447 0.032405 0.173833 0.828669
0.771778 0.527489 0.684892 0.820443 0.217197 0.789031 0.575933 0.281605 0.038709 0.126755 0.103862 0.790214
0.616862 0.656634 0.594201 0.948892 0.266267 0.645965 0.594329 0.237709 0.056032 0.050968 0.187897 0.791421
0.762550 0.611518 0.632927 0.946704 0.330658 0.696006 0.563542 0.223572 0.075093 0.038264 0.069947 0.742592
0.632385 0.618981 0.596619 0.893309 0.268200 0.712277 0.514042 0.124477 0.090713 0.019297 -0.007873 0.834699
0.760151 0.640010 0.598154 0.926204 0.305623 0.662566 0.665654 0.269732 0.088079 0.017530 0.034630 0.902663
0.681466 0.598597 0.627428 0.796471 0.329436 0.617882 0.469214 0.277336 0.138266 0.118392 0.130243 0.883092
0.633982 0.617360 0.617315 0.914380 0.359952 0.777121 0.623055 0.347492 0.114054 0.055403 0.201946 0.758621
0.775323 0.639784 0.527528 0.840019 0.290494 0.609327 0.563093 0.297000 0.071629 0.069761 0.065644 0.834147
0.737081 0.591468 0.556336 0.929270 0.327463 0.767198 0.509296 0.208886 0.165132 0.018609 0.110288 0.985745
0.629705 0.595882 0.480930 0.933315 0.202672 0.732481 0.516494 0.158631 0.050885 0.135137 0.105560 0.778477
0.708473 0.593593 0.661180 0.826731 0.312393 0.586172 0.602449 0.228434 0.121333 0.051475 0.102928 0.858316
0.773931 0.687308 0.594257 0.874487 0.342980 0.657401 0.513580 0.154516 0.016399 0.052820 0.152612 0.802852
0.784268 0.602198 0.596349 0.886719 0.336270 0.676247 0.690151 0.230317 0.181293 0.024549 0.198353 0.907444
0.765747 0.594503 0.559846 0.915141 0.304884 0.576469 0.554742 0.237733 0.081340 0.079095 0.212813 0.734784
0.641191 0.641627 0.531442 0.895904 0.294458 0.609856 0.575134 0.295662 0.155815 0.052511 0.037912 0.808630
0.790387 0.629926 0.553535 0.844753 0.255042 0.691150 0.507374 0.185882 0.178600 0.032398 0.076703 0.851648
0.747645 0.680796 0.592214 0.887383 0.222797 0.741030 0.558942 0.176422 0.165238 0.008863 0.139680 0.935868
0.757736 0.564572 0.556712 0.858385 0.306945 0.658043 0.504727 0.210507 0.160341 -0.049484 0.139881 0.722885
0.789000 0.596182 0.576928 0.856160 0.236254 0.642120 0.505713 0.224181 0.112680 0.112937 0.137817 0.747819
0.725628 0.542970 0.644207 0.899850 0.235087 0.674662 0.545567 0.165137 0.127678 0.050120 0.073587 0.813160
0.660108 0.585455 0.621617 0.783731 0.190814 0.705110 0.615788 0.198365 0.086370 0.064574 0.114836 0.783014
0.735433 0.552464 0.558430 0.918957 0.205333 0.698277 0.558627 0.156334 0.063261 0.050820 0.083373 0.778852
0.758974 0.639752 0.625918 0.816025 0.278433 0.754065 0.580491 0.255320 0.061393 -0.008533 0.145326 0.781092
0.692081 0.543026 0.577083 0.906336 0.168874 0.661508 0.603784 0.144378 0.157161 0.128279 0.107739 0.888509
0.678552 0.633531 0.599407 0.889208 0.355850 0.549785 0.541317 0.242838 0.114785 -0.016966 0.209832 0.832633
0.670795 0.454594 0.672628 0.947829 0.342326 0.772140 0.511399 0.246466 0.090721 0.127873 -0.018051 0.832974
0.732809 0.567265 0.620519 0.919557 0.348719 0.664677 0.450014 0.349438 0.125245 0.021923 0.108173 0.777952
