1000 12 2
1.010747 0.928447 0.661373 0.372811 0.413103 0.115923 0.869656 0.219006 0.298247 0.480985 0.143817 0.104458
0.911502 0.926711 0.721714 0.417897 0.477207 0.165052 0.762093 0.276396 0.388404 0.573207 0.173635 -0.004021
1.002746 0.922857 0.678324 0.454591 0.421561 0.133722 0.822275 0.340367 0.342721 0.407251 0.159276 0.073053
0.985809 0.990759 0.658714 0.408179 0.515436 0.144852 0.846945 0.270803 0.367872 0.451637 0.239389 -0.031128
0.977677 0.985459 0.708401 0.386371 0.465992 0.132185 0.865079 0.238080 0.406607 0.582631 0.215160 -0.010013
1.057135 0.864038 0.665222 0.372876 0.485934 0.053194 0.670145 0.330569 0.364067 0.542078 0.215609 0.076343
0.955149 0.921858 0.611265 0.404986 0.447939 0.165441 0.750577 0.324926 0.442994 0.508492 0.146454 0.039427
0.877904 0.965065 0.667870 0.428250 0.417803 0.154479 0.743706 0.302268 0.448416 0.540816 0.218127 0.016389
0.948152 0.966446 0.703667 0.341995 0.506886 0.089730 0.866028 0.265895 0.313289 0.518860 0.168655 0.050734
1.058136 0.957792 0.611781 0.316494 0.527380 0.145995 0.725244 0.224915 0.423904 0.516495 0.163018 0.021279
0.951851 0.977770 0.646035 0.352269 0.498701 0.078980 0.835045 0.341074 0.391487 0.528377 0.161713 0.076144
0.922213 0.941716 0.644569 0.431539 0.527451 0.067974 0.832438 0.376705 0.316270 0.528974 0.157332 -0.016294
0.972287 0.958428 0.597265 0.349681 0.498341 0.177276 0.838811 0.308795 0.426162 0.521256 0.172814 0.076250
0.851082 0.952963 0.716237 0.417849 0.523820 0.089909 0.934348 0.172738 0.382383 0.436958 0.182488 0.054730
0.941472 0.940947 0.658470 0.365709 0.494765 0.111069 0.821399 0.216220 0.336056 0.432868 0.236009 -0.036488
0.924140 0.988129 0.730537 0.395619 0.465326 0.161256 0.814410 0.270877 0.399821 0.412204 0.223529 0.193317
1.012904 0.958532 0.608429 0.436137 0.556136 0.155728 0.740072 0.257783 0.368160 0.474553 0.076071 0.026702
0.951616 0.979898 0.525705 0.450380 0.536537 0.147851 0.844564 0.255992 0.296609 0.432406 0.166635 0.064243
0.890454 0.910135 0.658055 0.347435 0.557903 0.036455 0.738354 0.235314 0.349069 0.484464 0.164548 0.042001
0.886226 0.944890 0.657027 0.440349 0.562873 0.103949 0.895917 0.309765 0.311431 0.456922 0.256798 0.090779
0.870254 0.976182 0.602933 0.351533 0.548317 0.172914 0.815987 0.250235 0.318442 0.485636 0.188067 -0.012162
0.951220 0.882483 0.610485 0.366913 0.548221 0.146016 0.763183 0.247821 0.432179 0.485505 0.237166 0.042713
0.927110 0.960732 0.650157 0.378433 0.495994 0.139536 0.883201 0.355178 0.407749 0.504206 0.192612 0.048944
0.995399 1.009004 0.579339 0.417631 0.533354 0.077702 0.827231 0.289875 0.422844 0.441683 0.242785 0.072257
0.914031 0.929829 0.693210 0.449672 0.468051 0.154453 0.741227 0.324224 0.393400 0.548706 0.216593 0.032722
0.888795 0.891371 0.719643 0.436403 0.437049 0.096906 0.762479 0.230670 0.397576 0.414968 0.236249 0.051999
0.956212 1.015836 0.726618 0.445646 0.426364 0.162082 0.794328 0.330444 0.369079 0.559559 0.183028 0.090658
0.944886 0.970282 0.629400 0.403168 0.473946 0.040876 0.808420 0.252613 0.432727 0.482278 0.189522 0.047763
0.876177 1.019661 0.666800 0.393836 0.500446 0.076754 0.906779 0.244901 0.423415 0.484678 0.237420 0.045623
0.913690 0.975062 0.570542 0.313353 0.512556 0.085891 0.802393 0.207588 0.421198 0.466074 0.300971 0.039621
1.056281 0.903670 0.652325 0.439118 0.482848 0.128598 0.790546 0.305314 0.330225 0.459491 0.132006 0.032442
0.970377 0.926330 0.699631 0.383672 0.414267 0.136093 0.824359 0.256045 0.347844 0.491614 0.291837 -0.011581
1.010060 0.909241 0.547909 0.337407 0.527575 0.027897 0.777166 0.219148 0.381645 0.465654 0.231798 -0.021944
0.993063 0.925055 0.646193 0.422507 0.492063 0.200394 0.824908 0.193836 0.318420 0.459693 0.232448 0.004647
0.886399 0.956561 0.630615 0.443220 0.479687 0.168747 0.789404 0.340200 0.326713 0.545105 0.112901 0.054158
0.942781 0.983566 0.598269 0.316024 0.463909 0.203277 0.772473 0.235674 0.484231 0.413057 0.215886 0.025821
0.925423 0.968943 0.613637 0.459186 0.456699 0.073249 0.781869 0.270021 0.408299 0.432409 0.141029 0.019608
0.964009 0.921471 0.628874 0.367858 0.503553 0.142357 0.765623 0.231246 0.431425 0.511883 0.187726 0.028933
0.968411 1.016462 0.655465 0.449256 0.513414 0.163391 0.823352 0.220913 0.387998 0.463983 0.293604 0.111662
0.966464 0.863995 0.755610 0.425709 0.519310 0.122301 0.799833 0.254173 0.386848 0.445532 0.238963 0.116128
0.914827 0.942443 0.659231 0.471611 0.563079 0.065062 0.855514 0.231098 0.357045 0.512435 0.112800 0.135092
0.929059 1.016670 0.644123 0.387395 0.498834 0.097901 0.775292 0.282481 0.435320 0.507840 0.114525 0.148583
0.963984 1.011803 0.701424 0.341758 0.447518 0.077373 0.770983 0.201817 0.251188 0.551851 0.217091 0.052234
1.011368 0.945832 0.616368 0.424502 0.524568 0.131804 0.791341 0.321006 0.344318 0.495066 0.138535 -0.079327
0.972538 1.024161 0.595491 0.436834 0.434795 0.075667 0.761340 0.303561 0.407456 0.429606 0.173729 -0.004723
0.944306 0.997401 0.698056 0.459363 0.505933 0.144275 0.812546 0.243812 0.400971 0.495807 0.126453 -0.073362
0.882584 1.011276 0.659321 0.446470 0.505420 0.143400 0.827115 0.306772 0.408168 0.509806 0.236326 -0.080424
0.940386 0.979849 0.772483 0.301561 0.545568 0.141414 0.890322 0.237279 0.280656 0.571081 0.098315 -0.016701
0.924170 0.956784 0.536382 0.301602 0.490974 0.110955 0.805360 0.237201 0.377747 0.501405 0.077641 0.059939
0.965366 1.022314 0.625990 0.373328 0.497112 0.178935 0.787871 0.293848 0.383002 0.459136 0.201619 -0.019394
0.940051 0.931097 0.651607 0.382944 0.484859 0.110603 0.776124 0.236017 0.414942 0.474369 0.242466 -0.014261
0.941835 0.857894 0.677553 0.361970 0.445644 0.045196 0.858164 0.197067 0.426109 0.423068 0.164926 -0.019525
0.842609 0.956646 0.638215 0.364600 0.453635 0.145307 0.914004 0.285530 0.470809 0.448607 0.237356 -0.025088
0.894950 0.911475 0.639750 0.391090 0.409117 0.183457 0.839808 0.253060 0.340555 0.553800 0.188633 -0.016524
0.916251 0.941995 0.704463 0.422665 0.454649 0.158664 0.839034 0.291672 0.411872 0.503180 0.214644 0.002399
0.956637 0.934822 0.577786 0.438070 0.402266 0.078007 0.807458 0.267205 0.435176 0.528684 0.297209 0.050902
0.946849 0.914565 0.620134 0.359471 0.448592 0.135611 0.714436 0.373119 0.400275 0.488807 0.273204 0.025496
0.915729 1.012747 0.763497 0.458301 0.480719 0.100237 0.802181 0.306860 0.344782 0.501503 0.147692 0.016617
0.960031 0.864797 0.651288 0.384249 0.465965 0.101907 0.748117 0.259374 0.406155 0.483691 0.234855 0.042477
0.822599 1.068591 0.657470 0.392077 0.493275 0.052651 0.913970 0.297693 0.327253 0.573452 0.147245 0.005408
0.916134 0.988892 0.657624 0.414710 0.441012 0.108198 0.818163 0.286448 0.257144 0.533454 0.242540 -0.019507
0.906442 0.963730 0.628621 0.376386 0.537096 0.091645 0.790699 0.233205 0.386759 0.512071 0.264610 -0.029643
0.974813 0.933791 0.622916 0.451209 0.558727 0.147839 0.846671 0.152223 0.431509 0.462088 0.178472 0.083160
0.909871 0.865517 0.597289 0.405418 0.399754 0.108826 0.795081 0.338882 0.283120 0.479898 0.133767 0.049250
0.987464 0.966572 0.617074 0.406321 0.528128 0.178760 0.769765 0.200728 0.381346 0.514731 0.208468 0.026492
0.875127 0.844181 0.777291 0.345933 0.478579 0.138667 0.765364 0.279470 0.390375 0.465684 0.164642 0.049999
1.033221 0.892736 0.817013 0.418346 0.412246 0.150612 0.795971 0.325029 0.447930 0.491815 0.261265 0.108980
0.979850 0.965041 0.636143 0.317001 0.472602 0.042470 0.891896 0.266702 0.353950 0.460731 0.199092 0.060575
0.912358 1.004899 0.619302 0.432172 0.459814 0.097729 0.870195 0.171054 0.408357 0.506635 0.187058 0.074049
0.999484 0.953713 0.606731 0.443386 0.465944 0.115736 0.756800 0.276862 0.358204 0.477912 0.245830 0.022319
0.910522 0.885683 0.698938 0.389390 0.508787 0.051246 0.769374 0.264626 0.367957 0.518292 0.206476 -0.009700
0.950991 0.932049 0.667218 0.425362 0.525524 0.187783 0.880438 0.300434 0.405472 0.528789 0.159104 0.051712
0.917716 0.868703 0.706560 0.394515 0.469922 0.137835 0.845010 0.348153 0.364865 0.421336 0.180038 0.089255
0.919362 1.011097 0.603729 0.367064 0.526015 0.166512 0.817219 0.271408 0.430961 0.512682 0.097962 0.057150
0.853173 0.938344 0.633597 0.386039 0.492557 0.067167 0.828883 0.291544 0.436762 0.501979 0.202298 0.065257
0.833107 0.951139 0.655385 0.369566 0.576458 0.087342 0.855898 0.231951 0.419416 0.522676 0.274622 0.000744
0.960089 0.945868 0.631644 0.435442 0.529180 0.150745 0.788695 0.179951 0.370582 0.494737 0.076844 -0.006457
0.905171 1.002360 0.637618 0.469996 0.474861 0.079921 0.763140 0.269929 0.356278 0.345804 0.247004 -0.036467
0.950446 0.944336 0.669990 0.379067 0.495314 0.107996 0.880293 0.103170 0.384571 0.473501 0.217001 0.070700
0.932249 0.848254 0.701874 0.453233 0.499346 0.099410 0.867635 0.238072 0.364799 0.488241 0.205820 0.156937
0.916526 0.906798 0.688130 0.351166 0.477203 0.107019 0.845898 0.284209 0.358220 0.393044 0.165526 0.002627
0.949714 0.970072 0.623999 0.430730 0.475894 0.123487 0.829014 0.194369 0.382879 0.483456 0.152249 0.119214
0.902656 1.003855 0.632796 0.377367 0.467230 0.101627 0.782281 0.241608 0.321392 0.426630 0.163099 -0.009913
0.920794 0.861116 0.768115 0.356067 0.448615 0.128933 0.779888 0.198412 0.458060 0.449199 0.210846 0.038692
1.025121 0.997964 0.640299 0.411066 0.444667 0.200541 0.765502 0.216115 0.353819 0.537552 0.189340 0.021018
0.979918 0.848468 0.659008 0.512502 0.494011 0.122619 0.798156 0.209444 0.313813 0.460059 0.209468 -0.004141
0.954837 0.946835 0.683382 0.397410 0.566641 0.104991 0.773936 0.267708 0.467350 0.494799 0.101471 0.038810
0.956613 0.956760 0.721559 0.395044 0.504733 0.151202 0.857997 0.297656 0.403759 0.485504 0.253572 0.038931
0.930108 0.917454 0.600364 0.396628 0.477416 0.032765 0.837026 0.223036 0.371837 0.445667 0.185434 0.066068
1.081222 0.878392 0.559010 0.414561 0.505698 -0.063175 0.756768 0.342522 0.316131 0.476957 0.194505 -0.039588
0.974082 0.914861 0.661820 0.337022 0.433108 0.236405 0.743457 0.271756 0.373348 0.487023 0.211461 0.060169
0.940875 0.916293 0.686481 0.406644 0.485584 0.008270 0.753688 0.247463 0.366165 0.435311 0.198992 0.047648
0.915694 0.982495 0.734893 0.368582 0.483969 -0.019943 0.816349 0.200626 0.536868 0.451343 0.125456 -0.024565
1.009623 0.979550 0.775523 0.374116 0.448923 0.053957 0.809868 0.366453 0.392959 0.434489 0.104497 0.081733
0.908437 0.951863 0.634280 0.446459 0.554150 0.089486 0.746816 0.247859 0.383865 0.481083 0.160018 0.038999
0.926126 0.903992 0.675895 0.451190 0.532125 0.101813 0.763531 0.252858 0.319705 0.468966 0.205525 -0.060806
0.934977 0.944159 0.664497 0.436869 0.541080 0.122441 0.845174 0.229267 0.293526 0.446570 0.163978 -0.016896
0.966609 0.892468 0.588686 0.409598 0.487013 0.162700 0.833995 0.202855 0.392831 0.518053 0.128534 0.041265
0.834797 0.939965 0.658313 0.387896 0.493959 0.163032 0.767755 0.339496 0.323404 0.510014 0.121622 0.093363
1.008263 0.969137 0.691218 0.462808 0.526916 0.177080 0.752672 0.287436 0.447372 0.532429 0.246447 0.035001
0.884345 0.884100 0.574019 0.379881 0.469653 0.141103 0.895136 0.258019 0.398777 0.527328 0.152095 0.101248
0.931202 0.946244 0.602930 0.359133 0.423154 0.085512 0.762468 0.237508 0.397507 0.514400 0.304746 0.015668
0.989537 0.954723 0.663874 0.421685 0.505185 0.096551 0.772719 0.250744 0.306341 0.435670 0.145317 0.113806
1.003327 1.003478 0.692719 0.347101 0.424803 0.140642 0.808608 0.275705 0.395681 0.533506 0.168285 -0.058174
0.993002 0.995842 0.639493 0.384851 0.467582 0.090583 0.827616 0.237577 0.343069 0.525128 0.210024 -0.003701
0.835977 0.918650 0.743050 0.450389 0.594852 0.067555 0.832013 0.314073 0.513361 0.594683 0.135492 -0.001891
0.912278 0.965514 0.675174 0.415193 0.458333 0.178533 0.857963 0.153924 0.368188 0.396329 0.312096 0.062095
1.055570 1.015663 0.686882 0.448700 0.484818 -0.013247 0.798557 0.294075 0.413185 0.517937 0.315819 0.080968
1.047151 0.982210 0.603508 0.418487 0.421588 0.076343 0.855923 0.306694 0.315278 0.563145 0.179940 0.012334
0.974407 0.928078 0.742278 0.454213 0.507409 0.142507 0.873415 0.290221 0.420757 0.475718 0.107197 0.045069
0.795662 0.997203 0.684786 0.347310 0.556048 0.069877 0.802988 0.191370 0.376078 0.442758 0.204717 -0.020941
0.992112 0.916507 0.686943 0.360475 0.459761 0.142539 0.787976 0.323687 0.341639 0.522453 0.094982 -0.023838
0.873801 0.906165 0.686951 0.385099 0.495827 0.138024 0.853145 0.208301 0.279545 0.468431 0.152947 0.042951
0.965182 0.978576 0.715632 0.461644 0.498436 0.023811 0.911456 0.248313 0.447127 0.447748 0.231907 0.052380
1.012992 0.915716 0.669094 0.412127 0.491945 0.092858 0.820853 0.240422 0.434592 0.418034 0.190962 -0.067146
0.982148 0.937398 0.570987 0.431621 0.395872 0.180581 0.866954 0.267866 0.295605 0.470538 0.212020 0.129841
0.994591 1.065794 0.664794 0.330217 0.437161 0.160256 0.830061 0.213306 0.359951 0.488750 0.115403 -0.070968
0.866833 0.955220 0.710695 0.432023 0.508041 0.101977 0.748804 0.195842 0.350716 0.487166 0.237271 0.003714
0.813056 0.989994 0.655866 0.432349 0.577648 0.069362 0.782918 0.201909 0.398715 0.443026 0.114858 0.046353
0.909365 0.946395 0.723377 0.308456 0.528964 0.152355 0.823381 0.239151 0.386156 0.500420 0.235537 0.004802
0.951186 0.972014 0.585153 0.449223 0.568984 0.133441 0.801312 0.213148 0.292191 0.455621 0.207805 0.100992
0.962035 0.902030 0.638296 0.442783 0.473903 0.135342 0.841914 0.281649 0.477720 0.542201 0.149742 -0.000634
0.871429 0.921949 0.731975 0.389460 0.477394 0.129817 0.766561 0.237364 0.394615 0.458119 0.208609 -0.047324
0.896229 0.883630 0.596314 0.384515 0.483815 0.126169 0.738678 0.270251 0.400575 0.441593 0.149849 0.039200
0.898248 0.945137 0.578403 0.368466 0.494529 0.075792 0.871570 0.229784 0.392870 0.454283 0.221300 0.107474
0.957112 0.928099 0.664839 0.375217 0.404388 0.104094 0.805653 0.224255 0.346337 0.495771 0.215578 0.086231
0.951345 0.960738 0.701166 0.363447 0.545771 0.108477 0.726893 0.316814 0.438487 0.526265 0.154537 0.054989
0.943305 0.930166 0.589810 0.370009 0.510084 0.202598 0.735454 0.267501 0.351738 0.433365 0.131166 0.026333
1.022897 0.982027 0.594100 0.293817 0.403891 0.098042 0.870526 0.227654 0.386441 0.565467 0.200411 0.023383
1.015758 0.892347 0.701889 0.413286 0.548482 0.110931 0.707375 0.275322 0.461590 0.465388 0.182285 0.005177
1.004198 0.969069 0.633864 0.415086 0.526802 0.147987 0.767913 0.372762 0.429767 0.398794 0.262953 0.149869
0.994086 1.010753 0.681119 0.457633 0.501339 0.076410 0.832418 0.253132 0.276713 0.483938 0.186702 0.018348
0.986451 1.030278 0.595000 0.396402 0.571045 0.132445 0.839229 0.256904 0.358911 0.478036 0.129923 0.008470
0.982905 0.873115 0.598653 0.447111 0.458847 0.118961 0.844647 0.369481 0.312119 0.518922 0.125070 0.134987
0.975245 1.016888 0.697077 0.287181 0.496850 0.207975 0.862913 0.328369 0.362185 0.503326 0.122991 0.028790
0.948037 0.936481 0.699079 0.421260 0.479366 0.095166 0.852301 0.221212 0.420730 0.523285 0.188025 0.035258
0.886377 0.894151 0.696374 0.413755 0.514465 0.085883 0.846033 0.232366 0.293647 0.451021 0.188156 0.018470
0.895285 0.961964 0.641860 0.403689 0.458340 0.095446 0.850698 0.266198 0.364180 0.410503 0.157899 0.027966
0.849563 0.999366 0.680259 0.434044 0.595533 0.236074 0.787406 0.205598 0.438649 0.434152 0.133644 0.029590
0.948871 0.872432 0.636769 0.393137 0.435795 0.109062 0.718747 0.278084 0.417459 0.514878 0.201506 -0.022856
0.919453 1.046640 0.696817 0.318547 0.523478 0.189330 0.705917 0.236324 0.227751 0.436316 0.224894 0.035336
0.969992 0.935163 0.635200 0.413759 0.464320 0.146202 0.784347 0.281716 0.391107 0.584685 0.240907 0.088791
0.959467 0.882528 0.649271 0.318927 0.453955 0.076199 0.713937 0.331233 0.393595 0.512548 0.173816 0.032383
1.032862 0.946663 0.629791 0.365772 0.454441 0.041520 0.862255 0.195020 0.473151 0.478302 0.193316 0.114840
0.923548 1.016182 0.668916 0.460392 0.443852 0.066695 0.868299 0.250233 0.382117 0.512664 0.204013 0.039421
0.861427 0.957888 0.549011 0.403298 0.529527 0.009658 0.783668 0.286455 0.348369 0.495395 0.212685 -0.029467
0.932515 0.881693 0.617929 0.301809 0.609942 0.068364 0.882719 0.354825 0.363022 0.626987 0.180100 0.062782
0.915397 0.875557 0.656255 0.383468 0.492782 0.037660 0.853041 0.306490 0.343570 0.443652 0.152819 0.022607
0.939966 0.953481 0.700732 0.367834 0.448268 0.054855 0.792714 0.219653 0.352872 0.460295 0.277402 0.063167
0.942700 1.005926 0.645085 0.382262 0.451191 0.093216 0.881743 0.224097 0.324276 0.521854 0.215054 0.075005
0.944937 0.999709 0.687283 0.308187 0.448635 0.067673 0.732824 0.248597 0.258427 0.549144 0.201601 0.066291
0.905626 0.934976 0.557254 0.366242 0.513753 0.176187 0.773979 0.207097 0.368707 0.608331 0.116663 0.068286
0.991079 0.959898 0.726152 0.419466 0.553566 0.203474 0.829459 0.325856 0.308312 0.431943 0.208258 0.019124
0.904854 0.941742 0.716049 0.204550 0.471514 0.133504 0.786849 0.252959 0.370201 0.537035 0.225855 -0.035975
0.930235 0.998543 0.687235 0.429554 0.497295 0.118769 0.812760 0.335998 0.340865 0.534716 0.158257 0.017030
1.037369 0.906880 0.571908 0.370149 0.421940 0.079494 0.838722 0.305312 0.303576 0.531164 0.241525 0.069583
0.969077 1.065796 0.592729 0.369285 0.444905 0.144475 0.881554 0.255881 0.371480 0.511798 0.193653 0.050998
0.936524 0.952773 0.738330 0.334786 0.426340 0.085008 0.813306 0.270629 0.405324 0.478303 0.180648 0.008238
0.952241 0.936129 0.715587 0.326931 0.445323 0.080751 0.784566 0.222287 0.365539 0.366488 0.311592 0.004347
0.980775 0.913700 0.633173 0.303941 0.492822 0.145039 0.820365 0.300279 0.502392 0.494481 0.174393 0.093513
1.001149 0.942079 0.707424 0.345397 0.467726 0.100773 0.733540 0.266314 0.426494 0.550148 0.243139 0.061949
1.064354 0.935370 0.617545 0.470174 0.461204 0.062019 0.756887 0.189883 0.430741 0.511184 0.217259 0.060624
0.920251 0.924070 0.621289 0.358262 0.506261 0.133829 0.793366 0.184622 0.343218 0.518302 0.158919 -0.058272
0.966376 0.929981 0.665324 0.341782 0.501253 0.028805 0.831378 0.179305 0.419614 0.626664 0.242118 0.001017
0.915568 1.065184 0.628800 0.385170 0.451613 0.164227 0.847760 0.257760 0.351480 0.538096 0.127675 -0.031682
0.924580 0.891496 0.620330 0.399043 0.459975 0.065702 0.861762 0.161750 0.437070 0.530295 0.198804 0.031591
0.942582 0.996320 0.563560 0.396650 0.465463 0.044739 0.781515 0.344355 0.414600 0.523508 0.173747 0.029328
0.172040 0.182576 0.495972 0.468722 0.505808 0.475255 0.866279 0.282110 0.821843 0.528446 0.186149 0.687287
0.174382 0.118495 0.548887 0.494413 0.536014 0.542647 0.954560 0.274029 0.889107 0.559665 0.179045 0.702428
0.191759 0.196637 0.464481 0.517667 0.547826 0.533683 0.926146 0.386380 0.822878 0.501653 0.151200 0.819212
0.255538 0.224308 0.455390 0.507797 0.600121 0.534244 0.801785 0.293740 0.827670 0.571550 0.132057 0.691281
0.146429 0.204427 0.461944 0.430568 0.619888 0.557274 0.869786 0.250390 0.845639 0.626170 0.205738 0.816879
0.102180 0.144089 0.451444 0.495390 0.578485 0.589596 0.904218 0.311187 0.844020 0.559558 0.122320 0.754170
0.188678 0.119991 0.539049 0.464445 0.515526 0.593340 0.919925 0.378025 0.918811 0.530127 0.144655 0.723107
0.168362 0.169322 0.482031 0.517462 0.615737 0.563539 0.849651 0.239330 0.805107 0.590819 0.208372 0.688693
0.177793 0.147621 0.459280 0.494128 0.574823 0.558940 0.887804 0.304448 0.921297 0.544678 0.134248 0.716519
0.171534 0.162191 0.496672 0.433094 0.514510 0.550231 0.947370 0.338072 0.812019 0.618826 0.243538 0.665943
0.293772 0.092291 0.448308 0.541096 0.635847 0.593978 0.897258 0.298148 0.890210 0.553852 0.244972 0.712036
0.239525 0.173712 0.510618 0.490775 0.563274 0.619660 1.001636 0.243096 0.880840 0.588809 0.095060 0.699415
0.182451 0.215136 0.473812 0.490107 0.623264 0.585608 0.915792 0.292482 0.893757 0.644698 0.231191 0.764499
0.171106 0.086293 0.399560 0.472248 0.586986 0.474250 0.939749 0.348644 0.850613 0.588961 0.180960 0.666855
0.161372 0.093774 0.556793 0.453559 0.603654 0.519131 0.938809 0.271756 0.939297 0.563707 0.134964 0.747065
0.236900 0.140845 0.451120 0.529382 0.612867 0.649058 0.858772 0.279664 0.854393 0.587753 0.199246 0.697228
0.230860 0.092288 0.439234 0.479529 0.547973 0.584029 0.935033 0.303661 0.907002 0.528710 0.122058 0.748081
0.276791 0.132683 0.461490 0.466783 0.608290 0.535775 0.965938 0.256012 0.909656 0.560479 0.281078 0.630373
0.234620 0.213088 0.512071 0.423284 0.530041 0.512795 1.020595 0.290352 0.905431 0.590756 0.189296 0.730440
0.199264 0.136886 0.495762 0.509436 0.573392 0.538361 0.890007 0.234187 0.881935 0.629547 0.107329 0.687357
0.177309 0.096321 0.463941 0.611977 0.577382 0.458655 0.915841 0.290885 0.924496 0.603370 0.167528 0.654152
0.187350 0.106741 0.531617 0.505142 0.578409 0.613017 0.913318 0.161350 0.853188 0.517066 0.092506 0.739322
0.225223 0.257221 0.457681 0.545936 0.609699 0.448583 0.991918 0.310594 0.900570 0.649077 0.233960 0.653995
0.176727 0.084220 0.506953 0.440301 0.599503 0.528224 0.929717 0.323977 0.856347 0.561741 0.137753 0.736594
0.216377 0.078597 0.519265 0.484076 0.636836 0.543314 0.879713 0.250989 0.825135 0.585646 0.172085 0.689868
0.244137 0.147514 0.490618 0.533402 0.568581 0.480622 0.954119 0.222778 0.821467 0.644889 0.207000 0.703011
0.136384 0.131936 0.535968 0.419342 0.566661 0.589166 0.918543 0.206018 0.928725 0.653190 0.137364 0.690930
0.278882 0.065075 0.415633 0.489187 0.505338 0.509459 0.909148 0.286555 0.878447 0.609126 0.268649 0.561116
0.191173 0.120603 0.486696 0.498854 0.489931 0.479650 0.876274 0.336699 0.957873 0.643016 0.211912 0.731421
0.309893 0.038518 0.446243 0.416568 0.573428 0.693679 0.972851 0.353430 0.870914 0.558868 0.167236 0.691178
0.224092 0.181019 0.437776 0.544909 0.535086 0.566984 0.878854 0.367797 0.803979 0.516098 0.268713 0.749679
0.256683 0.171189 0.523995 0.432012 0.623377 0.498813 0.985173 0.239512 0.817178 0.514491 0.148254 0.574271
0.206447 0.098727 0.536146 0.484485 0.567614 0.459225 0.952971 0.255704 0.945504 0.571171 0.068860 0.720972
0.296549 0.043041 0.516265 0.470508 0.580995 0.629448 0.911177 0.336067 0.845087 0.600688 0.201768 0.697974
0.212209 0.142168 0.486206 0.518994 0.588861 0.566424 0.944126 0.259644 0.847873 0.620708 0.044592 0.645017
0.171194 0.182329 0.481219 0.552765 0.551927 0.515153 0.920581 0.267581 0.860300 0.623662 0.123146 0.784496
0.242413 0.154754 0.494348 0.455944 0.638922 0.544758 0.938186 0.267714 0.841036 0.633575 0.057574 0.731604
0.260072 0.071931 0.487353 0.517956 0.664896 0.625258 0.849538 0.357628 0.825204 0.586363 0.178033 0.712338
0.160032 0.215177 0.400655 0.487345 0.431503 0.526528 0.899413 0.291004 0.863031 0.683004 0.115324 0.655251
0.231835 0.066757 0.480393 0.473871 0.532374 0.452206 0.846416 0.305682 0.906784 0.568731 0.207860 0.613144
0.218632 0.147545 0.554227 0.425812 0.650258 0.579591 0.856131 0.350720 0.941763 0.604588 0.159788 0.685566
0.220892 0.133489 0.536519 0.505183 0.600948 0.531925 0.939914 0.282354 1.003235 0.612763 0.150967 0.763547
0.244659 0.173210 0.430432 0.494981 0.667883 0.552611 0.874554 0.330666 0.939187 0.613334 0.174716 0.740932
0.308273 0.146531 0.517621 0.465266 0.530076 0.507394 0.882366 0.332993 0.936500 0.533582 0.154693 0.708929
0.213684 0.224634 0.508502 0.497163 0.500974 0.553724 0.882774 0.243578 0.854865 0.607353 0.099264 0.711629
0.198696 0.120644 0.503416 0.449186 0.485952 0.519166 0.887310 0.298882 0.955740 0.589171 0.154224 0.683382
0.141290 0.108936 0.477144 0.558553 0.654260 0.647826 0.881237 0.323894 0.909974 0.581170 0.095936 0.695114
0.239094 0.048789 0.412803 0.470853 0.634418 0.590102 0.920952 0.253163 0.919042 0.596430 0.201148 0.711882
0.223704 0.110808 0.369864 0.510815 0.559319 0.569426 0.921628 0.288233 0.887479 0.540038 0.157939 0.673077
0.181964 0.110074 0.507308 0.509851 0.503283 0.537517 0.867279 0.298403 0.854524 0.604709 0.148558 0.701672
0.248115 0.067157 0.483997 0.460400 0.542064 0.547636 1.007040 0.308488 0.847695 0.506988 0.131942 0.623720
0.239106 0.062760 0.483883 0.497485 0.521468 0.552458 0.961852 0.318272 0.832651 0.603397 0.262572 0.718384
0.199464 0.182024 0.467965 0.530951 0.570585 0.543802 0.859848 0.254711 0.792565 0.575188 0.286026 0.725911
0.202963 0.261905 0.451249 0.428618 0.630575 0.610618 0.838207 0.341793 0.858527 0.604088 0.136734 0.732966
0.314380 0.136324 0.397517 0.475457 0.561387 0.551398 0.848616 0.244208 0.894078 0.676741 0.193741 0.700121
0.209920 0.137163 0.384766 0.506992 0.548794 0.527642 0.883755 0.300937 0.933039 0.557493 0.129987 0.672996
0.191946 0.112465 0.424609 0.500556 0.593095 0.534319 0.980058 0.271242 0.848306 0.589401 0.204754 0.704539
0.231454 0.018823 0.567407 0.421870 0.639711 0.497524 0.940944 0.259940 0.750533 0.579000 0.216083 0.782865
0.157686 0.131220 0.561141 0.572018 0.591818 0.556638 0.941372 0.369404 0.894777 0.583514 0.231782 0.675646
0.223031 0.217077 0.473153 0.515342 0.569802 0.446893 0.844678 0.244485 0.853309 0.611613 0.222425 0.623851
0.173503 0.198010 0.438729 0.335731 0.575197 0.539537 0.923316 0.274528 0.856433 0.557505 0.203133 0.711145
0.293287 0.095660 0.517908 0.485178 0.608546 0.511797 0.943947 0.331960 0.862149 0.556574 0.193713 0.744966
0.248366 0.145575 0.453512 0.609307 0.497338 0.491090 0.962769 0.280081 0.871459 0.522229 0.183823 0.680968
0.203889 0.157699 0.354277 0.441349 0.523717 0.520824 0.940154 0.217385 0.887519 0.571937 0.211746 0.771995
0.228143 0.131917 0.443241 0.454255 0.594602 0.534105 0.992660 0.343446 0.869042 0.596820 0.176499 0.601074
0.247919 0.210892 0.431738 0.417695 0.544522 0.602965 0.958608 0.177150 0.734521 0.668336 0.220277 0.641108
0.209114 0.129297 0.521719 0.522151 0.584256 0.557134 0.943662 0.284658 0.830634 0.590621 0.200431 0.572789
0.286885 0.091685 0.529167 0.486879 0.564058 0.491869 0.968549 0.212615 0.876447 0.569239 0.211892 0.666681
0.262256 0.132480 0.422270 0.495270 0.622681 0.559331 0.884189 0.262948 0.870363 0.584627 0.172766 0.722094
0.195257 0.187215 0.476129 0.583207 0.609305 0.521838 0.948319 0.341777 0.894696 0.546817 0.155343 0.667964
0.130620 0.088706 0.427010 0.558605 0.587468 0.538103 0.943082 0.261202 0.881505 0.619987 0.143758 0.595049
0.171713 0.153332 0.366807 0.479418 0.555220 0.504297 0.946725 0.343706 0.881056 0.600579 0.238165 0.696551
0.126014 0.053403 0.523077 0.508546 0.577592 0.572046 0.893788 0.322578 0.895946 0.579925 0.262745 0.732560
0.172210 0.155939 0.406401 0.499994 0.556190 0.536034 0.948369 0.327776 0.885206 0.550307 0.190002 0.686661
0.087063 0.162092 0.460046 0.519806 0.639285 0.550992 0.927989 0.357575 0.911308 0.550685 0.125226 0.679149
0.186955 0.060277 0.475699 0.561501 0.540852 0.549394 0.959765 0.252074 0.972316 0.641419 0.120840 0.805301
0.251933 0.121650 0.496588 0.524483 0.504760 0.552674 0.921763 0.316734 0.835252 0.478835 0.109918 0.644377
0.279180 0.105496 0.450483 0.503512 0.531829 0.509951 0.950711 0.235449 0.808104 0.595274 0.191953 0.722174
0.238647 0.067313 0.435441 0.621141 0.588289 0.471933 0.962946 0.365434 0.885433 0.637706 0.211758 0.703121
0.162510 0.262340 0.462216 0.513758 0.584984 0.524988 0.822491 0.315299 0.851711 0.587770 0.092048 0.715274
0.140998 0.168597 0.471873 0.514072 0.604005 0.503952 0.944655 0.319477 0.843793 0.543092 0.214732 0.650080
0.154373 0.164916 0.372018 0.473224 0.566283 0.462433 0.918622 0.249883 0.809649 0.635262 0.188367 0.650912
0.167524 0.169489 0.452145 0.451143 0.533318 0.542208 0.930731 0.281097 0.911518 0.516063 0.128234 0.654986
0.195249 0.182092 0.549206 0.513229 0.575897 0.480667 0.920807 0.354322 0.856231 0.546636 0.232132 0.759578
0.276364 0.140591 0.481342 0.505808 0.569093 0.531464 0.845212 0.362546 0.862950 0.624200 0.118575 0.740785
0.186299 0.038595 0.414317 0.373891 0.533621 0.447048 0.971835 0.356375 0.866107 0.571439 0.211704 0.694155
0.219051 0.176199 0.506612 0.436964 0.587742 0.456289 0.930706 0.216746 0.855226 0.523563 0.226197 0.704669
0.314070 0.119418 0.496844 0.511622 0.590499 0.497575 0.891909 0.266166 0.877407 0.576344 0.106803 0.735136
0.228569 0.166086 0.486110 0.442651 0.546817 0.561986 0.945799 0.200635 0.836770 0.641585 0.158335 0.672071
0.188855 0.056451 0.522929 0.556250 0.595886 0.553356 0.990577 0.307260 0.882303 0.532254 0.281763 0.699352
0.199804 0.133847 0.548780 0.516537 0.617866 0.580961 0.997181 0.298424 0.951643 0.594799 0.214937 0.706736
0.221163 0.019404 0.409540 0.564201 0.550172 0.588000 0.924594 0.359937 0.911413 0.524075 0.213610 0.582665
0.183806 0.182550 0.438840 0.494179 0.671060 0.566433 0.967854 0.333243 0.958024 0.544687 0.184325 0.752773
0.139261 0.133018 0.527953 0.518310 0.495189 0.682692 0.923120 0.291134 0.923986 0.593846 0.124853 0.730940
0.231345 0.121769 0.511313 0.446142 0.592068 0.523372 0.884264 0.325788 1.003650 0.693891 0.138749 0.627457
0.290468 0.106991 0.530043 0.579260 0.557615 0.524860 1.009072 0.314222 0.908773 0.631057 0.143738 0.678707
0.222904 0.222495 0.565794 0.461195 0.519650 0.531060 0.941461 0.228131 0.797654 0.596116 0.056449 0.687336
0.134906 0.020487 0.418058 0.457367 0.627682 0.539178 0.953463 0.256208 0.951737 0.624277 0.195323 0.768077
0.233984 0.158805 0.491831 0.470152 0.643209 0.503095 0.919303 0.265639 0.845074 0.578613 0.177387 0.657360
0.168052 0.143516 0.459914 0.540739 0.537166 0.555696 0.926822 0.262778 0.859161 0.569396 0.136062 0.717022
0.192309 0.137168 0.445722 0.486625 0.549978 0.563433 0.897216 0.259390 0.936036 0.621167 0.179116 0.627201
0.294444 0.015088 0.502905 0.520118 0.603733 0.516923 0.839966 0.351424 0.831528 0.641735 0.099350 0.649549
0.174475 0.100269 0.579212 0.437540 0.548993 0.570594 0.971575 0.259833 0.972057 0.571445 0.189723 0.633428
0.202290 0.128172 0.481766 0.525594 0.589805 0.574716 0.902281 0.201527 0.897370 0.584415 0.173526 0.644578
0.156584 0.198025 0.443474 0.439938 0.589695 0.489180 0.911952 0.284785 0.878568 0.589012 0.150237 0.643800
0.197015 0.052981 0.519597 0.414488 0.582214 0.545872 0.948851 0.293374 0.988053 0.421575 0.259447 0.702269
0.157738 0.147028 0.538600 0.442036 0.600302 0.575163 0.913250 0.197659 0.822496 0.675940 0.179681 0.691494
0.179371 0.152898 0.450408 0.551929 0.583248 0.499470 0.964667 0.252541 0.904668 0.570237 0.091410 0.639084
0.267558 0.188933 0.474364 0.408835 0.592869 0.478058 0.887830 0.295995 0.906069 0.648891 0.150832 0.659331
0.176370 0.108757 0.467936 0.452034 0.644876 0.580593 0.855617 0.362008 0.875287 0.580823 0.261987 0.607524
0.347678 0.111018 0.471596 0.511154 0.575677 0.592165 0.949301 0.348858 0.959470 0.595062 0.064370 0.733847
0.171666 0.141164 0.468304 0.502505 0.521193 0.502798 1.007454 0.405851 0.767897 0.630895 0.185492 0.631093
0.166426 0.072607 0.436462 0.521749 0.542013 0.539864 0.867433 0.286965 0.811578 0.547260 0.145433 0.676501
0.243355 0.165746 0.429583 0.465988 0.567316 0.549627 0.887331 0.391426 0.897517 0.610398 0.169070 0.682727
0.207785 0.103000 0.460421 0.421320 0.635741 0.501328 0.868148 0.288663 0.859836 0.565840 0.151979 0.685750
0.238664 0.172580 0.461904 0.478503 0.578536 0.515992 0.880018 0.267980 0.900795 0.575650 0.175853 0.745629
0.192257 0.105063 0.529804 0.533972 0.540252 0.536624 0.891171 0.264273 0.867503 0.615406 0.084284 0.662456
0.231134 0.116903 0.497628 0.370755 0.544727 0.417929 0.915625 0.261726 0.851327 0.618529 0.220044 0.746743
0.249477 0.146397 0.432977 0.395519 0.563178 0.375989 0.892387 0.300223 0.878533 0.463374 0.188053 0.733971
0.225462 0.076641 0.524399 0.472055 0.610879 0.555702 0.983500 0.342920 0.928275 0.506812 0.181629 0.707508
0.227482 0.221649 0.478905 0.464961 0.586605 0.520953 0.926350 0.268421 0.814397 0.599689 0.129521 0.630693
0.221212 0.116437 0.529439 0.446215 0.542475 0.596353 0.946941 0.270979 0.966177 0.605975 0.167486 0.670754
0.214749 0.143188 0.564868 0.511528 0.482789 0.566216 0.882039 0.322879 0.893393 0.578966 0.097049 0.786185
0.213595 0.161613 0.538233 0.466132 0.625559 0.557276 0.941359 0.287901 0.917002 0.560321 0.144841 0.693534
0.154737 0.180473 0.547077 0.433708 0.555389 0.535765 0.953145 0.342633 0.955171 0.504367 0.207296 0.703188
0.185788 0.194672 0.418450 0.541066 0.584462 0.638808 0.857926 0.213873 0.892385 0.623554 0.232878 0.736792
0.239092 0.125410 0.495392 0.458773 0.583186 0.612064 0.901391 0.396437 0.809100 0.530838 0.098467 0.743277
0.309485 0.108868 0.501908 0.512363 0.620604 0.499160 0.952641 0.291384 0.867746 0.573741 0.121063 0.597499
0.286914 0.206259 0.463010 0.507380 0.533394 0.529414 0.907796 0.339977 0.923894 0.411072 0.171738 0.783767
0.238297 0.144589 0.526131 0.514450 0.633138 0.497791 0.933908 0.273210 0.921307 0.630756 0.195979 0.682927
0.232607 0.201366 0.477899 0.489506 0.577250 0.535667 0.846311 0.267905 0.926409 0.666677 0.189512 0.648241
0.202181 0.230699 0.488715 0.499433 0.628972 0.464750 0.973208 0.326985 0.896792 0.559363 0.119570 0.768712
0.184400 0.178666 0.516926 0.445224 0.630974 0.612690 0.890036 0.283887 0.819558 0.582483 0.182987 0.653738
0.302309 0.116393 0.425674 0.418068 0.602178 0.514034 0.928783 0.346310 0.859904 0.702060 0.155964 0.611502
0.177509 0.145765 0.413430 0.470026 0.533991 0.570373 0.915905 0.188142 0.904258 0.589788 0.130463 0.684178
0.210798 0.161913 0.529481 0.565829 0.536294 0.492487 0.919901 0.361800 0.837833 0.644372 0.211149 0.663088
0.119546 0.115332 0.471805 0.464474 0.620771 0.545212 1.121694 0.327683 0.829990 0.503815 0.131059 0.647514
0.190703 0.101270 0.545619 0.471017 0.572998 0.608904 0.826031 0.331122 0.886372 0.602093 0.193084 0.695411
0.195751 0.118336 0.409908 0.594559 0.602964 0.560751 0.828855 0.318702 0.911812 0.518342 0.116762 0.739205
0.239233 0.172468 0.545945 0.483022 0.638818 0.603243 0.952228 0.210490 0.920785 0.631540 0.255425 0.686962
0.126027 0.109622 0.515982 0.471782 0.509894 0.515650 0.951466 0.304167 0.852670 0.554630 0.212361 0.673301
0.131344 0.057040 0.496152 0.523526 0.601972 0.548389 0.861904 0.284771 0.839839 0.568851 0.166821 0.679121
0.217953 0.106038 0.425338 0.534319 0.520509 0.588048 0.913786 0.265093 0.916140 0.487540 0.175595 0.803552
0.201914 0.045440 0.346342 0.536867 0.670350 0.523716 0.979572 0.377716 0.839572 0.584547 0.203769 0.721737
0.229402 0.073420 0.461271 0.506242 0.573988 0.590304 0.892575 0.268248 0.927549 0.559964 0.183569 0.673026
0.183479 0.154227 0.536432 0.499467 0.592713 0.539039 0.947194 0.343551 0.998055 0.563706 0.162030 0.595277
0.224129 0.028933 0.411998 0.392135 0.474267 0.583400 0.984227 0.218456 0.900981 0.513090 0.271343 0.660057
0.159133 0.134183 0.476699 0.494765 0.624427 0.540947 0.978739 0.290585 0.845230 0.664189 0.111982 0.619059
0.243509 0.110868 0.454172 0.512870 0.574506 0.524786 0.987790 0.297645 0.865698 0.526096 0.148214 0.670143
0.246091 0.197256 0.530705 0.532698 0.577802 0.607740 0.868731 0.271039 0.830963 0.600192 0.137135 0.700366
0.147924 0.202438 0.560546 0.503744 0.611382 0.595239 0.909551 0.309575 0.880760 0.614660 0.254269 0.778454
0.143235 0.128909 0.397726 0.563754 0.558022 0.525185 0.884049 0.380619 0.855904 0.518585 0.283558 0.749543
0.146946 0.177546 0.541892 0.492752 0.604076 0.538513 0.972874 0.335549 0.773971 0.684332 0.205649 0.666122
0.132785 0.144738 0.520090 0.485491 0.560902 0.528212 0.923277 0.383753 0.915178 0.607031 0.157525 0.725568
0.122862 0.148238 0.497347 0.520030 0.628444 0.589144 0.871045 0.201680 0.857208 0.680264 0.192666 0.680441
0.287035 0.129201 0.390916 0.511000 0.613805 0.539108 0.823407 0.346978 0.920940 0.541535 0.147098 0.640060
0.122778 0.181807 0.559865 0.341631 0.631799 0.500555 0.964910 0.269242 0.898372 0.590868 0.161721 0.636957
0.246056 0.186842 0.373593 0.506436 0.567690 0.397848 0.915480 0.401451 0.868554 0.615114 0.189347 0.709125
0.187309 0.107203 0.469026 0.487339 0.607681 0.532965 0.949896 0.269593 0.877057 0.529110 0.100756 0.621862
0.206520 0.155595 0.481336 0.514143 0.580681 0.591097 0.922716 0.359487 0.770314 0.623454 0.245856 0.616847
0.246753 0.159679 0.473752 0.568544 0.633422 0.492235 1.062360 0.314489 0.869497 0.569890 0.167197 0.669970
0.111085 0.197375 0.490213 0.439296 0.571571 0.536926 0.953734 0.293603 0.856735 0.597730 0.168147 0.680377
0.219595 0.125985 0.450287 0.504407 0.520812 0.489205 0.887968 0.334731 0.828987 0.640791 0.126400 0.620966
0.252065 0.162358 0.440859 0.456080 0.545363 0.535697 0.917867 0.252964 0.946805 0.505830 0.201287 0.641683
0.161670 0.128279 0.588836 0.543542 0.572762 0.451557 1.009788 0.279170 0.942519 0.596148 0.252136 0.672891
0.217322 0.195564 0.478365 0.494118 0.597947 0.483377 0.907463 0.355004 0.840916 0.511923 0.143184 0.740763
0.291069 0.091469 0.513748 0.478994 0.599421 0.484735 0.885374 0.220686 0.856119 0.609182 0.117295 0.654111
0.248787 0.129263 0.457304 0.513111 0.568259 0.562312 0.996227 0.283089 0.897776 0.602593 0.106415 0.692567
0.190916 0.091880 0.525792 0.431727 0.510873 0.570197 0.893127 0.342233 0.781787 0.623649 0.227899 0.676242
0.221602 0.128897 0.502553 0.451893 0.533019 0.587371 0.940336 0.278724 0.939346 0.532343 0.150292 0.646953
0.252457 0.176886 0.440505 0.424441 0.650348 0.584276 0.927389 0.331990 0.846307 0.648178 0.205716 0.701525
0.279862 0.141375 0.487339 0.521097 0.552215 0.556593 0.954903 0.330378 0.881669 0.566281 0.171446 0.748014
0.133301 0.098361 0.472717 0.435732 0.602092 0.619606 0.983503 0.265667 0.905013 0.627228 0.235861 0.730436
0.272175 0.045287 0.557663 0.626861 0.549828 0.633299 0.868085 0.308532 0.954875 0.584966 0.159971 0.625155
0.215495 0.171372 0.453630 0.521456 0.623201 0.623173 0.991954 0.340997 0.891876 0.613739 0.191856 0.599573
0.190937 0.159120 0.477561 0.448427 0.525029 0.535277 0.890022 0.357588 0.881502 0.551609 0.210674 0.646174
0.149512 0.187650 0.452264 0.439796 0.613673 0.482947 0.907646 0.326078 0.856715 0.529439 0.279021 0.683449
0.289619 0.150156 0.529687 0.506744 0.525578 0.628837 0.995675 0.287730 0.892633 0.521613 0.164279 0.629529
0.213911 0.183708 0.368240 0.484239 0.668100 0.659204 0.919213 0.206387 0.859623 0.618729 0.221121 0.620048
0.249761 0.101075 0.513121 0.463989 0.590414 0.479987 1.003382 0.244187 0.942217 0.547636 0.228087 0.721863
0.251872 0.034563 0.400282 0.498731 0.577144 0.597934 0.945604 0.277980 0.907511 0.513816 0.145900 0.765728
0.159660 0.129752 0.568342 0.458125 0.475960 0.516699 0.931152 0.262158 0.796067 0.609402 0.130893 0.676945
0.247754 0.168774 0.533752 0.504624 0.501567 0.555774 1.000848 0.234590 0.966491 0.658640 0.230654 0.704053
0.159809 0.048052 0.496991 0.454050 0.673928 0.573354 0.870803 0.334327 0.862307 0.613029 0.142808 0.701788
0.223891 0.142046 0.460956 0.529224 0.667371 0.576684 0.954573 0.313916 0.908610 0.569434 0.178394 0.791741
0.300472 0.081316 0.538025 0.483747 0.603052 0.556992 0.884873 0.295027 0.838679 0.568176 0.168507 0.740009
0.290315 0.077631 0.395713 0.456933 0.512186 0.498858 0.917967 0.268706 0.803068 0.571440 0.210331 0.654761
0.345803 0.171589 0.383392 0.399102 0.572316 0.515061 0.895388 0.267378 0.895556 0.557370 0.151747 0.713922
0.213240 0.104073 0.500232 0.537212 0.590975 0.576008 0.907584 0.279516 0.867237 0.521584 0.092085 0.751908
0.221685 0.076279 0.581549 0.493649 0.562006 0.608391 0.909491 0.385301 0.820767 0.556035 0.209668 0.718944
0.122111 0.105464 0.523004 0.607830 0.636597 0.536000 0.907734 0.303082 0.867861 0.558150 0.194019 0.718049
0.183725 0.056341 0.365274 0.488708 0.553877 0.547250 0.883634 0.221439 0.789035 0.619311 0.183520 0.682366
0.168875 0.085718 0.466455 0.482265 0.572722 0.588733 0.881487 0.316132 0.840029 0.566278 0.083317 0.762181
0.195547 0.087831 0.421639 0.429940 0.582124 0.469179 0.883953 0.376692 0.890423 0.547799 0.190791 0.608544
0.230259 0.073621 0.558457 0.505388 0.649566 0.551252 0.924255 0.289629 0.912624 0.421193 0.143161 0.681145
0.185428 0.159883 0.463385 0.523723 0.573361 0.531300 0.940505 0.389012 0.886574 0.656801 0.197748 0.682992
0.145002 0.181847 0.517541 0.395453 0.607329 0.628905 0.933725 0.261126 0.804485 0.585257 0.185525 0.680617
0.188712 0.112195 0.398139 0.465406 0.641521 0.580747 0.919555 0.287670 0.913592 0.625365 0.114973 0.723168
0.130645 0.127153 0.587558 0.478710 0.541945 0.423148 0.843918 0.329056 0.866309 0.617859 0.177693 0.673531
0.230898 0.073855 0.502216 0.435559 0.560561 0.475656 0.943474 0.269052 0.834605 0.635911 0.220186 0.677364
0.199692 0.120188 0.439951 0.536774 0.586413 0.537228 0.938040 0.200762 0.911464 0.519904 0.098001 0.589800
0.204056 0.179493 0.472965 0.506295 0.601808 0.536910 1.024293 0.353679 0.959665 0.579216 0.166045 0.720600
0.031099 0.067453 0.438550 0.369056 0.575351 0.642494 0.905051 0.276400 0.871110 0.648931 0.236041 0.671637
0.152162 0.160003 0.503729 0.482307 0.527140 0.531418 0.951482 0.233197 0.911229 0.499739 0.125247 0.791164
0.136527 0.122880 0.524547 0.623073 0.658147 0.577496 0.861815 0.321668 0.903420 0.554975 0.152543 0.596348
0.278579 0.140709 0.502309 0.501925 0.529505 0.525036 0.951711 0.291651 0.850777 0.532477 0.112773 0.705524
0.162695 0.216175 0.584205 0.542997 0.593086 0.626412 0.973128 0.344152 0.882645 0.569288 0.147095 0.673180
0.227769 0.158642 0.495150 0.500460 0.658420 0.487564 0.947666 0.277742 0.909297 0.595914 0.185071 0.602606
0.205610 0.160581 0.468364 0.506438 0.601697 0.571627 0.947064 0.234656 0.799130 0.526361 0.100596 0.738569
0.200057 0.216414 0.394554 0.540240 0.615593 0.556978 0.951947 0.328195 0.793799 0.490596 0.191999 0.630991
0.176587 0.153923 0.506173 0.485916 0.628982 0.518567 0.912419 0.316503 0.900933 0.558261 0.260839 0.743129
0.260422 0.194476 0.505082 0.569703 0.535048 0.468167 0.944695 0.355079 0.869831 0.570111 0.174873 0.664716
0.101781 0.122043 0.443659 0.495787 0.557144 0.436867 0.945095 0.279335 0.830500 0.572528 0.155192 0.650914
0.106583 0.131763 0.452100 0.504527 0.572822 0.545795 0.838762 0.287032 0.815505 0.549765 0.154877 0.783429
0.156655 0.118080 0.558255 0.462518 0.666840 0.610535 0.933171 0.310055 0.857982 0.578239 0.176203 0.679752
0.226540 0.187490 0.538623 0.443294 0.625558 0.506642 0.887499 0.214476 0.906206 0.485270 0.115754 0.693687
0.204838 0.177371 0.443458 0.536160 0.615709 0.485861 0.962390 0.425233 0.839359 0.577872 0.182051 0.688481
0.254068 0.116402 0.488651 0.544670 0.603528 0.534349 0.982106 0.351093 0.888055 0.533917 0.176980 0.791709
0.218841 0.161501 0.462290 0.518885 0.595618 0.471461 0.954248 0.235474 0.947956 0.578125 0.184429 0.670571
0.061589 0.139122 0.547055 0.503920 0.546674 0.567165 0.872447 0.157875 0.862431 0.517315 0.151319 0.679067
0.262178 0.140061 0.439824 0.469442 0.585307 0.543791 0.918164 0.269611 0.873349 0.554180 0.146904 0.631847
0.268800 0.076815 0.500399 0.485163 0.474125 0.575100 0.944400 0.303441 0.873892 0.618494 0.159030 0.686417
0.247102 0.109732 0.523145 0.441690 0.606405 0.552613 0.971697 0.307866 1.036677 0.587310 0.221721 0.671999
0.210359 0.093202 0.565757 0.496693 0.558855 0.506427 0.983911 0.199895 0.819336 0.608397 0.142925 0.704449
0.189631 0.128695 0.510468 0.550859 0.523849 0.533130 0.915912 0.290080 0.931932 0.662402 0.175121 0.608527
0.174473 0.161014 0.489710 0.368874 0.560443 0.496419 0.908092 0.323597 0.905701 0.662553 0.231418 0.709129
0.167447 0.105961 0.505212 0.491250 0.525368 0.558652 0.985786 0.312701 0.913665 0.491358 0.199316 0.719115
0.111958 0.113413 0.492895 0.532132 0.582099 0.476910 0.848413 0.214564 0.857769 0.558285 0.151887 0.649340
0.165599 0.243501 0.498978 0.488771 0.636984 0.530663 0.908552 0.309874 0.919483 0.567593 0.119366 0.705989
0.235605 0.124142 0.464335 0.491040 0.619079 0.510340 0.942827 0.283608 0.871167 0.725132 0.311701 0.671800
0.136638 0.090389 0.510626 0.482293 0.583758 0.551075 0.965654 0.211084 0.896143 0.576295 0.225827 0.604384
0.228746 0.095639 0.558900 0.478050 0.579277 0.577995 0.938905 0.268661 0.861572 0.679668 0.143097 0.665755
0.150596 0.169549 0.480968 0.394536 0.646103 0.515460 0.802083 0.323719 0.856110 0.608193 0.141029 0.740823
0.315923 0.093375 0.537443 0.526372 0.593849 0.482194 0.930706 0.304725 0.916153 0.619656 0.165703 0.641436
0.275661 0.195442 0.390934 0.580958 0.625712 0.606556 1.016457 0.318771 0.850727 0.615268 0.205235 0.679326
0.178263 0.123558 0.527888 0.508412 0.477504 0.597321 0.928316 0.362774 0.880713 0.576871 0.163028 0.790161
0.180715 0.149495 0.443206 0.523618 0.584253 0.540606 0.898968 0.278416 0.859396 0.568103 0.194663 0.662243
0.218222 0.179897 0.559561 0.484617 0.635518 0.548087 0.948065 0.314532 0.841143 0.524498 0.149314 0.747499
0.312594 0.172425 0.402370 0.509793 0.598616 0.474574 0.818569 0.188298 0.800927 0.592724 0.256225 0.693327
0.151361 0.114223 0.447836 0.467089 0.552578 0.531742 0.985761 0.194139 0.810707 0.570610 0.178247 0.673213
0.191329 0.149887 0.481167 0.487551 0.535638 0.567323 0.846627 0.355476 0.886878 0.626910 0.123146 0.721691
0.181842 0.038763 0.491693 0.431681 0.552356 0.540173 0.931466 0.282768 0.853238 0.644859 0.202779 0.679236
0.234250 0.143031 0.464975 0.504386 0.580148 0.603523 0.885333 0.235904 0.892912 0.587807 0.248132 0.540508
0.219315 0.097526 0.440630 0.536143 0.563670 0.562240 0.953417 0.307253 0.897589 0.540422 0.243359 0.616401
0.244816 0.094692 0.515358 0.525440 0.576903 0.442435 0.886823 0.280836 0.882432 0.565996 0.147858 0.737761
0.185527 0.090867 0.532140 0.478950 0.505612 0.532339 0.986020 0.352786 0.863245 0.543483 0.196579 0.654884
0.096019 0.107204 0.430518 0.567026 0.521917 0.520213 0.863386 0.254296 0.840987 0.661092 0.107802 0.611579
0.198699 0.095829 0.422588 0.592965 0.583668 0.534990 0.939781 0.364109 0.867836 0.561373 0.202817 0.632917
0.186415 0.181139 0.523746 0.472912 0.511177 0.478816 0.873722 0.308004 0.922178 0.549123 0.171306 0.660083
0.216582 0.145273 0.486676 0.411550 0.478338 0.606712 0.884729 0.426523 0.897099 0.591907 0.155858 0.633476
0.159685 0.086741 0.448865 0.457105 0.571433 0.439382 0.935746 0.265964 0.790131 0.654438 0.140413 0.649891
0.181460 0.142465 0.548065 0.406347 0.564210 0.541526 0.937082 0.315695 0.861947 0.537475 0.229471 0.764808
0.230933 0.165946 0.481153 0.452636 0.454052 0.464625 0.926663 0.323082 0.951850 0.661722 0.087092 0.693629
0.229502 0.087301 0.494871 0.450949 0.567828 0.495370 0.895595 0.281968 0.890685 0.588349 0.150065 0.692722
0.280134 0.089766 0.458506 0.538779 0.504949 0.577717 0.884096 0.278426 0.815596 0.577028 0.126444 0.664745
0.241714 0.085731 0.432803 0.455474 0.681254 0.598220 0.925235 0.328214 0.875168 0.560524 0.222019 0.695571
0.124562 0.226656 0.519254 0.463854 0.636874 0.534117 0.719651 0.335613 0.879307 0.633943 0.131411 0.735408
0.200524 0.079485 0.528468 0.447774 0.607191 0.526257 0.873330 0.293042 0.860692 0.618827 0.247012 0.656226
0.220737 0.109853 0.473129 0.548706 0.594251 0.480764 0.883142 0.280024 0.881164 0.589101 0.097669 0.684974
0.226409 0.200830 0.479425 0.517851 0.608850 0.511686 0.897087 0.312676 0.835082 0.573848 0.158698 0.720227
0.193901 0.041021 0.499509 0.467131 0.639170 0.526070 0.993267 0.330803 0.914525 0.574374 0.250212 0.660852
0.193005 0.158544 0.503465 0.447673 0.521365 0.569918 0.862883 0.218226 0.840751 0.571279 0.162189 0.744965
0.207396 0.239587 0.443448 0.509299 0.514097 0.500398 0.879133 0.320195 0.902779 0.526012 0.194159 0.712520
0.206665 0.151218 0.522962 0.473910 0.606655 0.510495 0.974992 0.264091 0.899897 0.532664 0.147755 0.637055
0.207712 0.099108 0.520095 0.500385 0.553208 0.631993 0.912781 0.339012 0.902345 0.538821 0.195293 0.697099
0.165478 0.149514 0.456440 0.487026 0.492503 0.466758 0.922349 0.323815 0.912442 0.448988 0.173792 0.638554
0.214912 0.267503 0.430852 0.498039 0.599297 0.609798 0.921405 0.198522 0.922594 0.536472 0.212323 0.648519
0.234042 0.202456 0.475555 0.511782 0.574184 0.573991 0.898444 0.300004 0.918063 0.487705 0.213322 0.663113
0.226364 0.063239 0.482527 0.561366 0.595094 0.572774 0.916774 0.283453 0.843478 0.625911 0.129473 0.656348
0.214873 0.021013 0.401152 0.505938 0.606843 0.452760 0.986155 0.282945 0.780317 0.723679 0.281118 0.658307
0.228315 0.169181 0.462801 0.461213 0.570851 0.551811 0.965795 0.268721 0.731327 0.594920 0.167771 0.695786
0.102415 0.151119 0.542130 0.454687 0.617752 0.445431 0.914755 0.346518 0.912303 0.657082 0.150470 0.697590
0.143524 0.130834 0.530331 0.518039 0.547313 0.547168 0.883501 0.240756 0.796748 0.578751 0.210234 0.721750
0.277518 0.032297 0.492800 0.463330 0.605094 0.494171 0.916933 0.355280 0.833305 0.668363 0.133017 0.630858
0.248258 0.168348 0.491150 0.521950 0.552475 0.476594 0.913746 0.333423 0.772654 0.594109 0.218316 0.704420
0.184104 0.105540 0.490307 0.449411 0.594127 0.542675 0.869371 0.282966 0.823271 0.537803 0.182594 0.690846
0.297478 0.220902 0.476846 0.522308 0.446819 0.648132 0.881461 0.301106 0.799708 0.560543 0.110631 0.717109
0.258028 0.203156 0.470308 0.501902 0.639902 0.491045 0.924053 0.301727 0.935280 0.596789 0.077981 0.693406
0.280240 0.227836 0.474251 0.490176 0.714344 0.536044 0.890366 0.364152 0.941805 0.582747 0.245849 0.746662
0.248600 0.192051 0.432793 0.467282 0.636321 0.523896 0.955235 0.366763 0.824659 0.523032 0.180810 0.709099
0.203765 0.068454 0.497792 0.476790 0.566704 0.587658 0.871620 0.307947 0.857597 0.599959 0.224355 0.663374
0.221147 0.212472 0.431233 0.545992 0.519980 0.522310 0.930551 0.235724 0.860653 0.604023 0.245447 0.703438
0.220976 0.083834 0.533490 0.493036 0.547512 0.516354 0.917106 0.361200 0.833077 0.525846 0.181142 0.690712
0.147167 0.134900 0.518471 0.479389 0.512828 0.614090 0.918372 0.286852 0.883243 0.643046 0.259330 0.757536
0.137534 0.100373 0.390744 0.479914 0.561609 0.633420 0.771174 0.221950 0.962988 0.532561 0.143886 0.698288
0.259340 0.112527 0.441875 0.481935 0.613486 0.581349 0.943685 0.291124 0.832887 0.666185 0.199974 0.711395
0.177362 0.295237 0.522174 0.523603 0.658208 0.566400 0.894395 0.329251 0.813305 0.574579 0.115010 0.764786
0.183998 0.008606 0.456306 0.544160 0.658322 0.549310 0.937969 0.324649 0.879649 0.665077 0.182721 0.614425
0.158012 0.131681 0.420297 0.512550 0.644664 0.608456 0.871926 0.390523 0.814731 0.624159 0.161999 0.702949
0.188169 0.160233 0.493177 0.516673 0.574118 0.499737 0.880238 0.301742 0.822450 0.684127 0.179817 0.752999
0.187619 0.206349 0.437044 0.483298 0.654641 0.557271 0.916892 0.352674 0.870877 0.606871 0.179645 0.710386
0.211908 0.126425 0.543880 0.504155 0.580104 0.636912 0.895285 0.304500 0.829171 0.572378 0.174769 0.631008
0.199135 0.147288 0.516851 0.515722 0.511433 0.607167 0.940164 0.355191 0.772394 0.572890 0.203895 0.728546
0.104905 0.095657 0.465436 0.472498 0.611670 0.601211 0.958625 0.313105 0.929689 0.577949 0.225799 0.754124
0.282341 0.035247 0.490689 0.474374 0.590147 0.612246 0.912642 0.227179 0.869191 0.558204 0.209247 0.699624
0.228228 0.100734 0.445244 0.518067 0.634532 0.625644 0.919417 0.344444 0.855728 0.689619 0.185824 0.681039
0.216093 0.030781 0.501304 0.454312 0.552740 0.511006 0.976405 0.271036 0.825082 0.523146 0.108788 0.692101
0.192425 0.164998 0.532173 0.470380 0.571189 0.510549 0.930876 0.309251 0.935755 0.547399 0.227950 0.789391
0.204256 0.138474 0.496992 0.517361 0.614978 0.451647 0.835715 0.306763 0.869850 0.601273 0.147602 0.689468
0.152104 0.163324 0.354830 0.431247 0.575604 0.530198 0.973499 0.287785 0.886641 0.577660 0.171391 0.587457
0.170056 0.129899 0.618804 0.538528 0.612712 0.591401 0.982437 0.292644 0.958075 0.559998 0.204425 0.679099
0.174133 0.073653 0.476223 0.511535 0.591055 0.476471 0.898390 0.263047 0.875979 0.586155 0.192209 0.686858
0.216655 0.098087 0.548145 0.511700 0.491357 0.505675 0.953607 0.401031 0.871607 0.579618 0.263347 0.731552
0.125914 0.169747 0.483779 0.490310 0.564419 0.430762 0.920802 0.335397 0.895162 0.686715 0.150403 0.730379
0.185974 0.142842 0.414893 0.493915 0.589913 0.541315 0.911080 0.295097 0.946582 0.582915 0.208470 0.812992
0.213506 0.072141 0.394934 0.541114 0.584746 0.523172 0.942506 0.320743 0.972656 0.658499 0.178124 0.711640
0.233313 0.076562 0.431473 0.392375 0.580239 0.541374 0.923171 0.294914 0.813717 0.570689 0.179376 0.633883
0.141373 0.108749 0.551893 0.444250 0.582808 0.558684 0.817646 0.377699 0.835725 0.508513 0.237095 0.746040
0.248126 0.090205 0.445360 0.502163 0.669645 0.538021 0.995092 0.285436 0.844680 0.573893 0.105718 0.616741
0.212939 0.128887 0.435154 0.510624 0.557820 0.569372 1.028671 0.318803 0.835175 0.629105 0.232445 0.784648
0.232259 0.180327 0.494732 0.500274 0.625704 0.501314 0.855306 0.347720 0.876147 0.523477 0.263309 0.656489
0.257560 0.224599 0.536359 0.559363 0.616396 0.561503 0.927487 0.232454 0.934433 0.629653 0.101323 0.656412
0.207725 0.118221 0.477371 0.514414 0.540643 0.493633 0.903425 0.365541 0.896325 0.609946 0.095607 0.735781
0.202823 0.217750 0.550171 0.472471 0.565927 0.511983 0.917049 0.294329 0.860824 0.592537 0.168506 0.668029
0.189280 0.059615 0.426815 0.497640 0.614964 0.555428 0.841927 0.337753 0.924375 0.523978 0.164869 0.662430
0.154012 0.098433 0.435571 0.497869 0.613563 0.495202 0.918965 0.314167 0.957491 0.484670 0.262431 0.751681
0.172069 0.163612 0.423682 0.367580 0.620057 0.583050 0.945737 0.338425 0.873602 0.536201 0.202146 0.756544
0.245458 0.162253 0.420484 0.457939 0.625527 0.561662 1.007684 0.312666 0.889364 0.590421 0.187596 0.723899
0.148337 0.124750 0.520927 0.504963 0.558729 0.525102 0.988055 0.239442 0.872270 0.517857 0.070720 0.574021
0.172451 0.173389 0.435482 0.457442 0.614082 0.583627 0.956787 0.267647 0.892688 0.545572 0.227625 0.749083
0.269680 0.179068 0.516127 0.556973 0.580386 0.538348 0.938906 0.308055 0.831047 0.596930 0.130873 0.704976
0.173276 0.144850 0.404507 0.462339 0.553059 0.643356 0.869173 0.350908 0.899546 0.563104 0.069307 0.720049
0.232616 0.157569 0.516088 0.460881 0.537628 0.582902 0.936550 0.303343 0.872537 0.518925 0.224633 0.708034
0.178234 0.121902 0.397719 0.534756 0.551253 0.579587 0.917409 0.304388 0.954436 0.557124 0.190917 0.702700
0.150869 0.131723 0.328634 0.420214 0.607156 0.533286 0.918368 0.278963 0.840269 0.584613 0.204764 0.583790
0.240951 0.080480 0.537601 0.457079 0.581868 0.479314 0.863002 0.355983 0.842108 0.652415 0.197438 0.687606
0.235206 0.156085 0.525912 0.480691 0.501178 0.559242 0.896317 0.210374 0.899198 0.666714 0.144451 0.652700
0.197022 0.107449 0.477573 0.464023 0.589350 0.523827 0.922834 0.337686 0.864543 0.632372 0.117447 0.690037
0.242751 0.126920 0.423554 0.586828 0.492823 0.498414 0.856700 0.276904 0.807801 0.668552 0.149678 0.668329
0.189206 0.129003 0.375825 0.457173 0.571856 0.546434 0.954248 0.273037 0.906495 0.537782 0.245807 0.847857
0.206158 0.104684 0.495945 0.492851 0.619289 0.531124 0.977267 0.321346 0.943236 0.660314 0.177065 0.680522
0.277534 0.160851 0.501274 0.517273 0.530764 0.607456 0.877115 0.345678 0.916138 0.559947 0.128365 0.741794
0.258347 0.161812 0.552627 0.452316 0.652339 0.596572 0.951082 0.197097 0.855188 0.465457 0.178291 0.702811
0.191115 0.161027 0.487200 0.490004 0.600049 0.525168 0.969938 0.341094 0.858811 0.605857 0.223956 0.567501
0.522535 0.055879 0.169430 0.154921 0.365360 0.108934 0.608180 0.433815 0.888762 0.223888 0.185820 0.093218
0.622662 0.152120 0.237530 0.224287 0.371528 0.210208 0.630768 0.494341 0.843882 0.218305 0.217557 0.125767
0.494958 0.073090 0.233695 0.173374 0.360340 0.206631 0.639823 0.553380 0.948243 0.175642 0.252661 0.069460
0.544636 0.147350 0.288190 0.149862 0.345096 0.118925 0.658869 0.482105 0.882957 0.270327 0.083040 0.142299
0.587341 0.143296 0.245671 0.157382 0.336008 0.035967 0.650664 0.538113 0.849205 0.153654 0.094158 0.159784
0.567842 0.121772 0.241707 0.147763 0.312025 0.174584 0.674893 0.464867 0.946342 0.118942 0.147103 0.060527
0.568727 0.066506 0.246795 0.264322 0.309650 0.127497 0.597258 0.374498 0.826147 0.175080 0.170181 0.243925
0.538793 0.127006 0.254403 0.269825 0.295289 0.160806 0.607121 0.521403 0.875758 0.241351 0.223491 0.136842
0.542277 0.181172 0.196595 0.190888 0.393823 0.228118 0.665832 0.537671 0.897362 0.160562 0.192750 0.071301
0.472061 0.136051 0.253958 0.131281 0.443072 0.160525 0.710624 0.577621 0.835494 0.129239 0.166301 0.110240
0.566227 0.156902 0.266848 0.160122 0.335117 0.162250 0.735858 0.518785 0.837071 0.216741 0.233948 0.155845
0.558259 0.154162 0.218395 0.217705 0.420170 0.134849 0.751035 0.544679 0.918012 0.120338 0.180099 0.134984
0.572192 0.129215 0.282392 0.160520 0.425336 0.307815 0.697818 0.577452 0.843372 0.151913 0.149239 0.174585
0.569705 0.136039 0.281560 0.165438 0.337095 0.212990 0.612335 0.516376 0.791760 0.243585 0.206918 0.106017
0.563566 0.081950 0.180437 0.126665 0.377260 0.123291 0.591678 0.494046 0.882298 0.171794 0.146110 0.054265
0.395852 0.145424 0.180979 0.062000 0.392601 0.220813 0.633384 0.487959 0.878872 0.230838 0.210553 0.097176
0.498556 -0.008408 0.249084 0.001536 0.342371 0.215556 0.650590 0.582646 0.837843 0.181884 0.182918 0.147906
0.463201 0.104939 0.270061 0.228189 0.407765 0.141412 0.677212 0.578301 0.940032 0.217591 0.127431 0.254912
0.524030 0.131975 0.208919 0.216650 0.361729 0.179012 0.619656 0.475677 0.869802 0.165043 0.226424 0.163880
0.456393 0.111998 0.272244 0.079032 0.377773 0.075893 0.651977 0.560617 0.901291 0.205632 0.207876 0.148366
0.454978 0.068862 0.248839 0.142613 0.269252 0.134194 0.592574 0.542423 0.870138 0.204743 0.190911 0.153576
0.487706 0.133610 0.216761 0.077241 0.393337 0.141986 0.658484 0.572490 0.840394 0.182498 0.081230 0.215238
0.493594 0.022912 0.215154 0.159614 0.373353 0.185045 0.707691 0.480503 0.795235 0.198820 0.271232 0.209934
0.503441 0.102303 0.111922 0.172386 0.376737 0.190292 0.696365 0.539865 0.975750 0.226470 0.159145 0.145685
0.514454 0.070488 0.228457 0.020092 0.362689 0.193624 0.565832 0.476308 0.931643 0.227354 0.196835 0.107872
0.623681 0.136291 0.216725 0.179589 0.295311 0.146266 0.629244 0.512489 0.949376 0.226098 0.221593 0.079424
0.415949 0.138243 0.277323 0.107133 0.317621 0.170952 0.689151 0.498334 0.785134 0.116462 0.187571 0.072273
0.540301 0.053504 0.195738 0.143364 0.449772 0.103578 0.661202 0.474069 0.908026 0.225726 0.108455 0.143959
0.533495 0.177245 0.194065 0.149978 0.357679 0.103940 0.704214 0.454451 0.988358 0.161047 0.153296 0.111603
0.512277 0.135256 0.207001 0.050993 0.285212 0.079701 0.596358 0.518179 0.964024 0.174034 0.146139 0.130363
0.446416 0.048856 0.177088 0.089787 0.406219 0.152577 0.558206 0.517035 0.907739 0.173271 0.168955 0.240441
0.545903 0.133721 0.246690 0.095195 0.396189 0.255261 0.565924 0.531637 0.852224 0.218240 0.260842 0.081179
0.548908 0.151984 0.201172 0.199086 0.277748 0.104868 0.660271 0.500195 0.870513 0.135439 0.234650 0.078929
0.571478 0.019891 0.262639 0.183570 0.341228 0.182366 0.633911 0.558965 0.877097 0.194792 0.181140 0.227529
0.516204 0.087027 0.268702 0.239905 0.469883 0.165687 0.699015 0.479111 0.852605 0.099575 0.280470 0.097871
0.570532 0.140885 0.126297 0.091497 0.396461 0.205267 0.729988 0.401729 0.882388 0.170242 0.132555 0.100815
0.568483 -0.023317 0.252503 0.041958 0.440989 0.112686 0.625845 0.586794 0.857262 0.172470 0.170814 0.132960
0.531713 0.042874 0.184580 0.101146 0.390359 0.217179 0.598490 0.557163 0.863827 0.247691 0.255819 0.153676
0.592970 0.094583 0.128174 0.143169 0.349581 0.305458 0.715054 0.406541 0.912791 0.182721 0.273804 0.297050
0.521290 0.117631 0.179591 0.096795 0.352805 0.185254 0.717618 0.471123 0.905933 0.143472 0.230573 0.126670
0.508225 0.117452 0.208931 0.110190 0.368862 0.235127 0.706152 0.548425 0.931001 0.162076 0.230119 0.162226
0.514308 0.146111 0.246878 0.159307 0.412453 0.080387 0.561166 0.482699 0.879782 0.244462 0.134215 0.136820
0.456410 0.096672 0.127596 0.185611 0.345754 0.104138 0.678731 0.556480 0.839552 0.213063 0.160535 -0.000418
0.497202 0.111886 0.169911 0.171331 0.329778 0.171485 0.698863 0.489470 0.842347 0.164300 0.206499 0.186478
0.480641 0.130989 0.245401 0.155157 0.382155 0.157597 0.630810 0.507645 0.877038 0.203841 0.251079 0.195663
0.568132 0.043524 0.187291 0.155187 0.372054 0.058211 0.736932 0.596783 0.772009 0.249723 0.213358 0.192525
0.536900 0.025393 0.214753 0.043412 0.347888 0.134349 0.634863 0.517176 0.850617 0.123137 0.146914 0.090298
0.559088 0.065079 0.246705 0.130338 0.346221 0.084346 0.579405 0.468688 0.925003 0.244405 0.284408 0.109613
0.550925 0.101050 0.249290 0.132100 0.367150 0.238951 0.656104 0.430020 0.870676 0.157179 0.173894 0.215959
0.559211 0.144920 0.174605 0.129159 0.347382 0.224034 0.675648 0.535261 0.925472 0.228030 0.150403 0.204160
0.549973 0.062831 0.228058 0.117692 0.348580 0.228414 0.700187 0.458099 0.866089 0.139842 0.159587 0.102365
0.472231 0.112205 0.162577 0.173108 0.312301 0.248846 0.655078 0.486227 0.912214 0.089375 0.186970 0.056074
0.567479 0.058849 0.220766 0.127657 0.293550 0.178447 0.648960 0.549000 0.926808 0.106482 0.159959 0.133780
0.584732 0.172576 0.236289 0.155640 0.437096 0.185798 0.600426 0.478691 0.892709 0.242793 0.213696 0.068268
0.512944 0.050050 0.118856 0.134023 0.275040 0.115685 0.708024 0.436568 0.805141 0.210366 0.146897 0.152445
0.523531 0.146955 0.292845 0.157925 0.271546 0.102607 0.666352 0.512551 0.845653 0.180732 0.131667 0.086706
0.545984 0.089806 0.229208 0.143435 0.382266 0.122651 0.503116 0.483996 0.923955 0.242273 0.170671 0.080871
0.598615 0.159386 0.115239 0.204964 0.401066 0.100891 0.583489 0.540362 0.906726 0.186771 0.232156 0.146670
0.454238 0.119800 0.220872 0.129307 0.315097 0.157798 0.793307 0.465534 0.936222 0.239538 0.106201 0.179748
0.454323 0.009399 0.214504 0.110462 0.417042 0.084963 0.623581 0.454637 0.919748 0.315868 0.241063 0.256780
0.560275 0.148467 0.218629 0.125439 0.337316 0.245582 0.647703 0.488091 0.841744 0.177678 0.168546 0.149711
0.460701 0.071230 0.139668 0.125222 0.330388 0.070325 0.658916 0.366848 0.708596 0.139190 0.186948 0.201281
0.630663 0.115383 0.253775 0.060373 0.333705 0.204250 0.707292 0.463854 0.857296 0.149304 0.126495 0.257144
0.551276 0.123386 0.184961 0.127960 0.372852 0.130163 0.660555 0.465362 0.897347 0.210810 0.192410 0.153126
0.581412 0.165478 0.183688 0.116776 0.292344 0.198892 0.659759 0.507140 0.816705 0.083524 0.200149 0.115749
0.543166 0.065675 0.225818 0.144216 0.313803 0.152728 0.670157 0.498886 0.882212 0.191410 0.233755 0.182063
0.554822 0.087674 0.269041 0.114768 0.419082 0.231666 0.664887 0.444816 0.874384 0.107353 0.250952 0.113321
0.495375 0.073975 0.200885 0.104993 0.302026 0.110830 0.645321 0.705955 0.850469 0.133215 0.304863 0.172909
0.591463 0.100375 0.116740 0.112731 0.434665 0.155180 0.673420 0.555071 0.846232 0.195349 0.222484 0.113375
0.480764 0.049583 0.303247 0.187030 0.447312 0.129863 0.669693 0.519902 0.929426 0.150887 0.208744 0.111636
0.561676 0.142901 0.170792 0.152911 0.441533 0.201529 0.667906 0.510352 0.894051 0.263570 0.257215 0.051637
0.518611 0.139923 0.204718 0.141603 0.399740 0.157860 0.679552 0.590204 0.819612 0.243109 0.189133 0.180734
0.552891 0.168470 0.216551 0.145378 0.413971 0.139099 0.647176 0.509508 0.890621 0.176364 0.209849 0.069231
0.485840 0.111370 0.305741 0.123361 0.479508 0.189897 0.732826 0.537466 0.869542 0.149987 0.137585 0.173613
0.517080 0.172624 0.237821 0.092982 0.425213 0.184047 0.665477 0.474084 0.917104 0.243512 0.106294 0.149387
0.592125 0.050605 0.264051 0.100411 0.437399 0.178564 0.589464 0.433702 0.945792 0.217595 0.175333 0.127212
0.534428 0.071476 0.162503 0.112213 0.384211 0.180555 0.588916 0.567081 0.931325 0.244170 0.151872 0.133006
0.595413 0.175152 0.252359 0.075437 0.386432 0.122638 0.739600 0.581186 0.836436 0.187754 0.181570 0.107227
0.577327 0.098664 0.163054 0.166949 0.355381 0.119064 0.706586 0.439129 0.842692 0.134253 0.198265 0.206830
0.559861 0.069287 0.197780 0.130922 0.368661 0.173682 0.581079 0.482459 0.835374 0.194887 0.247353 0.147383
0.512933 0.122005 0.155168 0.120432 0.368257 0.106797 0.577468 0.505302 0.870233 0.126934 0.223541 0.084932
0.493239 0.101507 0.207383 0.107209 0.334921 0.218578 0.659327 0.400189 0.938590 0.273391 0.231571 0.193405
0.536890 0.166559 0.273711 0.163046 0.424460 0.142629 0.656349 0.548554 0.827609 0.186871 0.176206 0.181370
0.490521 0.113491 0.235764 0.177579 0.415086 0.197415 0.709330 0.615283 0.948342 0.228191 0.194379 0.115446
0.523792 0.036387 0.251467 0.152212 0.306221 0.063148 0.659467 0.495156 0.918726 0.196547 0.165945 0.127374
0.510188 0.134838 0.160456 0.084378 0.362303 0.244861 0.679805 0.459790 0.893006 0.189945 0.249020 0.139158
0.612120 0.133950 0.259746 0.184422 0.409674 0.212057 0.696346 0.510952 0.886691 0.151895 0.105919 0.109904
0.563605 0.084681 0.272123 0.142455 0.337945 0.267979 0.662177 0.429757 0.872195 0.171578 0.138305 0.089205
0.539112 0.141665 0.149756 0.187387 0.359829 0.193723 0.690255 0.453361 0.884578 0.153458 0.181631 0.219921
0.435905 0.143717 0.180161 0.233642 0.373656 0.228700 0.723366 0.524104 0.873138 0.224410 0.184377 0.111095
0.530944 0.018730 0.224028 0.033065 0.297334 0.149516 0.538454 0.499747 0.925402 0.127202 0.238018 0.145513
0.525177 0.112190 0.208005 0.113932 0.405704 0.109461 0.656724 0.507438 0.882209 0.154976 0.163883 0.073240
0.504866 0.076715 0.146846 0.141366 0.412643 0.069757 0.604462 0.464718 0.842083 0.231278 0.198756 0.125321
0.592311 0.086287 0.233769 0.107992 0.396304 0.223174 0.592419 0.505373 0.948184 0.165233 0.219922 0.110441
0.512315 0.118674 0.120537 0.067169 0.420746 0.257997 0.636681 0.506723 0.933939 0.279286 0.176780 0.112411
0.523602 0.118612 0.194760 0.021613 0.462079 0.169941 0.644130 0.458457 0.869486 0.222819 0.168042 0.018000
0.472334 0.152900 0.205790 0.114231 0.332147 0.114752 0.699697 0.456589 0.869178 0.185870 0.180386 0.229733
0.523882 0.133319 0.157596 0.130041 0.291641 0.114676 0.657281 0.479505 0.891635 0.071067 0.208038 0.130759
0.419990 0.052336 0.164222 0.138090 0.397572 0.225994 0.576796 0.474288 0.838076 0.190561 0.264406 0.063371
0.575890 0.148961 0.214279 0.207891 0.335775 0.199191 0.740627 0.515737 0.826388 0.160240 0.171263 0.172444
0.518594 0.044531 0.171551 0.097090 0.425751 0.269549 0.654649 0.431257 0.919829 0.173394 0.232917 0.133552
0.457487 0.056885 0.259670 0.081481 0.431351 0.165620 0.662653 0.525991 0.849540 0.179036 0.177482 0.134766
0.545556 0.032726 0.200311 0.098863 0.329720 0.164285 0.671848 0.517417 0.859695 0.115759 0.228605 0.150018
0.534451 0.130618 0.252485 0.058763 0.456807 0.273334 0.618692 0.465399 0.845929 0.187985 0.195033 0.069518
0.460948 0.053325 0.209398 0.068265 0.388211 0.156406 0.554292 0.472548 0.880595 0.268976 0.219041 0.173576
0.574946 0.166428 0.219395 0.094657 0.353891 0.159111 0.685764 0.383651 0.963085 0.169303 0.201248 0.190085
0.481061 0.000709 0.201847 0.084772 0.381183 0.165295 0.680327 0.442820 0.896210 0.235827 0.168905 0.189801
0.462200 0.051573 0.223592 0.153079 0.327481 0.233244 0.603526 0.499261 0.818739 0.221528 0.188569 0.097128
0.615358 0.135772 0.219573 0.178291 0.323522 0.168379 0.655680 0.441934 0.857558 0.223521 0.306607 0.052724
0.507871 0.185245 0.126124 0.163267 0.299570 0.127399 0.705751 0.534535 0.906356 0.099535 0.216554 0.060779
0.594774 0.075129 0.165957 0.089104 0.349564 0.102480 0.524224 0.482041 0.994257 0.239793 0.201976 0.128732
0.462934 0.129427 0.232992 0.166612 0.338901 0.120203 0.634275 0.456639 0.906307 0.249729 0.242396 0.117290
0.504398 0.118184 0.247768 0.141084 0.423098 0.139381 0.629453 0.470399 1.006413 0.192234 0.199325 0.084882
0.560709 -0.000360 0.225977 0.114121 0.321777 0.136667 0.639153 0.496079 0.921587 0.278253 0.120244 0.046394
0.535290 0.095595 0.193410 0.119372 0.302271 0.127897 0.695001 0.458825 0.913391 0.211028 0.197309 0.073889
0.513006 0.089371 0.143760 0.198246 0.393551 0.195736 0.535560 0.521989 0.887357 0.113303 0.164405 0.115494
0.521810 0.018123 0.252684 0.045249 0.359820 0.154475 0.708743 0.538790 0.775138 0.189471 0.217324 0.098975
0.499582 0.122588 0.161712 0.244665 0.387655 0.252444 0.770313 0.527602 0.941977 0.144431 0.115884 0.194589
0.448941 0.154362 0.236790 0.160438 0.311456 0.138977 0.702609 0.467098 0.837096 0.217769 0.202803 0.111237
0.527805 0.039051 0.298774 0.080675 0.382772 0.241934 0.702235 0.565805 0.822856 0.212368 0.154791 0.143679
0.539570 0.115493 0.173571 0.028538 0.411894 0.114196 0.577200 0.605730 0.848342 0.234012 0.208218 0.165973
0.418936 0.083935 0.247829 0.158929 0.410266 0.240608 0.595698 0.582494 0.945316 0.229030 0.170764 0.155011
0.574849 0.167822 0.146501 0.126138 0.322177 0.162406 0.671590 0.475311 0.954588 0.220334 0.180667 0.149594
0.430200 0.142179 0.231887 0.095310 0.314776 0.197155 0.583228 0.558762 0.926927 0.228415 0.177171 0.223685
0.439586 0.161862 0.210831 0.152841 0.301480 0.173233 0.687922 0.563754 0.888636 0.148145 0.191561 0.093194
0.540012 0.096066 0.275290 0.096144 0.447746 0.202028 0.706729 0.478284 0.883530 0.139294 0.289037 0.190883
0.498765 0.167243 0.247146 0.016983 0.397973 0.184676 0.610739 0.452251 0.928606 0.152620 0.194112 0.131596
0.429119 0.089647 0.085067 0.122177 0.457361 0.237983 0.650650 0.483366 0.797373 0.239898 0.190745 0.078480
0.441732 0.106173 0.312625 0.115755 0.316344 0.191042 0.685718 0.546440 0.749087 0.229790 0.276613 0.155734
0.547925 0.099652 0.205636 0.060771 0.454635 0.153446 0.593649 0.561170 0.889700 0.143418 0.234227 0.120422
0.519564 0.169884 0.273040 0.059088 0.386601 0.193653 0.748944 0.478979 0.847303 0.231709 0.192318 0.100708
0.498938 0.184178 0.163879 0.103289 0.429732 0.159355 0.691128 0.548282 0.839597 0.121588 0.168922 0.110952
0.529623 0.065302 0.252466 0.125331 0.327321 0.200367 0.728113 0.478826 0.871861 0.071203 0.187847 0.152836
0.523361 0.142633 0.189927 0.101510 0.334085 0.180623 0.711228 0.512531 0.939085 0.234484 0.163530 0.084275
0.527258 0.099404 0.205153 0.138300 0.325783 0.185148 0.639973 0.579158 0.952838 0.223339 0.182802 0.136832
0.469909 0.052739 0.299993 0.138118 0.436474 0.169945 0.645813 0.530888 0.796436 0.186324 0.202639 0.125554
0.546798 0.066588 0.188854 0.052935 0.315886 0.164045 0.742676 0.467535 0.865533 0.195278 0.122641 0.050279
0.434573 0.042930 0.203179 0.153486 0.394864 0.155726 0.591884 0.514784 0.868827 0.253080 0.090644 0.141231
0.547165 0.082385 0.189424 0.219053 0.446125 0.175252 0.631901 0.538418 0.833616 0.181609 0.227533 0.137451
0.532385 0.097445 0.253795 0.122204 0.361867 0.161592 0.626064 0.558048 0.897922 0.231620 0.117251 0.198301
0.478356 0.134604 0.208400 0.041877 0.284692 0.136868 0.603412 0.450549 0.912490 0.221634 0.209896 0.125518
0.425326 0.093539 0.240392 0.208452 0.324190 0.140973 0.603588 0.566448 0.918648 0.244947 0.187417 0.116290
0.581441 0.304828 0.160563 0.191667 0.410987 0.190623 0.702531 0.550864 0.897065 0.251905 0.031398 0.118788
0.658191 0.174424 0.294474 0.090139 0.392178 0.162848 0.629848 0.526500 0.849559 0.210891 0.190114 0.211439
0.537850 0.181070 0.254007 0.192620 0.380180 0.200775 0.621518 0.462675 0.955058 0.167041 0.227229 0.182267
0.594550 0.113482 0.217231 0.191688 0.426266 0.114589 0.602644 0.501088 0.904309 0.257110 0.160303 0.147864
0.475516 0.137758 0.279278 0.125758 0.301750 0.267252 0.596779 0.476018 0.885238 0.194393 0.206526 0.101052
0.592195 0.173994 0.183712 0.129837 0.337517 0.141668 0.660004 0.533168 0.894259 0.330564 0.142462 0.117335
0.509700 0.131402 0.254548 0.127801 0.391575 0.142554 0.574880 0.539934 0.976570 0.116174 0.256641 0.172638
0.490503 0.167889 0.214299 0.057835 0.341631 0.154554 0.661659 0.424830 0.910954 0.191758 0.179188 0.151712
0.489747 0.124571 0.242786 0.165208 0.362545 0.208787 0.557449 0.429664 0.909992 0.160293 0.135217 0.142966
0.603084 0.038031 0.266211 0.134853 0.335526 0.200417 0.701788 0.532125 0.929286 0.190196 0.183955 0.200202
0.555188 0.138471 0.217625 0.174574 0.324350 0.131498 0.676680 0.437570 0.896680 0.127561 0.197099 0.149198
0.471375 0.115042 0.244958 0.087446 0.351219 0.119892 0.661313 0.544897 0.921090 0.186930 0.132053 0.151275
0.574834 0.077569 0.249288 0.202529 0.393372 0.125637 0.711632 0.537855 0.911979 0.228389 0.173855 0.140744
0.610806 0.185490 0.283894 0.186664 0.367499 0.245844 0.653820 0.465505 0.814352 0.236238 0.271814 0.122251
0.532204 0.040504 0.284891 0.110169 0.310589 0.160709 0.628989 0.483839 0.837266 0.190046 0.244824 0.039171
0.512673 0.154978 0.277728 0.152952 0.316304 0.247517 0.605977 0.408745 0.819194 0.264397 0.295626 0.157927
0.506984 0.184548 0.304809 0.123035 0.492918 0.059292 0.608658 0.490315 0.933310 0.170224 0.154778 0.238639
0.575240 0.154171 0.159746 0.135057 0.382500 0.209021 0.688587 0.515109 0.850349 0.314027 0.234792 0.121086
0.431556 0.143461 0.193896 0.152597 0.382297 0.153394 0.594145 0.448975 0.944529 0.241482 0.155915 0.091778
0.557969 0.060961 0.265385 0.148925 0.378428 0.195663 0.637027 0.527929 0.865929 0.179747 0.171571 0.189367
0.487672 0.151713 0.179050 0.017663 0.398324 0.213599 0.643686 0.511502 0.927584 0.186253 0.184773 0.169101
0.519529 0.157090 0.266620 0.150227 0.324716 0.202151 0.645290 0.554486 0.805998 0.278338 0.107652 0.087325
0.552504 0.086625 0.213345 0.137508 0.362552 0.158952 0.639683 0.512154 0.820909 0.122353 0.132613 0.124440
0.550721 0.109496 0.176314 0.124882 0.243657 0.235832 0.626133 0.464328 0.841449 0.169267 0.071427 0.145753
0.543226 0.273984 0.220542 0.150841 0.314223 0.162638 0.733355 0.493186 0.891546 0.206864 0.196252 0.146491
0.194787 0.162487 0.523991 0.402986 0.600478 0.491408 0.924982 0.268478 0.890308 0.605896 0.129782 0.810053
0.201507 0.109519 0.409029 0.445768 0.558371 0.515281 0.980521 0.383645 0.934166 0.708188 0.161822 0.684319
0.127637 0.220548 0.552143 0.518058 0.640862 0.492519 0.884556 0.359856 0.844522 0.575236 0.192890 0.629379
0.199029 0.186123 0.515781 0.425709 0.595752 0.524799 0.886690 0.277335 0.965044 0.606457 0.269914 0.704679
0.125010 0.031304 0.503672 0.614293 0.619370 0.567521 0.972285 0.305706 0.845568 0.541135 0.162758 0.733930
0.123684 0.132923 0.455632 0.462652 0.537781 0.486547 0.850869 0.231261 0.931241 0.619861 0.134348 0.708481
0.217302 0.215293 0.506085 0.520652 0.578126 0.630488 0.893839 0.340025 0.886248 0.605115 0.210566 0.697972
0.266541 0.170950 0.473481 0.491357 0.570411 0.514731 0.946352 0.243920 0.888286 0.493244 0.135509 0.712703
0.280169 0.057174 0.469131 0.454104 0.558410 0.517275 0.871424 0.289699 0.921093 0.601120 0.166547 0.697887
0.199152 0.180601 0.436340 0.418287 0.540915 0.512371 0.934378 0.253017 0.930131 0.584405 0.182185 0.704311
0.243029 0.181982 0.426997 0.463602 0.589394 0.542458 0.830356 0.267254 0.891292 0.645488 0.164474 0.730182
0.219235 0.142229 0.558065 0.460538 0.512792 0.542624 0.922238 0.337824 0.796199 0.617083 0.142756 0.734051
0.378694 0.165223 0.459507 0.531942 0.633983 0.577015 0.956136 0.298117 0.933933 0.604562 0.218870 0.742984
0.259572 0.162502 0.421363 0.571245 0.499835 0.516126 0.914829 0.322832 0.919597 0.567654 0.199204 0.677810
0.287346 0.106643 0.468584 0.603543 0.529585 0.506065 0.895094 0.283741 0.978733 0.454506 0.261529 0.710319
0.198303 0.118883 0.539393 0.501765 0.581556 0.610166 0.954447 0.328073 0.842077 0.594529 0.169794 0.709583
0.160138 0.170894 0.490497 0.563587 0.476905 0.501156 0.841243 0.343322 0.857255 0.616082 0.135746 0.701815
0.201292 0.169414 0.398666 0.507270 0.529460 0.508471 0.919110 0.346067 0.881332 0.531337 0.083148 0.669822
0.241156 0.069855 0.450549 0.518137 0.578003 0.504228 0.902504 0.203404 0.820031 0.612425 0.138787 0.710295
0.214786 0.045750 0.353845 0.476357 0.593582 0.498226 0.965976 0.308599 0.897404 0.550533 0.136879 0.684578
0.225919 0.112680 0.463112 0.522929 0.499585 0.571803 0.965671 0.217230 0.864832 0.587363 0.121071 0.690290
0.195253 0.105323 0.440697 0.426447 0.553766 0.490543 0.967625 0.326942 0.846700 0.498654 0.165412 0.731915
0.100437 0.155657 0.518997 0.523446 0.641011 0.549785 0.972913 0.331837 0.880887 0.496183 0.166254 0.746031
0.275932 0.143961 0.611652 0.527839 0.587486 0.571618 0.973168 0.329732 0.944710 0.633519 0.187168 0.733041
0.168793 0.085353 0.401034 0.510966 0.609810 0.548825 0.989854 0.307269 0.897216 0.686258 0.194078 0.698693
0.208595 0.104262 0.423682 0.474993 0.572796 0.502377 0.933630 0.316550 0.908087 0.534916 0.104568 0.742501
0.138214 0.116826 0.455646 0.437829 0.676582 0.558858 1.024329 0.276089 0.942741 0.709123 0.139800 0.692427
0.189926 0.142209 0.464032 0.449589 0.505040 0.605407 0.930064 0.393755 0.809749 0.620788 0.183928 0.639800
0.197073 0.231102 0.474271 0.489715 0.614728 0.537990 0.918997 0.309811 0.817694 0.639748 0.160251 0.719726
0.146258 0.170520 0.483895 0.489872 0.525637 0.495919 0.921796 0.227126 0.804231 0.492329 0.175371 0.647409
0.142038 0.081560 0.458158 0.484455 0.575785 0.463779 0.927532 0.337255 0.870414 0.599508 0.146476 0.662820
0.220722 0.143027 0.540022 0.428454 0.623707 0.425337 0.884919 0.355122 0.861052 0.665497 0.108553 0.629201
0.209268 0.166190 0.433785 0.495040 0.548884 0.562991 0.900639 0.274371 0.936979 0.563499 0.061178 0.638293
0.168570 0.170424 0.450830 0.585183 0.507149 0.560435 0.856925 0.351586 0.819893 0.696233 0.100551 0.675817
0.198931 0.096458 0.436961 0.500739 0.646123 0.616612 0.902200 0.257129 0.935651 0.647492 0.101280 0.600354
0.257060 0.052081 0.471809 0.480603 0.596819 0.486405 0.951617 0.215163 0.890059 0.673535 0.204615 0.723032
0.188812 0.266460 0.544837 0.511818 0.582712 0.592405 0.908903 0.282139 0.883359 0.641794 0.134053 0.664161
0.126192 0.180038 0.541417 0.527455 0.540791 0.580511 0.899191 0.300908 0.866970 0.622731 0.180611 0.770601
0.167762 0.163441 0.583953 0.550753 0.615617 0.501207 0.826947 0.274265 0.841502 0.465088 0.185760 0.761090
0.145228 0.190232 0.456969 0.442364 0.573481 0.614873 0.882370 0.266431 0.867617 0.590342 0.151200 0.712628
0.185403 0.023879 0.430541 0.541298 0.568743 0.582478 0.882639 0.319437 0.825016 0.627658 0.232491 0.732785
0.209709 0.050206 0.427311 0.447808 0.569012 0.578299 0.932397 0.311674 0.858697 0.542906 0.193019 0.661771
0.231412 0.085715 0.531772 0.554249 0.669959 0.480417 0.914607 0.356456 0.900580 0.502350 0.172925 0.731507
0.211893 0.090468 0.477742 0.532505 0.600374 0.522555 0.991409 0.256697 0.943843 0.523659 0.110947 0.669939
0.234601 0.077603 0.455622 0.426970 0.487499 0.572049 0.940215 0.266908 0.874433 0.577980 0.208687 0.728480
0.187166 0.187540 0.343846 0.447104 0.596624 0.571963 0.918710 0.381430 0.831056 0.587970 0.177500 0.750418
0.277487 0.147803 0.436512 0.492193 0.477226 0.514696 0.869831 0.271923 0.889733 0.651453 0.146147 0.662688
0.133868 0.139571 0.565293 0.477551 0.599607 0.461984 0.879355 0.271816 0.899360 0.618723 0.135677 0.687001
0.188897 0.107405 0.398369 0.625771 0.583725 0.582270 0.898478 0.171343 0.727246 0.531005 0.098541 0.741872
0.275058 0.102502 0.453490 0.522131 0.614902 0.552536 0.952414 0.309987 0.848898 0.600796 0.202043 0.599572
0.249890 0.136964 0.468100 0.547759 0.593003 0.543600 0.869500 0.341607 0.892931 0.575672 0.117243 0.645515
0.274343 0.150154 0.409475 0.437349 0.622661 0.509187 0.965007 0.388134 0.920631 0.652080 0.052031 0.730982
0.231427 0.093777 0.482250 0.466509 0.591834 0.498404 0.908956 0.326861 0.893026 0.622974 0.186556 0.614278
0.172921 0.215900 0.472955 0.546930 0.640077 0.440260 0.843079 0.281164 0.841134 0.595362 0.202894 0.669178
0.195671 0.136928 0.530906 0.561766 0.567788 0.517296 0.894125 0.414415 0.818264 0.564066 0.160325 0.624135
0.238977 0.033658 0.421669 0.516841 0.547600 0.485914 0.950676 0.367674 0.889665 0.472000 0.229489 0.789992
0.246142 0.119591 0.481244 0.505230 0.597880 0.566658 0.848209 0.264316 0.882186 0.524783 0.139312 0.645412
0.198151 0.169504 0.492612 0.479146 0.599714 0.524181 0.962600 0.371769 0.859451 0.509322 0.086366 0.567639
0.097681 0.107197 0.419132 0.432522 0.628804 0.511702 0.924469 0.308906 0.939998 0.662285 0.266420 0.754575
0.162877 0.153395 0.486468 0.530601 0.487782 0.546477 0.973887 0.207449 0.877080 0.607192 0.210291 0.637254
0.312003 0.085417 0.427067 0.518887 0.604898 0.606449 0.920846 0.384810 0.942978 0.565513 0.217016 0.695353
0.183623 0.026435 0.421433 0.430873 0.537584 0.541413 0.947804 0.301570 0.851326 0.594497 0.162926 0.722950
0.152399 0.122916 0.511263 0.526174 0.565186 0.440924 0.840090 0.257957 0.910111 0.563722 0.092362 0.688792
0.220644 0.068724 0.493942 0.460401 0.635042 0.517769 0.803133 0.243062 0.758897 0.526214 0.219956 0.635095
0.283139 0.150222 0.494813 0.467367 0.551504 0.543257 0.911397 0.302563 0.890887 0.560123 0.172857 0.692223
0.224380 0.125340 0.433611 0.434108 0.568746 0.614631 0.901596 0.244007 0.859438 0.606488 0.212125 0.642849
0.206876 0.141464 0.502785 0.498065 0.562177 0.496632 0.786687 0.262755 0.877855 0.582602 0.174754 0.734859
0.147237 0.214441 0.556548 0.461341 0.628250 0.448800 0.976946 0.397258 0.850989 0.655931 0.227566 0.683583
0.210954 0.147093 0.488658 0.524671 0.596568 0.522205 0.996520 0.243622 0.909085 0.516262 0.188786 0.768851
0.219346 0.242765 0.475991 0.466205 0.503109 0.654907 0.940387 0.346346 0.884940 0.598798 0.146013 0.631730
0.239889 0.102215 0.445917 0.544566 0.516556 0.544760 0.907406 0.285598 0.864361 0.665968 0.131842 0.659044
0.185631 0.143966 0.498744 0.440610 0.556565 0.518546 1.016754 0.290058 0.859497 0.577968 0.079451 0.697371
0.122372 0.163852 0.517266 0.503203 0.540376 0.554742 0.959723 0.276525 0.791240 0.572425 0.174022 0.638894
0.185751 0.131598 0.414471 0.538774 0.621095 0.499317 0.966866 0.275148 0.898656 0.579052 0.158864 0.701311
0.154266 0.143666 0.525820 0.475044 0.568438 0.517517 0.948260 0.270643 0.859137 0.549906 0.212189 0.720695
0.217007 0.047158 0.506958 0.500338 0.463156 0.570643 0.946903 0.368825 0.836044 0.643393 0.173380 0.711738
0.257721 0.169609 0.485131 0.521937 0.553844 0.521559 0.898518 0.265220 0.833141 0.627428 0.138669 0.650302
0.203614 0.185484 0.483307 0.437724 0.642281 0.552058 0.864308 0.321373 0.784450 0.591595 0.156321 0.640763
0.204312 0.195676 0.419506 0.511856 0.533645 0.549940 0.876487 0.257080 0.955918 0.522994 0.207543 0.665706
0.207281 0.062722 0.452192 0.503073 0.631014 0.495552 0.912298 0.330053 0.804497 0.489776 0.184063 0.629871
0.112246 0.193956 0.600155 0.487266 0.563621 0.562814 0.920810 0.239487 0.940642 0.588946 0.157924 0.653315
0.229049 0.178414 0.451774 0.396219 0.587841 0.615557 0.952228 0.308676 0.830210 0.614860 0.186143 0.610574
0.209386 0.096878 0.560218 0.465086 0.579490 0.589635 0.996594 0.221983 0.827127 0.580714 0.154746 0.696082
0.188602 0.083525 0.429741 0.516514 0.606407 0.548353 0.930878 0.309908 0.789121 0.686287 0.149311 0.721832
0.189026 0.156415 0.546711 0.515356 0.628516 0.497707 0.944200 0.270763 0.813897 0.516245 0.025843 0.642288
0.181280 0.170342 0.527242 0.495701 0.602075 0.549836 0.801272 0.359107 0.732173 0.622764 0.107572 0.646231
0.157944 0.150169 0.516439 0.464565 0.633800 0.470415 0.818981 0.409973 0.908618 0.617365 0.079732 0.622302
0.192472 0.158071 0.534232 0.474953 0.570205 0.552862 0.936799 0.242755 0.757177 0.627542 0.195267 0.593597
0.155892 0.054484 0.478242 0.466749 0.568205 0.464660 0.887721 0.296944 0.793655 0.683303 0.083443 0.568740
0.164494 0.171203 0.530603 0.546903 0.569756 0.514108 0.924848 0.309746 0.932670 0.598615 0.169797 0.647586
0.195707 0.170798 0.454011 0.558668 0.629994 0.527866 1.002043 0.241712 0.869102 0.617173 0.088916 0.671053
0.176890 0.022363 0.377351 0.514155 0.631395 0.546379 0.887364 0.208166 0.928625 0.595531 0.279551 0.642887
0.213446 0.139584 0.576205 0.505980 0.593537 0.586364 0.908432 0.388934 0.927955 0.625173 0.167860 0.668747
0.138052 0.088698 0.485920 0.524892 0.584169 0.542799 1.007537 0.256161 0.875143 0.497472 0.153048 0.618959
0.188162 0.101347 0.513309 0.416739 0.636666 0.646445 0.901345 0.243637 0.937544 0.676226 0.145672 0.673413
0.253007 0.149200 0.457995 0.414622 0.559131 0.639235 0.880769 0.295488 0.821685 0.614362 0.235516 0.632402
0.165306 0.153541 0.445872 0.488262 0.652781 0.501184 0.906719 0.383313 0.786491 0.595245 0.214462 0.657343
0.198417 0.177050 0.386469 0.512741 0.536420 0.478123 0.928248 0.350924 0.869861 0.502606 0.094356 0.723313
0.261592 0.113254 0.442018 0.539412 0.543325 0.522730 0.922019 0.316581 0.818856 0.609137 0.296979 0.732876
0.263994 0.103884 0.474765 0.504249 0.619185 0.542913 0.835122 0.334918 0.898135 0.645218 0.174555 0.677810
0.169209 0.158129 0.451890 0.486846 0.571421 0.590350 0.902614 0.331360 0.897538 0.650924 0.104698 0.587662
0.184798 0.085494 0.446363 0.478791 0.519103 0.510016 0.858735 0.317762 0.863696 0.608607 0.135413 0.719881
0.190774 0.120094 0.493417 0.602309 0.538871 0.552793 0.823356 0.324314 0.870109 0.577506 0.188915 0.739882
0.238354 0.227500 0.467501 0.417358 0.474038 0.525728 0.931103 0.365667 0.870154 0.519764 0.206945 0.687537
0.276223 0.187792 0.464811 0.493997 0.526358 0.515449 0.946465 0.299126 0.821781 0.635568 0.167370 0.723128
0.242673 0.088503 0.452146 0.493923 0.535740 0.503134 0.970814 0.253786 0.850868 0.561786 0.136771 0.730667
0.175673 0.111129 0.504983 0.424639 0.605917 0.514489 0.919982 0.307887 0.857480 0.537229 0.168517 0.651951
0.206021 0.132649 0.459389 0.512214 0.615852 0.574545 0.993102 0.230682 0.815559 0.620499 0.122371 0.766310
0.284094 0.145948 0.380989 0.528501 0.504480 0.531277 1.011073 0.322996 0.802723 0.583609 0.265073 0.684134
0.127733 0.230126 0.544675 0.498901 0.469081 0.519804 0.891845 0.183696 0.897608 0.505712 0.204701 0.655751
0.243506 0.154048 0.450190 0.482164 0.607205 0.569865 0.892404 0.272975 0.937035 0.614757 0.193702 0.584007
0.265940 0.105880 0.522860 0.537027 0.568401 0.519716 0.842544 0.250075 0.766379 0.593881 0.108205 0.704718
0.202055 0.123816 0.457798 0.517952 0.648936 0.564325 0.981290 0.267664 0.861167 0.578847 0.107111 0.721263
0.213571 0.083350 0.399860 0.430852 0.633295 0.537015 0.894042 0.309769 0.903370 0.529082 0.111231 0.622732
0.171489 0.129736 0.461024 0.549923 0.593589 0.513593 0.912839 0.321443 0.922019 0.607679 0.145881 0.671482
0.127461 0.094243 0.536453 0.468534 0.689558 0.587703 0.930143 0.328309 0.840662 0.526376 0.199157 0.666999
0.048203 0.206431 0.462679 0.555194 0.641314 0.544455 0.919217 0.274617 0.838546 0.659113 0.091449 0.745912
0.235323 0.143972 0.577826 0.480257 0.557735 0.584818 0.983176 0.288525 0.947620 0.520107 0.198946 0.586440
0.218900 0.109812 0.481466 0.484044 0.596163 0.602669 0.996284 0.382888 0.855458 0.508400 0.227805 0.695747
0.131248 0.221201 0.491127 0.490666 0.498016 0.512688 0.926891 0.290718 0.906874 0.544726 0.166052 0.746424
0.162291 0.123562 0.437145 0.435946 0.534005 0.554038 0.871669 0.254373 0.793088 0.563882 0.143044 0.649305
0.248308 0.068560 0.473181 0.627082 0.547911 0.624558 1.036180 0.353107 0.830800 0.567095 0.125084 0.751013
0.137826 0.145092 0.501487 0.582306 0.576892 0.533022 0.968910 0.339577 0.897581 0.569864 0.177029 0.649243
0.228161 0.126798 0.506693 0.597772 0.563085 0.532834 0.931244 0.267426 0.882806 0.548475 0.170160 0.670336
0.178555 0.083458 0.460094 0.516350 0.497627 0.544828 0.983187 0.363228 0.898537 0.619946 0.148132 0.603880
0.103580 0.170744 0.433674 0.432382 0.525714 0.565328 0.835718 0.389013 0.929272 0.624538 0.104414 0.759890
0.226410 0.053205 0.434393 0.574112 0.672690 0.550853 0.864880 0.331144 0.781491 0.561236 0.167841 0.642908
0.192227 0.159619 0.478097 0.538577 0.555311 0.524505 0.989664 0.316569 0.767239 0.657084 0.166618 0.756433
0.118872 0.133182 0.508894 0.511680 0.619045 0.445380 0.977941 0.221280 0.848923 0.523226 0.171827 0.711791
0.225435 0.177789 0.523001 0.438644 0.611854 0.554778 0.977447 0.286879 0.964224 0.572221 0.187402 0.699611
0.197167 0.138197 0.332390 0.487530 0.576955 0.515146 0.892448 0.315797 0.916432 0.486888 0.191278 0.641784
0.123985 0.130982 0.466638 0.485962 0.556943 0.533127 0.922609 0.347540 0.893504 0.606793 0.199845 0.695662
0.149401 0.213046 0.505345 0.530682 0.622931 0.557772 0.997557 0.371048 0.835272 0.607970 0.160795 0.589529
0.193926 0.136316 0.496494 0.488286 0.641783 0.568141 0.874054 0.225936 0.760827 0.626484 0.157448 0.660908
0.189272 0.168524 0.473871 0.538275 0.581976 0.558548 0.989420 0.206411 0.787126 0.550113 0.123148 0.717689
0.180936 0.073068 0.493971 0.574052 0.648486 0.530794 0.905834 0.315287 0.887508 0.642857 0.218293 0.583498
0.207098 0.081856 0.493921 0.487241 0.645656 0.535618 0.944234 0.416272 0.916887 0.680592 0.175307 0.625647
0.164280 0.057303 0.452399 0.563075 0.540751 0.546464 0.868380 0.317715 0.783402 0.613860 0.169498 0.688686
0.171278 0.203518 0.568718 0.509463 0.598535 0.605107 0.930000 0.286350 0.853906 0.481537 0.112094 0.608371
0.080410 0.117064 0.331689 0.561082 0.540692 0.571664 0.912584 0.293305 0.940178 0.564337 0.133394 0.684813
0.264139 0.076748 0.496289 0.502934 0.647512 0.604603 0.951949 0.367639 0.906983 0.613461 0.188025 0.655278
0.236779 0.111413 0.479754 0.540086 0.544679 0.529939 0.960662 0.220259 1.000873 0.588806 0.131330 0.724716
0.164430 0.186432 0.482297 0.527946 0.596504 0.560158 0.891394 0.328017 0.920464 0.559768 0.211463 0.707136
0.261472 0.124007 0.513190 0.520701 0.571737 0.518896 0.956506 0.294609 0.828674 0.630898 0.128936 0.643886
0.126828 0.089898 0.427085 0.465156 0.642613 0.704985 0.946185 0.257528 0.881015 0.645311 0.151221 0.760373
0.196148 0.134348 0.486796 0.459532 0.498690 0.548718 0.990855 0.362852 0.916531 0.504793 0.133449 0.604625
0.207592 0.126977 0.499767 0.515023 0.674537 0.533967 0.910646 0.300136 0.824224 0.550977 0.126608 0.666485
0.233821 0.137668 0.556006 0.569218 0.644393 0.586850 0.953036 0.330964 0.900928 0.645712 0.125472 0.698662
0.254278 0.263680 0.429306 0.402638 0.722147 0.531970 0.924792 0.313606 0.822704 0.624198 0.122873 0.729406
0.195816 0.057288 0.500566 0.482639 0.652133 0.612794 0.949413 0.288244 0.886455 0.541308 0.164948 0.825279
0.170571 0.147064 0.491864 0.544457 0.631992 0.468523 0.909696 0.240675 0.877230 0.543318 0.234300 0.694750
0.253675 0.067174 0.428743 0.510195 0.603586 0.457824 0.939787 0.402069 0.922257 0.615502 0.093222 0.772046
0.265726 0.079786 0.559152 0.503964 0.587282 0.488067 0.918203 0.214193 0.894737 0.590361 0.135851 0.684892
0.172982 0.152958 0.547906 0.543268 0.649912 0.489546 0.962397 0.355136 0.925575 0.522300 0.130962 0.693101
0.228553 0.187965 0.463584 0.494754 0.628917 0.548602 0.999658 0.311972 0.843777 0.573953 0.153543 0.720950
0.110758 0.166528 0.447712 0.492318 0.506876 0.564228 0.947523 0.306031 0.966738 0.641556 0.207953 0.705932
0.257586 0.074380 0.464638 0.507002 0.583152 0.598065 0.920668 0.329356 0.852627 0.575558 0.121442 0.664951
0.239385 0.073726 0.460291 0.536592 0.600121 0.580036 0.951917 0.279400 0.879165 0.549806 0.284715 0.754034
0.213058 0.193021 0.488876 0.481242 0.606803 0.551325 0.904128 0.345845 0.826091 0.526598 0.216896 0.671326
0.276529 0.113368 0.484405 0.437742 0.619756 0.517150 0.916458 0.365291 0.784716 0.535327 0.157954 0.686439
0.302732 0.100355 0.468680 0.530576 0.543003 0.535376 0.974840 0.303440 0.994707 0.622125 0.207892 0.682846
0.137256 0.220850 0.520277 0.391557 0.558875 0.628145 0.913460 0.341528 0.799441 0.650535 0.150341 0.734916
0.160816 0.085280 0.430255 0.588049 0.620810 0.527648 0.984217 0.362656 0.872857 0.498828 0.177907 0.748307
0.162916 0.122070 0.451916 0.521501 0.567498 0.566495 0.958571 0.327257 0.865089 0.570725 0.181797 0.690544
0.171070 0.132644 0.578556 0.483342 0.543516 0.546266 0.928615 0.333713 0.905234 0.508926 0.136550 0.660516
0.261724 0.041772 0.603266 0.478286 0.531251 0.520509 0.913271 0.370677 0.792152 0.643433 0.158366 0.681608
0.203510 0.069147 0.448794 0.488700 0.581008 0.539665 0.954756 0.230550 0.811425 0.667291 0.187113 0.736901
0.256771 0.169241 0.492807 0.502726 0.585644 0.503712 0.949532 0.259342 0.927849 0.528358 0.169296 0.722390
0.262555 0.106790 0.419254 0.575725 0.643327 0.519327 0.876819 0.297583 0.868081 0.632647 0.114203 0.708324
0.167539 0.191338 0.437495 0.456230 0.707543 0.591233 0.877589 0.285105 0.880635 0.618781 0.204315 0.704739
0.220648 0.181142 0.485160 0.452461 0.553379 0.607723 0.873431 0.306262 0.989175 0.650029 0.235300 0.753969
0.187337 0.120992 0.572122 0.471774 0.662376 0.499676 0.989262 0.246378 0.867068 0.585823 0.138623 0.692778
0.201954 0.092361 0.454590 0.469487 0.482915 0.530132 0.931628 0.294356 0.933367 0.621550 0.213800 0.734096
0.181282 0.197636 0.470821 0.582999 0.572837 0.431949 0.966334 0.321503 0.837180 0.608568 0.197943 0.681817
0.121307 0.059754 0.426146 0.469681 0.553832 0.588412 0.926271 0.260422 0.757377 0.575215 0.177284 0.619902
0.305357 0.121258 0.399224 0.388675 0.594838 0.469373 1.086647 0.346215 0.836659 0.570364 0.155880 0.678907
0.278437 0.204992 0.327347 0.468393 0.466909 0.397285 0.865505 0.254215 0.908688 0.504579 0.050038 0.736297
0.235513 0.169748 0.453550 0.421404 0.569334 0.422314 0.919977 0.284313 0.922242 0.473819 0.209411 0.614426
0.288470 0.133120 0.577784 0.528481 0.563190 0.530031 0.935974 0.295533 0.763714 0.531945 0.189794 0.669121
0.217269 0.126819 0.408298 0.467222 0.593258 0.502686 1.026643 0.302657 0.986697 0.534677 0.179607 0.715959
0.257584 0.112799 0.530440 0.460869 0.527067 0.575509 0.933940 0.245370 0.752095 0.718811 0.140501 0.747983
0.204378 0.129870 0.466715 0.502230 0.529503 0.526770 0.963205 0.342291 0.907669 0.540381 0.152211 0.769899
0.286286 0.170774 0.410406 0.566717 0.591850 0.515244 0.931128 0.265395 0.858182 0.649538 0.122151 0.580641
0.236856 0.146895 0.494596 0.570359 0.564989 0.546234 0.912249 0.341297 0.887796 0.595485 0.137788 0.724384
0.185420 0.150449 0.380044 0.413810 0.634493 0.499031 0.924025 0.403635 0.849806 0.611284 0.128393 0.711018
0.285823 0.174437 0.424027 0.465830 0.547758 0.507625 0.909795 0.290482 0.824634 0.542049 0.162721 0.787501
0.204201 0.089049 0.509013 0.510142 0.614804 0.476992 0.879429 0.306850 0.860254 0.528536 0.112973 0.554666
0.199657 0.116586 0.592880 0.463491 0.585874 0.549549 0.897989 0.212907 0.794839 0.624484 0.148147 0.763615
0.210305 0.256733 0.495037 0.469519 0.556371 0.481997 0.896312 0.232201 0.847941 0.538992 0.115988 0.629378
0.239899 0.160209 0.435172 0.533073 0.483739 0.507796 0.965080 0.250817 0.771145 0.586980 0.232827 0.726572
0.132412 0.155599 0.552573 0.493360 0.443296 0.529461 0.940703 0.263291 0.825447 0.593633 0.190635 0.681350
0.281369 0.158477 0.526379 0.513108 0.587876 0.537433 0.956364 0.331723 0.818456 0.554771 0.113695 0.772149
0.204599 0.142542 0.471113 0.488008 0.542036 0.489879 0.913409 0.234898 0.920044 0.616896 0.181767 0.737679
0.184041 0.222929 0.549119 0.461724 0.501937 0.481654 0.891364 0.313220 0.868803 0.540002 0.224016 0.740993
0.195911 0.118610 0.399902 0.553156 0.599616 0.482039 0.868823 0.380182 0.778468 0.614490 0.145928 0.739237
0.110779 0.171952 0.466742 0.529258 0.529542 0.577335 0.879494 0.393731 0.831968 0.577598 0.121796 0.687112
0.281704 0.177632 0.433437 0.493052 0.607878 0.548299 0.933159 0.287608 0.907020 0.611606 0.105401 0.676699
0.179217 0.083557 0.425786 0.531644 0.597676 0.522163 0.969545 0.292267 0.853513 0.543865 0.223412 0.682107
0.216956 0.077820 0.448081 0.514270 0.595823 0.482428 0.969914 0.280976 0.940035 0.605796 0.189339 0.685281
0.144770 0.040039 0.503129 0.522535 0.644594 0.583752 0.866896 0.359738 0.863287 0.480295 0.141144 0.686645
0.205049 0.141250 0.614013 0.546563 0.631616 0.501844 0.982689 0.229891 0.929994 0.522922 0.148595 0.657658
0.151135 0.095127 0.457597 0.418948 0.558824 0.553674 0.906040 0.224306 0.815511 0.472832 0.139616 0.627312
0.169688 0.169815 0.498822 0.435536 0.709054 0.491894 0.955413 0.288264 0.834490 0.633882 0.186869 0.679645
0.223108 0.124255 0.456493 0.522473 0.570303 0.458245 0.942343 0.243536 0.859749 0.566775 0.235589 0.708133
0.120867 0.129582 0.507341 0.528633 0.523077 0.496629 0.904876 0.303451 0.784963 0.656435 0.107305 0.681143
0.188971 0.176412 0.488112 0.559024 0.571945 0.452579 0.915789 0.352045 0.870789 0.528769 0.155230 0.730150
0.172405 0.135608 0.537733 0.569829 0.493140 0.476158 0.914227 0.243879 0.853605 0.605144 0.163850 0.674663
0.149202 0.143896 0.444903 0.498399 0.689977 0.600066 0.878692 0.274200 0.825678 0.551248 0.190123 0.745416
0.246665 0.126601 0.482854 0.559801 0.566257 0.530432 0.963292 0.329948 0.889973 0.579302 0.093315 0.549698
0.307473 0.146785 0.432231 0.557023 0.514509 0.466976 0.933761 0.360068 0.755710 0.573069 0.270506 0.610985
0.151677 0.068214 0.491358 0.563633 0.573417 0.564523 0.968795 0.234960 0.857595 0.656203 0.095794 0.642241
0.179695 0.152547 0.390679 0.551754 0.609660 0.452264 1.026838 0.344492 0.835743 0.589835 0.095310 0.662000
0.215821 0.144908 0.486955 0.491786 0.657124 0.536117 0.977758 0.227214 0.878694 0.503901 0.128582 0.698871
0.206243 0.128844 0.542877 0.536052 0.661155 0.513866 0.903866 0.303423 0.863626 0.558334 0.158551 0.684703
0.189554 0.172191 0.437913 0.538121 0.545086 0.584969 1.006818 0.344518 0.871951 0.678776 0.154198 0.713035
0.210933 0.152444 0.516958 0.446585 0.551241 0.518535 0.931480 0.316210 0.884920 0.617122 0.091293 0.679567
0.148426 0.053571 0.493153 0.456920 0.661081 0.455231 0.914403 0.275388 0.830433 0.595037 0.224003 0.674511
0.326241 0.103371 0.463218 0.523632 0.614596 0.509407 0.965967 0.258847 0.865405 0.572936 0.221316 0.772472
0.297691 0.101389 0.473608 0.579514 0.626095 0.517313 0.933271 0.290242 0.942537 0.617145 0.196291 0.666145
0.161720 0.041600 0.409332 0.567694 0.658457 0.655780 0.879179 0.310763 0.846650 0.532052 0.162334 0.772282
0.260942 0.197218 0.517525 0.491389 0.583392 0.527794 0.930458 0.329254 0.896730 0.560632 0.228132 0.697754
0.236746 0.138597 0.571535 0.530273 0.545544 0.488628 0.954646 0.185334 0.813326 0.475507 0.142203 0.743180
0.198270 0.124444 0.401051 0.499474 0.570102 0.503916 0.933996 0.304524 0.829157 0.557060 0.200648 0.701755
0.279497 0.052898 0.435315 0.410791 0.571933 0.587477 1.017446 0.358570 0.875256 0.627589 0.175097 0.655225
0.210399 0.184621 0.464620 0.365927 0.588202 0.476732 0.941275 0.400157 0.827558 0.537524 0.270352 0.699150
0.221612 0.126642 0.473627 0.538787 0.539023 0.560891 0.880429 0.188212 0.878894 0.524644 0.174454 0.582556
0.188151 0.092156 0.435905 0.371642 0.611089 0.515644 0.910684 0.256202 0.892085 0.531020 0.147111 0.752788
0.147420 0.116280 0.437442 0.499736 0.579002 0.595343 0.807395 0.255774 0.918551 0.550681 0.195474 0.767602
0.245729 0.132636 0.497701 0.453494 0.495144 0.477596 0.999261 0.256320 0.910594 0.611268 0.195945 0.702632
0.138407 0.053621 0.431309 0.541875 0.678238 0.565844 0.893995 0.235631 0.911056 0.548014 0.157732 0.654922
0.298072 0.144497 0.520827 0.488906 0.609979 0.528879 0.992959 0.278521 0.938439 0.546434 0.082996 0.616849
0.237343 0.175942 0.502855 0.463757 0.549121 0.539837 0.929465 0.268178 0.907162 0.589445 0.155055 0.701717
0.271156 0.176705 0.509295 0.460954 0.628378 0.558753 1.004894 0.278700 0.735845 0.562046 0.157410 0.723248
0.176622 0.124609 0.424702 0.479850 0.570913 0.537829 0.892743 0.308455 0.925981 0.568564 0.157728 0.692480
0.260301 0.020964 0.419945 0.478793 0.613243 0.570500 0.950209 0.245825 0.984061 0.520829 0.293796 0.586577
0.226174 0.109832 0.544324 0.444961 0.569574 0.578509 0.895237 0.344352 0.931378 0.516432 0.179297 0.608862
0.188471 0.129710 0.379267 0.541794 0.644151 0.550127 0.909229 0.277920 0.885833 0.576594 0.096387 0.683856
0.211622 0.154014 0.585094 0.460755 0.646750 0.534214 0.964114 0.314692 0.864160 0.476264 0.154464 0.708494
0.207089 0.148085 0.501650 0.535990 0.534559 0.533316 0.920614 0.354044 0.883754 0.458830 0.147362 0.660217
0.221003 0.114420 0.441582 0.469919 0.641730 0.488074 0.912693 0.336241 0.825379 0.638962 0.216250 0.651058
0.204928 0.167911 0.471772 0.543943 0.659866 0.548574 0.952310 0.274663 0.803480 0.616436 0.117659 0.682964
0.201666 0.151376 0.403708 0.502004 0.569336 0.616985 0.950643 0.259280 1.007429 0.572695 0.043519 0.678768
0.149092 0.133531 0.458735 0.476019 0.639154 0.513457 0.924489 0.421774 0.818989 0.556531 0.120451 0.614984
0.253778 0.214783 0.450075 0.602321 0.560542 0.449404 0.779016 0.307052 0.898270 0.538583 0.156140 0.624855
0.210793 0.222170 0.562095 0.501967 0.605935 0.601090 0.951032 0.313136 0.870474 0.531860 0.162970 0.707339
0.248445 0.071301 0.477124 0.539747 0.559096 0.615984 0.926117 0.319719 0.762636 0.634357 0.263551 0.760369
0.203685 0.176822 0.509342 0.463966 0.488407 0.452358 0.865418 0.270748 0.822473 0.637496 0.150436 0.792293
0.180887 0.168031 0.390392 0.503100 0.519526 0.565526 0.980589 0.418793 0.837659 0.685790 0.120454 0.701518
0.213417 0.181110 0.464517 0.607916 0.627082 0.524181 0.882433 0.295820 0.762736 0.629772 0.200867 0.738304
0.202737 0.160451 0.438860 0.519316 0.570135 0.491423 0.947383 0.282023 0.922536 0.563631 0.247756 0.732566
0.231768 0.064854 0.404588 0.545593 0.621244 0.522756 0.939084 0.308712 0.842581 0.653419 0.177562 0.674072
0.223940 0.115821 0.475405 0.582087 0.629718 0.532442 0.945813 0.320227 0.915230 0.541091 0.221085 0.626719
0.159479 0.088888 0.434492 0.522806 0.612258 0.489358 0.968501 0.276834 0.833650 0.634756 0.164134 0.666489
0.218835 0.084373 0.442217 0.520629 0.655653 0.589456 0.934371 0.264677 0.827097 0.528724 0.183806 0.619594
0.291383 0.103089 0.474346 0.550331 0.614082 0.669106 0.891822 0.336563 0.909561 0.524227 0.197996 0.712634
0.171291 0.125561 0.461282 0.481526 0.611801 0.504873 0.980877 0.313710 0.918328 0.711627 0.248379 0.685296
0.249180 0.024556 0.442979 0.523271 0.645135 0.508716 0.920760 0.392203 0.768850 0.489856 0.168847 0.662913
0.173588 0.142776 0.415487 0.585391 0.588123 0.541203 0.833671 0.335994 0.971716 0.534676 0.160820 0.740476
0.274793 0.099338 0.444569 0.411338 0.521594 0.623613 0.887919 0.279276 0.812468 0.664854 0.179938 0.670369
0.178770 0.166160 0.609641 0.517413 0.618634 0.521129 0.941840 0.268297 0.889864 0.594052 0.098680 0.738479
0.263248 0.160810 0.539768 0.499709 0.717145 0.490103 0.908129 0.226067 0.960366 0.608409 0.098325 0.717015
0.115450 0.078300 0.506124 0.529470 0.618381 0.551733 0.958231 0.344081 0.953277 0.559401 0.194146 0.629617
0.275525 0.142562 0.535486 0.567841 0.564648 0.549204 0.898111 0.253614 0.853551 0.589916 0.227525 0.664065
0.243660 0.219500 0.558979 0.511181 0.655927 0.560626 0.939338 0.337100 0.917860 0.519121 0.211455 0.697637
0.241716 0.102790 0.602319 0.527823 0.570625 0.501157 0.923944 0.330638 0.876175 0.510746 0.165479 0.626822
0.216834 0.180347 0.521201 0.505561 0.703459 0.533039 0.895871 0.311962 0.868384 0.672194 0.136720 0.629192
0.110796 0.030129 0.447682 0.384952 0.592090 0.563080 0.851018 0.310678 0.870517 0.520152 0.155623 0.704649
0.164146 0.087196 0.538392 0.552439 0.571578 0.584514 0.876047 0.218504 0.888601 0.616566 0.145185 0.662491
0.200279 0.188227 0.480665 0.489261 0.608334 0.451059 0.885518 0.246191 0.906162 0.519347 0.220934 0.586347
0.215582 0.128335 0.374703 0.504999 0.577589 0.507554 0.946384 0.316623 0.903139 0.654849 0.072557 0.730438
0.225037 0.082891 0.608439 0.470600 0.528196 0.495947 0.888799 0.226823 0.757513 0.767834 0.190238 0.679463
0.229754 0.154559 0.424180 0.505698 0.446460 0.511196 1.003541 0.241091 0.816203 0.529164 0.173977 0.672666
0.106151 0.044819 0.389927 0.477490 0.574000 0.502379 0.898364 0.263092 0.914553 0.662202 0.166318 0.747964
0.222355 0.105730 0.475273 0.484344 0.552605 0.543125 1.003831 0.344927 0.919105 0.569276 0.172143 0.759134
0.240214 0.135119 0.416915 0.483309 0.611671 0.589058 0.933531 0.286600 0.844377 0.566691 0.198042 0.620302
0.192580 0.212834 0.459716 0.442899 0.581984 0.490343 0.914381 0.266086 0.903483 0.572685 0.275467 0.686448
0.220049 0.216944 0.435749 0.528320 0.565011 0.521158 0.971741 0.300704 0.913868 0.574111 0.165549 0.652709
0.190949 0.127602 0.556334 0.469884 0.646752 0.658077 0.930783 0.345637 0.888150 0.601639 0.094322 0.661082
0.196977 0.092296 0.542885 0.485692 0.520013 0.525462 0.913483 0.256230 0.878609 0.580183 0.210541 0.703141
0.181050 0.219586 0.479373 0.597867 0.619192 0.545697 0.949451 0.272087 0.917602 0.630541 0.270663 0.654050
0.209357 0.104937 0.428061 0.529265 0.532812 0.505387 0.881810 0.269927 0.845332 0.561589 0.109899 0.612898
0.270082 0.047188 0.484058 0.510383 0.577417 0.564856 0.871475 0.294067 0.924580 0.530903 0.083346 0.681463
0.163528 0.158032 0.407575 0.488912 0.618257 0.564893 0.975887 0.198846 0.882788 0.629133 0.157756 0.710129
0.216217 0.191780 0.430357 0.438169 0.563327 0.450307 0.831483 0.262092 0.824501 0.633290 0.183624 0.676356
0.167672 0.212643 0.477602 0.527006 0.509650 0.581350 0.818650 0.273757 0.861688 0.614730 0.244342 0.715556
0.187330 0.107722 0.435881 0.510913 0.653895 0.529599 0.931086 0.325933 0.927123 0.546701 0.110606 0.703055
0.261158 0.090257 0.508171 0.518320 0.605704 0.498428 0.861817 0.329343 0.976141 0.633849 0.207292 0.755977
0.246777 0.156658 0.445719 0.427440 0.593945 0.530714 0.865526 0.278144 0.931490 0.449950 0.172778 0.620901
0.245480 0.184024 0.354538 0.470480 0.613116 0.529498 0.869305 0.306689 0.872158 0.543551 0.200755 0.664142
0.168012 0.148456 0.386615 0.457816 0.613886 0.555375 0.859640 0.272491 0.850033 0.568155 0.157988 0.714978
0.267067 0.124345 0.479408 0.529070 0.611017 0.524108 0.931046 0.237409 0.862209 0.544798 0.247975 0.721047
0.160709 0.078665 0.498245 0.474886 0.574464 0.581217 0.878639 0.276199 0.781046 0.651681 0.155966 0.696880
0.258345 0.072003 0.424038 0.464206 0.570519 0.501089 0.838661 0.239899 0.828522 0.593185 0.145820 0.750725
0.232059 0.110950 0.535445 0.454456 0.588129 0.519335 0.920332 0.288387 0.888404 0.544131 0.153808 0.791443
0.214054 0.176749 0.405605 0.483297 0.598861 0.534231 0.855430 0.230793 0.865948 0.680033 0.151647 0.737822
0.267281 0.281090 0.428449 0.393571 0.587879 0.583349 0.825839 0.332202 0.928226 0.546981 0.209476 0.764194
0.159854 0.152447 0.509843 0.532733 0.641206 0.593294 0.954080 0.305279 0.927390 0.632029 0.154559 0.635694
0.211616 0.193367 0.485484 0.381176 0.667694 0.562650 0.927263 0.270764 0.914337 0.490657 0.167449 0.604682
0.235793 0.104763 0.426834 0.514584 0.502338 0.499402 0.841109 0.385256 0.834309 0.521648 0.105183 0.701075
0.181460 0.116618 0.482877 0.484458 0.569431 0.545211 0.861956 0.346360 0.852433 0.607796 0.163763 0.645632
0.191358 0.077597 0.441023 0.492572 0.582908 0.559411 0.810470 0.321439 0.895174 0.627619 0.079389 0.707592
0.168312 0.207062 0.397960 0.542633 0.543136 0.598911 1.055966 0.271459 0.886201 0.645475 0.247484 0.637439
0.234680 0.104300 0.443795 0.539710 0.657406 0.555723 0.956776 0.253714 0.938298 0.478184 0.139913 0.660860
0.132260 0.106103 0.470892 0.430817 0.546973 0.555200 0.947403 0.301879 0.915207 0.566461 0.104526 0.673247
0.205864 0.192219 0.505417 0.415122 0.530761 0.490774 0.960438 0.340769 0.934477 0.617147 0.140632 0.689113
0.213775 0.146999 0.550090 0.403104 0.595395 0.571018 0.946989 0.255729 0.834440 0.612519 0.110654 0.609921
0.254454 0.175953 0.481052 0.564278 0.584250 0.478896 0.972215 0.224886 0.919360 0.589480 0.055391 0.676243
0.196378 0.066893 0.444167 0.492175 0.585315 0.556678 0.878163 0.383582 0.851331 0.616602 0.243199 0.679660
0.230398 0.084188 0.444789 0.438427 0.529339 0.489092 0.911817 0.274216 0.920041 0.641456 0.112732 0.625319
0.185247 0.190405 0.540673 0.407622 0.665606 0.474845 0.936831 0.236646 0.862006 0.684296 0.221426 0.650486
0.212964 0.108466 0.534522 0.451016 0.601434 0.545121 0.910747 0.278190 0.832858 0.595424 0.155427 0.736624
0.140132 0.144953 0.448249 0.505939 0.692431 0.514951 0.960450 0.306548 0.939562 0.625010 0.191339 0.734973
0.185849 0.131193 0.553308 0.608951 0.601636 0.615311 0.953040 0.300544 0.826265 0.518747 0.235135 0.775925
0.196154 0.125970 0.455151 0.482763 0.546162 0.560364 0.849322 0.307575 0.915997 0.622092 0.176467 0.724289
0.164114 0.179579 0.430395 0.363657 0.567492 0.542196 0.927965 0.257160 0.945326 0.547426 0.171684 0.623598
0.245939 0.112504 0.518892 0.529319 0.632303 0.527511 0.920586 0.213330 0.952953 0.616435 0.226916 0.726468
0.245864 0.158441 0.416595 0.486682 0.675368 0.521922 0.904909 0.324891 0.893995 0.584744 0.178965 0.759345
0.235083 0.107551 0.435011 0.526610 0.576914 0.531033 0.826872 0.323852 0.948081 0.610238 0.243493 0.752105
0.227516 0.123361 0.418656 0.509563 0.581993 0.502027 0.874889 0.333869 0.828151 0.580312 0.201992 0.754094
0.222345 0.048355 0.491622 0.495919 0.520354 0.547912 0.890443 0.296950 0.841343 0.525543 0.243722 0.601066
0.157154 0.012275 0.515780 0.467005 0.536162 0.523396 0.940229 0.335445 0.795599 0.612085 0.151328 0.738734
0.209537 0.157697 0.541370 0.452724 0.639294 0.487944 0.939286 0.284549 0.883616 0.655660 0.095042 0.761591
0.227416 0.112856 0.495522 0.505017 0.543704 0.540990 0.866435 0.285537 0.880021 0.501600 0.116802 0.640849
0.281654 0.203623 0.558810 0.506707 0.605400 0.483379 0.861063 0.277942 0.912926 0.448634 0.204584 0.716789
0.213236 0.160063 0.490967 0.489066 0.646472 0.487028 0.907464 0.247690 0.761446 0.675253 0.177987 0.711620
0.238564 0.172163 0.546537 0.524403 0.583762 0.509396 0.977117 0.405021 0.860666 0.569531 0.200103 0.746166
0.257751 0.053927 0.400458 0.436616 0.661034 0.536300 0.817223 0.261960 0.831364 0.561871 0.148062 0.602833
0.221239 0.153746 0.470789 0.510206 0.596126 0.507028 0.958233 0.355913 0.877336 0.567160 0.231673 0.777056
0.167917 0.216790 0.458797 0.517842 0.669036 0.468279 0.967271 0.309068 0.883744 0.547621 0.149817 0.690548
0.183704 0.216292 0.514035 0.555856 0.616566 0.514557 0.924065 0.294244 0.933064 0.543258 0.223021 0.632794
0.165314 0.140175 0.481209 0.467534 0.579407 0.537753 0.969837 0.289795 0.930935 0.616616 0.089444 0.620900
0.149206 0.179765 0.461402 0.563248 0.476430 0.505214 0.955218 0.313827 0.885823 0.660631 0.045347 0.728515
