2500 12 1250
0.510479 0.382860 0.730427 0.475171 0.503398 0.659934 0.593234 0.084548 0.251141 0.586861 0.758108 0.086809
0.460384 0.284616 0.620653 0.482293 0.590256 0.612242 0.659551 0.065324 0.261800 0.629529 0.782775 0.048497
0.390864 0.401719 0.542074 0.334487 0.524513 0.600012 0.710193 0.084868 0.238955 0.603997 0.839919 0.128273
0.446048 0.417708 0.605813 0.449757 0.504600 0.577788 0.684883 0.091129 0.206662 0.669422 0.752897 0.103341
0.541129 0.362746 0.507893 0.455924 0.518681 0.608865 0.697203 0.147862 0.123453 0.587499 0.754641 0.126965
0.540228 0.362304 0.600189 0.387610 0.524676 0.595980 0.600380 0.034672 0.233949 0.616148 0.798806 0.043531
0.485103 0.424818 0.536397 0.477755 0.571485 0.607013 0.620912 0.068396 0.322016 0.634242 0.738594 0.118112
0.490551 0.361808 0.652569 0.527134 0.521512 0.572467 0.570680 0.088873 0.319427 0.563822 0.734363 0.090591
0.504112 0.438259 0.584469 0.577746 0.588668 0.626235 0.624617 0.106571 0.194617 0.549455 0.802747 0.157570
0.471954 0.462607 0.635958 0.523672 0.576195 0.638373 0.590491 0.089741 0.210573 0.551889 0.854042 0.125135
0.418125 0.408521 0.677646 0.534356 0.570326 0.587867 0.539107 0.073510 0.160626 0.582908 0.671977 0.057822
0.373588 0.296805 0.544908 0.509860 0.514501 0.523722 0.661903 0.017941 0.271195 0.542658 0.856748 0.112705
0.480345 0.449480 0.591778 0.462448 0.487390 0.624352 0.578041 -0.006516 0.373422 0.712211 0.803368 0.049893
0.373370 0.398667 0.626530 0.441319 0.472515 0.570819 0.621221 0.072634 0.200899 0.617393 0.704692 0.164538
0.446415 0.353462 0.525786 0.548188 0.623595 0.577597 0.647432 0.016578 0.234178 0.656885 0.842087 0.037928
0.494232 0.478378 0.649432 0.488823 0.514346 0.642933 0.566711 0.025982 0.234227 0.541626 0.819599 0.058582
0.549583 0.303817 0.612702 0.572630 0.554810 0.659704 0.697193 0.017388 0.377823 0.574938 0.778443 0.060160
0.481487 0.286666 0.660372 0.434050 0.560563 0.699067 0.622933 0.028866 0.191794 0.620348 0.840898 0.148342
0.542883 0.399999 0.520737 0.438645 0.517021 0.620973 0.620404 -0.069919 0.181952 0.570750 0.775002 0.030815
0.427819 0.424725 0.585591 0.469944 0.537027 0.639689 0.557027 -0.077729 0.304335 0.549150 0.729185 0.119032
0.459028 0.429416 0.561754 0.503001 0.535426 0.634801 0.654537 0.064071 0.173279 0.588592 0.766954 0.082593
0.560936 0.389436 0.608383 0.447558 0.566996 0.607907 0.663025 0.068896 0.204892 0.625419 0.766116 0.125520
0.452328 0.301066 0.550677 0.387477 0.575146 0.616824 0.636834 0.158523 0.262224 0.592868 0.759268 0.188957
0.430350 0.397560 0.570346 0.490219 0.536475 0.613948 0.615206 -0.001673 0.320033 0.638324 0.724143 0.085565
0.428596 0.414253 0.580655 0.548100 0.630761 0.681230 0.610047 0.080363 0.277456 0.669973 0.702489 0.099549
0.471142 0.499662 0.620957 0.486509 0.568634 0.542873 0.596121 -0.036624 0.234159 0.603057 0.815566 0.125327
0.529313 0.482350 0.573074 0.509887 0.601422 0.642846 0.575170 0.091463 0.296807 0.617294 0.818795 0.082293
0.522646 0.405638 0.567596 0.505163 0.597331 0.498528 0.579170 0.048455 0.330642 0.653431 0.822170 0.144969
0.422719 0.456057 0.556740 0.509186 0.535385 0.576773 0.622432 0.084042 0.329899 0.488454 0.804139 0.092602
0.503837 0.366982 0.574390 0.392957 0.513663 0.648316 0.587272 -0.022425 0.221351 0.604321 0.874998 0.036308
0.481656 0.261513 0.642057 0.507624 0.527280 0.598767 0.629911 0.158225 0.220523 0.616024 0.821627 0.052053
0.470084 0.416373 0.631473 0.396739 0.600444 0.521338 0.585946 0.077020 0.264395 0.540462 0.767772 0.158988
0.435761 0.368143 0.555948 0.487162 0.558730 0.630998 0.589146 0.021704 0.220404 0.553992 0.836825 0.138464
0.369896 0.330851 0.558477 0.513147 0.581910 0.612158 0.578441 0.078746 0.310743 0.620533 0.804123 0.089133
0.472204 0.507148 0.552772 0.469838 0.505740 0.701759 0.680256 0.133708 0.253595 0.670628 0.718541 0.070675
0.426862 0.461956 0.547202 0.431652 0.585108 0.527071 0.615356 0.046551 0.185429 0.641526 0.736944 0.083580
0.492143 0.400938 0.651135 0.497986 0.593843 0.588358 0.736660 0.118335 0.274279 0.660534 0.825342 0.063054
0.499728 0.391875 0.582404 0.527021 0.600922 0.606795 0.684690 0.065136 0.184559 0.631749 0.811130 0.116720
0.567699 0.375459 0.509042 0.425178 0.504611 0.562190 0.552246 0.045403 0.318767 0.600881 0.781587 0.141177
0.476731 0.492663 0.651577 0.443353 0.528729 0.562382 0.610215 0.095363 0.251797 0.602895 0.775818 0.086996
0.575675 0.390623 0.600030 0.481364 0.542201 0.483962 0.636149 0.087028 0.234707 0.517394 0.826147 0.066864
0.496051 0.370957 0.502765 0.463992 0.547411 0.552015 0.598747 0.113110 0.245942 0.639374 0.773379 0.103007
0.517781 0.373021 0.622541 0.448670 0.466151 0.532177 0.579686 0.039956 0.211375 0.622649 0.782222 0.163820
0.449293 0.360869 0.570277 0.475078 0.533372 0.531948 0.587190 0.116129 0.204880 0.511088 0.784434 0.253507
0.400757 0.407838 0.492878 0.465860 0.441697 0.548267 0.641027 0.084373 0.291298 0.608013 0.792442 -0.010631
0.557076 0.400039 0.565971 0.517355 0.619227 0.636227 0.672474 0.161091 0.291282 0.646467 0.790413 0.122578
0.518618 0.333246 0.632855 0.428200 0.502282 0.582441 0.590309 0.087635 0.168968 0.611926 0.944444 0.032633
0.453147 0.439486 0.523408 0.470035 0.554580 0.561120 0.551559 0.069735 0.224654 0.644909 0.846029 0.112854
0.485387 0.450809 0.488416 0.447797 0.564723 0.657251 0.665193 0.069235 0.329418 0.552775 0.727933 0.102196
0.434503 0.357929 0.583582 0.442153 0.595124 0.429086 0.660455 -0.000941 0.149853 0.582151 0.797433 0.140458
0.451378 0.392576 0.624826 0.516755 0.543856 0.596995 0.528926 0.084818 0.250822 0.453897 0.819038 0.096509
0.512965 0.361736 0.542284 0.392611 0.347691 0.562873 0.651613 0.102239 0.309329 0.537273 0.784524 0.062741
0.467095 0.485707 0.662812 0.484816 0.575472 0.599006 0.719891 0.060680 0.248364 0.571168 0.766030 0.089963
0.487843 0.443329 0.546649 0.412370 0.565823 0.649608 0.681338 0.123369 0.229605 0.666823 0.697147 0.176974
0.439149 0.336125 0.675338 0.507759 0.529244 0.561957 0.655793 0.059514 0.357834 0.467279 0.817367 0.091230
0.495585 0.355910 0.573186 0.447276 0.462480 0.664705 0.600433 0.122268 0.130604 0.690362 0.769228 0.160301
0.510248 0.391643 0.545184 0.449667 0.543649 0.673414 0.664868 0.085219 0.249241 0.535426 0.783031 0.095437
0.411848 0.284968 0.571854 0.506766 0.501158 0.591301 0.674077 0.026535 0.227875 0.573283 0.750944 0.109483
0.430553 0.444079 0.497437 0.471839 0.489941 0.528104 0.622044 0.081201 0.296565 0.587657 0.791586 0.106598
0.580143 0.285373 0.576900 0.492346 0.626228 0.564605 0.660589 0.073327 0.211779 0.479286 0.759561 0.046025
0.537296 0.419700 0.508871 0.392215 0.459236 0.632765 0.596573 -0.018507 0.181005 0.600471 0.788666 0.070628
0.452134 0.447460 0.620761 0.532631 0.555291 0.651821 0.603195 0.066805 0.335630 0.603847 0.749574 0.078730
0.557156 0.394922 0.608791 0.491114 0.581135 0.699070 0.616651 0.062317 0.343932 0.613952 0.813547 0.114212
0.407137 0.352081 0.603166 0.424212 0.563419 0.550045 0.642259 0.063329 0.214858 0.511104 0.863264 0.070194
0.511849 0.348602 0.593442 0.451726 0.553220 0.667251 0.567398 0.005432 0.239631 0.611410 0.805510 0.166420
0.423223 0.386061 0.655648 0.514710 0.602042 0.620800 0.603087 0.014520 0.169784 0.588395 0.834341 0.159719
0.451052 0.341752 0.481524 0.448355 0.461688 0.627847 0.556391 0.105991 0.308178 0.558978 0.875546 0.116781
0.452640 0.506314 0.580032 0.555057 0.520048 0.666898 0.663274 0.053622 0.214152 0.630504 0.832244 0.096124
0.365183 0.480825 0.595234 0.504316 0.550792 0.607702 0.563078 0.114907 0.158472 0.567014 0.737247 0.033089
0.468569 0.381751 0.536881 0.333697 0.468468 0.566915 0.696441 0.095688 0.228440 0.640206 0.742601 0.123426
0.488605 0.504151 0.591323 0.469567 0.546170 0.590877 0.742019 0.018642 0.267865 0.735990 0.793226 0.134223
0.486298 0.321453 0.604229 0.380768 0.598055 0.548648 0.562246 0.123741 0.289492 0.673900 0.857379 0.135071
0.460381 0.445661 0.543246 0.463332 0.459844 0.762102 0.704068 0.043875 0.201951 0.587114 0.823948 0.239468
0.460752 0.475198 0.545815 0.423823 0.530031 0.620782 0.616017 0.071622 0.296784 0.656555 0.752420 0.068098
0.448454 0.437310 0.603452 0.490128 0.449897 0.640359 0.624738 0.083383 0.287415 0.514286 0.745076 0.061260
0.545925 0.295003 0.628179 0.483468 0.581820 0.621045 0.637375 0.054650 0.276361 0.543373 0.760926 0.166482
0.528691 0.478111 0.532373 0.446938 0.505296 0.612764 0.647929 0.072772 0.214627 0.597798 0.787153 0.047755
0.340396 0.353734 0.655790 0.463787 0.560490 0.636856 0.655849 0.077060 0.309306 0.570687 0.843192 0.106855
0.511764 0.416208 0.670776 0.420575 0.517630 0.637185 0.689743 0.102722 0.254986 0.547423 0.818181 0.127517
0.486686 0.432701 0.588248 0.569517 0.531744 0.584784 0.687778 0.153474 0.298043 0.608260 0.856136 0.147530
0.478793 0.439478 0.591321 0.479881 0.486202 0.524059 0.683477 0.132775 0.276661 0.587370 0.773882 0.138723
0.455290 0.382063 0.586131 0.562437 0.484030 0.656106 0.687963 0.011396 0.329855 0.534887 0.746223 0.046506
0.546117 0.479719 0.549605 0.420868 0.518540 0.583262 0.561959 0.001755 0.294161 0.602895 0.680932 0.082173
0.514605 0.422148 0.554283 0.476218 0.488932 0.556103 0.655786 0.059485 0.296085 0.628795 0.733787 0.123353
0.448513 0.340261 0.652379 0.438999 0.548777 0.653976 0.603250 0.005538 0.240503 0.561958 0.720915 0.134656
0.457590 0.299536 0.687814 0.462573 0.590041 0.542317 0.652008 0.040464 0.235454 0.570339 0.727036 0.060926
0.556351 0.479360 0.607333 0.605404 0.544888 0.599722 0.680850 0.057667 0.279416 0.609201 0.831850 0.106967
0.409784 0.430377 0.553769 0.378402 0.544512 0.560543 0.661741 0.052685 0.302412 0.538717 0.745111 0.143288
0.436418 0.352026 0.596101 0.437706 0.538232 0.607570 0.613153 0.073881 0.242991 0.582423 0.801223 0.119003
0.422258 0.457510 0.558023 0.379315 0.503711 0.643391 0.605779 -0.031317 0.315804 0.615870 0.750926 0.129333
0.398882 0.472449 0.663368 0.505318 0.552210 0.585925 0.643661 0.077903 0.312462 0.570256 0.727250 0.019092
0.449335 0.343894 0.666120 0.521794 0.626512 0.519768 0.674247 0.010711 0.213669 0.539986 0.737020 0.166330
0.444237 0.425011 0.517678 0.436613 0.514565 0.569156 0.566132 0.099084 0.246431 0.511710 0.742461 0.093906
0.440667 0.438247 0.608424 0.499336 0.566933 0.493121 0.627698 0.072917 0.299140 0.600181 0.721715 0.186575
0.464603 0.463372 0.526195 0.492774 0.587897 0.600036 0.653216 0.075076 0.327138 0.635599 0.678789 0.078160
0.520842 0.474883 0.557250 0.548439 0.604050 0.650896 0.654677 -0.011857 0.270890 0.528792 0.662756 0.087752
0.469637 0.389833 0.617412 0.437810 0.457546 0.640864 0.583831 -0.000139 0.217257 0.604615 0.761632 0.125446
0.416525 0.389214 0.482871 0.494319 0.639339 0.584624 0.589091 0.039998 0.250229 0.599400 0.782492 0.078334
0.601863 0.408732 0.617192 0.423412 0.548550 0.569241 0.693758 -0.014673 0.336827 0.612202 0.675007 0.138669
0.459043 0.504780 0.610054 0.344116 0.524248 0.655462 0.568495 0.045971 0.252413 0.646384 0.795594 0.124899
0.504919 0.507788 0.566746 0.425165 0.479856 0.572737 0.493721 0.056082 0.255485 0.550491 0.742917 0.048349
0.523046 0.377188 0.561107 0.522641 0.446310 0.581684 0.611582 0.004182 0.271430 0.550135 0.822221 0.068072
0.500063 0.403570 0.674838 0.517768 0.529933 0.543311 0.621741 0.081855 0.304589 0.607268 0.749519 0.073771
0.470721 0.480986 0.465747 0.490704 0.580609 0.603083 0.594160 0.102033 0.268607 0.582788 0.822487 0.035001
0.499400 0.399290 0.515342 0.456079 0.584844 0.517982 0.592816 0.011458 0.304431 0.683572 0.749124 0.149083
0.471335 0.390295 0.542308 0.537316 0.509842 0.613377 0.699818 0.034552 0.299359 0.571353 0.867253 0.075546
0.344771 0.476465 0.475439 0.458169 0.608648 0.521300 0.598845 0.042046 0.364185 0.624594 0.813118 -0.009637
0.513390 0.420032 0.622828 0.487081 0.535106 0.669502 0.615338 0.036886 0.103903 0.603474 0.777921 0.109133
0.413094 0.359193 0.673938 0.469731 0.496960 0.528804 0.577540 0.142457 0.263407 0.576317 0.694057 0.066891
0.425184 0.425494 0.546827 0.457700 0.563301 0.644981 0.592213 0.083230 0.288690 0.612459 0.803297 0.098341
0.582393 0.392957 0.548871 0.475762 0.506138 0.614921 0.703156 0.000533 0.289687 0.532637 0.788763 0.064796
0.464513 0.496573 0.600977 0.532412 0.502989 0.544040 0.619121 -0.068895 0.192460 0.555759 0.789423 0.154660
0.516279 0.414802 0.535757 0.508461 0.498722 0.571103 0.595383 0.105567 0.318122 0.591697 0.769889 -0.002113
0.512793 0.339395 0.609961 0.550575 0.503359 0.607084 0.642328 0.120066 0.074427 0.587067 0.842116 0.117761
0.440545 0.365329 0.640488 0.494674 0.413792 0.598837 0.667602 0.001322 0.237763 0.607786 0.824806 0.134187
0.502140 0.471577 0.598516 0.311944 0.462227 0.594426 0.579053 0.026005 0.276169 0.581152 0.745529 0.123073
0.543764 0.354660 0.602943 0.456990 0.501853 0.632388 0.570852 0.064495 0.179279 0.542781 0.781693 0.125320
0.496628 0.390817 0.512520 0.482559 0.441982 0.608697 0.696601 0.112430 0.200852 0.583476 0.769768 0.079889
0.439184 0.445994 0.533513 0.457177 0.582765 0.610559 0.621913 0.009752 0.329175 0.635476 0.678558 0.079181
0.456055 0.432286 0.629289 0.433869 0.559243 0.611852 0.737033 0.066364 0.325893 0.656323 0.727867 0.196581
0.412145 0.413693 0.558798 0.474428 0.555610 0.520238 0.643562 0.099799 0.273324 0.616220 0.704190 0.142891
0.425519 0.416411 0.541524 0.471098 0.484584 0.645382 0.549736 0.055853 0.195914 0.631721 0.828612 0.065136
0.463775 0.391580 0.606228 0.476033 0.442036 0.623649 0.613622 0.016372 0.137606 0.614052 0.703986 0.107110
0.483801 0.421785 0.614023 0.433189 0.521622 0.614949 0.636637 -0.063449 0.220370 0.587168 0.794501 0.085648
0.499056 0.479334 0.604138 0.460172 0.545695 0.649224 0.581959 -0.054050 0.260059 0.568577 0.862728 0.045679
0.494391 0.368268 0.544498 0.491541 0.556836 0.734816 0.714216 -0.047384 0.216860 0.562530 0.829525 0.121989
0.477887 0.297266 0.570800 0.422897 0.509363 0.551596 0.657878 -0.008710 0.213715 0.601935 0.717191 0.035955
0.414978 0.420534 0.580465 0.576634 0.522465 0.674332 0.609419 0.046046 0.186081 0.622680 0.827773 0.149969
0.446267 0.363621 0.507148 0.477116 0.525512 0.579974 0.634021 -0.011107 0.237639 0.534465 0.733155 0.121342
0.419316 0.416037 0.575413 0.464658 0.578943 0.626522 0.662630 0.054037 0.358960 0.671849 0.833264 0.175186
0.433755 0.375141 0.573947 0.398238 0.573946 0.619598 0.706831 0.066065 0.247588 0.659139 0.763271 -0.027310
0.448160 0.454363 0.726056 0.423277 0.499954 0.494730 0.678415 0.082148 0.289189 0.545893 0.811701 0.118930
0.460731 0.437499 0.567326 0.422590 0.509724 0.591479 0.592198 0.098909 0.280170 0.588514 0.737712 0.097928
0.517042 0.325169 0.629699 0.456092 0.505377 0.588877 0.620236 0.070762 0.245788 0.632996 0.738446 0.191412
0.549822 0.475458 0.621731 0.538850 0.530213 0.609567 0.578999 0.045776 0.281807 0.708072 0.752807 0.163240
0.405920 0.497092 0.612474 0.459500 0.558961 0.517426 0.747700 0.064779 0.282991 0.503257 0.707551 0.136358
0.448007 0.464784 0.585924 0.412989 0.516408 0.600355 0.641885 0.082372 0.207533 0.653757 0.753059 0.074244
0.457707 0.370454 0.581951 0.435689 0.473174 0.612021 0.612871 -0.070074 0.202663 0.552445 0.796717 0.109803
0.496625 0.397207 0.575323 0.493856 0.513013 0.642617 0.594540 0.021507 0.260585 0.548193 0.770317 0.136015
0.507287 0.458582 0.573013 0.500425 0.562679 0.639466 0.608842 0.077422 0.294622 0.604430 0.777923 0.137761
0.373611 0.396547 0.629560 0.564239 0.561996 0.549938 0.584243 -0.004727 0.233761 0.616501 0.814689 0.139693
0.339021 0.390578 0.584472 0.407844 0.483404 0.564040 0.627570 0.029534 0.243486 0.623677 0.808667 0.091627
0.456592 0.383206 0.629944 0.444639 0.524431 0.542784 0.640461 -0.048499 0.228584 0.583911 0.864923 -0.019577
0.520517 0.363112 0.670285 0.486305 0.609428 0.641804 0.553067 0.018212 0.241422 0.610308 0.712303 0.163196
0.556313 0.339978 0.546837 0.386805 0.530113 0.671204 0.633903 0.010728 0.237148 0.579577 0.695706 0.037587
0.407571 0.407795 0.560666 0.458287 0.519056 0.540453 0.563928 -0.027715 0.185315 0.611667 0.719720 0.094923
0.429184 0.394983 0.540292 0.392365 0.566064 0.587053 0.609553 0.087820 0.309799 0.618103 0.790646 0.139320
0.555713 0.396400 0.500820 0.510121 0.523092 0.574066 0.653380 0.120400 0.390588 0.561177 0.808410 0.208771
0.482533 0.415961 0.700593 0.507113 0.552674 0.612481 0.600073 0.082142 0.270398 0.602297 0.743407 0.030082
0.394854 0.450921 0.726028 0.442399 0.572865 0.618418 0.612302 0.069082 0.264509 0.686575 0.811233 0.181387
0.490768 0.439723 0.542784 0.439613 0.534117 0.638688 0.607990 0.023915 0.286366 0.577413 0.791504 0.151426
0.302068 0.420586 0.547142 0.523382 0.497305 0.595370 0.538392 -0.033694 0.254166 0.601377 0.711993 0.143011
0.453767 0.340471 0.581257 0.518211 0.603890 0.577854 0.663991 0.078844 0.294066 0.592881 0.801295 0.122504
0.470157 0.322931 0.536198 0.495692 0.566142 0.559761 0.625609 0.036548 0.234743 0.613219 0.677921 0.083371
0.457856 0.327944 0.484922 0.454488 0.541174 0.577600 0.519134 0.050007 0.455980 0.655563 0.735537 0.058829
0.568651 0.372908 0.600910 0.469014 0.553969 0.589204 0.633730 0.023700 0.282733 0.601287 0.729477 0.091099
0.457755 0.382150 0.606445 0.472964 0.597000 0.623982 0.601722 -0.001729 0.256313 0.567943 0.797555 0.120003
0.532237 0.350064 0.617650 0.518670 0.574537 0.637769 0.635278 0.098040 0.255861 0.636290 0.772963 0.109264
0.428718 0.317151 0.619790 0.452588 0.561004 0.639360 0.670967 0.014788 0.366569 0.576210 0.760336 0.124116
0.543997 0.483218 0.533649 0.438228 0.633500 0.615621 0.642579 0.090901 0.204766 0.506479 0.870676 0.064154
0.422263 0.454508 0.639816 0.469339 0.519151 0.573370 0.592503 0.008308 0.237556 0.650204 0.817255 0.109013
0.459663 0.289142 0.549986 0.413148 0.495608 0.565399 0.690630 0.045701 0.207744 0.596143 0.794850 0.169831
0.420881 0.395926 0.580364 0.497636 0.521799 0.585664 0.663060 0.112337 0.292824 0.529563 0.770489 0.046493
0.478736 0.392301 0.613612 0.483572 0.602122 0.548299 0.586312 0.090630 0.273793 0.524276 0.793716 0.082425
0.533712 0.337615 0.635675 0.476447 0.639381 0.586462 0.627079 -0.042510 0.241981 0.649884 0.768894 0.035185
0.409732 0.385545 0.559199 0.520048 0.516159 0.742033 0.685044 -0.026082 0.240672 0.512568 0.686793 0.036831
0.446110 0.413016 0.540726 0.477256 0.515180 0.547393 0.616060 -0.070262 0.305246 0.602839 0.750586 0.107010
0.507529 0.408017 0.644672 0.492286 0.558624 0.603048 0.666984 0.108092 0.190004 0.570298 0.760209 0.064289
0.471612 0.372327 0.561653 0.460739 0.564595 0.606298 0.602200 0.004025 0.286207 0.585743 0.782786 0.100972
0.474091 0.368870 0.580613 0.417678 0.560300 0.617218 0.551259 0.024119 0.237004 0.592300 0.781741 0.076892
0.441170 0.365227 0.568241 0.464481 0.461930 0.623069 0.609727 0.050628 0.280591 0.520760 0.671556 0.123195
0.434960 0.380722 0.426925 0.462139 0.573844 0.597849 0.580186 0.118942 0.232320 0.576676 0.769039 0.172933
0.597536 0.391445 0.474924 0.456021 0.483714 0.610452 0.617694 0.078007 0.306004 0.587153 0.798579 0.118942
0.472217 0.338555 0.652491 0.540176 0.514966 0.610937 0.626968 0.066852 0.391997 0.510392 0.743851 0.110191
0.516021 0.459785 0.505497 0.440055 0.465328 0.581051 0.615948 0.036458 0.248658 0.611562 0.762236 0.054840
0.548816 0.367611 0.599679 0.524083 0.512463 0.626208 0.624318 0.011334 0.300875 0.654531 0.725163 0.129742
0.396526 0.476027 0.524898 0.491356 0.542249 0.596573 0.600323 -0.041972 0.280289 0.555548 0.803962 0.038708
0.435848 0.389005 0.483732 0.604765 0.563929 0.647394 0.581216 0.136787 0.292719 0.594183 0.828864 0.077853
0.485325 0.456106 0.503067 0.510011 0.585562 0.601833 0.692394 0.073383 0.248399 0.591091 0.805186 0.121180
0.353983 0.433379 0.595325 0.444273 0.599817 0.610958 0.531938 -0.014894 0.321845 0.569008 0.811230 0.081386
0.336782 0.427847 0.614100 0.580337 0.499643 0.643468 0.655838 0.020280 0.289286 0.559921 0.681165 0.146961
0.478948 0.424889 0.560423 0.576944 0.482277 0.614494 0.592516 0.024443 0.311113 0.522640 0.769158 0.091686
0.516401 0.320302 0.512933 0.510587 0.562352 0.724838 0.696458 0.126931 0.335476 0.668242 0.800733 0.159189
0.558027 0.452214 0.569782 0.434326 0.533974 0.522680 0.701293 0.088670 0.377201 0.647778 0.805609 0.160290
0.548748 0.365948 0.611455 0.430207 0.569410 0.674880 0.574194 0.017384 0.369823 0.559817 0.692769 0.111602
0.431112 0.386882 0.478355 0.441560 0.477098 0.639725 0.600970 0.081928 0.332756 0.600912 0.796161 0.049133
0.492277 0.461023 0.492008 0.452983 0.480307 0.552304 0.630771 0.042594 0.314619 0.672748 0.805679 0.081750
0.416946 0.474391 0.602293 0.481813 0.532261 0.579049 0.689915 0.009301 0.260172 0.580725 0.703974 0.125241
0.487498 0.420448 0.554055 0.494580 0.566334 0.535629 0.536209 0.031520 0.301548 0.463458 0.711814 0.181719
0.585477 0.414000 0.593016 0.458357 0.534727 0.598423 0.582896 0.076146 0.233001 0.541730 0.800344 0.057817
0.507023 0.389019 0.563897 0.467254 0.523195 0.589022 0.646045 0.085475 0.279632 0.550464 0.721673 0.052403
0.523311 0.340537 0.680212 0.390676 0.504576 0.557618 0.679327 -0.040808 0.206654 0.598264 0.829314 0.134698
0.457876 0.459074 0.560051 0.517737 0.584468 0.636586 0.544410 0.002732 0.200679 0.573411 0.705680 0.122342
0.423167 0.425377 0.509222 0.380866 0.542632 0.640748 0.506987 0.039423 0.370246 0.663320 0.771417 0.111639
0.498401 0.337277 0.595566 0.537005 0.591656 0.593717 0.565315 -0.059681 0.252967 0.553904 0.791612 0.154355
0.514247 0.456915 0.557353 0.387090 0.629713 0.587878 0.600677 0.126215 0.382904 0.582843 0.785422 0.119523
0.537409 0.386235 0.656613 0.532784 0.598998 0.603355 0.593705 0.121530 0.290535 0.567037 0.928504 0.094845
0.409881 0.414258 0.592290 0.484074 0.554245 0.606478 0.615464 0.084573 0.249421 0.545214 0.788788 0.131244
0.428033 0.362970 0.636790 0.523810 0.574594 0.705672 0.567980 0.081990 0.315602 0.654582 0.863254 0.135711
0.438674 0.436728 0.589434 0.424153 0.558263 0.662530 0.641088 0.134715 0.197024 0.656138 0.821947 0.171764
0.549421 0.508741 0.528499 0.552125 0.502575 0.634950 0.659718 0.051489 0.300915 0.566754 0.692429 0.100063
0.391390 0.394421 0.594435 0.339759 0.517075 0.605065 0.630524 0.044992 0.319955 0.620221 0.779068 0.165921
0.480375 0.404366 0.598688 0.387152 0.561954 0.586897 0.697342 0.104795 0.285317 0.657146 0.773073 0.125045
0.392866 0.477953 0.594409 0.502880 0.520063 0.491674 0.642773 -0.028604 0.276070 0.572344 0.794571 0.119550
0.497740 0.485142 0.547255 0.460331 0.443074 0.574101 0.647655 -0.025832 0.214042 0.628633 0.828080 0.158950
0.611954 0.430690 0.610880 0.528480 0.508949 0.670506 0.582823 0.015100 0.252229 0.630451 0.783958 0.082192
0.454770 0.442938 0.623226 0.470176 0.558087 0.575483 0.687164 -0.034914 0.306109 0.632214 0.807385 0.168940
0.458175 0.354080 0.467924 0.515212 0.606536 0.570380 0.599649 0.005463 0.310015 0.572984 0.836921 0.109528
0.532429 0.457934 0.629310 0.407908 0.518058 0.517346 0.636084 0.072720 0.343803 0.544841 0.796114 0.031835
0.509216 0.398972 0.653287 0.520389 0.497205 0.572657 0.676980 0.099687 0.271011 0.480503 0.736509 0.079750
0.480029 0.375938 0.593043 0.452854 0.555817 0.562367 0.599853 -0.074013 0.273164 0.549906 0.753975 -0.006762
0.531054 0.360835 0.542943 0.472726 0.535616 0.628629 0.664258 0.097306 0.273399 0.542620 0.814272 0.157521
0.486275 0.354800 0.571662 0.414261 0.524892 0.605730 0.601203 0.010693 0.311030 0.521038 0.814453 0.060695
0.473430 0.428345 0.521813 0.416112 0.555304 0.584638 0.553785 0.099807 0.236988 0.542435 0.700484 0.075234
0.489518 0.329722 0.564435 0.536073 0.514257 0.615471 0.586032 -0.023324 0.185849 0.587874 0.813889 0.137266
0.475573 0.379121 0.679670 0.479056 0.491562 0.671042 0.639772 -0.058912 0.208343 0.602498 0.721488 0.149353
0.406473 0.390128 0.612859 0.464017 0.456723 0.726267 0.576559 0.079954 0.237979 0.616998 0.768659 0.032947
0.436556 0.388501 0.487799 0.463185 0.544067 0.621187 0.510306 0.030546 0.267028 0.707365 0.792143 0.139369
0.459920 0.450178 0.555889 0.540789 0.558957 0.602212 0.594199 -0.022312 0.192306 0.566249 0.717315 0.075758
0.488916 0.356943 0.517511 0.492002 0.529607 0.643245 0.630184 0.069025 0.271592 0.572412 0.908310 0.021037
0.512676 0.342309 0.584664 0.454994 0.449136 0.597880 0.615429 0.076830 0.350033 0.567153 0.739925 0.041734
0.476334 0.368286 0.603326 0.461838 0.476364 0.579900 0.644147 0.179282 0.206890 0.603423 0.766357 0.142310
0.448570 0.413605 0.503207 0.426684 0.462677 0.629060 0.634471 0.092842 0.339118 0.556159 0.739489 0.143669
0.431785 0.349250 0.534457 0.389691 0.475944 0.502537 0.710883 0.065789 0.223859 0.639654 0.806575 0.121652
0.450500 0.450476 0.571794 0.451381 0.581026 0.591351 0.591144 0.093171 0.342314 0.597975 0.807105 0.036966
0.526241 0.437376 0.660819 0.463086 0.473209 0.613967 0.522897 0.088968 0.221876 0.605129 0.795419 0.154722
0.401922 0.339657 0.605985 0.451352 0.578701 0.618452 0.615248 -0.033517 0.393556 0.705066 0.673517 0.142517
0.471990 0.370423 0.632261 0.430867 0.574937 0.642255 0.642189 -0.030793 0.265129 0.641376 0.814604 0.057532
0.459853 0.389346 0.660263 0.490465 0.542038 0.577540 0.597520 0.008990 0.226420 0.637597 0.789830 0.051588
0.477181 0.426412 0.549180 0.499334 0.453191 0.674298 0.596001 0.038828 0.278567 0.572016 0.783705 0.084834
0.435437 0.366428 0.627594 0.509193 0.490504 0.616979 0.602933 0.084402 0.242996 0.585503 0.771604 0.121168
0.399857 0.372672 0.552459 0.435639 0.593747 0.518058 0.623016 0.021506 0.222603 0.590289 0.705750 0.100692
0.464884 0.409423 0.613244 0.468058 0.527896 0.600934 0.566791 0.035759 0.296688 0.584156 0.780942 0.202449
0.577383 0.336094 0.567053 0.454356 0.562377 0.582349 0.553568 -0.038141 0.232760 0.675303 0.870537 0.163122
0.492506 0.408232 0.506672 0.496273 0.641025 0.666592 0.646126 0.077005 0.345979 0.543580 0.784266 0.169973
0.443439 0.458146 0.673596 0.519355 0.546433 0.600525 0.620133 0.011937 0.320907 0.605325 0.818642 0.143051
0.468528 0.371836 0.552953 0.447738 0.579569 0.576658 0.678813 0.077281 0.309196 0.521417 0.771587 0.174789
0.415810 0.469331 0.460315 0.512203 0.476973 0.642101 0.506018 -0.001181 0.220891 0.495018 0.804183 0.054817
0.498339 0.391773 0.557498 0.483477 0.489813 0.609402 0.554536 0.118209 0.349587 0.632982 0.824759 0.180851
0.489166 0.321780 0.639455 0.427175 0.493127 0.606060 0.618678 0.098871 0.346119 0.645594 0.655909 0.058448
0.487007 0.424585 0.626407 0.494041 0.475135 0.638930 0.643009 0.050379 0.292072 0.500104 0.744773 0.125168
0.424637 0.306677 0.532994 0.513394 0.580690 0.657854 0.590789 0.094447 0.257415 0.608220 0.854093 0.149027
0.456397 0.310371 0.622609 0.458815 0.537676 0.586319 0.655682 0.008125 0.212605 0.649143 0.771851 0.102518
0.517869 0.356506 0.616786 0.392538 0.518461 0.623218 0.555056 0.058671 0.210879 0.622864 0.768692 0.039873
0.432490 0.396179 0.567929 0.502244 0.548329 0.650064 0.608136 0.095271 0.223196 0.565248 0.734027 0.139297
0.457757 0.387991 0.576268 0.483799 0.527209 0.694458 0.586176 0.081019 0.294865 0.618019 0.795360 0.130440
0.469066 0.403013 0.558798 0.467162 0.600155 0.552198 0.545205 -0.011611 0.269189 0.622980 0.731590 0.095338
0.508823 0.457070 0.538216 0.548565 0.502667 0.575373 0.602621 0.031787 0.334490 0.568462 0.801672 0.044914
0.415315 0.351614 0.540296 0.449837 0.482312 0.467405 0.678942 0.075686 0.205107 0.587306 0.788705 0.149346
0.460530 0.476587 0.544462 0.386044 0.588499 0.614257 0.499434 0.102832 0.266507 0.632217 0.741995 0.040620
0.483741 0.498838 0.589244 0.465210 0.491132 0.643593 0.519454 0.026772 0.288679 0.600135 0.796604 0.077913
0.396327 0.402705 0.612034 0.481456 0.504711 0.613564 0.610130 0.011806 0.319315 0.647180 0.726176 0.109521
0.550847 0.374018 0.572081 0.458131 0.555954 0.511408 0.611764 0.062312 0.280695 0.676470 0.781797 0.063586
0.597000 0.408942 0.612525 0.440003 0.528668 0.598401 0.608390 0.013661 0.328443 0.606458 0.782351 0.176289
0.487914 0.418403 0.571773 0.433124 0.500280 0.673558 0.627804 0.078498 0.305468 0.592184 0.800389 0.133202
0.367000 0.395007 0.595601 0.400759 0.472346 0.636414 0.618588 0.009059 0.206818 0.641217 0.782088 0.125888
0.474828 0.492039 0.551155 0.550997 0.583934 0.662335 0.672988 0.015998 0.273215 0.603542 0.753895 0.097821
0.463732 0.302204 0.631210 0.503013 0.564516 0.669776 0.596791 0.077927 0.287478 0.538835 0.720124 0.115581
0.362238 0.367072 0.605530 0.397500 0.551940 0.557005 0.606322 0.096450 0.290196 0.556077 0.857252 0.114088
0.512156 0.440303 0.640998 0.470239 0.576246 0.598800 0.593111 0.040798 0.278613 0.568597 0.726510 0.129197
0.366676 0.368334 0.614184 0.459951 0.572254 0.604243 0.650063 -0.070504 0.215828 0.609612 0.785483 0.157680
0.502572 0.352451 0.638084 0.520748 0.472721 0.602008 0.642526 0.030079 0.275517 0.522500 0.723002 0.181187
0.456546 0.470229 0.573573 0.517853 0.554263 0.522780 0.569893 -0.004904 0.310934 0.620972 0.778776 0.134097
0.471355 0.398969 0.495634 0.511778 0.500910 0.499100 0.678920 0.021662 0.317636 0.536277 0.880441 0.077323
0.471853 0.400982 0.700914 0.454675 0.581153 0.611436 0.642990 0.050360 0.330810 0.616155 0.816597 0.076020
0.490575 0.493192 0.642365 0.416851 0.559161 0.628076 0.639412 0.079263 0.299707 0.555770 0.782503 0.078964
0.501440 0.390847 0.524626 0.501575 0.528934 0.540584 0.602668 0.055922 0.285802 0.597630 0.733975 0.098893
0.435303 0.359978 0.565349 0.480019 0.513176 0.567120 0.691493 0.063017 0.219554 0.650204 0.722312 0.054069
0.419217 0.392109 0.557278 0.412921 0.561601 0.690382 0.532067 0.054939 0.307395 0.587569 0.804359 0.100925
0.457719 0.291650 0.533433 0.485453 0.539928 0.591648 0.578223 -0.009000 0.256098 0.597084 0.759875 0.031744
0.491565 0.470921 0.552650 0.440216 0.538104 0.500598 0.591975 0.092445 0.199465 0.548900 0.768437 -0.028806
0.587204 0.369358 0.635546 0.524887 0.508374 0.668773 0.600445 0.090417 0.273840 0.633742 0.794125 0.112552
0.479111 0.463495 0.619856 0.507998 0.636189 0.651997 0.669032 -0.037576 0.256726 0.556755 0.852699 0.078039
0.451498 0.440095 0.613050 0.384178 0.542109 0.597046 0.608313 0.033052 0.350508 0.606287 0.735667 0.144637
0.516947 0.386765 0.552700 0.413085 0.612331 0.527830 0.571155 0.015951 0.230551 0.565332 0.820385 0.161463
0.357220 0.380857 0.575431 0.500113 0.627926 0.629234 0.576300 0.060348 0.433891 0.569600 0.751467 0.161560
0.517392 0.374598 0.613497 0.436840 0.522774 0.550546 0.681517 0.065995 0.212653 0.668866 0.784782 0.123721
0.425490 0.405921 0.673711 0.483849 0.504763 0.613345 0.594044 0.016424 0.297282 0.675774 0.852120 0.041036
0.446144 0.381846 0.537464 0.349438 0.458606 0.527611 0.643256 0.071730 0.179261 0.617705 0.776118 0.108399
0.447690 0.493980 0.616558 0.480089 0.498206 0.531435 0.611310 0.059195 0.331380 0.650699 0.772277 0.151594
0.465040 0.378615 0.596105 0.442822 0.579300 0.655262 0.685411 0.036647 0.204887 0.690605 0.810119 0.102369
0.519503 0.335462 0.532623 0.501952 0.506114 0.632338 0.586584 0.070882 0.277584 0.533198 0.774054 0.048261
0.508445 0.399261 0.546917 0.445976 0.548709 0.666670 0.653087 0.018766 0.234393 0.554648 0.791940 -0.041734
0.521730 0.447897 0.573003 0.498777 0.520359 0.658162 0.650989 -0.049865 0.242334 0.684615 0.757362 0.105859
0.442779 0.454869 0.567904 0.448743 0.591213 0.682973 0.675303 0.067333 0.197985 0.571099 0.791622 0.137271
0.485022 0.334048 0.485976 0.500799 0.474567 0.619101 0.501384 0.105547 0.224861 0.523130 0.741065 0.170740
0.463874 0.458895 0.439559 0.523219 0.589770 0.597850 0.545824 0.135109 0.319862 0.633731 0.805557 0.215353
0.392668 0.426851 0.583899 0.508468 0.451779 0.660220 0.562649 -0.060124 0.335837 0.609231 0.781628 0.022759
0.430102 0.477915 0.579840 0.444641 0.505264 0.578392 0.597304 -0.017215 0.239815 0.590896 0.800354 0.101847
0.463098 0.452182 0.592386 0.482170 0.552082 0.590287 0.662912 -0.020426 0.287196 0.587848 0.767608 0.105532
0.331465 0.448966 0.637012 0.436121 0.569592 0.542457 0.606586 -0.010610 0.384658 0.556451 0.840484 0.082442
0.519162 0.488406 0.556212 0.431503 0.486943 0.665561 0.692275 0.136966 0.226430 0.604388 0.835648 0.150458
0.417148 0.373402 0.544373 0.405805 0.624525 0.641031 0.574395 0.037998 0.267406 0.634449 0.804531 0.071659
0.417638 0.365289 0.613395 0.451530 0.422157 0.608069 0.555240 0.103767 0.203210 0.444687 0.707466 0.084364
0.532909 0.414812 0.542562 0.419010 0.640391 0.663019 0.577248 0.039485 0.250778 0.515917 0.742931 0.116343
0.428456 0.517220 0.568660 0.563021 0.465344 0.557507 0.590659 0.008797 0.286566 0.511593 0.786982 0.074499
0.562375 0.377579 0.589551 0.447995 0.615413 0.661779 0.595798 0.143403 0.208116 0.576235 0.828366 0.100669
0.347202 0.326354 0.520159 0.353710 0.559718 0.619567 0.682879 0.005448 0.289491 0.573838 0.711046 0.107171
0.483018 0.388610 0.544606 0.440582 0.608633 0.662656 0.615263 0.029050 0.278738 0.556434 0.814159 0.127860
0.434789 0.434806 0.608537 0.557838 0.524918 0.594232 0.778877 0.054981 0.357993 0.610077 0.747060 0.145240
0.426771 0.369900 0.617757 0.460812 0.592756 0.582010 0.604185 0.028151 0.328074 0.619822 0.748624 0.146795
0.472246 0.336588 0.590704 0.541864 0.507734 0.541617 0.622992 0.101683 0.244965 0.668727 0.769732 0.038557
0.500096 0.416487 0.598940 0.506760 0.511066 0.674272 0.648022 0.050499 0.225894 0.595590 0.769683 0.141844
0.473188 0.440382 0.480166 0.412350 0.456374 0.591666 0.554379 0.139477 0.366832 0.597300 0.813564 0.117397
0.419108 0.393186 0.588994 0.461188 0.491163 0.631081 0.619075 0.010025 0.325085 0.603909 0.683282 0.003953
0.476347 0.431548 0.610236 0.529175 0.558183 0.518925 0.582297 0.085576 0.178261 0.578359 0.834392 0.075102
0.527531 0.377822 0.612696 0.481689 0.570108 0.652950 0.608598 0.035215 0.278340 0.687977 0.944199 0.161479
0.419117 0.381622 0.587114 0.438525 0.449472 0.594219 0.670521 0.069402 0.243322 0.628930 0.677321 0.131761
0.466574 0.403587 0.575130 0.505966 0.484846 0.692312 0.561664 0.081632 0.249098 0.568187 0.799624 0.056442
0.554616 0.383647 0.618505 0.543824 0.589763 0.554048 0.586293 -0.024625 0.263128 0.554026 0.808322 0.150020
0.453523 0.359729 0.534330 0.470128 0.585406 0.640079 0.654151 0.054857 0.256619 0.546483 0.733516 0.134347
0.525525 0.369582 0.660569 0.476860 0.510072 0.553092 0.687231 0.046341 0.215813 0.627931 0.877937 0.126388
0.535969 0.367756 0.580135 0.423741 0.423606 0.526078 0.615398 0.000774 0.244129 0.591579 0.759289 0.125815
0.409922 0.457012 0.595252 0.447223 0.537148 0.619884 0.712821 0.094388 0.286567 0.646197 0.830568 0.084312
0.533818 0.370567 0.523358 0.516923 0.500758 0.489953 0.562627 -0.002246 0.305349 0.608946 0.838314 0.083495
0.498892 0.413389 0.577216 0.441615 0.414768 0.692857 0.635767 0.076470 0.264934 0.528832 0.703061 -0.005844
0.441743 0.407229 0.597004 0.408477 0.569180 0.633207 0.702361 0.070383 0.264736 0.562402 0.771848 0.116363
0.503232 0.343883 0.551465 0.533169 0.528413 0.617281 0.628197 0.027134 0.395648 0.534870 0.749440 -0.037092
0.548475 0.396910 0.650688 0.432786 0.501989 0.569068 0.648674 0.103602 0.189192 0.600257 0.734974 0.159408
0.404184 0.397132 0.515789 0.541531 0.446481 0.632146 0.596237 0.063147 0.326009 0.571290 0.684153 0.213501
0.500438 0.387367 0.530158 0.507695 0.570726 0.578832 0.659969 0.127435 0.186948 0.550359 0.735355 0.111230
0.579864 0.406389 0.525386 0.502568 0.504655 0.680330 0.612752 0.082874 0.264916 0.670534 0.768862 0.001940
0.478460 0.454881 0.635772 0.527949 0.513883 0.524460 0.594267 0.098804 0.243446 0.550847 0.749925 0.200943
0.498509 0.367255 0.548336 0.461601 0.439545 0.632679 0.559623 0.116025 0.260644 0.580199 0.784439 0.076833
0.479787 0.489012 0.554526 0.595833 0.508481 0.570657 0.528528 0.144100 0.270141 0.612766 0.816917 0.018820
0.512549 0.350579 0.600782 0.392853 0.552418 0.577077 0.658117 0.020521 0.180718 0.571498 0.774297 0.128925
0.370277 0.462947 0.524453 0.474432 0.602313 0.638638 0.619943 0.065075 0.222936 0.636030 0.678550 0.072395
0.506431 0.414805 0.568780 0.465289 0.570427 0.532243 0.597757 0.035717 0.236049 0.594225 0.780264 0.109758
0.460695 0.426894 0.577145 0.478033 0.530568 0.618146 0.625364 0.085045 0.179089 0.668889 0.752532 0.202964
0.411815 0.359264 0.544949 0.460315 0.586988 0.547179 0.642755 0.005506 0.217094 0.600967 0.778668 0.076808
0.539996 0.326335 0.547135 0.370345 0.547422 0.614600 0.608457 0.069309 0.291252 0.577045 0.777535 0.106740
0.502946 0.466753 0.694135 0.535991 0.474459 0.609014 0.687936 0.027625 0.254142 0.573805 0.811052 0.124763
0.484427 0.382628 0.612540 0.499134 0.563243 0.685509 0.602017 -0.066513 0.290261 0.578003 0.800324 0.053741
0.525517 0.316983 0.485421 0.443368 0.538213 0.552228 0.626571 0.124743 0.327815 0.574917 0.748124 0.096123
0.433281 0.370203 0.554069 0.483444 0.470514 0.614827 0.540778 -0.002331 0.151941 0.585159 0.790439 0.078541
0.415844 0.321004 0.674820 0.493712 0.602036 0.557569 0.579447 0.036140 0.229568 0.578091 0.782289 0.008167
0.474912 0.416630 0.577179 0.454803 0.490039 0.632472 0.515000 0.028986 0.396106 0.541965 0.819435 0.116197
0.450051 0.361934 0.476761 0.434052 0.490660 0.593062 0.635334 0.065116 0.226103 0.553740 0.744881 0.175494
0.391638 0.426320 0.595998 0.443652 0.566157 0.601922 0.690692 0.070886 0.359072 0.561487 0.838770 0.093501
0.446468 0.434460 0.591087 0.463309 0.578231 0.574926 0.607060 0.016890 0.228700 0.568772 0.848191 0.138150
0.500295 0.349851 0.572899 0.502870 0.533690 0.664829 0.645806 -0.037599 0.350950 0.521916 0.752562 0.071083
0.416194 0.381580 0.545833 0.441186 0.570174 0.595161 0.626792 0.034066 0.351332 0.662336 0.745052 0.138886
0.500149 0.352682 0.534104 0.423480 0.421176 0.635621 0.599367 -0.009144 0.343621 0.593518 0.782976 0.050197
0.546329 0.378935 0.592872 0.508255 0.519152 0.599447 0.600548 0.040213 0.220314 0.512825 0.793210 -0.000978
0.454495 0.471227 0.618505 0.536421 0.516406 0.584834 0.610445 0.054934 0.278900 0.627828 0.689972 0.106196
0.447003 0.493033 0.665227 0.433675 0.459204 0.601838 0.653754 0.065027 0.220363 0.633860 0.803649 0.097293
0.434273 0.419550 0.601174 0.552759 0.575642 0.699153 0.667748 0.093970 0.277246 0.556617 0.777435 0.096569
0.451434 0.428086 0.579882 0.492243 0.493654 0.621818 0.602841 0.107045 0.327608 0.587957 0.810446 0.119579
0.505451 0.329819 0.504067 0.438820 0.574840 0.538845 0.607809 0.134576 0.329561 0.590503 0.787296 0.022405
0.554857 0.448477 0.566061 0.521596 0.521736 0.643302 0.602946 -0.021799 0.279267 0.610879 0.709353 0.139915
0.373679 0.461935 0.604198 0.482120 0.460599 0.550991 0.592705 0.017759 0.371232 0.542608 0.745762 0.081581
0.449173 0.448474 0.626233 0.456869 0.598963 0.539179 0.641669 0.003636 0.263760 0.578413 0.901129 0.089930
0.430209 0.387947 0.574481 0.506597 0.480779 0.736952 0.637231 0.034297 0.320945 0.679769 0.706503 0.147863
0.524651 0.329716 0.505985 0.464202 0.557436 0.612229 0.609919 0.064220 0.232165 0.747006 0.820388 0.078243
0.471513 0.410424 0.659717 0.464802 0.529502 0.508549 0.671328 0.019913 0.270450 0.608161 0.777839 0.116941
0.392245 0.517524 0.580368 0.506014 0.484724 0.564718 0.707185 0.036609 0.250818 0.557066 0.864024 0.183485
0.475810 0.359719 0.574519 0.470761 0.561218 0.586195 0.587337 0.015640 0.282888 0.626728 0.805948 0.220959
0.473684 0.279111 0.568000 0.501423 0.525959 0.672327 0.660691 0.030198 0.216359 0.609898 0.908777 0.067781
0.471631 0.496579 0.621006 0.465763 0.488789 0.601560 0.531135 0.025245 0.245633 0.579555 0.856876 0.145651
0.503012 0.387393 0.536997 0.445153 0.521583 0.588205 0.725365 0.022422 0.268099 0.583044 0.767870 0.091782
0.462523 0.413187 0.570617 0.460999 0.517333 0.536753 0.593721 -0.015625 0.304568 0.569293 0.841492 0.146422
0.507542 0.316859 0.574380 0.489827 0.429319 0.523880 0.653585 0.071603 0.221490 0.572144 0.823376 0.043174
0.492957 0.373365 0.556897 0.479485 0.488950 0.571425 0.602342 0.033052 0.336402 0.629664 0.787164 0.134048
0.517135 0.363236 0.580000 0.439797 0.552974 0.538852 0.724508 0.072814 0.255022 0.595843 0.795818 0.144628
0.497701 0.462015 0.670843 0.470752 0.549285 0.630666 0.588020 0.084863 0.294291 0.634308 0.764617 0.133030
0.420140 0.422522 0.514001 0.443378 0.632847 0.655621 0.530587 0.036076 0.197040 0.584756 0.752469 0.090517
0.413095 0.466754 0.557293 0.477905 0.587809 0.570009 0.573993 -0.048167 0.306610 0.633658 0.787457 0.196512
0.485960 0.367487 0.656292 0.486888 0.477875 0.631753 0.592072 -0.051277 0.276325 0.571760 0.799479 0.139807
0.451691 0.437701 0.653277 0.447202 0.566535 0.574362 0.660591 0.052518 0.256978 0.596359 0.873424 0.102220
0.522884 0.398709 0.613182 0.412690 0.585518 0.622562 0.548539 0.023520 0.181254 0.549013 0.814936 0.141765
0.416035 0.368705 0.650501 0.408299 0.551061 0.572252 0.591084 0.040991 0.280349 0.634370 0.848621 0.052658
0.512934 0.404402 0.574528 0.509606 0.484367 0.674986 0.673657 0.056589 0.334054 0.540230 0.819820 0.118979
0.516120 0.429008 0.541586 0.491152 0.526394 0.575323 0.641275 0.094794 0.295576 0.597390 0.900483 0.093839
0.500274 0.494123 0.620595 0.417239 0.588556 0.507088 0.634761 0.040762 0.319892 0.591126 0.749061 0.105103
0.444027 0.495344 0.616655 0.369239 0.600152 0.553717 0.650310 -0.065195 0.219379 0.581692 0.738887 0.060018
0.515770 0.387038 0.638171 0.475292 0.514468 0.608014 0.535909 0.055082 0.237530 0.690541 0.847759 0.132159
0.442996 0.393154 0.631540 0.500963 0.611925 0.526741 0.648798 0.062285 0.344620 0.572093 0.796116 0.040654
0.574652 0.431688 0.516774 0.473650 0.530753 0.586402 0.734526 0.067321 0.217081 0.634651 0.842146 0.180614
0.437539 0.472197 0.505643 0.550330 0.555766 0.558256 0.646882 0.026867 0.261075 0.631441 0.755690 0.036588
0.518492 0.285013 0.597171 0.328909 0.566234 0.614671 0.536520 0.045547 0.276290 0.646458 0.786451 0.069291
0.515079 0.381439 0.486298 0.446531 0.507928 0.561220 0.688053 -0.020171 0.262897 0.566547 0.749514 0.115229
0.550951 0.495242 0.583714 0.494027 0.430811 0.630629 0.705307 0.056011 0.278992 0.598681 0.764527 0.063737
0.444980 0.372044 0.490665 0.366842 0.535674 0.560223 0.593973 0.037928 0.279406 0.617502 0.774395 0.097850
0.509852 0.436430 0.585876 0.431782 0.600948 0.636146 0.640559 0.116029 0.331412 0.549450 0.815595 0.117575
0.436916 0.360202 0.520736 0.422535 0.522118 0.525213 0.578970 0.058670 0.204705 0.607719 0.706836 0.143230
0.542255 0.405317 0.598363 0.563164 0.516586 0.515849 0.618798 0.068588 0.263788 0.502850 0.767630 0.124312
0.536404 0.423230 0.584881 0.468440 0.461062 0.616979 0.576446 0.069652 0.288964 0.604321 0.672613 0.076597
0.431512 0.515789 0.573923 0.423208 0.585882 0.676218 0.583472 0.016135 0.254920 0.576403 0.738152 0.058725
0.459630 0.366928 0.547754 0.534241 0.574362 0.557816 0.614769 0.128205 0.246967 0.703639 0.701723 0.188101
0.542636 0.404499 0.610969 0.458763 0.572077 0.624290 0.616304 0.070838 0.296101 0.664750 0.755801 0.120166
0.442838 0.389416 0.521910 0.550994 0.497158 0.584486 0.628007 0.003715 0.294581 0.543612 0.753887 0.158545
0.512404 0.373964 0.582449 0.474513 0.510246 0.633134 0.658430 0.101669 0.352218 0.521524 0.856413 0.059639
0.455623 0.486492 0.618008 0.397022 0.526366 0.587755 0.575171 0.136030 0.241261 0.642144 0.748047 0.076366
0.506058 0.465691 0.538176 0.405918 0.608292 0.578337 0.657880 0.052937 0.363219 0.673833 0.742067 0.063373
0.535996 0.390928 0.507040 0.448241 0.562385 0.602375 0.617100 0.000433 0.304046 0.564662 0.726815 0.135360
0.524871 0.421854 0.615071 0.416028 0.522241 0.608334 0.621639 0.081606 0.188796 0.542563 0.742622 0.128083
0.514422 0.423344 0.672656 0.476159 0.553906 0.621174 0.684460 0.092658 0.262938 0.677366 0.852181 0.065175
0.548645 0.396279 0.487858 0.451951 0.659493 0.658983 0.675960 0.009709 0.297693 0.572827 0.829838 0.125817
0.473065 0.412251 0.578390 0.410084 0.496060 0.627791 0.597490 0.014258 0.270491 0.622346 0.743082 0.128649
0.513355 0.493616 0.574925 0.453721 0.489602 0.717004 0.705919 0.112154 0.186985 0.658767 0.756765 0.016252
0.508942 0.324769 0.629822 0.500079 0.537256 0.506484 0.650360 0.044372 0.265958 0.590321 0.839965 0.039630
0.496022 0.326333 0.621430 0.494426 0.448254 0.580685 0.544790 0.126676 0.160936 0.571730 0.831612 0.093478
0.481368 0.439147 0.587895 0.470973 0.465719 0.521138 0.586849 0.051418 0.249824 0.555263 0.704508 0.066029
0.522476 0.489267 0.604623 0.486748 0.555017 0.646621 0.643065 0.059225 0.228976 0.548429 0.756573 0.013053
0.373625 0.376119 0.507611 0.449360 0.551706 0.668900 0.658745 -0.008665 0.348299 0.532858 0.788589 0.003620
0.404402 0.428465 0.564976 0.407621 0.621778 0.609885 0.732270 0.040451 0.320664 0.489158 0.821578 0.135293
0.460267 0.401927 0.554829 0.540929 0.521886 0.549279 0.631471 0.093992 0.296749 0.646429 0.779260 0.078163
0.478033 0.403588 0.535319 0.507305 0.513717 0.606163 0.597330 -0.050975 0.229023 0.581291 0.751975 0.065731
0.473721 0.409223 0.589359 0.504105 0.617165 0.593232 0.426186 0.070490 0.264531 0.492156 0.766132 0.173739
0.335943 0.343109 0.546205 0.489118 0.525001 0.588011 0.613223 0.051639 0.233937 0.601909 0.788647 0.053511
0.427705 0.402183 0.580703 0.408914 0.548037 0.588964 0.654512 -0.054612 0.164288 0.605254 0.775276 0.158530
0.450252 0.434236 0.528085 0.408681 0.497181 0.633529 0.691504 0.006052 0.281966 0.576208 0.791524 0.136658
0.436522 0.351700 0.591040 0.493045 0.630069 0.415506 0.664041 0.039115 0.242210 0.683650 0.768555 0.197087
0.456128 0.426059 0.604171 0.561252 0.460032 0.584764 0.587020 0.052674 0.300046 0.526037 0.753439 0.132219
0.498634 0.428188 0.518513 0.416962 0.584952 0.563850 0.628967 0.085511 0.260828 0.698381 0.694894 0.097666
0.391993 0.427258 0.621236 0.495864 0.493449 0.599496 0.556313 0.044463 0.289143 0.646654 0.776242 0.056213
0.373021 0.332574 0.587310 0.507712 0.513117 0.556317 0.718375 0.042888 0.225971 0.635742 0.754274 0.043495
0.155508 0.117940 0.862897 0.248953 0.748465 0.837087 0.118605 0.430106 0.474634 0.793872 0.272634 0.470151
0.232424 0.252534 0.795187 0.278886 0.714914 0.774160 0.173631 0.413565 0.399012 0.840798 0.357238 0.466890
0.168535 0.188714 0.745952 0.140860 0.693581 0.742654 0.119224 0.290878 0.413223 0.747866 0.271671 0.515674
0.119737 0.177497 0.858828 0.170835 0.709602 0.762646 0.180798 0.423909 0.404083 0.674069 0.239820 0.477781
0.154415 0.267174 0.805069 0.213276 0.755000 0.774289 0.166391 0.342832 0.376250 0.800556 0.318242 0.438315
0.159192 0.296847 0.781973 0.256539 0.744067 0.729026 0.057278 0.526046 0.319211 0.805068 0.372018 0.468142
0.125917 0.200459 0.811757 0.083490 0.787848 0.719284 0.086459 0.418943 0.276024 0.786699 0.250903 0.552554
0.061824 0.260985 0.772298 0.175263 0.765212 0.784757 0.080307 0.349463 0.330595 0.944107 0.296398 0.464326
0.192074 0.201644 0.932367 0.209463 0.848895 0.822088 0.031943 0.386637 0.388144 0.804813 0.300932 0.471822
0.130336 0.293916 0.866508 0.236259 0.690593 0.749279 0.121469 0.426811 0.384372 0.759160 0.313987 0.501641
0.156309 0.211936 0.821852 0.165026 0.752525 0.795867 0.081103 0.309522 0.288080 0.713819 0.324002 0.558431
0.189270 0.161291 0.890354 0.208779 0.665515 0.823957 0.161236 0.476334 0.397987 0.801350 0.323975 0.538352
0.101286 0.266855 0.692379 0.208406 0.747071 0.719745 0.184535 0.347115 0.348410 0.892891 0.353518 0.474043
0.197169 0.306020 0.806433 0.207793 0.786554 0.778156 0.021636 0.342795 0.363984 0.818009 0.369437 0.521506
0.212911 0.206782 0.842904 0.161744 0.730471 0.786287 0.100230 0.395866 0.466476 0.908863 0.279629 0.591990
0.120165 0.218460 0.845874 0.192809 0.754211 0.745420 0.117794 0.438507 0.389942 0.828897 0.364055 0.439690
0.196002 0.179850 0.813868 0.230351 0.670986 0.816863 0.059221 0.401080 0.393592 0.782683 0.380807 0.525299
0.158419 0.325201 0.754590 0.157327 0.735447 0.752076 0.095472 0.419992 0.297033 0.740676 0.342733 0.547873
0.273893 0.235126 0.845152 0.180027 0.719616 0.811443 0.077573 0.418592 0.429381 0.812920 0.214271 0.497444
0.249661 0.166193 0.842775 0.249465 0.690926 0.723704 0.051083 0.485140 0.424337 0.734780 0.326994 0.546802
0.159485 0.217396 0.836245 0.252056 0.775652 0.762232 0.001700 0.415061 0.396153 0.707805 0.426773 0.457320
0.176236 0.263876 0.780435 0.253573 0.732780 0.745826 0.128898 0.442990 0.464610 0.895255 0.286997 0.527545
0.145380 0.266074 0.842642 0.188138 0.721940 0.769349 0.187530 0.317171 0.385270 0.797377 0.247231 0.515172
0.102430 0.201634 0.847608 0.154084 0.781749 0.782021 0.123692 0.440063 0.325498 0.833099 0.320329 0.423191
0.127451 0.242839 0.870237 0.236855 0.698232 0.789670 0.097312 0.299310 0.382742 0.828733 0.409666 0.540113
0.079649 0.257460 0.810195 0.152399 0.685258 0.667168 0.131274 0.468100 0.412010 0.751162 0.267428 0.519687
0.090880 0.237936 0.782194 0.107099 0.720523 0.740773 0.086805 0.289760 0.404566 0.722915 0.342997 0.501467
0.224301 0.170035 0.812087 0.132540 0.882411 0.786491 0.012040 0.388612 0.355580 0.812439 0.255788 0.489249
0.266217 0.238684 0.917242 0.066606 0.768118 0.739646 0.085346 0.508574 0.316440 0.838306 0.364004 0.490359
0.132735 0.266489 0.748875 0.164332 0.644877 0.726297 0.099168 0.317090 0.438297 0.871852 0.382149 0.497137
0.199184 0.190701 0.755270 0.193233 0.678137 0.631981 0.117251 0.405688 0.396499 0.773939 0.226005 0.498384
0.187698 0.225418 0.894181 0.146788 0.756189 0.707241 0.177905 0.415816 0.428019 0.822867 0.389921 0.474534
0.204725 0.320810 0.786884 0.313651 0.723823 0.773918 0.071716 0.351957 0.369141 0.778546 0.260894 0.541113
0.076625 0.264968 0.831840 0.134232 0.712378 0.805845 0.021716 0.302041 0.265799 0.781365 0.360860 0.438870
0.149681 0.206466 0.805996 0.202373 0.739581 0.782801 0.066132 0.378833 0.389988 0.747555 0.343839 0.521388
0.113129 0.237049 0.811611 0.199440 0.674435 0.706728 0.080108 0.427937 0.340829 0.771754 0.348066 0.525857
0.142195 0.210876 0.841284 0.227775 0.740768 0.776996 0.104946 0.407605 0.394223 0.866912 0.281034 0.514213
0.189402 0.230389 0.807366 0.144040 0.698248 0.794751 0.084231 0.411692 0.432355 0.868034 0.307807 0.553530
0.156754 0.157861 0.718189 0.239210 0.676219 0.799723 0.054349 0.519233 0.293300 0.799375 0.256737 0.517304
0.049471 0.232877 0.864193 0.208800 0.683296 0.727962 0.079449 0.323768 0.346178 0.840903 0.354950 0.431825
0.132721 0.292500 0.832771 0.208125 0.676774 0.650262 0.146670 0.416631 0.457275 0.798071 0.348753 0.520824
0.163671 0.172218 0.801613 0.073470 0.651263 0.769011 0.100826 0.473405 0.336856 0.747189 0.327343 0.525882
0.195301 0.206740 0.811428 0.222450 0.758780 0.775946 0.067888 0.393542 0.381169 0.910937 0.364807 0.476285
0.177784 0.312787 0.830492 0.226841 0.764919 0.690639 0.018809 0.439442 0.368403 0.867514 0.376004 0.517922
0.203378 0.194331 0.792228 0.233630 0.764013 0.677110 0.090662 0.423576 0.430975 0.740178 0.316146 0.467310
0.213030 0.153589 0.819300 0.161924 0.661968 0.761038 0.183008 0.425670 0.340250 0.837257 0.386516 0.548919
0.254764 0.112738 0.800016 0.268535 0.706723 0.806137 0.118287 0.433797 0.339694 0.762273 0.345451 0.609828
0.181907 0.215018 0.796143 0.119701 0.750024 0.777907 0.136240 0.325260 0.406612 0.732595 0.280256 0.615244
0.141611 0.252442 0.780808 0.152801 0.701912 0.666654 0.065280 0.365905 0.435879 0.805511 0.391934 0.570853
0.084182 0.096555 0.810031 0.203228 0.754351 0.790777 0.109388 0.334406 0.421942 0.872877 0.368790 0.502517
0.142714 0.270726 0.862643 0.304493 0.613932 0.822164 0.054842 0.452429 0.314273 0.814336 0.372328 0.495138
0.191203 0.207004 0.799860 0.230224 0.804846 0.765601 0.066044 0.485716 0.342363 0.856614 0.300661 0.504628
0.126455 0.180945 0.851853 0.186688 0.746176 0.770924 0.094498 0.431143 0.334008 0.794846 0.329901 0.470721
0.165640 0.247051 0.818676 0.251555 0.664086 0.758668 0.081066 0.344529 0.436987 0.827908 0.375374 0.520031
0.157187 0.263575 0.771405 0.251827 0.672256 0.793435 0.088021 0.495016 0.331457 0.798608 0.380655 0.513024
0.058807 0.244139 0.749769 0.176779 0.678415 0.766986 0.060453 0.369746 0.263127 0.810450 0.347461 0.493601
0.157037 0.173244 0.807333 0.196841 0.740749 0.820466 0.103872 0.331038 0.411211 0.821216 0.314848 0.416648
0.187800 0.209973 0.900244 0.179510 0.710867 0.824145 0.088818 0.397319 0.348828 0.859542 0.343213 0.529449
0.138400 0.265356 0.898272 0.052106 0.683171 0.820167 0.101631 0.386690 0.304694 0.813626 0.355610 0.541183
0.172961 0.143098 0.801843 0.190988 0.713105 0.807824 0.107337 0.414525 0.397949 0.763825 0.400486 0.559422
0.169060 0.240990 0.764773 0.194160 0.726493 0.861047 0.182426 0.372724 0.429293 0.845607 0.346504 0.497229
0.178725 0.176458 0.732699 0.111479 0.718716 0.774712 0.155335 0.381829 0.362935 0.818890 0.416204 0.451093
0.092810 0.121218 0.887390 0.087485 0.746501 0.821193 0.051581 0.412503 0.354304 0.854085 0.333812 0.578644
0.191564 0.199813 0.873864 0.144048 0.729278 0.736764 0.086392 0.443369 0.462826 0.723424 0.259791 0.524784
0.096555 0.176822 0.834322 0.209267 0.706013 0.830697 0.042552 0.251294 0.323579 0.841536 0.327284 0.392477
0.181482 0.210508 0.880134 0.186193 0.696174 0.770191 0.064686 0.317847 0.392786 0.914817 0.337394 0.507125
0.084382 0.308532 0.785773 0.155855 0.801577 0.746939 0.129938 0.422948 0.413230 0.916507 0.302467 0.549529
0.177756 0.104583 0.810518 0.149279 0.649492 0.689495 0.005954 0.465420 0.415225 0.861215 0.340297 0.450303
0.195300 0.143268 0.849635 0.196244 0.733032 0.780822 0.120926 0.423742 0.311506 0.802357 0.330381 0.516002
0.178984 0.256467 0.759742 0.160149 0.717472 0.700062 0.103223 0.385538 0.430821 0.851127 0.346948 0.577325
0.142097 0.237399 0.809747 0.098254 0.808896 0.771535 0.046844 0.400830 0.360283 0.816946 0.345392 0.411010
0.003522 0.164842 0.857282 0.170933 0.710157 0.820877 0.150443 0.483610 0.298191 0.817857 0.391324 0.480373
0.178282 0.280084 0.871516 0.187498 0.717645 0.752109 0.078034 0.399527 0.414607 0.927147 0.369964 0.432572
0.216047 0.218240 0.799158 0.088617 0.773624 0.747806 0.136237 0.432863 0.360052 0.773034 0.329015 0.579511
0.110300 0.115590 0.763541 0.251714 0.765382 0.730961 0.015905 0.331225 0.314390 0.872732 0.357478 0.406823
0.194767 0.207079 0.792324 0.279778 0.711436 0.779677 0.083756 0.449660 0.413761 0.730750 0.413514 0.452390
0.133503 0.245770 0.835976 0.186697 0.641468 0.784472 0.076069 0.384901 0.373410 0.789622 0.370672 0.489663
0.111475 0.237926 0.865320 0.209110 0.760729 0.813463 0.079545 0.358425 0.347944 0.800115 0.223111 0.458653
0.145634 0.232233 0.779307 0.232423 0.763117 0.776425 0.015328 0.334826 0.368739 0.744398 0.350435 0.524438
0.181746 0.242933 0.846146 0.173945 0.748797 0.837113 0.112518 0.419039 0.364198 0.745573 0.314560 0.514441
0.117614 0.144658 0.850338 0.210533 0.668868 0.721800 0.067957 0.368832 0.357320 0.761251 0.328685 0.418264
0.221926 0.140423 0.811152 0.158608 0.769767 0.767714 0.084190 0.402352 0.352815 0.754265 0.316713 0.445579
0.229073 0.210791 0.822981 0.101554 0.754810 0.732940 0.074567 0.373751 0.391793 0.847002 0.320930 0.516024
0.074407 0.282513 0.844267 0.204912 0.726319 0.715787 0.124564 0.312826 0.454869 0.828811 0.361314 0.516472
0.148702 0.151669 0.831032 0.177092 0.764681 0.765414 0.028227 0.484651 0.378211 0.781225 0.292264 0.461776
0.208511 0.263881 0.767443 0.202128 0.784000 0.687736 0.143776 0.379953 0.354136 0.723357 0.385687 0.457757
0.162887 0.213199 0.798490 0.178304 0.769434 0.728354 0.104632 0.398344 0.416070 0.847577 0.315901 0.423727
0.124805 0.132590 0.915698 0.211331 0.768553 0.783458 0.116685 0.366544 0.323077 0.905794 0.357985 0.433862
0.083493 0.226539 0.861793 0.180135 0.786797 0.792596 0.123304 0.442875 0.362278 0.765464 0.385143 0.413910
0.161079 0.242147 0.863561 0.167101 0.764904 0.775517 0.028081 0.461323 0.327011 0.870356 0.364156 0.413301
0.170655 0.185043 0.805999 0.195765 0.731447 0.753146 0.186222 0.374169 0.331838 0.818306 0.273099 0.561791
0.225108 0.260316 0.801464 0.269604 0.744006 0.894720 0.094127 0.371556 0.329245 0.788981 0.425310 0.572128
0.116478 0.231050 0.851254 0.234439 0.771695 0.797298 0.124236 0.340990 0.447441 0.807102 0.340722 0.487063
0.213816 0.214132 0.870109 0.143293 0.735687 0.840184 0.128893 0.411354 0.278637 0.789156 0.361029 0.491758
0.151266 0.198465 0.918853 0.248996 0.846512 0.789149 -0.004782 0.468006 0.373336 0.734789 0.420695 0.502068
0.079582 0.189334 0.842885 0.243763 0.629761 0.801794 0.187627 0.393646 0.371495 0.794843 0.368937 0.481872
0.133442 0.173846 0.855649 0.197876 0.747294 0.759775 0.198477 0.371524 0.390526 0.781481 0.358095 0.510680
0.181629 0.235340 0.801564 0.143868 0.703599 0.781937 0.143544 0.381537 0.321069 0.793913 0.342611 0.511619
0.195061 0.231707 0.838408 0.189043 0.671227 0.858044 0.122006 0.341211 0.365113 0.773278 0.254755 0.466230
0.180714 0.190550 0.834519 0.164269 0.723246 0.769829 0.127242 0.337200 0.319222 0.813566 0.240914 0.503313
0.166036 0.205674 0.794747 0.149015 0.776020 0.805977 0.126451 0.376831 0.419347 0.795796 0.369770 0.455640
0.136953 0.317120 0.853481 0.171839 0.668515 0.733670 0.077110 0.363104 0.351887 0.766090 0.333954 0.507597
0.154741 0.144663 0.842222 0.195773 0.773502 0.854594 0.033903 0.398838 0.305467 0.836837 0.282687 0.529670
0.183408 0.174348 0.759736 0.133385 0.753560 0.797995 0.036017 0.351928 0.432276 0.815413 0.376323 0.439296
0.187492 0.197763 0.751764 0.264916 0.654127 0.785966 0.115275 0.480470 0.354413 0.784871 0.299129 0.459137
0.070070 0.185697 0.706941 0.218488 0.847596 0.783239 0.076952 0.381744 0.422270 0.728667 0.324055 0.485642
0.126690 0.181753 0.749544 0.196615 0.738402 0.799240 0.099812 0.393744 0.392068 0.810412 0.382938 0.443941
0.169490 0.235668 0.785623 0.194657 0.741139 0.783489 0.113633 0.414898 0.436821 0.845810 0.256749 0.410154
0.136434 0.166809 0.815222 0.234226 0.695955 0.893901 0.142843 0.435191 0.352362 0.845267 0.290361 0.489079
0.162041 0.256850 0.738844 0.124508 0.767800 0.749071 0.089437 0.399542 0.336993 0.858352 0.178128 0.534692
0.160106 0.218465 0.794601 0.162125 0.767572 0.665725 0.142404 0.387438 0.379195 0.718760 0.311628 0.460345
0.169523 0.206452 0.828112 0.240898 0.611813 0.714475 0.203258 0.488197 0.437260 0.860959 0.302280 0.528752
0.215822 0.163340 0.858488 0.205662 0.784684 0.802384 0.062920 0.407116 0.322769 0.700923 0.352758 0.489424
0.259081 0.206742 0.895755 0.100028 0.670314 0.793025 0.116341 0.363126 0.352181 0.758685 0.335694 0.519832
0.150707 0.278787 0.826512 0.203824 0.753073 0.828689 0.078772 0.348532 0.378481 0.780662 0.413789 0.563296
0.166465 0.204893 0.857651 0.165588 0.789624 0.775049 0.121049 0.520164 0.319450 0.835964 0.346676 0.456619
0.163470 0.165546 0.775543 0.104143 0.753629 0.754617 0.098786 0.394221 0.366864 0.824622 0.372292 0.395309
0.189449 0.258145 0.781046 0.200769 0.734433 0.724808 0.061311 0.509184 0.393023 0.819852 0.316128 0.396695
0.121715 0.289620 0.814123 0.167951 0.740052 0.831015 0.097067 0.408021 0.416391 0.875856 0.325600 0.565300
0.157098 0.236358 0.881607 0.203389 0.766885 0.646209 0.053250 0.553712 0.307782 0.805733 0.357588 0.518251
0.219429 0.308573 0.897349 0.220060 0.748546 0.746094 0.099255 0.466586 0.429533 0.742246 0.300438 0.533368
0.158432 0.255773 0.760546 0.173995 0.710177 0.807426 0.155144 0.389375 0.446623 0.769555 0.321825 0.516932
0.171773 0.140209 0.833726 0.119834 0.768052 0.773029 0.079764 0.405669 0.384106 0.816596 0.330352 0.621543
0.132602 0.223487 0.863008 0.140866 0.708228 0.849140 0.127364 0.447278 0.375634 0.861281 0.316952 0.515380
0.109180 0.254636 0.833947 0.233323 0.700316 0.776104 0.096423 0.377034 0.370814 0.787178 0.288788 0.508800
0.143945 0.226099 0.866394 0.254193 0.761080 0.746557 0.106740 0.465675 0.272815 0.849877 0.349051 0.502981
0.266891 0.174865 0.896676 0.225186 0.714980 0.826077 0.111635 0.443084 0.285481 0.787939 0.325200 0.420919
0.180865 0.194838 0.719438 0.046502 0.686635 0.669566 0.104600 0.386535 0.365614 0.796091 0.358033 0.467446
0.202494 0.188203 0.793937 0.224229 0.749121 0.735399 0.102046 0.473775 0.440106 0.800331 0.344857 0.506567
0.192648 0.249390 0.773861 0.229593 0.728255 0.681290 0.117842 0.435454 0.454365 0.795750 0.417989 0.485496
0.109388 0.249225 0.894792 0.300754 0.840903 0.755358 0.197265 0.440026 0.373429 0.811103 0.347271 0.502268
0.245052 0.176358 0.850588 0.233841 0.711217 0.659577 0.136900 0.406747 0.386492 0.783392 0.346022 0.487746
0.193764 0.289185 0.790083 0.192841 0.806008 0.862774 0.051919 0.421709 0.421935 0.793111 0.380349 0.404709
0.174076 0.185683 0.832728 0.170870 0.750365 0.819497 0.053942 0.442361 0.309356 0.880071 0.364699 0.460883
0.160392 0.230519 0.816501 0.251626 0.655773 0.758732 0.108195 0.374108 0.452202 0.875699 0.320435 0.519361
0.185975 0.207309 0.875242 0.268558 0.716873 0.754119 0.165540 0.375801 0.290301 0.785740 0.335008 0.564748
0.282059 0.180607 0.858157 0.150054 0.720599 0.795472 0.098329 0.460399 0.420281 0.828503 0.359852 0.500398
0.100200 0.167977 0.829440 0.244412 0.717461 0.757861 0.106277 0.376137 0.382378 0.838940 0.257025 0.517848
0.112379 0.226391 0.808837 0.254487 0.703904 0.746285 0.070832 0.479748 0.253876 0.807528 0.240598 0.528333
0.189865 0.330829 0.860622 0.239104 0.717515 0.731584 0.054795 0.254399 0.393271 0.790863 0.272277 0.507035
0.081778 0.302975 0.814417 0.309494 0.733434 0.722308 0.081911 0.430581 0.450352 0.756958 0.339383 0.479502
0.268921 0.244945 0.772485 0.244661 0.661977 0.763492 0.126466 0.419986 0.328436 0.801072 0.362390 0.507298
0.152709 0.197182 0.805388 0.224606 0.707715 0.872646 0.112748 0.505692 0.285858 0.760037 0.407870 0.454653
0.205070 0.265683 0.855443 0.231636 0.704175 0.761620 0.043679 0.405227 0.320047 0.773030 0.312296 0.575745
0.209403 0.148752 0.833201 0.169295 0.746708 0.809867 0.000416 0.415368 0.431964 0.869600 0.371025 0.495421
0.152212 0.207695 0.843519 0.200908 0.721511 0.838434 0.007844 0.377553 0.388742 0.790038 0.345292 0.316391
0.169669 0.209359 0.955615 0.199571 0.833615 0.736754 0.171919 0.461566 0.298073 0.741616 0.364696 0.525304
0.192924 0.321273 0.830118 0.233203 0.699356 0.742925 0.092431 0.378199 0.344425 0.747551 0.370694 0.487136
0.131947 0.295394 0.782470 0.189100 0.729513 0.735576 0.058627 0.379299 0.301929 0.831930 0.323341 0.487179
0.117084 0.245786 0.829127 0.162128 0.769075 0.845010 0.128532 0.381563 0.317833 0.823692 0.329889 0.445995
0.249791 0.214172 0.865848 0.167678 0.727901 0.747334 0.080863 0.440188 0.383642 0.788418 0.367597 0.466871
0.189023 0.241768 0.768185 0.223758 0.747794 0.768291 0.036471 0.431516 0.332043 0.831663 0.279357 0.466868
0.138705 0.205873 0.772726 0.207201 0.776844 0.729853 0.006829 0.485974 0.390994 0.790496 0.306715 0.530995
0.185820 0.266210 0.804884 0.153181 0.689726 0.790826 0.109174 0.393475 0.245826 0.712988 0.310485 0.507314
0.132289 0.153975 0.877421 0.194498 0.651654 0.691878 0.110821 0.435866 0.377964 0.743138 0.375191 0.579541
0.131593 0.146436 0.779680 0.210752 0.664224 0.729272 0.154258 0.366681 0.346930 0.883815 0.308965 0.482190
0.143697 0.265498 0.901446 0.304696 0.648150 0.867461 0.171513 0.496114 0.362204 0.840480 0.228192 0.538061
0.192045 0.198773 0.841409 0.131627 0.755414 0.806847 0.150592 0.507806 0.373631 0.741887 0.330753 0.397389
0.269660 0.186946 0.732648 0.095317 0.733865 0.768207 0.043066 0.429112 0.276377 0.814901 0.342270 0.445941
0.284143 0.200577 0.790619 0.210220 0.765736 0.766265 0.174979 0.422135 0.385935 0.831995 0.311972 0.466957
0.098999 0.189064 0.804247 0.209000 0.684798 0.733337 0.114151 0.320810 0.425184 0.739409 0.375560 0.462560
0.144545 0.150462 0.726811 0.205636 0.720857 0.815448 0.116261 0.402907 0.496925 0.829753 0.298160 0.534311
0.179335 0.178995 0.840868 0.073220 0.696346 0.847241 0.067614 0.393253 0.386690 0.778732 0.416596 0.418507
0.153111 0.254604 0.821747 0.151310 0.746388 0.794549 0.063078 0.369072 0.318046 0.779600 0.412290 0.457948
0.103723 0.099337 0.883614 0.141318 0.785721 0.828978 0.068216 0.358014 0.379933 0.868472 0.276854 0.427333
0.184047 0.163192 0.854264 0.170428 0.700586 0.778949 0.132925 0.452454 0.392253 0.694416 0.308613 0.539856
0.187566 0.160555 0.806720 0.295238 0.716591 0.730451 0.155287 0.302546 0.298052 0.855478 0.377285 0.545025
0.117321 0.291533 0.901103 0.128087 0.672485 0.750518 0.068950 0.357516 0.373401 0.852951 0.255622 0.524337
0.229731 0.163583 0.773970 0.131411 0.753761 0.729318 0.092748 0.392615 0.279391 0.797197 0.347843 0.514299
0.159692 0.330320 0.838924 0.232542 0.746126 0.818303 0.167181 0.468050 0.387986 0.789173 0.358679 0.472533
0.116524 0.160550 0.808448 0.123755 0.757859 0.719774 0.127895 0.376287 0.372401 0.770795 0.329168 0.521821
0.143416 0.288335 0.858058 0.157097 0.801502 0.785976 0.158376 0.442146 0.332275 0.781204 0.237703 0.502960
0.080668 0.237752 0.786776 0.172094 0.645577 0.849804 0.073812 0.482504 0.465165 0.701186 0.348458 0.481318
0.236504 0.169537 0.890934 0.214258 0.643515 0.671694 0.141374 0.407006 0.447801 0.855707 0.291969 0.485545
0.205079 0.214577 0.891697 0.236234 0.733350 0.662661 0.108599 0.499519 0.251910 0.740539 0.324173 0.458767
0.110512 0.193606 0.829654 0.256425 0.756397 0.863909 0.161967 0.411704 0.405769 0.763781 0.337515 0.497198
0.172508 0.277645 0.811365 0.206969 0.734038 0.776419 0.102306 0.329522 0.346260 0.754410 0.284372 0.644384
0.183017 0.233314 0.839188 0.155054 0.714800 0.759894 0.116406 0.409587 0.402469 0.759189 0.334307 0.506139
0.196923 0.124448 0.844174 0.266440 0.757590 0.799911 -0.007673 0.417267 0.377013 0.795905 0.353024 0.540230
0.166603 0.185622 0.905321 0.116534 0.698638 0.687561 0.091714 0.427216 0.407554 0.815560 0.263862 0.534323
0.167156 0.201382 0.869674 0.203822 0.669813 0.726222 0.096010 0.342141 0.331119 0.783318 0.267166 0.439441
0.189323 0.254151 0.841171 0.167480 0.759637 0.760505 0.040236 0.351247 0.437617 0.775103 0.398242 0.569504
0.147289 0.260225 0.742812 0.165769 0.754302 0.700082 0.161847 0.520205 0.399651 0.830489 0.326008 0.463132
0.219760 0.275443 0.903715 0.289196 0.742710 0.696511 0.136659 0.292138 0.321631 0.762084 0.350556 0.564162
0.265278 0.167219 0.803343 0.199027 0.612522 0.768655 0.077932 0.437181 0.347095 0.912995 0.327239 0.535642
0.226433 0.181340 0.803898 0.206646 0.651363 0.831553 0.091623 0.376762 0.353788 0.827423 0.308158 0.522734
0.203959 0.179176 0.802212 0.180492 0.765745 0.782452 0.109013 0.461248 0.355076 0.819489 0.400430 0.515755
0.171519 0.151866 0.773880 0.217461 0.756169 0.779653 0.060264 0.361805 0.371102 0.847627 0.326076 0.505228
0.213792 0.222844 0.768386 0.182690 0.746286 0.722145 0.063650 0.455676 0.500986 0.870277 0.400801 0.545568
0.191970 0.256530 0.861325 0.164030 0.706148 0.685935 0.042844 0.483652 0.282929 0.722302 0.308438 0.517907
0.191838 0.212790 0.839601 0.223952 0.757040 0.741368 0.022508 0.403140 0.412932 0.768983 0.386288 0.503205
0.149617 0.133197 0.801494 0.320009 0.735028 0.882441 0.100146 0.352848 0.316500 0.715734 0.360505 0.533074
0.238752 0.188692 0.786782 0.147928 0.665711 0.781311 -0.024695 0.389999 0.421448 0.909400 0.421618 0.451189
0.249336 0.206145 0.871921 0.218434 0.846402 0.736099 0.062953 0.444210 0.214740 0.774975 0.344863 0.542484
0.188806 0.254095 0.727815 0.213720 0.715059 0.812597 0.075883 0.386754 0.326029 0.843348 0.256860 0.497319
0.171280 0.208861 0.776301 0.219704 0.673550 0.780653 0.213668 0.419748 0.381862 0.773834 0.402799 0.479117
0.181281 0.257547 0.770396 0.149376 0.745120 0.745619 0.050644 0.475860 0.467246 0.821599 0.353821 0.477371
0.124271 0.193120 0.865083 0.164085 0.588296 0.842670 0.121964 0.352024 0.377461 0.793308 0.370812 0.594973
0.075540 0.261497 0.776953 0.233626 0.734462 0.751530 0.147583 0.413010 0.384796 0.835445 0.396722 0.525100
0.160873 0.243616 0.749119 0.182381 0.765601 0.830196 0.074221 0.394100 0.393390 0.842945 0.336455 0.520424
0.161197 0.147962 0.771817 0.189342 0.796817 0.785029 0.126240 0.440840 0.382966 0.867071 0.316815 0.529169
0.215006 0.218674 0.823274 0.254613 0.744147 0.692648 0.099742 0.357820 0.388169 0.824797 0.369213 0.454893
0.161601 0.317639 0.762839 0.139016 0.724263 0.737223 0.049448 0.418077 0.398373 0.810937 0.305812 0.548146
0.214953 0.358233 0.833364 0.238276 0.690478 0.621589 0.089839 0.344507 0.345759 0.782892 0.325789 0.553303
0.166849 0.271923 0.807689 0.239219 0.771596 0.736908 0.134710 0.386855 0.364589 0.767949 0.277097 0.463822
0.177512 0.303310 0.842534 0.227509 0.648329 0.747014 0.079839 0.403486 0.379778 0.797749 0.311711 0.463660
0.102860 0.175444 0.801213 0.192846 0.740439 0.713926 0.053494 0.385519 0.381984 0.823198 0.325033 0.531327
0.085362 0.221602 0.906535 0.146088 0.749363 0.849245 0.195524 0.379765 0.314313 0.808345 0.333505 0.487606
0.227936 0.254743 0.799298 0.274466 0.723348 0.792842 0.036740 0.351722 0.345862 0.788519 0.376719 0.492738
0.232538 0.181243 0.772990 0.135050 0.750695 0.774754 0.156032 0.350478 0.359742 0.799164 0.367737 0.506551
0.259371 0.249659 0.835874 0.243748 0.635491 0.789288 0.130542 0.469884 0.381717 0.847305 0.344986 0.420833
0.177642 0.353694 0.816180 0.191358 0.640268 0.749642 0.102085 0.295750 0.501971 0.903932 0.406978 0.479656
0.135573 0.246097 0.799074 0.092145 0.727883 0.741949 0.172691 0.355033 0.383633 0.851543 0.302690 0.437545
0.164126 0.212392 0.770654 0.276985 0.702371 0.719762 0.135102 0.400821 0.437312 0.879836 0.285232 0.515734
0.208234 0.248161 0.812165 0.187424 0.706653 0.792624 0.080442 0.416527 0.295377 0.902999 0.323258 0.476862
0.164528 0.249536 0.798454 0.126887 0.746544 0.855984 0.179177 0.360394 0.391550 0.745190 0.376131 0.584054
0.202083 0.166809 0.878202 0.119143 0.699037 0.812091 0.151257 0.425453 0.344871 0.773339 0.293028 0.541015
0.211589 0.319861 0.751386 0.161051 0.758383 0.695006 0.132165 0.400956 0.361516 0.835195 0.342317 0.412262
0.237103 0.252079 0.844831 0.130072 0.828447 0.725139 0.026215 0.347914 0.363061 0.696245 0.291698 0.509666
0.121789 0.224855 0.856094 0.182616 0.773072 0.804819 0.017663 0.321446 0.376791 0.804053 0.236885 0.537668
0.197162 0.214592 0.739511 0.185837 0.717551 0.814096 0.002320 0.428517 0.386532 0.792057 0.296007 0.483437
0.050455 0.252151 0.856288 0.133828 0.766391 0.778908 0.098323 0.432573 0.348138 0.797484 0.382849 0.542369
0.201234 0.199331 0.821790 0.236251 0.723296 0.777024 0.180942 0.383975 0.334855 0.817075 0.302297 0.482645
0.124689 0.232020 0.750846 0.255692 0.712314 0.824132 0.126809 0.457778 0.306045 0.901024 0.427331 0.595100
0.219958 0.145795 0.797332 0.240514 0.686243 0.803395 0.181327 0.392089 0.349107 0.788992 0.356633 0.474773
0.179296 0.169269 0.824613 0.190449 0.659935 0.801934 0.138193 0.302040 0.419258 0.758801 0.250754 0.525124
0.214753 0.275393 0.744530 0.219561 0.735139 0.754573 0.072550 0.357404 0.334129 0.861357 0.286908 0.452567
0.122353 0.193466 0.877965 0.120586 0.758473 0.712397 0.011211 0.366052 0.360611 0.732699 0.302685 0.513721
0.145356 0.226485 0.819539 0.135744 0.675367 0.798322 0.135813 0.437754 0.313886 0.761799 0.309966 0.624932
0.106008 0.183090 0.761770 0.229351 0.736207 0.817123 0.024659 0.476943 0.337621 0.862386 0.372832 0.521827
0.188795 0.263070 0.834113 0.210835 0.758346 0.731651 0.094019 0.388571 0.387629 0.778635 0.354597 0.547672
0.138195 0.290934 0.808141 0.152096 0.730515 0.689134 0.111051 0.338380 0.428777 0.783253 0.370808 0.468074
0.188719 0.172340 0.834800 0.248599 0.705433 0.731832 -0.015814 0.393868 0.447362 0.836505 0.254999 0.548866
0.133887 0.166132 0.816683 0.236866 0.757601 0.816199 0.034484 0.478827 0.402891 0.831380 0.354049 0.564353
0.167958 0.221791 0.898113 0.147805 0.716914 0.684124 -0.027916 0.332828 0.427938 0.785201 0.308240 0.526258
0.278008 0.262661 0.923096 0.172968 0.786445 0.743868 0.046922 0.420308 0.408904 0.863649 0.332332 0.511106
0.189653 0.298451 0.850941 0.301434 0.793946 0.784379 0.032510 0.406789 0.449476 0.840534 0.336945 0.527770
0.034795 0.203625 0.789419 0.189873 0.751352 0.884589 0.099827 0.373610 0.395749 0.842309 0.328700 0.479866
0.130511 0.221912 0.853398 0.255343 0.732417 0.877055 0.108281 0.330014 0.354590 0.774961 0.352079 0.521423
0.201060 0.182465 0.842697 0.261610 0.752883 0.784004 0.018354 0.320715 0.284699 0.878010 0.344928 0.495519
0.133573 0.149754 0.835644 0.159445 0.800105 0.757060 0.178577 0.457574 0.307512 0.821209 0.332300 0.498374
0.176556 0.167855 0.875995 0.288116 0.756982 0.695330 0.132734 0.402931 0.383964 0.736551 0.334034 0.542593
0.169554 0.200373 0.789900 0.318728 0.730535 0.733422 0.152643 0.362205 0.354931 0.820992 0.399095 0.469284
0.222627 0.215797 0.888732 0.236382 0.723448 0.734094 0.136839 0.402474 0.418824 0.792100 0.271483 0.529071
0.124331 0.254108 0.806508 0.167865 0.789858 0.839073 0.106055 0.398168 0.372784 0.854940 0.316609 0.419877
0.116034 0.217235 0.806994 0.239274 0.735502 0.863186 0.008646 0.470986 0.403982 0.840381 0.338105 0.418364
0.137095 0.211110 0.806668 0.262892 0.620126 0.881793 0.119011 0.345237 0.350464 0.720194 0.316544 0.407875
0.139014 0.288067 0.798235 0.160175 0.652877 0.839096 0.139582 0.431592 0.435607 0.850983 0.392694 0.513146
0.138099 0.294083 0.871164 0.204644 0.651390 0.808743 0.147266 0.395519 0.350867 0.802579 0.341865 0.530095
0.213609 0.262621 0.890269 0.151371 0.708348 0.751530 0.170085 0.423643 0.372934 0.818101 0.279326 0.419476
0.186950 0.267772 0.726968 0.258029 0.683420 0.798422 0.153181 0.395389 0.374647 0.889217 0.359182 0.478686
0.176068 0.162145 0.820034 0.217257 0.716318 0.809029 0.024453 0.377580 0.351829 0.864982 0.279862 0.531257
0.205155 0.189895 0.821930 0.222306 0.755628 0.717984 0.092440 0.363256 0.305430 0.905268 0.310690 0.438857
0.173526 0.165636 0.867651 0.268440 0.788709 0.823621 0.060005 0.467022 0.451171 0.846407 0.340598 0.491383
0.139446 0.220275 0.805910 0.225354 0.696000 0.689714 0.032551 0.401461 0.385823 0.824380 0.323966 0.510477
0.128537 0.204707 0.779501 0.107275 0.716868 0.694718 0.038990 0.433010 0.421908 0.835504 0.284234 0.482217
0.228285 0.218581 0.840364 0.230576 0.667143 0.765139 0.071811 0.465769 0.267677 0.844647 0.374512 0.507739
0.150870 0.237495 0.831173 0.213174 0.817085 0.704415 0.110583 0.372072 0.329084 0.795053 0.302546 0.462367
0.184998 0.159821 0.841808 0.138227 0.828159 0.711077 0.073284 0.438385 0.326918 0.762353 0.416758 0.441078
0.201488 0.134398 0.840314 0.196969 0.717349 0.752392 0.090116 0.391187 0.349342 0.851447 0.446290 0.534550
0.203026 0.203962 0.756988 0.192027 0.779592 0.716768 0.102909 0.386682 0.348718 0.759107 0.345513 0.549270
0.207359 0.199209 0.861721 0.260741 0.718556 0.708190 0.098435 0.314432 0.403590 0.822044 0.376986 0.509001
0.160729 0.213513 0.777505 0.198903 0.720606 0.791420 0.085682 0.417222 0.403804 0.746190 0.422900 0.481866
0.241108 0.181548 0.823772 0.271136 0.659791 0.737938 0.036218 0.375346 0.373261 0.790448 0.302269 0.498538
0.203719 0.189961 0.921334 0.174536 0.709557 0.772853 0.062745 0.404790 0.396413 0.747717 0.391507 0.505635
0.130577 0.286050 0.830079 0.237551 0.657305 0.672230 0.155236 0.460530 0.334121 0.712492 0.326252 0.508113
0.091368 0.312335 0.858802 0.264708 0.698431 0.746184 0.089751 0.350229 0.451236 0.782385 0.327253 0.456790
0.159764 0.258938 0.844811 0.188941 0.771902 0.876139 0.157677 0.464813 0.357478 0.834351 0.388190 0.480950
0.137941 0.226692 0.881789 0.156339 0.736698 0.742133 0.011545 0.367274 0.443239 0.884240 0.252551 0.409677
0.122819 0.229357 0.771412 0.155326 0.787994 0.820305 0.059166 0.406831 0.421411 0.824922 0.297413 0.521729
0.222557 0.164108 0.803720 0.290817 0.712788 0.753176 0.048474 0.427489 0.398127 0.772680 0.334232 0.318581
0.111259 0.220188 0.842096 0.166155 0.674211 0.844501 0.079658 0.454418 0.244600 0.841470 0.356227 0.525900
0.246672 0.201654 0.851504 0.198092 0.695751 0.734252 0.042999 0.501383 0.369229 0.766805 0.357727 0.452430
0.167802 0.231012 0.783450 0.189403 0.718239 0.741301 0.117315 0.369138 0.361821 0.834353 0.340112 0.524147
0.253753 0.286896 0.742892 0.184613 0.729696 0.715687 0.086366 0.429926 0.347067 0.796016 0.316945 0.492251
0.148679 0.179761 0.761483 0.236787 0.615861 0.792938 0.090561 0.360956 0.430301 0.756768 0.286737 0.519221
0.085067 0.233996 0.786020 0.334602 0.709578 0.832982 0.111039 0.388940 0.340761 0.816073 0.260595 0.437191
0.092892 0.263160 0.889142 0.137255 0.754732 0.752208 0.005958 0.439095 0.374892 0.787900 0.283352 0.556898
0.169897 0.198293 0.856394 0.245775 0.799472 0.792424 0.086529 0.396760 0.396871 0.835317 0.309634 0.493938
0.214669 0.133396 0.735607 0.201170 0.715863 0.765617 0.161733 0.438146 0.393628 0.826460 0.306419 0.477295
0.203065 0.208945 0.832715 0.124603 0.715931 0.842318 0.074997 0.367605 0.321590 0.761805 0.391952 0.374335
0.132159 0.173742 0.855249 0.331838 0.819861 0.778639 0.084066 0.458928 0.306448 0.844646 0.304526 0.434055
0.208478 0.212159 0.874669 0.203441 0.632415 0.802917 0.133749 0.381779 0.335515 0.719544 0.318545 0.456056
0.154519 0.203153 0.743395 0.083250 0.791244 0.817537 0.055560 0.362870 0.351081 0.772868 0.256000 0.524037
0.195506 0.151281 0.780154 0.130366 0.675559 0.791508 0.121781 0.422574 0.438780 0.772180 0.324241 0.458258
0.179694 0.279121 0.797713 0.214570 0.711281 0.784385 0.100197 0.477161 0.316553 0.771141 0.302257 0.506266
0.121149 0.213418 0.834927 0.217418 0.666658 0.763840 0.072647 0.423432 0.403564 0.812104 0.399964 0.516071
0.143447 0.170911 0.721869 0.149654 0.745481 0.658568 0.093701 0.353656 0.352146 0.832610 0.267222 0.491556
0.174704 0.224411 0.845650 0.172389 0.716422 0.856658 0.082739 0.448765 0.276400 0.819164 0.439157 0.446216
0.087489 0.206910 0.821578 0.226931 0.724238 0.752597 0.090386 0.453493 0.308862 0.807149 0.366803 0.385001
0.154322 0.290093 0.854565 0.196592 0.807672 0.760311 0.134237 0.371936 0.325034 0.843451 0.296447 0.504469
0.140758 0.163691 0.763419 0.243454 0.773230 0.728178 0.092012 0.433193 0.305494 0.780971 0.294287 0.502924
0.219480 0.130182 0.925769 0.207053 0.751773 0.702668 0.059028 0.444564 0.377466 0.789158 0.400768 0.511300
0.132418 0.241422 0.774712 0.169900 0.736166 0.710561 0.025924 0.381500 0.377929 0.810917 0.376816 0.473473
0.249241 0.251287 0.787594 0.254640 0.731047 0.759407 0.098506 0.325762 0.305482 0.838539 0.260023 0.535912
0.200850 0.244415 0.861121 0.107401 0.797055 0.821508 0.190020 0.367048 0.317475 0.906284 0.358291 0.489930
0.207443 0.180654 0.778838 0.203804 0.675139 0.798073 0.147658 0.425222 0.325942 0.884335 0.345357 0.480592
0.136679 0.204186 0.771300 0.237101 0.671116 0.788899 0.066051 0.383112 0.362309 0.895204 0.242412 0.544789
0.169228 0.069073 0.848033 0.164074 0.732899 0.750533 0.123878 0.413816 0.410279 0.779023 0.334089 0.412625
0.120337 0.211413 0.871176 0.195077 0.687859 0.816086 0.077318 0.466953 0.398587 0.813636 0.362209 0.473699
0.160805 0.148034 0.787312 0.202329 0.752088 0.766761 -0.005044 0.356547 0.329073 0.864753 0.243816 0.503436
0.110132 0.248282 0.785003 0.189647 0.712955 0.768449 0.113348 0.404261 0.335859 0.794731 0.335614 0.519359
0.169245 0.198091 0.804427 0.143154 0.665018 0.781346 0.187725 0.314669 0.302695 0.860068 0.261511 0.489686
0.151879 0.194997 0.827102 0.159608 0.799782 0.744999 0.097971 0.334243 0.354635 0.894509 0.295456 0.482745
0.211669 0.223417 0.856631 0.137521 0.729996 0.746952 0.089229 0.435372 0.283435 0.894130 0.229121 0.518122
0.106007 0.319721 0.875319 0.139459 0.683240 0.740180 0.160728 0.423841 0.440707 0.707597 0.239896 0.490402
0.142936 0.146746 0.772778 0.264526 0.672930 0.841193 0.054351 0.375543 0.348214 0.878864 0.364661 0.414209
0.143405 0.248252 0.728680 0.249452 0.675713 0.722887 0.091236 0.366598 0.320500 0.881803 0.281289 0.649106
0.083177 0.198059 0.820183 0.125731 0.758742 0.654338 0.102656 0.396687 0.392948 0.763045 0.331187 0.441611
0.165764 0.157085 0.807008 0.175831 0.739338 0.825229 0.091482 0.368585 0.351726 0.829570 0.305784 0.463902
0.204151 0.222844 0.773427 0.213667 0.754622 0.734056 0.091649 0.415416 0.451474 0.776804 0.304539 0.450233
0.144273 0.236703 0.846032 0.232285 0.793623 0.815000 0.089014 0.463101 0.378334 0.819512 0.353378 0.428096
0.141024 0.211241 0.858895 0.070852 0.591603 0.812627 0.052919 0.299407 0.394324 0.843748 0.281041 0.500150
0.175324 0.290580 0.818518 0.181579 0.767792 0.697502 0.041447 0.322237 0.332082 0.783951 0.334189 0.537684
0.167198 0.169145 0.824400 0.205983 0.630703 0.774867 0.139709 0.455727 0.338262 0.850557 0.355581 0.447533
0.137298 0.180939 0.771353 0.253882 0.792743 0.781699 0.076559 0.353973 0.300992 0.731419 0.327316 0.507631
0.154183 0.215234 0.935273 0.195127 0.655994 0.765734 0.127784 0.395584 0.347190 0.816353 0.365919 0.523677
0.172595 0.246543 0.787103 0.211645 0.692168 0.853939 0.055537 0.418619 0.437520 0.839250 0.337879 0.434739
0.196759 0.246651 0.891927 0.173396 0.795858 0.831886 0.106323 0.439568 0.369333 0.810966 0.300088 0.484727
0.148922 0.258974 0.873292 0.150024 0.774003 0.879082 0.089624 0.352379 0.348065 0.753369 0.373620 0.545638
0.182005 0.217488 0.840970 0.188560 0.767233 0.700633 0.126352 0.470110 0.331134 0.817733 0.229736 0.494967
0.236142 0.250463 0.899130 0.200140 0.743853 0.772994 0.179138 0.421996 0.310343 0.836634 0.317278 0.494650
0.165696 0.190567 0.861159 0.141042 0.628931 0.682885 0.133606 0.453052 0.270968 0.764887 0.321186 0.512121
0.201004 0.260578 0.819439 0.281785 0.716842 0.825879 0.140317 0.377353 0.381602 0.907489 0.370435 0.503717
0.238511 0.173635 0.832605 0.185631 0.784679 0.733109 0.131571 0.433957 0.383845 0.732267 0.308868 0.585058
0.188723 0.174209 0.816837 0.215102 0.708521 0.843013 0.076213 0.349220 0.403459 0.809904 0.370870 0.450888
0.149178 0.228603 0.719360 0.216378 0.705646 0.740675 0.105738 0.407840 0.342774 0.862406 0.356608 0.484879
0.208340 0.217286 0.822323 0.191895 0.735337 0.690080 0.157631 0.416170 0.292543 0.808869 0.420713 0.492571
0.084348 0.252022 0.705496 0.265234 0.781072 0.790497 0.146527 0.385265 0.300503 0.848299 0.412444 0.516137
0.207135 0.154617 0.817416 0.134439 0.742716 0.849892 0.126387 0.356801 0.360447 0.797834 0.341578 0.457827
0.188558 0.213871 0.731778 0.249147 0.661858 0.790728 0.183529 0.366958 0.365361 0.805330 0.261005 0.435154
0.217599 0.260573 0.800326 0.195557 0.725651 0.839337 0.014197 0.509004 0.350628 0.798548 0.360025 0.511108
0.159203 0.245530 0.831644 0.229070 0.771237 0.709507 0.051173 0.381401 0.349627 0.797660 0.324258 0.562556
0.216083 0.214423 0.797446 0.276496 0.598646 0.837495 0.166284 0.452793 0.471387 0.759426 0.355468 0.543503
0.168897 0.221847 0.805961 0.138270 0.751816 0.767478 0.081460 0.421223 0.432542 0.869044 0.369357 0.491489
0.199782 0.256837 0.759822 0.181497 0.703658 0.740726 0.072054 0.390934 0.422907 0.733014 0.326369 0.548978
0.162982 0.217207 0.738161 0.217137 0.785192 0.787965 0.127554 0.401785 0.388990 0.805452 0.300557 0.493200
0.128035 0.215602 0.889815 0.197500 0.801432 0.757091 0.138501 0.397402 0.372657 0.812516 0.332658 0.512836
0.284413 0.271809 0.803255 0.178216 0.707852 0.775942 0.098579 0.449263 0.351412 0.718199 0.282500 0.533514
0.244908 0.239154 0.807363 0.154569 0.755357 0.662549 0.147247 0.444368 0.402750 0.821287 0.339742 0.515427
0.170520 0.209487 0.740953 0.172849 0.744228 0.807889 0.172522 0.475142 0.354102 0.774347 0.306786 0.480189
0.124648 0.272800 0.879571 0.231174 0.824902 0.700087 0.126950 0.454041 0.365748 0.751041 0.419139 0.475213
0.268915 0.248896 0.842666 0.174424 0.718072 0.766912 0.149645 0.441036 0.463698 0.833037 0.323845 0.480762
0.118922 0.217666 0.780620 0.165935 0.713599 0.811655 0.059326 0.293221 0.326348 0.729282 0.406304 0.500507
0.123868 0.246466 0.904844 0.255476 0.744658 0.703637 0.165468 0.485821 0.409608 0.812565 0.411572 0.539286
0.200873 0.237603 0.747621 0.238759 0.661136 0.793461 0.140530 0.380862 0.356161 0.938028 0.376421 0.536062
0.228545 0.273825 0.848212 0.180659 0.724129 0.708255 0.076550 0.354853 0.300383 0.795517 0.230769 0.468315
0.184394 0.183796 0.804873 0.114230 0.623089 0.801842 0.062790 0.342155 0.397190 0.854335 0.307640 0.449516
0.149661 0.268583 0.867296 0.149107 0.724258 0.792983 0.069221 0.360011 0.314058 0.802981 0.271274 0.545851
0.134059 0.177831 0.785122 0.208939 0.763675 0.752372 0.108799 0.377531 0.394944 0.879479 0.324862 0.486696
0.189117 0.191815 0.829401 0.279296 0.664435 0.790165 0.131500 0.449456 0.440218 0.871210 0.439671 0.457807
0.207515 0.286848 0.823833 0.247005 0.781198 0.792118 0.092339 0.426229 0.304678 0.795176 0.347368 0.477562
0.199540 0.196954 0.772533 0.186491 0.854247 0.802266 0.052538 0.426625 0.352929 0.728704 0.412618 0.444366
0.153334 0.234849 0.847164 0.219387 0.745186 0.797778 0.033036 0.462203 0.340463 0.868069 0.394522 0.470618
0.118596 0.215426 0.769475 0.151809 0.800064 0.788781 0.022438 0.335155 0.314222 0.787671 0.321301 0.450277
0.132609 0.193791 0.835288 0.218572 0.815447 0.783396 0.072422 0.447674 0.394770 0.774341 0.256054 0.480573
0.181933 0.220778 0.867486 0.203189 0.742086 0.725396 0.088784 0.427144 0.472708 0.842528 0.449011 0.453251
0.190634 0.215536 0.838391 0.191451 0.718359 0.669619 0.095060 0.414891 0.332199 0.834015 0.297809 0.499117
0.219648 0.196052 0.747422 0.244261 0.730728 0.738930 0.051097 0.464840 0.375962 0.834125 0.294403 0.452184
0.175323 0.185401 0.831268 0.168357 0.766415 0.800654 0.056729 0.399239 0.364482 0.782557 0.326631 0.547217
0.169437 0.180551 0.780445 0.110787 0.654892 0.754080 0.129878 0.419513 0.346560 0.812320 0.282199 0.415157
0.117598 0.172206 0.779018 0.238402 0.680083 0.841735 0.137492 0.475948 0.375270 0.757398 0.280863 0.392487
0.171926 0.210887 0.840428 0.136793 0.699785 0.705262 0.082012 0.390135 0.361204 0.842622 0.264736 0.488036
0.144343 0.232152 0.893607 0.166502 0.759156 0.785047 0.087656 0.416625 0.338992 0.825900 0.371127 0.513847
0.227715 0.167575 0.853079 0.213442 0.744562 0.734909 0.119980 0.357386 0.330810 0.896031 0.333067 0.500316
0.198733 0.187136 0.857884 0.208710 0.786700 0.768003 0.146947 0.446726 0.384731 0.857854 0.318935 0.521105
0.143772 0.244078 0.773135 0.162106 0.804398 0.770512 0.175138 0.476997 0.415532 0.759303 0.367555 0.477781
0.100601 0.216448 0.784012 0.158609 0.671100 0.759055 0.104753 0.382919 0.261188 0.838789 0.373747 0.461373
0.177186 0.270634 0.816651 0.226085 0.677796 0.767963 0.021101 0.397431 0.433975 0.863895 0.340889 0.407986
0.228171 0.178961 0.828933 0.181548 0.697852 0.784595 0.120524 0.403291 0.477387 0.718312 0.353794 0.478727
0.103860 0.236232 0.806000 0.136190 0.736143 0.786915 0.180767 0.390941 0.426013 0.825163 0.391954 0.465873
0.166006 0.166380 0.863565 0.132620 0.698078 0.720067 0.101984 0.477647 0.415980 0.810786 0.308176 0.489640
0.158554 0.094857 0.828474 0.199437 0.817334 0.759494 0.028882 0.408724 0.360863 0.902848 0.379509 0.532927
0.157079 0.176858 0.768474 0.195295 0.686676 0.822558 0.036538 0.396842 0.371630 0.848779 0.331618 0.544083
0.117030 0.226641 0.817489 0.212961 0.653840 0.729446 0.065383 0.367239 0.287050 0.834610 0.299951 0.439558
0.097072 0.287489 0.804114 0.253881 0.731250 0.767182 0.018618 0.388381 0.246242 0.857136 0.358870 0.446206
0.260788 0.202286 0.877994 0.177074 0.742986 0.782123 0.125345 0.364343 0.410297 0.872066 0.266179 0.578913
0.129304 0.201829 0.809669 0.164854 0.775751 0.708505 0.066545 0.382583 0.282366 0.811676 0.330451 0.586001
0.068382 0.228711 0.785585 0.152610 0.761196 0.759680 0.038261 0.385752 0.386344 0.755771 0.239617 0.494142
0.036103 0.277001 0.837444 0.198986 0.674625 0.804369 0.067670 0.437864 0.402426 0.846284 0.361613 0.545244
0.169143 0.086561 0.848835 0.237841 0.728383 0.673056 0.116683 0.414948 0.321716 0.813811 0.299173 0.536467
0.213893 0.174987 0.842881 0.171023 0.762092 0.758787 0.118923 0.352492 0.332072 0.817893 0.316756 0.532789
0.138949 0.196381 0.832607 0.130040 0.741651 0.765016 0.145204 0.348602 0.317451 0.918299 0.302844 0.478241
0.138709 0.206263 0.774473 0.213799 0.714708 0.790944 0.120816 0.372988 0.447855 0.682613 0.388708 0.471755
0.176315 0.238110 0.876587 0.189603 0.693556 0.763200 0.093484 0.384261 0.370027 0.806478 0.330696 0.543355
0.241291 0.184521 0.866828 0.106802 0.772588 0.775653 0.056205 0.456752 0.376517 0.862339 0.346331 0.428082
0.121335 0.243480 0.775634 0.237182 0.725383 0.739475 0.136853 0.448063 0.383473 0.817883 0.342093 0.486103
0.162812 0.260966 0.831759 0.117620 0.702891 0.783890 0.037161 0.414342 0.318465 0.821164 0.375278 0.497217
0.203650 0.180823 0.745292 0.197438 0.668631 0.825384 0.119368 0.397784 0.298591 0.878012 0.354347 0.554918
0.135574 0.240032 0.818187 0.169111 0.694878 0.673295 0.135765 0.379909 0.356507 0.845381 0.318737 0.552515
0.309797 0.287132 0.843508 0.140289 0.671702 0.770928 0.094639 0.295980 0.271457 0.860574 0.364968 0.526264
0.194474 0.202412 0.792351 0.158435 0.685448 0.719382 0.114960 0.439320 0.424539 0.875947 0.244196 0.502857
0.221885 0.195816 0.918367 0.202466 0.762599 0.793690 0.127448 0.502586 0.351769 0.794644 0.395360 0.500475
0.254966 0.250519 0.782523 0.234559 0.798717 0.796271 0.104781 0.420379 0.371147 0.790635 0.358518 0.491714
0.104829 0.208408 0.784852 0.143855 0.744450 0.693297 0.035038 0.389538 0.374591 0.794870 0.373809 0.554070
0.083303 0.202008 0.772977 0.181235 0.700145 0.760780 0.045003 0.359006 0.354739 0.758400 0.311721 0.545937
0.150595 0.224282 0.848646 0.230514 0.783964 0.798192 0.183624 0.365302 0.386720 0.804548 0.282020 0.465884
0.159027 0.182875 0.893391 0.214356 0.685245 0.696163 0.152013 0.440976 0.346045 0.786722 0.332604 0.584748
0.168938 0.205347 0.750414 0.200762 0.722855 0.816481 0.108199 0.371197 0.342199 0.765421 0.348637 0.478694
0.125172 0.092817 0.949171 0.246038 0.714330 0.802290 0.141385 0.469397 0.450851 0.814040 0.380222 0.463288
0.162989 0.288588 0.777198 0.130775 0.760127 0.792379 0.112244 0.329279 0.420071 0.811927 0.237491 0.545295
0.133787 0.198342 0.851893 0.284934 0.764136 0.713736 0.086391 0.404050 0.467329 0.843412 0.332762 0.494655
0.184777 0.142911 0.771544 0.202609 0.780339 0.736620 0.095342 0.372775 0.302417 0.761881 0.458172 0.446336
0.200436 0.180649 0.819830 0.171673 0.683909 0.729951 0.057806 0.380381 0.333982 0.821018 0.325033 0.455230
0.273358 0.267767 0.765276 0.217032 0.726497 0.747546 0.041192 0.444374 0.321586 0.832293 0.359180 0.493336
0.125239 0.187884 0.780791 0.217264 0.666075 0.698976 0.097642 0.418451 0.408468 0.739747 0.280013 0.529438
0.281916 0.165104 0.911510 0.193630 0.750944 0.768654 0.187432 0.371009 0.433439 0.750064 0.269618 0.569876
0.166678 0.234919 0.827294 0.070385 0.730425 0.769939 0.189497 0.461478 0.426559 0.723664 0.319868 0.443540
0.167404 0.149395 0.801108 0.158999 0.764167 0.749341 0.119877 0.458832 0.370410 0.783608 0.296964 0.470711
0.117878 0.205343 0.789997 0.175260 0.750284 0.690911 0.133642 0.433834 0.346560 0.811111 0.437469 0.559257
0.215342 0.269337 0.803907 0.227778 0.776044 0.792322 0.174252 0.449840 0.407817 0.790028 0.392591 0.379744
0.114038 0.172837 0.856043 0.150487 0.653144 0.696361 0.099999 0.383884 0.406384 0.765159 0.373613 0.534336
0.126736 0.192397 0.880455 0.182481 0.718145 0.722944 0.095784 0.396358 0.311104 0.850813 0.376743 0.544726
0.094549 0.113585 0.775597 0.117561 0.734051 0.719616 0.137466 0.386187 0.414100 0.891800 0.308374 0.450168
0.220816 0.205952 0.763218 0.165590 0.687797 0.802650 0.066111 0.441015 0.368209 0.754095 0.352517 0.461973
0.225107 0.212362 0.754997 0.165822 0.753537 0.830843 0.083451 0.437733 0.368568 0.854543 0.348103 0.481142
0.122088 0.172068 0.737455 0.232679 0.722725 0.713643 0.069244 0.326077 0.449586 0.839742 0.312661 0.559388
0.167195 0.213662 0.872575 0.150804 0.838617 0.788183 0.155675 0.408439 0.344826 0.812231 0.302239 0.544360
0.264901 0.314372 0.900328 0.136466 0.795559 0.803905 0.094001 0.428335 0.433889 0.815336 0.332339 0.501433
0.149918 0.201632 0.858836 0.187572 0.770394 0.776399 0.092922 0.442122 0.444232 0.862419 0.374470 0.524642
0.169423 0.236593 0.854939 0.241048 0.780178 0.733970 0.035424 0.447435 0.385850 0.870858 0.279313 0.401892
0.165161 0.213981 0.801003 0.317016 0.713990 0.799011 0.086173 0.302534 0.331524 0.796092 0.249110 0.490079
0.161675 0.260408 0.844994 0.137196 0.681661 0.750461 0.084593 0.358151 0.353727 0.823508 0.392684 0.469469
0.217424 0.252114 0.870362 0.204802 0.749993 0.683205 -0.006710 0.429505 0.364892 0.910934 0.299952 0.540453
0.223667 0.256512 0.757656 0.186864 0.788955 0.699117 0.116223 0.401851 0.396873 0.790924 0.348933 0.438498
0.181491 0.239369 0.733193 0.174195 0.678353 0.666965 0.026711 0.282394 0.449024 0.932659 0.459127 0.534738
0.140502 0.159927 0.819206 0.195498 0.700268 0.701648 0.122560 0.469632 0.270963 0.774669 0.420664 0.597573
0.205074 0.173612 0.791629 0.156391 0.779052 0.738411 0.144355 0.330747 0.395621 0.767280 0.480748 0.477365
0.146540 0.251034 0.808574 0.143020 0.687295 0.794235 0.104544 0.409788 0.404283 0.765421 0.353556 0.585808
0.191066 0.168653 0.815222 0.202007 0.737644 0.832206 0.179401 0.474467 0.290537 0.769321 0.281545 0.572125
0.119442 0.220361 0.767900 0.088528 0.745711 0.816221 0.163925 0.393895 0.431512 0.812234 0.281023 0.528080
0.210625 0.232192 0.795554 0.169567 0.793393 0.783875 0.119075 0.358775 0.294719 0.845662 0.338026 0.449501
0.280524 0.152870 0.863326 0.235918 0.692850 0.854014 -0.014720 0.432124 0.389442 0.787175 0.371386 0.500932
0.126088 0.213750 0.748072 0.152579 0.659297 0.847603 0.108789 0.463303 0.307581 0.815664 0.410699 0.480907
0.138016 0.218314 0.882344 0.219606 0.835649 0.719618 0.080941 0.479443 0.346453 0.757911 0.330238 0.498531
0.114837 0.245898 0.791254 0.147532 0.712380 0.767905 0.054619 0.459574 0.375115 0.804033 0.294327 0.564464
0.206928 0.246273 0.817780 0.216525 0.749496 0.761827 0.105743 0.385907 0.331394 0.834952 0.308543 0.445670
0.191731 0.186763 0.798910 0.111054 0.637785 0.721885 0.119299 0.394651 0.374440 0.866404 0.313023 0.447831
0.207721 0.240586 0.831099 0.285703 0.675539 0.777324 0.112259 0.378591 0.419341 0.840691 0.387879 0.574232
0.198444 0.179316 0.820740 0.235311 0.803927 0.716421 0.183996 0.339215 0.419808 0.722852 0.251052 0.543627
0.212588 0.176343 0.768783 0.185786 0.767614 0.748647 0.162773 0.418204 0.326914 0.841992 0.343872 0.562360
0.213960 0.217993 0.846614 0.146624 0.752620 0.732042 0.212601 0.418657 0.403871 0.854637 0.391214 0.431761
0.197931 0.306157 0.831555 0.201303 0.670798 0.721235 0.044057 0.395620 0.333666 0.812088 0.341284 0.436126
0.110694 0.167013 0.819704 0.214772 0.726610 0.861290 0.141682 0.371149 0.347665 0.760534 0.264735 0.502141
0.146766 0.240152 0.855550 0.233541 0.770885 0.779380 0.111063 0.294601 0.455681 0.807067 0.316139 0.512536
0.175116 0.164539 0.773047 0.293835 0.781699 0.803733 0.137820 0.430339 0.405416 0.876487 0.398544 0.597943
0.057382 0.304686 0.794711 0.274620 0.777254 0.823902 0.058471 0.346122 0.416346 0.777353 0.368531 0.501645
0.096545 0.265401 0.872334 0.181412 0.715318 0.804938 0.073954 0.405240 0.462186 0.830355 0.409767 0.536649
0.131896 0.204972 0.876267 0.166540 0.760318 0.799515 0.110286 0.395049 0.375328 0.799116 0.317648 0.465412
0.232205 0.208090 0.829454 0.252076 0.758300 0.699786 0.135468 0.404500 0.415219 0.821729 0.262692 0.473807
0.137900 0.227992 0.834404 0.147844 0.654171 0.774528 0.105201 0.415206 0.317518 0.828555 0.291665 0.523095
0.085160 0.196655 0.806898 0.287774 0.693894 0.722579 0.075219 0.485579 0.363973 0.769575 0.315220 0.410861
0.148508 0.188076 0.938018 0.220628 0.723371 0.721608 0.096124 0.407394 0.371712 0.838563 0.361792 0.503971
0.179133 0.138919 0.755717 0.156669 0.652626 0.839862 0.054049 0.503824 0.370559 0.859129 0.347217 0.563160
0.166524 0.239384 0.661520 0.212226 0.734560 0.837955 0.018278 0.376745 0.384565 0.852279 0.322804 0.513018
0.137611 0.219600 0.867995 0.198679 0.674881 0.630203 0.108213 0.339094 0.308163 0.793042 0.345442 0.477714
0.171909 0.233643 0.748864 0.125135 0.668858 0.766944 0.108373 0.445849 0.386842 0.788691 0.325671 0.438236
0.138171 0.181708 0.852666 0.201234 0.698404 0.755209 0.157073 0.317096 0.416645 0.866186 0.371038 0.424213
0.178968 0.214837 0.829984 0.159851 0.744864 0.796823 0.164859 0.369151 0.378542 0.800973 0.355909 0.425972
0.048890 0.326402 0.831245 0.145670 0.703368 0.751192 0.072978 0.342588 0.383481 0.789969 0.325993 0.480602
0.144307 0.149225 0.818891 0.230736 0.751809 0.790855 0.054495 0.414352 0.433057 0.835628 0.244865 0.452027
0.191056 0.237509 0.897594 0.179079 0.810287 0.730224 0.086958 0.423478 0.288412 0.806300 0.365748 0.503141
0.314287 0.236000 0.839748 0.200900 0.722284 0.754067 0.119676 0.374362 0.330749 0.811733 0.344762 0.512814
0.102183 0.223898 0.836109 0.238547 0.707381 0.761850 0.070847 0.347887 0.299552 0.813200 0.342887 0.475493
0.166999 0.238254 0.745897 0.180619 0.793027 0.796472 0.142927 0.387709 0.420452 0.843809 0.336877 0.477312
0.152781 0.198776 0.742804 0.201399 0.726961 0.739236 0.130346 0.435219 0.366014 0.768871 0.300681 0.594592
0.211076 0.221894 0.766962 0.216592 0.751317 0.802632 0.113956 0.359428 0.327235 0.825157 0.478820 0.536721
0.106774 0.216706 0.769805 0.257736 0.796948 0.793731 0.105916 0.402453 0.438539 0.829574 0.292409 0.477927
0.049244 0.208839 0.827434 0.194964 0.762697 0.742105 0.033140 0.416427 0.345081 0.801550 0.369693 0.488061
0.124528 0.320597 0.852337 0.148663 0.655989 0.766609 0.094398 0.450470 0.330966 0.814816 0.365300 0.397591
0.155062 0.264282 0.870460 0.144303 0.708196 0.853406 0.089113 0.390729 0.405636 0.802307 0.323377 0.543146
0.120515 0.278905 0.878338 0.248090 0.760664 0.741149 0.137768 0.387490 0.355905 0.847532 0.267469 0.555929
0.070575 0.284723 0.787527 0.171120 0.698114 0.708438 0.094033 0.420549 0.337172 0.853770 0.336821 0.449522
0.172031 0.263442 0.870306 0.216703 0.753696 0.776234 0.040762 0.394374 0.361256 0.803335 0.292124 0.566777
0.117392 0.211830 0.884714 0.288950 0.751319 0.742187 0.067346 0.317223 0.346045 0.810517 0.348247 0.471759
0.126372 0.205513 0.831086 0.179398 0.678944 0.861525 0.153114 0.358085 0.397921 0.873046 0.420606 0.494018
0.216987 0.198515 0.765834 0.153364 0.740617 0.810524 0.068757 0.432193 0.395015 0.783961 0.248102 0.504691
0.176496 0.192814 0.788211 0.210666 0.753844 0.758723 0.130726 0.334245 0.422940 0.721691 0.329444 0.439424
0.200608 0.217732 0.902264 0.192728 0.552071 0.792016 0.112664 0.374076 0.403851 0.842443 0.273382 0.537849
0.109615 0.228257 0.770071 0.250846 0.743707 0.778336 0.110975 0.458709 0.356183 0.776874 0.402607 0.438793
0.180866 0.257015 0.889644 0.207007 0.703611 0.699721 0.087349 0.497539 0.363726 0.822660 0.283182 0.471172
0.117562 0.229202 0.845488 0.235575 0.701682 0.744487 0.062993 0.394651 0.415877 0.725584 0.301979 0.525078
0.127190 0.291013 0.858365 0.214141 0.764815 0.834662 0.038822 0.458832 0.465038 0.823794 0.271649 0.476467
0.091884 0.228675 0.745824 0.237034 0.780551 0.706159 0.055081 0.342443 0.421850 0.783004 0.395954 0.585100
0.091541 0.104981 0.763319 0.232397 0.686577 0.782572 0.097138 0.293439 0.374904 0.841483 0.309363 0.464612
0.200846 0.292193 0.848131 0.127504 0.680243 0.848591 0.131204 0.483356 0.417219 0.778442 0.297662 0.471972
0.168060 0.137739 0.828225 0.102992 0.787537 0.850424 0.081326 0.321764 0.356871 0.740552 0.370378 0.478687
0.139147 0.218506 0.828154 0.220723 0.684797 0.755077 0.023866 0.515619 0.444294 0.904778 0.309412 0.521658
0.167020 0.218320 0.816792 0.281356 0.801636 0.842628 0.104472 0.364808 0.387805 0.831792 0.186928 0.534631
0.195436 0.208643 0.888274 0.181440 0.684175 0.656727 0.131469 0.377446 0.360531 0.835534 0.312588 0.506010
0.190660 0.219376 0.768641 0.226136 0.703549 0.745613 0.123353 0.346352 0.331734 0.815990 0.280742 0.600109
0.167257 0.216110 0.778951 0.168696 0.774489 0.755508 0.170427 0.330605 0.342415 0.798199 0.247406 0.547714
0.189925 0.284407 0.811103 0.149672 0.731258 0.698292 0.078204 0.382038 0.398320 0.802352 0.321622 0.430670
0.158252 0.204854 0.794040 0.202663 0.796882 0.780752 0.100096 0.340539 0.352234 0.833062 0.327777 0.462619
0.185475 0.228777 0.855666 0.259651 0.665636 0.771298 0.127684 0.505346 0.364705 0.837929 0.291753 0.522475
0.158721 0.176885 0.785200 0.121603 0.753918 0.772526 0.122676 0.446054 0.423105 0.828330 0.353415 0.562381
0.151237 0.225775 0.841409 0.215554 0.732846 0.750379 0.156593 0.436726 0.440665 0.739526 0.242922 0.558426
0.163855 0.267216 0.833919 0.203903 0.680216 0.680965 0.170078 0.387345 0.415374 0.811004 0.405842 0.582992
0.160827 0.202130 0.745989 0.307696 0.735119 0.823137 0.132388 0.389028 0.381691 0.787750 0.396484 0.551160
0.172891 0.259727 0.831680 0.179547 0.766906 0.729424 0.110356 0.376581 0.347692 0.756377 0.330821 0.461121
0.181379 0.313098 0.862932 0.225963 0.716275 0.697626 0.166823 0.411768 0.426783 0.823876 0.322821 0.375161
0.179305 0.290804 0.790874 0.235777 0.669390 0.786306 0.066659 0.435211 0.344608 0.855284 0.345015 0.446558
0.165309 0.194902 0.883264 0.202347 0.763143 0.740821 0.089810 0.464079 0.330003 0.885011 0.388483 0.499355
0.103690 0.216498 0.871844 0.244736 0.791729 0.778143 0.076782 0.323476 0.307435 0.787540 0.291076 0.526562
0.128333 0.187718 0.811467 0.223198 0.775034 0.710838 0.056723 0.473109 0.272374 0.765531 0.356863 0.503286
-0.002828 0.164877 0.812396 0.125433 0.598211 0.728616 0.123764 0.391442 0.489288 0.866512 0.331295 0.533437
0.083953 0.124952 0.814254 0.199580 0.724523 0.773643 0.160846 0.345585 0.399697 0.796902 0.308631 0.468579
0.153304 0.203197 0.864509 0.180503 0.759445 0.800448 0.011563 0.464500 0.423290 0.772549 0.283487 0.457457
0.166711 0.248255 0.847079 0.230188 0.736128 0.743850 0.017551 0.437876 0.426544 0.808020 0.376953 0.466411
0.111417 0.217431 0.943642 0.244664 0.788722 0.699193 0.119114 0.300039 0.252640 0.913544 0.384563 0.501043
0.135774 0.190343 0.764684 0.176047 0.711091 0.651361 0.140760 0.312455 0.319650 0.748782 0.325723 0.514561
0.143726 0.284439 0.908861 0.191159 0.810905 0.666917 0.026894 0.428476 0.364832 0.747676 0.275659 0.580844
0.223702 0.247273 0.811806 0.277499 0.760326 0.835941 0.047979 0.343842 0.379464 0.826353 0.349737 0.509373
0.097802 0.286945 0.895054 0.221930 0.783740 0.798484 0.116331 0.395680 0.358443 0.851008 0.419374 0.505733
0.183475 0.312644 0.901408 0.208511 0.675268 0.777354 0.009623 0.455776 0.423238 0.721769 0.371015 0.484018
0.139628 0.214960 0.805625 0.280916 0.719884 0.745993 0.070915 0.475503 0.345746 0.730679 0.311951 0.456091
0.255089 0.177881 0.762744 0.111743 0.643671 0.796360 0.120699 0.353003 0.342292 0.802232 0.421637 0.421304
0.134371 0.254668 0.830091 0.198406 0.763246 0.764513 0.183603 0.510653 0.327724 0.807276 0.379757 0.410554
0.190465 0.135144 0.771675 0.176970 0.681606 0.779294 0.079687 0.444268 0.380863 0.782949 0.355198 0.527505
0.193283 0.259170 0.814845 0.139392 0.719356 0.760366 -0.018727 0.382547 0.316573 0.753245 0.319283 0.555380
0.199705 0.297989 0.873031 0.248695 0.768277 0.731550 0.069827 0.433140 0.427683 0.756278 0.401862 0.542395
0.115615 0.225323 0.769881 0.275680 0.685036 0.652913 0.099284 0.417602 0.357556 0.857271 0.282315 0.426204
0.166247 0.222788 0.851121 0.198619 0.692600 0.764889 0.021118 0.519427 0.419082 0.758263 0.339465 0.485350
0.205123 0.194022 0.799863 0.196601 0.855776 0.728769 0.105357 0.574210 0.427429 0.839843 0.386776 0.410538
0.170914 0.229216 0.811681 0.175145 0.752465 0.740115 0.088182 0.389357 0.344535 0.891836 0.437494 0.466122
0.160003 0.231398 0.843880 0.194040 0.674868 0.785014 0.033007 0.403183 0.412508 0.821887 0.352771 0.527824
0.115992 0.157143 0.819145 0.159585 0.726825 0.730471 0.030001 0.452390 0.390610 0.812178 0.347714 0.544544
0.174443 0.224195 0.765231 0.261700 0.834029 0.720595 0.155680 0.369484 0.351451 0.771882 0.378572 0.540631
0.176167 0.094560 0.799666 0.177706 0.820353 0.721703 0.081899 0.500594 0.400308 0.765097 0.271543 0.548164
0.189923 0.242378 0.776518 0.215385 0.737407 0.745919 0.029595 0.461461 0.461249 0.853435 0.433480 0.524316
0.182791 0.242932 0.887264 0.183143 0.719956 0.818389 0.118029 0.364137 0.509137 0.756837 0.363990 0.528146
0.131274 0.230102 0.766403 0.221194 0.760837 0.714120 0.142004 0.358119 0.401838 0.751040 0.369485 0.562969
0.223516 0.186966 0.829416 0.160637 0.644840 0.723937 0.123865 0.376557 0.527873 0.774772 0.356758 0.526628
0.156786 0.088110 0.818840 0.153289 0.731479 0.827747 0.058576 0.410864 0.402042 0.855771 0.298821 0.499678
0.208871 0.241142 0.905608 0.202451 0.581011 0.859620 0.127593 0.344395 0.357603 0.854018 0.315403 0.389932
0.309037 0.246403 0.786316 0.141799 0.695818 0.742302 0.093256 0.334783 0.317626 0.769895 0.453699 0.471627
0.150997 0.222780 0.778246 0.252501 0.707743 0.798635 0.013770 0.312836 0.429655 0.807018 0.279883 0.516134
0.163725 0.198245 0.825839 0.120595 0.770410 0.767144 0.094414 0.431825 0.465156 0.819547 0.328065 0.487318
0.134323 0.129760 0.815069 0.200480 0.653041 0.724666 0.146522 0.343501 0.408214 0.802505 0.295804 0.513685
0.144874 0.181106 0.780313 0.300114 0.719367 0.835599 0.178229 0.481031 0.434400 0.746775 0.330827 0.426240
0.267085 0.261250 0.838485 0.114644 0.782771 0.852513 0.102311 0.379286 0.455623 0.852002 0.294018 0.499233
0.237720 0.251838 0.741059 0.181528 0.735820 0.817060 0.091572 0.411054 0.398539 0.799500 0.311143 0.416849
0.152681 0.324888 0.866164 0.155873 0.793725 0.754570 0.075469 0.403675 0.461403 0.733601 0.352427 0.537620
0.119824 0.207965 0.840059 0.084324 0.715044 0.739092 0.118454 0.423685 0.344841 0.710532 0.273643 0.458458
0.215992 0.117184 0.794931 0.268565 0.775004 0.840331 0.102802 0.400439 0.325925 0.800749 0.343919 0.441714
0.257077 0.338751 0.914455 0.201923 0.707235 0.877944 0.130731 0.438071 0.396778 0.813557 0.332513 0.483699
0.187223 0.227976 0.805754 0.259607 0.707337 0.747418 0.062240 0.428263 0.415294 0.816331 0.346268 0.522611
0.253751 0.207081 0.720644 0.236979 0.624269 0.787217 0.084600 0.418760 0.362358 0.731255 0.273589 0.458330
0.184304 0.093416 0.766964 0.154903 0.757760 0.850326 0.097123 0.408721 0.384522 0.772365 0.343878 0.472613
0.129869 0.270915 0.814163 0.213072 0.793631 0.785220 0.117858 0.362376 0.351844 0.815817 0.391159 0.466839
0.153944 0.255256 0.840063 0.105741 0.719755 0.898542 0.126745 0.400252 0.384537 0.797220 0.326304 0.424710
0.158186 0.224501 0.811635 0.188751 0.693438 0.832064 0.005050 0.322246 0.375633 0.838232 0.311200 0.540479
0.152811 0.244926 0.742403 0.185680 0.745693 0.739848 0.088474 0.408418 0.344657 0.860075 0.313914 0.583787
0.136979 0.236098 0.798668 0.179997 0.644661 0.767422 0.002828 0.441559 0.392177 0.794335 0.314571 0.549806
0.258991 0.221886 0.776034 0.174169 0.743585 0.782000 0.016274 0.416421 0.362700 0.776091 0.307538 0.641318
0.140989 0.133075 0.848751 0.208640 0.740086 0.804796 0.162839 0.449151 0.309547 0.793286 0.297605 0.478624
0.214043 0.204819 0.800905 0.181437 0.751314 0.760452 0.179959 0.399599 0.346572 0.783481 0.388241 0.532324
0.252911 0.148042 0.833612 0.261221 0.731611 0.678715 0.183115 0.419568 0.385227 0.813823 0.359056 0.591472
0.162199 0.256475 0.775034 0.182508 0.742772 0.830840 0.078522 0.300338 0.451002 0.855825 0.329752 0.430551
0.102239 0.196258 0.782982 0.221885 0.682641 0.748434 0.164485 0.413149 0.256950 0.810909 0.382524 0.462585
0.201860 0.155955 0.829182 0.195381 0.716943 0.717862 0.061787 0.469868 0.413548 0.802524 0.321056 0.461810
0.212646 0.179850 0.758132 0.220740 0.697835 0.852831 0.161631 0.522888 0.448555 0.757656 0.340935 0.553689
0.048143 0.211863 0.751138 0.186079 0.793413 0.743228 0.075834 0.380971 0.408983 0.795361 0.301626 0.539362
0.189027 0.188069 0.883244 0.216548 0.646228 0.780100 -0.022548 0.317231 0.333080 0.759144 0.303607 0.438149
0.101716 0.198543 0.879409 0.217482 0.711883 0.780684 0.105527 0.337666 0.319483 0.843688 0.329734 0.504015
0.273236 0.283520 0.741647 0.164396 0.833498 0.749264 0.108519 0.420936 0.350177 0.814715 0.282975 0.440689
0.183548 0.243529 0.815468 0.192560 0.759331 0.768628 0.003595 0.369368 0.423513 0.795040 0.299350 0.441502
0.132981 0.214939 0.738359 0.170787 0.756692 0.702254 0.099585 0.356196 0.456308 0.743704 0.314566 0.546515
0.248286 0.216621 0.817641 0.122952 0.673072 0.786543 0.194784 0.344956 0.381754 0.784379 0.314201 0.454759
0.128589 0.191637 0.813674 0.225625 0.661422 0.838241 0.060691 0.427350 0.440343 0.771401 0.254146 0.468655
0.106522 0.198586 0.807519 0.251668 0.770413 0.769113 0.016622 0.371559 0.268202 0.841815 0.278652 0.452821
0.173135 0.297750 0.770895 0.229993 0.829939 0.776780 0.046411 0.371046 0.391109 0.676054 0.360689 0.455200
0.178317 0.227775 0.804142 0.242564 0.666372 0.705239 0.089106 0.375232 0.380560 0.873286 0.427094 0.525396
0.162895 0.227493 0.818186 0.215721 0.643482 0.776999 0.062259 0.343673 0.330928 0.873938 0.425502 0.472498
0.256171 0.203529 0.833494 0.155973 0.767152 0.691907 0.050359 0.319873 0.360038 0.792452 0.163335 0.451955
0.169974 0.222819 0.794871 0.238332 0.652150 0.755186 0.170069 0.446926 0.397066 0.874983 0.283169 0.506353
0.115541 0.287681 0.934687 0.158012 0.751687 0.825352 0.043468 0.408513 0.478132 0.826272 0.257302 0.536534
0.166212 0.274923 0.873366 0.145719 0.800425 0.727914 0.083750 0.354184 0.476917 0.837009 0.278015 0.457164
0.197520 0.254946 0.871307 0.284508 0.754533 0.877151 0.070359 0.392718 0.435776 0.707599 0.306641 0.480183
0.179547 0.213147 0.778688 0.127432 0.762376 0.783883 0.106718 0.425874 0.347368 0.858931 0.334656 0.474666
0.152663 0.231948 0.821493 0.174459 0.720044 0.809312 0.091884 0.383187 0.319504 0.909889 0.259891 0.525378
0.183972 0.257536 0.757999 0.204580 0.769715 0.763789 0.016678 0.428119 0.395021 0.793285 0.297536 0.461967
0.135552 0.184862 0.781778 0.158414 0.715597 0.854148 0.106736 0.476342 0.346298 0.899669 0.288253 0.473887
0.183534 0.249675 0.901185 0.242531 0.724156 0.828397 0.032463 0.394456 0.444363 0.752431 0.287762 0.484523
0.182700 0.231654 0.889656 0.239909 0.802829 0.771434 0.043451 0.387025 0.473012 0.811776 0.385957 0.516130
0.158352 0.152596 0.797062 0.264990 0.746090 0.732678 0.082683 0.401587 0.413064 0.797203 0.280934 0.551083
0.199365 0.156241 0.812271 0.238416 0.627025 0.796532 0.073192 0.403664 0.364049 0.782394 0.278554 0.506412
0.237330 0.263100 0.765613 0.120929 0.767070 0.713286 0.096892 0.424946 0.370013 0.865644 0.312420 0.455503
0.199279 0.221150 0.838052 0.203889 0.728959 0.852764 0.041194 0.438134 0.482020 0.867770 0.202074 0.570087
0.085572 0.179408 0.769275 0.232916 0.883345 0.686328 0.060690 0.350373 0.461013 0.688452 0.373436 0.546545
0.145396 0.196041 0.815761 0.183283 0.715424 0.848729 0.046969 0.373943 0.375448 0.823164 0.306899 0.473292
0.241200 0.216315 0.818318 0.304448 0.712312 0.808873 0.116470 0.378313 0.387329 0.861140 0.350460 0.463372
0.249889 0.284806 0.882652 0.172717 0.760059 0.710830 0.143616 0.478428 0.245613 0.721256 0.306163 0.481306
0.138138 0.256911 0.824723 0.239837 0.699461 0.667000 0.052646 0.375388 0.442173 0.792847 0.312148 0.533855
0.232884 0.161628 0.861300 0.109415 0.732938 0.767546 0.103850 0.382966 0.320158 0.815384 0.349487 0.539963
0.167529 0.125769 0.757548 0.165461 0.775619 0.730388 0.168066 0.416326 0.354840 0.807908 0.331809 0.493340
0.209183 0.283360 0.792074 0.135466 0.771598 0.778777 0.087284 0.408938 0.397567 0.776038 0.350100 0.511164
0.152080 0.239189 0.917551 0.172125 0.669069 0.789174 0.028448 0.415903 0.385989 0.927147 0.383725 0.496862
0.167908 0.135675 0.862158 0.206948 0.665467 0.748390 0.131333 0.401537 0.439165 0.745188 0.258112 0.422637
0.225946 0.122579 0.741315 0.154481 0.697770 0.668619 0.088557 0.330879 0.398626 0.774433 0.311109 0.460253
0.188079 0.170496 0.807347 0.214968 0.696174 0.724202 0.067103 0.350048 0.349620 0.805257 0.233435 0.465876
0.126535 0.219879 0.850705 0.159426 0.615692 0.750244 0.050558 0.470459 0.397583 0.816504 0.253053 0.448941
0.149113 0.245301 0.841675 0.084495 0.678537 0.823046 0.090996 0.438690 0.375850 0.819801 0.291202 0.499929
0.152507 0.159067 0.881884 0.119561 0.707664 0.783582 0.044430 0.401500 0.315220 0.725740 0.409778 0.470422
0.197712 0.270055 0.809682 0.151438 0.674848 0.783423 0.102360 0.388564 0.308531 0.873587 0.348752 0.404227
0.196347 0.249786 0.837189 0.213924 0.743830 0.832231 0.071119 0.443026 0.364977 0.797460 0.262694 0.500280
0.220092 0.237347 0.815430 0.283581 0.766911 0.773337 0.150965 0.419825 0.353729 0.770116 0.350089 0.586056
0.298077 0.187972 0.777293 0.209555 0.747928 0.817801 0.145845 0.379988 0.407203 0.854732 0.320190 0.509716
0.109538 0.180510 0.913962 0.301100 0.731136 0.798296 0.154363 0.453887 0.361794 0.831115 0.308712 0.528142
0.187140 0.296329 0.751870 0.175721 0.733583 0.781733 0.089102 0.320645 0.360052 0.815498 0.386776 0.390176
0.112965 0.241639 0.812450 0.170716 0.692376 0.811322 0.046108 0.331531 0.470876 0.837242 0.239409 0.557798
0.102721 0.175355 0.758805 0.219201 0.818218 0.780946 0.111390 0.439489 0.306264 0.848126 0.344084 0.381119
0.258517 0.168226 0.800443 0.137117 0.807194 0.792677 0.085302 0.398289 0.397333 0.792612 0.412275 0.520018
0.151656 0.191474 0.754177 0.248382 0.771700 0.661045 0.089841 0.400561 0.312373 0.821090 0.263482 0.529589
0.115246 0.203740 0.737433 0.204438 0.696159 0.776703 0.077331 0.470630 0.350309 0.793828 0.312033 0.550519
0.193409 0.234200 0.822468 0.205505 0.724889 0.898312 0.097728 0.382893 0.332160 0.782468 0.380585 0.494482
0.085636 0.146111 0.798904 0.229003 0.775902 0.760584 0.053814 0.321013 0.355237 0.788179 0.363247 0.553324
0.253840 0.218575 0.794529 0.184184 0.669547 0.805350 0.117202 0.428595 0.410126 0.794579 0.486130 0.493531
0.176119 0.155116 0.801522 0.277423 0.726878 0.728251 0.153733 0.356069 0.406111 0.785708 0.302391 0.500512
0.185246 0.268779 0.776125 0.228253 0.772032 0.771951 0.076250 0.417553 0.368526 0.851190 0.320525 0.518287
0.164153 0.174791 0.820788 0.253083 0.749304 0.707463 0.092488 0.327919 0.371102 0.770926 0.374699 0.483274
0.117499 0.210683 0.802179 0.190937 0.694070 0.824904 0.099803 0.386982 0.379573 0.847564 0.374954 0.547549
0.137780 0.250696 0.954521 0.164115 0.670309 0.776140 0.082656 0.344019 0.385890 0.798387 0.256212 0.550259
0.148871 0.199530 0.769139 0.238265 0.741950 0.747371 0.061423 0.413394 0.407465 0.785278 0.295291 0.534455
0.104353 0.249420 0.824113 0.035361 0.647482 0.773714 0.090772 0.429457 0.432610 0.815797 0.452155 0.535634
0.152764 0.284515 0.779784 0.155521 0.712503 0.807542 0.069404 0.489059 0.394968 0.828850 0.462658 0.461058
0.261628 0.201028 0.768403 0.140680 0.767374 0.756753 0.069247 0.409487 0.327237 0.778272 0.287204 0.444280
0.186301 0.140312 0.855927 0.190486 0.772533 0.784479 0.119007 0.408532 0.351164 0.799849 0.304477 0.573766
0.087719 0.235193 0.853705 0.225464 0.795054 0.855353 0.129739 0.405887 0.285675 0.803807 0.361453 0.376318
0.145348 0.241832 0.895049 0.182198 0.705443 0.774702 0.075798 0.392801 0.299224 0.747189 0.255114 0.449923
0.087555 0.218698 0.911472 0.200129 0.755098 0.791166 0.085071 0.328499 0.360648 0.818613 0.350792 0.564441
0.180297 0.128034 0.862816 0.191886 0.678877 0.713463 0.036589 0.317508 0.277228 0.778160 0.266232 0.434377
0.229382 0.177670 0.865545 0.239086 0.824717 0.882892 0.068146 0.349104 0.499852 0.817653 0.352669 0.526295
0.117376 0.134879 0.838034 0.172255 0.673173 0.795256 0.175953 0.397353 0.348734 0.821065 0.354203 0.448393
0.163856 0.194260 0.772777 0.173055 0.724068 0.774809 0.090688 0.415794 0.316929 0.805669 0.350042 0.539912
0.287829 0.211265 0.826285 0.152680 0.732269 0.790653 0.115660 0.438259 0.367461 0.770918 0.324934 0.511646
0.251318 0.160455 0.837870 0.161516 0.788220 0.676064 0.188471 0.374275 0.375378 0.819931 0.400307 0.441034
0.128121 0.183375 0.890408 0.186035 0.765411 0.789867 0.146580 0.383952 0.341280 0.828312 0.361829 0.545274
0.174100 0.220991 0.793956 0.179534 0.766257 0.752604 0.226757 0.342962 0.426251 0.773605 0.232639 0.503937
0.153126 0.190267 0.808693 0.216164 0.753094 0.757588 0.090417 0.443873 0.405995 0.796958 0.335812 0.459080
0.216834 0.243551 0.779228 0.194149 0.782442 0.791764 0.090186 0.416516 0.379808 0.838525 0.407993 0.449237
0.129674 0.115961 0.786906 0.226563 0.710016 0.711259 0.089553 0.417603 0.368056 0.771550 0.379952 0.528275
0.138561 0.297335 0.774451 0.212595 0.714857 0.832319 0.154971 0.341997 0.356119 0.773679 0.318010 0.499282
0.205817 0.150174 0.812866 0.170747 0.792025 0.763799 0.143932 0.395947 0.457816 0.696977 0.406624 0.491616
0.105760 0.234191 0.886304 0.204713 0.716962 0.715308 0.159106 0.413393 0.346017 0.788679 0.363901 0.528319
0.111826 0.173741 0.693277 0.138985 0.715982 0.816590 0.026516 0.314460 0.346189 0.805050 0.319111 0.411346
0.151559 0.201453 0.794340 0.218472 0.745767 0.782615 0.104667 0.472564 0.373147 0.818609 0.310459 0.485800
0.077533 0.298073 0.751922 0.126591 0.700538 0.872631 0.149737 0.331693 0.383448 0.893736 0.292702 0.464479
0.244918 0.291522 0.888801 0.180242 0.690305 0.749911 0.171738 0.483227 0.293558 0.813663 0.366821 0.553441
0.156060 0.299202 0.821733 0.274262 0.712234 0.814053 0.110316 0.422177 0.393683 0.938866 0.311336 0.464206
0.094814 0.304094 0.851936 0.119823 0.671890 0.754090 0.114752 0.425448 0.376191 0.764631 0.330239 0.535032
0.245829 0.201119 0.730775 0.188305 0.744241 0.713015 0.083276 0.454243 0.416488 0.769027 0.290204 0.422792
0.183023 0.252509 0.840634 0.177594 0.763560 0.852330 0.025129 0.390463 0.363077 0.824132 0.342028 0.519213
0.191444 0.206500 0.866282 0.165702 0.741953 0.780112 0.127690 0.382764 0.331951 0.849024 0.353343 0.559838
0.041762 0.215903 0.819159 0.179331 0.661943 0.731779 0.115926 0.442050 0.387190 0.791407 0.278472 0.561269
0.161055 0.065763 0.772632 0.143403 0.713463 0.804106 0.057247 0.431250 0.361270 0.833684 0.263635 0.514494
0.177061 0.200683 0.793090 0.239323 0.685088 0.734202 0.201307 0.383087 0.422540 0.815835 0.313698 0.426438
0.275992 0.122657 0.879110 0.162855 0.775294 0.806742 0.110137 0.343059 0.346857 0.764728 0.324390 0.439337
0.123487 0.144399 0.766081 0.321836 0.688573 0.782033 0.027631 0.314603 0.299931 0.907111 0.278431 0.464787
0.229484 0.300520 0.765995 0.200253 0.728227 0.752180 0.195912 0.400923 0.345224 0.815777 0.302071 0.494806
0.202976 0.177348 0.850521 0.190092 0.604653 0.826117 0.113805 0.500374 0.329372 0.880741 0.416537 0.490555
0.189806 0.210688 0.805905 0.122001 0.720204 0.740229 0.109319 0.387337 0.371196 0.744867 0.454630 0.474994
0.148755 0.213839 0.750077 0.207463 0.757666 0.776215 0.113942 0.399886 0.408251 0.860515 0.344343 0.489150
0.174757 0.265037 0.729433 0.161482 0.748199 0.787358 0.063427 0.378709 0.342336 0.786930 0.341204 0.497806
0.084134 0.242860 0.910274 0.209501 0.780024 0.760650 0.142701 0.324713 0.285134 0.735885 0.391409 0.417376
0.191843 0.191616 0.846241 0.117697 0.774782 0.848459 0.116670 0.356446 0.317782 0.849553 0.259027 0.479782
0.109980 0.243483 0.822128 0.133263 0.768960 0.752338 0.130125 0.479819 0.369899 0.734430 0.414837 0.509253
0.214420 0.242578 0.750008 0.234598 0.717966 0.688556 0.008748 0.360482 0.324729 0.845188 0.273847 0.526176
0.162222 0.186524 0.888832 0.121997 0.658130 0.792376 0.074369 0.404058 0.382230 0.861293 0.356260 0.510886
0.166393 0.150112 0.810830 0.204264 0.774391 0.697304 0.116121 0.386000 0.440139 0.771768 0.365779 0.524200
0.178364 0.186983 0.879179 0.208987 0.702183 0.743764 0.065476 0.455868 0.389215 0.817219 0.453759 0.519347
0.177451 0.196248 0.856105 0.203644 0.747299 0.831349 0.138072 0.464033 0.351218 0.834971 0.194129 0.536670
0.120753 0.298676 0.787362 0.291319 0.650431 0.876494 0.159026 0.451363 0.306935 0.816221 0.305148 0.513730
0.253864 0.223298 0.826533 0.281463 0.620330 0.716741 0.127722 0.375649 0.338708 0.882048 0.291509 0.510008
0.200513 0.294692 0.823387 0.222354 0.815121 0.672391 0.069827 0.413044 0.404426 0.759372 0.241164 0.556816
0.160544 0.193827 0.845839 0.183790 0.703669 0.831010 0.135727 0.359511 0.399347 0.755840 0.264701 0.494903
0.159266 0.214102 0.695338 0.209244 0.716157 0.711440 0.100396 0.420803 0.348526 0.737342 0.380821 0.410734
0.128423 0.272423 0.846500 0.166312 0.712324 0.876493 0.080767 0.413654 0.367475 0.860415 0.208993 0.489664
0.087240 0.141268 0.759989 0.154904 0.723719 0.836669 0.098357 0.416476 0.363186 0.788203 0.322756 0.415298
0.126414 0.123559 0.887236 0.165212 0.670377 0.848379 0.071622 0.389461 0.349463 0.786321 0.299058 0.514955
0.180966 0.266455 0.805080 0.150456 0.784263 0.781878 0.131114 0.435250 0.387785 0.869217 0.242898 0.449651
0.166488 0.155358 0.859488 0.195107 0.715725 0.771913 0.077742 0.357800 0.424715 0.857070 0.330921 0.484921
0.234798 0.235484 0.774805 0.105836 0.648906 0.788175 0.128950 0.460370 0.346512 0.695342 0.307711 0.549394
0.121778 0.217931 0.876826 0.209348 0.803476 0.747889 0.102331 0.417799 0.324838 0.809862 0.365728 0.514879
0.117413 0.205383 0.824044 0.283908 0.788407 0.835868 0.109853 0.440923 0.340217 0.772546 0.307329 0.576696
0.126741 0.224041 0.853409 0.185146 0.715517 0.742068 0.174728 0.338182 0.362585 0.705338 0.388485 0.419205
0.128918 0.258155 0.792645 0.217211 0.686358 0.743670 0.143787 0.408884 0.367570 0.770825 0.314645 0.388202
0.131456 0.288798 0.787006 0.218892 0.702253 0.801913 0.032374 0.318537 0.426491 0.854220 0.306966 0.418347
0.094321 0.252503 0.855526 0.135071 0.750096 0.765760 0.116203 0.312233 0.398750 0.793674 0.323416 0.423554
0.150184 0.207715 0.815279 0.225875 0.637448 0.787618 0.047032 0.358096 0.411433 0.790593 0.286915 0.478575
0.185216 0.285441 0.830060 0.241770 0.741085 0.784602 0.091868 0.433469 0.266243 0.861616 0.353759 0.470852
0.084175 0.201800 0.784543 0.146267 0.720732 0.773053 0.150984 0.373871 0.345158 0.812238 0.369379 0.520820
0.142241 0.245892 0.820745 0.198370 0.793531 0.763087 0.040727 0.419355 0.407269 0.787452 0.329748 0.598395
0.199915 0.201381 0.810167 0.182892 0.775619 0.679668 0.034787 0.329419 0.402001 0.853411 0.300827 0.516123
0.203506 0.217450 0.768543 0.211074 0.759752 0.854704 0.135158 0.365534 0.464717 0.905520 0.423319 0.409083
0.149164 0.177982 0.880045 0.142192 0.684246 0.800318 0.125233 0.409327 0.296091 0.797377 0.274882 0.580805
0.130749 0.190719 0.759794 0.176741 0.779059 0.768076 0.056140 0.409345 0.361930 0.794136 0.282358 0.479250
0.085456 0.181489 0.834047 0.223750 0.720460 0.777205 0.071937 0.383252 0.329482 0.776100 0.266797 0.467750
0.206722 0.269251 0.835818 0.139192 0.742458 0.812078 0.058587 0.363441 0.386173 0.715201 0.217052 0.444616
0.120605 0.147086 0.790193 0.233073 0.770166 0.725839 -0.006905 0.384055 0.392439 0.797432 0.381508 0.560601
0.211157 0.172778 0.864969 0.257849 0.715122 0.714507 0.063448 0.396820 0.362047 0.845666 0.363054 0.527078
0.176048 0.301916 0.819493 0.227246 0.689174 0.736711 0.041547 0.474402 0.450863 0.749769 0.398948 0.540810
0.140799 0.224408 0.661444 0.149792 0.830875 0.741857 0.103593 0.478257 0.316652 0.779479 0.287057 0.536295
0.269325 0.290717 0.789450 0.107475 0.687279 0.702925 0.151089 0.408434 0.429167 0.848067 0.373944 0.434601
0.202243 0.204381 0.859319 0.206755 0.749439 0.839567 0.034296 0.392997 0.411341 0.827134 0.278651 0.547696
0.204931 0.149847 0.794142 0.285543 0.768481 0.715826 0.113802 0.440471 0.408977 0.892644 0.353431 0.437275
0.135210 0.183961 0.864422 0.197856 0.727975 0.733359 0.043245 0.414418 0.363808 0.688056 0.306093 0.480787
0.073044 0.294164 0.760217 0.160988 0.758203 0.761357 0.121481 0.465275 0.326119 0.858533 0.305493 0.460735
0.212731 0.309870 0.837748 0.240917 0.753636 0.782500 0.054007 0.397531 0.338600 0.826166 0.427339 0.449805
0.119509 0.223621 0.809835 0.253910 0.688704 0.822420 0.113499 0.374058 0.343950 0.828674 0.303579 0.451129
0.161470 0.277642 0.856399 0.188774 0.725155 0.752158 0.093597 0.411283 0.351023 0.767672 0.268863 0.582721
0.081015 0.319181 0.850971 0.220201 0.682546 0.827070 0.070412 0.299731 0.481966 0.785154 0.274871 0.562564
0.191415 0.239114 0.862868 0.208260 0.682240 0.759947 0.162862 0.465938 0.341630 0.834655 0.351627 0.599436
0.134560 0.178382 0.829728 0.210037 0.797693 0.825404 0.039706 0.394908 0.347210 0.832943 0.348327 0.510241
0.115360 0.221274 0.811216 0.226325 0.726241 0.857688 0.180026 0.391887 0.251008 0.740412 0.298463 0.535648
0.145520 0.268473 0.823580 0.151717 0.763937 0.876233 0.091839 0.443339 0.307723 0.816927 0.396877 0.505247
0.210646 0.250653 0.844209 0.196553 0.798216 0.777708 0.053633 0.435894 0.414849 0.791287 0.446334 0.462943
0.086735 0.112625 0.770320 0.198014 0.851487 0.904592 0.087069 0.374523 0.386606 0.792167 0.341527 0.444364
0.223319 0.260548 0.900471 0.154809 0.759759 0.667962 0.115866 0.368194 0.337999 0.721260 0.399473 0.504301
0.148764 0.281019 0.883105 0.189146 0.761214 0.827617 0.187252 0.406291 0.405385 0.801073 0.268884 0.445862
0.125612 0.173417 0.808544 0.219012 0.785013 0.805272 0.134689 0.498839 0.463122 0.857566 0.317769 0.480790
0.221270 0.231657 0.855308 0.209642 0.753453 0.770248 0.097254 0.380589 0.328442 0.771787 0.312568 0.479493
0.246280 0.148684 0.819788 0.141048 0.711922 0.776917 0.105096 0.320573 0.402635 0.800722 0.371302 0.504263
0.178291 0.235922 0.806982 0.174639 0.719534 0.799688 0.122970 0.401893 0.368037 0.816746 0.364049 0.443170
0.201144 0.225656 0.915120 0.196828 0.745487 0.719670 0.110219 0.463130 0.425411 0.862209 0.286701 0.465652
0.189367 0.212214 0.910644 0.251402 0.709347 0.668675 0.134132 0.378043 0.379098 0.812388 0.343458 0.509966
0.076956 0.173582 0.829270 0.081509 0.649280 0.785070 0.024439 0.408172 0.449743 0.909059 0.350472 0.526902
0.231068 0.234791 0.897586 0.195560 0.741776 0.694064 0.074278 0.439525 0.360485 0.815212 0.304716 0.468901
0.131428 0.309598 0.815383 0.280633 0.686700 0.871178 0.104777 0.383397 0.392052 0.872836 0.273530 0.549894
0.181615 0.168019 0.892709 0.123774 0.837263 0.810769 0.055343 0.391102 0.379561 0.908440 0.337910 0.455397
0.160840 0.224299 0.787166 0.181485 0.667862 0.711121 0.080572 0.409770 0.335498 0.826971 0.350447 0.487347
0.280990 0.228734 0.798178 0.158690 0.706989 0.835093 -0.002566 0.432702 0.394295 0.802416 0.270759 0.515500
0.214305 0.187804 0.845050 0.195354 0.802308 0.878889 0.067755 0.401809 0.497763 0.875153 0.329459 0.510700
0.166986 0.201927 0.754467 0.256124 0.749944 0.721278 0.026126 0.440994 0.390250 0.807431 0.182519 0.529773
0.237989 0.264516 0.820643 0.203318 0.716141 0.757235 0.057757 0.405300 0.277946 0.837863 0.309139 0.454972
0.158738 0.288900 0.791267 0.242482 0.714847 0.764969 0.005470 0.381377 0.363268 0.812110 0.410803 0.554629
0.132443 0.134982 0.758752 0.099042 0.736447 0.811865 0.157833 0.391072 0.424695 0.892524 0.289617 0.643194
0.105893 0.291726 0.810163 0.223356 0.783889 0.728585 0.048422 0.453988 0.369742 0.867039 0.314534 0.566127
0.164587 0.271784 0.785230 0.155640 0.713761 0.894432 0.169157 0.321925 0.454084 0.768314 0.314633 0.455654
0.166872 0.335225 0.834304 0.204622 0.770882 0.791429 0.117998 0.405465 0.320362 0.796466 0.237108 0.465315
0.208858 0.150078 0.813851 0.227659 0.741986 0.730139 0.094722 0.384765 0.431511 0.800305 0.312203 0.617492
0.115635 0.162316 0.860342 0.147786 0.664366 0.800506 0.084401 0.380193 0.376049 0.816106 0.351569 0.508850
0.192844 0.301290 0.845803 0.220333 0.753656 0.790671 0.048301 0.343591 0.445177 0.805358 0.311213 0.561213
0.088512 0.184714 0.934283 0.253466 0.682378 0.729545 0.063233 0.457229 0.278153 0.883080 0.298666 0.460502
0.148876 0.236529 0.804350 0.166029 0.704391 0.705652 0.029376 0.424076 0.396230 0.772997 0.375191 0.453288
0.263806 0.316868 0.890402 0.114968 0.693250 0.866848 0.067466 0.413128 0.266660 0.779559 0.281111 0.438743
0.201477 0.180181 0.814978 0.241841 0.736928 0.797461 0.042345 0.415204 0.430043 0.750095 0.372652 0.443354
0.164703 0.066333 0.705704 0.210845 0.735934 0.833563 0.102440 0.477349 0.374025 0.724597 0.282594 0.502968
0.144987 0.165063 0.797744 0.173751 0.704759 0.817429 0.160108 0.362890 0.342077 0.883353 0.308626 0.453841
0.111645 0.243884 0.779109 0.164565 0.645717 0.827175 0.113338 0.455454 0.396870 0.831333 0.305768 0.498589
0.176092 0.072993 0.831712 0.218359 0.701716 0.797506 0.065450 0.432567 0.415495 0.872258 0.370359 0.464562
0.072278 0.177200 0.752488 0.213196 0.688055 0.747300 0.228443 0.370484 0.395290 0.811482 0.280610 0.523960
0.141157 0.169742 0.751160 0.088716 0.813825 0.815315 0.150216 0.355431 0.393903 0.858150 0.383703 0.506923
0.086087 0.232729 0.812871 0.228057 0.752451 0.812037 0.002396 0.424416 0.299492 0.840598 0.317867 0.458212
0.204304 0.211367 0.766986 0.141675 0.793544 0.822259 0.109157 0.468241 0.396669 0.840220 0.295556 0.471746
0.197006 0.238633 0.844413 0.188844 0.683035 0.799782 0.013551 0.494772 0.392855 0.739088 0.287277 0.522437
0.099763 0.150890 0.801944 0.161023 0.715171 0.774927 0.075015 0.423340 0.406127 0.774772 0.308194 0.522543
0.184840 0.254513 0.732911 0.171427 0.736858 0.769955 -0.009280 0.386340 0.361117 0.819450 0.302889 0.536722
0.107371 0.157423 0.780448 0.178907 0.757351 0.747586 0.039788 0.518144 0.292638 0.851103 0.343971 0.609288
0.057757 0.209313 0.844797 0.238702 0.762434 0.718997 0.054555 0.370744 0.337005 0.788637 0.332525 0.400098
0.105554 0.116857 0.713904 0.214495 0.790497 0.792170 0.111173 0.524701 0.428963 0.841109 0.287478 0.436443
0.218600 0.185277 0.925820 0.271385 0.745667 0.763351 0.100704 0.370099 0.323154 0.792919 0.345100 0.497438
0.211493 0.266122 0.802543 0.148842 0.678264 0.742497 0.165081 0.470016 0.323439 0.853669 0.439290 0.483479
0.107294 0.257911 0.785162 0.161621 0.642268 0.794206 0.074910 0.433461 0.328849 0.802397 0.217705 0.480852
0.111280 0.252254 0.815708 0.142626 0.723507 0.753557 0.053780 0.351981 0.490661 0.707973 0.347849 0.531455
0.179175 0.267933 0.830343 0.200063 0.700968 0.857394 0.095064 0.439459 0.305336 0.946676 0.332765 0.498839
0.199677 0.190278 0.723838 0.218322 0.743787 0.795628 0.085776 0.426737 0.400173 0.868521 0.446140 0.446441
0.096659 0.229170 0.861711 0.215879 0.754485 0.784193 0.172976 0.403413 0.389406 0.839883 0.368939 0.483105
0.242609 0.259691 0.831031 0.232186 0.772894 0.858788 0.062370 0.359329 0.405579 0.832195 0.302427 0.464932
0.183989 0.166525 0.850594 0.231332 0.680164 0.781258 0.007804 0.508080 0.350987 0.863760 0.376794 0.531881
0.187982 0.233085 0.832339 0.301622 0.617581 0.793731 0.108586 0.526352 0.375380 0.791040 0.366806 0.512464
0.210861 0.319543 0.791638 0.086950 0.644084 0.704221 0.099450 0.390354 0.417330 0.846805 0.340928 0.460357
0.186215 0.236868 0.804487 0.183268 0.700120 0.761243 0.100322 0.358173 0.495517 0.750705 0.396943 0.472060
0.181547 0.174256 0.855680 0.217695 0.762908 0.822294 0.019774 0.356834 0.318076 0.861808 0.275551 0.531031
0.255673 0.270991 0.751962 0.164018 0.716970 0.762596 0.108417 0.349550 0.356715 0.909806 0.355756 0.375901
0.205096 0.123401 0.835436 0.059027 0.689870 0.831952 0.060684 0.383476 0.294139 0.792188 0.265852 0.548708
0.183431 0.218111 0.782309 0.231555 0.835234 0.869658 0.111776 0.419210 0.319745 0.746183 0.256780 0.520231
0.110537 0.224234 0.722867 0.126506 0.669799 0.708545 0.173632 0.342221 0.411300 0.833286 0.369683 0.523460
0.170961 0.223431 0.881407 0.194686 0.798485 0.763363 0.051208 0.409029 0.442781 0.869613 0.332187 0.483607
0.088081 0.239736 0.780157 0.196295 0.699923 0.775903 0.154319 0.397981 0.393553 0.772323 0.286554 0.345998
0.196823 0.220012 0.863158 0.163008 0.729744 0.812058 0.044835 0.432546 0.358965 0.762001 0.219880 0.491370
0.126499 0.159388 0.759378 0.186442 0.794667 0.843389 0.064342 0.443176 0.338621 0.956590 0.357757 0.573572
0.079624 0.225078 0.836978 0.173967 0.815938 0.727735 0.085219 0.434639 0.372702 0.774109 0.320977 0.467857
0.201727 0.169692 0.843336 0.204788 0.806701 0.747713 0.103986 0.306067 0.405593 0.767054 0.324592 0.478852
0.108938 0.246042 0.887997 0.207976 0.745825 0.763503 0.067726 0.426770 0.369249 0.797926 0.307895 0.470560
0.221238 0.224316 0.903585 0.212248 0.708201 0.747505 0.053592 0.331550 0.354899 0.857941 0.316247 0.538902
0.097350 0.292801 0.811101 0.186872 0.701423 0.811026 0.090042 0.397541 0.404572 0.877101 0.264973 0.506567
0.172422 0.172117 0.842753 0.231101 0.681889 0.694433 0.061124 0.296794 0.413047 0.864925 0.328319 0.551366
0.138017 0.198049 0.827182 0.127230 0.698963 0.815132 0.139935 0.344193 0.475071 0.804277 0.299106 0.569842
0.124803 0.271268 0.808503 0.218846 0.699296 0.765259 0.139529 0.336230 0.358244 0.858136 0.394463 0.354595
0.140733 0.243807 0.863708 0.229134 0.744933 0.814151 0.179201 0.428291 0.389849 0.849316 0.360920 0.483766
0.146514 0.225195 0.805354 0.236081 0.756707 0.787648 0.150898 0.498120 0.437553 0.793366 0.367196 0.528328
0.090874 0.220859 0.861269 0.133003 0.736164 0.787556 0.108952 0.326003 0.356608 0.782708 0.320816 0.541815
0.141819 0.269330 0.797887 0.210735 0.642593 0.765209 0.062105 0.435531 0.379399 0.848010 0.356378 0.466150
0.148753 0.245268 0.939029 0.167892 0.801837 0.837884 0.125610 0.424498 0.428712 0.724949 0.345873 0.505590
0.135464 0.264976 0.755070 0.130698 0.756979 0.816244 0.066617 0.430013 0.423929 0.793208 0.378524 0.517998
0.168863 0.199741 0.850719 0.191666 0.779515 0.841194 0.067321 0.338108 0.369496 0.752933 0.296827 0.473898
0.262193 0.201762 0.766706 0.141875 0.680233 0.809396 0.102497 0.414616 0.296538 0.816983 0.263749 0.450841
0.176434 0.294888 0.775614 0.207955 0.781896 0.821296 0.134371 0.491334 0.332743 0.834646 0.377137 0.519302
0.099092 0.212194 0.841079 0.209786 0.708023 0.738553 0.182975 0.352520 0.322421 0.819849 0.276376 0.486612
0.233884 0.190430 0.752336 0.124602 0.760476 0.764653 0.036729 0.427523 0.365182 0.734709 0.279669 0.444681
0.114133 0.170959 0.806555 0.250243 0.711501 0.794233 0.059393 0.395943 0.388805 0.822314 0.454238 0.430607
0.119661 0.243594 0.825104 0.156786 0.691659 0.757376 0.146323 0.379069 0.370245 0.833288 0.348119 0.456804
0.074567 0.250750 0.764878 0.188207 0.644875 0.740290 0.027238 0.416651 0.299026 0.837743 0.366770 0.563272
0.224434 0.233673 0.756489 0.106023 0.681405 0.686948 0.097893 0.372748 0.306972 0.849809 0.387283 0.513621
0.216692 0.222082 0.726641 0.136556 0.731777 0.815260 0.093311 0.391610 0.333382 0.831947 0.303303 0.420151
0.111849 0.115911 0.761307 0.172974 0.769121 0.744354 -0.011346 0.307622 0.306173 0.779505 0.360307 0.491190
0.120022 0.211731 0.766469 0.195145 0.727603 0.756882 0.061603 0.338926 0.438805 0.802801 0.295035 0.503704
0.256598 0.263396 0.789554 0.189124 0.691390 0.820959 0.076235 0.439779 0.338148 0.760305 0.369372 0.475152
0.157141 0.204942 0.852637 0.139168 0.861859 0.706622 0.095946 0.422852 0.299369 0.868116 0.332695 0.494343
0.219716 0.289801 0.717031 0.242098 0.770399 0.754510 0.216975 0.389479 0.345756 0.853283 0.405965 0.521884
0.195669 0.155428 0.749753 0.257524 0.802714 0.746253 0.125878 0.374889 0.400051 0.812951 0.289583 0.460083
0.231466 0.199308 0.843679 0.178381 0.776053 0.738466 0.006266 0.374909 0.418117 0.845402 0.337219 0.515784
0.135201 0.301055 0.828066 0.237871 0.707687 0.817516 0.108758 0.434068 0.336699 0.809207 0.305401 0.510556
0.172443 0.171581 0.822002 0.226333 0.816142 0.801610 0.127129 0.434551 0.409329 0.817681 0.277615 0.534378
0.233338 0.267261 0.799781 0.187860 0.763154 0.826449 0.105341 0.386192 0.371779 0.819716 0.209221 0.490495
0.141840 0.213574 0.749082 0.081728 0.786645 0.847455 -0.003281 0.464903 0.339377 0.790549 0.312492 0.485599
0.204153 0.194687 0.883178 0.176508 0.728949 0.769310 0.085604 0.465643 0.304096 0.838939 0.332043 0.393765
0.143657 0.181527 0.798242 0.148798 0.682745 0.785541 0.067937 0.355318 0.383795 0.803419 0.369987 0.505949
0.219539 0.130545 0.854527 0.130295 0.802905 0.746076 0.074499 0.469552 0.361159 0.779997 0.318800 0.472633
0.092358 0.158325 0.831139 0.193429 0.795128 0.726583 0.072848 0.433144 0.329548 0.806059 0.301514 0.524356
0.236868 0.249302 0.818674 0.159435 0.754252 0.823219 0.060586 0.311407 0.372187 0.838320 0.246232 0.552237
0.144816 0.225590 0.851925 0.241574 0.780809 0.873176 0.074110 0.424624 0.325064 0.840697 0.384804 0.473396
0.230865 0.221248 0.806252 0.235656 0.815442 0.775712 0.077273 0.481194 0.331999 0.847646 0.498365 0.479155
0.194047 0.196985 0.851287 0.209002 0.734149 0.815787 0.083628 0.417213 0.374076 0.794467 0.249635 0.500210
0.103901 0.152943 0.877776 0.269585 0.750656 0.875012 0.125878 0.459471 0.322322 0.844778 0.328583 0.484577
0.157619 0.296374 0.791539 0.169951 0.815568 0.620371 0.019265 0.401919 0.342931 0.800377 0.373517 0.497202
0.140748 0.295277 0.835731 0.148023 0.706487 0.827528 0.029202 0.503921 0.433993 0.866613 0.330173 0.477721
0.143284 0.252282 0.756394 0.248315 0.745327 0.738124 0.107259 0.395281 0.371433 0.800826 0.345729 0.514379
0.120624 0.238776 0.847583 0.102952 0.705225 0.831048 0.151155 0.404458 0.319535 0.857221 0.334123 0.511501
0.179077 0.181959 0.874756 0.283993 0.743926 0.760653 0.093401 0.301140 0.342153 0.817769 0.322483 0.548827
0.166141 0.147811 0.798679 0.159767 0.801408 0.722671 0.103558 0.375927 0.357316 0.754452 0.262944 0.499052
0.170140 0.229747 0.843817 0.234557 0.699038 0.786737 0.115682 0.409627 0.359416 0.712144 0.343275 0.451397
0.202295 0.275722 0.810494 0.217523 0.692684 0.725015 0.080763 0.457057 0.454173 0.799794 0.326395 0.489360
0.188303 0.162236 0.757973 0.068230 0.333370 0.167959 0.600179 0.911411 0.432816 0.675620 0.268944 0.538297
0.115044 0.226564 0.843800 0.063460 0.306188 0.002428 0.583823 0.907078 0.394676 0.590100 0.453449 0.557371
0.165784 0.155455 0.955057 -0.037315 0.287397 0.075879 0.587842 0.960075 0.597835 0.632711 0.398361 0.516829
0.115666 0.158436 0.894109 0.001216 0.277129 0.115610 0.555783 0.854068 0.473890 0.726868 0.365740 0.449240
0.207740 0.206741 0.776995 -0.044558 0.343384 0.158438 0.557786 0.924880 0.431157 0.729495 0.433811 0.629651
0.185867 0.191570 0.900664 0.049921 0.260928 0.198959 0.656280 0.857958 0.397263 0.707563 0.348499 0.537839
0.221182 0.173617 0.816573 0.043201 0.310972 0.033131 0.632958 0.844659 0.448866 0.737004 0.398287 0.570998
0.133341 0.132870 0.892527 0.090275 0.222813 0.055633 0.629003 0.898113 0.374898 0.727428 0.331029 0.558604
0.204812 0.189165 0.825794 0.028805 0.315403 0.190410 0.549808 0.920880 0.494208 0.599657 0.401021 0.624143
0.178713 0.200580 0.878707 -0.018910 0.292153 0.013952 0.632738 0.817341 0.488117 0.650662 0.417727 0.523059
0.137824 0.115578 0.822523 -0.057539 0.332835 0.041259 0.616267 0.801608 0.486330 0.667000 0.401578 0.587250
0.108898 0.172320 0.926478 0.096624 0.157362 0.114206 0.681265 0.821561 0.538625 0.596328 0.404126 0.534348
0.179272 0.227220 0.878223 -0.005438 0.307578 0.108907 0.675112 0.895467 0.511973 0.589412 0.351418 0.576072
0.137067 0.118634 0.812398 0.127678 0.289697 0.150002 0.650183 0.897458 0.553214 0.589179 0.362011 0.613025
0.215901 0.103652 0.879394 0.004852 0.200217 0.095968 0.625636 0.908501 0.489295 0.645188 0.377982 0.499074
0.124447 0.177638 0.889005 -0.026237 0.276471 0.068078 0.636907 0.899384 0.445375 0.592248 0.468554 0.558668
0.190627 0.171585 0.869013 0.011976 0.273172 0.065212 0.652567 0.815476 0.438403 0.634189 0.472454 0.518380
0.125720 0.248819 0.751399 0.056197 0.255889 0.214310 0.624680 0.834808 0.436628 0.623168 0.356029 0.528996
0.192797 0.166715 0.905956 0.031970 0.253001 0.115389 0.591747 0.876886 0.495434 0.660042 0.359705 0.485454
0.193681 0.231845 0.825282 0.066926 0.240234 0.104208 0.687539 0.983058 0.526121 0.633074 0.407485 0.558370
0.127104 0.147056 0.885811 -0.063769 0.375732 0.136174 0.614874 0.852474 0.428593 0.667123 0.405552 0.550576
0.153926 0.210553 0.845816 0.046367 0.346703 0.093861 0.587244 0.838153 0.527141 0.636235 0.326762 0.615720
0.200629 0.248558 0.853319 -0.018960 0.236000 0.101981 0.555217 0.848508 0.442892 0.625789 0.397401 0.476386
0.161949 0.157134 0.893943 0.036382 0.320304 0.111181 0.613044 0.877322 0.408012 0.674595 0.509284 0.622291
0.114915 0.156830 0.842047 -0.083959 0.318202 0.137163 0.553472 0.854851 0.480378 0.712045 0.446104 0.506158
0.131121 0.108946 0.929266 0.034646 0.203190 0.106045 0.641022 0.873993 0.488066 0.678167 0.360440 0.728594
0.237975 0.151295 0.880595 0.009107 0.302645 0.098186 0.748672 0.842487 0.606782 0.681301 0.385705 0.555726
0.153559 0.137742 0.940071 -0.011970 0.291282 0.111457 0.611227 0.908295 0.530713 0.632491 0.324032 0.655795
0.133987 0.217160 0.850868 0.007338 0.217533 0.052035 0.600218 0.901169 0.446995 0.686407 0.400070 0.602984
0.172938 0.047262 0.805247 0.069649 0.295907 0.100103 0.457322 0.791175 0.440142 0.656372 0.371992 0.516817
0.183912 0.194169 0.752663 0.097409 0.312151 0.122590 0.603440 0.871117 0.460848 0.734186 0.470479 0.551266
0.108532 0.257053 0.824279 0.099454 0.305308 0.154124 0.651430 0.912158 0.474888 0.649631 0.395718 0.590116
0.213037 0.163239 0.834722 -0.019832 0.297353 0.070494 0.613683 0.876442 0.413877 0.631769 0.350025 0.433701
0.216679 0.194362 0.852089 0.009000 0.213260 0.058364 0.625848 0.892365 0.506399 0.725503 0.403648 0.498183
0.107891 0.062367 0.789032 0.034991 0.302603 0.079446 0.611239 0.865303 0.462574 0.717098 0.425278 0.650541
0.107429 0.134253 0.786923 0.037543 0.328710 0.038108 0.653058 0.838606 0.462530 0.664938 0.358992 0.509559
0.159292 0.224942 0.871229 -0.035231 0.322428 0.090482 0.732603 0.856412 0.550825 0.685007 0.421168 0.502283
0.147833 0.111191 0.811583 0.038028 0.285776 0.084654 0.545351 0.870856 0.533843 0.685287 0.428390 0.532731
0.092188 0.152208 0.932282 -0.038077 0.232347 0.144894 0.511010 0.924134 0.500795 0.637880 0.378703 0.616007
0.203247 0.194889 0.861869 -0.081771 0.308231 0.082510 0.651122 0.804039 0.568495 0.698152 0.419518 0.526289
0.117597 0.144981 0.861577 -0.047167 0.180805 0.160820 0.599450 0.915506 0.485834 0.678355 0.335958 0.558539
0.169198 0.144658 0.852211 -0.040461 0.223427 0.132128 0.597118 0.839252 0.549714 0.573027 0.444103 0.526175
0.193276 0.259067 0.899609 0.030952 0.193833 0.086402 0.745677 0.840060 0.491075 0.703354 0.377379 0.447996
0.202374 0.196281 0.944514 0.023251 0.297769 0.109742 0.675572 0.818606 0.486330 0.680674 0.284036 0.500623
0.150517 0.186355 0.850377 0.022710 0.248881 0.086468 0.609816 0.882971 0.478203 0.572093 0.415386 0.565027
0.152950 0.134788 0.850298 -0.038772 0.166529 0.015375 0.654260 0.900931 0.495919 0.604234 0.418748 0.410596
0.082964 0.139025 0.788642 -0.016887 0.336002 0.129283 0.589355 0.851103 0.474519 0.675333 0.386333 0.549172
0.096007 0.249559 0.965586 0.002791 0.180372 0.116728 0.544028 0.944216 0.458820 0.678984 0.373914 0.536074
0.250189 0.147716 0.929411 -0.042047 0.248747 0.144084 0.638650 0.856505 0.406991 0.693907 0.259245 0.469253
0.136090 0.187310 0.906883 -0.066956 0.223642 0.180611 0.623774 0.874466 0.349022 0.782014 0.388721 0.568839
0.142694 0.137480 0.855890 0.021637 0.340371 0.122447 0.636505 0.855526 0.461930 0.661424 0.361693 0.583743
0.166686 0.206778 0.775119 0.035359 0.236599 0.026389 0.641040 0.828809 0.462604 0.659789 0.441379 0.500234
0.180975 0.116534 0.807885 0.019216 0.215296 0.172782 0.591749 0.899607 0.504041 0.571828 0.399212 0.602789
0.155313 0.179976 0.779762 0.024269 0.180180 0.016577 0.647498 0.785568 0.536274 0.656294 0.362157 0.538408
0.112576 0.102454 0.883313 0.068173 0.257188 0.101170 0.613458 0.932275 0.554146 0.633588 0.485191 0.507495
0.172666 0.150985 0.804200 0.049394 0.229871 0.059043 0.592814 0.892654 0.474414 0.750907 0.441191 0.610288
0.143378 0.166194 0.832622 0.020183 0.222664 0.086960 0.571612 0.836162 0.422726 0.671448 0.337159 0.439578
0.151234 0.147001 0.799428 0.003171 0.304341 -0.016524 0.673310 0.893996 0.417200 0.651822 0.476961 0.494081
0.113865 0.203607 0.877631 0.095053 0.235026 -0.019159 0.596597 0.856916 0.506597 0.527636 0.373083 0.526458
0.100832 0.278530 0.788980 -0.023419 0.298979 0.056215 0.743932 0.911959 0.545099 0.657799 0.405907 0.556993
0.130201 0.163773 0.828106 -0.006504 0.283354 0.024174 0.541546 0.918307 0.452631 0.710791 0.418858 0.528287
0.199866 0.219743 0.866917 0.023135 0.379568 0.101464 0.635389 0.841615 0.494590 0.656565 0.398761 0.561204
0.254913 0.118526 0.786816 0.023416 0.254755 0.063235 0.600629 0.832269 0.476497 0.669155 0.291442 0.514630
0.177654 0.174507 0.847014 0.073281 0.256243 0.096999 0.613165 0.902456 0.425180 0.636435 0.401065 0.535244
0.239458 0.148845 0.803194 -0.001589 0.295512 0.113983 0.618516 0.913234 0.475134 0.669399 0.341021 0.600803
0.179196 0.197149 0.803377 0.045169 0.353980 0.092235 0.595474 0.889738 0.512273 0.630291 0.354456 0.547699
0.200989 0.073029 0.806271 0.006540 0.242081 0.136133 0.607000 0.814425 0.530842 0.652751 0.296465 0.634156
0.176327 0.177020 0.922129 -0.010770 0.190800 0.049375 0.696436 0.818039 0.440994 0.715958 0.465211 0.522273
0.202388 0.185236 0.802377 -0.020473 0.280719 0.060795 0.601662 0.890598 0.558714 0.665227 0.367628 0.619757
0.228998 0.165913 0.829734 0.016671 0.288503 0.074502 0.723848 0.830382 0.536526 0.718137 0.427592 0.514351
0.183428 0.114927 0.813731 0.079323 0.303936 0.088603 0.612685 0.886300 0.555993 0.680624 0.347744 0.531878
0.135112 0.150735 0.878853 0.081849 0.234339 0.029192 0.699066 0.842421 0.438821 0.615297 0.429419 0.604371
0.135361 0.159677 0.685455 0.066667 0.288776 0.114759 0.544753 0.879348 0.536695 0.665391 0.406969 0.559562
0.196999 0.205203 0.811972 -0.055189 0.292809 0.038546 0.621558 0.848616 0.512319 0.693876 0.361327 0.524187
0.192331 0.142958 0.923269 0.076331 0.204127 0.107702 0.689052 0.906055 0.483957 0.661593 0.383963 0.522928
0.152963 0.138411 0.821755 -0.048757 0.340408 0.149435 0.592368 0.906756 0.501076 0.639494 0.457925 0.510497
0.147953 0.226662 0.892241 0.077538 0.272479 0.102354 0.642512 0.903984 0.504455 0.752266 0.412028 0.517298
0.074402 0.123595 0.797199 -0.018513 0.269418 0.116017 0.685251 0.919990 0.495434 0.651929 0.341861 0.512983
0.216287 0.131186 0.880104 0.028718 0.224443 0.122903 0.583409 0.877968 0.515170 0.678605 0.436301 0.621876
0.156141 0.244188 0.817382 0.016726 0.356113 0.065830 0.635221 0.894701 0.388621 0.564424 0.386278 0.667088
0.096290 0.142308 0.787985 0.033553 0.301367 0.133250 0.619208 0.889355 0.512787 0.630012 0.400986 0.536989
0.067612 0.196774 0.759552 0.040729 0.345155 0.120326 0.649065 0.982919 0.442604 0.625083 0.312919 0.435978
0.166593 0.074012 0.851303 -0.010886 0.290090 0.079666 0.608425 0.822579 0.514065 0.644822 0.313870 0.580507
0.127185 0.156286 0.846169 -0.015636 0.250106 0.052667 0.699909 0.735555 0.477925 0.671365 0.397070 0.454799
0.031108 0.141998 0.769563 0.007508 0.307545 0.108591 0.634495 0.921925 0.451632 0.696223 0.363180 0.504055
0.217705 0.239102 0.932538 -0.033689 0.371848 0.125194 0.641605 0.839565 0.447537 0.657228 0.430288 0.494005
0.263198 0.144991 0.938358 0.035722 0.211908 0.112115 0.576563 0.901868 0.495507 0.655115 0.428783 0.615569
0.132937 0.191094 0.876283 0.045260 0.184534 0.123306 0.657385 0.868796 0.499172 0.666188 0.299831 0.517424
0.098610 0.205594 0.888287 -0.001237 0.240163 0.121158 0.649623 0.831235 0.485747 0.663017 0.356600 0.521986
0.073110 0.169175 0.883196 0.079060 0.236066 0.047672 0.705363 0.823990 0.496042 0.638272 0.400441 0.502327
0.203985 0.197637 0.815139 0.033690 0.243591 0.100103 0.550022 0.913298 0.402326 0.583958 0.391404 0.572780
0.171758 0.167177 0.782228 0.071324 0.232880 0.120443 0.601728 0.745748 0.374816 0.653669 0.301528 0.484965
0.162919 0.252170 0.911724 0.026324 0.269949 0.078231 0.588573 0.862994 0.563062 0.682476 0.381296 0.430194
0.128523 0.124390 0.805081 0.073149 0.270707 0.036437 0.580484 0.827756 0.497024 0.552921 0.536490 0.542948
0.198503 0.261527 0.877195 0.015855 0.270051 0.111326 0.618627 0.837577 0.482558 0.691321 0.384507 0.537509
0.138120 0.184777 0.916344 0.021301 0.207365 0.116489 0.581615 0.762938 0.508230 0.663475 0.416645 0.578302
0.086422 0.184286 0.883807 -0.006487 0.275348 0.075837 0.632633 0.782792 0.448337 0.656688 0.469929 0.518254
0.127377 0.151681 0.820249 0.061455 0.255562 0.132120 0.632037 0.936102 0.503429 0.686888 0.437878 0.557138
0.204761 0.131811 0.892394 0.052678 0.243090 0.066223 0.588258 0.770149 0.512924 0.671970 0.468084 0.511807
0.175489 0.207669 0.869278 0.041985 0.213200 0.108308 0.633890 0.894568 0.537441 0.613463 0.389079 0.547095
0.225173 0.179684 0.932931 0.027709 0.263334 0.034205 0.571997 0.846236 0.379676 0.628460 0.353686 0.452630
0.132598 0.176588 0.882003 0.010339 0.363315 0.044462 0.734703 0.910112 0.447579 0.483588 0.402363 0.557609
0.159696 0.162518 0.954378 0.046504 0.137774 0.124854 0.568100 0.837365 0.421408 0.726345 0.388782 0.541807
0.076693 0.122319 0.858035 -0.004166 0.232300 0.082286 0.650645 0.822047 0.439021 0.623767 0.453606 0.539889
0.075795 0.119844 0.879732 0.061098 0.294692 0.068498 0.602733 0.845921 0.461117 0.694567 0.394355 0.501146
0.121900 0.121712 0.796563 0.002008 0.292224 0.153465 0.635607 0.909639 0.497887 0.627370 0.407007 0.569876
0.178733 0.131960 0.828838 0.024515 0.268735 0.121173 0.563667 0.832664 0.489054 0.670450 0.322694 0.497455
0.168107 0.179935 0.737175 0.016706 0.180920 0.013355 0.600757 0.819508 0.464762 0.617747 0.379642 0.544989
0.163677 0.176019 0.865432 0.134656 0.243048 0.053395 0.582823 0.926439 0.499782 0.647868 0.436970 0.580615
0.099403 0.094079 0.853121 0.042394 0.238273 0.113300 0.653616 0.874896 0.475941 0.525544 0.456296 0.536479
0.283291 0.205523 0.762169 -0.018054 0.356119 0.120384 0.655288 0.872356 0.453237 0.602148 0.324017 0.598162
0.093919 0.090712 0.842003 -0.086943 0.270128 0.067902 0.630129 0.842872 0.398783 0.667056 0.378898 0.593156
0.160724 0.130709 0.887209 0.054961 0.252868 0.098328 0.501767 0.752298 0.528485 0.778559 0.416939 0.594619
0.192643 0.097407 0.783424 -0.015122 0.290178 0.083059 0.597834 0.943735 0.414222 0.621315 0.332985 0.590060
0.158746 0.139198 0.841542 -0.004613 0.247134 -0.026047 0.645781 0.935556 0.515017 0.631202 0.440405 0.476869
0.198687 0.266973 0.829631 -0.042644 0.319253 0.087565 0.633418 0.842746 0.389926 0.565309 0.365202 0.491197
0.204071 0.125834 0.844302 0.051858 0.327095 0.014789 0.648739 0.842177 0.499066 0.657584 0.338188 0.530150
0.168134 0.154625 0.846369 -0.013422 0.269208 0.097900 0.653926 0.948635 0.518812 0.692708 0.360757 0.507220
0.181455 0.131651 0.871035 -0.053848 0.108913 0.164193 0.631824 0.874561 0.420651 0.628778 0.482743 0.484719
0.218674 0.109845 0.824988 0.023080 0.323639 0.110383 0.617133 0.855714 0.553067 0.635940 0.369441 0.526420
0.211853 0.241820 0.791714 -0.034752 0.201484 0.061052 0.629027 0.903744 0.506485 0.608852 0.476543 0.496953
0.085787 0.211873 0.825500 0.003791 0.219442 0.059762 0.643399 0.859106 0.536111 0.678374 0.315560 0.500823
0.163737 0.219586 0.833910 -0.089968 0.284824 0.137609 0.587610 1.013378 0.432610 0.635654 0.492824 0.547006
0.156143 0.168365 0.882108 -0.070419 0.285842 0.083450 0.664407 0.800814 0.533414 0.601791 0.371612 0.569083
0.154576 0.239902 0.916714 0.066222 0.286879 0.082782 0.651090 0.924174 0.471479 0.583439 0.384755 0.524290
0.115885 0.232117 0.950377 0.049141 0.223815 0.093265 0.680951 0.819359 0.499652 0.579468 0.413537 0.665406
0.205162 0.104895 0.945363 -0.044386 0.250785 0.075680 0.682271 0.873898 0.437490 0.626830 0.363355 0.461536
0.080121 0.291446 0.804973 0.066622 0.292409 0.061793 0.600801 0.841485 0.445830 0.661185 0.397660 0.429471
0.171363 0.145134 0.873678 0.061855 0.281964 0.065873 0.617563 0.905634 0.443694 0.646329 0.385805 0.575976
0.174159 0.119968 0.831463 -0.033839 0.223889 0.151598 0.668085 0.826143 0.564405 0.680496 0.362675 0.586278
0.196058 0.192540 0.797575 0.049028 0.308004 0.122593 0.667660 0.839201 0.477085 0.639516 0.458947 0.478353
0.152771 0.143689 0.850511 -0.023996 0.230351 0.068474 0.560357 0.833821 0.549005 0.622774 0.359736 0.452270
0.201734 0.164296 0.865030 0.043800 0.335957 0.030096 0.566552 0.825077 0.459078 0.665321 0.474398 0.537167
0.159997 0.266179 0.824148 0.007957 0.293525 0.056846 0.625171 0.789235 0.431959 0.661470 0.400121 0.555330
0.158835 0.250148 0.831441 -0.065286 0.265504 0.089294 0.631616 0.866416 0.392039 0.637596 0.323536 0.608315
0.158436 0.034678 0.790762 0.081487 0.332218 0.031499 0.593896 0.891410 0.497531 0.680939 0.425676 0.619185
0.157197 0.186820 0.937393 -0.024396 0.204294 0.111383 0.568849 0.936858 0.560304 0.582685 0.432256 0.454182
0.178186 0.160724 0.795255 0.091491 0.266462 0.134303 0.732468 0.825368 0.533914 0.674696 0.350151 0.603799
0.132780 0.240182 0.847793 0.029410 0.263415 0.078621 0.636769 0.811603 0.516910 0.649794 0.341417 0.529958
0.128200 0.193218 0.851333 0.069537 0.211512 -0.011979 0.654595 0.892430 0.510398 0.563065 0.440326 0.495728
0.100396 0.181823 0.779007 0.031190 0.279384 0.100496 0.704737 0.849196 0.466817 0.688989 0.415538 0.641626
0.183901 0.151965 0.884719 -0.004423 0.338382 0.057728 0.581016 0.878169 0.500770 0.627001 0.431886 0.548178
0.209335 0.116204 0.862055 0.080469 0.357078 -0.008727 0.681956 0.817299 0.546917 0.713435 0.404400 0.542692
0.167222 0.159489 0.894675 0.053342 0.264504 0.125614 0.625131 0.794103 0.390126 0.640708 0.412573 0.520218
0.270122 0.242778 0.807297 0.049441 0.232911 -0.033673 0.566910 0.821516 0.510522 0.603104 0.409081 0.581536
0.219766 0.186034 0.852418 -0.098580 0.286894 0.009987 0.601288 0.875467 0.502681 0.690716 0.323197 0.548120
0.164133 0.181045 0.829550 0.055205 0.298636 0.064737 0.613284 0.921454 0.438208 0.686758 0.394363 0.553235
0.182893 0.038558 0.761630 -0.040159 0.356211 0.096409 0.583305 0.816110 0.497884 0.709839 0.395226 0.544412
0.190643 0.108510 0.831365 -0.066230 0.204606 0.084669 0.624573 0.913883 0.454977 0.614807 0.414933 0.521197
0.164243 0.170669 0.777415 0.048052 0.362702 0.081607 0.655676 0.858590 0.539983 0.706938 0.360805 0.559541
0.178815 0.169314 0.792988 0.001661 0.356270 0.004670 0.670328 0.936908 0.431916 0.619499 0.411664 0.534757
0.130277 0.177204 0.860797 0.108986 0.305464 0.046360 0.553226 0.903176 0.553621 0.618128 0.445151 0.537499
0.119035 0.129077 0.827839 0.069628 0.324055 0.107390 0.633760 0.915031 0.481124 0.684072 0.386336 0.460630
0.165734 0.167483 0.888802 0.071520 0.219622 -0.038347 0.577850 0.845920 0.470574 0.665397 0.400283 0.614249
0.172367 0.150548 0.874402 -0.000869 0.238973 0.125257 0.634553 0.917436 0.616753 0.578890 0.347985 0.522624
0.200814 0.286559 0.928567 0.067840 0.295602 0.053445 0.539487 0.837013 0.490832 0.637697 0.367981 0.531499
0.106990 0.051063 0.781926 0.000797 0.275851 0.064436 0.544396 0.867196 0.450974 0.666704 0.432721 0.588517
0.109657 0.164134 0.821949 -0.016102 0.292339 0.069883 0.636403 0.840911 0.440449 0.641922 0.411103 0.487004
0.090533 0.177668 0.736446 0.098670 0.392724 0.096378 0.544723 0.837681 0.560970 0.579023 0.467074 0.557558
0.254088 0.185374 0.859535 -0.025306 0.290028 0.118109 0.628994 0.903461 0.492606 0.670902 0.406260 0.520147
0.127784 0.130606 0.796427 0.028486 0.239593 0.166962 0.568741 0.850951 0.472567 0.644221 0.394643 0.572732
0.092444 0.210727 0.956312 0.032078 0.338228 0.032245 0.631359 0.879648 0.520026 0.630655 0.417573 0.506979
0.147090 0.214573 0.825113 0.024738 0.318912 0.145937 0.598458 0.895091 0.468995 0.718843 0.492495 0.469756
0.147739 0.101005 0.826168 -0.006789 0.258597 0.071650 0.708108 0.869841 0.502669 0.669825 0.392947 0.550107
0.109124 0.152306 0.799049 -0.047819 0.273204 0.121612 0.635930 0.874624 0.439941 0.706411 0.424309 0.579433
0.207525 0.127411 0.841827 0.040651 0.228163 0.083114 0.652011 0.922430 0.548609 0.663854 0.386673 0.435071
0.218978 0.157926 0.798663 0.050598 0.309105 0.072973 0.579772 0.844300 0.430345 0.669462 0.339956 0.498239
0.140241 0.244140 0.784136 -0.095473 0.242292 0.097281 0.628467 0.925844 0.519312 0.685991 0.398039 0.572153
0.126369 0.180806 0.808904 -0.022752 0.370642 0.112614 0.611745 0.840013 0.493151 0.718264 0.363629 0.522990
0.095550 0.113242 0.809177 0.005209 0.282028 0.073625 0.622852 0.813130 0.486690 0.740534 0.366308 0.597048
0.135380 0.183893 0.790270 0.001926 0.327769 0.111640 0.676464 0.866424 0.386532 0.693556 0.356948 0.476351
0.180715 0.139057 0.947830 0.024480 0.281705 0.189094 0.662828 0.912256 0.488850 0.693898 0.369970 0.443417
0.152677 0.150499 0.924208 0.002913 0.206839 0.043242 0.559175 0.823770 0.502921 0.708077 0.346620 0.516477
0.150540 0.207154 0.870750 0.032597 0.286126 0.095569 0.549541 0.867080 0.498845 0.644076 0.342402 0.505652
0.099512 0.258568 0.800593 0.015268 0.303719 -0.003228 0.690611 0.916134 0.484682 0.649197 0.309533 0.422506
0.148594 0.216919 0.876351 -0.001365 0.318762 0.108709 0.583850 0.783347 0.464333 0.599372 0.437562 0.548275
0.177649 0.128503 0.878895 0.019543 0.325992 0.035338 0.603315 0.936620 0.460596 0.630737 0.391077 0.478309
0.162242 0.202165 0.807506 0.125767 0.306988 0.083156 0.653930 0.859337 0.575922 0.634338 0.360438 0.492162
0.246620 0.117839 0.834281 0.037904 0.331190 0.092745 0.620191 0.905133 0.531123 0.688355 0.356638 0.474244
0.152878 0.124622 0.894141 0.053260 0.269444 0.083709 0.655464 0.872551 0.435925 0.700309 0.407477 0.532368
0.094728 0.124932 0.856069 0.013992 0.318229 0.029424 0.506867 0.823723 0.463000 0.682293 0.362030 0.542356
0.140863 0.183287 0.822570 -0.058867 0.321804 0.122098 0.561804 0.881984 0.447324 0.721836 0.387247 0.489463
0.142861 0.173296 0.827252 0.019976 0.273135 0.140489 0.571372 0.866606 0.515812 0.642845 0.423067 0.602185
0.107810 0.192754 0.850067 -0.053692 0.278460 0.093766 0.535760 0.802701 0.561089 0.584602 0.406272 0.533076
0.205395 0.207199 0.882692 0.062327 0.298252 0.090168 0.693673 0.913948 0.415315 0.696405 0.270563 0.591787
0.098057 0.134828 0.824245 0.005232 0.336189 0.037184 0.553643 0.852812 0.507022 0.616640 0.427324 0.487113
0.137151 0.156896 0.799722 -0.119215 0.251867 0.107734 0.619438 1.019133 0.441919 0.670699 0.404854 0.513866
0.204842 0.169666 0.833902 0.094238 0.290051 0.087638 0.559385 0.849647 0.468625 0.565822 0.399266 0.596590
0.085980 0.183888 0.852727 0.007658 0.307096 0.124163 0.573368 0.808292 0.481135 0.620915 0.394705 0.566062
0.184156 0.187373 0.812991 0.012429 0.296436 0.159115 0.676933 0.906503 0.479632 0.630001 0.327780 0.483655
0.215483 0.112302 0.839106 -0.032092 0.340218 0.065748 0.633520 0.810380 0.484261 0.651518 0.539317 0.477158
0.165378 0.200526 0.899924 0.011687 0.275507 0.088663 0.619591 0.910399 0.492154 0.597039 0.483212 0.512985
0.213467 0.245945 0.822728 0.048204 0.177200 0.100084 0.575277 0.854006 0.397768 0.580362 0.318738 0.525957
0.132566 0.231110 0.857222 -0.007049 0.289033 0.083800 0.586476 0.801241 0.379289 0.562051 0.363634 0.570275
0.177100 0.119670 0.957003 0.042766 0.203268 0.062688 0.576864 0.755405 0.433768 0.720285 0.514170 0.516976
0.189215 0.269192 0.886588 -0.001773 0.307812 0.036681 0.580997 0.895219 0.563173 0.676340 0.365231 0.519899
0.152725 0.171888 0.870536 0.046066 0.275340 0.074900 0.633481 0.922396 0.496212 0.635400 0.420404 0.502586
0.148147 0.207995 0.878858 -0.069427 0.245055 0.020663 0.607926 0.912217 0.421340 0.680983 0.397499 0.512639
0.205287 0.193119 0.842715 -0.011178 0.256642 0.074026 0.649197 0.862827 0.507567 0.553869 0.369166 0.557544
0.119327 0.253946 0.827100 0.019029 0.309703 0.073321 0.652592 0.940798 0.461792 0.680542 0.390506 0.498912
0.188775 0.172116 0.779186 0.005408 0.157159 -0.020301 0.580935 0.895889 0.513233 0.687278 0.361077 0.529209
0.174463 0.181257 0.887707 0.013944 0.210388 0.078535 0.640927 0.810565 0.454902 0.681918 0.396037 0.555406
0.125788 0.135048 0.944532 0.048510 0.346016 0.059815 0.598498 0.842801 0.610134 0.606824 0.324241 0.595596
0.131730 0.171329 0.843602 -0.043270 0.385984 0.150786 0.547814 0.807969 0.450491 0.638838 0.330231 0.548939
0.147105 0.211987 0.782068 0.064311 0.272493 0.048112 0.568486 0.836365 0.472839 0.677001 0.437334 0.481714
0.147980 0.144958 0.891813 0.073836 0.334112 0.023950 0.616237 0.825881 0.529140 0.773388 0.390696 0.609171
0.122468 0.211674 0.851666 -0.041136 0.292803 0.080058 0.565302 0.943775 0.441486 0.638128 0.286641 0.470703
0.087060 0.107534 0.851144 -0.041255 0.266073 0.068246 0.585012 0.932920 0.419501 0.568315 0.390049 0.550404
0.121856 0.131782 0.831316 -0.052865 0.245362 0.076510 0.659945 0.938899 0.494480 0.695291 0.396520 0.496961
0.142401 0.209685 0.842523 -0.016134 0.261188 0.114993 0.673326 0.858135 0.577934 0.643083 0.504398 0.535252
0.121230 0.203755 0.849715 0.007987 0.343830 0.125090 0.642467 0.874027 0.561225 0.605574 0.399612 0.571367
0.172647 0.091981 0.851563 0.091544 0.266366 0.087744 0.654423 0.815222 0.495640 0.656597 0.441064 0.546483
0.183275 0.103952 0.841190 -0.034899 0.201306 0.067287 0.598660 0.940863 0.502105 0.615151 0.424077 0.610542
0.211583 0.155473 0.793995 -0.032602 0.258708 0.042513 0.653751 0.818209 0.499414 0.624859 0.393198 0.574836
0.166786 0.169774 0.849591 0.058250 0.309195 0.104363 0.656634 0.895685 0.409654 0.611567 0.369060 0.525790
0.167369 0.211212 0.916929 -0.023091 0.204812 0.130973 0.633910 0.776522 0.552400 0.667680 0.388860 0.549730
0.084151 0.144829 0.822477 0.005908 0.270065 0.055758 0.625577 0.851786 0.491120 0.701770 0.484974 0.511756
0.145413 0.165472 0.830856 0.041636 0.304200 0.020897 0.621035 0.857180 0.494987 0.658681 0.396794 0.505242
0.084587 0.188369 0.849468 -0.013962 0.210598 0.090797 0.597835 0.838963 0.437249 0.601286 0.330572 0.575089
0.108948 0.227935 0.868455 0.009096 0.321523 0.148012 0.641293 0.901441 0.580925 0.686434 0.425769 0.465855
0.189249 0.137494 0.877792 -0.054559 0.298583 0.105578 0.672205 0.876234 0.459175 0.741539 0.417640 0.548654
0.132086 0.211091 0.901338 -0.073874 0.276319 0.119859 0.569418 0.827387 0.559980 0.628503 0.468832 0.529429
0.182157 0.181473 0.842350 0.032640 0.235128 0.208508 0.542600 0.987132 0.520500 0.604270 0.367820 0.611582
0.201546 0.210357 0.803183 -0.024878 0.343880 0.084438 0.581589 0.934900 0.386431 0.580455 0.331909 0.576754
0.094964 0.270333 0.776944 0.040349 0.273111 0.078366 0.644928 0.901518 0.545171 0.707136 0.394125 0.650344
0.161374 0.161149 0.859218 -0.008743 0.302522 0.136054 0.635973 0.778509 0.597977 0.611549 0.395193 0.607416
0.097740 0.232349 0.823306 0.057136 0.242292 0.038487 0.608974 0.849709 0.481628 0.703280 0.399312 0.551533
0.045688 0.228647 0.819496 -0.118507 0.337275 0.110459 0.660729 0.915921 0.476380 0.657883 0.385669 0.444973
0.221074 0.138772 0.903225 -0.036837 0.323424 0.116861 0.580280 0.898838 0.485792 0.609983 0.457191 0.556450
0.155782 0.148845 0.924505 0.049105 0.244430 0.099665 0.616825 0.935976 0.439621 0.662549 0.402310 0.488857
0.082134 0.129868 0.887176 -0.014347 0.261277 0.132201 0.597016 0.939565 0.504409 0.707911 0.411661 0.464136
0.190589 0.070868 0.811856 0.097332 0.254812 0.060654 0.611314 0.887232 0.509372 0.749944 0.332213 0.538823
0.145233 0.130935 0.869901 0.045492 0.215621 0.002111 0.583599 0.838610 0.513205 0.666991 0.437637 0.489920
0.149954 0.189365 0.783070 -0.100707 0.276871 0.077937 0.613483 0.870209 0.548159 0.673521 0.362975 0.528330
0.229757 0.220804 0.842624 0.050182 0.306211 0.040050 0.607711 0.843906 0.423139 0.551965 0.428335 0.503366
0.079182 0.208059 0.833476 -0.055956 0.201532 0.099002 0.595614 0.900653 0.532338 0.579044 0.319025 0.514966
0.145241 0.184439 0.731408 -0.010305 0.233724 0.107874 0.623843 0.849998 0.463649 0.720482 0.355417 0.514020
0.234586 0.124119 0.896570 0.003280 0.211607 0.034358 0.597573 0.932676 0.525052 0.635084 0.421483 0.537344
0.166930 0.216509 0.844821 0.021404 0.299621 0.048459 0.589921 0.901919 0.405728 0.653020 0.444130 0.553693
0.168666 0.238149 0.809891 0.022816 0.273708 0.116025 0.602828 0.895099 0.470211 0.665727 0.378647 0.516194
0.182571 0.235965 0.788972 -0.061664 0.319727 0.111753 0.645878 0.818501 0.450276 0.585280 0.335598 0.467808
0.148329 0.162979 0.951582 -0.021320 0.381676 0.115618 0.575506 0.934852 0.496037 0.625237 0.361034 0.618731
0.087146 0.249188 0.795500 -0.000806 0.186983 0.115541 0.635893 0.833562 0.526312 0.610171 0.376656 0.582851
0.123705 0.143419 0.822035 0.045848 0.218508 0.121225 0.616549 0.906594 0.551648 0.647966 0.400780 0.616806
0.129156 0.163922 0.807880 -0.054581 0.282788 0.181385 0.639321 0.869510 0.471618 0.599420 0.387672 0.545321
0.136892 0.240043 0.880503 0.036024 0.190424 0.027960 0.637677 0.823043 0.484584 0.657395 0.462399 0.560080
0.074296 0.201409 0.910602 -0.025199 0.337211 -0.025044 0.627704 0.926369 0.492409 0.673469 0.404578 0.549631
0.151030 0.157265 0.818445 0.022503 0.262614 0.022787 0.651302 0.799302 0.434873 0.614266 0.438102 0.590805
0.097315 0.154175 0.835138 0.062542 0.215372 0.105915 0.557724 0.845705 0.447055 0.665328 0.390873 0.491483
0.247049 0.230505 0.806914 0.102346 0.292154 0.068521 0.644748 0.869715 0.570956 0.634458 0.310986 0.510633
0.100354 0.203853 0.799550 0.080020 0.301830 0.092946 0.604441 0.901016 0.461724 0.656006 0.423942 0.488008
0.130568 0.150539 0.823314 0.032917 0.272699 0.016997 0.558311 0.919967 0.459876 0.678052 0.365988 0.529682
0.181151 0.204479 0.756198 0.008491 0.314958 0.180977 0.681265 0.839208 0.376936 0.775670 0.406326 0.494747
0.194463 0.121007 0.811193 -0.053604 0.310811 0.176215 0.691901 0.882157 0.499857 0.726301 0.431351 0.461149
0.162138 0.143802 0.837335 0.007210 0.330270 0.145919 0.544802 0.897338 0.416541 0.725039 0.375407 0.602854
0.150106 0.141337 0.833445 -0.037203 0.329081 0.086925 0.583876 0.719329 0.517118 0.604778 0.340945 0.527493
0.140256 0.085870 0.902964 0.062813 0.297013 0.090697 0.641119 0.820141 0.463250 0.585668 0.495164 0.580708
0.174433 0.272915 0.794311 0.036697 0.357192 0.080932 0.661132 0.891043 0.465898 0.719565 0.377619 0.485934
0.139475 0.171873 0.792898 0.005851 0.333779 0.067529 0.694708 0.881311 0.504542 0.589812 0.333284 0.594585
0.194660 0.202590 0.894189 0.026522 0.200324 0.056898 0.646781 0.838538 0.474435 0.593548 0.308428 0.541477
0.056090 0.234728 0.780441 0.022610 0.254234 0.052122 0.595847 0.909893 0.520230 0.659482 0.355552 0.533274
0.120757 0.265620 0.785391 -0.000926 0.290904 0.009538 0.633842 0.884209 0.571515 0.704579 0.393884 0.408550
0.145719 0.287339 0.871508 0.038160 0.224824 0.088285 0.526424 0.868496 0.462351 0.682876 0.400988 0.516617
0.116396 0.182708 0.838303 0.025707 0.295074 0.057416 0.640310 0.925687 0.492968 0.562949 0.371363 0.589172
0.196211 0.201777 0.917743 0.002243 0.237765 0.080111 0.626441 0.871654 0.504987 0.647191 0.361619 0.493880
0.183910 0.163262 0.934298 0.072336 0.202791 0.042771 0.636925 0.915269 0.524548 0.693434 0.346663 0.518083
0.097014 0.229871 0.823993 0.009207 0.348543 0.079068 0.639974 0.823364 0.564401 0.698186 0.362654 0.554267
0.164177 0.189828 0.811587 -0.000765 0.351504 0.044145 0.563825 0.812652 0.495926 0.740650 0.432690 0.646753
0.087379 0.149202 0.829300 0.024744 0.292115 0.077210 0.619060 0.864952 0.508925 0.609473 0.386797 0.585149
0.123980 0.169893 0.878057 -0.066605 0.339452 -0.013148 0.625796 0.963979 0.456661 0.673002 0.406501 0.493615
0.077170 0.222860 0.853847 -0.019139 0.227976 0.045402 0.568764 0.869033 0.502432 0.661444 0.442296 0.454078
0.165174 0.142634 0.815733 0.004530 0.177311 0.053402 0.649511 0.843200 0.472408 0.648851 0.423178 0.561375
0.217412 0.121904 0.804712 0.037646 0.272886 0.037481 0.634175 0.856766 0.485002 0.613024 0.407835 0.591438
0.248608 0.214879 0.875341 0.016836 0.238339 0.077618 0.717040 0.822570 0.571332 0.698576 0.404987 0.597486
0.108904 0.176344 0.809511 0.032411 0.284156 0.096572 0.723110 0.935117 0.549946 0.701172 0.419591 0.513247
0.155265 0.164306 0.871297 -0.017687 0.269084 0.003370 0.633194 0.751145 0.467859 0.628289 0.393380 0.546550
0.246321 0.097127 0.790291 -0.052217 0.213278 0.063890 0.617828 0.839398 0.532817 0.628941 0.422979 0.594909
0.170482 0.192135 0.808871 -0.000617 0.330568 0.037722 0.548513 0.853067 0.506703 0.589588 0.326936 0.550838
0.097161 0.054413 0.848271 0.016638 0.300859 0.018175 0.632248 0.850952 0.462592 0.664796 0.419582 0.581095
0.176631 0.120150 0.853934 0.035277 0.311886 0.143200 0.653009 0.873362 0.520540 0.596518 0.392922 0.639788
0.148273 0.244696 0.886332 0.018068 0.248986 -0.014332 0.583251 0.908034 0.522612 0.714551 0.359824 0.543813
0.133649 0.217428 0.854564 0.119406 0.339728 0.130797 0.608267 0.893214 0.515388 0.640227 0.416810 0.544300
0.135198 0.184404 0.886639 -0.009536 0.232989 0.129779 0.580568 0.870461 0.560863 0.664044 0.360119 0.533282
0.177405 0.180357 0.818500 0.041631 0.280888 0.046993 0.677507 0.918426 0.478228 0.667560 0.376568 0.560303
0.094552 0.127230 0.819895 0.017936 0.213228 0.067671 0.599235 0.826558 0.441942 0.672350 0.399221 0.542431
0.192543 0.204021 0.869170 -0.017289 0.290490 0.128963 0.559046 0.926343 0.446993 0.616035 0.440257 0.494922
0.169910 0.132351 0.998313 0.002360 0.275573 0.041582 0.693438 0.873972 0.516805 0.652278 0.467799 0.486127
0.075595 0.201857 0.830077 0.026704 0.274746 0.069613 0.643211 0.888314 0.438111 0.650117 0.345850 0.496992
0.104611 0.214332 0.874874 -0.014144 0.299571 -0.001107 0.651104 0.912999 0.537225 0.604315 0.471149 0.517838
0.204250 0.163981 0.833125 0.005846 0.292951 0.119926 0.657945 0.772483 0.415180 0.687092 0.390204 0.491647
0.154602 0.202650 0.880143 0.054311 0.237807 0.080129 0.622866 0.866282 0.523688 0.762876 0.415187 0.592964
0.148023 0.157033 0.902877 -0.011454 0.295789 0.045464 0.547653 0.972998 0.508996 0.739484 0.295494 0.418316
0.182000 0.200473 0.776838 0.093061 0.252112 0.153555 0.698040 0.802499 0.452359 0.647445 0.301958 0.571386
0.174896 0.212932 0.835952 0.000277 0.231296 0.059874 0.619639 0.892186 0.598329 0.678762 0.330780 0.536144
0.183833 0.137100 0.841213 0.072420 0.303749 0.106534 0.509829 0.752888 0.597833 0.575568 0.354054 0.488676
0.099400 0.150471 0.865689 0.074701 0.295594 0.111095 0.591307 0.843949 0.496255 0.712764 0.481262 0.456379
0.220259 0.283343 0.857429 0.021286 0.210456 0.059597 0.578626 0.909405 0.533304 0.681884 0.389860 0.492149
0.202386 0.155755 0.871661 -0.009991 0.196595 0.056648 0.604040 0.901152 0.475066 0.688034 0.433976 0.544670
0.080359 0.088461 0.822555 0.071328 0.240175 0.029346 0.689043 0.888318 0.425215 0.671267 0.321912 0.611384
0.236701 0.132439 0.806723 0.037681 0.218160 -0.027218 0.571534 0.850732 0.483491 0.678837 0.428354 0.489870
0.132492 0.171179 0.875803 0.011712 0.227548 0.047861 0.623162 0.932711 0.506025 0.593799 0.342548 0.545557
0.137957 0.175009 0.819261 0.038021 0.333038 0.109361 0.644256 0.821003 0.363367 0.770223 0.449677 0.554607
0.160147 0.130123 0.785468 -0.013565 0.275162 0.016533 0.698482 0.867746 0.561114 0.640404 0.417624 0.505498
0.151580 0.140448 0.926232 0.022180 0.298316 0.104695 0.614358 0.963858 0.500179 0.703026 0.423649 0.578164
0.207873 0.115770 0.812512 0.001439 0.275510 0.028369 0.558744 0.889336 0.493718 0.665288 0.332266 0.493712
0.266104 0.184808 0.772338 0.052768 0.251669 0.015842 0.592379 0.892316 0.477022 0.701813 0.424946 0.500989
0.149404 0.207757 0.896395 -0.057431 0.320983 0.107001 0.546172 0.772084 0.439413 0.670339 0.400942 0.570699
0.135610 0.187068 0.851335 0.024820 0.270009 0.000569 0.582248 0.811316 0.424868 0.661943 0.396225 0.565599
0.115358 0.202156 0.880517 -0.004625 0.275005 0.067178 0.708441 0.804181 0.437835 0.649426 0.407033 0.497561
0.171682 0.153261 0.860769 0.043920 0.246268 0.119065 0.610578 0.847961 0.469122 0.647213 0.429163 0.577128
0.153761 0.142097 0.834995 0.056493 0.286695 0.087695 0.564260 0.947686 0.496215 0.675225 0.400796 0.512297
0.195220 0.217878 0.861167 -0.118077 0.197091 -0.038485 0.643938 0.853366 0.459637 0.581858 0.382811 0.541036
0.167803 0.222164 0.891551 -0.006392 0.318940 0.109544 0.633382 0.900571 0.554266 0.650755 0.324749 0.528460
0.048463 0.191180 0.801742 -0.010177 0.274600 0.155826 0.546275 0.817718 0.462883 0.626692 0.373466 0.502841
0.208590 0.169671 0.929008 -0.089032 0.307474 0.033601 0.647951 0.933612 0.470111 0.722638 0.341540 0.481259
0.157492 0.234538 0.880003 0.019743 0.308843 0.070314 0.664163 0.875121 0.429155 0.559704 0.414510 0.651940
0.150312 0.163990 0.900309 0.063154 0.303019 0.099055 0.637757 0.822869 0.529297 0.771536 0.439128 0.495762
0.154539 0.137961 0.758340 -0.067243 0.256165 0.066569 0.545614 0.935455 0.504947 0.651063 0.406961 0.516020
0.090402 0.120714 0.874644 0.025593 0.328906 0.012452 0.570639 0.917544 0.509075 0.632237 0.326012 0.594727
0.162065 0.241945 0.806469 0.047999 0.286368 0.077836 0.622496 0.768573 0.474117 0.567446 0.431280 0.526196
0.256389 0.207041 0.855896 0.001188 0.259554 0.071287 0.674522 0.890451 0.547629 0.538510 0.382937 0.492595
0.247228 0.111651 0.767424 -0.037490 0.261187 0.045539 0.551409 0.909585 0.439054 0.601573 0.303315 0.512076
0.170353 0.241032 0.875474 -0.022837 0.305985 0.153255 0.603356 0.759763 0.491324 0.693195 0.364475 0.530227
0.182060 0.172998 0.887257 0.045339 0.226471 0.082278 0.599456 0.902188 0.452075 0.593946 0.373670 0.487459
0.103355 0.209448 0.892469 0.026585 0.260590 0.052029 0.531327 0.876405 0.478304 0.661273 0.382566 0.510956
0.073320 0.219624 0.825832 0.069218 0.252983 0.082542 0.605510 0.948021 0.513511 0.713896 0.383353 0.507939
0.149611 0.189320 0.834405 0.011079 0.280070 0.050870 0.715654 0.807924 0.423495 0.647500 0.412524 0.508887
0.045439 0.147939 0.920906 0.053510 0.271307 0.065142 0.548219 0.796059 0.443506 0.641606 0.460411 0.579105
0.154755 0.132929 0.783876 0.005338 0.245383 0.073140 0.572077 0.814526 0.474523 0.608497 0.386539 0.524490
0.193949 0.089398 0.930726 -0.028391 0.320148 0.069298 0.636198 0.743509 0.421806 0.606343 0.363158 0.604266
0.077890 0.242068 0.880523 0.081755 0.315114 0.145453 0.619595 0.856145 0.438990 0.634247 0.306375 0.475854
0.192136 0.129604 0.808084 0.013114 0.298315 0.110450 0.598267 0.790577 0.497296 0.632880 0.436055 0.604578
0.219314 0.115746 0.882759 0.074402 0.302943 0.197111 0.547515 0.907578 0.462199 0.721219 0.402589 0.537940
0.185028 0.150527 0.930641 0.070536 0.321086 0.088290 0.602663 0.910267 0.523357 0.733597 0.374695 0.523707
0.213222 0.177144 0.792440 0.047711 0.221977 0.116839 0.637351 0.783575 0.491379 0.572131 0.381315 0.586792
0.187179 0.175628 0.835177 -0.071180 0.169781 0.066417 0.567490 0.881205 0.459531 0.658947 0.419070 0.628091
0.180142 0.180121 0.879216 -0.047452 0.180627 0.048178 0.583075 0.902080 0.540830 0.622823 0.309491 0.547620
0.137193 0.204937 0.837511 -0.039253 0.375226 0.132708 0.645839 0.852654 0.455322 0.667475 0.362952 0.564199
0.080530 0.154842 0.907845 0.014309 0.218754 0.057793 0.592040 0.921378 0.468779 0.641117 0.411629 0.592585
0.200280 0.253945 0.826800 -0.038475 0.247886 0.098818 0.704584 0.808563 0.480501 0.706206 0.486848 0.526777
0.140546 0.196720 0.984002 0.000682 0.289473 0.063485 0.573444 0.855304 0.424071 0.661412 0.390017 0.499748
0.286477 0.145531 0.767788 0.018425 0.322745 0.132876 0.603394 0.896257 0.485746 0.554018 0.378718 0.535035
0.088795 0.148462 0.822129 -0.007437 0.285624 0.096497 0.602038 0.802744 0.585457 0.658429 0.398461 0.573419
0.091821 0.133025 0.840168 0.024240 0.314372 0.082679 0.617769 0.910043 0.410185 0.676057 0.311235 0.542084
0.184096 0.098189 0.856862 0.019105 0.284015 0.043697 0.687564 0.950942 0.364576 0.715612 0.371958 0.502430
0.064997 0.126269 0.815745 0.063310 0.293207 0.130577 0.543657 0.907790 0.478001 0.648937 0.399013 0.577731
0.095391 0.118680 0.779460 0.088265 0.361838 0.062749 0.719133 0.772635 0.420056 0.708232 0.444640 0.584119
0.106412 0.181955 0.805725 0.051611 0.318931 0.132134 0.642355 0.887877 0.561002 0.687923 0.352210 0.548239
0.118545 0.088930 0.849994 0.036027 0.273153 -0.046161 0.660424 0.969450 0.521290 0.623132 0.414153 0.494153
0.135516 0.174560 0.806511 -0.046657 0.237638 0.102468 0.606928 0.816259 0.479407 0.597619 0.382529 0.544198
0.130536 0.165423 0.744832 -0.019738 0.252849 0.016414 0.748316 0.783461 0.538528 0.589131 0.451084 0.572103
0.141037 0.141846 0.812654 0.078084 0.303075 0.060046 0.611387 0.769091 0.519796 0.726398 0.470820 0.526516
0.189907 0.210309 0.845939 -0.008849 0.342899 0.034087 0.580936 0.944142 0.425251 0.609059 0.429974 0.505264
0.129460 0.224004 0.860862 0.007071 0.275233 0.007456 0.610005 0.857417 0.415899 0.634911 0.390852 0.496256
0.053857 0.133783 0.803744 -0.029786 0.367955 0.055203 0.632581 0.978370 0.432395 0.715575 0.325728 0.553649
0.163106 0.182818 0.843259 -0.055043 0.305314 0.096241 0.668079 0.745895 0.483385 0.626316 0.383030 0.547508
0.208712 0.173416 0.810030 -0.030783 0.242640 0.072340 0.541743 0.838600 0.487348 0.552008 0.320180 0.493199
0.187197 0.288279 0.828211 -0.025354 0.311105 0.074437 0.668955 0.958625 0.495310 0.633785 0.486412 0.661474
0.125465 0.192042 0.888472 -0.059212 0.205563 0.106749 0.635341 0.941314 0.482617 0.605151 0.452061 0.517013
0.236647 0.189902 0.809618 0.041349 0.329350 0.148263 0.648863 0.845479 0.420271 0.493800 0.438226 0.559544
0.101063 0.215558 0.762983 0.052149 0.332660 0.120881 0.582129 0.800289 0.512207 0.588291 0.429943 0.518654
0.135307 0.133139 0.772088 -0.020053 0.220329 0.155709 0.693784 0.858508 0.473990 0.643040 0.409056 0.510791
0.132472 0.086344 0.874357 0.008101 0.331700 0.102618 0.642886 0.853141 0.528482 0.702669 0.436718 0.571925
0.167194 0.205474 0.768319 -0.009090 0.243666 0.038046 0.541851 0.919312 0.501983 0.610519 0.451841 0.600998
0.235253 0.238278 0.959076 0.056693 0.172887 0.052500 0.562899 0.931662 0.420851 0.672343 0.471534 0.592802
0.118236 0.280144 0.880732 0.019651 0.336272 0.082784 0.629400 0.782329 0.499754 0.658729 0.389251 0.607974
0.106204 0.161015 0.884626 -0.007074 0.322707 0.043326 0.576635 0.856740 0.394501 0.723349 0.338857 0.403325
0.114391 0.281319 0.829315 0.084051 0.279872 0.131307 0.517898 0.862915 0.506597 0.589065 0.439838 0.559481
0.128227 0.160626 0.938084 0.016618 0.218603 0.139749 0.583073 0.907593 0.334736 0.611488 0.438446 0.510290
0.121991 0.156247 0.904337 -0.013637 0.243019 0.163665 0.573164 0.796617 0.404461 0.679888 0.394468 0.535198
0.267618 0.134205 0.873943 0.053236 0.251531 0.177249 0.572149 0.782374 0.412073 0.624860 0.416239 0.563481
0.134834 0.142510 0.837843 -0.003111 0.264546 0.095714 0.627133 0.836249 0.521447 0.650649 0.483022 0.569888
0.169904 0.079933 0.828847 0.029914 0.298573 0.111116 0.662906 0.824874 0.558737 0.600816 0.308990 0.594394
0.153597 0.070982 0.776501 0.037889 0.278196 0.139167 0.686982 0.948235 0.473958 0.705611 0.331902 0.525601
0.127344 0.239943 0.776071 -0.006310 0.198805 0.005702 0.714390 0.856746 0.535761 0.554281 0.434283 0.561214
0.176139 0.156413 0.852458 -0.053375 0.205359 0.148006 0.633189 0.991938 0.449291 0.620239 0.424435 0.479201
0.158385 0.155168 0.723073 -0.045203 0.239684 0.131810 0.703268 0.862408 0.431976 0.585076 0.335180 0.506747
0.118022 0.187483 0.847376 -0.012139 0.291106 0.130052 0.639887 0.748637 0.398210 0.707489 0.314360 0.540743
0.240807 0.230002 0.818122 -0.040273 0.319114 0.039069 0.570371 0.931584 0.360297 0.727078 0.379496 0.421086
0.188463 0.159208 0.846271 0.043424 0.296068 0.108295 0.693454 0.918639 0.559796 0.577824 0.459974 0.605567
0.225271 0.263589 0.927292 -0.091545 0.251732 0.047985 0.629664 0.864593 0.595881 0.584521 0.319160 0.508252
0.161380 0.242986 0.883459 -0.023500 0.301807 0.039538 0.606481 0.937233 0.506704 0.706904 0.413874 0.512174
0.163466 0.260177 0.910681 0.065380 0.268030 0.036419 0.635459 0.762313 0.384355 0.674852 0.400409 0.652413
0.201172 0.121823 0.860598 -0.053269 0.269115 0.118253 0.698451 0.893335 0.434007 0.637914 0.486164 0.499559
0.140935 0.122530 0.870570 0.030108 0.264402 0.139582 0.705793 0.838656 0.489339 0.554334 0.491055 0.529666
0.175013 0.215141 0.839724 -0.042336 0.322002 0.104354 0.631384 0.868541 0.460252 0.620367 0.405516 0.574527
0.217809 0.119149 0.797890 -0.044872 0.308846 0.091991 0.551670 0.815945 0.431003 0.610771 0.377124 0.560080
0.148490 0.225082 0.776045 0.066598 0.384067 0.048981 0.701148 0.862804 0.498776 0.633414 0.430425 0.421325
0.173344 0.089368 0.818282 -0.064315 0.221678 0.059540 0.615596 0.825084 0.413188 0.688289 0.407007 0.577809
0.119394 0.174761 0.853328 0.018920 0.302754 0.019246 0.531795 0.833436 0.444308 0.639453 0.335144 0.582238
0.124446 0.081507 0.889113 -0.013364 0.190665 0.072872 0.477348 0.846846 0.508555 0.575831 0.348793 0.533188
0.142891 0.184054 0.852733 -0.037314 0.201124 0.100671 0.638044 0.883474 0.428990 0.675460 0.411209 0.598516
0.064771 0.168902 0.859026 0.069190 0.234338 0.210995 0.664855 0.929016 0.407829 0.626253 0.423219 0.584303
0.143919 0.110003 0.786290 0.069664 0.256807 0.006137 0.668363 0.883550 0.565241 0.711240 0.341483 0.554750
0.148122 0.113548 0.926134 0.091664 0.204559 0.153653 0.591103 0.854418 0.440687 0.700772 0.376143 0.566474
0.160640 0.079365 0.736636 0.052193 0.265443 0.008048 0.589008 0.782894 0.481536 0.630755 0.448100 0.557681
0.191097 0.149534 0.892554 -0.001393 0.423440 0.160474 0.542459 0.914565 0.476604 0.678724 0.456603 0.517336
0.164727 0.089232 0.849537 0.067032 0.269518 0.096818 0.627562 0.923089 0.505221 0.558951 0.404936 0.573300
0.141271 0.249505 0.801687 0.109625 0.267525 0.078788 0.681160 0.899815 0.518691 0.636623 0.355848 0.500511
0.208414 0.280348 0.849144 -0.065370 0.260610 0.027195 0.664247 0.695832 0.551501 0.616230 0.468029 0.545258
0.201661 0.180099 0.866740 -0.032923 0.204331 0.123378 0.718478 0.814640 0.571454 0.665307 0.391529 0.509355
0.078605 0.140980 0.828725 0.004538 0.377884 0.106890 0.689604 0.820677 0.492239 0.604231 0.369667 0.558855
0.126471 0.195258 0.777146 0.038315 0.352300 0.040237 0.552291 0.886937 0.528106 0.651833 0.420780 0.561044
0.171988 0.203908 0.847767 0.019326 0.374146 0.125478 0.677702 0.824852 0.585516 0.633134 0.345764 0.555053
0.152218 0.203602 0.795395 -0.007711 0.259088 0.069123 0.640955 0.840832 0.478039 0.632195 0.376069 0.535592
0.158383 0.234996 0.768910 0.038777 0.273542 0.158107 0.556562 0.902470 0.504219 0.674317 0.427810 0.570332
0.036040 0.167758 0.873031 -0.004411 0.323968 0.094107 0.639269 0.911512 0.463299 0.566531 0.411306 0.458885
0.164120 0.127667 0.852267 0.130902 0.240085 0.223974 0.625648 0.858393 0.490692 0.646689 0.384737 0.544471
0.207304 0.154933 0.803964 -0.018491 0.312541 0.013471 0.640617 0.937067 0.506000 0.672524 0.376797 0.415958
0.125651 0.198512 0.889073 0.024461 0.238185 -0.006160 0.621010 0.833128 0.418718 0.603452 0.417295 0.504022
0.206709 0.136792 0.878206 0.015895 0.399484 0.054895 0.601316 0.933331 0.515042 0.670993 0.403755 0.592168
0.142695 0.177799 0.867267 0.133333 0.248817 0.129074 0.613962 0.860071 0.487250 0.675944 0.344889 0.501849
0.062195 0.154400 0.795351 0.005737 0.174273 0.063340 0.584014 0.796659 0.612120 0.657249 0.337451 0.452832
0.135025 0.200528 0.928152 0.039626 0.244180 0.040787 0.601743 0.844144 0.395414 0.632718 0.399490 0.588022
0.071902 0.108089 0.924576 0.020338 0.244179 0.077708 0.588809 0.825669 0.496615 0.726389 0.359748 0.554727
0.134924 0.128929 0.814297 -0.015773 0.332484 0.019284 0.577965 0.926816 0.487102 0.629237 0.340254 0.479434
0.215516 0.135168 0.840432 0.055079 0.289755 0.078850 0.722879 0.838676 0.479057 0.595365 0.453605 0.548302
0.215494 0.216633 0.799684 0.161458 0.744017 0.759682 0.112961 0.392426 0.591747 0.791135 0.335755 0.475588
0.168641 0.165257 0.735434 0.151593 0.686199 0.821006 0.167132 0.406047 0.345973 0.760459 0.445216 0.517921
0.241007 0.184012 0.796670 0.124283 0.741097 0.744982 0.133389 0.465905 0.381892 0.927592 0.432995 0.579891
0.183326 0.201045 0.800848 0.168181 0.700177 0.774678 0.020612 0.379659 0.486442 0.829957 0.325910 0.481265
0.217183 0.131285 0.845588 0.138617 0.679896 0.816986 0.090757 0.372787 0.433881 0.781310 0.299215 0.477915
0.168449 0.179471 0.887476 0.163236 0.792271 0.728083 0.016097 0.362675 0.378437 0.811812 0.377640 0.536209
0.159408 0.195312 0.831416 0.247774 0.794397 0.733378 0.112584 0.372527 0.335608 0.830400 0.324817 0.488221
0.192082 0.274476 0.817271 0.200622 0.757406 0.779430 0.075597 0.510376 0.294086 0.857229 0.330216 0.476775
0.171013 0.212003 0.975734 0.197490 0.726726 0.773916 0.114991 0.410603 0.412908 0.841443 0.338743 0.484031
0.256990 0.207463 0.786660 0.260999 0.752323 0.822394 0.114811 0.393745 0.392392 0.791850 0.356488 0.531469
0.145929 0.191203 0.863057 0.175467 0.713395 0.751764 0.079494 0.334427 0.393834 0.793528 0.320690 0.488415
0.094452 0.264681 0.759659 0.167045 0.726814 0.821218 0.073807 0.445750 0.391478 0.756698 0.332720 0.505082
0.196897 0.233358 0.805896 0.143612 0.820770 0.819369 0.051776 0.273507 0.364921 0.813781 0.402708 0.464402
0.129642 0.321613 0.826473 0.187755 0.800240 0.794302 0.051626 0.419909 0.332471 0.826006 0.273416 0.494387
0.147748 0.234119 0.822321 0.180987 0.757563 0.701161 0.082834 0.446826 0.368125 0.802438 0.327837 0.431106
0.158794 0.208097 0.810467 0.208665 0.760318 0.775441 0.129932 0.434821 0.399492 0.816372 0.268192 0.400522
0.128225 0.179627 0.818481 0.273131 0.768977 0.705854 0.175946 0.411827 0.325449 0.840404 0.325899 0.465800
0.245055 0.316632 0.755370 0.218217 0.707745 0.805780 0.091294 0.410966 0.360537 0.869693 0.340990 0.567386
0.113849 0.259461 0.850920 0.268965 0.725694 0.768694 0.144378 0.426818 0.453029 0.852337 0.272536 0.560566
0.111837 0.143873 0.808702 0.207282 0.729919 0.672596 0.148580 0.402806 0.423779 0.758611 0.236517 0.540836
0.171714 0.175777 0.735851 0.249592 0.654950 0.709033 0.073751 0.421676 0.390652 0.954471 0.283016 0.474766
0.189384 0.173478 0.839224 0.273790 0.730868 0.751085 0.043494 0.473737 0.376884 0.816788 0.314948 0.450801
0.121896 0.277456 0.838776 0.243252 0.749696 0.740423 0.106402 0.311510 0.466115 0.889232 0.292538 0.580916
0.183208 0.107901 0.864983 0.175832 0.769634 0.807386 0.109314 0.383559 0.527965 0.845362 0.409056 0.493477
0.032089 0.301863 0.843359 0.235189 0.643519 0.706876 0.195180 0.463020 0.466688 0.745731 0.288326 0.499026
0.149759 0.200132 0.809748 0.177162 0.681047 0.719969 0.108842 0.486514 0.461323 0.845785 0.403032 0.469336
0.180751 0.142447 0.807735 0.129879 0.738429 0.753187 0.083872 0.373400 0.335743 0.829530 0.335610 0.497210
0.176780 0.164207 0.809550 0.126074 0.744088 0.811435 0.100686 0.393124 0.417365 0.764710 0.333023 0.518696
0.161947 0.232110 0.864966 0.257781 0.794563 0.742665 0.160721 0.443075 0.349464 0.778275 0.273330 0.359812
0.170609 0.238670 0.802700 0.241117 0.750509 0.773957 0.014501 0.451619 0.339075 0.876843 0.332223 0.550152
0.169202 0.300480 0.744554 0.174425 0.719014 0.756386 0.083559 0.350342 0.444084 0.795628 0.301154 0.458759
0.191217 0.313454 0.821487 0.207377 0.807340 0.786715 0.123598 0.427522 0.406501 0.766573 0.235941 0.446869
0.154395 0.152630 0.834754 0.254501 0.726799 0.763667 0.086767 0.418674 0.364671 0.818790 0.315822 0.585290
0.242899 0.175373 0.771621 0.222958 0.744091 0.759482 0.082020 0.299366 0.280993 0.824914 0.388750 0.483784
0.055552 0.255000 0.853802 0.164005 0.826984 0.756977 0.139792 0.327249 0.325760 0.865101 0.417343 0.512635
0.174196 0.174137 0.842052 0.198657 0.819584 0.818821 0.122075 0.460728 0.346547 0.764983 0.368252 0.471204
0.218207 0.244742 0.877769 0.129291 0.764715 0.668471 0.063392 0.401867 0.349164 0.869443 0.299493 0.449488
0.147456 0.247088 0.863015 0.084513 0.655997 0.878780 0.023643 0.261862 0.440953 0.780964 0.367304 0.520473
0.199935 0.216763 0.789549 0.151488 0.742698 0.724057 0.102504 0.419169 0.361983 0.875632 0.339136 0.507679
0.163779 0.215456 0.791261 0.270673 0.677378 0.833999 0.058765 0.457753 0.365351 0.797909 0.335409 0.467749
0.218818 0.248176 0.886107 0.276054 0.757485 0.822010 0.057648 0.384433 0.402982 0.730459 0.364822 0.425310
0.160902 0.217111 0.833230 0.198936 0.687808 0.765496 0.233540 0.356258 0.392297 0.808949 0.375992 0.457389
0.215618 0.270562 0.784506 0.175344 0.664195 0.850152 0.073554 0.355956 0.320907 0.765738 0.348856 0.498097
0.057429 0.288364 0.760702 0.201207 0.802281 0.797833 0.052453 0.396535 0.353161 0.819905 0.340749 0.441219
0.140791 0.143837 0.844279 0.224665 0.707774 0.692915 0.040174 0.450339 0.334707 0.856200 0.320532 0.533143
0.133347 0.091610 0.869396 0.171390 0.688456 0.769752 0.099690 0.388873 0.263549 0.844788 0.365957 0.412387
0.258249 0.248942 0.802092 0.180973 0.851078 0.754777 0.005248 0.426154 0.348946 0.812009 0.373851 0.467369
0.169826 0.235012 0.896553 0.183355 0.716508 0.796228 0.117619 0.400603 0.391833 0.797519 0.368187 0.498342
0.147254 0.201077 0.841303 0.138844 0.734360 0.798493 0.151384 0.402921 0.347595 0.805800 0.275503 0.569483
0.207071 0.247709 0.786008 0.211751 0.787136 0.772605 0.139940 0.396740 0.412992 0.739003 0.364677 0.525826
0.210045 0.230094 0.858891 0.231406 0.693127 0.747731 0.050737 0.370832 0.387446 0.849109 0.337774 0.531140
0.109145 0.170743 0.802446 0.195739 0.627562 0.756204 0.195161 0.423118 0.295543 0.854939 0.367237 0.431521
0.221257 0.226588 0.911303 0.163581 0.697905 0.789821 0.006634 0.355748 0.355510 0.807779 0.327559 0.447430
0.168658 0.197286 0.783682 0.086667 0.787250 0.787222 0.130296 0.419899 0.363604 0.812007 0.289607 0.470048
0.163012 0.137416 0.811781 0.160902 0.723357 0.783262 0.150410 0.483990 0.355523 0.791321 0.342638 0.530101
0.239190 0.150767 0.760397 0.215358 0.777552 0.728238 0.105339 0.438200 0.463063 0.812598 0.361189 0.422152
0.188603 0.261674 0.822907 0.182005 0.692327 0.734126 0.041697 0.441759 0.421383 0.857569 0.243248 0.438358
0.185587 0.285404 0.838673 0.189444 0.725633 0.808297 0.114780 0.410339 0.367401 0.841116 0.320172 0.524276
0.094375 0.185224 0.752497 0.121902 0.691225 0.806315 0.143387 0.424965 0.440146 0.882020 0.288100 0.466493
0.203477 0.219765 0.866237 0.203972 0.650107 0.799724 0.123903 0.437525 0.340417 0.830721 0.383581 0.538216
0.159596 0.313495 0.868340 0.185354 0.664711 0.747841 0.147459 0.374418 0.387841 0.828351 0.303538 0.518006
0.238696 0.213936 0.834261 0.233852 0.730743 0.757620 0.139886 0.455919 0.307481 0.918852 0.299882 0.564988
0.081209 0.233520 0.919174 0.240825 0.729158 0.793165 0.168976 0.432195 0.366246 0.798458 0.306465 0.464583
0.206666 0.129603 0.808178 0.177414 0.675254 0.803049 0.114473 0.431273 0.390799 0.801500 0.333600 0.495672
0.203819 0.294857 0.885616 0.207130 0.748472 0.725968 0.169841 0.389483 0.335430 0.833698 0.345980 0.542525
0.141337 0.208930 0.877738 0.073994 0.796314 0.772409 0.090478 0.395113 0.308543 0.799246 0.295406 0.539700
0.122519 0.236957 0.841507 0.259136 0.703832 0.742149 0.103078 0.419783 0.386164 0.894810 0.355253 0.519812
0.202288 0.241529 0.897966 0.144430 0.687403 0.742712 0.060088 0.491261 0.476851 0.870469 0.313083 0.490333
0.192226 0.274305 0.838650 0.238237 0.760852 0.770384 0.175160 0.345489 0.402666 0.744566 0.304646 0.487922
0.225252 0.127397 0.803228 0.265864 0.750564 0.850643 0.076037 0.383307 0.416234 0.865259 0.363339 0.451333
0.176477 0.256357 0.745323 0.285386 0.861476 0.831412 0.117568 0.397058 0.274350 0.870643 0.346573 0.430953
0.177768 0.285182 0.863513 0.129994 0.699654 0.712604 0.177515 0.427009 0.444865 0.864722 0.306531 0.619957
0.156191 0.217185 0.815125 0.271024 0.735658 0.791480 0.124175 0.363211 0.367589 0.856693 0.336186 0.496573
0.169194 0.161461 0.826359 0.226649 0.766973 0.778883 0.074570 0.385746 0.384101 0.751610 0.322869 0.498496
0.136334 0.210533 0.826670 0.122649 0.795563 0.758605 0.030114 0.343923 0.337560 0.812767 0.414237 0.493147
0.214090 0.266178 0.811566 0.161127 0.829381 0.678794 0.075383 0.399568 0.355472 0.824064 0.278615 0.550533
0.255197 0.105242 0.810121 0.199891 0.738558 0.774319 0.078487 0.482118 0.393183 0.832013 0.287564 0.494716
0.147327 0.271599 0.832869 0.196798 0.759919 0.824325 0.083299 0.412801 0.310884 0.898292 0.388974 0.587162
0.100121 0.171072 0.744111 0.237447 0.657133 0.779586 0.099900 0.327648 0.465668 0.781341 0.384926 0.587120
0.182184 0.334889 0.730660 0.166740 0.801590 0.777724 0.139817 0.451096 0.378565 0.807114 0.409578 0.401975
0.275807 0.227812 0.848470 0.210742 0.688508 0.785024 0.065661 0.447051 0.432962 0.787751 0.390040 0.528807
0.170313 0.241022 0.756749 0.193223 0.722625 0.701479 0.105196 0.431361 0.351533 0.821844 0.327284 0.577800
0.173025 0.260050 0.793891 0.199742 0.703612 0.766837 0.116501 0.399869 0.380487 0.758781 0.294282 0.494110
0.080793 0.109753 0.834723 0.223232 0.792759 0.888370 0.115952 0.433332 0.384798 0.745370 0.328435 0.529580
0.162962 0.220426 0.837066 0.113127 0.754006 0.690395 0.080907 0.421633 0.377638 0.794084 0.332710 0.506364
0.212501 0.161256 0.746860 0.217343 0.654580 0.799069 0.125264 0.488631 0.464116 0.741773 0.247038 0.554960
0.095041 0.207835 0.812298 0.180767 0.844390 0.727494 0.110571 0.350704 0.350373 0.779515 0.396948 0.445772
0.079876 0.312491 0.817399 0.231235 0.731737 0.700736 0.027983 0.345902 0.286458 0.815777 0.306140 0.450763
0.157228 0.210866 0.797006 0.184822 0.846132 0.664764 0.028323 0.415823 0.370719 0.798095 0.293387 0.570890
0.218213 0.161645 0.838230 0.211911 0.722231 0.775418 0.134355 0.391373 0.431663 0.778074 0.329687 0.493017
0.158868 0.230875 0.816558 0.270657 0.729108 0.755992 0.116160 0.428061 0.435353 0.803432 0.357164 0.442909
0.078446 0.283443 0.823485 0.149440 0.727615 0.784336 0.025501 0.502426 0.363047 0.778855 0.377992 0.357044
0.214423 0.218994 0.866546 0.178193 0.804157 0.831338 0.039557 0.386961 0.423560 0.789308 0.310244 0.371238
0.038598 0.105555 0.789647 0.186005 0.733675 0.677225 0.133710 0.418847 0.333107 0.754124 0.335873 0.459362
0.254697 0.270436 0.755013 0.196220 0.692362 0.782695 0.082875 0.524464 0.327784 0.810532 0.361128 0.458266
0.226184 0.323312 0.779164 0.225283 0.764505 0.733718 0.112605 0.394416 0.381444 0.759737 0.372546 0.521890
0.239166 0.214379 0.853730 0.133781 0.753839 0.770076 0.117807 0.458660 0.474123 0.856505 0.365609 0.535711
0.105177 0.197698 0.880698 0.234842 0.729099 0.770124 0.012522 0.406443 0.308075 0.760036 0.330754 0.530362
0.095090 0.294885 0.800470 0.187206 0.791368 0.824577 0.150635 0.460191 0.315112 0.849396 0.272780 0.452146
0.141231 0.198060 0.767679 0.122227 0.719059 0.727822 0.133395 0.297315 0.414267 0.852696 0.275438 0.473306
0.115226 0.199572 0.835593 0.089802 0.733289 0.751746 0.104635 0.375975 0.353992 0.771927 0.380702 0.473465
0.160689 0.204262 0.780661 0.091355 0.729632 0.750808 0.104597 0.402994 0.384397 0.815656 0.308416 0.428976
0.152244 0.309108 0.817464 0.241119 0.734038 0.691732 0.070218 0.433432 0.380867 0.835708 0.415880 0.492316
0.157100 0.253383 0.756460 0.186515 0.765567 0.748924 0.129981 0.426174 0.470730 0.790388 0.304659 0.512790
0.200111 0.302728 0.882301 0.144718 0.666690 0.815546 0.088852 0.413794 0.362224 0.781683 0.337836 0.533405
0.229230 0.222557 0.871827 0.233961 0.800422 0.807557 0.047901 0.453158 0.356184 0.839241 0.365189 0.458095
0.113204 0.232010 0.729992 0.174976 0.766633 0.725706 0.065820 0.442890 0.415124 0.846643 0.305572 0.596591
0.055752 0.306376 0.856184 0.134490 0.697424 0.734541 0.160927 0.332417 0.421671 0.771587 0.350145 0.552946
0.187557 0.210268 0.879027 0.190649 0.778201 0.775445 0.099383 0.357248 0.363946 0.891400 0.444922 0.674872
0.198183 0.297232 0.820823 0.232043 0.594843 0.743049 0.012795 0.372647 0.307225 0.807541 0.263098 0.455789
0.244148 0.100765 0.927422 0.210139 0.744916 0.768377 0.047258 0.486745 0.381175 0.747820 0.451214 0.523347
0.140729 0.200645 0.817297 0.161150 0.758039 0.727564 0.126273 0.450716 0.341675 0.902979 0.375515 0.549937
0.163100 0.239242 0.777794 0.137511 0.724013 0.745773 0.259865 0.378634 0.360023 0.869450 0.299351 0.514997
0.090069 0.247080 0.854527 0.192622 0.779934 0.746286 0.046915 0.399493 0.370445 0.771374 0.256575 0.498201
0.179742 0.195165 0.774260 0.273757 0.789756 0.780916 0.150306 0.365680 0.420687 0.790242 0.351913 0.510245
0.235180 0.173163 0.792639 0.224788 0.760460 0.759033 0.102523 0.410971 0.398929 0.825064 0.292680 0.550441
0.168231 0.315516 0.792224 0.244385 0.773879 0.831240 0.129480 0.396555 0.391692 0.859224 0.360160 0.389698
0.200246 0.197305 0.867320 0.137005 0.639830 0.811715 0.061318 0.463241 0.320989 0.859078 0.352506 0.405235
0.216155 0.263398 0.818056 0.208362 0.711184 0.822147 0.101807 0.351284 0.325610 0.777260 0.295709 0.484176
0.114923 0.174305 0.797975 0.176798 0.712648 0.777708 0.073698 0.492406 0.480120 0.846906 0.423168 0.490910
0.114569 0.194095 0.741916 0.181302 0.728238 0.703806 0.068979 0.393296 0.394407 0.726167 0.396425 0.455734
0.123132 0.209885 0.820086 0.166888 0.707163 0.753584 0.045723 0.358627 0.370538 0.835039 0.323077 0.414822
0.060835 0.169168 0.856319 0.143887 0.693800 0.811884 0.093403 0.336450 0.431278 0.713995 0.355640 0.470880
0.207331 0.222864 0.796952 0.201451 0.663615 0.760645 0.088668 0.453734 0.328641 0.843971 0.407153 0.553109
0.108804 0.271566 0.870753 0.183984 0.740051 0.779209 0.057557 0.435834 0.340544 0.894257 0.415340 0.442265
0.193428 0.269628 0.801691 0.128762 0.637499 0.753445 0.019260 0.334472 0.361609 0.790453 0.281335 0.523852
0.191613 0.243525 0.781002 0.237935 0.695347 0.803450 0.013244 0.343631 0.431785 0.778495 0.302077 0.494990
0.165883 0.187584 0.782923 0.221748 0.744505 0.792459 0.104267 0.397752 0.413089 0.822571 0.226447 0.464458
0.102847 0.249377 0.803933 0.185935 0.719134 0.728277 0.155419 0.398032 0.393474 0.711957 0.336932 0.504468
0.158096 0.168511 0.709237 0.283494 0.798723 0.715954 0.160070 0.390967 0.405842 0.770636 0.325314 0.597872
0.076520 0.194600 0.852429 0.236922 0.693415 0.823580 0.128437 0.515995 0.389777 0.788888 0.353201 0.436886
0.156440 0.194474 0.783262 0.162217 0.786932 0.844753 -0.002960 0.533465 0.427327 0.781410 0.284298 0.464347
0.179946 0.194060 0.809815 0.236453 0.768791 0.785356 0.081692 0.488946 0.308516 0.765724 0.406241 0.559657
0.221694 0.279115 0.830483 0.186396 0.711951 0.662960 0.158348 0.330460 0.456362 0.799422 0.254007 0.539849
0.186585 0.142011 0.774413 0.222353 0.690365 0.765150 0.178985 0.400794 0.389771 0.768018 0.285866 0.528183
0.137395 0.229262 0.870042 0.264092 0.718847 0.841316 0.170806 0.426107 0.334107 0.746141 0.325736 0.484062
0.203121 0.156013 0.812944 0.251321 0.743646 0.768310 0.082784 0.349986 0.400949 0.782241 0.321439 0.531485
0.164282 0.321001 0.929720 0.207781 0.664807 0.748015 0.087436 0.367164 0.333365 0.732907 0.319337 0.516438
0.174340 0.281061 0.789639 0.229254 0.793164 0.790914 0.077675 0.328545 0.379140 0.766570 0.316424 0.462001
0.134224 0.300411 0.715610 0.251418 0.672954 0.862261 0.095784 0.390248 0.339505 0.781028 0.386399 0.481164
0.179219 0.197369 0.752520 0.113363 0.761039 0.742797 0.045989 0.453036 0.366048 0.892661 0.381209 0.452088
0.266696 0.200988 0.910831 0.129137 0.687700 0.693680 0.102115 0.400433 0.338160 0.812492 0.374559 0.472492
0.059178 0.280586 0.761857 0.205045 0.692882 0.798204 0.107668 0.448813 0.300881 0.823907 0.324464 0.472688
0.148584 0.340317 0.826144 0.183776 0.724539 0.806035 0.124497 0.502404 0.329738 0.773964 0.290473 0.449810
0.100100 0.246619 0.837735 0.228284 0.761612 0.824141 0.170348 0.344605 0.421486 0.811524 0.379836 0.540031
0.243454 0.234961 0.821225 0.164570 0.699997 0.778963 0.127908 0.381234 0.339297 0.893175 0.318731 0.560510
0.156419 0.172730 0.783955 0.119597 0.706597 0.796099 0.121592 0.403679 0.455469 0.876117 0.364234 0.503461
0.166007 0.148599 0.843525 0.172080 0.703044 0.818565 0.088407 0.468721 0.263368 0.710028 0.316108 0.598142
0.211578 0.173146 0.874166 0.135612 0.763099 0.718762 0.116114 0.445554 0.325086 0.785583 0.373191 0.488461
0.201750 0.190860 0.878977 0.199722 0.691622 0.716021 0.066505 0.429146 0.346085 0.875682 0.372944 0.425860
0.179708 0.231498 0.791937 0.090860 0.705428 0.825527 0.142206 0.355349 0.360281 0.915042 0.326275 0.571263
0.166883 0.231908 0.788638 0.167542 0.716785 0.794373 0.151741 0.450156 0.298570 0.817805 0.319343 0.413283
0.107776 0.191902 0.759321 0.174188 0.756117 0.838211 0.070075 0.492128 0.395206 0.765823 0.390648 0.457854
0.151690 0.194039 0.797968 0.160625 0.746004 0.784700 0.055516 0.405648 0.360037 0.802675 0.426650 0.497121
0.083621 0.208115 0.759063 0.235645 0.780196 0.767593 0.133852 0.406083 0.220123 0.794662 0.322253 0.503915
0.092013 0.237713 0.884514 0.223798 0.680667 0.727929 0.117731 0.383332 0.373699 0.813786 0.356857 0.494623
0.165109 0.231125 0.809161 0.162556 0.754339 0.745204 0.151875 0.390106 0.401523 0.911954 0.315643 0.541682
0.203240 0.221874 0.853807 0.221719 0.675805 0.671448 0.119213 0.450934 0.324246 0.771941 0.327240 0.548905
0.100191 0.231950 0.768365 0.178321 0.764633 0.770963 0.109459 0.441839 0.338341 0.803152 0.399454 0.540679
0.138617 0.234650 0.880360 0.225972 0.673642 0.737496 0.107041 0.377634 0.388740 0.864512 0.305859 0.457528
0.128844 0.300565 0.817339 0.279873 0.821951 0.743488 0.046395 0.442186 0.369848 0.726016 0.367252 0.445801
0.117838 0.280713 0.809375 0.096844 0.769505 0.736926 0.140682 0.272672 0.311534 0.830686 0.387821 0.457283
0.180852 0.191032 0.838002 0.223723 0.736860 0.757082 0.026316 0.421926 0.270539 0.840549 0.275677 0.478650
0.197271 0.276274 0.860134 0.188808 0.720245 0.790892 0.027329 0.484251 0.387257 0.817482 0.396781 0.466192
0.143865 0.185300 0.834537 0.179796 0.787253 0.822487 0.165269 0.404668 0.367379 0.824332 0.234677 0.501354
0.097296 0.264705 0.812578 0.098261 0.727606 0.715693 0.167773 0.343012 0.265810 0.776959 0.321957 0.536349
0.109379 0.092255 0.807460 0.211248 0.695831 0.733656 0.083818 0.410519 0.405147 0.849622 0.319658 0.433991
0.304078 0.169410 0.754417 0.221677 0.674643 0.764197 0.087406 0.341556 0.330629 0.858758 0.378664 0.491627
0.109012 0.277743 0.881746 0.171583 0.722283 0.779388 0.065078 0.429260 0.296150 0.753170 0.262887 0.484967
0.194328 0.228451 0.843442 0.226042 0.655509 0.787712 0.201401 0.296752 0.394898 0.835621 0.363510 0.535155
0.197099 0.217622 0.748501 0.118661 0.706554 0.815828 0.148803 0.341982 0.331650 0.782105 0.352283 0.557287
0.191198 0.224082 0.820613 0.149225 0.758530 0.734421 0.092902 0.351029 0.350649 0.812310 0.433501 0.473304
0.171420 0.195381 0.807802 0.238239 0.680730 0.713252 0.056897 0.377975 0.341250 0.825248 0.277454 0.503038
0.143783 0.235360 0.868977 0.239009 0.759746 0.773234 0.040001 0.331099 0.321526 0.728187 0.309145 0.426773
0.143085 0.201967 0.834615 0.211677 0.669400 0.805381 0.163547 0.385869 0.348542 0.901954 0.272185 0.480370
0.138795 0.268326 0.715083 0.239311 0.783065 0.734991 0.119446 0.349899 0.432420 0.850902 0.357565 0.463984
0.184341 0.236269 0.903837 0.150257 0.692476 0.771815 0.026385 0.492917 0.468562 0.847472 0.325603 0.511650
0.199995 0.225130 0.747959 0.102091 0.721485 0.807691 0.048233 0.412635 0.422408 0.862655 0.358808 0.445149
0.156896 0.280487 0.871231 0.240209 0.677775 0.676423 0.172072 0.405958 0.352408 0.827286 0.315342 0.556816
0.215307 0.201816 0.803593 0.168118 0.704795 0.820960 0.091652 0.370786 0.370128 0.795484 0.348423 0.405479
0.162765 0.182524 0.904908 0.146542 0.752966 0.784606 0.060886 0.379317 0.322401 0.754927 0.316877 0.424274
0.198838 0.111677 0.774221 0.142250 0.627586 0.734742 0.081229 0.473473 0.450621 0.779787 0.287155 0.595757
0.175056 0.223894 0.832828 0.162136 0.808357 0.760065 0.129094 0.371214 0.457530 0.774393 0.378069 0.458846
0.172934 0.248140 0.882742 0.216918 0.755444 0.786807 0.110068 0.388405 0.321449 0.768301 0.314919 0.445341
0.087741 0.213996 0.864272 0.207976 0.710279 0.759408 0.076012 0.487666 0.451334 0.842857 0.300387 0.481155
0.185879 0.217322 0.835501 0.243739 0.698203 0.782664 0.156446 0.417491 0.325363 0.834371 0.259341 0.540853
0.238185 0.220574 0.765530 0.261673 0.659071 0.811331 0.073943 0.399620 0.361431 0.843583 0.320907 0.467517
0.229441 0.136426 0.786354 0.238501 0.684389 0.819202 0.136464 0.466040 0.377225 0.904723 0.354136 0.479773
0.136344 0.244721 0.797422 0.174413 0.703970 0.739298 -0.000387 0.427147 0.421523 0.752411 0.277227 0.567396
0.242601 0.254347 0.781830 0.143378 0.867913 0.799244 0.127257 0.391537 0.362686 0.787425 0.253053 0.478297
0.110698 0.146469 0.765659 0.238008 0.728717 0.745767 0.059886 0.393288 0.379787 0.800632 0.345573 0.533670
0.152263 0.198168 0.816234 0.180178 0.714676 0.747858 0.061905 0.378351 0.376595 0.861163 0.300565 0.542296
0.124023 0.198845 0.798216 0.230234 0.792519 0.739123 0.095902 0.492227 0.510613 0.773824 0.375909 0.515925
0.136910 0.152551 0.702104 0.200444 0.672697 0.752906 0.034974 0.386320 0.372079 0.850546 0.337076 0.498195
0.106640 0.188528 0.782295 0.227154 0.712806 0.815321 0.162691 0.399775 0.332863 0.787332 0.406913 0.442837
0.101463 0.140019 0.857972 0.224818 0.778785 0.738945 0.103371 0.407820 0.442526 0.799515 0.332148 0.524889
0.187889 0.239184 0.843721 0.159714 0.665569 0.730553 0.065812 0.361564 0.442080 0.810032 0.322822 0.474368
0.224823 0.198743 0.800461 0.139206 0.706497 0.763494 0.064273 0.463399 0.393964 0.803253 0.331584 0.442206
0.291110 0.225233 0.743735 0.169348 0.702132 0.820873 0.051073 0.355335 0.321358 0.785428 0.288657 0.566050
0.153884 0.155603 0.815251 0.267736 0.766050 0.716270 -0.011213 0.459322 0.271928 0.782542 0.402648 0.545303
0.161440 0.150088 0.846073 0.232300 0.723077 0.690858 0.080713 0.429002 0.437342 0.912479 0.423254 0.539451
0.144606 0.232145 0.740929 0.208738 0.737419 0.797721 0.072435 0.458728 0.423420 0.735859 0.376521 0.514186
0.107290 0.275284 0.835733 0.223157 0.746022 0.771366 0.126290 0.404070 0.278541 0.813743 0.263564 0.444338
0.228506 0.102761 0.774016 0.113096 0.707497 0.709081 0.068361 0.367610 0.442260 0.809053 0.295004 0.536513
0.185218 0.096918 0.805845 0.206309 0.726223 0.752310 0.079516 0.463043 0.327592 0.814907 0.361317 0.607337
0.165978 0.230771 0.824463 0.193545 0.786752 0.687907 0.104435 0.450450 0.318589 0.827774 0.309858 0.525319
0.180408 0.145100 0.853799 0.168408 0.774728 0.762667 0.157192 0.433818 0.324160 0.784085 0.328228 0.452897
0.132200 0.214980 0.845771 0.251156 0.783005 0.717770 0.073111 0.324408 0.365154 0.747178 0.336683 0.552119
0.144799 0.313223 0.910780 0.205016 0.654140 0.726942 0.098711 0.416594 0.303141 0.812216 0.342576 0.468995
0.156010 0.240168 0.823953 0.254997 0.810481 0.824176 0.160197 0.377283 0.368315 0.759892 0.389769 0.564467
0.226162 0.213739 0.866558 0.116308 0.811228 0.663171 0.160006 0.396271 0.306861 0.808707 0.368982 0.470872
0.229837 0.143092 0.879504 0.164936 0.739835 0.784719 0.099943 0.418298 0.346023 0.865625 0.330854 0.465606
0.243227 0.207783 0.923126 0.220350 0.730205 0.767313 0.061477 0.325453 0.439935 0.822062 0.370380 0.441286
0.158236 0.179230 0.836882 0.093669 0.724382 0.720590 0.106312 0.379877 0.362319 0.698049 0.451151 0.513273
0.149285 0.173252 0.788179 0.147565 0.776127 0.772492 0.236059 0.344482 0.325488 0.779610 0.363707 0.548803
0.139768 0.239903 0.859252 0.234947 0.751301 0.741445 -0.008406 0.383838 0.350059 0.839510 0.294818 0.473895
0.105486 0.173000 0.780201 0.222458 0.785380 0.751967 0.120314 0.484182 0.321481 0.840409 0.343466 0.511909
0.190119 0.236450 0.825164 0.115707 0.716607 0.791674 0.035969 0.381666 0.396926 0.785476 0.468233 0.502140
0.197034 0.199696 0.764791 0.163197 0.736380 0.734575 0.169171 0.393565 0.416466 0.848918 0.422811 0.502775
0.233871 0.153445 0.853333 0.177549 0.736149 0.790409 0.128426 0.412246 0.360242 0.875571 0.327319 0.514870
0.131300 0.190339 0.840083 0.203884 0.788053 0.840259 0.090132 0.399777 0.303063 0.790967 0.339451 0.504663
0.128287 0.142292 0.841362 0.227578 0.823110 0.774083 0.075787 0.382714 0.420485 0.786302 0.325558 0.489910
0.275944 0.255163 0.866641 0.289049 0.686983 0.772434 0.102933 0.336607 0.414623 0.865808 0.411493 0.467915
0.194659 0.262576 0.911111 0.266718 0.703598 0.769485 0.070489 0.352483 0.490473 0.794615 0.366201 0.438310
0.201226 0.221365 0.786280 0.185929 0.704724 0.761458 0.047759 0.429444 0.362061 0.759264 0.384654 0.472111
0.121349 0.233115 0.919816 0.197128 0.719079 0.735308 0.068848 0.484047 0.337377 0.850932 0.399422 0.532166
0.168164 0.230205 0.809255 0.177709 0.775384 0.777443 0.038899 0.356735 0.375515 0.786919 0.294911 0.456887
0.210557 0.278759 0.801181 0.135872 0.710099 0.776470 0.106435 0.361512 0.412712 0.799440 0.328675 0.465241
0.101561 0.192203 0.885640 0.146091 0.730515 0.727958 0.137708 0.330976 0.356370 0.874124 0.345290 0.529265
0.096054 0.203470 0.756754 0.157410 0.787649 0.803389 0.106620 0.398823 0.270936 0.762316 0.443554 0.493301
0.156796 0.179749 0.714420 0.162394 0.705755 0.812008 0.136660 0.459354 0.350155 0.764798 0.357451 0.556833
0.262873 0.210787 0.806942 0.147939 0.778949 0.756803 0.127251 0.384203 0.469394 0.851295 0.375701 0.573539
0.140693 0.223220 0.950287 0.109636 0.785423 0.741986 0.140016 0.281057 0.391846 0.805016 0.298296 0.521183
0.142730 0.110198 0.780854 0.191772 0.799392 0.781504 0.081050 0.389069 0.378450 0.939084 0.245680 0.484619
0.158557 0.234968 0.852697 0.178636 0.740198 0.793168 0.122821 0.405840 0.385017 0.837206 0.352305 0.446946
0.231772 0.163846 0.672987 0.208266 0.628832 0.704015 0.163437 0.461912 0.436990 0.854911 0.299007 0.475749
0.139649 0.184784 0.777210 0.224573 0.746055 0.773074 0.149829 0.372361 0.381634 0.776888 0.421559 0.441361
0.197654 0.163597 0.816454 0.260574 0.774698 0.826939 0.114340 0.344824 0.385926 0.803991 0.325874 0.498466
0.179674 0.279830 0.810763 0.183709 0.677893 0.847018 0.190183 0.354982 0.409601 0.808223 0.290323 0.536227
0.190665 0.253380 0.848707 0.266187 0.764860 0.840546 0.019009 0.466030 0.328908 0.850355 0.377012 0.511885
0.116366 0.145232 0.786291 0.311720 0.674825 0.858674 0.179373 0.384749 0.388543 0.781270 0.315865 0.437055
0.126308 0.219818 0.780293 0.201084 0.861316 0.697363 0.026498 0.376592 0.328914 0.714128 0.330318 0.500681
0.153417 0.204208 0.975291 0.233479 0.763021 0.697504 0.043462 0.426633 0.406214 0.779477 0.318217 0.454636
0.193733 0.304332 0.791456 0.206309 0.719381 0.748282 0.162667 0.453062 0.386277 0.845068 0.366194 0.472669
0.236159 0.168246 0.817191 0.284130 0.842324 0.781447 0.068973 0.390045 0.313948 0.750231 0.344661 0.399549
0.063301 0.200173 0.759807 0.059247 0.670612 0.747691 0.152594 0.411620 0.268454 0.841819 0.316368 0.521297
0.225250 0.206134 0.840914 0.263729 0.689104 0.818492 0.115770 0.397430 0.296401 0.850704 0.316912 0.530441
0.138049 0.235810 0.786803 0.222045 0.662261 0.704326 0.138832 0.392513 0.408128 0.814848 0.330793 0.499105
0.100595 0.263101 0.912090 0.211506 0.685087 0.824060 0.175072 0.341722 0.349576 0.796605 0.383223 0.422079
0.196582 0.215645 0.779068 0.217515 0.759566 0.750465 0.067209 0.387158 0.529504 0.802091 0.234486 0.537738
0.089185 0.237645 0.759522 0.157397 0.755416 0.801309 0.156613 0.295406 0.437017 0.785932 0.346250 0.537231
0.128921 0.221337 0.835142 0.122574 0.710344 0.789257 0.076075 0.496712 0.370712 0.832891 0.291471 0.477719
0.089661 0.184361 0.792227 0.130850 0.808822 0.706207 0.083652 0.415020 0.340874 0.785979 0.334231 0.534743
0.210060 0.259132 0.824983 0.161073 0.779090 0.838594 0.124701 0.351279 0.530680 0.778302 0.285099 0.585143
0.207283 0.273643 0.820361 0.223878 0.684250 0.828279 0.194892 0.324364 0.379436 0.799049 0.284540 0.416261
0.160963 0.161055 0.808855 0.235838 0.757846 0.885335 0.114691 0.444355 0.502262 0.704743 0.322764 0.562876
0.124994 0.144879 0.775856 0.234190 0.793668 0.756873 0.106469 0.430474 0.374222 0.910372 0.449433 0.512406
0.130913 0.207996 0.870089 0.114036 0.651704 0.812430 0.095189 0.449554 0.405745 0.890518 0.437267 0.543674
0.139397 0.201957 0.881369 0.291075 0.728347 0.746964 0.147595 0.380373 0.363844 0.887184 0.309877 0.382817
0.175280 0.303212 0.746057 0.219493 0.761224 0.742781 0.166291 0.363753 0.304226 0.776023 0.318844 0.487117
0.118971 0.212369 0.867888 0.191412 0.724630 0.703160 0.141478 0.392727 0.374684 0.856489 0.429111 0.428700
0.108819 0.201679 0.809013 0.103209 0.711147 0.744777 -0.011499 0.442822 0.451795 0.843325 0.402597 0.494221
0.117341 0.205442 0.721743 0.229192 0.691768 0.772792 0.123294 0.427184 0.359016 0.808313 0.325877 0.549858
0.133482 0.195632 0.792118 0.281736 0.721620 0.755911 0.040648 0.402904 0.356358 0.780562 0.297840 0.454013
0.114277 0.255862 0.818239 0.159633 0.665932 0.795558 0.139925 0.432164 0.405440 0.808601 0.379593 0.442256
0.127576 0.252413 0.889638 0.129345 0.718828 0.726938 0.115211 0.403787 0.309746 0.795553 0.347656 0.468730
0.157402 0.255734 0.864896 0.143113 0.755899 0.784164 0.077085 0.453275 0.424852 0.841691 0.284336 0.470489
0.105088 0.286551 0.819109 0.165538 0.779154 0.827886 0.078458 0.396781 0.346854 0.844278 0.272506 0.629446
0.157321 0.242984 0.905720 0.239872 0.734881 0.797524 0.077855 0.393705 0.449498 0.779296 0.405948 0.560983
0.196217 0.227757 0.881548 0.180230 0.813263 0.787352 0.102789 0.279996 0.376127 0.773307 0.442808 0.485838
0.116627 0.356618 0.761214 0.206357 0.740168 0.701346 0.084317 0.351345 0.399550 0.803390 0.328356 0.470694
0.152763 0.256704 0.894054 0.129629 0.849975 0.675134 0.169624 0.387703 0.316968 0.711139 0.389348 0.480938
0.183204 0.237581 0.814819 0.177507 0.698529 0.823996 0.149738 0.517845 0.434479 0.769864 0.229331 0.564715
0.172874 0.149661 0.859069 0.187360 0.644545 0.758160 0.030887 0.465532 0.372212 0.829282 0.325345 0.484410
0.120259 0.238805 0.709276 0.177306 0.681468 0.724657 0.240971 0.347138 0.453262 0.706112 0.326595 0.453958
0.150392 0.203273 0.789251 0.277658 0.776530 0.837572 0.101706 0.401615 0.373237 0.845554 0.317934 0.483029
0.153915 0.302844 0.706738 0.232746 0.843907 0.869267 0.130608 0.425231 0.344629 0.787660 0.206654 0.482227
0.215944 0.311891 0.921592 0.202468 0.769188 0.755691 0.109319 0.325301 0.377668 0.850224 0.299629 0.502082
0.193437 0.221120 0.906125 0.188838 0.721076 0.789439 0.087368 0.422284 0.331819 0.928096 0.386763 0.558352
0.163516 0.206934 0.717955 0.263245 0.793572 0.742936 0.075369 0.436322 0.409256 0.793155 0.336231 0.434485
0.167862 0.213155 0.737647 0.203265 0.689213 0.821661 0.107702 0.442985 0.321755 0.826060 0.335747 0.463284
0.244883 0.248710 0.763991 0.167871 0.674761 0.766650 0.109212 0.422627 0.423027 0.818730 0.333356 0.543007
0.237684 0.164981 0.808279 0.178661 0.739761 0.769406 0.107796 0.498604 0.380553 0.852263 0.358280 0.468084
0.148846 0.154647 0.868627 0.277286 0.734533 0.781392 0.186780 0.430728 0.378429 0.768982 0.376123 0.453628
0.200359 0.256708 0.889333 0.260519 0.778098 0.821425 0.114210 0.470176 0.387689 0.805362 0.343886 0.548507
0.150211 0.264446 0.814373 0.149162 0.740774 0.789008 0.065498 0.441736 0.373198 0.791426 0.309364 0.586439
0.151341 0.269782 0.902989 0.181851 0.695692 0.746733 0.073172 0.310231 0.364840 0.845182 0.296495 0.567571
0.160376 0.167471 0.879558 0.179123 0.715382 0.798234 0.181108 0.464634 0.376921 0.766950 0.290804 0.539744
0.178228 0.189717 0.777766 0.075990 0.675264 0.681993 0.141420 0.363455 0.346610 0.856696 0.374649 0.510156
0.141944 0.222782 0.834450 0.173143 0.738276 0.844265 -0.036968 0.426462 0.318958 0.794827 0.291886 0.507503
0.163254 0.212070 0.813528 0.222742 0.710557 0.784794 0.138048 0.327844 0.354424 0.851411 0.189957 0.549689
0.187539 0.187107 0.786296 0.170168 0.781989 0.770994 0.071312 0.478206 0.362531 0.758896 0.309782 0.494922
0.253400 0.193190 0.932116 0.232290 0.688991 0.788598 0.157700 0.481490 0.281841 0.845114 0.303461 0.457331
0.147882 0.222545 0.853031 0.221092 0.775976 0.768847 -0.040855 0.500228 0.307580 0.830376 0.313103 0.573877
0.189023 0.306617 0.763763 0.259707 0.760089 0.718662 0.004746 0.326868 0.364974 0.750466 0.302621 0.494643
0.122524 0.197048 0.930068 0.159143 0.734570 0.709361 0.153983 0.390872 0.451628 0.845367 0.364400 0.369465
0.103061 0.179431 0.832314 0.240229 0.693686 0.795318 0.009658 0.351143 0.317672 0.820638 0.382079 0.524651
0.072724 0.208070 0.911051 0.281205 0.814682 0.637658 0.208330 0.355650 0.325064 0.790524 0.247580 0.455017
0.253210 0.260424 0.781325 0.132709 0.724276 0.789600 0.154328 0.324372 0.447019 0.741839 0.320567 0.420934
0.165025 0.260690 0.826414 0.147297 0.693854 0.725111 0.155457 0.390555 0.270707 0.803836 0.257695 0.510749
0.209655 0.140279 0.768724 0.280718 0.729033 0.736780 0.017952 0.397166 0.351360 0.785884 0.366402 0.425229
0.116586 0.188352 0.767703 0.275232 0.787550 0.794749 0.197500 0.383340 0.277955 0.897356 0.312770 0.396424
0.108902 0.208748 0.787702 0.228778 0.646047 0.855725 0.132653 0.399431 0.456259 0.802295 0.287144 0.490623
0.178507 0.161275 0.828463 0.213511 0.748403 0.726160 0.142866 0.396403 0.271282 0.823920 0.255447 0.513482
0.198242 0.201563 0.796066 0.196031 0.707584 0.844425 0.018284 0.421311 0.402498 0.867829 0.397154 0.476732
0.105624 0.215502 0.744519 0.153749 0.766524 0.800563 0.157468 0.260856 0.420218 0.740251 0.299409 0.494183
0.205686 0.272756 0.791136 0.237416 0.816185 0.762933 0.078226 0.394493 0.373085 0.845284 0.331987 0.512920
0.155587 0.213856 0.812333 0.174278 0.771884 0.803938 0.093045 0.378921 0.371461 0.799843 0.309858 0.488167
0.100533 0.228950 0.779918 0.208880 0.741746 0.812225 0.068834 0.363578 0.303132 0.705687 0.454064 0.542366
0.162764 0.253057 0.817254 0.252532 0.772479 0.755539 0.009371 0.431698 0.396783 0.856858 0.288399 0.509341
0.166466 0.277976 0.796016 0.178048 0.588764 0.779629 0.131052 0.442347 0.388655 0.833149 0.332160 0.460857
0.143342 0.290077 0.806000 0.273460 0.748840 0.828795 0.124724 0.497004 0.210094 0.822931 0.349813 0.491268
0.275212 0.298031 0.841877 0.166394 0.709304 0.854581 0.087167 0.415637 0.306586 0.825266 0.359349 0.544385
0.105168 0.114249 0.807026 0.221288 0.755203 0.721809 0.083791 0.350416 0.360900 0.787066 0.284550 0.392511
0.094690 0.253831 0.777407 0.248743 0.738122 0.704436 0.165992 0.401137 0.352162 0.870551 0.312197 0.527321
0.122854 0.226966 0.749094 0.239109 0.633172 0.710704 0.132164 0.382852 0.376527 0.909717 0.321654 0.466139
0.286228 0.189025 0.899053 0.149556 0.679018 0.764760 0.047010 0.371021 0.391486 0.755405 0.224360 0.413830
0.163588 0.200422 0.844012 0.204472 0.837771 0.858110 0.069721 0.403607 0.392610 0.834011 0.265640 0.600034
0.145085 0.243247 0.790692 0.202805 0.755580 0.787561 0.136364 0.452929 0.288350 0.746730 0.262448 0.524388
0.174140 0.243726 0.780036 0.236259 0.656685 0.751966 0.150063 0.423830 0.445893 0.785064 0.304547 0.583216
0.155867 0.212287 0.833203 0.071841 0.802205 0.730797 0.145848 0.470730 0.452950 0.893511 0.255892 0.497555
0.095515 0.330944 0.817579 0.180406 0.742851 0.801693 0.087958 0.332835 0.409952 0.810935 0.303056 0.502933
0.185141 0.189301 0.766031 0.162082 0.806920 0.779785 0.079538 0.403929 0.357700 0.812813 0.388925 0.526033
0.093894 0.288247 0.838980 0.254595 0.730896 0.805725 0.111073 0.384283 0.378734 0.850158 0.363049 0.592674
0.110599 0.226961 0.858730 0.191092 0.709876 0.844166 0.111724 0.469695 0.411518 0.792075 0.271503 0.508827
0.234228 0.306965 0.907739 0.113919 0.786133 0.800364 0.120543 0.347328 0.415714 0.821782 0.333276 0.411065
0.189855 0.213703 0.822207 0.210925 0.689584 0.792644 0.140158 0.416263 0.326666 0.826976 0.279172 0.604378
0.256707 0.232817 0.821452 0.232395 0.710483 0.729375 0.219774 0.400313 0.465930 0.851163 0.384122 0.465102
0.102479 0.236409 0.798643 0.177405 0.781764 0.700448 0.065257 0.409952 0.453918 0.809518 0.391424 0.504468
0.148570 0.287669 0.786224 0.200686 0.792929 0.719516 0.059163 0.519432 0.449954 0.813816 0.310118 0.495850
0.190176 0.254369 0.848894 0.181304 0.743484 0.745926 0.099441 0.391840 0.318818 0.823229 0.329969 0.462736
0.126906 0.358342 0.810580 0.247876 0.806711 0.745328 0.087663 0.370198 0.331702 0.846114 0.275733 0.469114
0.043174 0.250334 0.861691 0.204616 0.674234 0.768569 0.051295 0.515891 0.477054 0.796427 0.376730 0.527297
0.181402 0.275216 0.823864 0.134916 0.729802 0.835440 0.106293 0.401742 0.419919 0.862117 0.333975 0.483867
0.164037 0.290659 0.869634 0.193778 0.772812 0.760413 0.096592 0.404162 0.426684 0.812085 0.260220 0.482339
0.131183 0.221970 0.771794 0.205412 0.712582 0.751735 0.051334 0.499427 0.422226 0.804320 0.230326 0.375899
0.090204 0.150214 0.771917 0.163947 0.661067 0.740017 0.088235 0.313893 0.448731 0.824761 0.293937 0.425082
0.112348 0.247237 0.866433 0.295914 0.805678 0.668191 0.074568 0.381812 0.374648 0.807470 0.331062 0.501735
0.197058 0.150493 0.833729 0.066638 0.760441 0.802494 0.125116 0.372530 0.353137 0.849811 0.370655 0.492053
0.211393 0.223811 0.833555 0.259337 0.730583 0.689946 0.066908 0.487554 0.327164 0.791953 0.364802 0.572955
0.144843 0.191295 0.769234 0.140463 0.759113 0.775604 0.110342 0.340446 0.422219 0.854114 0.345835 0.522280
0.110660 0.196411 0.741082 0.208890 0.751058 0.696683 0.086238 0.398776 0.429195 0.779311 0.376955 0.488833
0.161914 0.264491 0.795267 0.199929 0.678742 0.786747 0.021240 0.383951 0.339384 0.838827 0.278579 0.456348
0.209001 0.303441 0.829517 0.205166 0.838825 0.805216 0.056548 0.444718 0.280055 0.869409 0.294769 0.543362
0.137495 0.256489 0.843175 0.229567 0.760130 0.791412 0.102222 0.370256 0.379318 0.775375 0.305889 0.581808
0.109472 0.181686 0.792267 0.170182 0.747747 0.794881 0.058733 0.419186 0.384263 0.882103 0.353429 0.468540
0.203043 0.099163 0.683640 0.220633 0.756591 0.799774 0.048919 0.414380 0.300319 0.840198 0.305447 0.563112
0.147122 0.247946 0.838460 0.180118 0.686286 0.817882 -0.021302 0.449717 0.369765 0.784393 0.372292 0.544756
0.100624 0.212442 0.852491 0.207585 0.707613 0.744687 0.090443 0.308759 0.337252 0.889008 0.307316 0.447399
0.137685 0.277264 0.763544 0.190834 0.779192 0.803473 0.048497 0.390306 0.443993 0.821238 0.328153 0.531273
0.188310 0.191290 0.824848 0.258183 0.737510 0.758543 0.187516 0.371548 0.373558 0.847245 0.347840 0.467091
0.123822 0.187866 0.807547 0.193173 0.716004 0.805908 0.070527 0.420088 0.314015 0.917971 0.345331 0.510017
0.162045 0.184977 0.873496 0.198719 0.707264 0.914419 0.129402 0.330783 0.378814 0.791808 0.411683 0.455176
0.160788 0.332357 0.849056 0.221618 0.803388 0.805453 0.102570 0.413403 0.360157 0.846547 0.349612 0.545719
0.123233 0.244992 0.836230 0.162819 0.777437 0.779501 0.110459 0.327271 0.409868 0.818874 0.288417 0.522557
0.176086 0.317838 0.754911 0.209320 0.802736 0.759061 0.139202 0.387778 0.355650 0.840718 0.307024 0.505382
0.152142 0.165328 0.835830 0.256963 0.808299 0.774953 0.116710 0.374351 0.414781 0.785833 0.315414 0.474919
0.234284 0.262936 0.836603 0.154716 0.738600 0.836916 0.051297 0.304883 0.390152 0.825816 0.338803 0.480507
0.142570 0.206672 0.830968 0.206418 0.770686 0.783284 0.144382 0.272548 0.410433 0.743438 0.250236 0.445430
0.119813 0.182026 0.852439 0.153329 0.720296 0.763527 0.058087 0.480677 0.452018 0.779942 0.214679 0.462157
0.136989 0.231177 0.851567 0.146967 0.807646 0.755548 0.121399 0.353803 0.456538 0.820479 0.350356 0.454296
0.211805 0.267629 0.842247 0.173935 0.805362 0.837225 0.143774 0.326603 0.376089 0.792750 0.366107 0.621186
0.143036 0.238543 0.851294 0.208675 0.703270 0.718908 0.146194 0.332480 0.398973 0.822165 0.300875 0.476702
0.152083 0.164100 0.861851 0.149974 0.722119 0.783420 0.078144 0.504990 0.347237 0.851787 0.365573 0.540829
0.177068 0.096137 0.812808 0.198350 0.727183 0.769869 0.215069 0.384819 0.449410 0.717772 0.376741 0.361361
0.141996 0.198286 0.855395 0.193430 0.653170 0.695811 0.112624 0.389631 0.380188 0.748054 0.308092 0.435640
0.201030 0.215830 0.845976 0.168479 0.764885 0.756370 0.072906 0.367002 0.330762 0.830255 0.273606 0.603419
0.115956 0.234966 0.869653 0.137468 0.760507 0.781407 0.009898 0.348068 0.384333 0.882391 0.216748 0.445804
0.100271 0.215352 0.803867 0.231263 0.813583 0.838700 0.092112 0.528953 0.380876 0.820664 0.293388 0.567219
0.226217 0.055988 0.800968 0.137672 0.729354 0.721190 0.097776 0.361045 0.402120 0.785165 0.246247 0.568753
0.193313 0.300333 0.744080 0.242472 0.732459 0.763750 0.043267 0.354634 0.367713 0.857998 0.294847 0.598242
0.127620 0.281803 0.757781 0.189831 0.679829 0.743787 0.016014 0.429308 0.358333 0.807115 0.328066 0.561868
0.296246 0.193040 0.835805 0.216643 0.642209 0.682726 0.092414 0.435061 0.364893 0.802732 0.314466 0.483160
0.210384 0.236588 0.838739 0.210841 0.724807 0.826991 0.010677 0.373943 0.346475 0.855695 0.220516 0.500021
0.110359 0.143034 0.916819 0.118899 0.747991 0.753970 0.105578 0.419220 0.348688 0.799288 0.375876 0.475015
0.165253 0.169004 0.848991 0.197070 0.686593 0.692023 0.102565 0.378860 0.322515 0.801974 0.359554 0.542445
0.124588 0.194835 0.884793 0.184543 0.651524 0.691691 0.165470 0.376940 0.363393 0.818694 0.267244 0.440474
0.128822 0.194929 0.829439 0.121822 0.705316 0.775632 0.153103 0.484001 0.363138 0.838024 0.365454 0.567940
0.166654 0.255435 0.833259 0.221637 0.720803 0.793682 0.023197 0.398320 0.284336 0.905036 0.416573 0.494358
0.162166 0.203111 0.736882 0.111919 0.715613 0.779846 0.065965 0.477662 0.388394 0.856535 0.364505 0.408862
0.157509 0.273502 0.752520 0.253150 0.690852 0.736000 0.123772 0.385586 0.384686 0.844328 0.332111 0.493276
0.259674 0.195815 0.851801 0.152669 0.726157 0.769008 0.133627 0.357722 0.448027 0.871702 0.342040 0.463622
0.098027 0.247827 0.840210 0.291210 0.739701 0.925177 0.101928 0.421593 0.435529 0.813202 0.308004 0.482620
0.182789 0.224023 0.749346 0.178054 0.727600 0.782706 0.120900 0.365759 0.422570 0.833733 0.304093 0.477883
0.146800 0.220045 0.835622 0.231683 0.755736 0.845761 0.067165 0.426636 0.349630 0.766336 0.298801 0.513950
0.075381 0.274006 0.790345 0.193993 0.643977 0.758055 0.087485 0.405334 0.445528 0.883519 0.438242 0.414513
0.175931 0.262588 0.824886 0.228092 0.724945 0.794523 0.137878 0.400914 0.397175 0.850109 0.264832 0.468581
0.194852 0.093580 0.834363 0.285196 0.704213 0.742722 0.160381 0.431869 0.424219 0.859788 0.342840 0.483696
0.174906 0.264705 0.800421 0.174683 0.708095 0.788202 0.090615 0.424632 0.422084 0.781253 0.294408 0.541242
0.116243 0.242996 0.825809 0.225816 0.806765 0.724252 0.111789 0.334652 0.483842 0.875940 0.374590 0.505713
0.209952 0.198906 0.818743 0.251054 0.779228 0.782743 0.078017 0.357810 0.372079 0.772116 0.346583 0.432675
0.174071 0.120977 0.802010 0.262694 0.739081 0.764931 0.084893 0.441206 0.254042 0.865079 0.277002 0.557817
0.166245 0.257743 0.877705 0.126192 0.676204 0.775202 0.079923 0.431258 0.447073 0.827416 0.353925 0.468725
0.136677 0.163992 0.802066 0.218157 0.808219 0.680711 0.103201 0.379974 0.295042 0.754575 0.307493 0.434190
0.128035 0.295060 0.878958 0.242813 0.791071 0.839441 0.180114 0.378043 0.339717 0.783738 0.374183 0.537684
0.205597 0.220776 0.885514 0.170168 0.856635 0.724429 0.064662 0.415473 0.391873 0.820125 0.250267 0.474494
0.179777 0.250927 0.827775 0.146639 0.794739 0.814630 0.126471 0.397066 0.187298 0.951833 0.343031 0.412960
0.181877 0.239765 0.755601 0.303741 0.658663 0.753068 0.013323 0.390784 0.283845 0.864624 0.288004 0.533772
0.075731 0.176786 0.914126 0.173671 0.764780 0.777093 0.038223 0.320300 0.356725 0.782543 0.402989 0.610295
0.150333 0.156339 0.775145 0.248102 0.702926 0.768890 0.080344 0.394941 0.325965 0.732095 0.334996 0.541794
0.149136 0.228116 0.835119 0.145866 0.735207 0.783657 0.064578 0.352981 0.359250 0.776071 0.332452 0.458616
0.168783 0.202514 0.896740 0.125787 0.681986 0.855097 0.096663 0.404312 0.347840 0.759433 0.321758 0.531263
0.163201 0.290113 0.835441 0.202565 0.784747 0.728020 0.073796 0.387592 0.382711 0.711990 0.348187 0.535249
0.293909 0.227937 0.743100 0.260966 0.753591 0.783309 0.204121 0.378528 0.352863 0.811208 0.314122 0.493650
0.186413 0.175962 0.747299 0.235939 0.695439 0.784075 0.132128 0.330815 0.210160 0.806778 0.384892 0.539799
0.125796 0.276386 0.912340 0.261491 0.732117 0.779145 0.059013 0.406507 0.412943 0.819774 0.340303 0.382337
0.147766 0.289473 0.846226 0.250514 0.805119 0.762683 0.166469 0.440497 0.399736 0.818747 0.310212 0.525537
0.160801 0.268418 0.768016 0.191080 0.597411 0.818763 0.128916 0.422256 0.317679 0.834423 0.296601 0.548806
0.148776 0.183174 0.770122 0.157063 0.715632 0.687748 0.020715 0.384543 0.401588 0.735185 0.286894 0.470750
0.191819 0.161770 0.858178 0.161639 0.671468 0.845380 0.081310 0.380895 0.389265 0.799078 0.288809 0.517557
0.240739 0.284875 0.784902 0.267431 0.777035 0.711946 0.086336 0.456036 0.372691 0.827042 0.334897 0.499101
0.183529 0.215933 0.810285 0.201399 0.768413 0.749292 0.090845 0.408230 0.450307 0.798116 0.285535 0.506286
0.139398 0.177377 0.778352 0.189663 0.737759 0.783124 0.096750 0.364271 0.392444 0.791973 0.339338 0.464618
0.129276 0.154883 0.822114 0.171798 0.773783 0.829368 0.034951 0.347045 0.324482 0.830466 0.222576 0.467207
0.078151 0.285905 0.923921 0.131983 0.730015 0.781449 0.116742 0.420211 0.347547 0.804862 0.305849 0.437762
0.205441 0.250559 0.776799 0.187886 0.804623 0.757189 0.180451 0.332565 0.400665 0.769818 0.385836 0.603667
0.134366 0.212654 0.878588 0.202905 0.788690 0.808920 0.151049 0.487413 0.366224 0.832058 0.381465 0.526562
0.160769 0.155012 0.877148 0.322346 0.693930 0.799107 0.095363 0.391997 0.363855 0.844731 0.268185 0.437737
0.201392 0.232447 0.819609 0.234748 0.818008 0.740969 0.163848 0.345479 0.333447 0.832256 0.347922 0.519671
0.146174 0.183733 0.828285 0.214094 0.709180 0.746901 0.114569 0.347186 0.326931 0.796688 0.313650 0.479502
0.169120 0.207586 0.853695 0.131150 0.767411 0.822778 0.106955 0.426967 0.313141 0.828131 0.288877 0.456164
0.172272 0.110350 0.763808 0.157966 0.611835 0.766726 0.033699 0.437453 0.394801 0.859210 0.330746 0.523484
0.194937 0.214313 0.900429 0.192998 0.696493 0.746721 0.090692 0.423333 0.418313 0.773416 0.307139 0.439309
0.156327 0.213576 0.805411 0.214034 0.722133 0.759278 0.099029 0.352673 0.394742 0.834367 0.357440 0.464477
0.147729 0.251822 0.893243 0.210908 0.671797 0.741248 0.106799 0.448639 0.360411 0.807535 0.397630 0.478278
0.185754 0.188734 0.780904 0.126278 0.736681 0.758973 0.109200 0.433643 0.389171 0.851115 0.332247 0.392124
0.146045 0.250193 0.771707 0.304818 0.724568 0.775641 0.076198 0.355092 0.424930 0.813824 0.373235 0.507407
0.182470 0.276165 0.771400 0.162749 0.698209 0.801762 0.095289 0.401897 0.336544 0.825202 0.417159 0.512549
0.202522 0.159735 0.792516 0.174621 0.766547 0.755516 0.128013 0.438997 0.365732 0.871601 0.336698 0.458715
0.132309 0.251455 0.803657 0.168726 0.710999 0.773351 0.123367 0.480867 0.325476 0.893833 0.346388 0.547830
0.214196 0.181979 0.846955 0.150864 0.724771 0.748601 0.030825 0.457983 0.319368 0.772535 0.365104 0.560529
0.056347 0.244558 0.842801 0.166661 0.697939 0.747484 0.157104 0.358389 0.445212 0.737434 0.338734 0.472214
0.245753 0.202971 0.852435 0.262141 0.827781 0.703055 0.178062 0.342421 0.364646 0.757931 0.423482 0.483657
0.128687 0.200601 0.835134 0.246261 0.731449 0.847458 0.069656 0.498623 0.407580 0.847990 0.404749 0.458874
0.049142 0.231289 0.736970 0.204972 0.730301 0.837957 0.072410 0.449110 0.440399 0.814068 0.337882 0.474709
0.040130 0.158191 0.856419 0.242457 0.731147 0.828452 0.184504 0.366067 0.420886 0.817302 0.378704 0.551474
0.115641 0.155111 0.816205 0.245656 0.707778 0.699443 0.043479 0.442758 0.305884 0.812023 0.261209 0.505064
0.088661 0.256323 0.756128 0.222043 0.737554 0.864195 0.048329 0.424922 0.390410 0.753570 0.429687 0.438879
0.190005 0.157098 0.835576 0.205957 0.760066 0.740224 0.094233 0.472142 0.404667 0.783398 0.264383 0.490146
0.150649 0.261765 0.873197 0.132997 0.699458 0.749867 0.151584 0.436161 0.356590 0.836995 0.249751 0.575101
0.127754 0.227952 0.843206 0.214731 0.562606 0.848619 0.178711 0.400083 0.378864 0.759756 0.421196 0.357942
0.165738 0.203923 0.845265 0.199030 0.725189 0.784866 0.027461 0.416173 0.367772 0.807528 0.313537 0.600948
0.128016 0.134864 0.830205 0.205061 0.736433 0.789748 0.133687 0.393935 0.377422 0.754732 0.379004 0.455250
0.166093 0.228311 0.829580 0.152668 0.717346 0.690673 0.107252 0.399079 0.401425 0.796626 0.237448 0.561249
0.183755 0.161387 0.866031 0.141991 0.834529 0.788300 0.162405 0.411621 0.324212 0.805659 0.376315 0.474289
0.124508 0.257079 0.776089 0.166556 0.624097 0.829558 0.022267 0.338176 0.336233 0.763533 0.370629 0.550307
0.234897 0.255111 0.863705 0.209591 0.574865 0.767471 0.108619 0.403570 0.339068 0.809277 0.278060 0.482658
0.182702 0.170440 0.887665 0.133897 0.646770 0.763269 0.168143 0.438699 0.459450 0.774405 0.327071 0.415853
0.243273 0.206368 0.898282 0.196347 0.718793 0.758068 0.157334 0.411470 0.405114 0.764537 0.303011 0.505876
0.186216 0.226288 0.827835 0.259328 0.743002 0.854248 0.106679 0.366656 0.383977 0.775631 0.389464 0.526128
0.150819 0.171450 0.847240 0.126360 0.760802 0.715890 0.056648 0.458481 0.448337 0.801227 0.309998 0.499566
0.141271 0.157183 0.803582 0.183955 0.745358 0.786461 0.089487 0.398479 0.405364 0.856016 0.304099 0.515055
0.233778 0.277843 0.853357 0.174153 0.718369 0.812871 0.144247 0.328871 0.332539 0.843498 0.321769 0.539930
0.209230 0.277209 0.782909 0.211373 0.712048 0.728025 0.108478 0.355171 0.255895 0.872316 0.305036 0.477601
0.126101 0.207179 0.826772 0.157710 0.689143 0.752342 0.209802 0.358593 0.376429 0.794959 0.377775 0.424250
0.228442 0.225638 0.786687 0.234049 0.751314 0.818345 0.164600 0.385413 0.338929 0.870774 0.261419 0.425927
0.192025 0.239931 0.811093 0.225563 0.674979 0.672624 0.064240 0.415562 0.413330 0.692254 0.385147 0.507023
0.163277 0.203547 0.807621 0.182192 0.677833 0.675596 0.166403 0.390133 0.391900 0.831388 0.355082 0.499146
0.151089 0.255719 0.869408 0.275598 0.744052 0.844546 0.136811 0.394532 0.286351 0.811628 0.423144 0.507052
0.209836 0.239134 0.856223 0.201487 0.674385 0.743391 0.080613 0.432753 0.289683 0.867650 0.308757 0.458440
0.135826 0.231863 0.777223 0.132833 0.715946 0.696895 0.045622 0.370009 0.389722 0.691667 0.292255 0.484232
0.209531 0.246675 0.836949 0.157724 0.726661 0.795741 0.101072 0.346127 0.465954 0.761574 0.312199 0.410664
0.079831 0.281147 0.783477 0.226121 0.712089 0.756262 0.037965 0.352735 0.392905 0.828426 0.267263 0.577030
0.105023 0.369039 0.843121 0.255809 0.656561 0.762958 0.122365 0.454245 0.481712 0.776698 0.332889 0.418847
0.178703 0.282241 0.837488 0.231940 0.663257 0.768921 0.126032 0.422297 0.364009 0.763282 0.294420 0.472734
0.140262 0.244504 0.690956 0.257699 0.799194 0.801471 0.023818 0.422901 0.317838 0.765931 0.398112 0.571165
0.175474 0.177483 0.728421 0.214195 0.751686 0.792148 0.070237 0.368177 0.417609 0.936244 0.299472 0.454455
0.271376 0.304025 0.725170 0.214395 0.781817 0.819312 0.079877 0.441550 0.357334 0.809248 0.395727 0.531190
0.136776 0.148179 0.801789 0.218197 0.748563 0.734712 0.057379 0.442919 0.347362 0.768040 0.242343 0.446845
0.056330 0.241039 0.881396 0.096756 0.673786 0.721019 0.089578 0.387541 0.332084 0.820478 0.319223 0.517580
0.146257 0.250627 0.811391 0.115132 0.714573 0.762006 0.061649 0.427744 0.349321 0.851853 0.352313 0.546941
0.089915 0.189119 0.860923 0.181006 0.723173 0.789505 0.107091 0.425306 0.408446 0.769893 0.241054 0.508717
0.142857 0.264040 0.781443 0.245726 0.772951 0.751089 0.070694 0.340573 0.395379 0.878321 0.380159 0.491462
0.204699 0.271376 0.826110 0.272529 0.683568 0.751970 0.069914 0.380289 0.342863 0.794169 0.380934 0.560182
0.136186 0.207831 0.719766 0.280909 0.861480 0.857943 0.126053 0.465631 0.350283 0.862366 0.320853 0.621955
0.218551 0.195776 0.806565 0.248433 0.643357 0.762388 0.062053 0.420692 0.305528 0.788610 0.337287 0.500094
0.124166 0.228990 0.830303 0.229684 0.778638 0.783530 0.181060 0.380832 0.357385 0.893925 0.332570 0.404901
0.174637 0.301348 0.846427 0.229269 0.763607 0.713594 0.102623 0.452000 0.314961 0.707327 0.352273 0.472657
0.154440 0.170665 0.856686 0.237312 0.831278 0.722736 0.127265 0.422369 0.327778 0.778946 0.276994 0.447603
0.120127 0.249655 0.739776 0.197948 0.811461 0.766251 0.128530 0.345225 0.382611 0.725481 0.319882 0.499084
0.057443 0.287920 0.788216 0.137548 0.704683 0.724911 0.092273 0.445636 0.372752 0.712204 0.283852 0.531823
0.238215 0.253979 0.945043 0.194191 0.684253 0.891904 0.094060 0.483487 0.376779 0.894736 0.361739 0.439424
0.195674 0.197256 0.852690 0.186516 0.671138 0.888652 0.119664 0.360015 0.373253 0.779453 0.338239 0.461992
0.141192 0.282754 0.756072 0.270640 0.798240 0.756078 0.125164 0.465484 0.305613 0.875063 0.301348 0.475503
0.219314 0.184905 0.746521 0.198881 0.729353 0.816799 0.044499 0.404488 0.323220 0.790736 0.275317 0.566645
0.188873 0.274736 0.849247 0.206942 0.664840 0.835740 0.147712 0.431185 0.377083 0.747023 0.314811 0.448119
0.124861 0.277348 0.819870 0.130892 0.742704 0.804957 0.118416 0.464437 0.423460 0.813963 0.390290 0.534009
0.213151 0.283996 0.896872 0.166235 0.708803 0.723503 -0.025104 0.401393 0.277514 0.855306 0.295633 0.501544
0.163126 0.213486 0.854177 0.284978 0.720097 0.679114 0.046715 0.353118 0.354919 0.750329 0.247285 0.491325
0.117141 0.171958 0.873424 0.182087 0.604699 0.682087 0.196312 0.359263 0.302161 0.769681 0.336632 0.403203
0.223652 0.238568 0.893297 0.237146 0.758414 0.858258 0.157281 0.388059 0.392617 0.821574 0.380335 0.471155
0.221582 0.166006 0.781067 0.201696 0.735025 0.725487 0.064463 0.406077 0.391283 0.873318 0.411603 0.466302
0.101281 0.231067 0.836819 0.181550 0.808344 0.828075 0.125937 0.287282 0.378277 0.814478 0.269812 0.403118
0.125749 0.252182 0.831494 0.267464 0.793375 0.770824 0.128737 0.464017 0.390056 0.827106 0.347792 0.536248
0.200687 0.208888 0.806127 0.228245 0.717485 0.789368 0.094444 0.373332 0.371349 0.735123 0.343188 0.522356
0.192544 0.132902 0.841346 0.154134 0.832824 0.680936 0.153312 0.437370 0.467308 0.829116 0.320952 0.533156
0.106185 0.170651 0.720898 0.167084 0.800044 0.725617 0.089303 0.386153 0.404263 0.862743 0.360483 0.584433
0.137822 0.250574 0.695063 0.241303 0.778410 0.742841 0.148141 0.330783 0.325987 0.810793 0.350450 0.483361
0.125436 0.227365 0.852754 0.128293 0.810166 0.827254 -0.018479 0.366419 0.327528 0.828955 0.332999 0.463531
0.210245 0.134680 0.873694 0.366004 0.608890 0.742902 0.297363 0.409405 0.417469 0.784104 0.360053 0.537953
0.228432 0.263062 0.845096 0.093874 0.722227 0.765182 0.156413 0.371632 0.341247 0.798545 0.320446 0.464965
0.209357 0.217313 0.801336 0.143732 0.743677 0.822364 0.073312 0.447956 0.290345 0.716084 0.361940 0.507603
0.273171 0.245541 0.830839 0.233796 0.711352 0.806393 -0.023010 0.438968 0.380497 0.916884 0.262202 0.500161
0.157872 0.260782 0.828429 0.224887 0.769747 0.720320 0.062667 0.499315 0.484592 0.834533 0.264204 0.448454
0.217424 0.252699 0.853285 0.212898 0.718328 0.809077 0.094516 0.359629 0.363759 0.797562 0.390199 0.518020
0.138392 0.277575 0.750436 0.231827 0.676870 0.803504 0.132498 0.464157 0.397633 0.776924 0.331344 0.494776
0.114651 0.218547 0.833948 0.220363 0.773560 0.765860 0.096781 0.405913 0.328509 0.764298 0.365656 0.514703
0.180668 0.179712 0.782161 0.179355 0.744249 0.770326 0.011004 0.440838 0.349718 0.900677 0.308221 0.507121
0.203215 0.178375 0.722679 0.118637 0.704298 0.728134 -0.003347 0.447808 0.452530 0.751873 0.292070 0.530542
0.130272 0.225008 0.866469 0.226640 0.721347 0.778423 0.210137 0.384556 0.421578 0.773997 0.349326 0.542466
0.140087 0.238394 0.812704 0.209725 0.760840 0.765767 0.033783 0.354328 0.388772 0.877650 0.331087 0.352121
0.175232 0.251647 0.825838 0.253690 0.638221 0.825631 0.081776 0.398204 0.406730 0.750963 0.353065 0.425772
0.273679 0.219613 0.806014 0.220660 0.697019 0.712694 0.036157 0.363769 0.398431 0.777981 0.309296 0.442444
0.132642 0.177494 0.803685 0.243106 0.655114 0.771468 0.133053 0.435295 0.429844 0.831076 0.429044 0.546017
0.186977 0.168011 0.843125 0.188811 0.771954 0.822116 0.039469 0.450073 0.367990 0.760049 0.300093 0.466992
0.110070 0.210894 0.789457 0.146965 0.670411 0.789483 0.160799 0.455604 0.356328 0.752985 0.410478 0.454924
0.179769 0.173700 0.794491 0.232179 0.731685 0.820787 0.088086 0.378876 0.365174 0.840514 0.302721 0.510226
0.100290 0.311012 0.803024 0.282994 0.704581 0.702864 0.110625 0.375471 0.382333 0.835853 0.353234 0.507499
0.171977 0.227698 0.814851 0.208374 0.722411 0.762416 0.104239 0.340302 0.402055 0.825484 0.342419 0.581925
0.223963 0.200734 0.815329 0.260808 0.788486 0.743757 0.062455 0.381736 0.415602 0.859868 0.328620 0.522911
0.199998 0.244770 0.921464 0.192346 0.706229 0.730794 0.028143 0.377603 0.434113 0.751169 0.372409 0.528980
0.113287 0.179630 0.872273 0.165761 0.668153 0.812110 0.155815 0.400240 0.416662 0.797813 0.356317 0.509243
0.082658 0.201370 0.844848 0.220571 0.819383 0.827146 0.119672 0.407083 0.392393 0.803729 0.306348 0.470017
0.173702 0.204764 0.831752 0.211244 0.743283 0.846479 0.122946 0.367953 0.379789 0.926714 0.365617 0.555116
0.147199 0.210885 0.749319 0.169147 0.638294 0.801853 0.081413 0.360829 0.367165 0.834128 0.237943 0.575344
0.132643 0.306459 0.816460 0.138265 0.743438 0.743798 0.069037 0.401337 0.336902 0.949696 0.303780 0.537854
0.275413 0.278119 0.868166 0.109630 0.710130 0.850649 0.176090 0.471633 0.340020 0.793012 0.329424 0.532166
0.141506 0.206462 0.781543 0.210135 0.728304 0.779808 0.088527 0.420530 0.402171 0.803047 0.337508 0.585884
0.215668 0.233561 0.795491 0.247892 0.754522 0.729166 0.104592 0.397012 0.352526 0.893856 0.371165 0.427155
0.187478 0.246365 0.756721 0.220644 0.760124 0.764129 0.152931 0.489487 0.394073 0.771824 0.206642 0.518612
0.164609 0.216698 0.822145 0.194640 0.696828 0.764379 0.089162 0.393297 0.414100 0.770440 0.318156 0.569566
0.199039 0.117927 0.834828 0.192946 0.741368 0.786997 0.191621 0.399063 0.259301 0.748273 0.317121 0.472266
0.141873 0.260702 0.848740 0.218980 0.691313 0.733698 0.106228 0.404072 0.358845 0.827144 0.378719 0.477055
0.127975 0.200433 0.795505 0.147760 0.750480 0.685216 0.073955 0.369276 0.413810 0.742027 0.309369 0.550412
0.172185 0.243137 0.788179 0.212048 0.772242 0.786496 0.047160 0.320719 0.349991 0.777338 0.390902 0.492028
0.210509 0.232309 0.802649 0.269952 0.717887 0.764407 0.153808 0.369314 0.335531 0.844362 0.249623 0.441921
0.123635 0.232018 0.868847 0.180329 0.802989 0.757353 0.099938 0.423626 0.470431 0.792861 0.319388 0.468659
0.174566 0.236189 0.826272 0.160377 0.735884 0.827613 0.149697 0.391738 0.416176 0.730691 0.251215 0.513689
0.182066 0.282853 0.902018 0.241787 0.606216 0.664084 0.050945 0.466942 0.335724 0.844627 0.320884 0.516031
0.205525 0.159936 0.765327 0.217714 0.713708 0.833658 0.143504 0.404014 0.291753 0.803478 0.356341 0.515050
0.119306 0.199453 0.789014 0.189650 0.725502 0.725176 0.098401 0.448977 0.340591 0.888106 0.298820 0.501911
0.189954 0.209663 0.864692 0.315517 0.697993 0.807202 0.091542 0.403676 0.324460 0.832416 0.323418 0.418961
0.185403 0.249538 0.848878 0.236523 0.824900 0.788219 0.102509 0.335788 0.477085 0.771295 0.352466 0.500097
0.133020 0.189749 0.867075 0.179171 0.759993 0.699929 0.001669 0.452567 0.395016 0.803200 0.361619 0.409993
0.119127 0.209092 0.895559 0.228895 0.717507 0.898833 0.141214 0.460928 0.394753 0.864758 0.303237 0.430871
0.142987 0.179962 0.800924 0.205012 0.823778 0.840127 0.133465 0.330753 0.380260 0.756480 0.321492 0.445828
0.043530 0.139908 0.772236 0.232198 0.728984 0.742150 0.056551 0.379011 0.396065 0.663196 0.374776 0.454089
0.155830 0.226164 0.840775 0.162497 0.716654 0.792893 0.152494 0.369346 0.328627 0.798434 0.373000 0.546789
0.266823 0.203398 0.738917 0.198322 0.689488 0.806264 0.041535 0.398192 0.376628 0.925689 0.369812 0.484332
0.236590 0.194602 0.862655 0.210258 0.660111 0.931700 0.113764 0.331239 0.401486 0.802325 0.379701 0.391167
0.172278 0.219676 0.837074 0.222960 0.740326 0.759091 0.068161 0.435615 0.337529 0.877484 0.363035 0.503812
0.218052 0.234473 0.810180 0.189457 0.665153 0.744068 0.099658 0.376294 0.316474 0.800465 0.294129 0.494895
0.121271 0.230281 0.857332 0.115340 0.769810 0.750613 0.073875 0.473559 0.382241 0.770070 0.339864 0.438510
0.147342 0.236350 0.824100 0.192364 0.830922 0.763758 0.070809 0.490729 0.285039 0.819957 0.304788 0.422045
0.179912 0.166836 0.853404 0.251964 0.733003 0.755446 -0.000613 0.378018 0.440384 0.841998 0.319836 0.560114
0.212990 0.151730 0.810298 0.241151 0.660575 0.733793 0.049127 0.381362 0.351764 0.848414 0.305380 0.441939
0.267061 0.221653 0.851831 0.204771 0.743948 0.692878 0.125309 0.415900 0.277571 0.807724 0.274535 0.514762
0.190635 0.211924 0.886596 0.196996 0.715959 0.873774 0.128258 0.370621 0.416039 0.818642 0.294620 0.470784
0.208438 0.253520 0.756703 0.219252 0.722533 0.669509 0.081539 0.338627 0.405979 0.766431 0.282095 0.531221
0.142169 0.337322 0.895776 0.243930 0.772404 0.752542 0.061382 0.333629 0.446913 0.677804 0.320609 0.583080
0.159563 0.267200 0.812476 0.198360 0.779689 0.743528 0.137086 0.422458 0.393086 0.803729 0.270540 0.551193
0.249447 0.143991 0.827945 0.170832 0.720908 0.763126 0.074553 0.298281 0.394246 0.916708 0.350057 0.502341
0.178567 0.264458 0.810397 0.223157 0.731115 0.639097 0.027011 0.389966 0.370229 0.866610 0.327851 0.500910
0.173523 0.304450 0.831353 0.152838 0.847804 0.789618 0.128704 0.426356 0.294607 0.801223 0.351859 0.468613
0.181987 0.072396 0.785803 0.279732 0.771438 0.822611 0.063143 0.428102 0.401922 0.776355 0.316809 0.461970
0.217793 0.187004 0.774129 0.278313 0.806571 0.892372 0.036752 0.330347 0.439507 0.683687 0.320237 0.564280
0.153951 0.160878 0.775658 0.159119 0.755748 0.827448 0.222632 0.338245 0.331126 0.770166 0.355523 0.509562
0.148372 0.125119 0.775611 0.200855 0.725218 0.722704 0.114796 0.363654 0.386475 0.804324 0.331673 0.456285
0.150465 0.206999 0.767364 0.168380 0.708749 0.790926 0.062057 0.426060 0.421888 0.843198 0.331421 0.539822
0.124330 0.256297 0.858976 0.225744 0.745830 0.840666 0.074579 0.306504 0.369350 0.786007 0.376388 0.492508
0.190329 0.349900 0.848027 0.184071 0.739841 0.738170 0.088107 0.444410 0.351249 0.791509 0.376396 0.508402
0.142921 0.204581 0.719861 0.261472 0.698877 0.812302 0.096602 0.543805 0.363493 0.870636 0.365085 0.507561
0.183050 0.218971 0.706634 0.108931 0.743129 0.820054 0.053620 0.509684 0.391707 0.850985 0.385401 0.514322
0.164262 0.188909 0.758646 0.263506 0.772052 0.729212 0.072284 0.434002 0.431810 0.775359 0.335006 0.554000
0.131612 0.191868 0.817652 0.221914 0.691932 0.720791 0.051097 0.369288 0.365989 0.786214 0.275439 0.418969
0.177073 0.250646 0.853673 0.210179 0.715414 0.804357 0.145413 0.365204 0.389478 0.738138 0.282368 0.472791
0.147930 0.274420 0.834314 0.265029 0.653397 0.818887 0.144883 0.339649 0.375161 0.853525 0.339324 0.405413
0.173144 0.159583 0.760439 0.274472 0.684075 0.865012 0.135980 0.365059 0.405913 0.847805 0.255597 0.536899
0.249307 0.244893 0.919323 0.187391 0.682033 0.737912 0.099787 0.491442 0.462195 0.764932 0.356456 0.520524
0.200223 0.264486 0.882959 0.127068 0.720117 0.768142 0.021323 0.414232 0.383814 0.879450 0.411548 0.424126
0.154946 0.146856 0.849113 0.200146 0.668937 0.825530 0.077926 0.452058 0.391339 0.743592 0.455634 0.440529
0.181148 0.178064 0.869748 0.193584 0.726243 0.680675 0.140354 0.318447 0.380584 0.854954 0.336672 0.498891
0.053954 0.160724 0.905976 0.114968 0.695540 0.777294 0.049145 0.385710 0.400717 0.859405 0.386673 0.437078
0.115728 0.252597 0.820417 0.266577 0.682717 0.793251 0.075041 0.449132 0.355004 0.721364 0.334268 0.603611
0.144228 0.115877 0.824507 0.178123 0.715052 0.816315 0.143675 0.364970 0.357381 0.740601 0.335573 0.516336
0.337598 0.095624 0.866756 0.226208 0.702971 0.777089 0.061707 0.419327 0.415790 0.771885 0.285419 0.461314
0.110314 0.190649 0.832558 0.261088 0.686726 0.839384 0.093188 0.376408 0.391888 0.727730 0.374429 0.494456
0.119573 0.263343 0.776616 0.127962 0.767588 0.775643 0.175129 0.457162 0.407544 0.748703 0.280137 0.469651
0.165896 0.205119 0.789152 0.266373 0.686337 0.770170 0.144116 0.359917 0.311168 0.784988 0.366448 0.527144
0.182246 0.155562 0.792626 0.135390 0.672879 0.724118 0.026798 0.459981 0.380485 0.847384 0.278555 0.506891
0.193424 0.248464 0.835360 0.180925 0.813199 0.729758 0.116782 0.429825 0.333631 0.824239 0.313019 0.419067
0.097655 0.253812 0.802834 0.287531 0.741514 0.837511 0.022301 0.369989 0.351808 0.794569 0.406696 0.511264
0.084057 0.334794 0.803292 0.240428 0.736867 0.839845 0.088504 0.432071 0.340321 0.832211 0.372513 0.472243
0.117454 0.233631 0.917205 0.232167 0.752699 0.798208 0.100310 0.465743 0.340910 0.799479 0.317918 0.467707
0.165767 0.204187 0.839623 0.165604 0.747807 0.759168 0.104135 0.450300 0.344764 0.861711 0.290387 0.568846
0.155389 0.156693 0.810042 0.190650 0.724663 0.819492 0.127223 0.480720 0.424173 0.862468 0.395631 0.578101
0.219084 0.137754 0.852007 0.193412 0.635825 0.806861 0.048463 0.335839 0.349755 0.774698 0.289452 0.438723
0.245308 0.116214 0.862910 0.118471 0.729953 0.774751 0.069297 0.531446 0.436335 0.888809 0.333378 0.409299
0.209494 0.266532 0.918254 0.205856 0.702084 0.769385 0.075336 0.364146 0.415608 0.793016 0.373282 0.564286
0.227781 0.225027 0.762003 0.217132 0.823420 0.758252 0.143047 0.352162 0.359481 0.836697 0.292095 0.581229
0.066895 0.245894 0.770785 0.282857 0.772811 0.743708 0.158409 0.443477 0.356261 0.855914 0.276386 0.369026
0.188914 0.135665 0.899963 0.154115 0.698412 0.671230 0.117848 0.435511 0.478524 0.791504 0.373387 0.449225
0.205184 0.233872 0.803992 0.253346 0.658600 0.787095 0.102077 0.436463 0.313536 0.795241 0.240440 0.514241
0.171298 0.211550 0.812619 0.202026 0.682348 0.776695 0.108604 0.475304 0.341813 0.809302 0.233282 0.454353
0.077991 0.195139 0.805073 0.164861 0.750243 0.772992 0.072823 0.407385 0.444213 0.756266 0.335246 0.421373
0.256682 0.229644 0.820366 0.135955 0.683307 0.769557 0.028589 0.395377 0.412324 0.791313 0.354355 0.516346
0.109469 0.192682 0.819078 0.257995 0.811653 0.824730 0.119921 0.358367 0.278772 0.809031 0.344069 0.527812
0.172840 0.177879 0.791469 0.166015 0.777331 0.740686 0.094103 0.385266 0.369332 0.865373 0.355427 0.511953
0.263277 0.209834 0.666431 0.140977 0.849867 0.831901 0.179783 0.416083 0.383566 0.779740 0.297339 0.476334
0.256107 0.197785 0.753252 0.247322 0.681268 0.832781 0.084525 0.430830 0.292702 0.897246 0.298779 0.470818
0.143605 0.289550 0.857852 0.175617 0.782604 0.751804 0.190364 0.395585 0.409812 0.854162 0.319327 0.513210
0.191616 0.225061 0.835041 0.126232 0.767497 0.699893 0.082082 0.387815 0.390877 0.878891 0.400270 0.561753
0.303374 0.206495 0.798618 0.120055 0.763205 0.798234 0.069767 0.396860 0.419078 0.791945 0.354685 0.519573
0.175423 0.286066 0.882884 0.180848 0.820372 0.781418 0.091054 0.505997 0.357272 0.829535 0.398575 0.452643
0.177000 0.317056 0.766445 0.091139 0.772279 0.624697 0.107748 0.411893 0.365021 0.893659 0.357449 0.570327
0.276919 0.161777 0.765125 0.125315 0.683912 0.842386 0.191424 0.394823 0.348434 0.813467 0.312676 0.454971
0.168397 0.234776 0.830419 0.229715 0.736350 0.779694 0.080604 0.443107 0.376730 0.714547 0.351281 0.440558
0.182610 0.238135 0.784893 0.086261 0.669197 0.835128 0.083534 0.379611 0.395220 0.751420 0.256644 0.378305
0.130636 0.196159 0.846951 0.237357 0.700744 0.704047 0.152174 0.371044 0.379353 0.794848 0.407848 0.451876
0.135569 0.169172 0.883333 0.174998 0.700845 0.814396 0.104192 0.408968 0.394729 0.722521 0.383435 0.385105
0.158882 0.223511 0.766436 0.141824 0.752323 0.796833 0.069804 0.376684 0.408999 0.905278 0.348876 0.536739
0.237247 0.207280 0.828618 0.268811 0.798721 0.801872 0.049644 0.364061 0.356290 0.730329 0.365221 0.468667
0.137675 0.144370 0.776512 0.241640 0.686052 0.774520 0.090593 0.310742 0.300198 0.851577 0.306240 0.567291
0.143536 0.273203 0.827106 0.253910 0.722088 0.680737 0.166613 0.452679 0.403126 0.768162 0.375621 0.450860
0.274557 0.224972 0.910992 0.193596 0.728577 0.771314 0.098298 0.444015 0.303538 0.823547 0.403428 0.472813
0.186605 0.223054 0.836308 0.121214 0.650134 0.764818 0.012447 0.365737 0.314590 0.728307 0.346514 0.491430
0.172199 0.242883 0.863961 0.120627 0.737021 0.757096 0.049857 0.411146 0.396431 0.803377 0.278508 0.515785
0.230692 0.167526 0.810873 0.266580 0.728610 0.779335 0.094448 0.432951 0.353848 0.830996 0.270635 0.484818
0.114582 0.115110 0.864295 0.239112 0.700794 0.804287 0.108989 0.451150 0.252004 0.806561 0.349190 0.425799
0.099760 0.169618 0.873163 0.149341 0.694544 0.744959 0.106681 0.396544 0.333250 0.892416 0.395519 0.437240
0.167298 0.270257 0.794658 0.215479 0.775006 0.843916 0.130319 0.361101 0.293428 0.822710 0.298794 0.537383
0.254229 0.270010 0.960383 0.178281 0.758465 0.799950 0.100124 0.386437 0.433348 0.793591 0.244649 0.618530
0.171120 0.190235 0.768658 0.207219 0.645471 0.737891 0.095077 0.365381 0.326739 0.838246 0.299464 0.548585
0.115869 0.212045 0.801741 0.262053 0.788801 0.766961 0.082180 0.296412 0.362964 0.871073 0.322164 0.615252
0.198964 0.274907 0.763611 0.165612 0.818582 0.732196 0.195710 0.374800 0.484086 0.771646 0.364687 0.520799
0.189244 0.316835 0.783837 0.122850 0.693759 0.738676 0.129176 0.480838 0.406362 0.783350 0.350026 0.408074
0.080755 0.143187 0.813847 0.150491 0.703812 0.724716 0.115773 0.438224 0.408749 0.820324 0.328791 0.373839
0.130162 0.201036 0.855665 0.212004 0.772281 0.839930 0.002134 0.520177 0.406374 0.798529 0.261335 0.563919
0.235026 0.205612 0.736105 0.226468 0.727859 0.752956 0.168708 0.409776 0.374771 0.773217 0.381678 0.431439
0.174249 0.226799 0.718706 0.211305 0.704538 0.778449 0.178270 0.457180 0.397560 0.810560 0.288265 0.541328
0.125608 0.196203 0.830597 0.157033 0.722765 0.703922 0.100740 0.360431 0.408156 0.761161 0.324231 0.464714
0.187046 0.170387 0.790429 0.175503 0.758192 0.769390 0.135753 0.417058 0.413376 0.786305 0.367147 0.464123
0.181946 0.193317 0.808074 0.226574 0.778584 0.830611 0.153885 0.383784 0.320698 0.801271 0.331302 0.450310
0.185450 0.236029 0.766884 0.206962 0.688075 0.718233 0.027630 0.392104 0.341083 0.783467 0.383512 0.477281
0.148166 0.269149 0.877685 0.206586 0.674383 0.714703 0.202637 0.370022 0.401977 0.873272 0.504808 0.449306
0.048007 0.330516 0.901725 0.225351 0.788139 0.733214 0.096803 0.407248 0.386394 0.811584 0.278310 0.468645
0.096479 0.253993 0.815780 0.169854 0.777422 0.838777 0.125270 0.403316 0.400018 0.868943 0.337271 0.492505
0.149207 0.252507 0.812649 0.160482 0.698335 0.806235 0.211734 0.446624 0.461616 0.785681 0.377606 0.464500
0.208543 0.225601 0.792917 0.264170 0.751807 0.700545 0.047547 0.371880 0.280576 0.772689 0.369352 0.514483
0.235633 0.226109 0.799950 0.138142 0.729829 0.725947 0.108753 0.388045 0.352219 0.883995 0.440805 0.486945
0.217706 0.240466 0.875425 0.220327 0.765891 0.795575 0.008292 0.462306 0.316891 0.833800 0.331559 0.462889
0.080868 0.282146 0.840535 0.215615 0.705088 0.772493 0.073574 0.385068 0.364305 0.694526 0.422927 0.525515
0.189083 0.148314 0.861598 0.100743 0.671464 0.806748 0.131005 0.445849 0.534815 0.817582 0.377301 0.424393
0.189462 0.275623 0.876751 0.258045 0.744321 0.839306 0.001859 0.312748 0.413253 0.792103 0.229937 0.511129
0.124799 0.193537 0.772483 0.246486 0.757207 0.842491 0.042667 0.342353 0.371172 0.744375 0.382018 0.512478
0.244447 0.170464 0.807048 0.250193 0.717659 0.826882 0.022966 0.462786 0.482317 0.829966 0.366569 0.505378
0.202054 0.160913 0.732733 0.203681 0.802696 0.737181 0.064887 0.433611 0.353000 0.741367 0.312910 0.470310
0.204074 0.124831 0.883381 0.084783 0.860522 0.758773 0.064212 0.371254 0.439709 0.819979 0.363148 0.514254
0.094813 0.268472 0.879913 0.230238 0.871809 0.765389 0.216775 0.384413 0.433460 0.782150 0.239565 0.425446
0.151825 0.194855 0.757766 0.272537 0.732414 0.768647 0.014612 0.440275 0.342768 0.737109 0.371256 0.431790
0.177295 0.213055 0.828544 0.201193 0.769859 0.791711 0.042259 0.458582 0.391683 0.790504 0.349948 0.476428
0.182382 0.311678 0.847047 0.268982 0.802081 0.791809 0.070254 0.357842 0.376035 0.869158 0.281943 0.535243
0.119558 0.154715 0.885492 0.192755 0.821454 0.786853 0.023072 0.418864 0.241098 0.722937 0.315006 0.420849
0.083862 0.192301 0.723835 0.145480 0.865433 0.755037 0.169075 0.337552 0.342722 0.761907 0.340717 0.377106
0.131942 0.169079 0.872694 0.142056 0.681505 0.765516 0.051244 0.441911 0.447270 0.737435 0.338485 0.560157
0.199100 0.187026 0.740858 0.221352 0.777788 0.832661 0.140978 0.360015 0.355723 0.829469 0.367510 0.393966
0.159165 0.169196 0.821018 0.210122 0.786111 0.802817 0.076153 0.449171 0.370793 0.821067 0.346104 0.590512
0.260709 0.191805 0.823676 0.245913 0.679455 0.785306 0.148888 0.428821 0.372324 0.890009 0.352723 0.478739
0.192128 0.269463 0.863076 0.232318 0.718519 0.757756 0.035986 0.427087 0.422356 0.888162 0.352881 0.568397
0.233574 0.101192 0.867404 0.095076 0.766642 0.803013 0.117614 0.460861 0.374901 0.882360 0.290746 0.502345
0.135893 0.199372 0.721656 0.256233 0.780200 0.728973 0.102840 0.357951 0.341674 0.857173 0.342688 0.492985
0.160022 0.140615 0.777772 0.119408 0.687612 0.773837 0.060490 0.401743 0.371559 0.826687 0.369933 0.578017
0.206522 0.195303 0.709098 0.175978 0.819776 0.771981 0.131072 0.304342 0.341820 0.754688 0.258199 0.550346
0.208285 0.212898 0.818915 0.248333 0.775578 0.776965 0.115856 0.389074 0.345787 0.796317 0.288632 0.467049
0.179833 0.205717 0.796927 0.233369 0.749916 0.745872 0.170017 0.332075 0.375809 0.837666 0.363040 0.501312
0.224472 0.179693 0.868334 0.265240 0.689836 0.868048 0.079560 0.469943 0.394647 0.870159 0.325983 0.549144
0.210398 0.211406 0.784087 0.067804 0.779707 0.782363 0.154714 0.427106 0.396339 0.813783 0.282285 0.550586
0.148244 0.237738 0.793866 0.193252 0.814480 0.705805 0.039288 0.467578 0.443345 0.810630 0.306513 0.466192
0.125331 0.260510 0.917640 0.116876 0.618058 0.759132 0.026646 0.380731 0.342895 0.770006 0.274057 0.514224
0.153969 0.228981 0.774913 0.152598 0.706091 0.888309 0.061718 0.451354 0.466679 0.775088 0.385566 0.491113
0.143645 0.275576 0.844212 0.108654 0.731791 0.807859 0.141060 0.471659 0.342159 0.851133 0.259966 0.528860
0.059717 0.214051 0.819477 0.166809 0.743304 0.671555 0.143014 0.415240 0.362540 0.800956 0.350736 0.420682
0.180268 0.111568 0.877363 0.172485 0.744043 0.772550 0.075019 0.313392 0.429873 0.786211 0.332400 0.495225
0.145907 0.269924 0.864994 0.168753 0.792045 0.704409 0.052802 0.379588 0.363488 0.757221 0.359251 0.516832
0.149026 0.342107 0.769795 0.216622 0.740235 0.839535 0.123616 0.362140 0.444314 0.810460 0.263389 0.467756
0.158866 0.157033 0.778657 0.199283 0.815692 0.698944 0.117275 0.347446 0.277359 0.934179 0.348285 0.539253
0.098843 0.181250 0.827163 0.253569 0.707852 0.800028 0.038018 0.378914 0.388892 0.718634 0.389851 0.603814
0.090614 0.196606 0.834239 0.234236 0.876886 0.875075 0.003943 0.404523 0.410845 0.795936 0.327916 0.455752
0.193994 0.374235 0.713426 0.220362 0.763321 0.748699 0.132060 0.431707 0.490217 0.886288 0.398274 0.455943
0.146153 0.260605 0.879498 0.174127 0.751962 0.816372 0.084578 0.518458 0.363650 0.920293 0.346037 0.622732
0.201310 0.092981 0.770040 0.140406 0.606202 0.809811 0.029577 0.453730 0.313520 0.790599 0.400233 0.475908
0.166183 0.204057 0.919997 0.267387 0.732599 0.833653 0.079530 0.407920 0.336307 0.803235 0.278208 0.544570
0.180662 0.309424 0.769525 0.226246 0.759643 0.796822 0.081422 0.437779 0.352470 0.724079 0.325992 0.450891
0.181740 0.146463 0.877138 0.258573 0.654658 0.832639 0.068455 0.414188 0.365060 0.845967 0.349269 0.516713
0.083794 0.266968 0.847389 0.262833 0.785477 0.797706 0.003637 0.452169 0.337175 0.788452 0.254478 0.473498
0.188586 0.287298 0.887998 0.160889 0.855094 0.779585 0.008331 0.452041 0.450784 0.840135 0.241582 0.473478
0.066957 0.200012 0.820074 0.207523 0.821958 0.776023 0.099867 0.461744 0.366602 0.776916 0.430208 0.594547
0.069367 0.225160 0.798798 0.276689 0.704643 0.695659 0.093742 0.418852 0.402204 0.795140 0.281891 0.534037
0.114125 0.220755 0.822978 0.231784 0.782730 0.758197 0.175559 0.354798 0.331859 0.777338 0.373632 0.544982
0.168402 0.315481 0.848518 0.183111 0.696762 0.828011 0.114197 0.412129 0.376154 0.814573 0.235503 0.510634
0.209668 0.195555 0.828368 0.121834 0.702482 0.785153 0.074774 0.387995 0.333941 0.688328 0.308233 0.501090
0.117994 0.365717 0.746140 0.295518 0.770291 0.759813 -0.002825 0.347015 0.344951 0.834070 0.265543 0.480313
0.155744 0.165869 0.869569 0.190108 0.708032 0.867298 0.101883 0.438743 0.370353 0.820175 0.360840 0.495416
0.164743 0.186881 0.688722 0.174401 0.692565 0.795290 0.096271 0.336874 0.318689 0.756882 0.310544 0.495427
0.129391 0.252495 0.834488 0.145099 0.687182 0.749037 0.170724 0.455747 0.475714 0.810961 0.349264 0.479325
0.167742 0.213412 0.927667 0.212218 0.770273 0.880507 0.186913 0.432523 0.304773 0.902218 0.341492 0.486267
0.131110 0.213233 0.849372 0.128921 0.801157 0.806345 0.085877 0.362494 0.303298 0.802486 0.331254 0.543413
0.171001 0.242717 0.785606 0.238570 0.648054 0.772557 0.187333 0.446627 0.430342 0.734277 0.319771 0.440115
0.196522 0.264046 0.841940 0.159846 0.733779 0.772864 0.022487 0.438327 0.296673 0.783760 0.288515 0.490940
0.226154 0.234113 0.844757 0.304507 0.637272 0.858310 0.095988 0.415364 0.419951 0.823247 0.304197 0.470030
0.225546 0.328302 0.821902 0.273031 0.728716 0.804242 0.141700 0.437177 0.404147 0.811362 0.309598 0.507273
0.218459 0.233208 0.880111 0.304551 0.707097 0.751563 0.117795 0.351906 0.310150 0.826195 0.269146 0.510350
0.145775 0.272710 0.855494 0.187629 0.727335 0.792917 0.008416 0.422148 0.426244 0.892234 0.301425 0.492121
0.129994 0.259827 0.827868 0.160339 0.785073 0.739498 0.138497 0.482012 0.416567 0.771679 0.351975 0.489655
0.145384 0.231158 0.840459 0.248448 0.727917 0.802840 0.023501 0.434574 0.349800 0.824798 0.378647 0.560338
0.210769 0.268619 0.844819 0.171668 0.676606 0.783366 0.134199 0.426691 0.379317 0.800940 0.299327 0.440819
0.130516 0.245186 0.795426 0.276081 0.759657 0.829546 0.104072 0.415993 0.415045 0.791227 0.245989 0.511387
0.223289 0.108785 0.808747 0.137102 0.711266 0.724846 0.183115 0.418869 0.365931 0.768956 0.373853 0.403010
0.085673 0.235031 0.790532 0.286195 0.764834 0.886823 0.131729 0.351220 0.370672 0.848261 0.354444 0.452760
0.215317 0.313666 0.838071 0.276383 0.840726 0.819713 -0.016314 0.433983 0.329893 0.795515 0.288229 0.526173
0.099466 0.184617 0.803754 0.216036 0.722996 0.794802 0.147247 0.485360 0.393604 0.910277 0.299071 0.452947
0.202552 0.183167 0.799849 0.263557 0.780932 0.775007 0.116357 0.358609 0.396187 0.897528 0.318982 0.531211
0.142209 0.162868 0.798210 0.166132 0.814128 0.768684 0.014005 0.426030 0.292940 0.794466 0.322093 0.460420
0.111526 0.226454 0.918829 0.202653 0.752617 0.836316 0.156933 0.370508 0.437610 0.836201 0.253596 0.496510
0.176201 0.215770 0.769442 0.087915 0.659487 0.794373 0.118586 0.492196 0.365110 0.800520 0.341475 0.488831
0.230669 0.362949 0.818294 0.311323 0.826440 0.798778 0.033665 0.347110 0.347704 0.793790 0.332207 0.459076
0.127955 0.287074 0.740211 0.196188 0.699355 0.828177 0.029114 0.472367 0.252477 0.916059 0.277160 0.468255
0.193492 0.236598 0.885638 0.198958 0.684298 0.715669 0.121024 0.446852 0.370501 0.863787 0.297375 0.504480
0.057752 0.207435 0.802102 0.190117 0.805878 0.773410 0.046413 0.387110 0.373894 0.922626 0.284278 0.569120
0.216500 0.143926 0.871915 0.186845 0.715476 0.791685 0.133773 0.424864 0.373659 0.859545 0.328776 0.423500
0.204164 0.223363 0.785442 0.190866 0.761312 0.793952 -0.020607 0.388394 0.392532 0.846370 0.332500 0.461701
0.135828 0.244645 0.776933 0.174498 0.808587 0.725951 0.075352 0.445967 0.339699 0.735043 0.375598 0.490560
0.157386 0.226422 0.946959 0.246368 0.769986 0.756809 -0.033408 0.341756 0.385521 0.814090 0.309505 0.489426
0.129027 0.200417 0.846521 0.213220 0.750401 0.805573 0.086439 0.352580 0.318560 0.763559 0.267895 0.469389
0.238173 0.168988 0.901297 0.186350 0.567272 0.828659 0.073932 0.496157 0.358306 0.737686 0.416356 0.454186
0.146043 0.283898 0.866084 0.141937 0.719706 0.763143 0.190617 0.377065 0.378388 0.804819 0.262080 0.587405
0.253939 0.222982 0.839684 0.131349 0.768680 0.740667 0.064761 0.401244 0.372793 0.792777 0.284454 0.448763
0.138284 0.157335 0.871747 0.260337 0.788960 0.779187 0.100701 0.274501 0.310914 0.846744 0.397631 0.528614
0.168224 0.201182 0.864534 0.150283 0.753703 0.728542 0.098742 0.434243 0.358424 0.757355 0.306902 0.571067
0.081527 0.326325 0.821644 0.163565 0.703224 0.725242 0.132780 0.418795 0.470402 0.726378 0.335143 0.498081
0.212714 0.271669 0.777754 0.186060 0.809979 0.712224 0.177961 0.461591 0.484929 0.854188 0.379764 0.425019
0.130316 0.106703 0.806471 0.204940 0.775655 0.734645 0.057604 0.315111 0.407682 0.851750 0.282923 0.555495
0.172295 0.227134 0.800086 0.192253 0.817687 0.772598 0.140202 0.420048 0.342638 0.681274 0.405831 0.428129
0.210610 0.206487 0.866699 0.217025 0.675550 0.880482 0.031093 0.439055 0.485615 0.752558 0.271389 0.407375
0.241743 0.161845 0.789569 0.223980 0.759604 0.893206 0.175398 0.454269 0.354191 0.702563 0.183863 0.611944
0.220086 0.177805 0.756724 0.264035 0.661349 0.754913 0.100113 0.468401 0.335545 0.919282 0.238900 0.481091
0.237358 0.205774 0.858582 0.255389 0.732487 0.726038 0.165651 0.409094 0.390553 0.737743 0.351894 0.440850
0.119747 0.147067 0.880075 0.166878 0.805150 0.802781 0.121263 0.397215 0.401825 0.768213 0.282865 0.574482
0.187685 0.321437 0.823689 0.209294 0.790143 0.758514 0.111685 0.451310 0.444109 0.751858 0.295802 0.580443
0.222677 0.274181 0.852994 0.166521 0.781556 0.737148 0.158979 0.327031 0.412447 0.796958 0.340797 0.563335
0.154888 0.190069 0.809532 0.155055 0.722829 0.815467 0.089145 0.452670 0.431439 0.869388 0.328853 0.526361
0.235565 0.233730 0.903923 0.144433 0.745362 0.774278 0.153472 0.394267 0.339479 0.752836 0.340126 0.468551
0.228797 0.209782 0.796357 0.163385 0.675370 0.744386 0.105491 0.336344 0.418290 0.802752 0.261591 0.505417
0.233101 0.196488 0.800767 0.209299 0.690653 0.753778 -0.002268 0.360412 0.445209 0.781967 0.402839 0.524662
0.210213 0.173901 0.818041 0.182134 0.643722 0.746783 0.159563 0.345435 0.358326 0.766272 0.380999 0.425409
0.113615 0.227194 0.786611 0.176627 0.756457 0.741307 0.108407 0.412853 0.373629 0.854485 0.364817 0.507391
0.167472 0.292160 0.828420 0.191476 0.723985 0.764122 0.114454 0.394895 0.302115 0.786940 0.246133 0.497958
0.157471 0.227275 0.820153 0.232571 0.657742 0.747882 0.021064 0.425495 0.340601 0.845728 0.233279 0.539618
0.093107 0.150488 0.716457 0.251018 0.747642 0.763575 0.144544 0.419413 0.349318 0.829830 0.313813 0.519917
0.270115 0.249350 0.833235 0.183937 0.783861 0.823608 0.090565 0.350901 0.314595 0.792614 0.338268 0.412572
0.186472 0.240531 0.915493 0.211932 0.748248 0.794216 0.035280 0.411564 0.360748 0.736347 0.382038 0.378725
0.237270 0.170017 0.847540 0.188331 0.662972 0.763012 0.094162 0.383686 0.451606 0.871798 0.285791 0.547608
0.198374 0.256402 0.851292 0.286224 0.775512 0.736127 0.128516 0.371959 0.422947 0.729746 0.333529 0.482232
0.102196 0.318290 0.871283 0.278016 0.714599 0.752410 0.117905 0.436552 0.350697 0.871225 0.300891 0.500730
0.171671 0.227856 0.748079 0.236771 0.675040 0.818237 0.121996 0.400844 0.468945 0.832955 0.336943 0.444645
0.220691 0.175486 0.890488 0.227601 0.807804 0.793597 0.121204 0.346382 0.455175 0.750989 0.315614 0.580490
0.130273 0.214369 0.765009 0.166718 0.729558 0.782558 0.010465 0.413076 0.385686 0.772170 0.294890 0.498311
0.248629 0.210797 0.801490 0.184948 0.766582 0.735469 0.145044 0.369966 0.383075 0.777852 0.357911 0.539618
0.158154 0.199581 0.857895 0.201844 0.732769 0.651279 0.101738 0.429273 0.452392 0.822264 0.239658 0.398780
0.130040 0.321455 0.735501 0.154160 0.751224 0.770736 0.098625 0.368542 0.412354 0.773817 0.398473 0.447021
0.218414 0.208037 0.869284 0.101609 0.781553 0.793866 0.064811 0.365197 0.300980 0.828620 0.337222 0.476877
0.162112 0.172305 0.855538 0.125405 0.776799 0.768306 0.041289 0.389124 0.382618 0.712073 0.316594 0.482751
0.227087 0.244723 0.888515 0.228671 0.722908 0.730075 0.053485 0.357896 0.340577 0.808160 0.373950 0.559532
0.167940 0.275984 0.773134 0.215601 0.695588 0.720133 0.131272 0.473165 0.301424 0.802464 0.297741 0.509455
0.173550 0.172708 0.773523 0.165013 0.717962 0.897602 0.074001 0.341719 0.383153 0.879642 0.361016 0.512559
0.108129 0.256466 0.787977 0.207612 0.790797 0.784525 0.197670 0.407839 0.367474 0.778258 0.402516 0.462466
0.171501 0.225070 0.759446 0.140554 0.640460 0.766495 0.110621 0.369826 0.448622 0.857904 0.314066 0.452013
0.221809 0.246533 0.784526 0.115371 0.729982 0.844975 0.120783 0.451631 0.346049 0.799091 0.325553 0.503012
0.241669 0.191411 0.855929 0.168925 0.747491 0.701219 0.088709 0.332709 0.401855 0.721616 0.264217 0.446793
0.178970 0.174410 0.764274 0.219040 0.672415 0.783182 0.164065 0.352118 0.437784 0.822893 0.250313 0.494133
0.111163 0.114530 0.777027 0.247527 0.705929 0.845094 0.158872 0.349128 0.406025 0.779430 0.234746 0.494126
0.223618 0.233213 0.804655 0.248732 0.697408 0.738618 0.073067 0.408332 0.389832 0.810790 0.220851 0.553920
0.192543 0.156816 0.788649 0.185344 0.722123 0.771361 0.120570 0.446652 0.360700 0.821477 0.306219 0.412546
0.207451 0.177536 0.765939 0.215837 0.767090 0.751404 0.015435 0.389029 0.397539 0.872850 0.288354 0.469056
0.227457 0.230497 0.834277 0.216817 0.683593 0.753494 0.121533 0.398326 0.374651 0.849379 0.406015 0.497650
0.144414 0.177509 0.789354 0.133639 0.712072 0.768741 0.002557 0.375853 0.335105 0.697385 0.335040 0.448653
0.175545 0.260151 0.854310 0.158457 0.693275 0.748148 0.163035 0.372615 0.306583 0.740452 0.331528 0.560130
0.193701 0.224663 0.836091 0.204470 0.685292 0.694364 0.184663 0.375913 0.406508 0.822444 0.342310 0.431379
0.184644 0.211931 0.823592 0.136805 0.734961 0.752681 0.124755 0.367574 0.414149 0.809634 0.276016 0.517261
0.126046 0.151305 0.749542 0.177002 0.762005 0.795493 0.089184 0.474646 0.380831 0.774378 0.315501 0.558320
0.093293 0.226346 0.751809 0.195562 0.759710 0.748732 0.092464 0.432563 0.398442 0.874502 0.343022 0.526646
0.082784 0.337382 0.816038 0.186524 0.807773 0.705653 0.147014 0.422245 0.372875 0.740871 0.318342 0.516474
0.259571 0.205682 0.843076 0.269790 0.712010 0.827155 0.122547 0.435818 0.335530 0.797710 0.400876 0.363670
0.103447 0.131757 0.869171 0.159612 0.658501 0.801625 0.159508 0.425906 0.333979 0.847645 0.397446 0.674035
0.229590 0.201794 0.817126 0.108103 0.728585 0.721921 0.025330 0.398858 0.465513 0.798983 0.362907 0.450932
0.139962 0.189647 0.905986 0.172209 0.742920 0.891415 0.071991 0.376864 0.403899 0.730225 0.339417 0.505306
0.187944 0.284936 0.891225 0.237664 0.697977 0.803214 0.043696 0.432219 0.383950 0.847455 0.289306 0.484201
0.127697 0.209906 0.795560 0.255500 0.662457 0.745688 0.152173 0.477104 0.324446 0.770120 0.318786 0.518881
0.130532 0.252709 0.822588 0.248687 0.739186 0.718109 0.086301 0.383653 0.303484 0.776724 0.339218 0.549478
0.178827 0.205665 0.886357 0.218224 0.704825 0.748771 0.134123 0.387787 0.360748 0.741625 0.357985 0.376404
0.125889 0.170301 0.813203 0.195034 0.673987 0.823382 0.115299 0.374128 0.396440 0.818545 0.323531 0.540422
0.222911 0.163935 0.775884 0.135285 0.720551 0.745884 0.107130 0.418040 0.344446 0.843531 0.329037 0.573248
0.100556 0.224509 0.738282 0.223935 0.699364 0.768100 0.129159 0.434537 0.480117 0.720761 0.306981 0.530241
0.202348 0.197781 0.787868 0.215835 0.801151 0.834657 0.026497 0.370187 0.418382 0.847706 0.340741 0.420785
0.138388 0.255324 0.858127 0.166450 0.702474 0.726626 0.114510 0.520645 0.387528 0.712445 0.314487 0.512725
0.141997 0.215835 0.751159 0.216565 0.683658 0.819921 0.112001 0.376201 0.367121 0.765548 0.265843 0.516927
0.222039 0.317254 0.787769 0.181973 0.710493 0.777129 0.108981 0.416723 0.400425 0.780386 0.320468 0.563031
0.213101 0.272783 0.853864 0.223518 0.774631 0.704966 0.106418 0.432726 0.372820 0.851455 0.301286 0.465735
0.093195 0.174435 0.726934 0.153806 0.741346 0.725333 0.088398 0.344368 0.343043 0.835414 0.360124 0.481298
0.181450 0.186017 0.829567 0.188887 0.679406 0.799653 0.120279 0.377069 0.369166 0.792750 0.354722 0.483962
0.222593 0.251369 0.818448 0.107288 0.746618 0.729690 0.067775 0.232694 0.431268 0.799509 0.282904 0.517559
0.174256 0.212887 0.827299 0.203376 0.741900 0.706626 -0.001252 0.435863 0.395499 0.793098 0.226975 0.549758
0.103691 0.215713 0.779698 0.147450 0.674657 0.742590 0.164386 0.365399 0.319041 0.828146 0.390166 0.554142
0.165587 0.161494 0.843193 0.360905 0.723314 0.764751 0.129337 0.429510 0.343364 0.697933 0.412558 0.454902
0.125573 0.215604 0.837855 0.146648 0.754986 0.713876 0.144190 0.405764 0.425768 0.716016 0.294853 0.476335
0.196884 0.162013 0.758388 0.192067 0.768717 0.826757 0.068804 0.386403 0.358562 0.730296 0.340644 0.571485
0.200461 0.210655 0.881285 0.154445 0.773500 0.809165 0.057165 0.383258 0.464967 0.852661 0.286983 0.571487
0.220991 0.328798 0.853418 0.294449 0.769581 0.748407 0.203837 0.405022 0.385987 0.857414 0.350664 0.530102
0.143448 0.258846 0.776398 0.222802 0.599478 0.758813 0.087972 0.429738 0.412244 0.852346 0.301572 0.510575
0.299241 0.317662 0.816115 0.180533 0.708136 0.813428 0.083491 0.396561 0.376919 0.817858 0.397615 0.552658
0.156063 0.219613 0.766416 0.259073 0.721015 0.762134 0.101692 0.472136 0.398780 0.806972 0.357721 0.383625
0.196031 0.253449 0.784402 0.160362 0.746481 0.755874 0.206795 0.445864 0.297764 0.847536 0.290059 0.532737
0.182926 0.211065 0.731876 0.235522 0.732888 0.814652 0.174897 0.355509 0.303756 0.793408 0.287422 0.391000
0.202515 0.264058 0.801606 0.224059 0.758219 0.813311 0.180596 0.423444 0.355900 0.837291 0.394035 0.577729
0.168053 0.242979 0.905440 0.231661 0.751532 0.730267 0.046738 0.404819 0.443017 0.763986 0.360273 0.557833
0.145703 0.220561 0.888463 0.190803 0.776037 0.659545 0.085946 0.407230 0.339658 0.801557 0.384216 0.487497
0.167932 0.226028 0.843386 0.210866 0.706461 0.782439 -0.003905 0.404779 0.310628 0.821394 0.386256 0.505917
0.174146 0.339518 0.797202 0.196801 0.763435 0.869131 -0.008792 0.366782 0.323197 0.815611 0.213016 0.489654
0.105585 0.204340 0.847657 0.159933 0.812316 0.695820 0.038532 0.341284 0.345923 0.734306 0.337406 0.573248
0.143382 0.212959 0.902055 0.159899 0.733404 0.723018 0.056622 0.430259 0.417108 0.751132 0.357258 0.496762
0.216048 0.204011 0.730366 0.236766 0.701619 0.832985 0.084506 0.278133 0.381587 0.799260 0.364068 0.473777
0.185805 0.275652 0.774075 0.136596 0.775009 0.714960 0.040582 0.402715 0.445110 0.791149 0.284341 0.527428
