1000 12 250
0.948967 0.019978 1.006714 0.523490 0.108204 0.539620 0.653911 0.623630 -0.009989 0.705490 0.325349 0.353442
0.924591 0.081595 0.918900 0.547195 0.052532 0.478118 0.603025 0.604288 0.077081 0.608484 0.284527 0.408016
0.966086 -0.081036 0.861460 0.489091 0.124869 0.567214 0.626486 0.707154 0.097003 0.758245 0.293020 0.329740
0.942582 -0.053073 0.949718 0.526234 0.024938 0.577511 0.600315 0.687510 0.050857 0.704055 0.352174 0.318369
0.966160 -0.059623 0.862711 0.578814 0.129266 0.447093 0.521853 0.629550 0.064451 0.647313 0.317927 0.353508
1.007019 0.004126 0.932395 0.526871 0.125903 0.518555 0.593473 0.623081 0.040423 0.645344 0.299121 0.340218
0.987354 0.004431 0.906343 0.586558 0.227848 0.563164 0.601637 0.639328 0.025166 0.693465 0.271283 0.279956
0.964262 -0.054318 0.913931 0.623600 -0.031230 0.585954 0.595253 0.625953 -0.019123 0.564608 0.250029 0.283910
0.954321 0.046472 0.954829 0.613962 0.148615 0.521423 0.607571 0.619805 0.005829 0.657058 0.291652 0.363934
0.903170 0.078398 0.975370 0.550812 0.098803 0.514854 0.620275 0.540274 0.058471 0.602317 0.279580 0.393535
1.020006 0.041632 0.913661 0.599516 0.089701 0.533455 0.541313 0.664010 0.017773 0.701665 0.268089 0.314380
0.919801 0.001995 0.954251 0.624231 0.069262 0.573702 0.637534 0.516189 0.009725 0.727479 0.323752 0.403362
1.023356 -0.068883 0.861155 0.571876 0.080860 0.510508 0.678922 0.636249 0.059507 0.672772 0.366263 0.368408
0.851372 -0.021247 0.899023 0.625498 0.151600 0.597559 0.613284 0.624106 0.081363 0.629199 0.285401 0.302719
0.915741 0.069005 0.929886 0.629778 0.087389 0.481669 0.562656 0.722400 0.063981 0.639890 0.296171 0.372833
0.975966 -0.106298 0.895472 0.601905 -0.018496 0.564235 0.521502 0.663279 -0.034237 0.654703 0.396622 0.393330
1.002851 0.028980 0.920194 0.479878 0.095594 0.585395 0.612610 0.679659 0.128954 0.642669 0.314463 0.274569
0.993065 -0.032693 0.923918 0.518156 0.077965 0.473395 0.704153 0.662815 0.097497 0.596919 0.300709 0.312172
0.965061 0.033647 0.914940 0.495868 0.061717 0.537324 0.692999 0.639607 0.033152 0.686336 0.375381 0.350326
0.975991 -0.080962 0.865991 0.515068 0.126429 0.582831 0.711584 0.608834 0.112575 0.641972 0.212702 0.315331
0.965450 0.007113 0.920955 0.594150 0.056341 0.594988 0.513677 0.577110 0.081884 0.699541 0.240118 0.352318
0.965202 -0.095032 0.952404 0.548339 0.067869 0.593445 0.680839 0.611447 0.089000 0.600294 0.280934 0.362563
0.987974 -0.069868 0.937080 0.631729 0.022538 0.562580 0.512497 0.657048 0.011161 0.680487 0.321018 0.317226
1.075820 0.079893 1.068248 0.566745 0.018664 0.474257 0.613139 0.642876 0.038519 0.679761 0.354225 0.470834
0.974310 -0.015995 0.926991 0.617419 -0.047255 0.510946 0.670231 0.642057 0.112723 0.752644 0.390355 0.290521
0.982623 -0.015764 0.957026 0.544131 0.095292 0.525928 0.656699 0.640883 0.096308 0.613610 0.248744 0.301853
0.967434 0.019689 0.828151 0.579589 0.048227 0.559736 0.433826 0.641021 0.116798 0.676088 0.356923 0.313294
1.036664 -0.058366 0.981923 0.566234 0.055235 0.554034 0.624743 0.621274 0.005406 0.585685 0.362303 0.352558
1.004174 0.023706 0.886624 0.573636 0.047557 0.480715 0.557932 0.581293 0.023173 0.629488 0.329918 0.392585
1.097656 -0.019199 0.893302 0.572308 0.095923 0.528477 0.506113 0.644214 0.111037 0.638500 0.343149 0.275585
0.938897 0.015719 0.978488 0.560548 0.050822 0.545822 0.580952 0.609974 0.026829 0.632040 0.349862 0.299011
0.955652 -0.045397 0.962070 0.592951 0.005049 0.578206 0.532367 0.619070 0.082972 0.594760 0.310101 0.415801
0.960200 0.055165 0.906764 0.523883 0.011118 0.460193 0.645406 0.609838 0.123179 0.627189 0.276878 0.295771
0.938237 -0.055708 0.969729 0.630016 0.043777 0.531760 0.646602 0.709854 0.065245 0.613635 0.314492 0.381140
0.988657 0.094521 0.896112 0.560723 0.106893 0.509936 0.533064 0.664241 0.034495 0.697949 0.293153 0.291087
0.942891 0.018032 0.914593 0.561926 0.036578 0.531258 0.566544 0.658380 0.014559 0.701646 0.398617 0.358765
0.998967 0.036694 0.915703 0.562374 0.095039 0.503277 0.683220 0.671113 0.100019 0.690838 0.334937 0.281386
0.944635 -0.029746 0.970763 0.600674 0.014288 0.508759 0.574292 0.657752 0.045634 0.632971 0.283880 0.470485
0.966768 -0.068342 0.898253 0.578652 0.068670 0.559317 0.630252 0.682494 -0.039291 0.662315 0.333116 0.259628
0.942501 0.027425 0.976612 0.610161 0.110415 0.532718 0.587097 0.688772 0.078560 0.677334 0.315790 0.374254
0.915813 -0.037809 0.939204 0.570172 0.087252 0.510227 0.554229 0.688691 0.116852 0.633786 0.357496 0.473913
0.922828 0.108545 0.915270 0.530226 0.083371 0.566480 0.619458 0.689877 0.039701 0.737105 0.270514 0.225951
1.074375 0.027137 0.915711 0.623353 -0.020749 0.542700 0.654011 0.701965 0.153795 0.688724 0.229985 0.404570
1.035588 0.025545 0.968509 0.514387 0.164967 0.504011 0.626656 0.608014 -0.046838 0.613197 0.271759 0.346152
0.957751 -0.031163 0.976500 0.605991 0.112868 0.530777 0.575788 0.654171 0.076016 0.553189 0.270481 0.420409
0.974798 0.034293 0.857719 0.593937 0.130069 0.592379 0.586765 0.641690 0.068251 0.645522 0.275298 0.323373
0.970362 -0.065671 0.977581 0.580408 0.022004 0.589968 0.653522 0.640409 0.147733 0.671310 0.292188 0.245529
1.018312 0.014099 0.842615 0.573672 0.057124 0.583632 0.642937 0.633676 0.035724 0.692170 0.389178 0.234086
0.991042 0.029209 0.941691 0.536264 0.098982 0.620601 0.599625 0.598632 -0.037966 0.570348 0.314296 0.317462
0.812878 -0.005643 0.944171 0.641314 0.024662 0.572493 0.545872 0.706473 -0.009720 0.642660 0.311906 0.264615
0.927725 0.061029 0.912683 0.550847 0.144271 0.502464 0.490541 0.697216 0.160234 0.765947 0.300484 0.279097
0.959518 0.014089 0.888278 0.595786 0.031557 0.536018 0.623144 0.587664 0.123194 0.541782 0.290051 0.310408
1.005863 -0.110646 0.953289 0.591207 0.018417 0.512850 0.631180 0.584705 0.040228 0.629748 0.382484 0.292176
1.008846 -0.027529 0.931084 0.594994 0.086564 0.574445 0.609207 0.669960 0.146772 0.660581 0.305819 0.327918
1.046212 0.039404 0.933292 0.686085 0.073209 0.560967 0.588781 0.692511 0.082713 0.719219 0.362379 0.381476
0.904178 0.052757 0.986026 0.548159 -0.020011 0.568680 0.587283 0.686159 0.107255 0.613191 0.276072 0.290820
0.911476 -0.070325 0.942287 0.497632 0.032741 0.596012 0.599695 0.672026 0.154819 0.741136 0.442108 0.228653
0.956530 0.044745 0.963545 0.587850 0.092410 0.572488 0.575410 0.715131 0.027207 0.620584 0.248454 0.370833
1.011212 -0.094593 1.003280 0.660002 0.117393 0.601912 0.605600 0.629143 0.052045 0.536365 0.307089 0.251472
0.992039 0.046477 1.038843 0.631997 0.121308 0.557605 0.538904 0.630286 0.060928 0.671181 0.357346 0.305804
0.876604 0.019572 0.973003 0.627178 0.043751 0.619632 0.619941 0.658197 0.041243 0.643192 0.242853 0.433846
0.926809 0.014732 0.993488 0.619144 -0.012262 0.577992 0.590401 0.598940 0.071143 0.575849 0.279319 0.352900
0.913892 -0.086967 0.936383 0.565937 0.132035 0.619993 0.592535 0.624402 0.042405 0.612209 0.283737 0.399584
0.991949 0.095164 0.948420 0.532300 0.022817 0.564930 0.653864 0.657822 -0.042140 0.668780 0.248202 0.443657
0.971329 0.054091 0.949025 0.548275 0.130336 0.572514 0.528659 0.641141 0.036430 0.656123 0.288476 0.364101
0.934724 -0.000804 0.888000 0.585266 0.102998 0.538685 0.615386 0.537723 -0.009288 0.709294 0.306977 0.426129
0.939424 -0.044930 0.962928 0.559739 0.067262 0.530376 0.622776 0.572551 -0.015578 0.662006 0.315160 0.337083
0.940867 -0.002852 0.940147 0.510267 0.104146 0.469853 0.605511 0.702861 0.073879 0.574842 0.303128 0.299733
0.951913 -0.014085 0.872395 0.581548 0.041187 0.473845 0.641715 0.621040 0.112587 0.733878 0.336954 0.368154
1.035383 0.041591 0.947878 0.636103 0.037498 0.527476 0.660207 0.647187 0.008561 0.646074 0.262164 0.351144
0.936500 0.072225 0.966393 0.567744 0.050639 0.543640 0.579450 0.626414 0.028449 0.608034 0.320358 0.374521
1.019660 0.051607 0.988222 0.475191 0.029958 0.564410 0.659317 0.607120 0.037858 0.645114 0.339860 0.398076
1.041617 -0.071264 0.882269 0.571453 0.017246 0.579646 0.614730 0.567306 0.076280 0.605211 0.263447 0.344264
1.041588 0.031759 0.943087 0.606800 0.054981 0.661799 0.585401 0.720743 0.039101 0.728442 0.286799 0.377304
0.938851 -0.061419 0.978667 0.570578 0.103496 0.527564 0.667226 0.693290 0.022607 0.687525 0.357049 0.371756
0.963659 0.039689 1.056762 0.580542 0.092179 0.528042 0.642556 0.554768 0.013193 0.650632 0.337224 0.372943
0.942216 -0.064143 0.945430 0.633066 0.047693 0.487303 0.715000 0.596671 0.064357 0.566126 0.309422 0.315448
1.041032 0.014014 0.922997 0.603270 0.023053 0.471758 0.588916 0.622663 -0.059503 0.572344 0.251960 0.363831
0.951896 0.066116 0.974285 0.608142 0.069860 0.560056 0.582713 0.568664 0.048021 0.640937 0.365829 0.397959
0.942913 0.046683 0.959311 0.534944 0.023762 0.655198 0.555938 0.710748 0.057951 0.575755 0.384977 0.364625
0.945709 0.093433 0.914195 0.564062 0.040496 0.550487 0.608953 0.538777 0.080502 0.578829 0.322668 0.411236
1.029111 0.029311 0.906621 0.625969 0.057987 0.501096 0.596619 0.702498 0.070046 0.633643 0.416889 0.339979
0.928767 0.023889 0.933433 0.636379 0.010279 0.630861 0.636879 0.617326 0.007144 0.621094 0.291484 0.274943
0.999377 -0.053694 0.929094 0.618179 -0.053914 0.644708 0.609096 0.645055 -0.005268 0.616265 0.210580 0.276418
1.008164 -0.042392 0.893726 0.503899 0.078939 0.576837 0.677223 0.720803 0.051747 0.574527 0.448885 0.357691
1.031161 0.024311 0.903977 0.586641 0.065586 0.527849 0.540130 0.575434 0.036676 0.681818 0.199020 0.303858
0.974070 -0.022645 0.978854 0.574606 0.081765 0.543402 0.548396 0.714583 0.095722 0.611816 0.385880 0.364640
0.946885 0.075755 0.976164 0.581394 0.015154 0.512098 0.644180 0.648444 0.114684 0.559261 0.284723 0.363519
1.017962 0.064713 0.944240 0.411672 0.168439 0.594241 0.598755 0.697625 0.114507 0.634062 0.354602 0.408421
1.025518 0.011347 0.970038 0.590599 0.038261 0.580296 0.610251 0.622373 0.042884 0.655347 0.320075 0.350035
0.968565 0.007555 0.955217 0.636731 0.016922 0.552140 0.545668 0.614620 0.116625 0.612503 0.365914 0.362822
0.990518 0.051027 0.930506 0.647406 0.099834 0.492025 0.678944 0.614994 0.123939 0.680330 0.414378 0.376809
1.034629 -0.006789 0.924303 0.557752 0.136321 0.585163 0.587760 0.643548 0.105962 0.603437 0.377736 0.292940
0.983157 -0.015112 0.909377 0.634583 0.095315 0.511212 0.547542 0.644131 0.065603 0.644133 0.353537 0.342319
1.034579 -0.071782 1.036742 0.621330 0.105236 0.525765 0.655902 0.644425 0.099942 0.749842 0.236699 0.347359
1.019473 -0.035293 0.923955 0.447605 0.183090 0.531100 0.626130 0.611227 0.109022 0.627857 0.253312 0.300141
0.984752 0.024996 0.987571 0.617876 0.107349 0.590696 0.604366 0.702968 -0.041859 0.630115 0.298220 0.328794
0.963171 0.021967 1.010688 0.565712 0.078212 0.551449 0.650325 0.649922 0.005064 0.656880 0.349872 0.353292
0.924598 -0.031383 0.985101 0.568169 0.146948 0.531991 0.667820 0.704434 0.025275 0.565785 0.335282 0.309233
1.037804 -0.005381 0.917501 0.557508 -0.022829 0.654096 0.590210 0.685115 0.068684 0.634550 0.259770 0.375945
1.009975 -0.044219 0.913921 0.541901 0.113017 0.487015 0.614735 0.686565 -0.011133 0.637027 0.313636 0.341905
1.028752 -0.005805 0.847049 0.566492 0.035089 0.540243 0.502283 0.673884 0.024800 0.656364 0.241010 0.318410
0.904210 0.020602 0.819013 0.620815 0.071320 0.589281 0.611518 0.711277 0.018417 0.657147 0.380720 0.402040
0.935086 -0.017197 0.938195 0.472616 0.015530 0.461529 0.613141 0.598389 0.073243 0.661717 0.304056 0.337382
0.971832 0.054313 0.929187 0.560865 0.118766 0.550766 0.569558 0.650769 0.021616 0.685120 0.352398 0.320020
0.901588 0.074736 1.088956 0.621659 0.065317 0.662225 0.684833 0.605858 0.009476 0.632371 0.408707 0.343457
1.011089 0.033462 0.953487 0.604932 0.094352 0.521798 0.594050 0.622904 -0.000814 0.659089 0.343474 0.321168
0.928287 -0.043285 0.890871 0.635202 0.075578 0.476177 0.663351 0.626955 0.004608 0.660303 0.262983 0.325302
1.023097 -0.055730 0.955647 0.639383 0.099209 0.542341 0.504593 0.617893 0.022780 0.588554 0.326019 0.331868
0.953012 -0.000586 0.846953 0.543110 0.144460 0.590992 0.563926 0.616219 0.039370 0.728035 0.291486 0.407547
0.941285 -0.030336 0.878378 0.729100 -0.022883 0.558155 0.613549 0.561878 0.055391 0.639936 0.298261 0.341909
0.962852 0.000903 0.899544 0.515483 0.003146 0.580444 0.581983 0.655485 0.064327 0.642529 0.394548 0.314260
0.944885 0.002118 0.958375 0.591848 0.004948 0.625156 0.588999 0.675372 0.061041 0.587648 0.300065 0.397411
0.987166 0.093487 0.897768 0.532426 0.045572 0.567332 0.588609 0.689640 0.028118 0.581403 0.308461 0.349353
0.930668 0.042109 0.922528 0.575779 0.072001 0.600409 0.639257 0.628914 0.023941 0.687291 0.321746 0.324274
0.981644 0.007825 0.995477 0.599310 0.092662 0.553371 0.621443 0.699148 0.036326 0.665144 0.330356 0.406619
0.936966 0.060107 0.940513 0.623238 0.132632 0.595067 0.601923 0.654462 0.013049 0.556934 0.268157 0.345172
0.934302 -0.068551 0.933682 0.507761 0.118882 0.599957 0.499379 0.645923 0.019435 0.648446 0.288349 0.337681
0.960834 -0.065191 0.940979 0.555511 0.086720 0.599313 0.620802 0.669559 0.015778 0.732187 0.365406 0.348716
0.939761 0.111066 0.989789 0.670832 0.043297 0.602812 0.599442 0.635592 0.172796 0.575104 0.341059 0.347332
0.953000 0.045520 0.952365 0.615400 0.061286 0.479188 0.643892 0.642916 0.014181 0.668877 0.275621 0.376235
0.991157 0.003043 0.891578 0.645072 0.045695 0.500096 0.596311 0.754090 0.073503 0.630356 0.377747 0.265991
1.070808 -0.092867 0.918138 0.709418 0.069738 0.568696 0.605936 0.623489 -0.021439 0.639115 0.334109 0.277003
1.007270 0.107942 0.968543 0.571312 0.012167 0.568167 0.647283 0.595135 -0.011610 0.634822 0.247994 0.312065
1.044045 0.013449 0.929340 0.574114 0.018614 0.613201 0.616019 0.695955 0.095286 0.718436 0.292851 0.256996
0.928157 -0.079759 0.974209 0.665883 0.019621 0.561478 0.595547 0.687567 0.080369 0.631535 0.304243 0.283703
1.016426 0.073271 0.891974 0.561317 0.107239 0.548050 0.617447 0.603877 0.101787 0.555834 0.271086 0.319553
0.916067 0.025523 1.009836 0.641699 0.138099 0.535695 0.476404 0.689695 0.085228 0.583302 0.291460 0.333137
0.912905 0.047186 0.931196 0.617961 0.082457 0.562097 0.637551 0.716929 0.193679 0.705724 0.293899 0.394987
1.003739 0.077240 0.863250 0.640041 0.066583 0.512168 0.621784 0.651109 0.065933 0.626217 0.337482 0.319345
0.926152 -0.052774 0.923182 0.635464 0.055534 0.526983 0.554996 0.653889 0.097402 0.599900 0.319562 0.328886
0.936589 -0.035906 0.943822 0.676079 0.125373 0.592388 0.570439 0.666681 0.048118 0.651602 0.255967 0.317831
0.936090 0.039280 0.959969 0.726552 -0.007244 0.542178 0.559052 0.692103 0.087842 0.656932 0.340156 0.367482
0.976319 0.055204 0.971437 0.484319 0.102725 0.592985 0.591747 0.595406 0.111269 0.636837 0.370612 0.393576
1.049691 -0.091394 0.941701 0.574134 0.067178 0.577720 0.441039 0.681793 0.030014 0.561098 0.259658 0.289752
0.879532 0.060922 0.902028 0.612722 -0.007276 0.566736 0.543317 0.628370 -0.004178 0.707247 0.283192 0.361032
1.098135 0.028515 0.882900 0.551704 0.064521 0.613257 0.646675 0.576273 0.077947 0.527375 0.310591 0.341653
0.940666 -0.027706 0.943176 0.629844 0.169444 0.486245 0.595882 0.630484 0.114043 0.710291 0.237906 0.329165
0.990139 0.057118 0.930516 0.588710 0.041201 0.513990 0.693580 0.652802 0.019299 0.683969 0.272352 0.310598
0.934426 0.005790 0.917912 0.641415 -0.001245 0.558141 0.613897 0.596705 0.070887 0.663702 0.335743 0.360466
0.934944 -0.061585 0.834162 0.551098 0.073171 0.543260 0.582213 0.676067 0.123121 0.737193 0.366317 0.239247
0.972931 -0.045671 1.053662 0.551961 0.053264 0.582898 0.607268 0.555250 0.076077 0.670095 0.327303 0.371485
1.010090 -0.002457 0.992579 0.696455 0.066343 0.489800 0.636646 0.564871 0.099201 0.590408 0.371520 0.319441
0.999170 -0.080400 0.901927 0.559416 0.154771 0.529209 0.574004 0.653886 0.057350 0.559090 0.253215 0.280554
0.991087 -0.063721 0.971850 0.567084 0.069701 0.522594 0.551487 0.673976 0.044154 0.641958 0.353283 0.340570
0.855243 -0.050822 0.953350 0.657558 0.008066 0.512634 0.456666 0.608905 0.028572 0.584031 0.321771 0.361285
0.936116 0.031062 0.964164 0.583754 0.170719 0.509224 0.583961 0.713411 -0.064196 0.619192 0.330824 0.259027
1.032272 -0.010451 0.856736 0.566852 0.128161 0.675801 0.529489 0.716588 0.079661 0.529008 0.307001 0.404791
0.996975 0.026503 0.940651 0.575514 0.083569 0.591307 0.581245 0.659590 -0.006560 0.599327 0.295557 0.368985
1.061606 0.072917 0.834876 0.593761 -0.052000 0.614039 0.587304 0.613050 0.061001 0.666473 0.322942 0.302370
0.876610 -0.004111 0.951962 0.631891 0.048835 0.530637 0.611315 0.589912 0.032016 0.654700 0.285953 0.267580
0.902164 0.007905 0.990310 0.524404 0.025737 0.582652 0.633734 0.628640 0.070908 0.564420 0.364677 0.281015
1.024021 0.044668 0.911935 0.451620 -0.014839 0.552266 0.610403 0.606565 0.000487 0.616787 0.320909 0.300845
0.960882 -0.083994 0.959477 0.625578 0.056816 0.581221 0.616289 0.661936 0.022465 0.567167 0.239344 0.298640
1.009457 -0.022386 0.980539 0.541199 0.099223 0.554885 0.608834 0.615477 -0.006582 0.663676 0.306887 0.336247
0.899237 0.083339 0.952771 0.663738 0.108413 0.617692 0.644801 0.696182 0.084784 0.592130 0.335103 0.245386
0.941245 0.047245 0.878889 0.529971 0.083156 0.596292 0.528006 0.701331 0.053236 0.608248 0.289180 0.361874
1.011905 -0.021315 0.964728 0.588766 0.097129 0.525724 0.603249 0.597938 0.007505 0.741844 0.307392 0.420390
0.960743 0.002239 0.973694 0.607807 -0.009928 0.548415 0.609473 0.625171 0.059869 0.620352 0.306035 0.442823
0.973630 -0.029601 0.835500 0.560451 0.011688 0.522085 0.606185 0.629725 0.050503 0.655808 0.319173 0.419650
1.022569 0.027846 0.966130 0.643202 0.120443 0.495009 0.636325 0.713385 0.006034 0.683727 0.292403 0.334673
0.960000 0.095018 0.872322 0.563546 0.043938 0.517999 0.498958 0.555319 0.046861 0.706032 0.262775 0.297023
1.069114 0.033671 0.946517 0.560579 0.031556 0.524279 0.665109 0.668456 0.096373 0.697855 0.373086 0.331779
0.998096 0.009686 0.991863 0.669480 0.027451 0.501029 0.522602 0.785062 -0.064564 0.710129 0.305779 0.349277
0.946129 0.040878 0.984540 0.631277 0.144668 0.633316 0.532781 0.640430 0.119746 0.627350 0.236820 0.360010
1.018312 0.019768 0.935240 0.592320 0.106841 0.595685 0.588910 0.609586 0.040665 0.590420 0.310733 0.349124
0.920267 0.008531 0.851708 0.697603 0.010360 0.623739 0.629991 0.725213 0.046417 0.642827 0.274649 0.407578
0.028447 0.697874 0.246802 0.055862 0.665571 -0.021041 0.468911 0.088719 0.474803 0.251090 0.772909 0.454093
0.051493 0.744011 0.267517 0.132206 0.772832 0.001466 0.562256 0.078934 0.620748 0.306425 0.677896 0.570906
0.074142 0.835544 0.281291 0.026675 0.680579 -0.003035 0.504375 -0.006253 0.479789 0.251964 0.687280 0.522565
0.153204 0.736388 0.225408 0.029037 0.759376 0.061171 0.609565 0.038893 0.547284 0.337428 0.650182 0.466742
0.088063 0.752154 0.243288 0.025746 0.680696 0.042847 0.550565 0.085668 0.581657 0.241986 0.730066 0.405825
0.101895 0.672729 0.286506 0.069877 0.740830 0.022928 0.486152 0.020304 0.519438 0.298519 0.714616 0.553632
0.135600 0.795319 0.282105 0.050669 0.730599 -0.051407 0.578696 0.030598 0.606589 0.283347 0.683937 0.420343
0.131323 0.882668 0.234930 0.044271 0.745297 0.049136 0.574684 0.001263 0.575837 0.311645 0.675935 0.506695
0.101012 0.771193 0.284395 -0.024541 0.688818 0.129292 0.513499 0.057721 0.544715 0.218317 0.650787 0.563053
0.070548 0.793976 0.252904 0.065787 0.706845 -0.007448 0.482021 0.058719 0.598776 0.242632 0.699501 0.551783
0.086433 0.692659 0.182120 0.074633 0.711308 -0.010832 0.510786 -0.014943 0.501094 0.276993 0.701986 0.489578
0.056010 0.822403 0.179005 0.020943 0.757285 -0.026274 0.541005 0.121653 0.601228 0.370618 0.681202 0.461449
0.027382 0.777913 0.257192 0.081699 0.714495 0.039345 0.471860 0.085810 0.561035 0.164929 0.676524 0.482298
0.097018 0.674444 0.290404 0.129321 0.669656 -0.013364 0.584715 0.110793 0.538847 0.310457 0.653758 0.506032
0.110356 0.795503 0.265202 0.074402 0.700919 -0.012080 0.460850 -0.049238 0.631024 0.290274 0.809159 0.544755
0.053152 0.758127 0.220613 0.006856 0.649240 0.051246 0.544094 0.041174 0.618895 0.347311 0.714011 0.463997
0.106778 0.725452 0.264679 0.090719 0.690359 0.037114 0.611501 0.098219 0.563205 0.396360 0.715486 0.590262
0.168046 0.767317 0.163025 0.065398 0.623517 0.049566 0.556876 0.003431 0.520725 0.319521 0.766001 0.493034
0.011568 0.817897 0.167788 -0.023483 0.660198 0.026777 0.474754 0.012340 0.553287 0.298597 0.696202 0.481155
0.087984 0.763920 0.305099 -0.031426 0.728323 0.102005 0.431391 0.052658 0.581783 0.355765 0.699385 0.563794
0.053415 0.722169 0.268106 0.078587 0.670855 0.060919 0.501306 0.011793 0.482632 0.296958 0.616398 0.481952
0.161041 0.747738 0.289679 0.048124 0.628361 -0.027661 0.515030 0.095210 0.526217 0.157081 0.716306 0.562608
0.057715 0.786206 0.263019 0.033711 0.655329 0.012197 0.562121 0.011857 0.549918 0.279120 0.599036 0.527530
0.185163 0.830101 0.197084 0.055066 0.563556 0.069977 0.623532 0.014357 0.482503 0.262835 0.618734 0.454878
0.154865 0.829955 0.268304 0.109261 0.659152 0.063229 0.506920 0.090538 0.513979 0.316667 0.606860 0.506806
0.033501 0.877094 0.257766 0.031059 0.654467 0.019878 0.514246 0.071636 0.566226 0.284621 0.640481 0.379654
0.133046 0.819766 0.208078 0.037116 0.725437 0.063712 0.554469 0.139784 0.555232 0.284173 0.769791 0.467001
0.073206 0.797677 0.251036 0.009904 0.802626 -0.080375 0.522215 0.107848 0.586494 0.267753 0.730701 0.357303
0.085682 0.796304 0.274139 0.049932 0.787234 -0.016095 0.531437 -0.011055 0.436526 0.313651 0.816990 0.489184
0.191031 0.732843 0.200365 0.083632 0.710800 0.025746 0.489920 -0.024117 0.599591 0.375275 0.581093 0.469433
0.104082 0.828503 0.247216 0.051732 0.792678 0.099537 0.527727 -0.004043 0.510022 0.324325 0.612701 0.557860
0.109581 0.691130 0.231485 0.095900 0.713634 0.034769 0.568192 0.082658 0.489399 0.313089 0.659302 0.478333
0.148760 0.792800 0.175369 0.155175 0.688004 -0.037020 0.518020 0.093708 0.448416 0.301508 0.706028 0.438141
0.073611 0.738300 0.256919 0.014640 0.735180 -0.032305 0.513620 -0.083593 0.518581 0.335312 0.744112 0.421944
0.196643 0.826890 0.263873 0.084453 0.700544 0.041111 0.411127 0.145132 0.623834 0.257026 0.657512 0.574448
0.154127 0.771567 0.320256 0.055551 0.682751 0.052224 0.542832 0.081152 0.537720 0.290857 0.726871 0.468895
0.076248 0.722945 0.334375 0.037622 0.668413 0.030536 0.511197 -0.024005 0.526056 0.287315 0.652930 0.490143
0.179982 0.699270 0.247640 0.079092 0.694115 -0.068006 0.592491 -0.035082 0.535938 0.304893 0.726627 0.501642
0.134821 0.737993 0.323440 -0.034141 0.808861 -0.047857 0.651846 0.095092 0.513342 0.289740 0.570350 0.447607
0.062684 0.884343 0.254874 0.128998 0.728991 0.000171 0.532545 0.033399 0.571613 0.246956 0.718048 0.502298
0.090981 0.829147 0.316701 0.110193 0.622505 -0.024116 0.545029 0.038889 0.534919 0.220752 0.675020 0.475192
0.100158 0.818460 0.325444 0.084630 0.676112 0.102747 0.589683 -0.060775 0.438890 0.218843 0.634282 0.488486
0.058221 0.804688 0.282260 0.081574 0.735874 0.096768 0.584400 -0.058872 0.518279 0.207224 0.686990 0.484371
0.135299 0.760085 0.295374 0.022638 0.750341 0.062371 0.511647 0.074374 0.594452 0.296963 0.642852 0.462153
0.133956 0.837856 0.194753 0.118139 0.620834 0.017275 0.621503 -0.040575 0.610540 0.324321 0.733088 0.414578
0.097051 0.766410 0.310951 0.121966 0.746306 0.046015 0.576455 0.003486 0.508119 0.313181 0.680801 0.495706
0.040846 0.828338 0.238343 -0.056032 0.700049 0.128291 0.601104 0.041522 0.619872 0.297533 0.724184 0.387866
0.011233 0.861655 0.170404 -0.002532 0.823768 0.061997 0.542640 0.105514 0.661638 0.355295 0.622635 0.464248
0.100446 0.891059 0.202027 -0.062477 0.779804 -0.008791 0.522715 -0.054569 0.581908 0.251285 0.664147 0.569885
0.131622 0.826451 0.243566 0.052668 0.689580 -0.064196 0.530423 0.092119 0.473178 0.196543 0.737464 0.444505
0.103643 0.797652 0.420721 0.122037 0.701626 0.040302 0.540383 0.087513 0.575834 0.263716 0.713847 0.485350
0.221714 0.787886 0.233292 0.044021 0.671722 0.024613 0.494034 0.028172 0.662998 0.252316 0.705352 0.499899
0.144664 0.815349 0.214064 0.055847 0.685492 0.007587 0.508517 0.019796 0.585996 0.232076 0.811450 0.499255
0.142268 0.748599 0.188870 -0.045559 0.685885 -0.017686 0.562207 -0.021932 0.577647 0.200347 0.604213 0.449985
0.094740 0.770861 0.244301 0.074471 0.695229 0.076038 0.568920 -0.004583 0.535147 0.292450 0.679089 0.457516
0.194034 0.845556 0.310272 0.061424 0.720584 0.091873 0.551208 0.070681 0.518300 0.230431 0.652198 0.482835
0.098382 0.762892 0.252377 0.007723 0.691951 -0.024560 0.486573 -0.022214 0.454062 0.321090 0.703158 0.405657
0.214452 0.834625 0.277422 0.085928 0.726940 0.120706 0.495076 0.019439 0.449821 0.310330 0.638895 0.457229
0.123565 0.803715 0.304764 0.087524 0.740331 -0.064648 0.502627 -0.030154 0.648107 0.329521 0.691596 0.517714
0.156014 0.736886 0.270445 0.146660 0.761005 0.000894 0.520693 0.095162 0.513493 0.361502 0.712512 0.422913
0.141813 0.772829 0.313023 0.111902 0.624533 0.025727 0.505367 0.124705 0.615870 0.280591 0.675203 0.499339
0.037269 0.782084 0.248147 0.045261 0.684827 0.072780 0.553090 0.016344 0.576544 0.332905 0.771435 0.429666
0.177865 0.750052 0.195722 -0.000512 0.829021 0.077381 0.464998 0.010199 0.578010 0.345139 0.740642 0.407088
-0.010381 0.828568 0.340867 0.085873 0.772891 0.092608 0.594217 -0.001746 0.505860 0.228688 0.700649 0.546912
0.069994 0.803716 0.266316 -0.001520 0.749094 0.063615 0.571222 0.078740 0.491228 0.198438 0.645578 0.458661
0.096169 0.860454 0.263063 0.056304 0.743416 0.059630 0.529160 0.003919 0.596401 0.345506 0.619285 0.454350
0.064033 0.779327 0.307561 -0.002150 0.610794 0.100442 0.532849 0.048165 0.579407 0.268437 0.675847 0.469689
0.141318 0.775622 0.245903 0.125570 0.705466 0.008907 0.622260 -0.007284 0.556808 0.400108 0.618893 0.478257
0.128807 0.832690 0.186034 0.048397 0.710901 0.049551 0.570754 -0.007571 0.480739 0.137573 0.711351 0.507812
0.094397 0.803089 0.182253 0.020470 0.701885 0.006887 0.564111 0.011254 0.575778 0.254694 0.727933 0.436041
0.141838 0.835804 0.160815 0.066677 0.636346 -0.021740 0.425317 0.147187 0.511500 0.332048 0.690249 0.411558
0.084448 0.818547 0.171236 0.187107 0.705584 0.022222 0.504143 0.013571 0.595817 0.265429 0.670772 0.509708
-0.007208 0.743412 0.182875 0.104885 0.619151 0.041773 0.522330 0.124341 0.507106 0.216240 0.726224 0.471147
0.088525 0.769357 0.217357 0.167680 0.633425 0.064718 0.482038 -0.031197 0.477407 0.277833 0.677558 0.484654
0.103053 0.748284 0.203716 0.085174 0.678693 -0.026188 0.488645 -0.006028 0.549372 0.281963 0.713945 0.462825
0.094102 0.808453 0.293323 0.099089 0.740846 -0.071324 0.495839 0.031531 0.517262 0.324641 0.662785 0.525659
0.174177 0.758427 0.286318 0.120427 0.650126 0.051210 0.456188 0.030885 0.510819 0.242672 0.594193 0.511788
0.166553 0.799328 0.240394 0.097315 0.710925 0.028364 0.528259 0.115980 0.573336 0.318407 0.666184 0.502261
0.055436 0.792223 0.221903 0.125575 0.675145 0.043387 0.493059 0.066951 0.612154 0.256725 0.615342 0.399692
0.162958 0.746766 0.168274 0.122060 0.740441 0.058698 0.532733 0.020720 0.575569 0.355376 0.612536 0.456104
0.179260 0.739372 0.287962 0.126675 0.745940 0.020421 0.544735 0.020857 0.520113 0.284120 0.729717 0.542690
0.105901 0.741892 0.152935 0.040561 0.627136 0.027471 0.517525 -0.046059 0.581543 0.290341 0.675503 0.480703
0.019762 0.798143 0.279621 0.054603 0.789246 -0.006498 0.554252 -0.019726 0.516742 0.351901 0.651855 0.551646
0.094727 0.842298 0.272272 0.071477 0.748924 -0.000679 0.582021 0.122878 0.518736 0.318601 0.727743 0.463392
0.170867 0.836467 0.228431 0.027199 0.760353 -0.026626 0.480478 -0.036548 0.567407 0.316198 0.590516 0.433048
0.020389 0.785705 0.215731 0.093239 0.784488 -0.024319 0.625411 0.048395 0.575811 0.355525 0.706081 0.499720
0.146773 0.845311 0.281023 0.044740 0.742492 -0.004172 0.507654 0.063688 0.593086 0.256379 0.660055 0.474570
0.061718 0.763061 0.295521 0.067434 0.652324 -0.033777 0.559352 0.086146 0.617016 0.315335 0.709286 0.509979
0.037295 0.814306 0.311355 0.028238 0.763399 -0.031768 0.559165 0.019664 0.575619 0.346508 0.834923 0.415767
0.076063 0.805261 0.330758 0.092952 0.680242 0.019571 0.574735 0.038715 0.519770 0.317891 0.787769 0.451745
0.062757 0.787110 0.284400 0.158425 0.767409 0.109348 0.519852 0.049158 0.592143 0.287207 0.663345 0.414884
0.119676 0.855514 0.303975 0.066140 0.672652 0.041434 0.645658 0.041003 0.531270 0.320544 0.645808 0.448121
0.076452 0.754058 0.187918 0.102556 0.773592 0.084763 0.584514 -0.043204 0.527530 0.331413 0.696310 0.494157
0.062309 0.755775 0.225308 0.024007 0.702427 0.015381 0.503618 0.002531 0.620451 0.289826 0.684744 0.415973
0.099061 0.786118 0.288909 0.003393 0.786906 -0.006215 0.573027 -0.045941 0.530461 0.207320 0.693842 0.490537
0.143122 0.767063 0.261398 -0.010172 0.744545 -0.025589 0.492038 0.076094 0.555963 0.165465 0.635427 0.490160
0.112486 0.775756 0.259151 0.068072 0.724030 0.061395 0.618532 0.081035 0.579000 0.265894 0.720924 0.491579
0.024563 0.836088 0.270354 0.021506 0.787730 -0.017586 0.452445 0.111464 0.520726 0.281613 0.643157 0.471584
0.042144 0.805192 0.288355 0.057229 0.747094 0.008834 0.493780 0.024256 0.523396 0.402838 0.656685 0.543035
0.079150 0.795676 0.247990 0.044847 0.715510 0.127165 0.448564 0.121216 0.520569 0.318031 0.693882 0.485707
0.026868 0.806614 0.232948 0.080654 0.774096 -0.003192 0.520495 0.038304 0.617482 0.322734 0.679286 0.472809
0.084611 0.694653 0.293483 -0.028297 0.696177 0.098383 0.518750 0.029502 0.562746 0.354623 0.649842 0.496579
0.120912 0.731580 0.212572 0.089897 0.683630 0.039927 0.585510 0.027837 0.521306 0.233932 0.640222 0.484817
0.050388 0.792055 0.222944 0.038375 0.654467 0.042374 0.470284 0.070947 0.504647 0.278754 0.683762 0.516185
0.111493 0.825158 0.221476 0.042814 0.708382 0.088961 0.496126 0.043210 0.555453 0.320192 0.704268 0.467128
0.132943 0.835471 0.189335 0.064462 0.709310 0.019843 0.493886 0.006397 0.560754 0.315078 0.730567 0.525502
0.105564 0.737646 0.261673 0.080188 0.691140 0.043518 0.496344 0.022392 0.523431 0.302774 0.704258 0.420696
0.083029 0.736902 0.292613 0.061257 0.677719 -0.028360 0.502913 0.006676 0.583562 0.242926 0.694079 0.505101
0.111261 0.719780 0.194975 0.107096 0.632197 0.074462 0.516923 -0.028864 0.586673 0.312150 0.711271 0.456605
0.188597 0.718005 0.236050 0.080108 0.756687 0.048468 0.540130 0.004678 0.595473 0.234761 0.661204 0.520859
0.142546 0.773090 0.228316 0.059800 0.718924 0.025989 0.558564 0.025544 0.531503 0.309036 0.679393 0.469495
0.085945 0.801754 0.242553 0.056446 0.651370 -0.024484 0.535340 0.093628 0.535584 0.271260 0.666587 0.463308
0.081915 0.801751 0.247942 0.042559 0.729930 0.009048 0.440062 0.034271 0.564601 0.293963 0.733821 0.466901
0.154770 0.824219 0.235356 0.032998 0.608778 0.036876 0.517574 0.083060 0.549704 0.295416 0.658287 0.511071
0.123907 0.705158 0.288444 -0.007216 0.673230 -0.022724 0.537370 0.060864 0.609489 0.276914 0.710660 0.405774
0.026852 0.776731 0.264512 0.059888 0.772394 0.070919 0.484479 0.011765 0.576814 0.300217 0.618129 0.428713
0.065998 0.789420 0.250386 0.026402 0.727385 0.040010 0.506604 0.034232 0.482116 0.392297 0.656555 0.513316
0.154994 0.808477 0.325352 0.168385 0.701030 0.069108 0.519938 0.068319 0.618493 0.338255 0.770054 0.481812
-0.002982 0.828059 0.193479 0.034153 0.751699 0.058011 0.528895 0.043658 0.523412 0.246214 0.642303 0.419054
0.033529 0.745800 0.272927 0.119430 0.756160 0.085392 0.666434 -0.000720 0.533430 0.340175 0.618662 0.441444
0.117282 0.812134 0.315383 0.040490 0.690750 -0.052346 0.506766 0.061140 0.454239 0.307038 0.712789 0.474554
0.032106 0.765155 0.294615 0.028007 0.754262 -0.097932 0.510926 0.064471 0.557498 0.251697 0.655130 0.483495
0.065404 0.842146 0.288544 0.023531 0.704331 0.011494 0.562788 0.066003 0.557763 0.289545 0.744148 0.476845
0.012554 0.644487 0.238850 0.029108 0.734552 0.062139 0.567462 0.002633 0.531330 0.253676 0.686335 0.474628
0.068939 0.769519 0.341276 0.056285 0.672743 0.023927 0.592927 -0.022445 0.603156 0.267823 0.631722 0.545577
0.071507 0.725994 0.157880 0.085266 0.761415 -0.040427 0.426626 0.052072 0.611608 0.303348 0.684739 0.421069
0.133739 0.752712 0.246471 0.069912 0.659534 0.063014 0.557122 -0.013141 0.485687 0.336177 0.621642 0.483438
0.113101 0.740961 0.290264 0.047501 0.650464 0.120321 0.540011 -0.036019 0.422524 0.355216 0.762311 0.507329
0.082612 0.824893 0.214025 0.076972 0.794938 0.029629 0.441808 0.117420 0.627912 0.233793 0.787460 0.462490
0.124183 0.870168 0.226512 0.075313 0.717521 0.022873 0.488927 0.049430 0.608905 0.338506 0.705038 0.551358
0.104717 0.855572 0.352152 0.109322 0.737273 -0.045508 0.460552 0.048850 0.568604 0.372256 0.639203 0.624730
0.031405 0.840571 0.230511 0.118024 0.679792 -0.058838 0.451820 0.077293 0.500759 0.266942 0.695024 0.434965
0.092051 0.738656 0.209136 0.093968 0.709124 0.027626 0.552133 -0.019809 0.603197 0.296895 0.630824 0.425425
0.077282 0.816357 0.221965 0.171932 0.719605 0.125470 0.402650 -0.009126 0.687762 0.296767 0.745486 0.445656
0.084092 0.667511 0.283616 0.078986 0.646682 0.034396 0.433632 0.037869 0.422785 0.268344 0.619108 0.514847
0.100367 0.815322 0.230527 0.141293 0.691993 0.011246 0.521848 0.040827 0.532678 0.286788 0.672639 0.570843
0.105643 0.837439 0.348865 0.047775 0.726281 0.085022 0.508316 -0.004693 0.495097 0.239625 0.671434 0.454753
0.052459 0.692431 0.178650 0.109371 0.706573 0.052536 0.492783 -0.012051 0.585728 0.232480 0.721943 0.475656
0.113545 0.739810 0.216080 0.026435 0.676869 0.113150 0.507866 -0.027922 0.452875 0.282411 0.629717 0.454800
0.023360 0.753530 0.282082 -0.013192 0.804655 -0.024110 0.487367 0.007172 0.505649 0.325214 0.706061 0.461944
0.063155 0.688029 0.190484 0.202714 0.694188 -0.001277 0.480548 0.050769 0.509729 0.225981 0.732358 0.545040
0.194324 0.809463 0.320055 -0.014865 0.729270 -0.034666 0.535499 -0.028485 0.543441 0.222536 0.663144 0.460413
0.110028 0.864593 0.284459 0.030360 0.699769 0.025706 0.570228 0.055060 0.565421 0.404618 0.709783 0.491524
0.072464 0.873557 0.288151 0.025990 0.665800 0.147282 0.541596 0.036247 0.459565 0.276494 0.609643 0.524740
0.130435 0.773081 0.316781 0.079588 0.797626 -0.043599 0.491149 0.037779 0.516912 0.336174 0.620633 0.429408
0.135322 0.798719 0.232257 0.067800 0.668228 0.004454 0.511502 -0.038222 0.560731 0.364734 0.701373 0.548445
0.124651 0.795502 0.206519 0.133240 0.753335 0.047295 0.617957 0.045275 0.531743 0.367060 0.715334 0.560294
-0.025410 0.822147 0.269526 0.117028 0.718226 0.049165 0.545897 -0.018031 0.510506 0.286879 0.638607 0.457259
0.083963 0.839660 0.281986 0.052890 0.651123 0.037736 0.455412 0.002092 0.568900 0.302199 0.705794 0.442714
0.144898 0.808841 0.312066 0.012746 0.788753 0.075534 0.609617 0.044973 0.497775 0.379850 0.732924 0.416829
0.198483 0.788697 0.208603 -0.005699 0.691206 0.015920 0.458352 -0.016089 0.572592 0.165686 0.704017 0.519916
0.095112 0.798243 0.257916 0.081181 0.698151 -0.006898 0.508152 -0.023035 0.540203 0.303752 0.749241 0.568092
0.150986 0.876919 0.236712 0.031997 0.752460 0.059661 0.499899 -0.014480 0.493607 0.273929 0.736505 0.508163
0.180581 0.788919 0.231295 0.159346 0.686110 0.058489 0.497473 0.173758 0.596368 0.345567 0.723864 0.501862
0.063442 0.824275 0.177129 0.117480 0.727278 -0.000382 0.560323 0.005304 0.589334 0.235834 0.720587 0.482674
0.133554 0.738311 0.324115 0.172126 0.636165 0.127666 0.504481 -0.018092 0.600539 0.339570 0.672162 0.476159
0.077103 0.711372 0.271382 0.100081 0.732121 -0.001577 0.552490 0.057585 0.570551 0.330503 0.770744 0.437142
0.047439 0.655708 0.191799 -0.055592 0.698377 0.058217 0.450096 0.007905 0.570945 0.299028 0.668866 0.448083
0.148603 0.863398 0.227227 0.014371 0.700737 0.087883 0.551455 0.007790 0.509974 0.295921 0.672191 0.503146
0.122566 0.823720 0.262695 0.079396 0.558540 0.056579 0.430457 0.043427 0.553937 0.328781 0.797270 0.519798
0.131242 0.742698 0.268630 0.012799 0.679830 0.059417 0.450479 0.098792 0.586055 0.247388 0.675256 0.428267
0.084957 0.786188 0.137700 0.085179 0.725429 0.050712 0.571609 -0.042301 0.543444 0.302896 0.563823 0.515955
0.086900 0.717641 0.264349 -0.030010 0.754999 0.007763 0.477392 -0.015425 0.543178 0.238440 0.604962 0.485601
0.125432 0.796454 0.188100 0.134697 0.780161 -0.027972 0.505872 0.088997 0.519615 0.240500 0.702539 0.494234
0.094766 0.752767 0.265808 0.100342 0.782915 0.024736 0.574410 -0.021548 0.580976 0.390333 0.715080 0.477515
0.155173 0.769767 0.334759 0.127503 0.776524 -0.012274 0.497306 0.076407 0.606502 0.293220 0.672114 0.522043
0.039370 0.774677 0.142543 0.039594 0.748262 0.079994 0.571330 0.000652 0.643828 0.214817 0.650107 0.485676
0.074071 0.741521 0.217055 0.042285 0.722702 0.135745 0.589255 0.013324 0.572840 0.255014 0.633521 0.509847
0.118528 0.867980 0.261087 0.073082 0.714327 0.076058 0.525839 0.009567 0.616873 0.287598 0.677530 0.444133
0.052797 0.798168 0.249102 0.097342 0.809082 0.092571 0.506922 0.053669 0.570646 0.296517 0.766835 0.454125
0.023068 0.740583 0.294007 0.129943 0.652751 0.081330 0.605644 0.017858 0.645721 0.284628 0.709872 0.437287
0.101828 0.782090 0.199112 0.084798 0.631678 0.054857 0.487634 0.024147 0.491214 0.146222 0.676697 0.503356
0.141319 0.764579 0.329846 0.005343 0.627338 0.070411 0.489158 0.044094 0.502480 0.230764 0.615608 0.482636
0.097885 0.771867 0.171925 0.124463 0.652014 0.080682 0.480894 0.005673 0.569616 0.316351 0.681469 0.475098
0.180513 0.698526 0.256050 -0.006896 0.738008 0.081874 0.496677 0.050000 0.551427 0.231315 0.647352 0.536821
0.045844 0.789277 0.332186 -0.023987 0.786699 0.097958 0.522718 0.094022 0.564924 0.355904 0.723512 0.504234
0.237270 0.819796 0.235421 0.128097 0.635972 0.070519 0.478529 0.006956 0.613506 0.322047 0.659697 0.470311
0.070935 0.777761 0.261047 -0.004850 0.633467 -0.073297 0.524742 -0.085550 0.543715 0.371361 0.690074 0.522203
0.180958 0.756258 0.227025 0.035764 0.724442 0.045955 0.490070 -0.019928 0.520971 0.367120 0.658800 0.612063
0.062449 0.782492 0.276786 0.101561 0.680894 -0.044661 0.465401 0.077400 0.480793 0.269419 0.694623 0.475815
0.105688 0.665517 0.124513 0.068149 0.785754 0.059254 0.481034 0.055800 0.623486 0.262636 0.738888 0.549929
0.104562 0.769534 0.238679 0.052942 0.621927 0.057717 0.598575 0.111457 0.515925 0.289552 0.598580 0.451911
0.056945 0.757958 0.286233 0.013451 0.722720 0.044191 0.503096 0.071827 0.610550 0.287858 0.726165 0.531964
0.098466 0.738473 0.249786 -0.003867 0.758975 0.040533 0.582695 0.043038 0.550179 0.252783 0.748381 0.549833
0.133935 0.754844 0.371929 0.064554 0.646950 0.034901 0.597756 0.085558 0.612305 0.307786 0.640124 0.521011
0.116739 0.780570 0.291076 0.099756 0.673043 0.050618 0.577390 0.075442 0.556052 0.273727 0.639920 0.563583
0.152470 0.720923 0.239818 0.032954 0.683827 -0.064430 0.565069 0.013359 0.586016 0.313082 0.697805 0.398067
0.104888 0.785540 0.190457 0.037935 0.795778 0.079307 0.516919 0.141092 0.495664 0.298394 0.660731 0.503657
0.062360 0.801932 0.273389 -0.011608 0.693468 0.011894 0.543679 -0.017319 0.528609 0.289959 0.699047 0.457197
0.102659 0.784633 0.297328 0.129312 0.665914 0.002573 0.536881 0.009394 0.541198 0.209385 0.727397 0.562321
0.026148 0.768396 0.256682 0.071013 0.672977 0.085012 0.551024 0.015035 0.572706 0.300690 0.641552 0.475731
0.095640 0.835997 0.288690 0.031612 0.737931 0.005832 0.532471 -0.016551 0.551586 0.233918 0.646905 0.525731
0.014755 0.823630 0.201411 -0.036854 0.671454 0.045954 0.508114 0.061300 0.527013 0.294496 0.700912 0.543629
0.055143 0.751005 0.294680 -0.067806 0.761028 0.080531 0.485506 -0.032108 0.579398 0.306776 0.759056 0.502376
0.016141 0.733180 0.248227 0.122649 0.781075 0.011258 0.542296 0.041080 0.523014 0.265667 0.649324 0.325655
0.162053 0.793722 0.268505 0.014226 0.728360 0.158249 0.551245 0.059230 0.630565 0.240266 0.706641 0.444008
0.146611 0.746064 0.233491 0.086824 0.675220 0.129697 0.590758 0.020048 0.603068 0.241287 0.617713 0.474726
0.073183 0.755194 0.185169 0.114132 0.735241 0.134870 0.589471 -0.014445 0.519550 0.311887 0.757759 0.595677
0.104883 0.763280 0.194652 0.119943 0.783884 0.031293 0.524923 0.032151 0.588847 0.331377 0.665588 0.417273
0.075929 0.759049 0.308400 0.088227 0.720504 0.078673 0.550612 0.075714 0.563537 0.296932 0.690302 0.485366
0.049441 0.797021 0.129861 0.062081 0.685679 0.152968 0.584007 -0.071188 0.523395 0.365414 0.662625 0.550104
0.130537 0.740155 0.226434 0.101203 0.617659 0.127571 0.538552 0.021244 0.552122 0.369904 0.770200 0.461756
0.078553 0.780408 0.312065 0.142424 0.681081 0.013406 0.459832 0.025965 0.499968 0.283664 0.562120 0.543413
0.059680 0.741140 0.160462 -0.010121 0.678242 0.013842 0.458351 -0.047078 0.530251 0.368947 0.747774 0.487168
0.099202 0.751132 0.308014 0.103798 0.747406 0.109332 0.617005 0.027765 0.532160 0.316046 0.704301 0.375690
0.195732 0.782333 0.325738 0.115047 0.726359 -0.001877 0.552478 0.011932 0.570575 0.318250 0.637718 0.510721
0.083182 0.847084 0.288679 -0.011405 0.677699 0.094841 0.475788 0.052363 0.597503 0.293806 0.640553 0.526495
0.116931 0.872102 0.250598 0.020397 0.760919 -0.026203 0.532021 -0.012931 0.607649 0.301520 0.737025 0.470769
0.092731 0.741986 0.296930 0.035730 0.664986 -0.019308 0.592681 -0.003184 0.480848 0.245682 0.755326 0.522002
-0.030736 0.822199 0.203312 0.004724 0.631088 0.028544 0.500996 -0.029858 0.594111 0.346603 0.677667 0.482438
0.174990 0.847252 0.254808 0.117837 0.658895 0.056722 0.548784 0.053871 0.572510 0.336621 0.596224 0.540216
0.080695 0.729217 0.346427 0.042270 0.726187 -0.004078 0.508594 0.032415 0.452824 0.357117 0.737290 0.489896
0.062132 0.838201 0.316468 0.072503 0.788173 0.057853 0.493859 0.069852 0.496449 0.258770 0.697579 0.371073
0.130087 0.816284 0.181844 0.098101 0.747693 0.106796 0.508862 0.054203 0.454809 0.275659 0.723306 0.448654
0.139529 0.755442 0.247439 0.093244 0.732168 0.000914 0.525851 0.067758 0.527977 0.402109 0.685930 0.490885
0.115081 0.783065 0.177944 0.096041 0.695389 0.007776 0.486177 -0.044795 0.587973 0.217791 0.650422 0.492083
0.057637 0.841854 0.192681 0.059022 0.672989 -0.000366 0.583718 0.125209 0.496803 0.290162 0.623612 0.449715
0.069736 0.807735 0.205982 0.132465 0.692043 -0.029808 0.539446 0.047657 0.599224 0.293990 0.670280 0.513378
0.146042 0.714393 0.278409 0.145194 0.635785 0.003485 0.538782 0.093179 0.531003 0.282503 0.603262 0.491373
0.074456 0.843398 0.227582 0.075284 0.669746 -0.025106 0.473079 0.045255 0.609621 0.350145 0.692317 0.475460
0.064202 0.806201 0.244669 0.100022 0.721644 -0.004993 0.581661 -0.031732 0.481056 0.258576 0.694914 0.421800
0.051588 0.755087 0.252101 0.045053 0.794204 0.014696 0.554562 0.080630 0.555295 0.326754 0.734774 0.423608
0.132932 0.687031 0.202951 0.008562 0.697895 0.049964 0.490229 0.041295 0.594285 0.256194 0.692405 0.477435
0.081816 0.885540 0.252096 0.003825 0.672028 0.011493 0.445910 0.064673 0.512774 0.228571 0.686172 0.458849
0.124566 0.788768 0.224868 0.054945 0.793053 0.012683 0.525097 0.044257 0.616375 0.354088 0.714107 0.420321
0.138163 0.839729 0.220632 0.096043 0.702603 -0.004738 0.478500 0.015040 0.484857 0.273112 0.676816 0.453517
0.171743 0.838935 0.283633 0.074871 0.728877 0.056918 0.512561 0.020840 0.568679 0.319485 0.666309 0.489064
0.011346 0.814162 0.357245 0.110948 0.780305 -0.005219 0.502365 -0.056319 0.558660 0.336493 0.678188 0.517952
0.110889 0.730539 0.211490 0.175831 0.636811 0.070107 0.515454 0.103510 0.675994 0.356282 0.688856 0.487702
0.129593 0.853985 0.263368 0.063852 0.660942 0.057332 0.495094 0.121448 0.595023 0.358767 0.642481 0.357230
0.082243 0.793971 0.274529 0.083275 0.671430 0.038156 0.599141 0.098900 0.554899 0.391772 0.729943 0.456062
0.018906 0.740930 0.343621 0.029913 0.769744 0.090764 0.505139 0.033994 0.410855 0.300460 0.697515 0.495474
0.152099 0.795674 0.185022 0.008098 0.684042 -0.007269 0.528500 0.039007 0.440181 0.255262 0.714790 0.578717
0.147084 0.774217 0.295489 0.102914 0.655154 0.084933 0.469316 0.011309 0.565020 0.265873 0.729147 0.539208
0.049636 0.918664 0.260775 0.046931 0.728691 0.061258 0.465730 0.066602 0.522534 0.291924 0.766788 0.496938
0.102771 0.898910 0.313915 0.113464 0.659222 0.054179 0.575383 0.027123 0.513579 0.170048 0.624598 0.448553
0.045187 0.747315 0.278504 0.092948 0.760105 0.033108 0.564247 0.032894 0.565420 0.259897 0.729849 0.474404
0.093756 0.749935 0.283603 0.144104 0.783636 -0.002782 0.544405 -0.046743 0.541219 0.259847 0.628442 0.465115
0.133296 0.791453 0.294890 0.085037 0.603030 0.091043 0.508952 -0.052363 0.534971 0.365976 0.693599 0.512265
0.154330 0.796393 0.307811 0.099118 0.700792 0.057979 0.474979 0.103150 0.571978 0.409410 0.653445 0.450577
0.000586 0.759240 0.180733 0.073964 0.725755 0.096063 0.484192 0.057293 0.582085 0.280720 0.708124 0.443515
0.105121 0.805889 0.274172 0.085939 0.746018 0.139095 0.602712 0.079692 0.583945 0.292953 0.642672 0.507114
0.066367 0.841969 0.212853 0.073091 0.637549 0.131961 0.454961 0.087655 0.619299 0.319247 0.617725 0.513184
0.152314 0.804283 0.284979 0.022446 0.692193 -0.064086 0.575088 0.048711 0.574307 0.358688 0.654313 0.518024
0.039129 0.752963 0.170657 0.075746 0.747157 -0.059855 0.527596 0.003233 0.597660 0.246867 0.658259 0.491858
0.065477 0.749145 0.193976 0.045231 0.755829 -0.023187 0.551889 -0.030461 0.589854 0.297366 0.657971 0.516798
0.134545 0.865882 0.316143 0.096597 0.785436 0.085687 0.503446 0.005037 0.609861 0.216683 0.677923 0.484843
0.097621 0.820213 0.259012 0.124365 0.657529 0.057286 0.497945 0.014597 0.539898 0.316686 0.681227 0.514255
0.012495 0.838938 0.293358 0.039509 0.714663 0.055246 0.476286 0.111434 0.586430 0.275875 0.741561 0.502701
0.128514 0.878467 0.216994 0.007980 0.739317 -0.067763 0.520254 0.028280 0.637471 0.338717 0.682857 0.590922
0.109747 0.784073 0.193802 0.147683 0.779703 0.044301 0.478491 0.063836 0.522745 0.317638 0.708135 0.460317
0.165992 0.779120 0.179076 0.051178 0.649250 -0.022015 0.535916 0.137106 0.588758 0.261705 0.691414 0.546588
0.119033 0.769261 0.259361 0.018815 0.715583 0.074518 0.490552 0.038998 0.558837 0.308697 0.572520 0.510898
0.102784 0.744225 0.195422 0.090721 0.777631 0.025161 0.493815 -0.014501 0.555926 0.281818 0.607036 0.443144
0.190367 0.870060 0.229506 0.129876 0.657868 0.057387 0.506520 -0.019396 0.586288 0.360029 0.630599 0.420479
0.060122 0.728568 0.247665 0.109971 0.689917 0.048767 0.549630 -0.036257 0.591740 0.293723 0.671825 0.481482
0.137053 0.820154 0.237828 0.084587 0.630856 0.010717 0.549743 0.104827 0.670845 0.198690 0.662064 0.455968
0.087138 0.716499 0.240136 -0.029029 0.736917 0.075579 0.469725 0.048571 0.538053 0.321520 0.664270 0.547369
0.119583 0.787929 0.299936 0.058355 0.704940 0.036443 0.619638 0.058965 0.559841 0.277376 0.747337 0.600111
0.149763 0.852405 0.288419 0.020863 0.729504 -0.040302 0.553260 0.097214 0.527803 0.306014 0.632808 0.496013
0.094142 0.718229 0.193864 0.056228 0.710571 -0.013458 0.534156 0.016542 0.431980 0.361322 0.709355 0.429286
0.033828 0.738225 0.101386 0.065115 0.676029 0.112354 0.515843 -0.020651 0.585592 0.362929 0.720708 0.407715
0.211915 0.826879 0.305635 0.020795 0.654185 0.105736 0.633498 0.070243 0.590892 0.277352 0.582825 0.502784
0.076833 0.799334 0.294895 0.016530 0.688026 0.154330 0.466651 0.057137 0.586067 0.259044 0.651883 0.525667
0.009646 0.767697 0.287361 0.102611 0.633961 0.012963 0.555156 0.036772 0.564394 0.294949 0.670616 0.543456
0.109601 0.715508 0.234171 0.077328 0.761658 0.073641 0.448760 0.007966 0.585214 0.383490 0.690745 0.488916
0.049878 0.790436 0.264992 0.033509 0.663050 -0.013983 0.547491 0.080051 0.546905 0.270721 0.679483 0.473302
0.109825 0.720780 0.305619 0.032452 0.659317 -0.000018 0.454893 0.081417 0.604272 0.324897 0.732472 0.538199
0.001049 0.817031 0.227513 -0.029647 0.675627 0.057483 0.610285 0.078560 0.631502 0.307999 0.693983 0.489777
0.063766 0.758907 0.280276 0.181974 0.670347 0.088489 0.548295 -0.059944 0.439033 0.301206 0.661764 0.450129
0.110611 0.789006 0.232117 0.068186 0.681015 0.067888 0.533158 0.047981 0.579241 0.350487 0.679216 0.424193
0.118652 0.715343 0.154519 0.025186 0.721044 -0.013065 0.586823 0.068519 0.540390 0.279514 0.593590 0.606780
0.106917 0.758467 0.197288 0.043040 0.755139 0.020704 0.516643 0.110583 0.570081 0.237571 0.655410 0.486626
0.225920 0.772519 0.185854 0.082870 0.719848 0.024038 0.638765 0.040323 0.527102 0.315175 0.663264 0.485493
0.048337 0.738357 0.269074 0.113438 0.738258 0.087240 0.469237 0.128559 0.554402 0.315724 0.650353 0.423005
0.105631 0.902765 0.241211 0.135760 0.733067 0.010473 0.463864 -0.047290 0.467768 0.260739 0.680121 0.479873
0.153390 0.846029 0.313208 0.102154 0.700749 0.029922 0.565552 0.055046 0.653294 0.258053 0.681483 0.548026
-0.010250 0.788097 0.230759 0.041716 0.688618 0.019964 0.492795 -0.080546 0.569847 0.327931 0.668964 0.474845
0.042253 0.781912 0.259501 0.082350 0.660688 -0.007028 0.556274 0.038076 0.573072 0.325467 0.716138 0.542424
0.047900 0.780948 0.258911 0.103256 0.715465 0.027265 0.469075 0.018333 0.573126 0.315073 0.678809 0.566809
0.126195 0.751363 0.321026 0.108130 0.664056 0.024933 0.526741 -0.005152 0.607812 0.372211 0.707599 0.465595
0.168266 0.746564 0.197112 0.036620 0.830878 0.080966 0.537850 0.022632 0.618636 0.320006 0.680168 0.585028
0.054525 0.768211 0.256062 0.114222 0.807602 0.084347 0.492318 -0.038016 0.605626 0.232685 0.787143 0.570898
0.074553 0.742842 0.218562 0.044975 0.736189 0.062228 0.563939 0.064235 0.569870 0.304416 0.667485 0.482381
0.123588 0.774025 0.255028 0.015685 0.726151 -0.024196 0.549744 -0.039363 0.467738 0.372765 0.652695 0.477686
0.131014 0.794118 0.265188 0.171256 0.738156 -0.071175 0.495493 -0.004889 0.500619 0.302001 0.629357 0.577280
0.079160 0.687896 0.304640 0.089761 0.699704 0.042117 0.457049 0.039595 0.495431 0.291773 0.629206 0.584359
0.115638 0.817809 0.127072 0.163032 0.730501 0.028984 0.600119 0.041317 0.627729 0.281342 0.600417 0.398963
0.166565 0.868374 0.229535 0.081980 0.758147 0.032133 0.472397 0.033028 0.543289 0.252335 0.680699 0.557402
0.014905 0.742928 0.287571 0.061647 0.672712 0.085119 0.572839 0.033610 0.563996 0.356998 0.671482 0.547701
0.060865 0.794262 0.253370 0.036471 0.683501 0.105044 0.549544 -0.015448 0.488948 0.346913 0.623893 0.570941
0.117757 0.750348 0.275628 0.135348 0.653967 0.043987 0.508466 -0.092680 0.464145 0.222552 0.753393 0.534429
0.091727 0.735213 0.234825 0.090943 0.647741 -0.038381 0.465928 0.040329 0.505699 0.361426 0.669074 0.550554
0.164093 0.688197 0.153542 0.072434 0.831892 0.077990 0.657547 -0.040787 0.583471 0.250998 0.718216 0.525726
0.197167 0.737613 0.276613 0.040487 0.705849 0.018538 0.500641 -0.002687 0.502466 0.339805 0.596936 0.487996
0.094483 0.708743 0.241361 0.047392 0.752712 -0.004044 0.524388 -0.068521 0.589281 0.290362 0.653295 0.545451
0.095136 0.747799 0.318750 0.137171 0.733951 0.124366 0.509974 0.101430 0.561203 0.219280 0.666521 0.500172
0.080190 0.801544 0.233871 0.058253 0.672092 0.013802 0.550335 0.038338 0.637222 0.262263 0.786040 0.490930
0.124493 0.817805 0.159635 0.151841 0.657190 0.044252 0.425802 0.056984 0.536999 0.317819 0.667080 0.523676
0.067401 0.781320 0.111069 0.104026 0.720734 -0.031401 0.523944 0.053244 0.556891 0.216767 0.642805 0.481326
0.093782 0.704577 0.273786 0.058915 0.590413 -0.099687 0.588380 0.090177 0.549264 0.311028 0.710804 0.536057
0.194141 0.836432 0.262314 -0.000405 0.832430 0.001628 0.510800 -0.049556 0.536141 0.230318 0.648629 0.467643
0.174046 0.790652 0.247947 0.048655 0.691889 -0.024658 0.542095 0.056067 0.566335 0.316160 0.650354 0.361415
0.078659 0.782028 0.297020 0.136284 0.718778 0.007946 0.543707 0.060381 0.612769 0.340669 0.691976 0.569308
0.015825 0.786888 0.184110 0.111695 0.660230 0.067445 0.556452 0.034457 0.539349 0.364800 0.655776 0.493630
0.071104 0.818908 0.333010 0.178683 0.760647 0.141210 0.495227 0.090945 0.551390 0.278734 0.694599 0.467488
0.056587 0.776430 0.248807 0.166048 0.616625 0.095637 0.574591 0.069765 0.555205 0.363720 0.616992 0.527105
-0.009003 0.719869 0.237012 0.132165 0.745903 0.082320 0.562322 0.034267 0.526952 0.299148 0.747945 0.459841
0.147314 0.755458 0.295762 0.140632 0.664213 0.018025 0.586394 0.066079 0.552358 0.286118 0.658757 0.525045
0.141958 0.821398 0.259953 0.045758 0.783064 -0.007598 0.464717 0.090808 0.558104 0.272329 0.714622 0.529850
0.182419 0.697818 0.175249 0.120183 0.755111 0.151596 0.558403 -0.013655 0.531177 0.302586 0.664180 0.494699
0.099236 0.821744 0.290642 0.080806 0.748372 -0.014159 0.508564 0.107235 0.575798 0.384093 0.696879 0.534441
0.078696 0.804897 0.126819 0.078976 0.620360 0.011986 0.580602 0.115583 0.548376 0.266545 0.746777 0.466254
0.044373 0.729898 0.309651 0.131141 0.687863 0.027655 0.576825 0.140877 0.529289 0.298747 0.638023 0.508854
0.064025 0.741572 0.256990 0.038140 0.770344 0.072035 0.546901 0.021213 0.596186 0.301977 0.713452 0.477616
0.099333 0.840445 0.231311 0.166078 0.633768 -0.008577 0.428309 0.060683 0.587318 0.308356 0.716390 0.533227
0.079540 0.813292 0.320980 -0.009200 0.764950 0.080186 0.461884 -0.121421 0.607480 0.392778 0.662895 0.434420
0.083360 0.850645 0.167107 0.067850 0.806393 -0.003977 0.550517 0.040344 0.556866 0.323755 0.666572 0.510652
0.122146 0.685051 0.314740 0.058783 0.646307 0.055031 0.472957 0.042030 0.526220 0.350802 0.709394 0.487665
0.038307 0.873933 0.299645 0.036564 0.751887 0.067580 0.506894 0.048783 0.564736 0.285950 0.641710 0.451936
0.048398 0.767566 0.297034 0.107844 0.685098 0.040605 0.609282 0.069757 0.622051 0.265178 0.683275 0.440452
0.124362 0.765067 0.346285 0.044130 0.695548 -0.022696 0.514136 -0.015713 0.552096 0.442140 0.740715 0.474271
0.009361 0.763153 0.253510 0.071113 0.706083 0.079362 0.490368 0.036800 0.666071 0.293460 0.732185 0.533833
0.120720 0.795246 0.285860 0.021169 0.650579 -0.004322 0.485181 -0.006107 0.678536 0.193143 0.738609 0.486392
0.055288 0.817237 0.299505 0.195245 0.664192 0.095474 0.572868 0.035322 0.542206 0.331927 0.666106 0.452213
0.054805 0.801838 0.278534 0.019845 0.711658 0.036274 0.474524 0.000589 0.532404 0.262710 0.598909 0.412070
0.096141 0.791628 0.281414 0.039864 0.713081 0.056578 0.503445 0.036959 0.560176 0.316369 0.691431 0.557133
0.104435 0.718007 0.261811 0.035513 0.645278 0.020387 0.590301 -0.053116 0.568721 0.220557 0.664130 0.507563
0.059700 0.836790 0.206820 0.075037 0.652348 0.003761 0.602951 0.015687 0.544134 0.251957 0.693136 0.368473
0.106030 0.763045 0.289820 0.041173 0.660138 0.012573 0.483178 0.067942 0.557642 0.277731 0.608065 0.478176
0.112143 0.730858 0.237677 0.100014 0.662614 0.014008 0.466866 0.022825 0.545147 0.348970 0.639621 0.518755
0.047818 0.784309 0.268993 0.083648 0.757482 0.061415 0.626606 0.086401 0.574724 0.196796 0.674430 0.523993
0.182330 0.768139 0.230410 0.098903 0.733862 -0.044449 0.644761 0.067626 0.641623 0.314296 0.656266 0.459459
0.112127 0.756269 0.231726 0.051814 0.707697 0.043659 0.450280 -0.010954 0.560896 0.257429 0.708224 0.416087
0.657713 0.642947 0.604084 0.093898 0.816794 0.682448 0.984474 0.891687 1.020751 0.060806 1.032461 0.602612
0.613023 0.663896 0.430921 0.165526 0.831749 0.631416 0.945808 0.831230 1.024267 0.112925 1.111826 0.521821
0.563955 0.650039 0.548682 0.149386 0.725871 0.629211 0.945582 0.894189 0.993252 0.056204 0.902309 0.616406
0.568928 0.626003 0.534908 0.177854 0.832830 0.653219 0.909031 0.882037 1.086973 0.079802 0.983874 0.482670
0.554023 0.605915 0.592742 0.237604 0.764084 0.587737 1.009481 0.903974 1.009319 0.101309 1.039958 0.508901
0.547453 0.551870 0.523309 0.197505 0.788618 0.571719 0.975861 0.834112 1.011185 0.095945 1.121042 0.617891
0.593485 0.560110 0.566687 0.133197 0.842714 0.502034 1.002829 0.911771 0.945865 0.064758 1.026454 0.595136
0.577707 0.634770 0.498779 0.146002 0.849308 0.575791 0.889216 0.974958 1.076726 0.074076 0.965632 0.521570
0.579313 0.609725 0.576886 0.140841 0.745014 0.486242 0.857204 0.953319 0.916285 0.133452 0.968490 0.607095
0.507962 0.632090 0.552889 0.223962 0.722525 0.597964 0.947049 0.763991 1.046269 0.115240 1.008513 0.546760
0.606707 0.628697 0.478152 0.179064 0.749196 0.598646 1.038110 0.907393 0.908757 0.137885 1.036511 0.624782
0.540153 0.597806 0.587694 0.192126 0.811595 0.498167 1.004769 0.788565 0.793281 0.012120 0.966201 0.570529
0.567558 0.709175 0.583914 0.122216 0.842319 0.585471 0.882092 0.860848 1.028264 0.053013 1.002155 0.557988
0.590053 0.552407 0.567856 0.250737 0.873857 0.524580 0.936909 0.786360 0.973036 0.164419 0.996204 0.502877
0.623909 0.552784 0.472565 0.109205 0.837206 0.557916 0.966512 0.811819 1.030081 0.194450 1.031131 0.494973
0.625889 0.636989 0.575191 0.087442 0.849816 0.590175 0.900971 0.905153 1.046715 0.071330 1.022791 0.578689
0.619677 0.507848 0.536599 0.133110 0.769601 0.445322 0.960853 1.014542 0.965677 0.141816 0.994976 0.565628
0.441015 0.567054 0.595637 0.095189 0.855644 0.551314 1.020234 1.011492 1.061710 0.161092 1.026603 0.583391
0.555479 0.594775 0.527086 0.112755 0.755366 0.523560 0.963423 0.890508 0.964706 0.085896 0.984882 0.629918
0.493759 0.612469 0.585507 0.125980 0.878304 0.558793 0.962263 0.951039 0.927664 0.154406 0.959847 0.454235
0.679351 0.631170 0.540569 0.138143 0.869213 0.572228 1.076994 0.948376 0.997455 0.114725 0.983607 0.607331
0.539754 0.499288 0.540378 0.168763 0.863269 0.556181 1.007675 0.865010 1.006292 0.134820 0.934324 0.597341
0.500490 0.661055 0.533401 0.153569 0.841108 0.433144 0.983265 0.917841 1.003194 0.143309 1.139890 0.582368
0.624560 0.672566 0.514869 0.177978 0.859956 0.587782 0.903433 0.830476 0.981211 0.152554 0.985746 0.578110
0.553060 0.526584 0.503667 0.097072 0.805830 0.547828 0.888499 0.837733 0.973264 0.175197 1.043924 0.574473
0.604246 0.651995 0.468574 0.079639 0.790165 0.577612 0.993467 0.852495 0.935737 0.130206 1.017178 0.631310
0.519035 0.603699 0.472095 0.064832 0.818828 0.603019 0.991174 0.873129 1.020252 0.172769 0.954862 0.611687
0.481901 0.574626 0.449104 0.164169 0.838925 0.547177 0.966737 0.849773 0.928705 0.209422 0.998868 0.617291
0.520245 0.536756 0.534288 0.107930 0.755763 0.614905 0.969308 0.941599 0.934920 0.246721 0.952829 0.612168
0.522117 0.634786 0.518836 0.202445 0.801121 0.564000 0.972550 0.859939 1.065214 0.106462 0.932408 0.611266
0.635277 0.666064 0.551577 0.159551 0.709983 0.508550 0.948863 0.940366 0.979081 0.116769 0.956355 0.614418
0.624896 0.605358 0.526522 0.197793 0.830754 0.644090 0.963476 0.840116 1.068906 0.168054 0.980934 0.555252
0.649693 0.633075 0.532560 0.206940 0.832900 0.533291 0.922374 0.893101 0.880738 0.082180 1.045277 0.538363
0.585628 0.661522 0.465781 0.122438 0.802538 0.526987 0.918515 0.942082 0.977865 0.025451 1.033274 0.555077
0.537763 0.699139 0.538431 0.090247 0.837527 0.498931 0.889510 0.942731 1.042811 0.184730 0.835890 0.455472
0.550676 0.661973 0.492986 0.106209 0.840637 0.528125 0.961600 0.860900 1.038617 0.110854 0.967898 0.526606
0.585097 0.646236 0.513304 0.162054 0.842154 0.636360 0.972663 0.872554 0.989088 0.049089 1.000634 0.503353
0.627329 0.571374 0.619611 0.192498 0.868934 0.600060 0.972699 0.948413 0.985239 0.105787 0.870803 0.548951
0.525227 0.678475 0.554756 0.122234 0.849670 0.448511 1.010737 0.868679 1.037562 0.158428 0.908475 0.632331
0.487660 0.708287 0.418727 0.088782 0.763844 0.524836 1.030437 0.936167 1.054920 0.156239 0.965881 0.638556
0.641728 0.594024 0.529627 0.034122 0.786824 0.617356 0.922828 0.922418 0.889619 0.141382 1.007272 0.562324
0.612697 0.656069 0.501932 0.160304 0.775829 0.568570 1.014879 0.921458 0.959026 0.096751 1.037356 0.592877
0.609613 0.594153 0.687245 0.036482 0.781052 0.483516 0.993470 0.910577 1.001175 0.133591 0.884801 0.604524
0.497630 0.726976 0.579897 0.060084 0.797517 0.568814 0.941569 0.872917 0.950124 0.136639 0.976895 0.598989
0.578034 0.599527 0.594589 0.096398 0.728637 0.621076 0.971967 0.881522 1.017897 0.153566 0.912925 0.649636
0.586946 0.571567 0.540028 0.029796 0.764484 0.499201 0.945701 0.829254 1.011835 0.099365 0.935840 0.648021
0.552846 0.700613 0.574009 0.151456 0.881245 0.621263 1.016187 0.852278 1.121958 0.143470 1.011346 0.460588
0.608739 0.661993 0.505910 0.157084 0.808346 0.648187 0.962095 0.998144 0.995887 0.266489 1.041722 0.601074
0.614536 0.649462 0.522689 0.061808 0.785426 0.524851 0.917083 0.875400 0.995613 0.102414 0.914189 0.619002
0.637177 0.582218 0.553942 0.116441 0.844882 0.557278 0.925474 0.865165 0.978935 0.094345 0.994277 0.606363
0.544367 0.639515 0.550941 0.070766 0.880241 0.457978 0.904770 0.908749 1.022918 0.132372 0.918908 0.612699
0.607456 0.626743 0.532456 0.120600 0.823301 0.534679 0.875650 0.959884 1.060173 0.085339 1.005314 0.479114
0.555578 0.635048 0.604064 0.168126 0.881056 0.610167 0.901445 0.905928 0.972494 0.098002 0.978439 0.606501
0.583727 0.584572 0.513422 0.114908 0.754993 0.506524 1.026212 0.871045 0.998917 0.247637 0.976859 0.474475
0.558206 0.605378 0.643907 0.173336 0.705378 0.594695 0.962077 0.839781 0.984800 0.061058 1.005982 0.583217
0.611766 0.592662 0.547497 0.120504 0.823914 0.514464 0.999561 0.903409 0.981795 0.089879 0.983820 0.587636
0.586884 0.571771 0.552657 0.060999 0.822150 0.539838 0.944299 0.867516 1.009587 0.144702 0.978883 0.602330
0.543325 0.622638 0.611474 0.184455 0.818548 0.589787 0.981434 0.884290 1.047802 0.129001 0.975958 0.456104
0.489643 0.593939 0.551042 0.170401 0.772058 0.524324 0.935692 0.874574 1.083951 0.108613 0.979274 0.549867
0.538531 0.623661 0.499009 0.177724 0.863873 0.546012 1.010478 0.855660 1.049340 0.120892 1.001085 0.578289
0.506694 0.648949 0.559311 0.125964 0.766269 0.577322 0.956268 0.924893 1.092663 0.103784 0.969455 0.528344
0.568242 0.662800 0.485301 0.131636 0.897633 0.635905 0.977675 0.871839 0.986270 0.113804 0.972343 0.598798
0.659952 0.667594 0.490459 0.183730 0.802899 0.475972 0.934988 0.857050 0.982754 0.152969 0.994264 0.551901
0.554459 0.680149 0.598412 0.149046 0.852923 0.576393 1.018071 0.886471 0.999725 0.133006 0.987319 0.644546
0.551381 0.630007 0.562413 0.187240 0.830801 0.565770 0.941680 0.849770 0.994108 0.076265 0.945206 0.638814
0.509170 0.649383 0.556309 0.119082 0.801611 0.684617 0.989703 0.967023 1.071660 0.135260 1.025404 0.507498
0.569148 0.613140 0.636163 0.176256 0.768142 0.508800 0.895663 0.967288 1.004386 0.177741 1.002197 0.527645
0.633867 0.582131 0.559587 0.023648 0.873409 0.528820 0.956155 0.879114 0.946426 0.096961 0.956874 0.614922
0.612279 0.590033 0.521672 0.121480 0.846954 0.556866 0.963255 0.918108 1.018200 0.188055 0.966964 0.486103
0.535938 0.541407 0.505147 0.187059 0.834064 0.528283 1.003809 0.924790 0.950471 0.119650 1.004707 0.589286
0.581507 0.550755 0.482062 0.196541 0.747513 0.598691 1.064663 0.976393 0.888999 0.087002 1.071990 0.590042
0.557246 0.593999 0.653096 0.113505 0.753917 0.615352 0.931347 0.974986 0.919780 0.207113 0.985009 0.493617
0.599938 0.650011 0.470353 0.098033 0.798441 0.582282 0.963853 0.905668 0.930902 0.026545 0.959640 0.512749
0.514102 0.546979 0.548804 0.126463 0.926018 0.527506 0.941117 0.997725 0.972056 0.178225 1.036475 0.533060
0.556824 0.580289 0.497118 0.181379 0.866333 0.587304 1.011827 0.881982 0.981813 0.056213 0.939046 0.544261
0.438500 0.550931 0.484329 0.183789 0.925853 0.556394 0.908861 0.928708 0.929943 0.088525 0.990133 0.530059
0.629197 0.601492 0.514099 0.192184 0.870652 0.492989 0.920671 0.876213 1.047791 0.206767 0.891630 0.550907
0.646827 0.621954 0.585954 0.245282 0.874179 0.484074 0.902555 0.993205 0.985935 0.087637 1.096848 0.587352
0.595126 0.602512 0.504760 0.173043 0.845308 0.511978 0.917165 0.921152 1.046019 0.192200 0.953550 0.588179
0.615129 0.613892 0.557332 0.168434 0.791438 0.457709 0.913233 0.871502 0.890339 -0.023973 0.954563 0.504872
0.445564 0.556624 0.489903 0.185064 0.756470 0.590457 1.001650 0.885553 1.026962 0.130468 0.946083 0.553247
0.610979 0.585378 0.643935 0.191429 0.811735 0.569746 0.980665 0.847585 1.049815 0.219050 0.974079 0.525082
0.550083 0.595105 0.593642 0.157280 0.733593 0.559150 1.019922 0.869656 0.961950 0.095616 1.007118 0.443411
0.548704 0.618877 0.598439 0.158240 0.832295 0.555697 0.939695 0.948972 1.007928 0.175285 0.924203 0.581238
0.661258 0.515607 0.474006 0.101344 0.887147 0.566669 0.984367 0.827108 0.952740 0.105963 0.946374 0.517175
0.556093 0.604168 0.496406 0.132549 0.741453 0.595026 0.876847 0.869325 1.033946 0.177338 0.906556 0.586976
0.559589 0.658897 0.594305 0.258645 0.769995 0.658781 0.987427 0.866615 0.918916 0.047232 1.005579 0.570106
0.597544 0.721554 0.571639 0.215573 0.698621 0.511752 0.941649 0.902829 1.012176 0.150272 0.944811 0.539113
0.575951 0.673533 0.576577 0.229640 0.822904 0.587395 0.928623 0.873694 1.017738 0.146255 1.020406 0.550635
0.542729 0.571808 0.533426 0.135107 0.866636 0.631822 0.898793 0.862651 0.954325 0.144399 0.935472 0.526071
0.607629 0.645782 0.515356 0.170463 0.814978 0.473883 0.877161 0.869135 0.847765 0.135955 0.963699 0.559608
0.548907 0.652284 0.488728 0.230272 0.814110 0.551629 1.029604 0.915855 0.885590 0.080708 0.912505 0.472688
0.543095 0.560774 0.543672 0.169544 0.830164 0.490273 0.933966 0.897094 1.016532 0.171867 1.029891 0.536345
0.436214 0.557793 0.643819 0.114125 0.890829 0.602397 0.949479 0.914093 1.038385 0.075609 1.003710 0.549623
0.710176 0.677996 0.518153 0.108235 0.816250 0.555192 0.979341 0.889547 0.979279 0.058980 1.014305 0.571439
0.534289 0.559219 0.551574 0.175459 0.867000 0.531767 0.881178 0.942462 1.069472 0.054723 1.059937 0.484387
0.541895 0.619208 0.632622 0.143354 0.734932 0.520969 0.946181 0.900922 0.923921 0.100238 0.875403 0.616498
0.466925 0.688657 0.529262 0.130736 0.835473 0.620018 0.898201 0.902669 0.969150 0.157639 0.958825 0.581813
0.639389 0.694456 0.639832 0.196951 0.791000 0.560549 0.790569 0.870836 0.947885 0.143656 0.938793 0.490595
0.564175 0.715588 0.558206 0.059695 0.806460 0.503945 0.872742 0.795987 0.986382 0.078826 0.978994 0.650463
0.631900 0.684456 0.530079 0.151096 0.882246 0.579137 1.064113 0.892704 1.011557 0.156658 0.933547 0.603359
0.639375 0.658153 0.432610 0.229464 0.734961 0.615560 0.922618 0.883265 1.056130 0.064478 0.982910 0.536114
0.640791 0.660640 0.588495 0.118238 0.784623 0.559263 0.915025 0.825365 0.957935 0.149248 0.947759 0.501588
0.527173 0.582690 0.620252 0.225784 0.799424 0.532372 1.020756 0.871785 1.052021 0.082712 0.966919 0.430289
0.465236 0.620526 0.583753 0.144532 0.897396 0.554543 0.958184 0.838755 1.032045 0.133284 0.996350 0.551057
0.591705 0.617690 0.543775 0.151198 0.845600 0.579570 0.932546 0.861006 0.971999 0.126871 0.959593 0.509177
0.652457 0.649799 0.543513 0.100069 0.787174 0.591318 0.975329 0.850318 0.998765 0.146144 1.033294 0.571076
0.477445 0.596447 0.590418 0.064264 0.822385 0.552607 0.965933 0.925730 1.048581 0.028925 0.969288 0.567864
0.506054 0.687883 0.570387 0.127334 0.814791 0.568225 0.968064 0.910218 0.975238 0.218454 0.995170 0.511801
0.563518 0.567594 0.561435 0.218109 0.879029 0.566424 0.898105 0.834076 1.105029 0.155347 1.005545 0.440725
0.513992 0.625822 0.585066 0.101358 0.823185 0.592434 0.964393 0.904339 0.984610 0.051255 1.067597 0.557583
0.549145 0.610974 0.536712 0.108982 0.842587 0.548680 0.952928 0.826279 0.928066 0.065627 0.890932 0.515248
0.513538 0.669575 0.567512 0.080277 0.883968 0.392855 0.998971 0.864341 1.061169 0.174672 0.955184 0.488795
0.624178 0.614545 0.576195 0.216184 0.796823 0.546957 0.918775 0.968977 0.910505 0.249044 1.075592 0.633057
0.495837 0.727087 0.574628 0.064297 0.844309 0.433210 0.992118 0.904769 0.879695 0.175740 1.032558 0.591747
0.591925 0.674238 0.504451 0.104240 0.737809 0.528193 0.948977 0.825907 1.061366 0.155701 0.962969 0.506887
0.548698 0.766015 0.504643 0.045260 0.775548 0.504950 0.913259 0.958486 0.974697 0.123116 0.913511 0.512329
0.517124 0.567962 0.642102 0.127050 0.809615 0.600530 0.997247 0.907860 1.015554 0.197928 1.018278 0.584872
0.601770 0.611389 0.550476 0.071062 0.846249 0.560880 1.000936 0.892393 0.879306 0.089587 0.988360 0.594223
0.585511 0.414851 0.481396 0.166824 0.761171 0.590566 0.918409 0.936318 0.961018 0.174547 0.956414 0.564943
0.620884 0.568202 0.499135 0.152327 0.871104 0.553568 0.942285 0.830707 1.035488 0.052989 0.957863 0.552460
0.509790 0.614679 0.452709 0.142352 0.825650 0.542606 0.829914 0.902670 0.960378 0.227097 0.937897 0.606779
0.527648 0.561627 0.573278 0.093591 0.768838 0.541337 0.934876 0.788136 1.052412 0.104647 0.956022 0.568613
0.428984 0.623267 0.566278 0.171791 0.829553 0.560411 0.969071 0.837831 0.988634 0.139135 0.966358 0.507980
0.594114 0.614056 0.541649 0.088940 0.808349 0.553028 0.999254 0.986333 0.931853 0.134063 1.007799 0.508280
0.622280 0.679055 0.504231 0.200579 0.857302 0.489042 0.931826 0.842888 1.031425 0.068674 0.941940 0.550936
0.607930 0.605931 0.515626 0.129298 0.809207 0.548156 0.941482 0.883913 0.971713 0.138070 0.979037 0.645288
0.649772 0.548535 0.564417 0.137661 0.799693 0.528010 0.937933 0.897044 0.909618 0.084620 0.982386 0.532936
0.544356 0.603893 0.547332 0.124796 0.774719 0.584251 0.937996 0.918996 1.019103 0.042239 1.008734 0.562624
0.584177 0.571196 0.467350 0.088946 0.769457 0.435664 0.891194 0.855767 0.972262 0.081083 0.903431 0.623503
0.590741 0.582893 0.654082 0.112698 0.872917 0.597848 0.845924 0.831506 0.979284 0.150891 0.974122 0.588742
0.513338 0.687178 0.570309 0.071982 0.919947 0.481065 1.027244 0.976280 1.062822 0.141875 1.043789 0.625518
0.567616 0.685254 0.462083 0.161401 0.940195 0.543650 1.012534 0.920008 0.920369 0.130470 0.987130 0.522460
0.412038 0.652633 0.560832 0.139344 0.805922 0.512924 0.879555 0.974891 1.033661 0.115311 1.000643 0.551809
0.635528 0.596281 0.557804 0.176308 0.826585 0.661760 0.914953 0.977067 1.021542 0.160292 0.945867 0.567981
0.597867 0.666486 0.561841 0.215807 0.781043 0.613200 0.964247 0.856844 0.985428 0.182205 1.014277 0.616234
0.589107 0.590330 0.510447 0.093448 0.694996 0.566652 0.979517 1.024927 0.961222 0.025779 0.971024 0.613146
0.610973 0.596097 0.530773 0.117844 0.815689 0.558067 0.934658 0.959201 0.994898 0.114541 0.979506 0.537174
0.599607 0.579899 0.551505 0.090940 0.880921 0.627578 1.005542 0.901042 0.978396 0.080307 1.049104 0.529653
0.500863 0.689515 0.601184 0.151683 0.804061 0.562539 0.976294 0.915310 0.977071 0.144889 0.959031 0.613121
0.570359 0.639384 0.624089 0.120030 0.814704 0.597559 0.912190 0.983818 1.007229 0.107717 0.959384 0.603030
0.491483 0.563845 0.603902 0.155507 0.869987 0.656898 0.931967 0.898634 1.030141 0.218158 0.954686 0.494806
0.609905 0.646522 0.548811 0.201788 0.807731 0.618733 0.980610 0.835225 0.992168 0.135099 0.973393 0.560702
0.498962 0.649710 0.529943 0.142039 0.791883 0.485842 0.944607 0.902152 0.993866 0.085917 0.932112 0.698042
0.569829 0.647162 0.604257 0.165456 0.854008 0.526926 0.946255 1.046623 0.996528 0.124797 0.792274 0.603490
0.587818 0.620655 0.546231 0.151599 0.776058 0.532535 1.000802 0.932346 0.928421 0.130020 1.005960 0.526584
0.591379 0.569662 0.606412 0.201950 0.794262 0.536296 1.022962 0.913615 0.979305 0.123335 1.063984 0.633870
0.622618 0.593562 0.527583 0.117360 0.764118 0.562733 0.931618 0.890516 1.011453 0.075818 0.957445 0.589789
0.588118 0.590498 0.569424 0.052840 0.898572 0.583452 0.906562 0.958583 1.006719 -0.003532 0.975025 0.535383
0.550458 0.569072 0.546931 0.232262 0.745479 0.497503 0.971703 0.886403 0.980385 0.159330 0.941124 0.602593
0.587872 0.660166 0.593899 0.131623 0.955178 0.542060 0.992005 0.902431 1.066619 0.156447 0.994189 0.630663
0.504879 0.608343 0.552594 0.158922 0.787344 0.614363 0.913888 0.977634 1.036164 0.084808 0.995869 0.582675
0.624304 0.643784 0.520005 0.184137 0.859934 0.549888 1.020526 0.892605 1.040880 0.135132 0.885779 0.594529
0.541906 0.612488 0.592045 0.166762 0.919315 0.652149 1.006797 0.871988 0.987488 0.033268 0.960868 0.465017
0.548052 0.659598 0.621645 0.190760 0.778468 0.597989 0.991484 0.882157 0.971741 0.258225 0.959020 0.540254
0.585001 0.689910 0.532897 0.158229 0.822157 0.546116 0.991047 0.866490 0.949347 0.103441 0.992345 0.602971
0.592167 0.471474 0.579088 0.114974 0.905984 0.625442 0.935887 0.960290 0.988457 0.040705 0.897800 0.538522
0.644073 0.660100 0.535537 0.138914 0.845878 0.532628 0.904500 0.841325 1.035853 0.063065 1.052535 0.591398
0.508128 0.561227 0.476703 0.184981 0.761015 0.594623 0.931317 0.877064 0.986177 0.126211 0.978116 0.548353
0.508549 0.669004 0.530998 0.155171 0.888633 0.560033 1.033168 0.818032 0.881774 0.096297 0.980301 0.654477
0.539984 0.598694 0.603063 0.206888 0.816144 0.551565 0.958450 1.013520 0.977548 0.118548 1.001673 0.611129
0.578146 0.501250 0.618862 0.114636 0.843088 0.548064 1.016285 0.877657 0.917140 0.150749 0.920633 0.525046
0.560982 0.673024 0.551977 0.067990 0.821851 0.602527 0.977161 0.931453 1.022308 0.134299 0.996968 0.606656
0.584580 0.618284 0.571657 0.104905 0.809243 0.644438 0.938872 0.820637 0.946797 0.254475 0.993976 0.527662
0.529497 0.620404 0.576312 0.156904 0.845734 0.525805 0.954567 0.937240 0.969138 0.180162 1.060299 0.610610
0.515121 0.581981 0.500899 0.196631 0.847905 0.514292 1.011218 0.878088 1.034672 0.094897 0.982607 0.547237
0.595394 0.577700 0.631752 0.140552 0.832566 0.556516 0.950443 0.841551 0.995173 0.162024 0.950208 0.566680
0.079756 0.843344 0.218313 0.065212 0.690217 0.113108 0.589294 0.047836 0.467953 0.302728 0.765802 0.339636
0.038370 0.835419 0.239052 0.020501 0.707779 0.028173 0.532071 0.053146 0.518826 0.274654 0.740290 0.525826
0.137976 0.771082 0.253038 0.038425 0.733659 0.022786 0.541223 -0.030150 0.586243 0.267460 0.677850 0.436564
0.056993 0.793839 0.305223 -0.012357 0.804408 0.036435 0.540894 0.048487 0.572609 0.343351 0.681596 0.403741
0.075865 0.720127 0.136625 0.181522 0.566728 0.006665 0.476954 0.008083 0.615798 0.324921 0.745794 0.514349
0.028897 0.850966 0.125388 0.133491 0.671810 0.098307 0.640564 0.013201 0.595669 0.285370 0.707269 0.493228
0.120681 0.727608 0.241217 0.105087 0.682638 -0.062141 0.598403 -0.016668 0.417298 0.328886 0.656029 0.548149
0.167168 0.727432 0.195977 0.061163 0.699570 0.041718 0.496722 0.029478 0.558183 0.355124 0.729794 0.494424
0.117707 0.842790 0.228442 0.110759 0.649841 0.082368 0.545729 0.047724 0.484931 0.309878 0.691656 0.475917
0.109201 0.786493 0.208388 0.108477 0.751322 0.039513 0.559316 -0.017870 0.578230 0.358917 0.748492 0.513385
0.078102 0.835557 0.315258 -0.034589 0.780907 0.107097 0.486049 0.020083 0.625565 0.304837 0.682200 0.455663
0.105362 0.701586 0.229365 -0.013443 0.661310 0.047406 0.536603 -0.048692 0.652397 0.316952 0.779528 0.522888
0.185205 0.819655 0.231352 0.096749 0.632740 -0.007891 0.512149 -0.016316 0.583409 0.187604 0.716580 0.509193
0.127312 0.680110 0.285213 -0.026032 0.659570 0.077158 0.505712 0.053669 0.508444 0.282474 0.793389 0.488944
0.040969 0.816492 0.272924 0.152161 0.596363 -0.006000 0.532019 -0.030455 0.510215 0.329142 0.712591 0.461532
0.203707 0.786150 0.271954 0.090847 0.706235 0.011356 0.509396 0.039177 0.500718 0.282007 0.688295 0.525479
0.083906 0.714253 0.162330 0.056236 0.742230 -0.017092 0.527783 0.096638 0.488569 0.332244 0.589512 0.435419
0.136085 0.781295 0.292597 0.114186 0.668679 0.052924 0.474391 0.017013 0.475165 0.252976 0.686072 0.494151
0.159244 0.795621 0.225256 0.082556 0.695408 0.012674 0.507126 -0.063988 0.596183 0.326642 0.725307 0.462233
0.023204 0.697890 0.224329 0.007798 0.632989 0.057922 0.439440 0.054359 0.554515 0.275744 0.630416 0.422100
0.082313 0.836472 0.243781 0.171613 0.663599 -0.057437 0.512179 0.012703 0.559037 0.343135 0.664656 0.581892
0.070111 0.789492 0.290269 0.114783 0.699848 0.006017 0.527864 0.042835 0.594035 0.224662 0.782785 0.462897
0.055170 0.811472 0.191008 0.098333 0.815604 0.030333 0.533826 0.011135 0.477398 0.226283 0.701997 0.470445
0.164990 0.778397 0.239345 0.034299 0.698665 0.054912 0.487434 0.057756 0.537239 0.299641 0.701113 0.475536
0.233678 0.835833 0.308757 0.084529 0.788829 0.006627 0.512088 -0.017566 0.597553 0.346419 0.651565 0.465401
0.127948 0.861479 0.328095 0.012106 0.703107 0.056178 0.534465 0.063909 0.538825 0.313079 0.765555 0.387113
0.093941 0.759761 0.193572 0.073708 0.701044 0.029080 0.577701 -0.044518 0.518315 0.308834 0.619584 0.506490
0.097028 0.814916 0.250204 0.017195 0.699880 0.024959 0.508991 0.038959 0.547769 0.299418 0.763694 0.536718
0.096466 0.784065 0.168341 0.003907 0.603395 0.020544 0.497045 0.011774 0.632131 0.290856 0.732518 0.562693
-0.057113 0.759253 0.203449 0.125528 0.678864 0.039113 0.561227 0.069473 0.598185 0.280686 0.721425 0.474175
0.037537 0.782758 0.301150 0.105600 0.679519 0.052440 0.599270 0.105305 0.592655 0.335065 0.711062 0.536921
0.060297 0.769012 0.152496 0.079146 0.742700 0.036339 0.503261 -0.007480 0.563284 0.222645 0.620103 0.448957
0.179210 0.761886 0.217272 0.120723 0.746741 0.067392 0.592043 -0.008092 0.534382 0.331916 0.622633 0.544825
0.051227 0.772755 0.309720 0.115064 0.706368 0.016285 0.508819 0.026048 0.544690 0.323039 0.750389 0.409793
0.121779 0.740515 0.251890 0.117628 0.652499 0.051017 0.439781 0.069975 0.540769 0.268077 0.690668 0.487791
0.170682 0.694263 0.371895 0.053497 0.685225 0.055410 0.496647 0.007501 0.537387 0.314959 0.698826 0.459423
0.094182 0.828662 0.269164 0.075614 0.584230 0.062115 0.507506 -0.001151 0.614071 0.329726 0.727949 0.508848
0.154579 0.842921 0.275053 0.025928 0.712646 0.057312 0.509568 0.027917 0.565448 0.321293 0.754528 0.590736
0.166043 0.716391 0.291205 0.035535 0.748801 0.019193 0.569463 -0.059925 0.538578 0.296472 0.700450 0.537969
0.075292 0.826610 0.267164 0.051157 0.710851 0.051070 0.541434 0.087300 0.493929 0.234453 0.724348 0.386074
0.081838 0.728075 0.312395 0.067986 0.690963 0.021632 0.554789 0.051358 0.560392 0.270264 0.727674 0.537608
0.198612 0.783583 0.281439 0.047318 0.693354 0.046663 0.527344 0.047177 0.508155 0.390863 0.718715 0.490495
0.118253 0.713860 0.202472 0.006136 0.780650 -0.006080 0.489512 0.076788 0.638672 0.206039 0.672717 0.463374
0.046504 0.763251 0.222438 0.144587 0.666424 0.056611 0.550120 0.056873 0.551259 0.289870 0.724823 0.379184
0.072386 0.776158 0.211960 0.158957 0.736381 0.109713 0.509725 0.113451 0.630354 0.324609 0.730222 0.450279
0.066646 0.767044 0.178741 0.017307 0.655687 -0.004595 0.512962 -0.005244 0.597417 0.304589 0.861334 0.469142
0.209406 0.855212 0.301229 0.001473 0.678781 0.064865 0.624950 0.044884 0.551920 0.292016 0.695877 0.434565
0.091579 0.718318 0.157351 0.105150 0.720200 0.053974 0.523744 0.003735 0.581843 0.340136 0.687041 0.475897
0.066941 0.769516 0.316156 0.072565 0.762334 0.049471 0.460775 -0.056673 0.531340 0.246657 0.710457 0.519061
0.199878 0.746192 0.254535 0.073966 0.682426 0.055498 0.577755 0.000763 0.577402 0.247387 0.609084 0.444815
0.140585 0.775999 0.198241 0.065782 0.765667 0.117363 0.540891 0.038824 0.514406 0.336831 0.695032 0.450085
0.125646 0.817613 0.286372 0.110849 0.688264 0.020883 0.486209 0.061267 0.567607 0.185170 0.753050 0.523031
0.028939 0.719352 0.275279 0.127350 0.698068 0.027423 0.548426 0.017698 0.542381 0.286298 0.677846 0.482747
0.073439 0.815996 0.292392 0.042284 0.723917 0.000493 0.641094 -0.009747 0.535748 0.291873 0.692890 0.499512
0.114220 0.783545 0.127530 -0.020209 0.581548 0.023527 0.499680 0.079352 0.611212 0.269324 0.632851 0.458154
0.013670 0.807472 0.196861 0.014408 0.683138 0.071986 0.502233 -0.040515 0.602133 0.343000 0.651448 0.468796
0.051023 0.755444 0.195595 -0.015835 0.595829 0.096452 0.556129 -0.015165 0.536928 0.373951 0.795970 0.501595
0.131103 0.810316 0.279107 0.047085 0.764661 0.103398 0.562792 0.054538 0.608969 0.263343 0.666108 0.491670
0.051676 0.757946 0.317282 0.037902 0.756398 0.095962 0.640043 0.112033 0.533437 0.246133 0.751403 0.465265
0.039361 0.801766 0.294283 0.090354 0.698946 0.009298 0.539343 0.025191 0.620455 0.299647 0.737527 0.492869
0.033190 0.774733 0.288305 0.072019 0.683772 -0.041030 0.405320 0.131679 0.594666 0.250227 0.663686 0.451425
0.120007 0.831239 0.271297 0.016819 0.622441 -0.038743 0.477769 -0.016255 0.545904 0.286348 0.661268 0.504649
0.050543 0.753019 0.182440 0.040020 0.666481 0.034003 0.543471 0.018067 0.506458 0.241571 0.699858 0.463713
0.082210 0.729314 0.195264 0.030270 0.655775 0.110258 0.509853 0.034423 0.545281 0.267320 0.672951 0.473663
0.110144 0.828243 0.234050 0.050282 0.729446 0.069370 0.554223 0.091061 0.599344 0.354317 0.615918 0.535187
0.117988 0.778141 0.198224 0.088391 0.699306 0.107933 0.543588 0.011638 0.555561 0.292785 0.698814 0.403835
0.058287 0.918847 0.129230 0.201083 0.727842 0.093564 0.499799 0.037973 0.532334 0.319426 0.728344 0.506284
0.159756 0.742854 0.265973 0.041329 0.651546 0.099873 0.532388 0.023637 0.568048 0.325515 0.746825 0.536996
0.089994 0.725053 0.229009 0.039438 0.734908 0.068240 0.552360 0.041925 0.596925 0.248780 0.688561 0.398920
0.163642 0.741374 0.238442 -0.001527 0.719020 0.116934 0.502472 -0.004400 0.492111 0.313873 0.656813 0.436381
0.009804 0.808580 0.167345 -0.025860 0.627439 0.014114 0.555122 0.017357 0.535418 0.390889 0.746041 0.476387
0.130501 0.757204 0.165117 0.032631 0.753805 0.045297 0.563085 0.045653 0.570526 0.301331 0.712148 0.450708
0.081981 0.782305 0.194653 0.071497 0.720661 0.047427 0.533166 0.010646 0.571780 0.269919 0.674159 0.438436
0.063783 0.807887 0.231446 0.030121 0.731040 0.075922 0.547618 0.031781 0.605644 0.279264 0.668360 0.511180
0.056943 0.826296 0.248835 0.097439 0.800570 0.059187 0.495002 0.065661 0.554701 0.252048 0.680195 0.430823
0.154345 0.733261 0.321374 0.034620 0.759494 0.050237 0.579507 0.028620 0.575561 0.397488 0.649674 0.500684
0.155466 0.704849 0.290880 0.096920 0.636649 -0.067594 0.388527 0.039440 0.548542 0.368903 0.651187 0.452036
0.103174 0.802546 0.188860 0.105285 0.773242 0.162151 0.509296 0.026451 0.485463 0.347661 0.704854 0.430379
0.087054 0.686811 0.290322 0.067854 0.743170 0.108185 0.433860 0.059597 0.540201 0.281314 0.555715 0.419874
0.168103 0.742241 0.294220 0.125181 0.696088 0.028864 0.508761 0.053767 0.622073 0.265055 0.666922 0.483006
0.117074 0.833210 0.252150 0.070034 0.732196 0.023062 0.503502 -0.012352 0.605781 0.289534 0.636899 0.460569
0.071537 0.805306 0.265704 0.021994 0.716897 0.122428 0.555512 -0.021906 0.634688 0.265325 0.637675 0.491849
0.202958 0.729028 0.268087 0.136647 0.784883 0.054838 0.641767 -0.054973 0.527788 0.268033 0.735963 0.547404
0.111151 0.774192 0.233991 -0.060809 0.810402 -0.045188 0.513055 0.126095 0.533266 0.251833 0.670527 0.587340
0.080399 0.832581 0.254456 0.129766 0.681972 -0.007232 0.508731 0.021259 0.541372 0.362007 0.643052 0.568079
0.142431 0.773022 0.261627 0.148182 0.627214 0.145222 0.531345 -0.048552 0.577045 0.298642 0.658596 0.501658
0.109871 0.758306 0.314002 0.109104 0.692651 0.101563 0.492461 -0.035481 0.613378 0.381960 0.712387 0.515647
0.100080 0.736350 0.288330 0.127165 0.715238 0.158575 0.468002 0.028228 0.544846 0.339044 0.644301 0.421458
0.081726 0.756976 0.323038 0.011838 0.685511 -0.023919 0.541083 0.028693 0.598666 0.356651 0.729348 0.510789
0.210765 0.775808 0.201673 0.089284 0.688261 0.028911 0.640269 -0.059818 0.620439 0.208837 0.634539 0.460078
0.031892 0.810870 0.191858 0.161186 0.645916 0.080404 0.501959 0.050999 0.570247 0.300640 0.760495 0.463865
0.105907 0.771995 0.168734 0.078110 0.627417 0.041797 0.618758 0.040962 0.522887 0.281436 0.647425 0.512315
0.051871 0.805985 0.153188 0.023258 0.646119 0.108092 0.530075 -0.023486 0.598416 0.273714 0.743872 0.487361
0.134253 0.815549 0.158744 0.032021 0.758464 -0.054048 0.510515 0.034909 0.563233 0.291926 0.640897 0.512384
0.141604 0.777162 0.270419 0.041092 0.710062 0.075850 0.562283 0.069220 0.628223 0.257192 0.652697 0.505040
0.021051 0.769864 0.176190 0.051498 0.667844 0.064431 0.465159 -0.035161 0.611882 0.359526 0.672108 0.435596
0.113246 0.788443 0.241692 0.084239 0.776899 -0.021213 0.555535 0.052238 0.567516 0.307333 0.692294 0.534593
0.164788 0.756512 0.207420 0.075625 0.749363 0.097702 0.519877 0.024781 0.649783 0.345637 0.614474 0.454350
0.115058 0.858725 0.297208 0.023015 0.819593 0.006278 0.631169 0.063170 0.484433 0.337996 0.737371 0.545027
0.114872 0.797884 0.192574 0.059702 0.686809 0.064303 0.569485 0.077235 0.477573 0.317407 0.591804 0.525406
-0.014086 0.814132 0.308235 0.006744 0.598261 0.024417 0.563535 0.030586 0.517417 0.230058 0.688120 0.481427
0.098349 0.775685 0.288228 0.110589 0.668581 -0.035452 0.525526 0.027960 0.572374 0.182878 0.722509 0.426441
0.119954 0.803975 0.328595 0.106737 0.681101 0.028855 0.500674 0.038178 0.547739 0.294637 0.716629 0.492840
0.136434 0.732490 0.247837 0.072112 0.674762 0.039966 0.544231 0.068841 0.589987 0.356806 0.683114 0.503662
0.062389 0.774267 0.289135 0.094160 0.669983 0.028530 0.504568 -0.011828 0.595752 0.300057 0.623653 0.451143
0.144564 0.763355 0.191806 0.013119 0.719765 -0.041808 0.567344 0.029831 0.551578 0.289595 0.650054 0.526396
0.077594 0.774424 0.266120 0.118596 0.669489 0.155589 0.500402 0.039467 0.523921 0.338507 0.656082 0.429672
0.115783 0.778124 0.218101 0.059006 0.692674 0.158991 0.545628 0.076120 0.486351 0.251738 0.712636 0.352421
0.010014 0.786471 0.256000 0.027147 0.718984 0.051669 0.558018 0.068472 0.531759 0.390576 0.552582 0.485075
0.029633 0.828870 0.331882 0.099376 0.711215 0.050546 0.441523 0.004970 0.511934 0.253488 0.697088 0.411011
0.091027 0.737334 0.301848 0.112477 0.679620 0.054926 0.492873 0.076490 0.574485 0.344280 0.745688 0.506621
0.110158 0.805986 0.373852 0.193473 0.679455 0.011375 0.480793 0.032391 0.510292 0.327304 0.712241 0.444140
0.044933 0.787109 0.258743 0.166553 0.691628 0.069621 0.476641 0.059065 0.593529 0.334383 0.704242 0.470997
0.110210 0.821109 0.182824 0.086499 0.725800 -0.049622 0.542534 0.004867 0.545165 0.247546 0.693709 0.458839
0.112957 0.827915 0.181824 0.098369 0.833107 0.041850 0.577986 0.097347 0.644846 0.312896 0.691694 0.604407
0.017400 0.780807 0.208627 0.136625 0.650222 0.146226 0.572342 -0.047141 0.522600 0.193556 0.675827 0.419749
0.135253 0.883399 0.284238 0.082300 0.695961 -0.002283 0.511303 0.081120 0.557539 0.280043 0.680069 0.474719
0.078912 0.872891 0.273394 -0.106571 0.788158 -0.078026 0.480462 0.048481 0.477680 0.257464 0.617421 0.502752
0.109790 0.779828 0.225192 0.023072 0.757077 0.058048 0.542964 0.041920 0.620345 0.302630 0.708998 0.528476
0.100038 0.787835 0.219849 0.036889 0.713722 0.109540 0.560246 0.051373 0.578440 0.341596 0.631235 0.471932
0.134048 0.760373 0.198110 0.088252 0.707150 -0.026811 0.462560 0.028259 0.577172 0.343826 0.743558 0.456325
0.117691 0.800940 0.279860 0.141596 0.722121 0.084053 0.571128 -0.045186 0.495119 0.352952 0.690435 0.448063
0.070051 0.747390 0.216173 0.111974 0.780302 -0.002021 0.564903 0.080236 0.562785 0.337070 0.724388 0.421356
0.162716 0.860386 0.229327 0.092815 0.659530 0.025932 0.533966 0.081430 0.530724 0.273094 0.693821 0.551552
0.150230 0.747236 0.339594 -0.020908 0.679808 0.101060 0.521066 -0.050898 0.573218 0.265435 0.714522 0.455656
0.015845 0.702900 0.176867 0.061639 0.604989 0.055872 0.581880 0.042098 0.558346 0.332264 0.731971 0.491419
-0.035672 0.771584 0.141931 0.117370 0.745202 -0.022261 0.485114 -0.008507 0.478800 0.345552 0.722169 0.566994
0.083341 0.791860 0.270255 0.073741 0.693330 0.143174 0.446779 0.136034 0.543844 0.279492 0.640472 0.544432
0.114622 0.794337 0.238771 0.245031 0.676908 -0.067444 0.503951 -0.000968 0.617895 0.356627 0.688683 0.471634
0.184844 0.783086 0.207443 0.041791 0.716622 0.086723 0.441829 0.025350 0.509619 0.381395 0.765918 0.459430
0.148045 0.781546 0.160271 0.059466 0.669796 0.048276 0.558587 0.160923 0.506751 0.262359 0.786140 0.549924
0.079302 0.790456 0.155876 0.064393 0.669633 -0.024822 0.536897 -0.017433 0.503131 0.224675 0.698448 0.461332
0.079061 0.645646 0.273591 0.070452 0.681316 0.113266 0.548964 -0.039956 0.575671 0.352330 0.675034 0.490159
0.096564 0.757118 0.318650 0.150736 0.694903 0.082004 0.565815 -0.003639 0.575342 0.333940 0.685399 0.422301
0.191841 0.815417 0.206137 0.036375 0.651899 0.120698 0.521126 0.009820 0.534272 0.166755 0.684009 0.486719
0.061848 0.768330 0.239289 0.064836 0.703801 0.019575 0.533254 0.009222 0.522310 0.358740 0.614529 0.464319
0.047653 0.640763 0.305783 0.091477 0.689899 0.043767 0.439569 0.047083 0.573135 0.351952 0.708915 0.547175
0.088825 0.736821 0.187694 0.102437 0.663227 0.016689 0.533440 0.049905 0.564219 0.277791 0.616570 0.502737
0.019333 0.824751 0.192899 0.023491 0.741147 0.013219 0.495932 0.023237 0.587382 0.201958 0.695157 0.451060
0.106820 0.781735 0.280564 0.093843 0.720902 0.135733 0.575743 0.071659 0.555471 0.301740 0.610230 0.495099
0.045385 0.799700 0.161267 0.088360 0.765626 -0.026579 0.521993 0.014873 0.421624 0.246358 0.659004 0.369072
0.004497 0.764217 0.312108 0.114774 0.691350 -0.021729 0.492489 0.122915 0.468003 0.243920 0.711216 0.537107
0.007361 0.800453 0.133368 0.087546 0.757385 -0.051829 0.429576 -0.061556 0.520500 0.349229 0.603326 0.468053
0.058716 0.726510 0.260967 0.056977 0.779040 0.082667 0.523606 0.187596 0.592015 0.333342 0.586599 0.494042
0.094520 0.725543 0.249619 0.112413 0.666037 0.015526 0.543721 0.081673 0.558700 0.338986 0.716826 0.493418
0.051418 0.815942 0.295909 -0.006815 0.721309 0.060271 0.491908 0.044004 0.551450 0.279495 0.698019 0.467564
0.112515 0.747894 0.254893 0.037073 0.718779 0.044790 0.528216 0.021589 0.535795 0.298562 0.652312 0.531471
0.039237 0.650574 0.231852 0.135114 0.761423 0.006146 0.538418 -0.025705 0.618253 0.247364 0.611060 0.459353
0.112676 0.791599 0.098792 0.086000 0.618850 0.035979 0.584371 0.036230 0.597281 0.263042 0.705581 0.429442
0.181053 0.786513 0.302602 0.143488 0.660619 0.119950 0.531903 0.067374 0.542727 0.244021 0.607839 0.518797
0.128420 0.792591 0.207316 0.065894 0.690106 0.046577 0.444357 0.048851 0.567176 0.234490 0.628075 0.533179
0.078163 0.754695 0.229683 0.116745 0.732423 0.018759 0.507661 0.069954 0.538493 0.288456 0.676086 0.532846
0.098877 0.789014 0.239549 -0.023059 0.730916 0.129576 0.529793 -0.052886 0.513879 0.238388 0.633179 0.472573
0.058895 0.835628 0.219672 0.175097 0.717035 0.088215 0.591311 0.018674 0.562130 0.260941 0.715204 0.477094
0.147255 0.757176 0.222666 0.086358 0.760469 0.102834 0.446271 0.026781 0.568939 0.284765 0.719877 0.427945
0.057370 0.837697 0.231542 0.047300 0.723637 0.050050 0.530843 0.051036 0.620963 0.160890 0.733547 0.538637
0.133707 0.782976 0.219625 0.041413 0.716928 0.024958 0.554630 0.061476 0.505855 0.349796 0.692012 0.485009
0.184896 0.763786 0.302975 0.046509 0.677989 0.066542 0.534750 -0.022069 0.539185 0.336419 0.648671 0.509451
0.201391 0.907164 0.245530 0.027371 0.729323 0.102475 0.433769 -0.013297 0.598431 0.277249 0.627647 0.440086
0.109726 0.832520 0.214596 0.075877 0.740651 -0.048127 0.630227 -0.007996 0.576693 0.366537 0.710389 0.540886
0.090496 0.796698 0.337750 0.034883 0.625572 -0.006596 0.449880 0.068626 0.555583 0.337203 0.649665 0.573732
0.126379 0.800279 0.268232 0.125095 0.684655 0.007717 0.483148 0.014046 0.644403 0.287223 0.665653 0.466205
0.036779 0.758531 0.227716 0.151205 0.738285 0.004424 0.498160 0.059112 0.642301 0.331026 0.747649 0.463968
0.136833 0.782223 0.245937 0.060127 0.789442 0.018384 0.503993 -0.013927 0.540457 0.315855 0.656405 0.467023
0.082500 0.878797 0.190611 0.046050 0.791632 -0.081754 0.469433 0.037854 0.450836 0.326055 0.659029 0.499856
0.119185 0.880764 0.297744 0.109639 0.616035 0.056681 0.558041 0.001036 0.621662 0.201663 0.722378 0.410011
0.119839 0.684092 0.353969 0.013126 0.743542 0.083385 0.516705 0.073203 0.585466 0.286366 0.763247 0.380188
0.080826 0.806479 0.184276 0.093658 0.708816 -0.014737 0.557359 0.058756 0.563920 0.271424 0.607110 0.544690
0.204753 0.794783 0.219863 -0.082286 0.760990 0.089376 0.453513 0.017950 0.551886 0.384936 0.744983 0.460307
0.155722 0.766583 0.218705 0.045289 0.707030 -0.020828 0.500854 -0.037464 0.523189 0.228825 0.773094 0.392436
0.100887 0.769062 0.269451 0.108908 0.660062 0.051483 0.543630 0.013120 0.551616 0.342877 0.617700 0.472602
-0.001765 0.828795 0.186148 0.053646 0.742723 0.121906 0.518304 0.019089 0.586720 0.323037 0.696986 0.407116
0.119783 0.788812 0.244625 0.112470 0.665417 0.022174 0.415666 -0.132938 0.486782 0.261757 0.657055 0.428271
0.184802 0.748007 0.283522 0.011469 0.687059 0.081622 0.536201 0.073844 0.521934 0.326597 0.681598 0.531057
0.080499 0.704815 0.199212 0.089477 0.659181 0.035610 0.598096 0.019588 0.557259 0.278739 0.669988 0.523468
0.102800 0.799267 0.241882 0.111477 0.636032 -0.042710 0.584514 -0.003333 0.524207 0.378071 0.761251 0.511907
0.100258 0.735507 0.250494 -0.006823 0.687099 0.021990 0.583204 0.010174 0.567815 0.357138 0.707704 0.358685
0.090138 0.672707 0.330758 -0.035831 0.722304 0.013645 0.532601 0.060373 0.574299 0.255600 0.640905 0.536894
0.049702 0.827941 0.251418 0.073614 0.809795 -0.018838 0.546137 0.009840 0.491510 0.348691 0.671771 0.577610
0.064403 0.794048 0.271109 0.015067 0.833428 0.027873 0.503993 0.107956 0.598908 0.307112 0.626991 0.513064
0.095801 0.699966 0.283921 0.107441 0.720302 -0.029797 0.454328 0.111804 0.577316 0.300281 0.777772 0.426549
0.094611 0.838143 0.371924 0.040278 0.724283 -0.005440 0.434066 0.077575 0.538538 0.370753 0.722535 0.531257
0.134082 0.798465 0.343048 0.134989 0.769795 0.020428 0.481799 0.061601 0.544529 0.280556 0.703056 0.397001
0.075025 0.752955 0.291925 0.067536 0.589664 0.109210 0.507007 -0.004014 0.510151 0.324240 0.683821 0.535423
0.169230 0.824793 0.263175 0.138541 0.699421 0.068365 0.476414 -0.026882 0.583974 0.355017 0.735143 0.503598
0.113541 0.757457 0.217880 0.089573 0.633877 0.109295 0.506168 0.018969 0.547657 0.340403 0.702741 0.472294
0.096103 0.859723 0.310529 0.109039 0.747197 0.034447 0.476688 0.027050 0.609815 0.373390 0.664763 0.526181
0.164641 0.769771 0.214693 -0.077877 0.677583 0.035755 0.522180 0.024969 0.639595 0.280146 0.749636 0.484114
0.072120 0.810088 0.340526 -0.030387 0.783560 0.013469 0.512433 0.014558 0.650547 0.314736 0.642813 0.517172
0.019078 0.786498 0.156191 0.096024 0.688727 -0.013603 0.485396 0.051657 0.598338 0.304572 0.687500 0.489104
0.076779 0.722479 0.263427 0.137646 0.677579 0.049983 0.477116 0.058697 0.665766 0.255895 0.643710 0.506573
0.113252 0.670089 0.190885 0.016991 0.702357 0.016967 0.507847 0.069412 0.481586 0.323669 0.629311 0.401157
0.102677 0.752607 0.226087 0.014338 0.693005 0.114152 0.574105 0.052328 0.564829 0.247156 0.716084 0.480232
0.098918 0.880107 0.248904 0.122407 0.721694 -0.008897 0.550993 0.061880 0.547385 0.276401 0.674707 0.509182
0.129859 0.831181 0.239218 0.196085 0.669657 -0.018886 0.526606 -0.075622 0.486928 0.336779 0.626146 0.481201
0.114116 0.752754 0.230139 0.107964 0.706372 0.048678 0.550415 0.013496 0.548035 0.323731 0.656751 0.441138
0.058203 0.806547 0.300064 -0.025486 0.653424 -0.018651 0.527666 0.132360 0.528474 0.295988 0.719651 0.508766
0.163210 0.838649 0.313119 0.025992 0.876710 -0.001840 0.526252 -0.012820 0.518856 0.183406 0.718816 0.483380
0.077534 0.831117 0.303296 0.020663 0.680852 -0.001544 0.588446 0.043509 0.570782 0.340266 0.675393 0.527401
0.061847 0.836600 0.259401 0.037457 0.663673 0.013183 0.523809 -0.010364 0.585625 0.268599 0.672932 0.493654
0.080111 0.728653 0.295521 0.094647 0.750423 0.051631 0.615115 0.026252 0.551446 0.267875 0.659670 0.464381
0.120462 0.862850 0.268532 0.044475 0.721992 0.025035 0.605289 0.057582 0.563068 0.313500 0.688623 0.495228
0.112995 0.754730 0.281256 0.068772 0.657953 0.024564 0.593141 0.080591 0.532425 0.278669 0.680145 0.497635
0.190051 0.765670 0.267894 0.090252 0.634188 0.039160 0.557876 0.036966 0.610835 0.311708 0.744669 0.508162
0.087084 0.799889 0.234227 0.092662 0.702155 0.034804 0.491893 -0.075805 0.565663 0.296552 0.678789 0.338680
0.044355 0.701049 0.177678 0.114114 0.759437 0.033731 0.527803 0.101147 0.423748 0.345333 0.661414 0.478928
0.094262 0.757543 0.168462 0.099386 0.722496 0.065880 0.565607 0.074827 0.561345 0.282237 0.665289 0.476770
0.039573 0.776733 0.252712 0.117881 0.648361 0.068683 0.513881 -0.003329 0.597616 0.354919 0.705380 0.405990
0.018158 0.725871 0.211032 0.131891 0.700525 0.024618 0.592953 0.032527 0.488796 0.351864 0.625437 0.549930
0.044478 0.799954 0.279898 0.070214 0.646129 0.050728 0.531677 -0.006256 0.505466 0.238530 0.613622 0.632418
0.133423 0.744504 0.246843 0.146992 0.660588 0.073949 0.523018 0.057657 0.633703 0.264093 0.696009 0.583287
0.085572 0.845715 0.262713 0.056582 0.597269 0.102545 0.565805 -0.072497 0.537066 0.267758 0.631423 0.483418
0.110488 0.762169 0.292848 0.142141 0.716541 0.135886 0.501092 0.040179 0.575084 0.300938 0.696874 0.615619
0.144934 0.739352 0.282634 0.003273 0.740658 -0.003660 0.545821 0.043037 0.651109 0.249911 0.715652 0.513141
0.050708 0.768519 0.239157 0.102827 0.828405 0.035243 0.501328 0.078308 0.547479 0.238845 0.712658 0.511329
0.127708 0.784537 0.166986 0.031136 0.705097 0.049692 0.538763 -0.043182 0.571745 0.188785 0.746672 0.447134
0.073512 0.814607 0.148262 0.043634 0.743125 0.033644 0.561986 0.009065 0.646065 0.243566 0.690340 0.387718
0.135530 0.842465 0.130562 -0.072388 0.753163 -0.017093 0.532236 0.067667 0.507149 0.334659 0.704147 0.548578
0.047850 0.797506 0.206160 -0.017714 0.768186 0.012743 0.475232 0.013770 0.579154 0.349181 0.642594 0.388226
0.195892 0.791401 0.164872 0.060917 0.699065 -0.119424 0.504838 -0.040424 0.604497 0.234121 0.678227 0.511834
0.098674 0.787397 0.244185 0.076136 0.809200 -0.021837 0.581482 -0.015222 0.560519 0.354924 0.785852 0.512365
0.121355 0.739721 0.303899 0.013438 0.593887 0.011980 0.495081 0.033967 0.549054 0.191833 0.688480 0.483589
0.094951 0.788581 0.242283 0.189616 0.659649 -0.040521 0.514067 0.069116 0.545413 0.273653 0.702004 0.424857
0.174654 0.832836 0.291467 0.034459 0.772254 0.049183 0.477273 0.040201 0.612255 0.316758 0.661027 0.491352
0.077242 0.722045 0.257209 0.001318 0.689742 0.002486 0.467355 0.148976 0.577089 0.274598 0.716126 0.548154
0.145380 0.675327 0.268737 0.072289 0.723529 -0.014808 0.537152 0.038621 0.574144 0.293179 0.637396 0.459976
0.132172 0.800284 0.298749 0.066582 0.560708 0.103522 0.477334 0.102770 0.575184 0.231679 0.709835 0.443767
0.115086 0.740630 0.286287 0.083904 0.720839 -0.040504 0.582744 0.044518 0.555562 0.198414 0.759223 0.496009
0.134710 0.745447 0.333406 0.050906 0.694400 -0.003563 0.499153 -0.066980 0.621679 0.251524 0.698593 0.518707
0.105577 0.726685 0.289962 0.057503 0.663394 -0.067507 0.431004 0.009748 0.563813 0.285208 0.687008 0.465255
0.043983 0.765835 0.245752 0.131439 0.723259 0.066075 0.456692 0.048010 0.549707 0.381248 0.679349 0.505898
0.102275 0.764353 0.210956 0.088078 0.744778 0.020389 0.534944 -0.019434 0.501606 0.273974 0.741795 0.534318
0.112839 0.773978 0.269363 0.059466 0.745110 -0.023296 0.459742 0.036558 0.527463 0.328053 0.781168 0.444899
0.183569 0.804835 0.266798 0.029547 0.801515 0.007927 0.488730 -0.021054 0.548321 0.183687 0.598923 0.442777
0.110462 0.774807 0.302479 0.096979 0.758672 0.084949 0.553918 0.051093 0.557526 0.389726 0.678078 0.504771
0.112711 0.752271 0.199019 0.007325 0.775342 0.018260 0.548851 0.040267 0.532045 0.302975 0.660484 0.558481
0.084297 0.750213 0.216053 0.067079 0.778642 0.095269 0.509452 0.031934 0.542557 0.163481 0.634810 0.498734
0.044030 0.698188 0.216807 0.018333 0.719594 0.016839 0.555729 -0.036065 0.467218 0.292224 0.631904 0.375441
0.127123 0.709971 0.221557 0.107277 0.620254 0.098657 0.530575 0.020643 0.519170 0.278086 0.625081 0.488511
0.019264 0.737833 0.257590 0.091550 0.659800 0.059820 0.538554 0.043378 0.583667 0.253310 0.722161 0.502243
0.012760 0.780213 0.215067 -0.033626 0.678081 0.029304 0.443442 0.018488 0.542406 0.363775 0.716807 0.446923
0.079848 0.839156 0.259918 0.064548 0.683577 -0.077602 0.514492 0.014864 0.651913 0.375725 0.707221 0.528530
0.024573 0.731676 0.252980 0.068086 0.707585 0.009216 0.475919 0.071960 0.575011 0.305898 0.738773 0.428128
0.115106 0.788551 0.235537 0.041285 0.796889 -0.024267 0.562854 -0.033576 0.512474 0.241601 0.634045 0.512607
0.093559 0.816676 0.270132 0.086707 0.793896 -0.012136 0.487360 0.064739 0.625787 0.254296 0.703684 0.462892
0.127320 0.776753 0.292301 0.040595 0.733783 -0.057193 0.514514 0.013356 0.574060 0.277021 0.720128 0.379849
0.133051 0.758321 0.287587 0.078790 0.683901 0.039121 0.530957 0.103029 0.529319 0.291544 0.629333 0.545069
0.091089 0.845098 0.240398 0.100671 0.682762 0.016524 0.491283 -0.093192 0.483179 0.330965 0.677506 0.494107
0.113772 0.814730 0.272775 0.021388 0.667925 -0.041312 0.408571 0.073885 0.618569 0.341202 0.715724 0.452021
0.096114 0.762786 0.267999 0.101701 0.669895 0.042489 0.458341 0.066637 0.504668 0.279698 0.690164 0.523647
0.112987 0.786677 0.190165 0.099247 0.706426 -0.021511 0.539746 0.028333 0.550332 0.259399 0.646267 0.498656
0.180973 0.823678 0.241999 0.086395 0.764847 0.038053 0.541945 0.007738 0.593420 0.219396 0.566699 0.500061
0.081365 0.682228 0.311817 -0.028994 0.656519 0.058661 0.477228 0.023741 0.470122 0.323429 0.668481 0.511142
0.131889 0.774286 0.261450 0.032137 0.660133 0.089880 0.502346 0.111116 0.595960 0.301226 0.642331 0.548040
0.094594 0.863851 0.214327 0.004699 0.673768 0.027772 0.530196 0.018724 0.442588 0.244078 0.660305 0.485503
0.061601 0.854532 0.258409 0.035724 0.567638 0.025064 0.518876 -0.018891 0.630318 0.317933 0.641458 0.551097
0.137524 0.826847 0.150101 0.118794 0.684432 -0.017349 0.616847 -0.015861 0.589147 0.327199 0.636405 0.454769
0.087445 0.826500 0.300708 0.034383 0.608072 0.145219 0.566104 0.061409 0.584734 0.392696 0.668004 0.455355
0.116161 0.764292 0.273513 0.026128 0.736694 0.042191 0.509701 -0.070465 0.562583 0.349044 0.732029 0.420165
0.114753 0.752821 0.285136 0.161976 0.713430 0.013009 0.461202 0.025113 0.569916 0.343548 0.715828 0.467652
0.054121 0.740991 0.230731 -0.064016 0.703475 0.064378 0.521954 -0.007726 0.583629 0.235470 0.660151 0.525643
0.095919 0.776361 0.250167 0.105229 0.656714 0.106963 0.455382 -0.088439 0.585571 0.242811 0.667459 0.511434
0.153368 0.744226 0.201456 0.076029 0.660885 0.023599 0.448670 -0.027800 0.551737 0.318326 0.720113 0.464349
0.110377 0.716751 0.194668 0.194674 0.678333 0.067142 0.538744 -0.008240 0.594092 0.267567 0.661186 0.442255
0.166115 0.682629 0.241588 0.134728 0.816410 0.128669 0.607003 0.034457 0.568339 0.280306 0.556126 0.519913
0.093128 0.876437 0.230843 0.006390 0.803795 -0.053013 0.521617 0.092044 0.553629 0.307961 0.784421 0.424372
0.157711 0.715332 0.260451 0.066111 0.642502 0.069230 0.502290 0.136785 0.492404 0.274311 0.680888 0.461905
0.071620 0.750650 0.227124 0.081928 0.637796 0.024961 0.486098 0.050653 0.563444 0.313609 0.673406 0.522330
0.125640 0.747601 0.268180 0.066879 0.839971 0.080261 0.528796 -0.021213 0.545502 0.320319 0.657596 0.487847
0.089719 0.638766 0.262936 0.143693 0.613057 0.068916 0.485116 0.110711 0.480695 0.287690 0.655864 0.509973
0.236054 0.802571 0.189109 0.028811 0.721352 0.054774 0.619550 0.045248 0.531540 0.208605 0.736251 0.441075
0.055313 0.744145 0.226572 0.106241 0.679132 0.011907 0.457316 0.102893 0.583238 0.185683 0.653670 0.535989
0.105302 0.821895 0.270790 0.080765 0.750088 0.011320 0.545129 0.086651 0.560216 0.245104 0.659847 0.446806
0.039740 0.748317 0.221487 0.110875 0.702812 0.043605 0.567848 0.100801 0.576499 0.265463 0.723613 0.519561
0.077155 0.827927 0.246939 0.073639 0.738125 -0.008821 0.575156 0.048530 0.531461 0.316692 0.667685 0.579117
0.033757 0.870859 0.266238 0.108673 0.665375 0.069186 0.462099 0.053528 0.586086 0.316042 0.736503 0.516131
0.112846 0.696230 0.152251 -0.001155 0.692979 -0.034643 0.545270 0.017259 0.531786 0.287528 0.632804 0.396707
0.105779 0.714347 0.262793 0.053476 0.638136 0.035725 0.535532 -0.006023 0.550615 0.448024 0.627391 0.485998
0.034083 0.770151 0.234712 0.052019 0.741346 0.004386 0.500400 -0.013299 0.520856 0.312663 0.738259 0.560582
0.103082 0.796077 0.274807 0.069390 0.710125 0.120272 0.568659 0.061314 0.583686 0.293633 0.645652 0.419856
0.181505 0.855036 0.259309 0.029196 0.692886 0.053305 0.538838 0.093299 0.556579 0.282497 0.627960 0.458678
0.105779 0.802633 0.283796 0.114368 0.749227 -0.030851 0.497931 0.004108 0.629121 0.299475 0.678085 0.615485
0.021679 0.740213 0.149168 0.115703 0.650504 -0.049041 0.616665 0.068044 0.563804 0.299989 0.621272 0.544569
0.143405 0.812199 0.188094 0.114027 0.754332 0.013323 0.558495 0.077688 0.485463 0.226980 0.750091 0.511945
0.056938 0.750634 0.157298 0.029119 0.712691 0.040520 0.487479 0.002005 0.554544 0.291754 0.677811 0.426820
0.100313 0.725006 0.224180 0.179553 0.708904 0.059229 0.536575 0.090526 0.543864 0.325838 0.744148 0.413232
0.185241 0.835209 0.286318 0.030689 0.617870 0.062187 0.435511 -0.009542 0.607264 0.296471 0.678549 0.477107
0.150129 0.836185 0.283561 0.138547 0.741785 0.022167 0.449607 0.138914 0.543490 0.316109 0.806377 0.499095
0.069056 0.744949 0.232299 0.029836 0.752614 -0.000305 0.458161 0.101351 0.580292 0.365012 0.684111 0.417764
0.103119 0.712887 0.196617 0.045765 0.652800 -0.026483 0.521412 0.117664 0.553179 0.298650 0.710614 0.471099
0.095714 0.761412 0.229391 0.117245 0.702502 0.128162 0.589030 -0.020180 0.542614 0.326371 0.718321 0.453459
0.112742 0.712472 0.207966 0.078535 0.790064 0.060723 0.476035 0.015291 0.608321 0.273225 0.733401 0.452659
0.084773 0.886149 0.092972 0.132283 0.770120 0.060218 0.511022 0.013320 0.623119 0.397291 0.649580 0.549492
0.051507 0.767564 0.226488 0.063569 0.673786 0.085335 0.474649 0.033428 0.519816 0.251105 0.683757 0.434605
0.093620 0.681337 0.245469 0.079657 0.701509 0.049347 0.523123 -0.009713 0.531685 0.356097 0.610915 0.525937
0.050480 0.769120 0.299348 0.023775 0.705464 0.093184 0.645756 0.100713 0.533209 0.244160 0.605744 0.475809
0.058023 0.739277 0.234752 0.090010 0.613392 0.029223 0.543087 -0.006524 0.542853 0.162416 0.798932 0.403549
0.140552 0.751167 0.217968 0.031096 0.687744 0.049177 0.519892 -0.024934 0.503699 0.276297 0.718751 0.423935
0.088000 0.736572 0.255667 0.086069 0.647873 0.104667 0.611919 0.110857 0.602228 0.301397 0.610235 0.470713
0.097811 0.782847 0.267992 0.087755 0.726825 0.016910 0.536157 0.072058 0.568288 0.235213 0.732490 0.507672
0.171130 0.747665 0.190830 0.130521 0.784159 0.129711 0.558842 -0.012583 0.507700 0.299769 0.686095 0.429997
0.117038 0.801865 0.222811 0.011288 0.719172 -0.019735 0.553396 0.019497 0.539112 0.358311 0.648289 0.472034
0.141462 0.776191 0.082588 0.089421 0.706857 0.004007 0.437747 -0.005024 0.597301 0.211230 0.661114 0.482846
0.169615 0.841001 0.254666 0.053266 0.633051 0.056173 0.522042 0.045968 0.503639 0.315899 0.697805 0.420161
0.156477 0.758451 0.330404 0.044152 0.733302 0.021081 0.501908 0.004193 0.552776 0.316056 0.595894 0.427576
0.115070 0.851043 0.213560 0.110459 0.651261 0.075675 0.552280 -0.007496 0.594917 0.363919 0.755292 0.416541
0.059699 0.829522 0.182642 0.056430 0.810807 0.147735 0.482105 -0.025909 0.594183 0.328138 0.647434 0.504195
0.096244 0.760713 0.226023 0.092291 0.703282 0.003217 0.568138 0.137590 0.604090 0.348371 0.611895 0.505863
0.084819 0.787889 0.191194 0.100660 0.694386 -0.044185 0.528764 -0.068479 0.588869 0.248839 0.702766 0.558280
0.076262 0.831404 0.198601 0.091621 0.680958 0.024193 0.545983 0.069715 0.574692 0.441879 0.715776 0.622050
0.144034 0.823367 0.213036 0.078459 0.681577 0.018025 0.437607 0.059145 0.623941 0.281674 0.678423 0.467376
0.069166 0.736108 0.337448 0.076060 0.755907 0.041823 0.585639 0.087376 0.549400 0.316350 0.777887 0.451219
-0.017299 0.847117 0.206924 0.093881 0.761014 0.076362 0.548947 0.116665 0.567192 0.340351 0.662416 0.405551
0.052399 0.774325 0.173408 0.054682 0.708717 -0.012317 0.604660 0.018330 0.448177 0.292726 0.680932 0.495507
0.148685 0.742242 0.161178 0.111944 0.698841 0.051760 0.565953 0.014237 0.579892 0.306436 0.676999 0.511632
0.137260 0.821873 0.261750 -0.005302 0.686147 0.036608 0.461803 0.013673 0.467529 0.247166 0.675402 0.490199
0.116566 0.709562 0.290008 0.065537 0.711644 0.004052 0.481383 0.053101 0.595038 0.202353 0.680295 0.523622
0.041246 0.781144 0.199773 0.063782 0.720642 0.000869 0.513297 0.126671 0.559921 0.267686 0.677557 0.530817
0.080810 0.886348 0.236172 0.032043 0.678440 0.058213 0.589969 0.030195 0.502747 0.289833 0.654157 0.547405
0.108248 0.816680 0.238544 0.143978 0.727767 -0.008971 0.521908 0.060515 0.601195 0.292766 0.734716 0.475092
0.042722 0.796696 0.270354 0.029804 0.631506 0.065123 0.555910 0.102162 0.559469 0.241102 0.590116 0.468318
0.153543 0.884690 0.247343 0.038068 0.733807 0.051062 0.553626 -0.000752 0.512420 0.266611 0.660615 0.444809
0.080796 0.793636 0.288275 0.074895 0.775743 0.037899 0.572578 0.093940 0.541770 0.348774 0.720767 0.571030
0.143586 0.805950 0.198971 0.057588 0.626206 0.008027 0.517211 0.079577 0.585460 0.281036 0.700312 0.542430
0.154541 0.856442 0.155179 0.141558 0.751180 0.063361 0.518742 0.004997 0.565606 0.235784 0.626366 0.495463
0.172194 0.756374 0.268588 0.096300 0.706328 -0.025295 0.478450 0.066140 0.533424 0.322376 0.638973 0.479512
0.152564 0.811019 0.171905 0.096375 0.579380 0.050722 0.513626 -0.010219 0.596114 0.257443 0.713704 0.486819
0.153643 0.812773 0.146206 0.033135 0.757391 0.082620 0.514249 -0.007929 0.517640 0.324688 0.706738 0.461460
0.100116 0.828429 0.254275 0.057558 0.711201 0.082048 0.452285 0.012704 0.517140 0.331384 0.777490 0.507669
0.007765 0.732067 0.247402 0.062917 0.676066 0.027031 0.467085 0.074734 0.548176 0.318082 0.728037 0.453983
0.157924 0.784291 0.256826 0.116734 0.676480 0.116113 0.517874 -0.016459 0.593851 0.286075 0.690353 0.487231
0.108811 0.824673 0.281381 0.081705 0.724842 -0.002987 0.628017 0.075068 0.477941 0.322326 0.733220 0.495103
