3000 12 1500
0.631949 0.783274 0.208303 0.595609 0.270038 0.695893 0.223121 0.332783 0.638861 0.106125 0.018335 0.783306
0.635029 0.879171 0.248165 0.552970 0.301154 0.752760 0.267959 0.235760 0.660598 0.016721 0.025034 0.831851
0.593381 0.810210 0.356364 0.582215 0.223422 0.658434 0.212927 0.248249 0.571766 0.048910 0.035714 0.798085
0.640366 0.864053 0.285203 0.572624 0.173235 0.700818 0.204189 0.218230 0.704124 -0.008458 -0.041343 0.822527
0.673384 0.807950 0.214600 0.503893 0.160084 0.658170 0.165352 0.289877 0.593376 0.016357 -0.111127 0.745588
0.567456 0.755676 0.253140 0.528211 0.219766 0.620850 0.154546 0.269620 0.650322 -0.040564 0.011794 0.813332
0.628583 0.861500 0.247942 0.519442 0.175848 0.615176 0.231363 0.193339 0.597605 0.016946 -0.001271 0.789593
0.666192 0.781220 0.287175 0.608390 0.294560 0.684905 0.292258 0.262713 0.624575 0.060117 0.113197 0.735660
0.593154 0.821479 0.290236 0.431785 0.237437 0.747525 0.158613 0.218431 0.614061 -0.013195 0.044475 0.784904
0.526909 0.700029 0.308015 0.550773 0.227027 0.597756 0.190128 0.293836 0.598357 0.011788 -0.133176 0.693374
0.607919 0.813213 0.287814 0.576206 0.171577 0.631692 0.147952 0.374068 0.590200 0.036334 0.002793 0.887114
0.689208 0.830672 0.340244 0.608829 0.222540 0.666625 0.263502 0.196426 0.541644 0.041359 -0.033203 0.865889
0.485285 0.746681 0.244328 0.490579 0.160297 0.710715 0.068515 0.322278 0.596168 0.053968 0.042513 0.763143
0.591537 0.778163 0.259862 0.550421 0.200842 0.655358 0.222780 0.247543 0.723729 -0.031634 0.037384 0.822332
0.528755 0.867001 0.294918 0.626405 0.134280 0.746497 0.231228 0.265371 0.649089 0.078308 0.011131 0.690265
0.605765 0.933951 0.246280 0.509728 0.210480 0.684858 0.244029 0.239235 0.660149 0.020683 0.055344 0.833383
0.599047 0.786266 0.263330 0.596276 0.200466 0.624196 0.163699 0.258261 0.595960 0.005357 -0.051057 0.829653
0.599052 0.877435 0.215006 0.551276 0.297933 0.723817 0.179793 0.226615 0.619605 0.096767 -0.034143 0.793462
0.640270 0.857053 0.221733 0.524710 0.215499 0.682250 0.188105 0.224451 0.709339 -0.002146 0.033312 0.745420
0.559260 0.765853 0.321814 0.534261 0.132105 0.815397 0.143472 0.289382 0.695005 0.084683 0.004224 0.802170
0.689035 0.803641 0.330016 0.556147 0.234037 0.673688 0.221654 0.222945 0.613044 0.024319 -0.011320 0.799193
0.519386 0.795001 0.267168 0.439665 0.207945 0.678181 0.299877 0.166036 0.647114 -0.049481 0.075825 0.839130
0.665821 0.708823 0.286149 0.633669 0.167167 0.672761 0.215095 0.265088 0.594166 0.013979 -0.007845 0.767355
0.604564 0.755472 0.259025 0.582614 0.230348 0.768010 0.147041 0.285701 0.552631 -0.008071 -0.039615 0.801096
0.477564 0.854666 0.257342 0.559169 0.231856 0.851514 0.138397 0.379944 0.643912 -0.059098 -0.041466 0.877725
0.561968 0.731411 0.221881 0.500092 0.249527 0.653040 0.276957 0.266878 0.674225 -0.046612 0.015887 0.772748
0.498067 0.801010 0.362040 0.551689 0.223307 0.755477 0.229072 0.242513 0.578289 -0.011284 -0.002309 0.766219
0.624114 0.775279 0.250900 0.492144 0.284623 0.626016 0.336363 0.147395 0.608490 0.030835 0.073025 0.715083
0.628917 0.905843 0.306053 0.498142 0.225889 0.671671 0.218344 0.225474 0.692539 -0.014154 0.005684 0.775679
0.588420 0.864465 0.211987 0.482641 0.140298 0.676104 0.193463 0.272928 0.629974 0.030312 0.052304 0.769110
0.648845 0.799563 0.258996 0.555651 0.092204 0.713396 0.189174 0.191273 0.647851 0.099249 0.054445 0.737524
0.657512 0.881709 0.278734 0.639481 0.261270 0.625431 0.313885 0.242825 0.683444 0.004009 -0.027624 0.727529
0.566485 0.842473 0.274708 0.619126 0.202160 0.740599 0.183603 0.211081 0.729925 0.040040 -0.042616 0.811637
0.591279 0.843202 0.335173 0.475591 0.228084 0.613314 0.278501 0.185024 0.702488 0.029261 -0.042109 0.788200
0.523786 0.743811 0.309440 0.572039 0.198479 0.729091 0.190868 0.134808 0.594786 -0.138292 -0.032822 0.833675
0.644784 0.769388 0.349822 0.517161 0.227560 0.624581 0.174940 0.244313 0.673037 0.070911 0.022710 0.785357
0.452386 0.709539 0.368568 0.556011 0.208194 0.679624 0.192042 0.243901 0.586050 0.096245 0.058174 0.813187
0.614396 0.837538 0.269616 0.582322 0.179393 0.769190 0.266775 0.263300 0.620513 0.031826 0.010575 0.771894
0.541117 0.808875 0.290552 0.579967 0.252490 0.655923 0.153492 0.343759 0.561683 -0.013905 0.043706 0.860293
0.663222 0.819685 0.300871 0.640388 0.136821 0.694585 0.154428 0.226822 0.633658 0.006692 -0.018814 0.758347
0.696949 0.859776 0.202548 0.726990 0.256619 0.644806 0.225343 0.284978 0.680923 0.031135 0.017606 0.802200
0.677213 0.805421 0.285238 0.597015 0.171708 0.746821 0.170251 0.267284 0.624834 0.083109 -0.073386 0.796741
0.591211 0.845757 0.273092 0.583581 0.261548 0.751324 0.188531 0.313241 0.619327 0.014646 0.052982 0.823542
0.554873 0.792787 0.260594 0.631138 0.218586 0.754750 0.193823 0.255711 0.646195 -0.016188 0.027030 0.761922
0.558433 0.761776 0.326652 0.545654 0.187483 0.704871 0.297587 0.219221 0.623833 0.019531 -0.040222 0.781448
0.513149 0.747300 0.331473 0.516947 0.239884 0.616666 0.203187 0.168776 0.657685 0.023757 -0.003023 0.820263
0.662665 0.750945 0.245304 0.511971 0.262238 0.687587 0.198392 0.202217 0.710804 0.036015 0.030883 0.897856
0.603863 0.844826 0.210547 0.618113 0.152136 0.652034 0.245797 0.178297 0.574659 -0.069351 -0.012382 0.758236
0.621562 0.805021 0.273004 0.570614 0.233078 0.664097 0.200672 0.338299 0.617917 -0.057388 0.028558 0.849910
0.625034 0.862168 0.334929 0.662296 0.198242 0.753707 0.181095 0.198689 0.588777 -0.014456 0.002498 0.860133
0.628559 0.828878 0.330097 0.558320 0.306488 0.679065 0.212889 0.241572 0.702306 0.030117 0.015081 0.802724
0.608413 0.829144 0.125457 0.485477 0.226483 0.718167 0.305121 0.300387 0.692941 0.048538 -0.090229 0.737172
0.551736 0.846458 0.249821 0.559967 0.318183 0.684371 0.289353 0.213956 0.698631 -0.079388 0.125682 0.833014
0.596394 0.797415 0.202548 0.536004 0.254049 0.738199 0.230802 0.243188 0.585537 -0.051438 -0.004332 0.764149
0.623907 0.881057 0.248300 0.563846 0.236409 0.752045 0.157841 0.256122 0.630612 -0.019091 0.081327 0.895870
0.608461 0.811190 0.207681 0.502597 0.187756 0.607434 0.152453 0.258198 0.648009 -0.033033 -0.059127 0.822441
0.534371 0.811012 0.191718 0.552746 0.264463 0.640383 0.121399 0.289911 0.591109 -0.049035 0.015894 0.855321
0.569745 0.809296 0.237601 0.457928 0.244110 0.772172 0.194664 0.219744 0.648526 0.087700 -0.093927 0.766748
0.543934 0.777706 0.338159 0.571650 0.307998 0.648776 0.248940 0.253051 0.596681 0.024952 0.041174 0.836470
0.628852 0.966534 0.269056 0.596402 0.211903 0.770092 0.263748 0.163006 0.586250 0.003384 0.009248 0.893177
0.605176 0.839702 0.211588 0.503470 0.187096 0.806327 0.247072 0.291318 0.720690 0.027369 0.033905 0.805308
0.603720 0.893085 0.318425 0.632890 0.227100 0.719156 0.156775 0.274595 0.696417 -0.021844 0.003500 0.835547
0.660187 0.723999 0.224941 0.480421 0.298739 0.694898 0.194924 0.174697 0.630890 0.066103 -0.001945 0.818371
0.634888 0.795410 0.433991 0.585162 0.211472 0.673296 0.192864 0.242298 0.742495 0.048427 -0.009315 0.884175
0.586794 0.897505 0.201768 0.515456 0.229849 0.695810 0.143341 0.387808 0.659308 0.106774 0.006574 0.785025
0.647370 0.746747 0.306970 0.570010 0.152036 0.758154 0.212169 0.254249 0.646560 -0.050613 0.051771 0.833114
0.653578 0.820259 0.313068 0.581171 0.198630 0.708232 0.228389 0.156943 0.670142 0.031802 -0.082807 0.716890
0.658891 0.818677 0.248423 0.587430 0.209625 0.703375 0.292092 0.272816 0.668349 0.076181 0.024029 0.793801
0.645788 0.831751 0.358746 0.577389 0.262370 0.704876 0.341442 0.225929 0.651417 -0.003352 0.046218 0.913955
0.633945 0.889330 0.277622 0.619451 0.250559 0.680414 0.263076 0.223790 0.599474 0.044448 0.016272 0.770109
0.601903 0.777145 0.182268 0.468149 0.214951 0.723500 0.256706 0.271972 0.676244 -0.032299 0.004674 0.814687
0.604676 0.838019 0.322319 0.521855 0.240553 0.625817 0.212968 0.216605 0.693507 0.035113 -0.013151 0.828534
0.633984 0.862721 0.203785 0.586438 0.223473 0.614874 0.206917 0.233856 0.619305 -0.052719 -0.008935 0.914644
0.613902 0.814728 0.255148 0.530683 0.205077 0.636050 0.215916 0.252127 0.656468 -0.018703 0.039409 0.767893
0.574757 0.792140 0.307116 0.585661 0.235328 0.631739 0.188630 0.298069 0.663531 -0.001127 0.000411 0.757369
0.559372 0.834610 0.179360 0.548991 0.242172 0.749881 0.221079 0.238542 0.645903 -0.036243 -0.066818 0.697551
0.652254 0.801663 0.321799 0.555380 0.160933 0.712257 0.235265 0.196786 0.580307 0.039536 0.032221 0.830129
0.651651 0.816909 0.266849 0.497062 0.150839 0.658812 0.268331 0.212366 0.616962 0.064920 0.061252 0.764183
0.558914 0.849767 0.340490 0.663116 0.224389 0.743000 0.101736 0.322747 0.569592 0.013665 0.081649 0.827132
0.642338 0.906057 0.296201 0.546125 0.250184 0.735433 0.266783 0.137981 0.664770 -0.066123 0.112750 0.762443
0.655942 0.713180 0.306450 0.640588 0.151845 0.711139 0.208044 0.235825 0.740976 0.040708 0.039976 0.779969
0.696079 0.809237 0.330444 0.530144 0.121570 0.680290 0.164252 0.122971 0.676296 -0.013890 0.055172 0.846414
0.644311 0.804180 0.223235 0.568767 0.180089 0.690234 0.240772 0.279006 0.505311 0.052908 -0.072748 0.760034
0.693575 0.800201 0.205074 0.518792 0.240771 0.805298 0.171630 0.266728 0.594382 0.035868 -0.027682 0.864213
0.661227 0.831216 0.339486 0.565900 0.193644 0.724948 0.200296 0.232434 0.661357 0.013297 -0.074152 0.771174
0.572395 0.884094 0.298288 0.585681 0.242240 0.656909 0.235133 0.244780 0.676004 0.029330 0.001886 0.813286
0.619905 0.774075 0.239434 0.490323 0.150234 0.714079 0.208315 0.261457 0.711127 -0.035023 -0.015193 0.806128
0.623794 0.832433 0.253949 0.554719 0.123923 0.734597 0.194145 0.200365 0.757354 0.018494 -0.015234 0.714159
0.629291 0.839795 0.295770 0.638788 0.180992 0.674865 0.168616 0.276873 0.629123 0.013378 -0.020955 0.793168
0.541328 0.886170 0.251589 0.595427 0.253802 0.654827 0.129359 0.149396 0.663210 0.024120 -0.090849 0.706477
0.637621 0.749196 0.222890 0.506293 0.217007 0.709235 0.242108 0.324383 0.580379 0.002811 0.054547 0.739379
0.603644 0.756654 0.286792 0.634540 0.282054 0.740447 0.162814 0.273878 0.654330 0.002922 -0.054095 0.802967
0.722949 0.809391 0.210351 0.628797 0.273046 0.734726 0.180621 0.158023 0.631281 -0.029118 0.032405 0.850070
0.519010 0.870491 0.243413 0.554415 0.244499 0.708161 0.212394 0.204058 0.591473 -0.010570 0.043617 0.801697
0.537953 0.728256 0.348345 0.592001 0.271396 0.650529 0.201925 0.267167 0.637720 0.013237 0.004603 0.826818
0.561740 0.741297 0.324059 0.560297 0.169367 0.717061 0.230267 0.227306 0.613515 0.009044 -0.067601 0.738266
0.583954 0.795362 0.228721 0.467994 0.202494 0.691842 0.325174 0.281086 0.715872 -0.074056 0.125079 0.768868
0.721611 0.780318 0.331257 0.531445 0.270355 0.700907 0.181068 0.251816 0.597732 -0.007637 -0.000519 0.801312
0.587104 0.858628 0.291490 0.542879 0.261305 0.698085 0.145438 0.263549 0.596715 -0.028507 0.028804 0.838306
0.657858 0.781613 0.275228 0.488144 0.256525 0.692876 0.221352 0.319026 0.617674 0.020722 -0.061561 0.813050
0.568848 0.821161 0.220347 0.578115 0.250771 0.673870 0.200735 0.263130 0.568784 -0.096509 0.032694 0.762869
0.667162 0.799468 0.323685 0.543375 0.248353 0.674277 0.171314 0.236967 0.612994 0.067388 0.045082 0.884753
0.618314 0.818592 0.312781 0.556429 0.175135 0.688320 0.224097 0.239961 0.613515 0.001591 -0.003964 0.801538
0.604483 0.819260 0.269802 0.579680 0.196494 0.662527 0.126631 0.220440 0.608066 -0.050543 0.007122 0.644123
0.653599 0.754867 0.242965 0.421068 0.224237 0.695222 0.185451 0.191786 0.570521 0.001820 0.069104 0.828149
0.545931 0.878993 0.228520 0.571955 0.259040 0.675481 0.262324 0.267649 0.614166 0.045959 0.024382 0.814379
0.597052 0.842193 0.285837 0.637221 0.197953 0.716849 0.180227 0.174043 0.589795 0.113682 -0.090484 0.789966
0.593998 0.826594 0.325596 0.573671 0.200159 0.690955 0.173639 0.237318 0.704151 0.087132 0.008407 0.772018
0.561221 0.884235 0.317565 0.607517 0.294535 0.731355 0.214093 0.292708 0.637458 -0.003740 0.049037 0.780710
0.616581 0.789452 0.314774 0.571661 0.203675 0.749110 0.203008 0.313779 0.678040 0.000710 0.100330 0.862295
0.621292 0.778467 0.216836 0.564272 0.211903 0.653170 0.212201 0.237119 0.648943 0.063863 0.006636 0.758365
0.609063 0.806941 0.298619 0.524958 0.278453 0.649453 0.222587 0.254842 0.592047 -0.034286 0.080159 0.789436
0.624804 0.814372 0.273820 0.524121 0.210366 0.676156 0.259215 0.327275 0.634705 0.057040 0.027287 0.829877
0.559118 0.779928 0.338446 0.517893 0.184173 0.651170 0.349474 0.280002 0.610479 0.015893 -0.007319 0.831659
0.660326 0.805074 0.312894 0.576468 0.305575 0.628561 0.239715 0.345260 0.700125 -0.006728 0.045504 0.777805
0.530181 0.772139 0.276024 0.580944 0.268671 0.651768 0.319702 0.273249 0.609021 0.010583 0.064736 0.794691
0.620935 0.863320 0.260473 0.506976 0.248003 0.701143 0.197068 0.261946 0.707733 -0.061604 0.018580 0.747954
0.600165 0.819749 0.333775 0.517996 0.088012 0.642867 0.301990 0.265951 0.556582 0.038448 -0.009123 0.836949
0.540630 0.801412 0.308431 0.583467 0.155983 0.743874 0.161323 0.260785 0.661027 -0.007004 0.038122 0.808810
0.546480 0.855918 0.295156 0.588598 0.168248 0.681092 0.197646 0.249738 0.529828 0.091024 -0.025374 0.792349
0.512474 0.739526 0.371760 0.529021 0.146730 0.723435 0.182598 0.218270 0.655138 -0.049401 0.044019 0.715995
0.574781 0.792481 0.269172 0.488784 0.158810 0.693740 0.232060 0.261808 0.692677 -0.021108 0.026952 0.783212
0.564235 0.807145 0.268761 0.587208 0.284557 0.748159 0.231147 0.314579 0.634757 0.061938 0.035785 0.890636
0.655581 0.782912 0.348012 0.615880 0.221100 0.693208 0.277853 0.261835 0.606516 0.037368 -0.028880 0.754765
0.591833 0.857948 0.246790 0.547378 0.327187 0.633064 0.190492 0.274465 0.654210 -0.011942 0.062219 0.755367
0.631418 0.709123 0.234044 0.566438 0.221636 0.751987 0.202576 0.147151 0.714231 0.033967 -0.045312 0.808129
0.705078 0.900434 0.277918 0.580892 0.285255 0.692429 0.137128 0.246868 0.651624 0.129915 0.043018 0.757616
0.619637 0.864239 0.260916 0.466617 0.212688 0.772640 0.225537 0.304992 0.609792 -0.019398 0.094478 0.750136
0.637471 0.809120 0.204960 0.595182 0.195485 0.643771 0.289958 0.143551 0.623747 -0.059937 -0.006693 0.764849
0.599490 0.832991 0.220132 0.598281 0.174610 0.777682 0.183624 0.210306 0.641175 -0.022435 0.017963 0.818474
0.653508 0.871002 0.251190 0.495699 0.204514 0.775927 0.204288 0.226219 0.631680 0.012194 0.062580 0.755001
0.654360 0.833731 0.319553 0.631025 0.236690 0.753301 0.229587 0.289827 0.730853 0.069301 -0.016145 0.805299
0.614952 0.795916 0.352901 0.483608 0.230156 0.715595 0.218371 0.200673 0.588124 0.039355 0.057396 0.806489
0.566743 0.842331 0.209670 0.568272 0.199371 0.649793 0.208481 0.216593 0.531346 -0.049090 0.013481 0.712347
0.625242 0.877147 0.353594 0.502550 0.172047 0.727510 0.256222 0.152419 0.661231 -0.004000 -0.026822 0.851674
0.685767 0.844405 0.309727 0.576988 0.213752 0.698007 0.202400 0.245519 0.595524 0.050257 0.023452 0.730441
0.669731 0.773528 0.257177 0.491452 0.166913 0.724733 0.293608 0.261146 0.658688 -0.012862 -0.015012 0.767621
0.623856 0.731912 0.237890 0.621235 0.248526 0.731972 0.125605 0.246780 0.673857 0.085582 -0.031842 0.845488
0.651776 0.788640 0.136995 0.490536 0.285933 0.669703 0.238589 0.213615 0.635889 0.073863 0.011728 0.741100
0.524076 0.790542 0.321681 0.560161 0.166526 0.662118 0.197092 0.246848 0.587865 -0.033779 0.056104 0.688924
0.656990 0.847531 0.261519 0.579123 0.252122 0.611163 0.200473 0.222085 0.642239 0.093158 0.046930 0.720499
0.593431 0.856197 0.293385 0.591835 0.299470 0.699834 0.279079 0.242119 0.611785 -0.076361 0.022009 0.732208
0.586653 0.882918 0.293401 0.594919 0.221276 0.715572 0.178664 0.235363 0.635770 -0.023299 -0.013548 0.787556
0.641004 0.778889 0.257026 0.457400 0.141665 0.699479 0.180856 0.219092 0.648556 -0.050223 -0.007364 0.887242
0.610946 0.789638 0.259340 0.593930 0.215516 0.653108 0.294355 0.153960 0.641121 0.020629 -0.029311 0.818341
0.649384 0.874796 0.284341 0.485904 0.261940 0.692158 0.244850 0.234585 0.650318 -0.086542 -0.047746 0.877841
0.651310 0.770578 0.248512 0.566799 0.212444 0.757120 0.314021 0.247051 0.515691 0.035844 -0.068923 0.856606
0.627418 0.787362 0.223193 0.620615 0.198271 0.764707 0.125840 0.219153 0.590620 0.010603 0.033666 0.704735
0.560957 0.862649 0.325209 0.588045 0.245453 0.641121 0.224280 0.172123 0.686571 0.060036 -0.022918 0.786869
0.677958 0.841026 0.300441 0.556493 0.146548 0.569939 0.112809 0.203525 0.550963 0.027322 -0.027013 0.766900
0.614106 0.789429 0.253108 0.568269 0.274754 0.710016 0.208371 0.201528 0.636272 0.092980 0.005947 0.787865
0.621975 0.753885 0.295184 0.548456 0.239202 0.559026 0.233777 0.301507 0.690355 -0.034667 -0.019531 0.806047
0.586096 0.780853 0.257957 0.574226 0.157115 0.722241 0.242965 0.283735 0.623068 0.049345 0.000635 0.802889
0.633163 0.860249 0.428299 0.575343 0.239886 0.695199 0.209990 0.229574 0.610769 -0.024400 0.058894 0.795739
0.696961 0.810254 0.203984 0.529029 0.207575 0.764420 0.257994 0.272032 0.645062 -0.022221 0.170653 0.793550
0.583862 0.864057 0.279300 0.574426 0.305241 0.720062 0.209297 0.260604 0.598979 0.065716 -0.023954 0.933321
0.583869 0.810307 0.264596 0.575425 0.197568 0.684886 0.192553 0.242711 0.662913 0.034908 -0.068786 0.830925
0.597803 0.783855 0.272892 0.529423 0.182552 0.678418 0.329271 0.160397 0.650900 0.041346 -0.026880 0.752824
0.641024 0.772562 0.354041 0.523638 0.287497 0.674503 0.232335 0.218651 0.562896 0.029381 0.143526 0.750845
0.700625 0.749452 0.273615 0.515454 0.190831 0.700317 0.196814 0.240857 0.516390 -0.021965 -0.032584 0.809714
0.607587 0.786436 0.253359 0.510694 0.202716 0.707742 0.196986 0.202991 0.616974 0.012956 -0.034073 0.785837
0.548148 0.802486 0.261525 0.614375 0.243324 0.759866 0.183437 0.235715 0.638471 -0.012420 0.075256 0.762789
0.533571 0.831890 0.336785 0.609320 0.190031 0.664733 0.225928 0.157286 0.703619 0.026593 -0.035689 0.767159
0.596876 0.805073 0.226686 0.562584 0.204538 0.661355 0.212500 0.155179 0.605040 0.096297 0.043342 0.676482
0.692084 0.811430 0.249344 0.486727 0.293033 0.618193 0.181770 0.218070 0.631799 0.028889 -0.016714 0.791415
0.691633 0.817116 0.217257 0.588904 0.175002 0.737594 0.197199 0.323692 0.686171 -0.080193 -0.055956 0.782493
0.531443 0.736516 0.284510 0.608247 0.257253 0.686673 0.216607 0.318521 0.639296 -0.042258 0.054584 0.768208
0.596455 0.738281 0.253395 0.464189 0.301655 0.710865 0.212116 0.168629 0.596655 -0.077432 -0.020802 0.818681
0.612064 0.897705 0.298105 0.574969 0.232631 0.747819 0.136314 0.290099 0.783142 0.012879 -0.048459 0.819476
0.602646 0.810434 0.261813 0.635942 0.240099 0.615874 0.114344 0.233607 0.681553 0.126460 0.015569 0.753901
0.650270 0.813912 0.252714 0.594563 0.349962 0.642439 0.184175 0.157045 0.664251 0.002369 0.001964 0.757306
0.564451 0.802127 0.272797 0.548680 0.163011 0.720449 0.263071 0.081408 0.601450 -0.033997 -0.004935 0.879831
0.597752 0.792757 0.307970 0.617323 0.137770 0.714230 0.136729 0.254966 0.672427 -0.085293 0.075377 0.819899
0.672274 0.874025 0.297987 0.593378 0.161060 0.673825 0.145823 0.309490 0.626184 0.039761 -0.034087 0.760611
0.546615 0.794425 0.340029 0.612368 0.205118 0.638647 0.182685 0.218793 0.633913 0.005182 0.036965 0.854463
0.601117 0.834424 0.329498 0.600913 0.245718 0.654197 0.188109 0.252814 0.571199 -0.031202 -0.060435 0.797121
0.633259 0.865888 0.340015 0.529222 0.201753 0.730461 0.252649 0.225239 0.664700 0.080012 0.026509 0.778112
0.529136 0.807749 0.333366 0.635583 0.200281 0.717627 0.123394 0.276858 0.657898 0.023115 0.124193 0.897266
0.497814 0.820894 0.307125 0.564616 0.160049 0.718287 0.194032 0.252601 0.568572 0.021039 0.006574 0.809152
0.630351 0.763462 0.270611 0.515477 0.206791 0.672680 0.210582 0.290722 0.658807 0.000546 0.046576 0.804448
0.634294 0.767735 0.254657 0.613701 0.211130 0.715012 0.248120 0.144127 0.713372 0.010167 -0.007242 0.862622
0.483543 0.830223 0.131664 0.546109 0.167985 0.598935 0.194272 0.266457 0.644734 0.048804 -0.109967 0.848500
0.570974 0.848542 0.350293 0.496102 0.221123 0.733892 0.274762 0.225893 0.548277 0.033438 -0.127661 0.817954
0.604818 0.741286 0.295319 0.490030 0.276502 0.706309 0.048643 0.219842 0.660725 0.053739 -0.027406 0.808496
0.525474 0.851222 0.295138 0.567841 0.189038 0.754469 0.301667 0.204364 0.596566 0.080270 -0.028679 0.748582
0.534938 0.808065 0.242923 0.573835 0.240369 0.625842 0.248712 0.261934 0.628724 0.067502 -0.002437 0.819337
0.564546 0.829838 0.241447 0.534039 0.292618 0.763314 0.213062 0.245296 0.597130 -0.052132 -0.068066 0.830009
0.533116 0.856425 0.300891 0.521666 0.288192 0.749354 0.196919 0.193587 0.664408 -0.024489 -0.016739 0.857799
0.730955 0.806462 0.343781 0.544154 0.238174 0.737014 0.256659 0.332792 0.653575 0.063532 0.054861 0.780402
0.570611 0.779112 0.314763 0.681078 0.265008 0.755323 0.255846 0.225447 0.595895 0.063206 0.013976 0.809173
0.588886 0.910365 0.295024 0.623142 0.361799 0.649679 0.142492 0.149164 0.622987 0.031720 -0.083772 0.834464
0.585786 0.854679 0.253330 0.522788 0.261402 0.709425 0.227106 0.230311 0.676045 0.044656 -0.021188 0.857510
0.691011 0.811969 0.214502 0.550276 0.231537 0.747651 0.215313 0.266285 0.565752 -0.050931 -0.032191 0.712117
0.606021 0.771264 0.270522 0.506075 0.195042 0.585029 0.197371 0.139473 0.691399 0.086908 -0.045059 0.832092
0.525357 0.784975 0.270768 0.513849 0.355886 0.682191 0.253484 0.237914 0.723603 -0.071251 -0.019495 0.732306
0.603543 0.801609 0.256708 0.615907 0.294580 0.680686 0.178770 0.177551 0.715922 -0.037444 0.003721 0.808862
0.600495 0.826218 0.316723 0.569266 0.235126 0.713830 0.215150 0.246345 0.631726 0.105033 0.015554 0.782846
0.601655 0.875782 0.299139 0.605755 0.316126 0.742240 0.197697 0.149365 0.590959 -0.045083 0.054871 0.806716
0.610323 0.677980 0.208882 0.590685 0.252225 0.655815 0.268156 0.283779 0.626340 -0.056323 0.025561 0.840959
0.476904 0.780285 0.276693 0.564688 0.239826 0.647457 0.198378 0.223349 0.546568 0.043565 -0.008903 0.901118
0.554564 0.792728 0.257079 0.513655 0.247017 0.664558 0.159162 0.291302 0.602365 0.050875 0.011635 0.799960
0.700325 0.823689 0.338426 0.534600 0.168576 0.732364 0.162879 0.257860 0.714878 -0.081927 0.106382 0.743518
0.574927 0.840377 0.277663 0.539079 0.214074 0.715480 0.210155 0.204146 0.654627 0.104722 0.080455 0.765017
0.615779 0.759194 0.248836 0.552501 0.259998 0.726663 0.130364 0.182651 0.765664 0.075387 0.001438 0.774324
0.694495 0.825661 0.281233 0.615599 0.224844 0.710147 0.187188 0.232037 0.616817 0.014393 0.020382 0.831437
0.630473 0.836892 0.218570 0.634343 0.274515 0.712447 0.155984 0.403681 0.639817 0.038595 0.114306 0.815393
0.565123 0.825774 0.284935 0.628138 0.247753 0.764384 0.210728 0.239970 0.598614 -0.043028 -0.017768 0.835262
0.605193 0.825700 0.296959 0.524900 0.239978 0.700313 0.177222 0.188345 0.628145 0.100828 -0.062642 0.802557
0.569079 0.775672 0.270767 0.595510 0.277692 0.722769 0.208369 0.147719 0.601061 0.020211 0.038115 0.732124
0.614601 0.811267 0.299659 0.651384 0.177125 0.739131 0.215120 0.111038 0.599796 0.066383 -0.055663 0.764668
0.543882 0.750728 0.309094 0.536565 0.214414 0.733451 0.256826 0.357092 0.618187 -0.024855 0.026610 0.787165
0.631821 0.735322 0.131092 0.537764 0.215260 0.757260 0.227497 0.172259 0.643831 0.019471 -0.036011 0.811964
0.522874 0.863910 0.279150 0.512827 0.147497 0.647282 0.244695 0.211034 0.567788 0.081817 0.106499 0.772576
0.732276 0.785816 0.250535 0.671629 0.219437 0.827726 0.300524 0.220850 0.597215 0.084601 0.003663 0.816509
0.638067 0.851065 0.240130 0.514394 0.187936 0.769625 0.219762 0.269836 0.596465 0.093186 0.030185 0.799961
0.537791 0.820592 0.309980 0.619120 0.215503 0.782240 0.182541 0.227298 0.603321 -0.028246 0.048332 0.801161
0.563443 0.757166 0.217369 0.546712 0.154180 0.679006 0.219210 0.208516 0.656726 -0.064746 -0.028723 0.879971
0.564908 0.848145 0.314950 0.540794 0.166273 0.654845 0.258220 0.226993 0.566101 0.034541 0.000249 0.815024
0.624785 0.797773 0.255125 0.625421 0.226594 0.706599 0.179420 0.253181 0.634196 -0.095892 0.013308 0.786589
0.560029 0.795225 0.337385 0.535012 0.245251 0.689439 0.139992 0.298483 0.664825 0.000891 0.028470 0.838797
0.635625 0.844568 0.243670 0.477269 0.162835 0.752044 0.211271 0.201596 0.643413 -0.000139 -0.032607 0.818550
0.568707 0.827959 0.321980 0.528932 0.266813 0.766516 0.244520 0.197728 0.659281 -0.018859 -0.032975 0.757849
0.637398 0.858449 0.310699 0.573277 0.219245 0.638726 0.188875 0.299288 0.615458 0.051119 -0.022079 0.849367
0.551179 0.791142 0.386266 0.438923 0.156204 0.585192 0.214299 0.177346 0.681602 0.024087 0.038506 0.817134
0.635670 0.850665 0.217360 0.615725 0.211671 0.690153 0.174965 0.216879 0.759463 -0.026132 -0.039730 0.776861
0.644033 0.841888 0.380501 0.598685 0.244964 0.603750 0.158889 0.205242 0.714178 0.064131 -0.018321 0.807332
0.578226 0.781306 0.283976 0.572229 0.223735 0.796719 0.251465 0.182816 0.647332 0.040426 -0.022181 0.871261
0.602100 0.819825 0.118385 0.464299 0.245052 0.722565 0.268821 0.186786 0.639595 0.116939 0.037728 0.887486
0.643183 0.836913 0.269129 0.529840 0.238306 0.689081 0.178256 0.182464 0.706736 0.019209 0.063030 0.732552
0.497048 0.793981 0.339518 0.494974 0.156442 0.635057 0.234250 0.298226 0.531300 0.004719 -0.009324 0.765229
0.637217 0.846584 0.331940 0.592737 0.208857 0.740797 0.232630 0.196917 0.612747 0.105923 0.058652 0.811372
0.608518 0.932817 0.326666 0.587065 0.253469 0.615213 0.195680 0.213940 0.626285 0.090173 0.087832 0.756622
0.626819 0.730386 0.280708 0.556042 0.197994 0.737650 0.180778 0.239468 0.669757 -0.022632 -0.015669 0.754078
0.619947 0.771125 0.195464 0.536565 0.221859 0.704442 0.356435 0.146152 0.637247 -0.003977 0.075815 0.815135
0.632543 0.872865 0.204346 0.549441 0.168189 0.754732 0.216394 0.237838 0.669545 -0.032948 0.125381 0.780314
0.554612 0.814506 0.268074 0.604845 0.287755 0.649497 0.137638 0.233905 0.665306 -0.047190 -0.027469 0.751673
0.547226 0.765570 0.229870 0.509072 0.207979 0.709509 0.180886 0.192757 0.673722 -0.051509 -0.019087 0.899220
0.639065 0.784987 0.216398 0.589496 0.215267 0.690114 0.259063 0.285346 0.660185 0.043069 -0.050966 0.800362
0.657994 0.805807 0.252329 0.546330 0.219847 0.783680 0.224782 0.234562 0.565415 0.013546 0.114675 0.776974
0.603276 0.848860 0.229007 0.530741 0.140945 0.623497 0.215867 0.196341 0.634661 0.039642 0.022965 0.782369
0.576518 0.877234 0.252792 0.630788 0.188240 0.750608 0.273804 0.259401 0.619971 0.047853 0.100422 0.779846
0.504232 0.813661 0.320567 0.562517 0.218810 0.653577 0.260468 0.295568 0.640510 0.119145 -0.087152 0.784228
0.558894 0.851812 0.291813 0.643816 0.257712 0.709353 0.338514 0.306794 0.608884 0.006389 -0.011056 0.899186
0.605886 0.761687 0.272269 0.525469 0.223971 0.682449 0.163380 0.204224 0.654699 0.003268 0.018940 0.878615
0.657909 0.837432 0.255059 0.579337 0.235710 0.724343 0.193171 0.299573 0.612222 0.038722 0.071881 0.854712
0.661231 0.810672 0.304993 0.511959 0.266040 0.678202 0.114966 0.254564 0.730760 0.056494 0.018480 0.804860
0.528622 0.859717 0.282261 0.565113 0.200145 0.594822 0.185366 0.242239 0.597752 -0.083892 -0.019801 0.829362
0.556470 0.870212 0.197438 0.473042 0.224805 0.713228 0.174049 0.233896 0.619939 0.084775 0.036570 0.785246
0.618501 0.861754 0.295115 0.571856 0.237589 0.633150 0.189541 0.203543 0.598905 -0.089111 -0.082921 0.834984
0.569716 0.868000 0.269043 0.593165 0.228927 0.759011 0.170435 0.204165 0.700713 -0.016255 -0.008427 0.884543
0.602356 0.847389 0.266729 0.549641 0.232501 0.730682 0.187842 0.135649 0.631817 0.007181 0.002342 0.870547
0.593967 0.845432 0.252178 0.678270 0.191468 0.742615 0.145482 0.136120 0.730229 -0.033380 0.042684 0.837837
0.577750 0.801889 0.239738 0.581488 0.232469 0.712610 0.143871 0.195223 0.645869 0.003183 0.068236 0.901652
0.663084 0.798469 0.190116 0.473809 0.161690 0.734576 0.234311 0.210347 0.723902 -0.018189 0.020821 0.774826
0.604286 0.817041 0.320702 0.568157 0.180431 0.696406 0.279522 0.209731 0.617446 -0.028597 0.008498 0.753023
0.651659 0.855634 0.293876 0.649920 0.225333 0.667528 0.188583 0.180004 0.619158 0.007684 -0.104963 0.745182
0.637585 0.811715 0.270304 0.488756 0.239582 0.726805 0.229019 0.338033 0.658901 0.024278 0.010151 0.806783
0.591211 0.802970 0.247431 0.616639 0.210483 0.676603 0.161278 0.243117 0.603825 -0.098292 0.035329 0.905334
0.659122 0.939057 0.301939 0.555096 0.182242 0.733878 0.080569 0.238851 0.668918 -0.011080 0.030721 0.728402
0.541622 0.741194 0.246083 0.539809 0.182290 0.695666 0.202254 0.238839 0.690311 0.007237 0.039412 0.820723
0.687715 0.836190 0.255171 0.592524 0.272399 0.748740 0.218614 0.294836 0.709449 0.018285 -0.026908 0.830310
0.636084 0.810021 0.317926 0.585485 0.145465 0.727132 0.228001 0.135115 0.635855 0.053051 -0.028316 0.785058
0.687086 0.799628 0.268441 0.496158 0.200332 0.701033 0.200518 0.196328 0.624687 -0.006423 -0.008325 0.744655
0.473544 0.807329 0.327952 0.608840 0.224995 0.669995 0.248206 0.295155 0.663333 0.016202 0.005537 0.779021
0.512107 0.859918 0.240564 0.564289 0.214065 0.763391 0.150172 0.194780 0.656420 -0.077207 0.083597 0.781208
0.570124 0.797618 0.214175 0.479916 0.241852 0.699350 0.186930 0.227392 0.650006 0.000311 0.045254 0.765845
0.645197 0.840071 0.314764 0.574954 0.185461 0.768741 0.247926 0.196848 0.608687 0.025770 0.048437 0.705958
0.592429 0.902224 0.359442 0.478783 0.273154 0.730321 0.226177 0.233800 0.671604 0.011122 0.055335 0.791496
0.645577 0.880757 0.297776 0.567617 0.159431 0.678972 0.178017 0.181189 0.605821 0.103507 0.030953 0.886000
0.625929 0.831494 0.327432 0.503622 0.236477 0.698726 0.214606 0.126726 0.653118 -0.034030 0.027984 0.850499
0.671718 0.750978 0.245556 0.566507 0.247670 0.742099 0.222753 0.291191 0.716029 -0.005361 -0.036598 0.870942
0.570885 0.850322 0.254417 0.597054 0.185495 0.719015 0.136969 0.171567 0.586040 -0.057750 -0.084312 0.741679
0.652710 0.791732 0.254079 0.588924 0.218371 0.767956 0.127058 0.250592 0.721905 -0.024678 0.064319 0.779381
0.635772 0.751165 0.244986 0.591690 0.223722 0.695391 0.265763 0.252909 0.723144 0.034522 -0.041504 0.775824
0.591904 0.753375 0.359618 0.478834 0.235849 0.680240 0.200067 0.239502 0.677298 -0.020510 -0.046479 0.710469
0.519902 0.805964 0.268398 0.409132 0.293410 0.692352 0.179666 0.180003 0.611177 0.113341 -0.130046 0.769116
0.633690 0.777099 0.397370 0.577925 0.217553 0.625896 0.176613 0.294719 0.684310 0.013160 -0.128420 0.857898
0.642980 0.841357 0.414988 0.569775 0.230282 0.669124 0.221401 0.195175 0.650122 -0.029556 -0.025958 0.835932
0.678772 0.839342 0.307114 0.577765 0.172468 0.614132 0.200164 0.183232 0.615113 -0.010779 0.049918 0.896422
0.593053 0.761098 0.276638 0.520224 0.221355 0.710831 0.187836 0.180227 0.601297 0.053958 0.039575 0.818750
0.663657 0.776195 0.287547 0.550151 0.173678 0.718993 0.162894 0.265049 0.563660 0.030109 -0.052041 0.842716
0.556702 0.856314 0.341096 0.617542 0.340667 0.614525 0.229031 0.327398 0.634027 -0.045075 -0.064218 0.763322
0.576953 0.786713 0.289274 0.555464 0.300814 0.664298 0.152234 0.261908 0.608099 0.129788 0.059060 0.764419
0.661197 0.884614 0.198840 0.582181 0.122732 0.779994 0.289277 0.219056 0.542837 -0.005313 0.040845 0.809779
0.483082 0.862620 0.248392 0.562824 0.178860 0.706982 0.174410 0.250843 0.658367 0.058536 -0.053274 0.789145
0.706272 0.856023 0.235779 0.602794 0.174567 0.717557 0.154978 0.276697 0.555146 0.069165 -0.050769 0.871295
0.566281 0.856958 0.277737 0.657294 0.240364 0.753948 0.231890 0.257038 0.694209 0.000412 -0.023473 0.753689
0.729955 0.759913 0.258540 0.576606 0.207130 0.672931 0.229141 0.243274 0.522286 -0.032811 -0.008389 0.808946
0.713587 0.844241 0.281026 0.581547 0.262625 0.761644 0.210170 0.295399 0.668445 -0.017125 0.076010 0.898210
0.662552 0.823144 0.233045 0.543503 0.203253 0.762116 0.197952 0.217402 0.584741 -0.001946 0.048497 0.703827
0.605180 0.799413 0.356569 0.515998 0.259409 0.710162 0.257348 0.253259 0.626018 0.003503 -0.063519 0.860341
0.554282 0.778505 0.324648 0.544534 0.206335 0.654791 0.217459 0.262002 0.671633 0.057862 -0.129572 0.769279
0.631507 0.839815 0.304535 0.530982 0.160338 0.696950 0.261548 0.236627 0.619230 -0.032411 -0.083704 0.811138
0.594529 0.795494 0.231481 0.564158 0.263041 0.703836 0.240055 0.228789 0.617271 -0.012390 -0.038519 0.730018
0.604436 0.776704 0.348577 0.565037 0.249040 0.644439 0.137011 0.209703 0.588839 0.016207 -0.048085 0.649461
0.631430 0.850871 0.365966 0.606042 0.159539 0.699333 0.188017 0.116125 0.586707 0.068719 -0.007675 0.787635
0.637280 0.766852 0.279743 0.633006 0.175882 0.718426 0.221512 0.166709 0.619561 -0.017941 -0.058339 0.786642
0.651046 0.900782 0.207188 0.531257 0.149560 0.695087 0.390636 0.232231 0.664276 -0.056046 -0.092265 0.753822
0.612281 0.826149 0.302221 0.545656 0.139237 0.731720 0.224796 0.279457 0.694263 -0.026865 0.043378 0.753639
0.661202 0.809425 0.182805 0.530326 0.186143 0.757318 0.164336 0.310288 0.691074 0.009324 -0.039904 0.920914
0.645331 0.804434 0.362483 0.630371 0.192358 0.724222 0.177117 0.133803 0.696641 -0.039197 0.082872 0.798425
0.582712 0.849134 0.392091 0.575802 0.194598 0.720088 0.250389 0.234247 0.654698 -0.045343 0.066472 0.845222
0.724150 0.823146 0.246127 0.633314 0.255057 0.727907 0.198573 0.231610 0.593410 0.075709 -0.051146 0.804681
0.568938 0.864753 0.204009 0.528993 0.236271 0.842580 0.148929 0.311948 0.571210 0.024665 0.094316 0.781947
0.697178 0.847308 0.286230 0.603799 0.195979 0.703588 0.151384 0.228030 0.683009 -0.004628 0.080797 0.939612
0.604538 0.760899 0.213643 0.553414 0.159122 0.651521 0.192911 0.277560 0.573606 0.037719 0.053886 0.802635
0.649908 0.843793 0.258544 0.603346 0.178119 0.690516 0.198238 0.271815 0.599542 -0.079164 -0.049659 0.788358
0.478746 0.878548 0.292546 0.506967 0.161836 0.635676 0.307134 0.172892 0.649189 -0.045996 0.012497 0.750592
0.666350 0.716378 0.308464 0.594559 0.275096 0.640472 0.228945 0.349912 0.665335 -0.024832 0.033754 0.907647
0.554343 0.833758 0.291879 0.556955 0.246811 0.627151 0.107967 0.174892 0.648701 0.041056 -0.146740 0.836493
0.691419 0.764475 0.162719 0.513808 0.239039 0.708342 0.206473 0.223155 0.659703 0.071628 0.024754 0.838407
0.515612 0.727155 0.280045 0.513808 0.165015 0.733466 0.209954 0.140423 0.564662 0.008806 0.037698 0.826837
0.607256 0.848203 0.368513 0.606292 0.216875 0.656695 0.211710 0.244016 0.636929 0.053850 0.023538 0.786889
0.654489 0.906393 0.248818 0.662374 0.231035 0.724634 0.140159 0.282994 0.539533 0.072826 -0.006771 0.891792
0.560431 0.761684 0.318524 0.535074 0.125561 0.664972 0.235668 0.213407 0.747841 0.047647 -0.039227 0.763654
0.713764 0.750953 0.261137 0.570588 0.184136 0.701405 0.173838 0.208490 0.579453 0.008386 0.044540 0.727626
0.560435 0.843190 0.300508 0.598732 0.230764 0.641913 0.177148 0.311131 0.632654 0.068794 0.069917 0.789318
0.577174 0.843549 0.305977 0.583445 0.188337 0.711525 0.144491 0.201340 0.679750 0.051473 -0.036278 0.732576
0.627314 0.795809 0.276120 0.618375 0.163224 0.675136 0.237280 0.231843 0.591982 0.042821 0.101092 0.844809
0.566979 0.839589 0.244544 0.497054 0.178045 0.700530 0.144620 0.266301 0.780579 -0.049074 -0.014061 0.807362
0.659460 0.807289 0.254683 0.552313 0.206400 0.728216 0.205381 0.215888 0.544926 0.025492 -0.026244 0.812291
0.601808 0.719616 0.266935 0.696451 0.146586 0.651810 0.297447 0.250743 0.638649 0.001469 -0.018639 0.741719
0.548696 0.812965 0.189043 0.650505 0.203280 0.734322 0.275918 0.185821 0.590511 -0.015484 0.056496 0.848443
0.553808 0.848756 0.277928 0.515263 0.236240 0.703480 0.238790 0.302878 0.586180 -0.041889 0.028384 0.763371
0.624317 0.831264 0.217804 0.536600 0.143655 0.668853 0.304791 0.201472 0.601888 -0.067834 0.021485 0.755046
0.620413 0.858441 0.276868 0.569603 0.225482 0.672691 0.204168 0.110935 0.611733 0.197779 0.032175 0.892242
0.650942 0.813972 0.329200 0.574872 0.310296 0.682572 0.161475 0.209642 0.638075 -0.024132 0.029863 0.825299
0.505155 0.765789 0.290918 0.555464 0.228326 0.631092 0.246319 0.302491 0.569274 0.008116 0.040200 0.721053
0.580576 0.760284 0.189131 0.470277 0.188753 0.572091 0.142596 0.198864 0.540927 0.050235 0.031822 0.712030
0.677483 0.741276 0.337362 0.593376 0.255504 0.669495 0.124920 0.199569 0.619538 0.030776 0.026006 0.866903
0.652430 0.812478 0.370966 0.551923 0.256947 0.702140 0.203351 0.265376 0.520230 0.015516 0.065276 0.780264
0.698006 0.802274 0.266099 0.530055 0.169742 0.639780 0.241217 0.225939 0.663521 0.003761 -0.018734 0.804494
0.638848 0.811857 0.296783 0.610412 0.224632 0.674320 0.148060 0.224392 0.743085 0.022801 -0.036850 0.724309
0.604110 0.749242 0.193014 0.599717 0.271853 0.734992 0.305785 0.248170 0.628838 0.044300 0.019090 0.833085
0.718575 0.851451 0.280082 0.492980 0.295008 0.706815 0.258651 0.243590 0.596656 0.049725 0.085918 0.807910
0.627881 0.850518 0.368479 0.567460 0.239703 0.666477 0.273240 0.248876 0.624272 -0.097402 -0.034513 0.804377
0.622358 0.760032 0.341017 0.530803 0.206918 0.733343 0.145168 0.259322 0.651249 0.038343 0.031072 0.814708
0.602511 0.802115 0.298020 0.572571 0.229046 0.682000 0.257904 0.302174 0.653206 0.039212 0.073915 0.795339
0.638125 0.786389 0.358224 0.641900 0.196692 0.704810 0.172377 0.194364 0.696570 0.020156 -0.060661 0.891171
0.633278 0.847089 0.263135 0.489918 0.260703 0.733605 0.223063 0.126001 0.631371 0.006300 0.045463 0.915173
0.636845 0.837562 0.299929 0.621982 0.348977 0.723575 0.193277 0.208513 0.603307 -0.019634 0.017797 0.821095
0.572389 0.875759 0.275130 0.580818 0.152370 0.693638 0.203702 0.195599 0.588593 0.104343 -0.084765 0.788685
0.612815 0.770631 0.305368 0.491868 0.253925 0.642438 0.228827 0.287110 0.625054 0.043056 0.037469 0.820782
0.677470 0.802376 0.356300 0.638803 0.142753 0.812322 0.184006 0.313828 0.697369 0.010120 0.083436 0.799370
0.661971 0.801473 0.213668 0.545300 0.144240 0.665408 0.194806 0.290830 0.657663 0.039147 0.031683 0.769196
0.528733 0.869805 0.249762 0.607515 0.146155 0.713235 0.196006 0.264740 0.629113 0.011704 0.023284 0.729867
0.621646 0.840392 0.251107 0.596994 0.288340 0.721275 0.150199 0.183342 0.535484 -0.013776 0.081910 0.804554
0.605198 0.894899 0.282544 0.489918 0.240331 0.702312 0.158174 0.202052 0.574632 -0.058866 0.007710 0.826166
0.670931 0.812521 0.178920 0.549275 0.197360 0.787884 0.259379 0.189446 0.538034 0.026020 -0.025139 0.807626
0.552384 0.773093 0.255517 0.593927 0.252782 0.616705 0.205947 0.212582 0.577084 0.036662 -0.009959 0.821448
0.608505 0.846506 0.314862 0.554143 0.192299 0.710240 0.205831 0.293975 0.620897 -0.007400 -0.074387 0.837515
0.625547 0.706296 0.316595 0.522145 0.216876 0.732446 0.260287 0.151706 0.797848 0.027440 -0.000501 0.871356
0.743181 0.787747 0.372210 0.522094 0.353586 0.700165 0.201683 0.199099 0.557385 0.077053 -0.050918 0.804189
0.666919 0.812231 0.282965 0.607655 0.243246 0.676977 0.167998 0.179704 0.593720 -0.035587 -0.035856 0.813792
0.656667 0.771020 0.296709 0.526155 0.152007 0.696872 0.207258 0.122148 0.590385 0.062327 -0.005030 0.784552
0.621429 0.870161 0.272732 0.585149 0.256295 0.753115 0.164831 0.112829 0.632323 0.014372 0.037406 0.752557
0.745046 0.858979 0.224537 0.486613 0.251456 0.754113 0.158139 0.258440 0.668260 -0.012991 -0.041964 0.765485
0.653342 0.751681 0.254285 0.525574 0.249397 0.728368 0.215629 0.228185 0.702052 0.086614 -0.037114 0.735520
0.605922 0.849805 0.294029 0.540748 0.173464 0.788507 0.190246 0.269461 0.652549 0.003876 0.021955 0.699661
0.615839 0.935409 0.293162 0.613144 0.153932 0.666726 0.185919 0.146055 0.624194 -0.011654 0.082959 0.858911
0.685285 0.810222 0.322643 0.652333 0.280966 0.731039 0.192690 0.246759 0.571004 0.009583 -0.008449 0.833063
0.594212 0.815308 0.260686 0.496566 0.253001 0.733039 0.276821 0.209317 0.625329 0.054744 0.030449 0.867300
0.541310 0.872074 0.258077 0.671742 0.228552 0.649524 0.168973 0.188831 0.705127 0.062412 0.004116 0.735457
0.634165 0.796330 0.236644 0.558016 0.187553 0.721139 0.169803 0.282830 0.703441 0.000448 0.038256 0.819139
0.539756 0.848374 0.292147 0.454981 0.257502 0.657259 0.188131 0.105824 0.553527 0.095208 -0.034893 0.750486
0.670120 0.816733 0.315592 0.610318 0.192057 0.708440 0.263847 0.275907 0.614549 0.008159 0.059839 0.824549
0.532782 0.755989 0.319762 0.602295 0.196749 0.696137 0.142856 0.243218 0.704644 0.042555 0.013499 0.865150
0.676964 0.752386 0.312250 0.657321 0.221135 0.756351 0.283379 0.248870 0.651658 -0.015276 -0.055893 0.769931
0.441122 0.790317 0.319662 0.486954 0.191543 0.569042 0.150798 0.212030 0.602479 -0.023609 -0.030870 0.739137
0.526742 0.782482 0.272244 0.553182 0.258710 0.676249 0.159447 0.279274 0.579461 0.036281 0.060099 0.716896
0.561211 0.782077 0.246714 0.551152 0.234039 0.655062 0.203395 0.177469 0.617086 0.050770 -0.036883 0.792137
0.618486 0.718621 0.247039 0.615444 0.200167 0.706477 0.212051 0.222524 0.573513 0.044399 -0.052660 0.744607
0.691556 0.827474 0.320158 0.643838 0.181918 0.735023 0.174011 0.313153 0.675980 0.014494 -0.030663 0.792043
0.614676 0.871827 0.294272 0.574663 0.253083 0.786570 0.245889 0.242536 0.616842 0.008876 -0.060796 0.792067
0.524313 0.796226 0.224582 0.604331 0.181731 0.710283 0.149221 0.140469 0.580920 0.015587 -0.059596 0.681213
0.515673 0.903870 0.280129 0.456519 0.154766 0.718959 0.147729 0.271715 0.697573 -0.013574 -0.050686 0.825886
0.599190 0.820167 0.166141 0.606158 0.133540 0.729124 0.191524 0.226753 0.667304 0.015626 -0.051540 0.773783
0.595656 0.773550 0.234083 0.611245 0.268045 0.625420 0.221613 0.266367 0.631830 0.013905 -0.077754 0.803882
0.569783 0.867247 0.301979 0.494720 0.157094 0.725136 0.227345 0.252787 0.638674 -0.015512 0.040978 0.710717
0.576904 0.803468 0.186231 0.533913 0.241317 0.651122 0.164841 0.227112 0.625856 0.049130 0.072640 0.788771
0.691748 0.795054 0.300254 0.550209 0.250135 0.711918 0.116088 0.223099 0.527360 0.054913 -0.058216 0.784605
0.572638 0.866445 0.339498 0.496977 0.151432 0.675071 0.206628 0.139704 0.609050 -0.042767 0.026264 0.746084
0.577244 0.831328 0.361193 0.578783 0.195572 0.737331 0.319487 0.302038 0.622599 0.054089 -0.019636 0.821733
0.579800 0.798950 0.340897 0.537642 0.115465 0.653986 0.169706 0.216859 0.612324 -0.013267 -0.154657 0.721154
0.736463 0.803618 0.272346 0.511336 0.269862 0.728294 0.108153 0.219096 0.602137 -0.021091 -0.043398 0.802772
0.612195 0.849166 0.276014 0.564948 0.271906 0.690499 0.210064 0.221456 0.605775 0.008459 0.042766 0.820758
0.632393 0.912282 0.195134 0.568440 0.194136 0.712841 0.218217 0.225051 0.602196 0.068933 -0.055174 0.763272
0.612159 0.741003 0.289995 0.458914 0.201915 0.705946 0.151723 0.267776 0.668257 0.034280 0.002290 0.904831
0.651501 0.766791 0.318258 0.550031 0.201783 0.730301 0.158231 0.253619 0.666872 -0.021127 -0.042971 0.784508
0.584629 0.807491 0.234784 0.480372 0.263230 0.677128 0.119138 0.253028 0.649626 0.029413 -0.052340 0.743490
0.577762 0.843478 0.235019 0.570223 0.234142 0.676488 0.206740 0.255758 0.543596 -0.046625 -0.035273 0.757944
0.601560 0.771089 0.247752 0.570818 0.288776 0.651265 0.271212 0.232080 0.649522 0.026522 -0.004208 0.736623
0.538865 0.867907 0.337414 0.632842 0.335401 0.696296 0.166314 0.194824 0.647345 0.001552 -0.034036 0.787549
0.582978 0.912588 0.287997 0.531749 0.213848 0.758823 0.201662 0.244450 0.581654 0.039541 -0.036871 0.697349
0.589204 0.787295 0.244882 0.541503 0.175241 0.704608 0.164185 0.205640 0.620318 0.068755 0.021884 0.762824
0.579804 0.753513 0.218531 0.585153 0.150709 0.717936 0.161759 0.185526 0.632354 0.050274 -0.033662 0.731978
0.580254 0.812754 0.209787 0.655745 0.211022 0.570963 0.200549 0.304764 0.615242 -0.024641 -0.042987 0.754344
0.530416 0.837892 0.198627 0.550245 0.148944 0.718574 0.104401 0.213483 0.661267 0.046237 0.059169 0.781157
0.681029 0.810209 0.235400 0.592817 0.301868 0.710078 0.263536 0.166054 0.651425 -0.005936 -0.056226 0.730835
0.575521 0.858110 0.282356 0.599630 0.230113 0.709475 0.106124 0.273569 0.545194 0.015594 0.013535 0.772762
0.619334 0.797044 0.242865 0.478090 0.211730 0.814291 0.218899 0.220939 0.623401 0.035403 0.015989 0.762809
0.701758 0.879687 0.204576 0.553802 0.154049 0.763656 0.178863 0.310644 0.674380 0.088902 -0.049610 0.833367
0.579822 0.857051 0.326556 0.560747 0.303156 0.673250 0.219692 0.179888 0.671688 0.122115 -0.006999 0.839409
0.659886 0.789864 0.173209 0.593111 0.279069 0.614408 0.199244 0.062458 0.736376 0.062394 0.016721 0.712118
0.504537 0.818596 0.231432 0.518333 0.235382 0.806423 0.128150 0.218123 0.722281 0.032050 0.012263 0.704205
0.638182 0.771995 0.225474 0.477879 0.192587 0.708371 0.182484 0.167860 0.626679 -0.016308 0.040981 0.687005
0.679919 0.883013 0.242148 0.612049 0.240915 0.727112 0.138833 0.220708 0.615425 0.024274 0.036880 0.805467
0.553738 0.749498 0.354981 0.493912 0.233414 0.743776 0.150272 0.256529 0.591560 0.043151 -0.026870 0.782047
0.624194 0.785057 0.273921 0.604845 0.176992 0.743871 0.092467 0.222388 0.664149 0.066010 0.075156 0.869949
0.625548 0.777759 0.273164 0.522477 0.196514 0.680090 0.192850 0.201091 0.676570 0.042563 0.009261 0.767120
0.612217 0.749825 0.201526 0.555430 0.071340 0.730155 0.288371 0.230862 0.733164 0.009864 -0.063188 0.757848
0.553533 0.800090 0.200413 0.519710 0.270547 0.685108 0.178119 0.189568 0.672679 0.075980 -0.013678 0.778335
0.561377 0.825423 0.206088 0.577277 0.231599 0.690424 0.176873 0.231487 0.675605 0.061116 -0.012940 0.863192
0.595965 0.718159 0.333163 0.634851 0.229031 0.681261 0.220879 0.207593 0.657376 0.007876 -0.006962 0.751215
0.666654 0.842780 0.238395 0.602855 0.183788 0.665052 0.294286 0.216818 0.717737 0.034923 0.046525 0.792695
0.635231 0.815773 0.340080 0.540065 0.214146 0.777456 0.242383 0.219821 0.622280 0.091525 -0.049407 0.773997
0.692409 0.826220 0.237126 0.560465 0.131843 0.680374 0.189801 0.185168 0.584431 0.022692 -0.048931 0.812025
0.599221 0.799245 0.311295 0.551200 0.197601 0.666108 0.188000 0.194843 0.592593 0.004245 0.088847 0.820016
0.652233 0.770310 0.396294 0.532776 0.182749 0.687476 0.178021 0.244909 0.569220 -0.014837 0.069290 0.761290
0.605750 0.888371 0.245294 0.496756 0.144166 0.770774 0.142465 0.228082 0.512046 -0.036779 0.019194 0.874567
0.519078 0.783406 0.276005 0.554589 0.322691 0.809005 0.211006 0.339216 0.579050 -0.002706 0.023167 0.900401
0.587167 0.820030 0.220919 0.529920 0.219383 0.730541 0.218846 0.175778 0.761357 0.136669 0.044231 0.870125
0.525598 0.763056 0.205607 0.554259 0.199494 0.732100 0.205318 0.203935 0.592026 -0.062461 -0.030299 0.761373
0.631151 0.837262 0.249914 0.531099 0.181345 0.713779 0.239736 0.233592 0.585345 0.116809 -0.107667 0.754395
0.523034 0.822975 0.232632 0.527225 0.203642 0.694367 0.180330 0.216861 0.717885 0.009880 -0.024509 0.797433
0.580811 0.690700 0.245171 0.530313 0.110195 0.730633 0.148917 0.223213 0.655787 0.058425 0.009373 0.723633
0.579653 0.797101 0.335630 0.508088 0.243721 0.742503 0.107016 0.178291 0.649918 0.058627 -0.027011 0.731078
0.612551 0.807400 0.275912 0.506392 0.210302 0.672213 0.130458 0.297669 0.668019 -0.060506 -0.090819 0.820308
0.627705 0.827186 0.336269 0.533228 0.231929 0.745699 0.260020 0.228226 0.613246 0.035253 -0.062886 0.762506
0.594405 0.833126 0.313888 0.578221 0.214792 0.646798 0.285264 0.227840 0.669985 0.053900 0.069176 0.860823
0.622727 0.818543 0.369778 0.478160 0.202672 0.687406 0.226554 0.233210 0.671625 -0.000137 0.054717 0.818086
0.612918 0.865887 0.364541 0.604788 0.210420 0.718604 0.235707 0.211680 0.601101 0.047104 -0.042407 0.800525
0.580143 0.791617 0.293328 0.537780 0.134894 0.731487 0.218672 0.199013 0.629292 -0.027100 0.020103 0.912298
0.640306 0.840360 0.312001 0.585455 0.215814 0.725025 0.177948 0.204875 0.530345 0.038546 0.033778 0.762739
0.650855 0.866015 0.318918 0.541827 0.170075 0.653859 0.234755 0.193674 0.693853 -0.062402 -0.100241 0.883585
0.643899 0.775744 0.245920 0.607664 0.181761 0.715003 0.248755 0.307202 0.631886 0.016878 0.039940 0.863735
0.596191 0.860887 0.264462 0.546529 0.238601 0.732147 0.201915 0.210252 0.662339 -0.052473 -0.039773 0.871364
0.575784 0.768286 0.260075 0.537902 0.203082 0.687240 0.356025 0.258078 0.663845 0.026030 0.061332 0.822839
0.645477 0.879113 0.263133 0.503660 0.194751 0.625407 0.232630 0.268779 0.490206 -0.025356 0.004290 0.726813
0.638105 0.897370 0.253250 0.523563 0.217933 0.658804 0.184332 0.176595 0.550659 -0.015811 0.061614 0.811382
0.627458 0.707277 0.354659 0.543725 0.207714 0.699761 0.204743 0.314103 0.647106 -0.025384 0.005100 0.781103
0.552296 0.824427 0.301946 0.605241 0.258895 0.750866 0.201635 0.244987 0.637288 0.011562 -0.029603 0.825950
0.643800 0.807079 0.274185 0.650687 0.153741 0.751092 0.174507 0.323877 0.556479 0.016329 -0.021945 0.818661
0.677663 0.771496 0.316324 0.593542 0.227826 0.695807 0.293552 0.245699 0.653602 0.046089 -0.020873 0.830523
0.716858 0.904093 0.185727 0.567415 0.183841 0.735528 0.012023 0.268392 0.593400 0.017682 0.125199 0.819222
0.668337 0.828250 0.171981 0.645624 0.195238 0.742733 0.162807 0.175069 0.572187 0.073298 -0.092519 0.741792
0.587726 0.775169 0.234049 0.467829 0.283080 0.727871 0.098904 0.232657 0.584814 0.008821 0.026778 0.824564
0.642569 0.824458 0.344987 0.581341 0.297463 0.733333 0.280286 0.212720 0.585534 0.050402 0.019765 0.819607
0.674203 0.838937 0.285098 0.598453 0.179854 0.746778 0.234040 0.208990 0.773014 0.058329 -0.080597 0.786043
0.553068 0.809156 0.308425 0.527163 0.291892 0.659541 0.284113 0.279001 0.605218 -0.035126 0.025796 0.854252
0.685698 0.743298 0.278123 0.590000 0.180757 0.807791 0.203420 0.272785 0.655090 0.076658 0.042798 0.703786
0.699551 0.729020 0.246333 0.569651 0.333307 0.671121 0.142628 0.186989 0.604626 0.063758 -0.038264 0.790941
0.671118 0.838495 0.305766 0.588823 0.256266 0.699980 0.170714 0.178424 0.718980 0.026994 -0.029201 0.817969
0.541253 0.788910 0.298338 0.550367 0.129828 0.660958 0.291225 0.284704 0.653666 0.021931 -0.034484 0.741321
0.650047 0.703897 0.264051 0.606079 0.154179 0.780172 0.195422 0.189439 0.626746 -0.012571 0.048135 0.816957
0.620719 0.843255 0.248989 0.502561 0.187033 0.795344 0.330512 0.266250 0.649261 0.056821 -0.088468 0.767651
0.646848 0.891186 0.297773 0.609056 0.185870 0.675178 0.092926 0.259455 0.627614 -0.036745 0.062202 0.725427
0.652248 0.832892 0.259206 0.478462 0.215850 0.711062 0.221821 0.269202 0.696707 -0.041348 0.031542 0.742409
0.577725 0.812735 0.226186 0.520484 0.287821 0.744435 0.222198 0.229568 0.660385 -0.011611 0.005845 0.784879
0.562240 0.765696 0.284185 0.507688 0.280053 0.730523 0.206477 0.180426 0.529464 0.012993 0.022202 0.852566
0.612869 0.830634 0.283834 0.582444 0.126505 0.660021 0.273992 0.231441 0.639855 0.018587 -0.048919 0.821561
0.589546 0.843694 0.318417 0.553069 0.200624 0.799139 0.168781 0.275031 0.547265 0.039147 -0.067876 0.893076
0.600187 0.833007 0.349806 0.611713 0.145110 0.705464 0.248322 0.146334 0.602935 0.009519 0.084329 0.891327
0.558001 0.831531 0.271572 0.591494 0.179621 0.662893 0.222453 0.257637 0.583904 -0.042418 -0.009596 0.761371
0.498789 0.798297 0.310058 0.520556 0.172508 0.634152 0.186050 0.212270 0.575007 -0.013004 0.073541 0.889140
0.561030 0.836696 0.219524 0.616213 0.189101 0.720090 0.155106 0.266733 0.673358 -0.032220 0.038494 0.806318
0.587353 0.780656 0.266824 0.580302 0.127683 0.688785 0.220714 0.196892 0.569900 0.008713 0.048570 0.807572
0.582696 0.837270 0.307039 0.537116 0.126099 0.718295 0.211255 0.255828 0.616371 0.022810 -0.002562 0.893695
0.628913 0.770610 0.220601 0.658441 0.276152 0.737108 0.224191 0.237410 0.623112 0.043519 -0.055705 0.802996
0.609391 0.841309 0.165558 0.556537 0.205427 0.745537 0.218175 0.191997 0.644653 0.018000 0.037611 0.811920
0.557600 0.715985 0.328122 0.623520 0.241615 0.738546 0.249750 0.314754 0.610645 -0.032272 0.040306 0.773197
0.583909 0.861675 0.133773 0.546615 0.234770 0.775315 0.222800 0.286198 0.701319 -0.021060 0.048711 0.819351
0.652954 0.813986 0.342472 0.521509 0.256622 0.649480 0.148023 0.182886 0.608299 0.018050 -0.052844 0.717608
0.626191 0.763087 0.278617 0.497308 0.232752 0.718449 0.195317 0.276737 0.724250 0.076590 -0.064536 0.858523
0.635225 0.862250 0.249987 0.588806 0.327731 0.803241 0.176271 0.316711 0.627108 -0.020875 -0.060388 0.793664
0.631703 0.775963 0.260428 0.528429 0.240949 0.742588 0.235970 0.225194 0.588787 0.143675 0.043505 0.806661
0.657990 0.700360 0.288597 0.556886 0.229234 0.669906 0.162763 0.240546 0.573846 0.032066 -0.016642 0.742219
0.665807 0.853842 0.331886 0.542224 0.209053 0.766101 0.263984 0.185615 0.602903 0.072350 0.035836 0.785711
0.668100 0.760077 0.371847 0.509838 0.245300 0.663996 0.184003 0.168470 0.554527 0.060251 -0.006870 0.747920
0.612882 0.888505 0.273942 0.552347 0.232064 0.656309 0.261873 0.244339 0.703172 0.111964 -0.036561 0.853730
0.609007 0.879134 0.307673 0.498149 0.274101 0.746283 0.224768 0.213906 0.697315 -0.030392 -0.025927 0.736892
0.620682 0.728678 0.329165 0.576462 0.213176 0.670534 0.224336 0.274853 0.585783 0.032127 -0.010640 0.854875
0.651877 0.856216 0.353196 0.543711 0.219634 0.656481 0.174803 0.186289 0.627215 0.025874 0.053241 0.792728
0.707907 0.820396 0.230563 0.528984 0.198707 0.735578 0.109623 0.120351 0.616862 0.047884 -0.002076 0.736540
0.544301 0.934031 0.304503 0.485049 0.227386 0.743447 0.123849 0.145836 0.665433 0.081949 0.055526 0.831350
0.575474 0.808720 0.212573 0.493745 0.242214 0.677681 0.154083 0.307140 0.665259 0.091224 0.058606 0.718963
0.634759 0.792186 0.272740 0.580157 0.241701 0.696175 0.178463 0.262841 0.610253 -0.024517 0.044606 0.673819
0.497647 0.759597 0.304474 0.560762 0.188106 0.701237 0.240184 0.333949 0.791664 0.026098 0.009310 0.745282
0.616856 0.797012 0.245464 0.569952 0.236930 0.684130 0.166181 0.217625 0.650923 -0.016820 0.077571 0.771874
0.610702 0.911542 0.282502 0.537051 0.168421 0.645482 0.315591 0.272637 0.621051 -0.101383 0.041948 0.808481
0.602234 0.819553 0.197695 0.554153 0.255820 0.622055 0.154052 0.227832 0.555488 0.012002 -0.028253 0.786727
0.602829 0.789461 0.307115 0.578107 0.159740 0.706668 0.205146 0.250850 0.628531 0.075338 0.061980 0.803160
0.627761 0.797888 0.343072 0.528936 0.256882 0.709286 0.307505 0.227344 0.563110 -0.102353 -0.029684 0.801198
0.732691 0.804077 0.287674 0.467777 0.227752 0.719109 0.223082 0.292195 0.662492 0.060597 0.099515 0.811883
0.595465 0.908664 0.344498 0.638772 0.177725 0.648438 0.222542 0.291638 0.556081 0.033469 0.076801 0.784781
0.618728 0.826241 0.187389 0.563067 0.252414 0.726999 0.270444 0.259275 0.630298 -0.029654 0.014218 0.793739
0.640048 0.779634 0.334183 0.542305 0.155966 0.714647 0.213571 0.325269 0.576516 0.013359 -0.000464 0.821718
0.601663 0.768516 0.304796 0.518649 0.242290 0.616288 0.122156 0.297200 0.649588 -0.040080 0.055321 0.858744
0.622629 0.882807 0.267853 0.554545 0.221155 0.724365 0.259755 0.177634 0.513313 0.083281 0.018797 0.792803
0.627557 0.915055 0.281547 0.562868 0.199850 0.690335 0.171658 0.245749 0.618438 0.016383 0.099788 0.790459
0.138625 0.699102 0.594268 0.150355 0.780195 0.361310 0.046131 0.657057 0.799398 0.304985 0.763079 0.896901
0.141384 0.690119 0.610721 0.153192 0.879252 0.384731 -0.015244 0.648366 0.790163 0.324536 0.835413 0.909468
0.219930 0.688155 0.564184 0.236597 0.897776 0.319298 0.065472 0.603101 0.822171 0.361687 0.831140 0.861496
0.204373 0.770138 0.588048 0.183080 0.879240 0.375585 0.048868 0.666723 0.735645 0.418307 0.638976 0.875542
0.269922 0.800841 0.487499 0.144369 0.901273 0.373153 0.089806 0.633458 0.723239 0.254221 0.819476 0.912391
0.202730 0.743568 0.671996 0.291065 0.855940 0.376133 0.130299 0.752428 0.778460 0.469962 0.757026 0.855401
0.186078 0.720638 0.548899 0.222761 0.858229 0.361768 0.007029 0.777759 0.758645 0.318507 0.721001 0.893235
0.178035 0.739130 0.598200 0.320936 0.838831 0.362940 -0.016792 0.584814 0.727727 0.367310 0.700159 0.924415
0.169169 0.741371 0.483030 0.182174 0.903398 0.431022 -0.072435 0.662998 0.737177 0.382262 0.752063 0.904535
0.132684 0.743771 0.599168 0.077110 0.795995 0.413805 0.085862 0.599778 0.765374 0.436673 0.832351 0.838292
0.176919 0.707190 0.648073 0.210888 0.925530 0.240065 0.000566 0.717309 0.702069 0.356300 0.813769 0.985992
0.201028 0.645895 0.476691 0.267526 0.853006 0.298014 0.087351 0.659824 0.775978 0.303274 0.809030 0.869823
0.166091 0.772982 0.622103 0.173322 0.794883 0.399156 0.140939 0.798664 0.823486 0.389273 0.809724 0.986264
0.189454 0.750536 0.616528 0.169331 0.777009 0.453786 0.042715 0.680544 0.829770 0.315279 0.758917 0.875625
0.158619 0.736914 0.582674 0.192507 0.835991 0.392418 0.057529 0.740641 0.845737 0.347829 0.716671 0.973779
0.229880 0.851122 0.514554 0.157047 0.878991 0.366803 0.098277 0.661303 0.784568 0.323147 0.684903 0.986525
0.175591 0.757495 0.575092 0.214006 0.886468 0.327418 0.005002 0.759153 0.789974 0.315989 0.846366 0.909490
0.097811 0.788795 0.501036 0.227537 0.863811 0.354447 0.096631 0.597940 0.767982 0.308172 0.754730 0.902998
0.139309 0.685072 0.582571 0.155337 0.946529 0.353439 -0.019619 0.710320 0.800663 0.259255 0.796625 0.899060
0.149358 0.853540 0.624458 0.124788 0.868810 0.374982 0.053243 0.663484 0.799975 0.391271 0.863125 0.916360
0.214019 0.788889 0.547582 0.252169 0.888970 0.245271 0.015515 0.662850 0.719479 0.264954 0.707609 0.930535
0.087419 0.699542 0.551706 0.193968 0.890018 0.361396 0.037491 0.674019 0.775079 0.247836 0.726555 0.973853
0.156738 0.687491 0.665020 0.208210 0.826558 0.322029 0.044463 0.685553 0.817952 0.290108 0.804258 1.016188
0.126186 0.756116 0.505348 0.159394 0.927511 0.454026 0.002446 0.678642 0.762763 0.375030 0.759788 0.896916
0.241823 0.701823 0.555778 0.256135 0.871885 0.319533 -0.059704 0.578764 0.823488 0.271932 0.666207 0.903508
0.068465 0.845326 0.630736 0.218186 0.848762 0.412420 0.052915 0.693487 0.815646 0.281683 0.761254 0.902566
0.223044 0.820885 0.604193 0.176244 0.891138 0.386483 0.000727 0.676150 0.759610 0.276325 0.752102 0.864037
0.148664 0.837530 0.537241 0.158498 0.839695 0.396601 0.061102 0.651636 0.817002 0.371511 0.685243 0.892993
0.202328 0.743598 0.572055 0.113977 0.846681 0.338896 0.121658 0.566404 0.736145 0.281268 0.801532 0.885972
0.071763 0.848751 0.508712 0.179076 0.826158 0.316368 -0.011039 0.772030 0.716213 0.387455 0.698941 0.873946
0.227425 0.829396 0.532981 0.227511 0.820785 0.415151 0.113860 0.730702 0.794004 0.371589 0.860178 0.808376
0.150314 0.794531 0.602549 0.175857 0.782206 0.428101 0.044097 0.629477 0.701906 0.376684 0.779418 1.006340
0.176858 0.808719 0.636109 0.165851 0.833276 0.318246 0.041537 0.762039 0.820710 0.222935 0.650847 0.901415
0.164962 0.732195 0.627135 0.205049 0.897677 0.489911 0.029200 0.683735 0.786394 0.322978 0.765627 0.868076
0.245823 0.801364 0.575410 0.175748 0.915393 0.293559 0.078454 0.680557 0.721084 0.373777 0.782013 0.911647
0.258853 0.656241 0.629142 0.243555 0.790456 0.431839 0.061776 0.723634 0.803484 0.313311 0.793870 0.921792
0.262045 0.772914 0.643530 0.177157 0.740303 0.410705 0.045344 0.718122 0.735929 0.294582 0.836633 1.002497
0.238350 0.706163 0.530188 0.249392 0.851282 0.375792 0.056837 0.694454 0.740340 0.268069 0.856204 0.891927
0.123085 0.699855 0.568528 0.243240 0.867670 0.291744 0.048716 0.669186 0.779493 0.372770 0.720503 0.839177
0.233412 0.749262 0.515892 0.237203 0.859235 0.362762 0.039756 0.669819 0.785728 0.313548 0.703112 0.902545
0.202094 0.823209 0.603815 0.259988 0.916829 0.471804 -0.016605 0.715688 0.662161 0.256319 0.743949 0.913686
0.148096 0.784291 0.545424 0.157436 0.868574 0.422569 0.018767 0.696135 0.779255 0.324865 0.771132 0.916583
0.177505 0.732702 0.612659 0.169772 0.823013 0.351493 0.117564 0.706395 0.658674 0.371803 0.732897 0.939794
0.143518 0.893032 0.553197 0.245797 0.881787 0.234973 0.008287 0.693070 0.791539 0.377138 0.820250 0.855173
0.108505 0.792336 0.581507 0.203718 0.830680 0.338864 0.011298 0.661801 0.726494 0.384953 0.689949 0.933247
0.242771 0.756985 0.603530 0.109994 0.936107 0.319651 0.017861 0.638109 0.784465 0.387121 0.882728 0.855089
0.157731 0.712571 0.559132 0.219932 0.888774 0.403148 0.063590 0.646202 0.781703 0.319132 0.764502 0.915487
0.250899 0.735333 0.552434 0.120134 0.870300 0.336759 0.061232 0.645676 0.752695 0.314501 0.800684 0.929889
0.212491 0.689421 0.533445 0.215192 0.960734 0.325753 0.053164 0.729032 0.825649 0.371412 0.753691 0.909166
0.168147 0.754646 0.645027 0.264988 0.800916 0.377053 0.048738 0.619475 0.808761 0.331981 0.804210 0.868114
0.144461 0.769526 0.584158 0.233192 0.822841 0.431404 0.049724 0.646246 0.736848 0.339024 0.779022 0.914044
0.144862 0.702173 0.532442 0.261237 0.920112 0.385800 0.093614 0.648051 0.813393 0.286571 0.814507 0.873182
0.243042 0.793209 0.595242 0.267168 0.889524 0.283134 -0.008522 0.677410 0.724308 0.346698 0.814758 0.730011
0.222458 0.774760 0.633611 0.227000 0.862035 0.374617 0.035634 0.682433 0.813823 0.341761 0.860675 0.852021
0.181717 0.703914 0.601406 0.191285 0.876074 0.442840 0.108169 0.588314 0.801323 0.312060 0.729260 0.795722
0.245374 0.748017 0.609331 0.239844 0.849931 0.405308 0.021045 0.561447 0.765834 0.368252 0.842755 0.896965
0.113043 0.713635 0.575638 0.145825 0.832479 0.345259 0.074926 0.641643 0.861961 0.292892 0.833777 0.828335
0.214735 0.695758 0.563503 0.220352 0.767109 0.381762 0.072862 0.749421 0.873089 0.286379 0.759726 0.953408
0.201473 0.723648 0.553291 0.190583 0.859741 0.470816 0.087213 0.682780 0.691920 0.267295 0.755564 0.827089
0.263352 0.707521 0.565048 0.230852 0.868064 0.372909 0.037733 0.624991 0.714327 0.259891 0.749254 0.941182
0.223573 0.649081 0.519683 0.192225 0.832091 0.304656 0.053418 0.583876 0.825037 0.376818 0.714408 0.825599
0.106086 0.734620 0.624038 0.284107 0.812651 0.433480 0.011019 0.604110 0.800346 0.334485 0.792636 0.900904
0.146232 0.670909 0.608755 0.222004 0.954041 0.377795 0.092650 0.599910 0.756397 0.358241 0.742547 1.015054
0.141795 0.772100 0.588455 0.135486 0.945162 0.364289 0.023447 0.614176 0.770593 0.340627 0.802696 1.023660
0.205863 0.792164 0.574773 0.227018 0.821140 0.402239 0.043523 0.589828 0.735272 0.306297 0.801901 0.850128
0.162326 0.757458 0.565432 0.257253 0.826457 0.297569 0.099350 0.569732 0.761065 0.364456 0.827608 0.994492
0.057508 0.861599 0.598010 0.155269 0.827393 0.351806 0.081258 0.606008 0.850317 0.348302 0.747028 0.880564
0.180165 0.767102 0.621974 0.208017 0.829573 0.327655 0.007529 0.708926 0.818492 0.410291 0.856114 0.761046
0.219156 0.792159 0.584715 0.133014 0.789634 0.301077 0.084541 0.677717 0.744700 0.253378 0.782710 0.928733
0.165577 0.781194 0.592372 0.193044 0.813504 0.373419 0.058323 0.650245 0.707191 0.351867 0.735295 0.831128
0.270307 0.786760 0.546869 0.290250 0.841961 0.371450 -0.029550 0.622687 0.820050 0.340096 0.708808 0.827420
0.123778 0.727798 0.579372 0.187284 0.831675 0.373833 0.105114 0.742562 0.727283 0.331871 0.716798 0.898759
0.211393 0.750038 0.571272 0.239820 0.759196 0.353329 0.167968 0.570012 0.833557 0.298415 0.683222 0.879669
0.090443 0.691350 0.544026 0.121283 0.798197 0.320700 -0.014632 0.615221 0.762451 0.322731 0.832068 0.982719
0.142653 0.745543 0.555670 0.189958 0.830022 0.374990 0.076283 0.703263 0.777240 0.422587 0.801611 0.896783
0.179337 0.834802 0.603618 0.147728 0.865608 0.326676 -0.037871 0.601870 0.727706 0.316014 0.752961 0.811369
0.161473 0.769711 0.704897 0.143060 0.840777 0.411732 0.128559 0.686232 0.736704 0.338074 0.751166 0.979723
0.178138 0.687110 0.502341 0.160146 0.898343 0.450882 0.039828 0.741178 0.819035 0.364228 0.787323 0.834660
0.190819 0.690493 0.660464 0.221657 0.894715 0.390327 0.063584 0.700976 0.764024 0.343063 0.767837 0.851594
0.121760 0.707414 0.580009 0.258543 0.830502 0.366123 0.031315 0.631067 0.832075 0.454556 0.865638 1.059947
0.231779 0.792238 0.529481 0.177725 0.974588 0.350964 0.098108 0.718982 0.810059 0.305743 0.794811 0.943075
0.244377 0.851550 0.537168 0.149460 0.920917 0.379543 0.109265 0.683266 0.787240 0.363236 0.712103 0.864009
0.161176 0.692386 0.587250 0.175613 0.872064 0.309093 0.057693 0.615610 0.796672 0.278515 0.762893 0.883047
0.152834 0.700625 0.580489 0.155601 0.868611 0.409139 0.103580 0.704670 0.721967 0.301281 0.751143 0.827254
0.238626 0.762216 0.608013 0.248982 0.846351 0.416653 0.058548 0.716913 0.751169 0.295580 0.747346 0.841296
0.100240 0.770439 0.575920 0.284851 0.952435 0.404949 0.074938 0.660561 0.731495 0.336366 0.792608 0.869835
0.185815 0.697950 0.554617 0.222674 0.889010 0.425332 0.081557 0.700379 0.703931 0.371790 0.821366 0.862779
0.152017 0.801460 0.548522 0.166998 0.866206 0.316943 -0.007146 0.649196 0.686187 0.354373 0.780745 0.918462
0.206824 0.767985 0.638947 0.233801 0.776354 0.357628 0.084926 0.683027 0.839441 0.286661 0.627462 0.918955
0.107031 0.775356 0.579837 0.180298 0.822148 0.424704 0.100390 0.546204 0.862483 0.305510 0.730525 0.913807
0.147929 0.797619 0.588014 0.295696 0.863485 0.358686 -0.000026 0.734449 0.705872 0.283106 0.760505 0.894813
0.229010 0.696132 0.571879 0.150617 0.892716 0.350310 0.020595 0.678280 0.712798 0.378679 0.830656 0.897958
0.239718 0.767696 0.620489 0.168207 0.879050 0.385443 0.084552 0.660164 0.836209 0.361845 0.776073 0.941311
0.148955 0.854246 0.646676 0.194990 0.939619 0.402726 0.158023 0.765719 0.781380 0.387683 0.700331 0.878360
0.183794 0.697708 0.660297 0.178690 0.912261 0.304262 0.052821 0.711946 0.730687 0.319252 0.831983 1.009379
0.169663 0.726971 0.615325 0.103257 0.941108 0.325622 -0.006438 0.653638 0.772183 0.294613 0.635614 0.982394
0.165833 0.743510 0.519671 0.181548 0.990882 0.428110 -0.018586 0.618754 0.737784 0.351985 0.829831 0.946509
0.185503 0.678960 0.602753 0.263955 0.839611 0.438142 0.020746 0.654635 0.677800 0.260680 0.746719 0.913333
0.183087 0.701488 0.621586 0.134050 0.859528 0.321216 0.119657 0.694033 0.668380 0.349106 0.795476 0.929631
0.208606 0.709064 0.623071 0.204156 0.780454 0.380631 0.010545 0.696661 0.762620 0.298413 0.784492 0.845610
0.164113 0.727222 0.521951 0.229385 0.786932 0.467632 0.083369 0.639427 0.773515 0.363730 0.880917 0.964406
0.195975 0.714355 0.589231 0.239342 0.850984 0.330191 0.086677 0.624557 0.772278 0.234401 0.865819 0.866714
0.215926 0.757765 0.553637 0.192971 0.896922 0.355260 0.103601 0.704457 0.708908 0.431136 0.813750 0.835601
0.159808 0.723981 0.574414 0.165482 0.815013 0.297234 0.084605 0.680396 0.760254 0.352550 0.776649 0.899887
0.225396 0.721587 0.673034 0.156228 0.918179 0.347384 0.072480 0.720480 0.734061 0.351802 0.803959 0.937473
0.155792 0.691514 0.583074 0.241404 0.831795 0.382081 0.053137 0.776154 0.729416 0.308566 0.877767 0.878134
0.160466 0.716193 0.619199 0.264540 0.915938 0.403238 0.075807 0.628177 0.625025 0.250197 0.762439 0.833279
0.206376 0.723848 0.586366 0.275106 0.786771 0.306318 -0.038018 0.696235 0.675545 0.322494 0.749939 0.847864
0.317299 0.851772 0.639052 0.206825 0.860592 0.344111 0.053628 0.581178 0.813530 0.319382 0.789717 0.854742
0.182563 0.759981 0.575936 0.231686 0.794183 0.447321 0.137974 0.709979 0.755733 0.404380 0.711485 0.850509
0.214882 0.805665 0.534097 0.300849 0.969549 0.334286 0.085468 0.656875 0.751170 0.316046 0.738679 0.865493
0.194988 0.737153 0.611104 0.133839 0.942746 0.347672 0.072075 0.609005 0.815040 0.292256 0.800413 0.829755
0.143285 0.772216 0.583844 0.260183 0.889962 0.371820 0.058310 0.666544 0.754561 0.310281 0.774965 0.936323
0.182379 0.803386 0.607376 0.144446 0.888863 0.433438 0.012059 0.707688 0.751744 0.218607 0.805512 0.936941
0.127235 0.715157 0.564775 0.222578 0.929527 0.374422 0.095571 0.700341 0.682685 0.377154 0.811200 0.869209
0.190954 0.782928 0.597311 0.259362 0.878199 0.392940 0.048627 0.691880 0.741889 0.363835 0.843727 0.824242
0.240763 0.701973 0.553376 0.343193 0.867727 0.346056 0.010315 0.729691 0.782911 0.334775 0.752345 0.951151
0.228584 0.791652 0.619768 0.261771 0.843606 0.330645 0.093411 0.619656 0.715649 0.346150 0.682213 0.926259
0.169093 0.830650 0.538527 0.169893 0.822791 0.356313 0.088390 0.617029 0.809875 0.314428 0.764240 0.958884
0.128834 0.676083 0.518339 0.196628 0.935316 0.326592 0.069763 0.747893 0.814419 0.368676 0.794262 0.930369
0.106190 0.822806 0.569709 0.220131 0.795091 0.405834 0.062971 0.646036 0.817980 0.395400 0.766351 0.889213
0.184643 0.689359 0.515940 0.249723 0.884244 0.323657 0.073633 0.691032 0.809186 0.421117 0.672095 1.012237
0.091576 0.818056 0.654853 0.239434 0.940552 0.239218 0.140322 0.683301 0.751265 0.279193 0.778894 0.829373
0.155768 0.718066 0.585927 0.104460 0.856440 0.358788 0.072098 0.651679 0.806990 0.345472 0.789280 0.899339
0.192286 0.735712 0.577495 0.109007 0.886557 0.411299 0.039250 0.643393 0.716577 0.268661 0.761508 0.877186
0.153607 0.721475 0.735759 0.221237 0.819446 0.397056 0.062347 0.639229 0.675007 0.282535 0.763016 0.839703
0.214530 0.793139 0.534093 0.268042 0.845769 0.435948 0.074139 0.716174 0.732154 0.379828 0.721091 0.855752
0.123156 0.756318 0.546396 0.257912 0.756560 0.368222 0.080514 0.608646 0.702726 0.322320 0.820140 0.921974
0.219080 0.777955 0.617429 0.247694 0.950263 0.361179 0.046595 0.649232 0.762239 0.322896 0.825105 0.903049
0.137800 0.724664 0.626297 0.171806 0.848699 0.353476 0.073839 0.648607 0.849585 0.434574 0.822372 0.793790
0.239636 0.763539 0.555803 0.190001 0.815067 0.388614 0.071505 0.660316 0.700443 0.338532 0.784041 0.929801
0.218490 0.719710 0.613177 0.192914 0.846707 0.322630 0.094499 0.648267 0.756856 0.361271 0.713836 0.915655
0.124750 0.708439 0.559142 0.203535 0.910203 0.408849 0.057182 0.653439 0.725355 0.333389 0.705438 0.924615
0.250292 0.757343 0.595027 0.139203 0.781547 0.398685 0.056691 0.685694 0.756667 0.257416 0.721480 0.849155
0.050611 0.778168 0.534994 0.250814 0.900983 0.408505 0.084769 0.642709 0.775139 0.351925 0.774220 0.839642
0.188312 0.673693 0.503864 0.194573 0.795601 0.326855 0.075670 0.614077 0.777362 0.408779 0.797649 0.834403
0.209297 0.769913 0.550802 0.162763 0.852011 0.389475 0.061967 0.687555 0.769576 0.276246 0.738444 0.905256
0.165756 0.707972 0.699943 0.188201 0.954488 0.377477 0.091022 0.571851 0.714528 0.312841 0.775370 0.843298
0.200664 0.742209 0.525617 0.143234 0.871671 0.362448 0.082116 0.668607 0.749491 0.337430 0.804389 0.876847
0.222407 0.799160 0.573080 0.228866 0.861594 0.405122 -0.055000 0.740975 0.688013 0.260416 0.774567 0.833944
0.126530 0.762517 0.515259 0.120177 0.832194 0.470864 0.076511 0.632711 0.896900 0.286362 0.745487 0.889623
0.189127 0.701208 0.616035 0.184214 0.851922 0.383211 0.133711 0.687954 0.690246 0.307332 0.766932 0.953372
0.200166 0.709705 0.515468 0.214590 0.838909 0.425120 0.081641 0.592130 0.683835 0.222391 0.706307 0.821095
0.156456 0.797885 0.624452 0.243784 0.846675 0.352717 0.028727 0.655490 0.726431 0.441102 0.795022 0.916131
0.199648 0.753078 0.628668 0.172084 0.903894 0.380669 0.119479 0.687356 0.807267 0.348469 0.729275 0.938945
0.122434 0.715412 0.514356 0.179808 0.875094 0.338881 0.082230 0.699081 0.812680 0.365895 0.674593 1.006264
0.091430 0.702497 0.673757 0.148417 0.827437 0.358636 0.028759 0.595068 0.819368 0.302620 0.807230 0.918353
0.162945 0.749561 0.604103 0.203610 0.892884 0.490562 0.042340 0.751116 0.812558 0.367426 0.813761 0.952074
0.179846 0.775961 0.543998 0.203993 0.869819 0.412847 -0.034542 0.695063 0.749535 0.388500 0.725548 0.920970
0.209798 0.757445 0.552905 0.182133 0.889998 0.373839 0.029504 0.658698 0.847344 0.340502 0.801657 0.878486
0.186956 0.671999 0.560937 0.250823 0.868725 0.423830 0.153669 0.702259 0.644480 0.479849 0.721295 0.934144
0.145089 0.798173 0.626367 0.121457 0.831653 0.253255 0.090552 0.579908 0.753379 0.310812 0.783463 0.823636
0.228988 0.816406 0.590453 0.233388 0.906011 0.330247 0.000116 0.646041 0.664690 0.306026 0.802959 0.948651
0.221330 0.710697 0.535827 0.244790 0.836658 0.391622 0.119615 0.703389 0.695350 0.356070 0.772906 0.958676
0.130824 0.752870 0.499477 0.187168 0.871849 0.377732 0.027410 0.697551 0.746945 0.403997 0.764267 0.847942
0.242200 0.675612 0.684276 0.152487 0.870684 0.380228 -0.009472 0.681225 0.780266 0.310728 0.722855 0.822933
0.206847 0.853451 0.606446 0.297105 0.920329 0.410482 -0.022946 0.663607 0.735809 0.308524 0.683781 0.909076
0.223455 0.691801 0.496000 0.147325 0.893562 0.323994 -0.037976 0.657715 0.741008 0.332848 0.842246 0.880347
0.221074 0.753586 0.713961 0.203594 0.873005 0.461353 0.068126 0.780358 0.705932 0.229288 0.730987 0.844244
0.241357 0.744824 0.607911 0.204942 0.909232 0.328211 0.077600 0.705889 0.714527 0.343680 0.745950 0.850582
0.185172 0.728382 0.633161 0.252249 0.902581 0.413058 0.068901 0.652493 0.764514 0.291007 0.737904 0.817714
0.124772 0.784611 0.634218 0.249626 0.918343 0.299001 0.150791 0.650334 0.678396 0.313370 0.840681 0.893696
0.153474 0.725453 0.642190 0.212610 0.853530 0.344585 0.030540 0.775016 0.794311 0.421180 0.847456 0.840469
0.153580 0.784387 0.561113 0.139446 0.908798 0.438603 0.027217 0.621668 0.731232 0.371374 0.739944 0.855165
0.138632 0.645689 0.595442 0.192264 0.859563 0.406089 0.061986 0.685972 0.701070 0.445703 0.748624 0.807156
0.257389 0.754457 0.645745 0.196998 0.896848 0.434257 0.037795 0.687419 0.789004 0.381952 0.782306 0.796703
0.185415 0.754742 0.487544 0.275712 0.807507 0.299824 0.015281 0.725549 0.828934 0.330765 0.784440 0.854550
0.146582 0.685139 0.562174 0.227340 0.846343 0.376245 0.035224 0.661356 0.831033 0.257382 0.781198 0.921318
0.218312 0.743934 0.534515 0.127377 0.841394 0.444692 0.085628 0.681428 0.687456 0.319866 0.789360 0.834144
0.154585 0.713551 0.564055 0.190705 0.898516 0.401616 -0.038395 0.693200 0.771841 0.289369 0.805591 0.954203
0.231885 0.730267 0.611331 0.204291 0.821288 0.435730 0.060608 0.644832 0.800328 0.366522 0.789561 0.899641
0.154342 0.753168 0.564379 0.138894 0.899967 0.337314 0.046783 0.700390 0.732954 0.440301 0.801846 0.873010
0.172028 0.675072 0.631734 0.134193 0.876810 0.248716 0.038218 0.728472 0.750868 0.435431 0.755799 0.916516
0.235115 0.685511 0.623996 0.300264 0.926426 0.457953 0.095040 0.645942 0.792108 0.369851 0.687163 0.919596
0.191576 0.681374 0.493790 0.168331 0.864967 0.306220 0.021026 0.689285 0.848387 0.171406 0.694252 0.955077
0.157711 0.692938 0.641824 0.216360 0.797968 0.373584 0.037343 0.751641 0.659450 0.302525 0.774014 0.956980
0.185855 0.751080 0.510098 0.179036 0.846472 0.335526 0.053044 0.684560 0.787870 0.195923 0.787088 0.836109
0.177343 0.786713 0.573305 0.164866 0.910270 0.314905 0.004221 0.704327 0.690034 0.389827 0.791152 1.018510
0.260388 0.752430 0.613753 0.259680 0.895920 0.395592 0.021609 0.604431 0.723461 0.320475 0.791506 0.930237
0.221643 0.752200 0.554201 0.167163 0.933549 0.372421 0.058327 0.676813 0.767908 0.323558 0.774278 0.831669
0.145402 0.789391 0.635326 0.190723 0.950847 0.318364 0.096506 0.616049 0.730003 0.272181 0.793822 0.873559
0.220235 0.803665 0.599259 0.100037 0.924761 0.307879 0.024224 0.665558 0.763537 0.331355 0.805492 0.929918
0.197874 0.743071 0.574288 0.129274 0.881508 0.340337 0.038503 0.692690 0.804400 0.320571 0.702457 0.914181
0.130050 0.732160 0.610713 0.251854 0.835228 0.393572 0.022732 0.645703 0.861294 0.273547 0.765687 0.971380
0.139292 0.811345 0.590458 0.123353 0.866297 0.341548 0.107275 0.587549 0.745962 0.366627 0.789596 0.897038
0.283882 0.765507 0.625119 0.239518 0.896165 0.406859 -0.014146 0.670567 0.683786 0.345061 0.806761 0.937046
0.250211 0.700438 0.563226 0.201264 0.838774 0.370649 0.097336 0.650267 0.827237 0.346980 0.723290 0.913941
0.251061 0.635484 0.536639 0.294155 0.914164 0.402897 0.019807 0.681652 0.775493 0.260862 0.740135 0.854082
0.125153 0.716477 0.598682 0.269669 0.889842 0.309422 0.076541 0.664797 0.771453 0.421372 0.770083 0.893813
0.263590 0.752359 0.628046 0.240724 0.782813 0.366994 0.106741 0.729196 0.699903 0.312740 0.794310 0.964716
0.132738 0.767528 0.552293 0.206878 0.842609 0.450907 0.085347 0.681032 0.768123 0.295906 0.664440 0.861173
0.143542 0.782070 0.537508 0.209222 0.844547 0.442221 0.092898 0.585728 0.773721 0.226828 0.674245 0.957087
0.238132 0.776048 0.630650 0.180348 0.904903 0.386785 -0.003515 0.631320 0.805586 0.424230 0.766833 0.955499
0.156078 0.669261 0.628672 0.272990 0.805892 0.457132 0.015958 0.754659 0.775854 0.311204 0.837998 0.922354
0.190133 0.812512 0.555070 0.156138 0.927645 0.470124 0.072942 0.743160 0.764779 0.323528 0.806137 0.883522
0.213866 0.726005 0.647382 0.259344 0.814353 0.360683 -0.007433 0.722304 0.828080 0.339481 0.647464 0.884076
0.218388 0.854259 0.545503 0.298293 0.778698 0.369036 0.102226 0.659689 0.896436 0.417341 0.813179 0.892351
0.142102 0.782777 0.716381 0.200897 0.876741 0.446517 0.047763 0.670213 0.707912 0.311746 0.794438 0.873719
0.065454 0.798991 0.622395 0.158262 0.899062 0.426443 0.083730 0.623932 0.772424 0.435596 0.856650 0.961040
0.211271 0.691654 0.541948 0.302601 0.872914 0.355635 0.066002 0.717508 0.772884 0.325259 0.726067 0.847397
0.150397 0.804088 0.629886 0.164298 0.868298 0.377203 0.065712 0.661681 0.840362 0.372710 0.777126 0.834255
0.177675 0.821590 0.637776 0.202043 0.849031 0.371766 0.086801 0.594853 0.763564 0.273981 0.778140 0.957664
0.292753 0.738370 0.571042 0.159574 0.877089 0.386501 0.047460 0.674943 0.627846 0.340075 0.799612 0.815402
0.177935 0.774635 0.571875 0.194716 0.973204 0.389852 0.106057 0.652392 0.751901 0.343575 0.784498 0.863412
0.172839 0.657337 0.642682 0.125165 0.823753 0.349683 0.016182 0.628656 0.778249 0.310625 0.768185 0.933408
0.163084 0.633289 0.527551 0.179613 0.914510 0.384093 0.046303 0.658783 0.772044 0.429672 0.817640 0.915009
0.147562 0.810406 0.623191 0.229429 0.854109 0.434384 0.053629 0.673044 0.739948 0.279606 0.778644 0.864801
0.174565 0.755669 0.560805 0.197557 0.831677 0.316193 0.049563 0.585628 0.790918 0.331319 0.810276 0.950039
0.199346 0.727244 0.617012 0.232999 0.926625 0.463786 0.056334 0.716999 0.872027 0.329983 0.744809 0.868951
0.147971 0.829722 0.506729 0.228918 0.846445 0.364664 0.069510 0.694133 0.765619 0.395776 0.872687 0.911127
0.223498 0.632458 0.489400 0.142844 0.866439 0.426775 0.017864 0.706122 0.806262 0.313543 0.743430 0.808611
0.134149 0.670033 0.695120 0.101541 0.910548 0.248313 0.172895 0.660138 0.738936 0.325400 0.772504 0.931298
0.160969 0.777494 0.626429 0.158519 0.899107 0.315301 0.037671 0.724568 0.860086 0.342855 0.855204 0.863307
0.079563 0.699982 0.542210 0.206450 0.866158 0.283603 0.050661 0.777811 0.739368 0.347181 0.736591 0.925482
0.221304 0.726046 0.612271 0.299405 0.907016 0.414386 0.101627 0.680848 0.818240 0.367139 0.774057 1.004912
0.150097 0.745140 0.645110 0.167450 0.882452 0.422929 0.078893 0.801481 0.725437 0.327900 0.730098 0.986049
0.135788 0.807455 0.631044 0.201932 0.820451 0.237114 0.128382 0.647336 0.873005 0.350238 0.780258 0.867294
0.226713 0.675979 0.610345 0.202540 0.905919 0.397523 0.044992 0.659073 0.757852 0.332379 0.783288 0.934166
0.192824 0.786950 0.629912 0.254222 0.967612 0.376596 0.173823 0.617109 0.768596 0.394747 0.818434 0.888622
0.282294 0.754402 0.567109 0.190576 0.825293 0.425256 0.109905 0.596404 0.796342 0.270594 0.795669 0.895546
0.127376 0.667820 0.480402 0.258370 0.840960 0.474376 -0.031713 0.701222 0.749777 0.308093 0.784491 0.911060
0.204525 0.717563 0.510024 0.264329 0.860264 0.309261 0.082134 0.637207 0.655299 0.329575 0.868947 0.988404
0.127483 0.688241 0.595291 0.148471 0.869903 0.405068 0.034438 0.630095 0.737895 0.335797 0.815728 0.872742
0.156772 0.788971 0.583058 0.237668 0.786838 0.361955 0.050043 0.620334 0.855046 0.426593 0.783667 0.937552
0.052228 0.806357 0.541062 0.120982 0.917003 0.315374 0.102987 0.625329 0.640604 0.400603 0.840233 0.909464
0.073114 0.754135 0.532075 0.257381 0.842047 0.361766 -0.010440 0.618541 0.783134 0.357085 0.795908 0.836293
0.096492 0.739842 0.517895 0.190951 0.841813 0.290478 0.019917 0.540867 0.770635 0.293229 0.727742 0.891572
0.215213 0.787119 0.635684 0.146335 0.915247 0.391371 -0.039043 0.609838 0.795479 0.239289 0.803249 0.836083
0.139847 0.648262 0.562197 0.191321 0.938439 0.409159 0.067749 0.712376 0.752674 0.278998 0.767970 0.947411
0.212240 0.721271 0.610515 0.163486 0.813956 0.298690 0.059080 0.689904 0.792600 0.380325 0.754914 0.909275
0.246852 0.650589 0.649389 0.241432 0.929011 0.399196 0.061055 0.655435 0.749700 0.271661 0.640287 0.879940
0.168042 0.779637 0.620224 0.251151 0.857710 0.417790 0.002924 0.607383 0.767281 0.376354 0.716561 0.916504
0.177439 0.858762 0.603998 0.165788 0.839455 0.316034 0.049071 0.660954 0.845975 0.446437 0.832508 0.914258
0.220290 0.678419 0.567837 0.228970 0.910928 0.426957 0.075425 0.719614 0.763198 0.254656 0.828372 0.829170
0.119256 0.741577 0.574391 0.230050 0.741669 0.450845 0.084862 0.577073 0.710812 0.317613 0.759878 0.884489
0.121840 0.687898 0.635052 0.170310 0.791415 0.420716 0.044876 0.698806 0.753351 0.374513 0.800459 0.867413
0.120181 0.668955 0.612298 0.236358 0.924112 0.342335 0.005519 0.671000 0.734456 0.412063 0.806885 0.852299
0.132906 0.756333 0.549948 0.124299 0.897431 0.470148 0.076643 0.707097 0.770965 0.406837 0.737494 0.959850
0.196676 0.708250 0.507302 0.165231 0.980043 0.378568 -0.037691 0.665879 0.694091 0.336597 0.746906 0.813054
0.192059 0.738094 0.549465 0.157044 0.829864 0.391521 0.120389 0.752765 0.752326 0.328520 0.899483 0.930733
0.190677 0.670116 0.672954 0.260672 0.861767 0.387889 0.034038 0.726340 0.708198 0.290705 0.827310 0.919906
0.196370 0.748077 0.639271 0.220407 0.900047 0.319161 0.159772 0.636433 0.787895 0.314439 0.721295 0.934653
0.217133 0.729553 0.547148 0.167129 0.754038 0.317268 0.011706 0.697530 0.789645 0.321819 0.703222 0.865874
0.215111 0.787767 0.618839 0.284796 0.862575 0.388499 0.127287 0.684489 0.772573 0.265940 0.757713 0.916070
0.164109 0.710128 0.544081 0.191938 0.931660 0.291661 0.136162 0.640969 0.773272 0.344186 0.813004 0.815550
0.319551 0.734062 0.611575 0.086861 0.899301 0.321193 -0.008426 0.705529 0.755542 0.337448 0.698320 0.932589
0.037753 0.700114 0.622073 0.201046 0.962389 0.277746 0.052572 0.611191 0.807352 0.334773 0.832088 0.849761
0.104424 0.743105 0.622876 0.187370 0.915340 0.437683 0.017658 0.610969 0.827783 0.384612 0.720146 0.892652
0.155659 0.714220 0.594316 0.131581 0.871259 0.369796 0.110023 0.617461 0.779622 0.379218 0.780136 0.990266
0.148404 0.751119 0.637359 0.275998 0.749720 0.419265 0.075129 0.672713 0.859006 0.373924 0.784230 0.822129
0.155458 0.723317 0.644654 0.244561 0.894421 0.375814 0.013672 0.655318 0.789147 0.319131 0.883345 0.872516
0.175031 0.780232 0.628587 0.150577 0.905612 0.406234 0.021300 0.724490 0.822736 0.303733 0.753105 0.883469
0.192721 0.744876 0.534900 0.187503 0.914693 0.416029 0.081944 0.648727 0.749900 0.293427 0.764537 0.900715
0.132705 0.749015 0.592660 0.218831 0.922679 0.393653 0.004373 0.712934 0.734581 0.365255 0.671499 0.984797
0.226167 0.808586 0.585711 0.155958 0.948398 0.404477 -0.041681 0.709449 0.800352 0.317983 0.743507 0.920102
0.249229 0.764519 0.478510 0.233510 0.827592 0.396246 0.064085 0.651905 0.803525 0.352612 0.723283 0.850550
0.143460 0.660463 0.636601 0.301694 0.902353 0.354679 0.076989 0.612457 0.748630 0.307019 0.802803 0.910936
0.217033 0.657858 0.641872 0.249583 0.905445 0.414218 0.015297 0.736182 0.822620 0.306129 0.771128 0.948688
0.242751 0.808907 0.546525 0.185038 0.859610 0.362631 0.183790 0.668813 0.703375 0.355870 0.737567 0.909671
0.240277 0.802802 0.593979 0.175756 0.870487 0.242093 0.089736 0.723794 0.797807 0.270846 0.716479 0.824266
0.135849 0.794255 0.531810 0.172969 0.855142 0.376098 0.081641 0.590009 0.639159 0.302451 0.681230 0.888588
0.241555 0.777415 0.540761 0.173727 0.870494 0.439268 0.048604 0.716992 0.752373 0.385919 0.772387 0.907753
0.240787 0.671917 0.516136 0.274436 0.796003 0.345954 0.005551 0.701721 0.822412 0.333555 0.812990 0.786823
0.248367 0.759864 0.548517 0.254191 1.005286 0.381543 0.095404 0.624007 0.775565 0.292355 0.724262 0.862622
0.250744 0.762041 0.604245 0.177220 0.842454 0.391701 -0.025576 0.676505 0.854399 0.270702 0.771411 0.839927
0.203153 0.778996 0.681330 0.131534 0.895128 0.402352 0.029454 0.661326 0.827409 0.347472 0.788842 0.968213
0.170959 0.757224 0.540492 0.145349 0.947859 0.393211 0.136652 0.627638 0.725379 0.316597 0.731850 0.957605
0.217238 0.718884 0.496673 0.140120 0.863971 0.406956 0.054225 0.788765 0.804539 0.319739 0.766277 0.966189
0.228009 0.823117 0.584764 0.148859 0.838017 0.379070 0.090014 0.590216 0.796666 0.252923 0.745495 0.970117
0.231999 0.698852 0.622135 0.132531 0.831204 0.380688 -0.003625 0.652752 0.664156 0.327275 0.711411 1.015194
0.157561 0.737643 0.586224 0.202952 0.916759 0.446405 0.129098 0.776224 0.693196 0.263098 0.690783 0.947315
0.124066 0.614839 0.642479 0.198233 0.883270 0.379499 0.054169 0.613158 0.715387 0.307016 0.792108 0.849749
0.199635 0.767696 0.602773 0.168185 0.948164 0.351057 -0.016892 0.671274 0.753968 0.309403 0.737365 0.826337
0.102979 0.802646 0.520223 0.245246 0.782058 0.470093 -0.064258 0.685684 0.795229 0.309045 0.814893 0.941275
0.164619 0.774429 0.587754 0.219311 0.790346 0.380894 -0.008586 0.703689 0.783468 0.402513 0.763945 0.838226
0.138560 0.784715 0.615112 0.263185 0.818801 0.447689 0.076695 0.629382 0.702816 0.364945 0.807082 0.916910
0.256720 0.650170 0.590780 0.218009 0.876023 0.351308 -0.030715 0.747224 0.728154 0.293542 0.766991 0.856224
0.145334 0.713673 0.604012 0.194373 0.950178 0.390163 0.051524 0.708748 0.809793 0.369813 0.820559 0.817870
0.211877 0.856689 0.498779 0.151599 0.865929 0.458180 0.082629 0.644412 0.787677 0.370420 0.812264 0.790531
0.150797 0.710303 0.606458 0.151420 0.898082 0.405725 0.084757 0.696244 0.826463 0.347267 0.799330 0.874944
0.223023 0.829085 0.622472 0.180839 0.870001 0.360578 0.026314 0.607676 0.817480 0.347276 0.778567 0.894081
0.218412 0.814999 0.656893 0.213352 0.823589 0.379995 0.071635 0.714160 0.740469 0.237761 0.813919 1.002374
0.228143 0.763104 0.573413 0.168568 0.849783 0.365095 0.205395 0.734199 0.675601 0.402577 0.779607 0.880608
0.111238 0.705243 0.553094 0.131810 0.875979 0.385426 0.027874 0.703479 0.706931 0.328088 0.757959 0.931773
0.200833 0.814227 0.558408 0.342190 0.927414 0.395172 0.053711 0.594162 0.705646 0.323061 0.794859 0.886258
0.195517 0.725096 0.586126 0.148902 0.856760 0.382376 0.034925 0.604271 0.722213 0.303308 0.794153 0.898918
0.153025 0.756895 0.596221 0.264552 0.873272 0.373905 0.143054 0.591892 0.765475 0.323269 0.774360 0.971873
0.121159 0.792640 0.578638 0.168610 0.840497 0.313346 0.059194 0.629458 0.758200 0.324857 0.792083 0.872600
0.103436 0.757548 0.610805 0.187353 0.897333 0.341072 0.123815 0.670012 0.776446 0.325576 0.770524 0.917748
0.136776 0.758094 0.726134 0.200259 0.830857 0.343662 0.128002 0.651565 0.746970 0.404150 0.739496 0.863890
0.242849 0.757589 0.627926 0.125324 0.934872 0.408661 0.056104 0.719963 0.779361 0.337698 0.672943 0.868306
0.071154 0.786118 0.557197 0.201845 0.916284 0.280184 -0.019083 0.596995 0.829289 0.295789 0.727868 0.944043
0.193957 0.740822 0.486846 0.231160 0.849572 0.360840 0.011492 0.693911 0.800976 0.430927 0.781753 0.899345
0.082458 0.783294 0.579679 0.195736 0.925609 0.457828 0.026994 0.651152 0.750553 0.352316 0.778534 0.864228
0.131873 0.728904 0.546843 0.296953 0.910042 0.423821 0.037424 0.606473 0.709560 0.317669 0.740051 0.914312
0.197536 0.822768 0.633417 0.145709 0.796566 0.381742 0.107248 0.596488 0.903855 0.332752 0.858974 0.829764
0.159313 0.808395 0.580173 0.193671 0.870553 0.409505 0.054125 0.731916 0.743753 0.373592 0.797530 0.921721
0.208507 0.711771 0.600801 0.241918 0.844102 0.367017 0.086036 0.765536 0.713924 0.407743 0.851584 0.859979
0.230770 0.751154 0.596252 0.276203 0.851718 0.375898 0.119614 0.716578 0.729026 0.312174 0.717677 0.844228
0.183086 0.856791 0.631443 0.307279 0.859055 0.327678 0.077035 0.667835 0.714327 0.329969 0.779528 1.012555
0.163260 0.631341 0.652418 0.192380 0.831617 0.284979 0.017182 0.614728 0.776055 0.394058 0.702560 0.863057
0.208891 0.758845 0.616397 0.213810 0.848523 0.387404 0.087519 0.716695 0.681673 0.291069 0.787923 0.876478
0.241985 0.734336 0.628856 0.169936 0.849008 0.444166 0.078492 0.671847 0.748395 0.324631 0.685893 0.876658
0.243249 0.804584 0.637056 0.284982 0.862051 0.365754 -0.020149 0.600127 0.764383 0.266901 0.792182 0.923432
0.103458 0.745785 0.568747 0.282283 0.829397 0.374318 0.034688 0.670398 0.767256 0.380874 0.828442 0.925876
0.212017 0.744543 0.602525 0.187894 0.948571 0.358709 0.168184 0.641716 0.816865 0.392851 0.811924 1.000741
0.183173 0.720108 0.634823 0.232501 0.827480 0.456730 0.060103 0.694612 0.788759 0.245765 0.779413 0.908764
0.124794 0.715917 0.605012 0.201325 0.800786 0.359320 0.067452 0.660639 0.732120 0.282986 0.800007 0.940534
0.158865 0.818040 0.610748 0.179439 0.870867 0.414393 0.105905 0.682441 0.779999 0.279945 0.698489 0.907258
0.236096 0.721405 0.554266 0.206934 0.919509 0.432184 -0.020513 0.653686 0.780525 0.442856 0.745697 0.838176
0.168130 0.834096 0.592992 0.154106 0.833222 0.364518 0.022594 0.701543 0.767910 0.363929 0.797110 0.951141
0.146731 0.776023 0.530267 0.235665 0.904273 0.391112 0.001434 0.725729 0.765616 0.321403 0.795425 0.794596
0.158727 0.791961 0.611200 0.229121 0.910357 0.406937 0.146969 0.623810 0.807611 0.282978 0.761825 0.950852
0.221152 0.766171 0.753541 0.225488 0.876507 0.389011 0.122185 0.554138 0.882863 0.303813 0.697414 0.967126
0.141670 0.756132 0.587624 0.164473 0.780896 0.433998 0.041960 0.623559 0.789951 0.384328 0.740463 0.839125
0.216863 0.748196 0.501523 0.300421 0.790025 0.323284 0.066806 0.639165 0.730715 0.369923 0.765732 0.922225
0.208082 0.761184 0.529833 0.218743 0.815334 0.307068 0.075219 0.622648 0.798239 0.257546 0.821377 0.917684
0.192704 0.795506 0.511608 0.194025 0.922610 0.396754 0.072131 0.736164 0.841650 0.272954 0.840828 0.934527
0.149609 0.804500 0.454730 0.214027 0.886048 0.350767 0.074109 0.653718 0.711203 0.369191 0.922383 0.821868
0.199473 0.747010 0.560520 0.244948 0.734709 0.422975 0.119239 0.666833 0.777520 0.314600 0.728465 0.831165
0.206259 0.754449 0.589489 0.177043 0.861197 0.459904 0.047630 0.684968 0.826707 0.318979 0.822482 0.941448
0.212988 0.788036 0.538522 0.199171 0.814616 0.335599 0.125303 0.654083 0.760583 0.364422 0.741579 0.819865
0.223850 0.692105 0.611813 0.180494 0.855307 0.354166 -0.058916 0.684707 0.702891 0.355605 0.698932 0.951806
0.135056 0.787105 0.550552 0.112366 0.943096 0.367274 -0.059406 0.656122 0.691292 0.359736 0.761253 0.950068
0.305687 0.769318 0.553934 0.230175 0.904529 0.383827 0.041311 0.626693 0.751045 0.372418 0.730449 0.974517
0.127964 0.718097 0.517452 0.214760 0.896508 0.412448 -0.021025 0.682202 0.721701 0.350406 0.782791 0.935360
0.160977 0.766757 0.580872 0.172737 0.839335 0.438799 0.018980 0.643313 0.756318 0.385109 0.798788 0.891456
0.307464 0.824156 0.670145 0.214663 0.785778 0.412062 0.144543 0.693056 0.887248 0.250199 0.765832 0.926274
0.145117 0.721852 0.614052 0.265936 0.801069 0.390953 0.039657 0.612726 0.824832 0.315840 0.741470 0.877594
0.186367 0.717928 0.614134 0.121266 0.859325 0.367697 0.106856 0.696014 0.797530 0.320012 0.764266 0.875019
0.273021 0.741825 0.515577 0.172226 0.824897 0.404690 0.103793 0.600589 0.799558 0.329636 0.760542 0.880662
0.225272 0.789901 0.641782 0.139079 0.900116 0.264156 0.061470 0.681040 0.811375 0.345773 0.762267 0.955967
0.148466 0.801851 0.565554 0.228244 0.894750 0.529031 0.074743 0.622514 0.806348 0.365509 0.779814 0.926827
0.136351 0.759652 0.630182 0.192981 0.795751 0.387632 0.123214 0.716135 0.734964 0.357706 0.767793 1.025185
0.205732 0.647336 0.587645 0.201172 0.793159 0.201752 0.033388 0.725428 0.687252 0.339482 0.770334 0.768533
0.216031 0.769054 0.597549 0.234999 0.877302 0.385378 0.048701 0.786656 0.852370 0.431336 0.769382 0.925666
0.223711 0.748061 0.699782 0.231463 0.863312 0.302361 0.145613 0.669417 0.739727 0.357541 0.807528 0.998586
0.176566 0.725932 0.553088 0.141406 0.820527 0.334828 0.058103 0.675344 0.799447 0.224359 0.744603 0.884499
0.179476 0.726269 0.608857 0.190267 0.907780 0.355881 0.071639 0.714292 0.814997 0.364251 0.745399 0.951260
0.248487 0.713227 0.580398 0.136928 0.781418 0.430812 0.044076 0.606801 0.750835 0.359582 0.820346 0.935391
0.212975 0.851616 0.564446 0.198177 0.840374 0.481837 0.049788 0.665299 0.779812 0.302453 0.697802 0.917751
0.128189 0.797017 0.555257 0.128914 0.938798 0.308185 0.044818 0.719147 0.819441 0.381306 0.696394 0.978560
0.233574 0.643719 0.552130 0.230309 0.833757 0.361081 0.056477 0.647068 0.742897 0.374757 0.757297 0.829864
0.304380 0.796235 0.570327 0.235818 0.837486 0.362800 0.064724 0.574593 0.868917 0.221110 0.768552 0.909220
0.177291 0.746963 0.479978 0.245391 0.894739 0.359056 0.151560 0.628436 0.764974 0.438329 0.796228 0.845971
0.175046 0.672254 0.493240 0.133664 0.863273 0.397300 0.088015 0.646933 0.660204 0.362396 0.865421 0.964073
0.127604 0.786268 0.591262 0.178724 0.900631 0.346756 0.098782 0.721291 0.805200 0.377853 0.766044 0.851428
0.203098 0.791881 0.650040 0.167913 0.910900 0.380909 0.028952 0.680402 0.863218 0.271993 0.730094 0.899291
0.198320 0.807128 0.649257 0.195318 0.803297 0.428210 0.028162 0.626571 0.754548 0.295633 0.749405 0.890382
0.210028 0.771412 0.515464 0.175292 0.912520 0.448567 0.018990 0.674573 0.775430 0.306499 0.695644 0.862904
0.155042 0.803173 0.587641 0.213754 0.812948 0.419696 0.040331 0.633916 0.728434 0.277998 0.740462 0.917534
0.144100 0.739678 0.460732 0.248653 0.887490 0.442056 0.056321 0.684429 0.752548 0.435014 0.797254 0.810354
0.101622 0.671408 0.564648 0.201978 0.928984 0.435450 0.101525 0.694335 0.760153 0.347163 0.825225 0.863059
0.230845 0.736895 0.579633 0.111693 0.836726 0.380336 0.051683 0.667737 0.721209 0.390505 0.814227 0.866058
0.150776 0.755584 0.564665 0.240718 0.906335 0.430169 0.062419 0.689264 0.743530 0.386586 0.814012 0.949741
0.190143 0.728595 0.585453 0.206072 0.867368 0.408932 0.026573 0.696385 0.733552 0.300799 0.817071 0.952690
0.073263 0.717405 0.489040 0.197461 0.766129 0.455492 0.063271 0.703075 0.778954 0.311112 0.812598 0.989844
0.165710 0.760350 0.560665 0.246326 0.788719 0.470328 0.013206 0.647975 0.726932 0.403861 0.794774 0.906835
0.214495 0.810344 0.545059 0.124395 0.807097 0.449058 0.124243 0.706962 0.812995 0.248172 0.829853 0.862342
0.098774 0.787323 0.563883 0.277784 0.943116 0.410924 0.008704 0.586073 0.841976 0.401346 0.713888 0.941925
0.203180 0.764813 0.575654 0.140911 0.808026 0.407376 0.053077 0.750403 0.754101 0.376801 0.711897 0.871824
0.124278 0.703723 0.588902 0.165373 0.921230 0.361188 -0.027459 0.610127 0.712505 0.307833 0.837078 1.027353
0.094860 0.698206 0.560394 0.278835 0.836673 0.285818 0.067230 0.708993 0.802137 0.301584 0.783864 0.913231
0.083857 0.776631 0.556026 0.251729 0.873247 0.388880 0.134839 0.801492 0.777444 0.240222 0.793435 0.907813
0.208608 0.729334 0.641181 0.180037 0.830799 0.378141 -0.054436 0.628666 0.726401 0.316633 0.795341 0.987636
0.239519 0.747102 0.499444 0.190800 0.857293 0.348896 0.034731 0.701590 0.751469 0.358712 0.718030 0.957415
0.177697 0.687654 0.448573 0.283584 0.967064 0.481404 -0.024732 0.627632 0.706873 0.311252 0.719130 0.880494
0.163999 0.763184 0.627616 0.214967 0.948330 0.317963 0.113392 0.736693 0.720739 0.314991 0.765509 0.920468
0.242775 0.783795 0.581435 0.244797 0.897245 0.392946 0.042558 0.644671 0.783106 0.416669 0.831507 0.952277
0.187079 0.711543 0.514160 0.112979 0.853939 0.332801 0.010379 0.696034 0.794704 0.404158 0.702814 0.827487
0.169713 0.727581 0.560285 0.195239 0.901805 0.282174 0.032138 0.614974 0.749460 0.295285 0.760311 0.905644
0.241632 0.849436 0.641075 0.173265 0.996292 0.473163 0.052804 0.728300 0.774571 0.353241 0.761946 0.918255
0.162628 0.756193 0.643482 0.175612 0.954550 0.404827 0.025837 0.653149 0.809813 0.389080 0.711628 0.867215
0.099899 0.797830 0.602523 0.149869 0.977716 0.370239 0.127095 0.703314 0.819513 0.386754 0.800528 0.946519
0.188034 0.691437 0.622707 0.172222 0.759141 0.396449 -0.023872 0.667801 0.708171 0.393852 0.775582 0.867404
0.130914 0.768129 0.548510 0.183281 0.822002 0.331863 0.117503 0.659226 0.765063 0.415996 0.796504 0.975237
-0.003113 0.744877 0.495969 0.166514 0.863720 0.385771 -0.009895 0.727957 0.744903 0.311705 0.818607 0.842881
0.132499 0.656327 0.582000 0.180643 0.901811 0.261510 0.073708 0.713599 0.717666 0.371853 0.721864 0.900105
0.149573 0.839499 0.606181 0.234403 0.805280 0.387616 0.077952 0.697049 0.772790 0.371410 0.790112 0.935577
0.179122 0.752836 0.559302 0.168724 0.869796 0.373421 0.011060 0.730765 0.746452 0.361436 0.750185 0.935198
0.196772 0.682291 0.521579 0.168968 0.853908 0.366643 0.025908 0.737093 0.806078 0.387760 0.788732 0.877732
0.192904 0.723554 0.585282 0.162089 0.796666 0.276799 0.072157 0.599794 0.786022 0.315952 0.692781 0.957850
0.238193 0.726994 0.585806 0.249952 0.934222 0.331604 0.082066 0.630813 0.761311 0.254164 0.847390 0.921739
0.067757 0.750919 0.542308 0.167420 0.861257 0.334483 -0.030522 0.671333 0.727515 0.399090 0.735346 0.858806
0.099227 0.714506 0.603031 0.241514 0.925327 0.314426 0.097654 0.593825 0.741977 0.341120 0.825724 0.811492
0.222954 0.805996 0.612066 0.241730 0.847347 0.327795 0.094254 0.590232 0.763023 0.372133 0.725635 1.003414
0.213605 0.820783 0.628130 0.130180 0.858273 0.352374 0.081887 0.696366 0.753509 0.293162 0.676075 0.888695
0.165315 0.819617 0.549238 0.197720 0.956692 0.315284 0.013743 0.679798 0.659828 0.388811 0.817388 0.892545
0.166692 0.788812 0.571657 0.180303 0.848135 0.438714 0.056170 0.734057 0.718913 0.372241 0.759607 0.861183
0.206895 0.741383 0.604655 0.252237 0.801102 0.280245 0.070738 0.708267 0.715127 0.306186 0.859838 0.793978
0.125100 0.830115 0.531472 0.222037 0.855671 0.399486 0.166737 0.663520 0.715195 0.254926 0.796979 0.945214
0.278923 0.836614 0.498865 0.190998 0.820162 0.386762 0.089310 0.619015 0.758206 0.378118 0.805716 0.923767
0.162013 0.759442 0.523967 0.198236 0.890189 0.427139 0.066878 0.622141 0.719996 0.365473 0.849412 0.916639
0.218099 0.760932 0.586384 0.235551 0.804054 0.484992 -0.049470 0.656527 0.754490 0.359876 0.659833 0.941538
0.239947 0.793195 0.523277 0.315814 0.863311 0.312086 0.015035 0.758779 0.722256 0.270000 0.752673 0.960021
0.160410 0.720066 0.568046 0.194546 0.876846 0.414236 0.050590 0.676872 0.702587 0.312821 0.762432 0.902208
0.289478 0.781592 0.563558 0.183569 0.795873 0.339982 0.028254 0.678533 0.786375 0.319782 0.817721 0.894834
0.091786 0.814781 0.583009 0.292163 0.859546 0.266587 0.011238 0.692343 0.662152 0.315191 0.788292 0.860603
0.261913 0.697737 0.655063 0.227654 0.798759 0.467591 -0.021998 0.623430 0.822857 0.388791 0.814117 0.928461
0.124275 0.824939 0.694184 0.191560 0.840688 0.330288 0.078291 0.615181 0.823950 0.351582 0.824815 0.965743
0.251097 0.718487 0.649026 0.161440 0.866389 0.365584 0.066851 0.784132 0.775889 0.289730 0.793401 0.904607
0.247354 0.686849 0.490162 0.155284 0.872279 0.363256 0.133979 0.600493 0.711852 0.337423 0.817610 0.887482
0.089873 0.740136 0.583924 0.095527 0.891622 0.433264 -0.009145 0.768156 0.708572 0.394709 0.713479 0.885452
0.112360 0.771505 0.565666 0.195943 0.898390 0.321636 0.004423 0.770378 0.843103 0.439377 0.796840 0.873662
0.077956 0.710730 0.578175 0.165264 0.870813 0.321877 0.058530 0.727859 0.731340 0.300367 0.835138 0.950521
0.195202 0.741940 0.608278 0.232442 0.853015 0.321536 0.081489 0.656435 0.597398 0.389401 0.744458 0.803302
0.265261 0.731502 0.564150 0.275030 0.822123 0.417892 0.004451 0.592412 0.715542 0.314873 0.800829 0.848269
0.266594 0.858329 0.555784 0.213951 0.888570 0.323304 0.124967 0.756448 0.732057 0.312680 0.799305 0.918281
0.151045 0.703797 0.518885 0.103352 0.956587 0.333570 0.173420 0.676145 0.827738 0.320235 0.769984 0.893735
0.123472 0.720918 0.661607 0.205849 0.776494 0.404850 0.031735 0.652103 0.741309 0.340820 0.737840 0.902284
0.206176 0.735947 0.539916 0.249859 0.771442 0.335907 0.060110 0.644540 0.756433 0.326881 0.846600 0.951252
0.214134 0.767648 0.628740 0.219590 0.852795 0.374981 0.055542 0.626102 0.805596 0.405507 0.774967 0.935378
0.164406 0.748845 0.521126 0.155193 0.918023 0.439719 0.024340 0.685281 0.807926 0.337741 0.792567 0.966732
0.269046 0.734344 0.598933 0.188108 0.909849 0.417595 0.123476 0.640820 0.814096 0.417041 0.800804 0.923607
0.264240 0.680326 0.576499 0.192995 0.854547 0.308218 0.145364 0.707428 0.788460 0.265168 0.652561 0.856921
0.140737 0.810589 0.574073 0.257681 0.803380 0.358195 0.059527 0.767119 0.773121 0.244652 0.754640 0.963653
0.200921 0.736863 0.666314 0.092131 0.884938 0.455797 -0.012154 0.626350 0.771993 0.328466 0.686920 0.929172
0.180719 0.775817 0.638977 0.312154 0.865215 0.498120 0.040261 0.622110 0.795773 0.346994 0.814979 0.899395
0.170589 0.726971 0.504063 0.225685 0.956330 0.398826 0.019564 0.728216 0.768862 0.298407 0.766487 1.057579
0.067526 0.747584 0.590884 0.075828 0.888918 0.353957 0.006681 0.690962 0.785584 0.357344 0.732639 1.036679
0.220307 0.639811 0.606848 0.239321 0.850076 0.359616 0.033562 0.697091 0.793907 0.315586 0.798527 0.870232
0.175062 0.776355 0.533690 0.149103 0.826777 0.368182 0.062865 0.588243 0.790554 0.344621 0.752621 0.965089
0.199700 0.756019 0.526790 0.129287 0.871243 0.370314 0.039982 0.718451 0.804839 0.421763 0.762708 0.954743
0.260832 0.755239 0.555310 0.223959 0.797522 0.333696 0.029729 0.627941 0.860439 0.309361 0.787729 0.941959
0.268648 0.832715 0.549038 0.279024 0.882077 0.303490 -0.060759 0.704640 0.831043 0.323521 0.790406 0.877418
0.222585 0.684100 0.607443 0.179719 0.826072 0.382568 0.052486 0.668969 0.785775 0.398880 0.718568 0.863853
0.131669 0.708441 0.569711 0.154317 0.857066 0.302576 0.087856 0.611870 0.793089 0.305136 0.851190 0.850211
0.187403 0.819832 0.529479 0.127176 0.788138 0.443396 -0.044319 0.534359 0.796408 0.418798 0.794661 0.874351
0.094958 0.728136 0.505361 0.222572 0.928754 0.358064 0.019741 0.692366 0.750068 0.293184 0.852097 0.973137
0.187858 0.737324 0.566600 0.198928 0.876134 0.407124 0.135101 0.684791 0.764481 0.367074 0.841773 0.972487
0.045109 0.852379 0.583877 0.130553 0.948331 0.436721 0.076110 0.648030 0.799394 0.321398 0.730647 0.910735
0.156258 0.753137 0.498938 0.215706 0.859090 0.411485 0.134446 0.633644 0.784851 0.397741 0.773132 0.933437
0.165211 0.700898 0.601309 0.087332 0.830941 0.364361 0.051153 0.666364 0.753642 0.351388 0.789944 0.931130
0.214781 0.863286 0.553883 0.176479 0.909094 0.316097 0.007518 0.623574 0.742995 0.356358 0.735261 0.888865
0.083020 0.684091 0.629929 0.178193 0.964136 0.399293 -0.003434 0.600586 0.721665 0.255155 0.792800 0.905953
0.115697 0.817559 0.635481 0.222644 0.822467 0.341778 0.146708 0.688276 0.712476 0.429373 0.749789 0.921751
0.219273 0.780990 0.545702 0.207640 0.839216 0.380868 -0.030426 0.625493 0.746289 0.301672 0.762150 0.885987
0.209968 0.730885 0.521103 0.261852 0.930693 0.396085 0.136255 0.672775 0.747874 0.319927 0.800873 0.947247
0.015249 0.768966 0.547757 0.163969 0.918599 0.384212 0.007318 0.641866 0.708729 0.345706 0.741160 0.899222
0.176628 0.762039 0.596974 0.168983 0.935784 0.378646 0.188127 0.675377 0.758368 0.355138 0.705410 0.932088
0.200807 0.669050 0.585176 0.210148 0.772698 0.407145 0.040577 0.636091 0.786718 0.334473 0.741776 0.862267
0.125537 0.765421 0.553937 0.140003 0.814253 0.401289 0.003785 0.606579 0.820350 0.371886 0.757695 0.919146
0.218002 0.733245 0.555395 0.223005 0.806105 0.286489 0.041410 0.688625 0.735364 0.270846 0.760550 0.861538
0.134534 0.816795 0.593811 0.228028 0.869814 0.403333 0.062746 0.657657 0.876665 0.279947 0.868176 0.882926
0.160211 0.736298 0.551966 0.185434 0.923496 0.427827 0.047798 0.717342 0.694860 0.345276 0.783829 1.004821
0.200277 0.867358 0.532562 0.107994 0.830576 0.388166 0.129212 0.717942 0.876692 0.242962 0.736347 0.908901
0.178194 0.702249 0.585119 0.150402 0.874161 0.411751 0.089852 0.640868 0.814012 0.428667 0.796352 0.888298
0.215166 0.689614 0.604973 0.207668 0.874124 0.376380 0.032164 0.644121 0.730516 0.354178 0.884899 0.897423
0.178734 0.684453 0.535205 0.240544 0.976904 0.339346 0.094024 0.725061 0.701394 0.400080 0.732442 0.798462
0.227160 0.680998 0.582757 0.180368 0.883053 0.376882 0.011610 0.578163 0.773809 0.328987 0.752906 0.900501
0.266150 0.770710 0.652920 0.209867 0.842563 0.385615 0.057009 0.654093 0.772139 0.309314 0.696251 0.870371
0.063010 0.718246 0.676330 0.201428 0.913391 0.390953 0.064705 0.667847 0.740943 0.338716 0.858144 0.900040
0.168225 0.812370 0.507834 0.203248 0.904389 0.393872 0.103448 0.729186 0.775761 0.353051 0.754310 0.945837
0.160298 0.746182 0.550482 0.253454 0.809680 0.289560 0.029893 0.630414 0.760684 0.271893 0.739657 0.866155
0.259603 0.813780 0.540688 0.054597 0.912514 0.407617 0.116397 0.656136 0.824440 0.277890 0.755612 0.958308
0.144127 0.777961 0.610282 0.238991 0.793186 0.374065 0.036846 0.611119 0.896175 0.321722 0.808615 0.951329
0.091780 0.719581 0.469954 0.140171 0.990842 0.329164 0.007933 0.665246 0.707572 0.400902 0.828571 0.934605
0.003481 0.767369 0.593323 0.239429 0.803807 0.259488 0.109458 0.584219 0.708733 0.380361 0.772514 0.996204
0.213906 0.822156 0.658339 0.198335 0.880601 0.404843 0.142135 0.676666 0.811358 0.311622 0.792710 0.890019
0.202744 0.743588 0.688167 0.140836 0.860545 0.277676 0.054450 0.608670 0.677772 0.276108 0.723756 0.989858
0.259905 0.665404 0.718228 0.236224 0.836066 0.409886 0.205779 0.740884 0.807058 0.302574 0.752003 0.952287
0.171528 0.800081 0.535376 0.188994 0.916841 0.319138 0.060541 0.672962 0.689206 0.349326 0.763637 0.880462
0.194865 0.746266 0.601451 0.294874 0.862114 0.340267 0.055414 0.775123 0.776429 0.333133 0.792286 0.952404
0.129264 0.767510 0.670062 0.286171 0.888629 0.389021 0.112949 0.663464 0.850294 0.255269 0.783813 0.921396
0.197132 0.758814 0.606567 0.170507 0.797244 0.362289 0.096983 0.651557 0.786446 0.400152 0.739242 1.003008
0.256983 0.822028 0.529120 0.225418 0.974654 0.323516 -0.025005 0.627214 0.782826 0.418980 0.775259 0.935804
0.233764 0.732393 0.532076 0.115989 0.770687 0.313124 0.069096 0.662094 0.758329 0.378386 0.830347 0.972559
0.221703 0.708472 0.659630 0.200485 0.772977 0.370912 0.050478 0.641235 0.757436 0.341290 0.776024 0.906448
0.166616 0.792215 0.547829 0.226797 0.872811 0.400084 0.053600 0.704506 0.763396 0.286427 0.827198 0.883636
0.109587 0.707609 0.481173 0.189576 0.979638 0.295768 0.119235 0.689996 0.751991 0.314349 0.711711 0.927858
0.228015 0.720164 0.579189 0.213218 0.874801 0.363141 0.138017 0.672093 0.819864 0.356606 0.778269 0.882071
0.137160 0.850292 0.652283 0.185008 0.932062 0.420562 0.008591 0.696411 0.802739 0.261705 0.697783 0.927189
0.234069 0.691754 0.590259 0.157769 0.758692 0.365021 -0.019121 0.686878 0.764111 0.376507 0.823942 0.874585
0.195518 0.776471 0.699381 0.116437 0.946209 0.428335 0.005277 0.581322 0.824708 0.278988 0.856729 0.975060
0.187720 0.722581 0.586049 0.199387 0.846490 0.345232 0.035541 0.639108 0.851492 0.195518 0.760082 0.947969
0.204162 0.773690 0.681869 0.098932 0.826433 0.347339 0.043525 0.722363 0.815134 0.274024 0.771682 0.912056
0.094735 0.733194 0.608258 0.246211 0.806413 0.251477 0.106383 0.808504 0.839979 0.369545 0.775404 0.869652
0.150207 0.772359 0.561162 0.193176 0.905187 0.271624 0.056051 0.616239 0.837314 0.366339 0.853753 0.942801
0.243933 0.816608 0.625587 0.154583 0.926687 0.307082 0.024033 0.657515 0.855560 0.331989 0.718605 0.901873
0.149935 0.749274 0.530626 0.163150 0.921095 0.294199 -0.008499 0.686705 0.732427 0.437980 0.729600 0.921041
0.215137 0.778011 0.591434 0.160280 0.825846 0.341896 0.116103 0.726722 0.770358 0.271792 0.758912 0.971319
0.184312 0.787249 0.570763 0.076123 0.909390 0.346382 0.096060 0.760452 0.791857 0.406985 0.850336 0.878517
0.256219 0.728919 0.602566 0.214262 0.814138 0.377670 0.059396 0.670068 0.649797 0.299947 0.846151 0.898012
0.229468 0.704091 0.575744 0.115058 0.880966 0.400466 0.040496 0.620119 0.786668 0.462517 0.799564 0.873170
0.213983 0.753117 0.585831 0.178124 0.833769 0.399225 0.076984 0.717678 0.800923 0.280792 0.784341 1.041402
0.252400 0.784992 0.543732 0.183730 0.835139 0.316351 0.059418 0.604491 0.799891 0.249640 0.806943 0.994897
0.119046 0.610469 0.518975 0.235201 0.869737 0.376311 -0.042882 0.655795 0.778458 0.287393 0.747480 0.889913
0.183178 0.768411 0.575335 0.218968 0.892116 0.416030 0.067966 0.685946 0.754131 0.324530 0.733836 0.903636
0.189992 0.729207 0.611684 0.243274 0.881264 0.445832 0.047065 0.650425 0.831572 0.399401 0.776157 0.883958
0.187791 0.808978 0.515986 0.189076 0.819165 0.334524 0.011402 0.690110 0.825768 0.396406 0.769094 0.950764
0.110786 0.808509 0.495394 0.146384 0.799912 0.323832 0.122162 0.727603 0.757839 0.332704 0.885010 0.984174
0.194367 0.745611 0.556331 0.180612 0.907351 0.369540 0.094620 0.579155 0.722560 0.425928 0.806907 0.914521
0.187100 0.742414 0.513804 0.113383 0.912943 0.281481 0.030227 0.627655 0.760367 0.370282 0.784913 0.850060
0.193705 0.733791 0.612876 0.219298 0.915584 0.288280 0.112131 0.765574 0.696218 0.363901 0.724172 0.827709
0.203534 0.747594 0.622539 0.210148 0.899200 0.489382 0.104494 0.681381 0.829257 0.300159 0.765864 0.943484
0.190047 0.720300 0.617617 0.239409 0.889119 0.432178 0.107755 0.665591 0.740548 0.410832 0.795689 0.776191
0.194401 0.691200 0.602951 0.212188 0.839807 0.428261 0.126804 0.619281 0.729123 0.335000 0.778545 0.828541
0.144491 0.828629 0.577525 0.224404 0.890721 0.391383 0.096237 0.693010 0.750598 0.329595 0.834052 0.850934
0.105512 0.773619 0.534993 0.115417 0.803942 0.394917 -0.002589 0.632780 0.806445 0.283081 0.789032 0.938983
0.119656 0.781802 0.644005 0.247744 0.794997 0.432999 0.036343 0.597672 0.751285 0.264795 0.837726 0.930153
0.158097 0.833485 0.535279 0.180873 0.845587 0.475404 0.107135 0.687115 0.827740 0.316708 0.777985 0.856475
0.208941 0.776144 0.588503 0.265570 0.864236 0.345426 0.017406 0.685620 0.770614 0.396818 0.698958 0.951771
0.172369 0.793365 0.668384 0.194093 0.910745 0.374831 -0.003179 0.696106 0.794996 0.378899 0.767204 0.958312
0.101107 0.730588 0.561658 0.271200 0.925007 0.338011 -0.027356 0.647046 0.684377 0.352165 0.721024 0.851410
0.243643 0.844948 0.647146 0.230464 0.880070 0.315711 0.096801 0.663908 0.868587 0.360290 0.750465 1.013447
0.162119 0.747528 0.647868 0.148135 0.921609 0.444955 0.084821 0.586268 0.777853 0.418912 0.752910 0.888902
0.113035 0.735629 0.544047 0.202470 0.876091 0.403487 0.014763 0.694685 0.761461 0.395179 0.783110 0.907951
0.221305 0.823206 0.651744 0.243961 0.807343 0.330471 0.001069 0.680271 0.767039 0.317228 0.816517 0.837905
0.038731 0.774791 0.690821 0.195211 0.903831 0.268398 0.034485 0.777756 0.775414 0.319250 0.765053 0.843133
0.194646 0.815844 0.565511 0.282951 0.884346 0.350458 0.027347 0.663970 0.702623 0.296564 0.817509 0.848275
0.263763 0.745268 0.585588 0.055803 0.838141 0.367689 0.006337 0.689737 0.689545 0.370409 0.689603 0.906511
0.173257 0.662059 0.660141 0.161700 0.853272 0.361255 -0.046479 0.611175 0.754655 0.312055 0.779601 1.002067
0.101937 0.724907 0.630796 0.153670 0.822392 0.408214 -0.008150 0.682905 0.775441 0.329554 0.734113 0.928329
0.227151 0.770752 0.613373 0.130596 0.877852 0.374819 0.250078 0.635174 0.786561 0.325337 0.733773 0.953032
0.179593 0.776387 0.556696 0.161345 0.904599 0.378685 0.005542 0.657553 0.809799 0.233157 0.844706 0.921289
0.220102 0.813155 0.540185 0.217624 0.881982 0.338977 -0.038218 0.708560 0.722404 0.329783 0.836300 0.859865
0.161348 0.726552 0.584374 0.208414 0.807648 0.392189 0.091113 0.697864 0.765523 0.408434 0.901043 0.922950
0.088910 0.710471 0.579579 0.241637 0.875809 0.287124 0.059355 0.728996 0.715021 0.390615 0.755362 0.887759
0.063083 0.805331 0.597683 0.145462 0.790008 0.330592 0.045866 0.676425 0.742722 0.283564 0.790952 0.830354
0.177943 0.755095 0.580485 0.142214 0.944228 0.349079 0.096758 0.689100 0.798186 0.271859 0.777078 0.815170
0.148267 0.759756 0.626927 0.168428 0.879112 0.341897 0.017884 0.608594 0.709726 0.361744 0.808712 0.919935
0.225000 0.759461 0.536224 0.222064 0.875468 0.492614 0.004729 0.678952 0.783618 0.389990 0.823544 0.834567
0.225114 0.753227 0.617112 0.163183 0.799824 0.430229 -0.011837 0.589447 0.720689 0.199761 0.815897 0.916627
0.155687 0.612993 0.500539 0.301719 0.931053 0.415531 0.047165 0.654637 0.783278 0.379875 0.715274 0.967282
0.179683 0.763262 0.630209 0.110489 0.910496 0.361547 0.038794 0.649769 0.891016 0.351284 0.845643 0.970204
0.167770 0.695262 0.468023 0.262665 0.873831 0.306881 0.074198 0.676763 0.750473 0.314822 0.777903 0.843957
0.171584 0.724971 0.594401 0.200642 0.926952 0.467419 0.043773 0.526511 0.767081 0.386626 0.804851 0.904880
0.114665 0.806953 0.653187 0.164798 0.880973 0.409015 0.135216 0.618302 0.912810 0.342652 0.788114 0.859309
0.103703 0.718181 0.619458 0.166572 0.939457 0.388290 -0.039861 0.740931 0.771073 0.376676 0.698123 0.909506
0.215946 0.851417 0.639291 0.179313 0.931232 0.330371 0.009218 0.698652 0.756150 0.331121 0.744925 0.952214
0.183226 0.766363 0.586300 0.178869 0.904930 0.444175 0.100210 0.654297 0.717165 0.310089 0.715769 0.929070
0.180133 0.767204 0.681336 0.236972 0.859372 0.308155 0.082863 0.621329 0.841288 0.317594 0.820222 0.890507
0.224561 0.759015 0.550613 0.218456 0.837440 0.305667 0.039393 0.797424 0.760489 0.318421 0.712914 0.951381
0.138851 0.780144 0.436420 0.168613 0.847454 0.365893 0.071676 0.686549 0.784346 0.387235 0.770241 0.942849
0.137889 0.852660 0.608940 0.174823 0.858992 0.385288 0.149326 0.520826 0.806287 0.280020 0.741556 0.956282
0.216825 0.833415 0.601788 0.228026 0.929326 0.339491 0.024340 0.708603 0.743900 0.354166 0.743549 0.834113
0.244642 0.658660 0.547580 0.217485 0.871847 0.382623 0.054112 0.650293 0.731728 0.348914 0.823215 0.815426
0.217020 0.735637 0.552699 0.154094 0.830527 0.407430 0.130794 0.779564 0.829748 0.373357 0.840989 0.810861
0.146559 0.740640 0.507789 0.198692 0.870497 0.342134 0.064772 0.659120 0.688333 0.376773 0.806121 0.959022
0.132730 0.766012 0.562436 0.208339 0.887764 0.350782 0.007317 0.591767 0.746863 0.295110 0.710107 0.865534
0.207068 0.633788 0.581715 0.157191 0.822600 0.316494 0.102847 0.605279 0.772444 0.438712 0.588321 0.843870
0.161018 0.769503 0.540021 0.194555 0.849932 0.333062 0.057906 0.640035 0.842314 0.269358 0.738928 0.773547
0.183311 0.673439 0.629882 0.296223 0.921739 0.339815 0.098103 0.688926 0.708580 0.355006 0.866686 0.830063
0.263265 0.687796 0.547218 0.106143 0.920859 0.399327 0.132210 0.643246 0.725921 0.361372 0.701580 0.842597
0.182445 0.712346 0.583058 0.265609 0.822461 0.379968 0.093886 0.723746 0.780232 0.355826 0.757461 0.893446
0.162529 0.730992 0.594316 0.137252 0.874683 0.447661 0.101023 0.741632 0.733451 0.332978 0.769466 0.878071
0.172677 0.717342 0.505951 0.258159 0.890355 0.282206 -0.050170 0.681935 0.726965 0.364757 0.769243 0.843400
0.178514 0.805632 0.636493 0.176386 0.747326 0.395519 0.076531 0.719871 0.743345 0.290344 0.824109 0.962971
0.225105 0.649673 0.530482 0.129243 0.825694 0.383833 0.111653 0.716891 0.768104 0.265520 0.808355 0.913459
0.214727 0.731762 0.531424 0.220388 0.905565 0.320064 0.041002 0.613590 0.819959 0.362340 0.784160 0.956602
0.163334 0.821135 0.622913 0.220679 0.852910 0.346240 0.078007 0.623043 0.772480 0.331413 0.850103 0.943601
0.251156 0.675580 0.682538 0.242201 0.825380 0.396597 -0.000972 0.644617 0.795410 0.228335 0.815104 0.909580
0.151134 0.771582 0.515709 0.176808 0.801609 0.357723 0.059815 0.644931 0.797248 0.346742 0.775655 0.859996
0.100977 0.671078 0.650930 0.167284 0.862660 0.347804 0.106270 0.730861 0.762588 0.375647 0.768209 0.904778
0.116781 0.688574 0.608003 0.205286 0.854644 0.312353 0.011299 0.741569 0.779879 0.291253 0.715712 0.961172
0.202935 0.791742 0.608801 0.172037 0.866922 0.329415 0.049673 0.674567 0.831344 0.302190 0.817684 0.911509
0.187775 0.742421 0.624520 0.174749 0.815771 0.449292 0.046740 0.735837 0.682855 0.258017 0.703738 0.836443
0.123173 0.675085 0.699657 0.227421 0.844206 0.367294 0.020162 0.698520 0.745849 0.354522 0.778037 0.961222
0.053039 0.782116 0.587866 0.200861 0.812283 0.398353 0.065947 0.653359 0.717684 0.130694 0.760528 0.956186
0.295888 0.768574 0.470183 0.152359 0.826946 0.372628 0.049176 0.683849 0.728851 0.327991 0.838489 0.803001
0.215332 0.739479 0.643669 0.182375 0.839230 0.467469 0.020152 0.634484 0.785423 0.250935 0.762348 0.956037
0.270155 0.720995 0.632357 0.206309 0.927538 0.324323 -0.016542 0.610591 0.787322 0.350204 0.796094 0.890128
0.209292 0.861988 0.597150 0.161127 0.937256 0.392932 0.074220 0.572028 0.753534 0.335758 0.732568 0.879774
0.189800 0.827874 0.610255 0.188854 0.853370 0.387303 -0.014496 0.681083 0.697916 0.252529 0.832053 0.915501
0.253315 0.753549 0.536989 0.227923 0.854549 0.344770 0.095305 0.803134 0.753427 0.407048 0.772702 0.809084
0.202403 0.787794 0.566471 0.210400 0.838214 0.406806 0.094441 0.714044 0.733039 0.391143 0.930409 0.969679
0.245377 0.756763 0.551109 0.258269 0.789116 0.337037 0.052774 0.700030 0.762756 0.305703 0.826723 0.879278
0.067178 0.710081 0.584267 0.229826 1.007698 0.351498 0.055361 0.670347 0.853799 0.250430 0.719351 0.921362
0.146415 0.759602 0.642052 0.247895 0.859049 0.310123 0.004113 0.706729 0.693180 0.278360 0.755968 0.924021
0.205995 0.732188 0.557019 0.189939 0.758525 0.285521 0.138146 0.676878 0.824751 0.343861 0.770859 0.962115
0.201551 0.635668 0.593982 0.224636 0.833862 0.344588 0.140946 0.681548 0.718188 0.416333 0.858812 0.918147
0.063278 0.803161 0.616131 0.177559 0.960456 0.382236 0.094148 0.656691 0.781604 0.318658 0.751120 0.948921
0.151854 0.773905 0.561354 0.223215 0.959961 0.379132 0.118914 0.662179 0.747868 0.369409 0.782389 0.890146
0.213372 0.766936 0.569110 0.216232 0.824856 0.296624 0.049271 0.659843 0.794226 0.389781 0.775974 0.977140
0.225074 0.767141 0.511577 0.273816 0.945949 0.356249 0.050721 0.754943 0.772111 0.384132 0.771332 0.927692
0.129540 0.692327 0.635306 0.186654 0.828187 0.338599 -0.006122 0.687085 0.762904 0.377710 0.776661 0.925098
0.209269 0.797677 0.605717 0.227199 0.919168 0.387542 0.086302 0.689948 0.717103 0.306448 0.837282 0.973906
0.231652 0.785253 0.490474 0.274582 0.881709 0.402229 0.126330 0.684468 0.760421 0.320807 0.769148 0.868937
0.208298 0.779959 0.539756 0.157570 0.836245 0.422262 0.088782 0.693096 0.713946 0.379331 0.737058 0.839943
0.234484 0.785323 0.647173 0.221067 0.819193 0.235420 0.074990 0.685274 0.725201 0.275228 0.753553 0.924971
0.102413 0.807165 0.576727 0.313038 0.869359 0.367421 0.070443 0.700000 0.809702 0.432776 0.828675 0.983759
0.152849 0.826293 0.559492 0.249013 0.899941 0.341554 0.095949 0.761047 0.793369 0.375752 0.800150 0.938424
0.173216 0.782460 0.538673 0.252503 0.916078 0.323512 0.104816 0.672841 0.767859 0.296186 0.732221 0.936573
0.166735 0.667336 0.490737 0.239531 0.906258 0.384861 0.057137 0.608692 0.753035 0.294557 0.801613 0.850786
0.155575 0.752064 0.604086 0.189889 0.805119 0.418427 0.038637 0.666730 0.824737 0.275104 0.756527 0.900800
0.173096 0.774831 0.611677 0.216429 0.845206 0.412793 0.011513 0.671487 0.718667 0.304896 0.733888 0.954288
0.176127 0.823134 0.600316 0.179726 0.799900 0.456344 0.098443 0.660561 0.750093 0.349189 0.780100 0.912714
0.178120 0.740086 0.614392 0.158231 0.902515 0.284556 -0.003007 0.738225 0.697036 0.351178 0.719400 0.861053
0.181110 0.786237 0.560041 0.254619 0.916116 0.431480 0.132993 0.602809 0.768336 0.255399 0.801171 0.873841
0.166170 0.776130 0.500762 0.215826 0.809370 0.375190 -0.015873 0.653723 0.751531 0.362393 0.763294 0.831109
0.278453 0.742274 0.591731 0.226030 0.904134 0.321805 0.074966 0.641219 0.740907 0.350391 0.831962 0.992216
0.146375 0.773162 0.499836 0.128809 0.882873 0.352644 0.024307 0.686099 0.840229 0.329584 0.808944 0.961072
0.154285 0.823036 0.604227 0.171165 0.792557 0.397677 0.111707 0.688478 0.835267 0.292139 0.767134 0.846060
0.142576 0.737156 0.576251 0.181826 0.887886 0.281208 0.089376 0.615982 0.713705 0.326792 0.754246 0.835178
0.133462 0.708853 0.542061 0.207223 0.810611 0.435872 0.066299 0.610067 0.724494 0.308108 0.809283 0.805168
0.122989 0.858720 0.614750 0.134081 0.870282 0.386241 0.079766 0.601417 0.767706 0.346916 0.775897 0.942896
0.117297 0.748005 0.538636 0.179042 0.896375 0.421391 0.088023 0.681491 0.849247 0.368298 0.871139 0.913635
0.203817 0.842811 0.548147 0.236670 0.855790 0.404927 -0.035095 0.576931 0.855601 0.494300 0.783822 1.018001
0.137242 0.861207 0.510012 0.116158 0.969225 0.361365 0.111367 0.659476 0.570100 0.358634 0.769728 0.892354
0.165215 0.708930 0.544217 0.133273 0.811757 0.337332 0.061381 0.612541 0.797441 0.338096 0.671724 0.926034
0.318426 0.875919 0.664227 0.198677 0.944769 0.322039 0.073890 0.630394 0.696985 0.308249 0.791855 0.919385
0.226824 0.844741 0.583240 0.198968 0.887319 0.320084 -0.028409 0.686550 0.765153 0.289543 0.803782 0.921442
0.203223 0.777654 0.484294 0.159157 0.786607 0.337605 0.056449 0.665712 0.717440 0.304907 0.793472 0.902657
0.162944 0.770438 0.623874 0.295548 0.975241 0.385435 0.095574 0.654446 0.747114 0.317728 0.799790 0.828945
0.280082 0.742806 0.533579 0.177193 0.772409 0.341332 0.056223 0.562925 0.739135 0.274695 0.781715 0.944958
0.147461 0.665020 0.558998 0.090181 0.816000 0.398436 0.060020 0.689821 0.831018 0.360588 0.812517 0.879556
0.150855 0.812668 0.660796 0.138188 0.927458 0.362259 0.018286 0.750014 0.741224 0.288811 0.849215 0.974281
0.152272 0.751865 0.569166 0.181058 0.881456 0.329353 0.111411 0.646946 0.826590 0.405286 0.824084 0.919711
0.170983 0.805898 0.537545 0.201683 0.896242 0.325743 0.027372 0.662863 0.757726 0.324351 0.792677 0.888765
0.177025 0.761368 0.619481 0.142770 0.952277 0.365014 0.043345 0.678793 0.748882 0.424247 0.701419 0.920549
0.228876 0.745098 0.551101 0.195117 0.838406 0.480088 0.098501 0.738621 0.678380 0.284276 0.791901 0.984046
0.167169 0.691814 0.568073 0.193739 0.867575 0.330445 0.099266 0.647696 0.768521 0.384659 0.815017 0.891733
0.176606 0.730291 0.530929 0.325644 0.808999 0.306968 0.015316 0.744195 0.886266 0.396226 0.747650 1.000317
0.181962 0.793781 0.662227 0.213540 0.826911 0.341021 -0.000121 0.685485 0.763285 0.341652 0.837635 0.932407
0.146128 0.781499 0.609639 0.254769 0.911805 0.311635 0.111900 0.747605 0.763601 0.421792 0.751301 1.015910
0.091334 0.636910 0.564743 0.196941 0.786791 0.371148 0.106354 0.649765 0.750194 0.332010 0.792760 0.899849
0.142206 0.722831 0.579460 0.254910 0.854261 0.376302 0.060326 0.613081 0.720134 0.306498 0.769157 0.950996
0.138949 0.754623 0.592368 0.274998 0.875102 0.342156 0.050385 0.644817 0.798430 0.345341 0.684192 0.868557
0.127699 0.740918 0.571676 0.248369 0.893541 0.293112 0.093276 0.706716 0.661555 0.280490 0.707117 0.977887
0.097750 0.802155 0.529108 0.291476 0.834054 0.297510 0.106153 0.642059 0.730476 0.348585 0.817690 0.968571
0.140264 0.704781 0.578235 0.209947 0.930524 0.418262 -0.055732 0.639886 0.715942 0.266700 0.797823 0.878348
0.165685 0.738317 0.591692 0.253360 0.832296 0.409281 -0.061716 0.629886 0.768240 0.274542 0.799461 0.907574
0.177033 0.771704 0.646516 0.257550 0.918498 0.295722 0.030576 0.754946 0.784865 0.334468 0.847076 0.879422
0.133491 0.778141 0.575033 0.213126 0.920610 0.311775 -0.018308 0.612644 0.734371 0.387074 0.746424 0.849836
0.161393 0.722853 0.541295 0.196095 0.839088 0.374731 0.000591 0.683558 0.906096 0.308779 0.783170 0.857622
0.244886 0.721603 0.497548 0.192725 0.951768 0.418596 0.143649 0.705552 0.750190 0.411798 0.706504 0.853406
0.289366 0.832302 0.613484 0.253927 0.851050 0.401901 0.011299 0.678229 0.739091 0.339044 0.770487 0.831158
0.260968 0.802514 0.595877 0.227926 0.834125 0.359095 0.018162 0.545084 0.779908 0.365324 0.791150 0.871493
0.281936 0.784113 0.574577 0.133005 0.883468 0.335949 0.075036 0.675190 0.697545 0.387716 0.815343 0.931925
0.253996 0.726167 0.573647 0.195864 0.844990 0.418945 0.054206 0.666981 0.812451 0.277897 0.792179 0.795093
0.218779 0.626855 0.563721 0.111602 0.966695 0.365075 0.208243 0.683233 0.761614 0.346469 0.794062 0.952245
0.212994 0.693315 0.610825 0.247212 0.793579 0.362474 -0.050356 0.684738 0.814109 0.406990 0.803229 0.846451
0.207961 0.794274 0.556697 0.204871 0.868620 0.430892 0.010493 0.669661 0.775528 0.349753 0.866468 0.866684
0.164266 0.700969 0.641636 0.265230 0.922217 0.348811 0.032170 0.718256 0.785128 0.314969 0.769498 0.923175
0.244017 0.679880 0.564177 0.166739 0.877219 0.412068 -0.020899 0.671699 0.842695 0.304419 0.785937 0.884679
0.152120 0.830463 0.614638 0.173917 0.795784 0.279285 0.041234 0.632389 0.793044 0.274025 0.703020 0.897941
0.118959 0.768284 0.470348 0.195617 0.877884 0.365270 0.041039 0.682351 0.711919 0.351327 0.749252 0.938760
0.128268 0.729203 0.559363 0.165681 0.853299 0.321245 0.088320 0.762820 0.810156 0.306690 0.819193 0.846714
0.100433 0.827444 0.552717 0.262069 0.812699 0.289724 0.090006 0.642683 0.778737 0.373478 0.821548 0.879036
0.322904 0.792457 0.589769 0.230532 0.888264 0.319039 -0.022434 0.668832 0.736691 0.270863 0.834281 0.911164
0.142061 0.753447 0.561381 0.200250 0.930164 0.420896 0.038613 0.677752 0.815271 0.351877 0.810184 0.967257
0.154690 0.802920 0.571153 0.226576 0.738437 0.438679 0.118928 0.621418 0.725360 0.279173 0.752927 0.876641
0.202135 0.715828 0.554473 0.260744 0.771091 0.342942 0.131001 0.720429 0.791219 0.332994 0.792357 0.918576
0.210691 0.738463 0.656930 0.156542 0.948719 0.338749 0.054303 0.730139 0.707220 0.299647 0.841981 0.882397
0.172285 0.756366 0.524350 0.226125 0.903734 0.446649 0.079341 0.681159 0.722492 0.268409 0.834600 0.915350
0.182600 0.737845 0.550738 0.243930 0.826727 0.401243 0.079466 0.678250 0.733811 0.347334 0.747357 0.983886
0.123132 0.703950 0.639293 0.270546 0.895133 0.318276 0.008801 0.661589 0.734647 0.270240 0.835752 0.931850
0.279335 0.698072 0.569472 0.200714 0.867920 0.359166 0.050745 0.663282 0.781191 0.430075 0.790349 0.880873
0.200002 0.802828 0.625655 0.134119 0.830273 0.384218 0.075515 0.673228 0.789320 0.354976 0.738259 0.823204
0.074643 0.713106 0.649515 0.326444 0.875423 0.363986 0.066416 0.642881 0.728673 0.380146 0.762881 0.899350
0.128682 0.746549 0.626934 0.219804 0.894175 0.346964 0.038665 0.717382 0.807922 0.334644 0.742417 0.852417
0.191314 0.753556 0.567096 0.195190 0.817800 0.390130 0.044847 0.746082 0.822885 0.306770 0.777314 0.935361
0.209670 0.674879 0.620859 0.123558 0.966844 0.339071 0.100667 0.588672 0.735958 0.277627 0.836996 0.921845
0.187876 0.718720 0.616449 0.260927 0.975464 0.418111 0.166736 0.609572 0.797076 0.340186 0.810033 0.879533
0.142449 0.737672 0.548909 0.231056 0.834384 0.352560 0.124798 0.687477 0.682277 0.393261 0.783309 0.900597
0.171617 0.739235 0.584685 0.180085 0.851401 0.350209 0.078661 0.644706 0.746592 0.391792 0.732082 0.937578
0.142069 0.741977 0.600479 0.235079 0.796638 0.310750 0.017629 0.610258 0.772634 0.278938 0.696276 0.810691
0.174322 0.750142 0.492084 0.183053 0.763215 0.319801 0.107964 0.689028 0.775129 0.234010 0.816651 0.867717
0.186100 0.743041 0.583180 0.251709 0.907277 0.295806 0.056766 0.667914 0.718908 0.330674 0.779599 0.893152
0.251378 0.729491 0.571019 0.158165 0.857629 0.447338 0.031308 0.592283 0.731376 0.304765 0.835920 0.866055
0.119088 0.734567 0.538433 0.147588 0.888694 0.373144 0.046605 0.589465 0.763421 0.331153 0.776441 0.955918
0.094478 0.761490 0.572009 0.339330 0.947277 0.325436 0.012193 0.691749 0.820194 0.383431 0.827400 0.884446
0.230022 0.672911 0.576129 0.217448 0.767589 0.398938 0.047525 0.692579 0.723866 0.277665 0.805285 0.829839
0.245602 0.732586 0.527390 0.106609 0.833124 0.292869 -0.006273 0.671587 0.703044 0.272208 0.728465 0.867997
0.181446 0.750837 0.550889 0.200796 0.930961 0.354850 0.060271 0.654827 0.799413 0.376663 0.781222 0.925699
0.159056 0.801565 0.592999 0.120494 0.846001 0.399159 0.077575 0.724441 0.804389 0.365218 0.806405 0.863738
0.199745 0.733741 0.457056 0.192997 0.884171 0.448272 0.079280 0.679914 0.778890 0.386906 0.823063 0.906465
0.193847 0.728773 0.543147 0.167857 0.754767 0.268685 0.103712 0.642206 0.759166 0.336306 0.815406 0.905155
0.148451 0.707264 0.574735 0.251643 0.869083 0.261522 0.107454 0.624350 0.764110 0.371689 0.796658 0.853001
0.142306 0.738437 0.661225 0.181472 0.813642 0.311824 0.122171 0.686979 0.787444 0.259426 0.826259 0.937274
0.152020 0.871579 0.605296 0.132475 0.879988 0.363133 0.007019 0.683108 0.665468 0.376084 0.750456 0.842286
0.198263 0.686904 0.562050 0.142877 0.896306 0.365629 -0.068678 0.722637 0.716637 0.372115 0.662817 0.814759
0.182340 0.665527 0.599171 0.315656 0.926900 0.414265 0.078949 0.708694 0.768770 0.342366 0.802423 0.872613
0.232368 0.688769 0.528019 0.206497 0.847642 0.376586 -0.030634 0.636366 0.858142 0.346359 0.771178 0.959068
0.204618 0.675264 0.628131 0.208353 0.875251 0.413519 0.115141 0.680161 0.709019 0.346100 0.764787 0.847662
0.099618 0.778179 0.676509 0.159337 0.775897 0.419866 -0.012668 0.682044 0.814797 0.331510 0.724410 0.944071
0.197248 0.657504 0.637115 0.213984 0.917385 0.332657 0.093842 0.767707 0.729351 0.431636 0.758360 0.790698
0.164507 0.651946 0.631795 0.140339 0.824979 0.379526 0.056568 0.696089 0.707023 0.313551 0.797937 0.928879
0.142585 0.711623 0.652056 0.159476 0.903689 0.327358 0.067893 0.651802 0.812465 0.379722 0.710162 0.849828
0.077591 0.808749 0.514960 0.280342 0.891108 0.458119 0.113804 0.689807 0.716961 0.364613 0.640968 0.908584
0.192363 0.737640 0.597093 0.173942 0.932445 0.416138 0.076751 0.638744 0.842054 0.345152 0.740451 0.872723
0.159774 0.785685 0.617182 0.196025 0.898307 0.367220 0.108282 0.674575 0.692844 0.353592 0.730578 0.866267
0.154876 0.757557 0.586824 0.189439 0.959734 0.402761 0.026350 0.661511 0.743609 0.351637 0.794516 0.913662
0.217214 0.608972 0.620188 0.188332 0.880624 0.379549 -0.004279 0.692424 0.693324 0.265002 0.836143 0.942062
0.187643 0.843397 0.603702 0.206772 0.905191 0.398379 -0.060966 0.624189 0.761083 0.361533 0.693790 0.862944
0.278439 0.693403 0.625414 0.064683 0.863433 0.327305 0.052574 0.637536 0.683764 0.345848 0.738406 0.963860
0.194380 0.706660 0.477434 0.138965 0.864433 0.368997 0.110331 0.603069 0.774943 0.389818 0.807214 1.013016
0.137332 0.721000 0.593423 0.132411 0.885649 0.369128 0.105189 0.622412 0.763189 0.384001 0.820748 0.779434
0.235195 0.675889 0.617720 0.235706 0.879070 0.359889 0.047730 0.602277 0.711598 0.384142 0.784373 0.878007
0.266895 0.751107 0.541697 0.244149 0.912757 0.360617 0.046738 0.709182 0.756743 0.373676 0.812230 0.890520
0.131053 0.779954 0.615495 0.186958 0.836529 0.401940 0.143980 0.702922 0.752433 0.267858 0.899481 0.924843
0.196264 0.834129 0.567268 0.243670 0.843945 0.360666 0.102430 0.708148 0.796916 0.358328 0.830290 0.863654
0.159066 0.769147 0.638578 0.267604 0.895724 0.368304 0.062864 0.534832 0.743754 0.284716 0.788219 0.885113
0.210466 0.783637 0.632441 0.195606 0.867333 0.427703 0.076243 0.741202 0.787572 0.398435 0.793391 1.000901
0.214042 0.773890 0.582914 0.140017 0.893455 0.331083 0.056635 0.754731 0.792322 0.337750 0.893228 0.876925
0.182367 0.759152 0.595048 0.208317 0.913548 0.406700 0.054715 0.665164 0.775390 0.377178 0.755682 0.951407
0.149651 0.756822 0.601687 0.202248 0.815211 0.371274 -0.019175 0.513297 0.789118 0.365136 0.764013 0.893452
0.133482 0.781311 0.575311 0.183225 0.831056 0.323094 0.099709 0.690999 0.787964 0.348519 0.764775 0.837686
0.159814 0.729997 0.615159 0.171081 0.895705 0.364584 0.129813 0.725768 0.793256 0.353383 0.808038 0.822840
0.152463 0.799353 0.530081 0.218276 0.737965 0.377921 0.005789 0.664020 0.729803 0.373149 0.745497 0.934898
0.151230 0.784377 0.603526 0.178994 1.013116 0.344997 -0.023242 0.640307 0.751003 0.337221 0.723750 0.905829
0.159902 0.736849 0.602359 0.241950 0.905380 0.397362 -0.021817 0.669347 0.825089 0.419524 0.775699 0.877678
0.121879 0.721418 0.521553 0.187024 0.842680 0.434294 0.075114 0.743232 0.727612 0.364557 0.767782 0.789286
0.200077 0.787387 0.546272 0.159020 0.935018 0.400151 0.065629 0.651154 0.728422 0.266460 0.748002 0.895862
0.162115 0.767287 0.531297 0.227393 0.870477 0.369827 0.053434 0.671137 0.764031 0.349690 0.712540 0.841159
0.183788 0.749951 0.557798 0.136702 0.961380 0.398359 0.076513 0.634796 0.839225 0.331088 0.711065 0.944131
0.221142 0.740306 0.555920 0.120433 0.867496 0.302072 0.077131 0.717533 0.798371 0.375072 0.788293 0.916490
0.166036 0.697268 0.653124 0.188802 0.813989 0.341567 -0.021478 0.720454 0.747846 0.333244 0.685980 0.906663
0.172380 0.747939 0.582527 0.245657 0.757154 0.308250 0.128766 0.629461 0.772848 0.437963 0.844176 0.945609
0.193904 0.753459 0.631719 0.066583 0.915601 0.305207 0.060886 0.672196 0.659678 0.420969 0.870408 0.870531
0.173881 0.765810 0.509423 0.174650 0.884608 0.373906 0.065027 0.705281 0.731847 0.378482 0.787404 0.945746
0.219777 0.809886 0.551588 0.319886 0.896634 0.423595 0.002916 0.714492 0.813726 0.325959 0.803009 1.028512
0.161221 0.760596 0.633771 0.228549 0.828980 0.347179 -0.053243 0.653349 0.853462 0.280865 0.765824 0.937781
0.251593 0.792589 0.447907 0.284828 0.907876 0.366073 0.040722 0.761894 0.830458 0.397145 0.699596 0.874140
0.190354 0.793864 0.531509 0.211893 0.839878 0.399195 0.040388 0.637512 0.738621 0.295338 0.744998 0.898020
0.054666 0.817081 0.659934 0.188209 0.870278 0.377522 0.088437 0.590664 0.751153 0.413581 0.746264 0.866652
0.219500 0.711444 0.509596 0.253879 0.820427 0.435850 0.045832 0.722197 0.701680 0.328899 0.775956 0.888308
0.117533 0.688687 0.558441 0.183192 0.891395 0.401031 -0.019722 0.634845 0.823753 0.311130 0.682669 0.975355
0.138826 0.713859 0.487421 0.115595 0.970019 0.375424 0.063874 0.595393 0.658508 0.362400 0.807470 0.950184
0.222640 0.748836 0.603811 0.190238 0.819134 0.275970 0.044528 0.658625 0.857188 0.332801 0.786960 0.817079
0.183039 0.767671 0.642240 0.226446 0.906003 0.331735 0.130882 0.721759 0.793582 0.284107 0.761121 1.023701
0.213474 0.749581 0.604876 0.153372 0.882796 0.308429 0.061513 0.641045 0.787477 0.302311 0.728750 0.857430
0.230593 0.753153 0.625014 0.125032 0.919138 0.390455 0.055264 0.725589 0.760365 0.264938 0.806536 0.873723
0.181149 0.815226 0.586014 0.160843 0.937216 0.325630 -0.007941 0.718169 0.794608 0.360059 0.803609 0.929888
0.196127 0.723083 0.512508 0.193542 0.835073 0.346526 0.103485 0.729548 0.744681 0.349973 0.757589 0.810169
0.195574 0.691509 0.576942 0.278436 0.936786 0.327188 0.043627 0.698061 0.790923 0.299946 0.735988 0.948692
0.178944 0.720421 0.559067 0.181978 0.931640 0.404589 0.023485 0.702915 0.741456 0.371543 0.799656 0.947037
0.053085 0.635058 0.629603 0.224703 0.860925 0.302031 -0.069195 0.661563 0.752883 0.335398 0.820287 0.837399
0.142142 0.708997 0.575867 0.170899 0.861857 0.443153 0.092394 0.693731 0.831514 0.367198 0.759109 0.857782
0.143118 0.714469 0.595002 0.219321 0.869772 0.330870 0.015093 0.640676 0.819027 0.302644 0.894198 0.878056
0.230750 0.717557 0.586200 0.209457 0.867034 0.332819 0.018670 0.591413 0.762010 0.315450 0.690874 0.902807
0.112003 0.714426 0.622145 0.218815 0.828852 0.367879 0.035128 0.683169 0.777196 0.389924 0.785953 0.966682
0.223938 0.803679 0.576068 0.186222 0.869488 0.359815 0.096120 0.692315 0.751943 0.426829 0.815260 0.880703
0.216087 0.760986 0.593228 0.239751 0.828479 0.379049 0.039431 0.688845 0.750370 0.360176 0.789304 0.954434
0.250152 0.663319 0.654697 0.126554 0.917704 0.346342 0.047437 0.717524 0.740804 0.421743 0.760524 0.851806
0.108507 0.651069 0.575344 0.265557 0.938142 0.456904 -0.007893 0.581782 0.768129 0.303169 0.752755 1.003773
0.164113 0.744534 0.592912 0.198943 0.908264 0.367857 0.067783 0.705173 0.720053 0.384479 0.704796 0.923054
0.227487 0.734744 0.613733 0.163405 0.939621 0.366448 0.128229 0.715284 0.818855 0.301207 0.839532 0.868632
0.115581 0.787172 0.586548 0.179257 0.866253 0.369482 0.081864 0.677828 0.765907 0.323575 0.710666 0.852434
0.195963 0.720014 0.564496 0.207907 0.910951 0.332686 0.029733 0.646126 0.852559 0.430155 0.673041 0.965513
0.278427 0.827237 0.652385 0.265326 0.835953 0.358981 0.057552 0.566874 0.806530 0.253712 0.824488 1.033148
0.152674 0.786196 0.576288 0.146029 0.883545 0.406117 0.121388 0.608970 0.775179 0.302848 0.841038 0.889396
0.201944 0.730125 0.670514 0.176022 0.812892 0.368673 0.144399 0.645130 0.862973 0.231180 0.788853 0.828388
0.189393 0.777717 0.662666 0.183556 0.918145 0.317174 -0.034624 0.732280 0.668536 0.354415 0.760692 0.859118
0.207921 0.744056 0.564015 0.189238 0.872040 0.375248 0.079054 0.657219 0.817550 0.392864 0.761337 0.992191
0.138450 0.804843 0.504781 0.251906 0.917585 0.402364 -0.005992 0.620538 0.752481 0.310670 0.695498 0.988113
0.121281 0.656054 0.630237 0.166148 0.779747 0.363815 0.037768 0.692629 0.823976 0.313394 0.711110 0.922329
0.200674 0.755647 0.627060 0.217848 0.831446 0.408583 0.057846 0.702567 0.831145 0.297708 0.826958 0.829226
0.099764 0.792048 0.618513 0.199365 0.843538 0.381163 -0.024902 0.624396 0.693367 0.400588 0.762359 0.830574
0.124993 0.715664 0.524640 0.285404 0.840331 0.359731 0.085150 0.726253 0.805063 0.391307 0.692455 0.989491
0.189217 0.738753 0.594862 0.229560 0.869434 0.396117 0.106660 0.637560 0.724660 0.296735 0.795115 0.937312
0.211690 0.834991 0.532379 0.126279 0.798128 0.414550 0.066095 0.717722 0.699319 0.358682 0.748489 0.837608
0.123484 0.776045 0.534070 0.192328 0.811600 0.419026 -0.002489 0.684332 0.750147 0.359500 0.775140 0.903378
0.183525 0.849743 0.569033 0.297707 0.892723 0.357611 0.010880 0.630445 0.741379 0.414823 0.743075 0.765494
0.162382 0.713478 0.490123 0.223467 0.954775 0.365110 0.059453 0.617997 0.843822 0.331186 0.800575 1.005472
0.093491 0.755592 0.568627 0.117589 0.898201 0.285950 0.100207 0.592475 0.758362 0.317316 0.765507 0.856481
0.124233 0.713048 0.629617 0.207406 0.891241 0.435819 0.035664 0.680995 0.770565 0.364725 0.788004 0.888692
0.251592 0.798078 0.682329 0.212628 0.830023 0.358204 0.092676 0.684550 0.707179 0.368919 0.833222 0.958583
0.242718 0.767658 0.565148 0.122416 0.904057 0.351179 0.108563 0.724256 0.797343 0.377697 0.716696 0.910380
0.145854 0.786606 0.593654 0.230212 0.917341 0.433765 0.073178 0.681539 0.842015 0.310857 0.851107 0.876357
0.179526 0.720931 0.565590 0.262859 0.867671 0.490485 0.144920 0.693851 0.769916 0.281903 0.689516 0.891210
0.279625 0.790894 0.603081 0.179778 0.907154 0.358520 0.066537 0.645064 0.811562 0.343833 0.796720 0.880249
0.246756 0.686483 0.563745 0.206223 0.939702 0.356637 0.000593 0.706234 0.770074 0.389680 0.763003 0.903280
0.225573 0.794154 0.646280 0.181066 0.890792 0.327459 0.031865 0.690931 0.819554 0.351357 0.780024 0.875187
0.222819 0.735236 0.582836 0.145266 0.882887 0.305559 0.135860 0.688342 0.746995 0.370193 0.756224 0.937006
0.103561 0.712276 0.681211 0.168926 0.895417 0.379411 -0.005513 0.760222 0.794263 0.345096 0.745179 0.946010
0.131055 0.711119 0.565862 0.070096 0.831047 0.397594 0.075671 0.754648 0.816472 0.269333 0.827869 0.833816
0.145225 0.710278 0.599286 0.252765 0.838198 0.366207 0.131586 0.619445 0.708653 0.320300 0.818630 0.857014
0.190861 0.686315 0.517042 0.189544 0.865926 0.391060 0.025058 0.628816 0.721128 0.334850 0.804475 0.905613
0.260643 0.697285 0.543225 0.214508 0.804159 0.328253 0.012532 0.715573 0.641094 0.439399 0.831745 0.922936
0.180595 0.762171 0.656266 0.224245 0.928938 0.451385 0.046053 0.689741 0.785103 0.231684 0.711299 1.020845
0.119530 0.689631 0.555864 0.197705 0.926692 0.396356 -0.011352 0.606234 0.758189 0.300242 0.735082 0.811303
0.176538 0.736214 0.558749 0.216402 0.848301 0.458562 0.046773 0.669852 0.779819 0.284869 0.868783 0.850187
0.258884 0.762739 0.447555 0.172803 0.825466 0.404313 0.031056 0.653282 0.808479 0.264117 0.722051 0.949806
0.206617 0.747893 0.511545 0.147486 0.869842 0.439732 0.056121 0.613714 0.761959 0.389842 0.814494 0.971817
0.181204 0.696471 0.629110 0.148231 0.796916 0.309336 0.024209 0.717593 0.811267 0.402866 0.687065 0.847902
0.148835 0.629624 0.615429 0.188043 0.899241 0.362819 -0.014255 0.682775 0.756080 0.302213 0.755239 0.983855
0.110171 0.755928 0.617612 0.161218 0.816217 0.383117 0.078607 0.693142 0.793852 0.333790 0.749960 0.834754
0.162756 0.857551 0.589206 0.144745 0.820677 0.399771 0.056049 0.614106 0.814026 0.310320 0.752469 0.919045
0.141808 0.677571 0.560495 0.143886 0.912287 0.357922 -0.002389 0.647651 0.763758 0.353773 0.817638 0.845221
0.152581 0.812612 0.552283 0.117537 0.920889 0.333201 -0.007581 0.694092 0.800754 0.429200 0.815510 0.881704
0.041655 0.730239 0.609510 0.272190 0.918726 0.372444 0.040677 0.684590 0.740789 0.331839 0.853510 0.927903
0.153063 0.719069 0.613250 0.161822 0.871658 0.451349 0.039595 0.670789 0.730103 0.393790 0.797893 0.945254
0.242480 0.828748 0.543678 0.267166 0.911908 0.286195 0.052123 0.684872 0.796591 0.356895 0.792384 0.920267
0.162117 0.849167 0.593984 0.218912 0.843774 0.458086 0.015994 0.712157 0.764563 0.240540 0.733245 0.872401
0.171895 0.665548 0.557809 0.192809 0.919366 0.370145 0.097768 0.689413 0.717011 0.394479 0.864571 0.862249
0.156862 0.735528 0.571614 0.209461 0.923459 0.415239 0.008093 0.686300 0.804856 0.298415 0.758976 0.874285
0.183509 0.712083 0.635574 0.229555 0.866894 0.316111 0.069142 0.725402 0.804762 0.341179 0.664497 0.932894
0.087085 0.740724 0.556229 0.225051 0.768089 0.391310 0.050609 0.615249 0.764881 0.304855 0.762243 0.929034
0.207083 0.862999 0.537839 0.187313 0.966755 0.375451 0.013802 0.725978 0.707734 0.396346 0.776843 0.916527
0.221309 0.825036 0.555731 0.196622 0.854979 0.304077 0.083590 0.675646 0.767178 0.303285 0.779900 0.846787
0.272946 0.749834 0.547593 0.167460 0.879530 0.425965 0.074127 0.672537 0.705947 0.362794 0.805273 0.922921
0.153971 0.742078 0.606615 0.191602 0.882670 0.420724 0.035198 0.650434 0.844300 0.309035 0.882616 0.953453
0.189676 0.765862 0.607175 0.288740 0.874615 0.425429 0.071737 0.650605 0.699794 0.336295 0.895844 0.966654
0.077075 0.774575 0.543090 0.209792 0.783397 0.373991 0.050998 0.695929 0.866788 0.332762 0.761580 0.941383
0.209200 0.765265 0.600041 0.227923 0.870111 0.234937 -0.008477 0.671252 0.720356 0.422514 0.804524 0.960470
0.201089 0.737419 0.524559 0.248179 0.864036 0.373717 -0.019375 0.667503 0.707095 0.361021 0.728895 0.853470
0.159790 0.788396 0.564295 0.231697 0.802044 0.315342 0.047798 0.694347 0.849174 0.358224 0.819499 0.975510
0.166380 0.730458 0.589210 0.181878 0.819295 0.339432 0.070051 0.639238 0.732088 0.286514 0.773502 0.835899
0.115085 0.780385 0.623791 0.225219 0.903268 0.337490 0.075741 0.714874 0.662775 0.304712 0.814698 0.801097
0.216221 0.849950 0.505639 0.229636 0.804608 0.417725 0.118541 0.747295 0.881533 0.343402 0.830372 0.899965
0.173517 0.770743 0.630510 0.138259 0.860897 0.421437 0.005753 0.691807 0.872899 0.387879 0.787719 1.059556
0.189788 0.736690 0.574182 0.173533 0.875683 0.352223 -0.052481 0.657182 0.838524 0.368113 0.777895 0.907054
0.165044 0.738919 0.587186 0.166461 0.926233 0.349524 0.137229 0.625533 0.758236 0.394067 0.766212 0.948599
0.069712 0.759613 0.580471 0.235523 0.829449 0.362270 0.020938 0.740955 0.711850 0.291492 0.831111 0.854698
0.176923 0.666775 0.546203 0.248771 0.839840 0.393086 0.062533 0.699901 0.723543 0.342011 0.769176 0.873708
0.115805 0.775742 0.570995 0.181128 0.882703 0.346561 0.043169 0.652635 0.784023 0.390365 0.729174 0.842384
0.044557 0.831660 0.577568 0.304446 0.901258 0.392488 0.146332 0.725755 0.745016 0.421441 0.773827 0.932962
0.224901 0.730438 0.463947 0.253075 0.856587 0.502198 0.037149 0.616351 0.751990 0.252847 0.797526 0.837361
0.204108 0.679979 0.528837 0.200990 0.828327 0.328528 0.022933 0.685207 0.752216 0.219243 0.713134 0.877976
0.105236 0.733568 0.594951 0.198185 0.799235 0.420603 0.059200 0.618747 0.672418 0.344540 0.845624 0.881103
0.177678 0.704520 0.585809 0.193648 0.900005 0.405300 0.033910 0.608975 0.900487 0.335412 0.869524 0.864877
0.076248 0.700584 0.606360 0.243320 0.889093 0.387811 -0.022879 0.569985 0.821211 0.247626 0.675691 0.845275
0.157706 0.755372 0.470453 0.206946 0.864695 0.294891 0.009410 0.587086 0.704036 0.331505 0.803878 0.944925
0.232104 0.801168 0.574221 0.133056 0.957133 0.360244 0.051606 0.716606 0.725854 0.374326 0.774596 0.846021
0.134050 0.739661 0.591466 0.135383 0.811681 0.319402 0.040583 0.781964 0.801672 0.441744 0.778037 0.920485
0.243932 0.736908 0.554901 0.205928 0.936433 0.408052 0.087091 0.700027 0.782934 0.228001 0.696129 0.935269
0.226605 0.711529 0.542188 0.258849 0.807530 0.452064 0.046374 0.674414 0.750799 0.348729 0.846342 0.941753
0.195993 0.741256 0.646876 0.197805 0.909007 0.391993 0.010577 0.655121 0.724731 0.305250 0.811809 0.878886
0.191142 0.829897 0.612605 0.188848 0.920491 0.374142 -0.041510 0.638996 0.699191 0.303148 0.773272 0.926423
0.183954 0.767518 0.516962 0.223777 0.881298 0.362198 0.115705 0.682395 0.851918 0.289564 0.744962 0.919066
0.121254 0.731838 0.577856 0.183841 0.910055 0.413984 0.161242 0.657177 0.750409 0.296664 0.796989 0.905056
0.123766 0.734770 0.495738 0.146057 0.840672 0.334509 0.044630 0.700985 0.767374 0.327920 0.815839 0.876928
0.176489 0.703530 0.551664 0.175531 0.853311 0.347402 0.073995 0.621463 0.784918 0.288727 0.759057 0.855341
0.174402 0.756296 0.671019 0.218426 0.881526 0.338970 0.004338 0.680204 0.653134 0.308203 0.820865 0.831187
0.176396 0.723682 0.666950 0.091317 0.794449 0.399807 0.013679 0.773786 0.769025 0.304591 0.751540 0.905276
0.100418 0.758278 0.521476 0.155792 0.848472 0.403979 0.110487 0.701294 0.828151 0.281040 0.786153 0.879165
0.161252 0.826384 0.528234 0.172790 0.846492 0.465857 0.028726 0.617226 0.756877 0.230921 0.716964 1.018614
0.349783 0.756738 0.642660 0.186954 0.860235 0.382567 0.048392 0.716106 0.762380 0.300688 0.664229 0.850012
0.096138 0.775087 0.561399 0.236449 0.918189 0.429944 0.099596 0.600751 0.841478 0.319851 0.799830 0.916069
0.140001 0.751059 0.565309 0.238007 0.819229 0.349376 -0.023136 0.653284 0.747581 0.374544 0.752346 0.881224
0.168552 0.718546 0.559100 0.154007 0.905730 0.462974 0.049727 0.707081 0.858507 0.431254 0.848252 0.978604
0.080078 0.778738 0.587996 0.223784 0.855969 0.292976 0.134342 0.625767 0.848358 0.290085 0.713081 0.873304
0.169238 0.778941 0.689459 0.206166 0.780966 0.391962 0.036928 0.556271 0.755049 0.365177 0.762174 0.927655
0.261793 0.867313 0.627707 0.226999 0.805171 0.344536 0.009425 0.632132 0.780987 0.331974 0.762810 1.017185
0.127331 0.791593 0.650953 0.247861 1.003233 0.408320 0.099050 0.719358 0.728179 0.353752 0.739316 0.912811
0.246937 0.751365 0.538918 0.227684 0.842185 0.377101 0.052330 0.678763 0.850784 0.392784 0.773972 0.923966
0.192276 0.698415 0.579493 0.256971 0.939428 0.369624 0.121634 0.614943 0.763460 0.255593 0.803489 0.921968
0.119820 0.788464 0.596406 0.230159 0.878393 0.302232 0.071439 0.580622 0.798031 0.330738 0.851725 0.843904
0.176771 0.830564 0.644514 0.224215 0.832811 0.401770 0.125725 0.715490 0.707066 0.366504 0.787386 0.921392
0.171853 0.845145 0.570485 0.217873 0.878039 0.460693 0.024479 0.609804 0.820650 0.298624 0.818121 0.901508
0.128681 0.747445 0.641505 0.170856 0.876131 0.453011 0.087069 0.709189 0.819738 0.268202 0.888749 0.928447
0.211012 0.651419 0.653301 0.258761 0.817826 0.380050 0.040771 0.704279 0.737416 0.413229 0.708346 0.905581
0.149288 0.678520 0.511751 0.178940 0.794263 0.388006 0.021258 0.644564 0.807921 0.332514 0.717368 0.850372
0.146244 0.735734 0.548454 0.129302 0.869111 0.356183 0.090491 0.590730 0.745722 0.296524 0.704649 0.936405
0.242539 0.700300 0.521657 0.207103 0.889876 0.299752 0.014421 0.713901 0.778919 0.350902 0.774948 0.917254
0.175217 0.754990 0.596104 0.194239 0.879430 0.352331 0.148198 0.627473 0.750713 0.318015 0.788017 0.863649
0.197666 0.657179 0.542446 0.172285 0.844702 0.327384 0.096372 0.745060 0.855791 0.309590 0.779659 0.768288
0.198870 0.770182 0.652950 0.152236 0.878764 0.293391 0.066993 0.783287 0.765107 0.337331 0.811580 0.872035
0.216279 0.733355 0.705505 0.182992 0.849846 0.422712 0.049201 0.699717 0.771832 0.341509 0.729214 0.836298
0.141330 0.707488 0.685927 0.040325 0.848822 0.317341 0.089814 0.710909 0.762001 0.278837 0.782275 0.870966
0.145661 0.799545 0.639179 0.024792 0.897533 0.200294 0.088570 0.720625 0.734921 0.340796 0.772402 0.827791
0.178908 0.695989 0.583307 0.039639 0.874061 0.442304 0.061849 0.763933 0.762003 0.345565 0.835325 0.877619
0.162441 0.882302 0.661151 0.250863 0.898668 0.364680 0.037373 0.648516 0.816569 0.376588 0.787372 0.856827
0.192542 0.689886 0.574339 0.152439 0.852658 0.388268 -0.001435 0.725712 0.732236 0.342255 0.807906 0.861813
0.239845 0.776343 0.644959 0.190414 0.906515 0.308914 0.055250 0.690208 0.729755 0.360780 0.794916 0.865146
0.126698 0.659704 0.595412 0.156327 0.873179 0.369140 0.027918 0.693782 0.769946 0.367569 0.715401 0.887864
0.171032 0.793338 0.627690 0.104427 0.936134 0.362008 0.002191 0.711007 0.708900 0.310057 0.749947 0.883936
0.218391 0.730550 0.685655 0.183449 0.880756 0.326088 0.061120 0.663253 0.709878 0.387963 0.764422 0.819632
0.122322 0.832676 0.654422 0.196556 0.902411 0.414365 0.051711 0.698990 0.796078 0.320632 0.844385 0.919999
0.187337 0.718586 0.657944 0.236392 0.887255 0.401645 0.060433 0.658037 0.780633 0.381098 0.813241 0.942938
0.174159 0.821106 0.571097 0.161756 0.735693 0.419728 0.128321 0.635626 0.676701 0.399569 0.758121 0.940183
0.116236 0.732813 0.663536 0.221618 0.857603 0.268213 0.053448 0.688596 0.772907 0.334139 0.756203 0.942313
0.208651 0.790713 0.580051 0.135083 0.885567 0.322615 -0.023670 0.698203 0.812732 0.324027 0.745284 0.941848
0.118126 0.739009 0.619760 0.120046 0.898740 0.381601 0.019926 0.687292 0.765465 0.438688 0.755297 0.902483
0.211329 0.762255 0.563712 0.238938 0.806464 0.285055 0.104111 0.623711 0.846245 0.361273 0.779377 0.845850
0.215453 0.776495 0.620034 0.082761 0.846642 0.426526 0.083632 0.655201 0.712175 0.395956 0.854342 0.873155
0.163401 0.690145 0.554612 0.159469 0.962479 0.373649 0.049193 0.733741 0.887050 0.332077 0.843497 1.000725
0.130429 0.764644 0.446000 0.178232 0.794864 0.344361 0.107898 0.671760 0.692214 0.253375 0.758907 0.901543
0.150072 0.779130 0.636084 0.211469 0.888813 0.389630 0.012146 0.721442 0.890184 0.264053 0.777660 0.900720
0.098795 0.716816 0.597395 0.249842 0.838205 0.328516 0.054496 0.623602 0.741816 0.235591 0.764918 0.883869
0.226358 0.753684 0.548057 0.313077 0.926411 0.383350 0.093365 0.748421 0.767627 0.283847 0.800014 0.933382
0.098547 0.817333 0.562353 0.205878 0.864721 0.409675 0.024514 0.689761 0.775637 0.255244 0.814776 0.930120
0.206970 0.716128 0.543348 0.162983 0.866635 0.352077 0.057494 0.658718 0.785069 0.331879 0.692694 0.938492
0.306793 0.735763 0.542403 0.281945 0.826088 0.349698 0.023745 0.706107 0.671063 0.325902 0.811776 0.918960
0.195803 0.746138 0.576116 0.302436 0.860221 0.368170 0.066796 0.628805 0.750088 0.328983 0.720172 0.899371
0.244854 0.779921 0.547321 0.203444 0.921163 0.299040 0.137015 0.714618 0.785222 0.371302 0.761005 0.899697
0.228215 0.657451 0.568207 0.117668 0.896587 0.405721 0.070169 0.752645 0.858120 0.335270 0.718216 0.961688
0.237631 0.878966 0.583462 0.114543 0.797833 0.338212 0.035448 0.572522 0.753679 0.402038 0.769759 0.911520
0.148832 0.863462 0.459715 0.204111 0.845465 0.342358 0.051221 0.583461 0.731259 0.324462 0.785686 0.970905
0.200007 0.808740 0.563185 0.192571 0.849141 0.359527 0.080923 0.633379 0.779259 0.377011 0.820854 0.899749
0.139631 0.750821 0.695542 0.132969 0.766285 0.379180 -0.035047 0.655620 0.855155 0.330728 0.721901 0.931354
0.178500 0.731461 0.498040 0.186876 0.770531 0.443032 0.034516 0.701203 0.794252 0.341469 0.797769 0.905489
0.080375 0.724327 0.562045 0.214078 0.834719 0.308555 0.041057 0.718631 0.749073 0.333812 0.753425 0.885553
0.248706 0.765773 0.601830 0.201969 0.853588 0.384533 0.087452 0.650553 0.822555 0.220568 0.803429 0.820749
0.210378 0.834453 0.655792 0.175803 0.861658 0.326114 0.080402 0.706410 0.759092 0.282521 0.903470 0.850486
0.192550 0.828497 0.525052 0.236275 0.889787 0.406134 0.116026 0.790255 0.743563 0.251741 0.888012 0.952788
0.214036 0.684126 0.504943 0.272228 0.953101 0.365652 0.029322 0.683740 0.814413 0.391484 0.817543 0.867291
0.168690 0.725378 0.618149 0.193435 0.895866 0.289270 0.043829 0.589833 0.771419 0.263415 0.876045 0.902003
0.240638 0.775339 0.596228 0.128717 0.909457 0.379660 0.115953 0.733414 0.715066 0.308460 0.692779 1.026040
0.245633 0.769756 0.557482 0.123042 0.830080 0.344567 0.018960 0.575657 0.792537 0.396289 0.796580 0.957818
0.164221 0.717576 0.684279 0.144419 0.782695 0.478738 0.020787 0.642650 0.760360 0.392765 0.813394 0.938974
0.176151 0.736151 0.527332 0.172394 0.717011 0.326763 0.017806 0.689852 0.812840 0.306847 0.795636 0.945477
0.165648 0.735404 0.614059 0.184291 0.900548 0.374207 0.026749 0.831668 0.767080 0.409748 0.773345 0.878057
0.266391 0.773661 0.522932 0.241122 0.908616 0.369485 0.034198 0.735333 0.822203 0.382430 0.807832 0.889155
0.168152 0.646440 0.642402 0.200794 0.885772 0.285516 0.066104 0.629454 0.756328 0.284195 0.754909 0.875362
0.240011 0.607930 0.621948 0.158773 0.825212 0.363515 0.002331 0.734090 0.744158 0.265441 0.783039 0.889943
0.248285 0.782370 0.593349 0.223991 0.774081 0.424516 0.029030 0.696784 0.729539 0.392861 0.804403 0.930310
0.125854 0.770213 0.576650 0.132875 0.938376 0.319870 0.073136 0.703184 0.729278 0.367664 0.755688 0.951603
0.179544 0.702231 0.583511 0.162328 0.832200 0.440333 0.068082 0.730851 0.722224 0.346468 0.796426 0.887121
0.186753 0.718570 0.533429 0.126374 0.846334 0.459802 0.080122 0.587956 0.804376 0.397447 0.770941 0.874473
0.193203 0.736506 0.615419 0.126788 0.868710 0.412741 0.153361 0.665933 0.713137 0.329375 0.842607 0.884787
0.262456 0.699411 0.623549 0.155395 0.895167 0.426216 0.157068 0.658252 0.711880 0.351848 0.769512 0.925222
0.100218 0.775136 0.541901 0.281890 0.963084 0.406397 0.144247 0.638392 0.805618 0.422443 0.732656 0.816711
0.222763 0.686356 0.564790 0.237177 0.809585 0.316215 0.080954 0.620440 0.748274 0.401513 0.699432 0.892051
0.173500 0.778740 0.572815 0.244005 0.918265 0.369382 0.099157 0.700319 0.846666 0.337497 0.802027 0.844375
0.224020 0.732187 0.653457 0.197715 0.872553 0.468614 -0.097027 0.658533 0.814249 0.390527 0.792662 0.899174
0.242458 0.665878 0.675433 0.195834 0.838000 0.349144 0.041808 0.621430 0.801017 0.363881 0.781538 0.885830
0.138957 0.718422 0.575490 0.220033 0.907411 0.404667 0.054156 0.634290 0.820682 0.277390 0.707848 0.828476
0.168890 0.738214 0.638341 0.147291 0.905055 0.368054 0.060922 0.619724 0.776543 0.349486 0.767519 0.878394
0.156323 0.794649 0.532378 0.187923 0.872931 0.424570 0.061358 0.667681 0.836869 0.327483 0.756630 0.940979
0.084499 0.803995 0.549155 0.200151 0.865438 0.325478 0.031513 0.627269 0.754250 0.369388 0.852947 0.949747
0.191576 0.775756 0.654050 0.199439 0.845549 0.356560 -0.000938 0.687056 0.755299 0.249061 0.793906 0.879546
0.185632 0.796767 0.553894 0.085865 0.921282 0.319747 0.196807 0.643999 0.848179 0.346322 0.772798 0.873345
0.158760 0.803922 0.536560 0.328011 0.969729 0.395807 -0.000473 0.709717 0.711879 0.424277 0.740639 0.948284
0.077344 0.839190 0.535041 0.183438 0.900442 0.439341 0.004311 0.641775 0.701050 0.231960 0.751365 0.900301
0.251415 0.746378 0.551152 0.208305 0.837351 0.381913 0.048911 0.692004 0.764776 0.394765 0.853157 0.857385
0.255583 0.661312 0.655511 0.176012 0.910928 0.409534 -0.000150 0.681600 0.850713 0.397051 0.842721 0.901070
0.173290 0.822675 0.551898 0.302709 0.796438 0.387061 0.022929 0.667113 0.780550 0.358170 0.808253 0.937235
0.142652 0.773256 0.628755 0.232059 0.863160 0.365631 0.020930 0.641864 0.708986 0.316724 0.779565 0.813614
0.182868 0.749288 0.517394 0.159068 0.854930 0.358685 0.050750 0.606972 0.740546 0.331836 0.894237 0.931544
0.164806 0.740136 0.623896 0.189294 0.868297 0.347860 0.032414 0.606936 0.671600 0.265385 0.641035 0.819801
0.164673 0.776030 0.536694 0.196198 0.823985 0.284847 0.005304 0.659351 0.683916 0.307492 0.850591 0.970520
0.248041 0.720658 0.608317 0.157894 0.828593 0.421690 0.021232 0.687197 0.758334 0.330459 0.788380 0.820284
0.078213 0.773307 0.534171 0.173507 0.853874 0.401878 0.029404 0.582308 0.665637 0.345230 0.726629 0.905632
0.150409 0.671516 0.549891 0.209898 0.888718 0.420130 0.069387 0.709052 0.745206 0.330299 0.863312 0.903222
0.184881 0.756199 0.480924 0.155434 0.839401 0.343722 0.035783 0.701651 0.858022 0.380484 0.735460 0.881534
0.231928 0.693219 0.573163 0.276414 0.815604 0.369742 0.068207 0.681978 0.739482 0.319818 0.687923 0.934977
0.177105 0.788562 0.590423 0.157368 0.850068 0.284194 -0.007341 0.692674 0.775584 0.353337 0.689549 0.940942
0.171376 0.780874 0.637962 0.247649 0.804960 0.353250 0.094444 0.657730 0.755977 0.414159 0.827133 0.842531
0.158623 0.744156 0.651757 0.169597 0.844788 0.316107 0.122797 0.628308 0.807099 0.278018 0.753010 0.893466
0.193984 0.709573 0.553514 0.147084 0.845015 0.358633 0.020526 0.689260 0.804396 0.353084 0.794197 0.823384
0.220720 0.717736 0.578594 0.212145 0.870373 0.428440 0.025783 0.633153 0.643750 0.344674 0.770160 0.925614
0.179163 0.863280 0.591541 0.230580 0.999636 0.411269 0.073946 0.571233 0.749845 0.395717 0.723421 0.814988
0.072519 0.805722 0.629980 0.172505 0.856521 0.367936 0.061097 0.726019 0.797415 0.335110 0.822149 0.861822
0.170196 0.760479 0.556834 0.158977 0.900519 0.382464 0.038294 0.731564 0.804658 0.368963 0.767252 0.982701
0.106984 0.694494 0.567411 0.229290 0.816873 0.332321 0.128542 0.694956 0.844844 0.314823 0.800201 0.803653
0.180485 0.729205 0.580115 0.251803 0.971491 0.373261 0.055971 0.644860 0.787193 0.308126 0.684232 0.846661
0.267510 0.691391 0.582426 0.251524 0.892634 0.307929 0.061593 0.695172 0.797410 0.316982 0.722774 0.922027
0.152703 0.821792 0.528557 0.200140 0.839389 0.322092 0.019399 0.724381 0.785545 0.319992 0.782569 0.879585
0.180315 0.723194 0.663521 0.182529 0.922259 0.368238 0.034047 0.742249 0.886771 0.328197 0.727370 1.018832
0.246290 0.641663 0.639147 0.193464 0.771128 0.440792 0.062165 0.752280 0.738783 0.325149 0.738578 0.923286
0.206614 0.761628 0.565554 0.229090 0.960135 0.378233 0.025489 0.651041 0.790151 0.333005 0.773759 0.858282
0.166349 0.714888 0.570372 0.202909 0.896673 0.351169 -0.042948 0.729384 0.762316 0.390571 0.742756 0.908916
0.187323 0.786413 0.628487 0.252395 0.893347 0.357983 0.067792 0.680699 0.822526 0.341600 0.795131 0.940897
0.147144 0.848552 0.660412 0.201314 0.834635 0.307818 0.125380 0.665625 0.716926 0.338680 0.815218 0.835311
0.241503 0.773570 0.450008 0.141857 0.903875 0.407580 0.113586 0.657376 0.786085 0.326696 0.810984 0.871774
0.259516 0.806143 0.568839 0.163838 0.834021 0.302479 0.064747 0.718162 0.710406 0.374574 0.740858 0.978107
0.280186 0.679442 0.624401 0.153344 0.887645 0.404073 -0.062464 0.628580 0.770184 0.405569 0.792151 0.871986
0.210343 0.774496 0.575905 0.174805 0.815437 0.429285 -0.013424 0.650049 0.754999 0.366287 0.802492 0.882955
0.140756 0.728715 0.551463 0.218788 0.893970 0.393554 0.001694 0.715404 0.793863 0.311300 0.720395 0.981063
0.146853 0.708473 0.660335 0.194465 0.815786 0.322508 0.030269 0.653758 0.864139 0.328962 0.845196 0.920308
0.200494 0.738434 0.576146 0.237471 0.811814 0.373215 0.115998 0.678634 0.786683 0.246175 0.767463 0.858774
0.192952 0.744534 0.593561 0.276895 0.870929 0.288298 -0.007913 0.622886 0.786833 0.352087 0.767963 0.859644
0.092973 0.788694 0.587598 0.106042 0.830414 0.393332 0.095802 0.664827 0.893525 0.320535 0.731662 0.912801
0.210629 0.704622 0.641509 0.176514 0.848420 0.397779 0.138707 0.772574 0.664497 0.389484 0.840142 0.829417
0.203158 0.816601 0.640162 0.237534 0.778204 0.311787 0.101131 0.638047 0.697557 0.298884 0.767738 0.947079
0.174774 0.717076 0.517423 0.290517 0.864511 0.335927 0.079109 0.692832 0.804974 0.297137 0.655224 0.893426
0.132320 0.709018 0.672030 0.161747 0.855235 0.499551 0.067021 0.628579 0.776867 0.286621 0.882159 0.804833
0.194111 0.716006 0.536750 0.189833 0.840858 0.425627 0.054038 0.606226 0.695731 0.316640 0.781618 0.850039
0.274311 0.849545 0.593361 0.161445 0.872541 0.282979 0.047401 0.651250 0.792575 0.379320 0.705860 0.928834
0.211951 0.809868 0.573492 0.221262 0.857128 0.349757 0.061467 0.646307 0.762049 0.335675 0.736690 0.959304
0.181740 0.848463 0.585608 0.190454 0.873971 0.347205 0.009184 0.681532 0.760382 0.361073 0.852341 0.976156
0.153373 0.846520 0.514437 0.222114 0.842981 0.388147 0.055748 0.662459 0.759799 0.323429 0.793881 0.882372
0.144929 0.820246 0.659960 0.179749 0.751788 0.349779 0.024489 0.628171 0.755965 0.315672 0.743238 0.883566
0.129357 0.771379 0.614316 0.156307 0.861748 0.425725 -0.009215 0.693398 0.820873 0.432055 0.841144 0.841831
0.185436 0.850712 0.544454 0.187476 0.784758 0.368496 0.049031 0.705136 0.726348 0.328685 0.838143 0.940850
0.211714 0.684586 0.592434 0.208488 0.820782 0.375538 -0.003686 0.690239 0.744890 0.299553 0.784323 0.916704
0.247908 0.753930 0.542648 0.071191 0.891594 0.455419 0.038088 0.732595 0.830145 0.342199 0.719390 0.882604
0.165096 0.802348 0.610881 0.147684 0.722297 0.424223 0.095437 0.691172 0.768171 0.291179 0.744814 0.934831
0.180121 0.861238 0.569582 0.201402 0.907706 0.319665 0.054079 0.602632 0.692725 0.347292 0.763390 0.858726
0.187317 0.641821 0.549225 0.248674 0.789377 0.347444 0.073332 0.666779 0.846552 0.370912 0.795421 0.902819
0.199937 0.809867 0.598200 0.193033 0.953471 0.373127 -0.057374 0.641678 0.648978 0.331524 0.747395 1.036646
0.120350 0.753220 0.587258 0.177483 0.845932 0.326094 0.050444 0.784004 0.753210 0.355080 0.853149 0.883047
0.104063 0.712387 0.562953 0.149674 0.842676 0.332004 0.046134 0.681497 0.746754 0.335104 0.829927 0.856430
0.241517 0.644519 0.611472 0.235768 0.892861 0.398805 0.064700 0.646556 0.765098 0.258628 0.655100 0.899159
0.234011 0.727618 0.537833 0.172370 0.958204 0.403167 0.094018 0.630700 0.729355 0.379164 0.843835 0.844546
0.109127 0.730887 0.546590 0.226085 0.907565 0.441725 0.092687 0.619714 0.745550 0.344636 0.713712 0.916432
0.153675 0.739695 0.587167 0.209464 0.859850 0.344385 0.031266 0.681531 0.728191 0.313852 0.671686 0.903641
0.119150 0.839611 0.563339 0.199852 0.869669 0.346816 0.090655 0.700392 0.705428 0.337959 0.826438 0.870574
0.298475 0.645031 0.562310 0.223651 0.922538 0.389535 0.088360 0.688607 0.830200 0.313598 0.770252 0.858014
0.059125 0.664751 0.593600 0.151567 0.887401 0.309330 0.014918 0.738951 0.714538 0.385710 0.693853 0.915657
0.155405 0.751385 0.572468 0.158463 0.805862 0.376392 0.103623 0.675686 0.741010 0.389521 0.808015 0.895533
0.129065 0.733588 0.560568 0.218748 0.803991 0.392136 0.081351 0.519006 0.866075 0.285545 0.822039 0.925648
0.173937 0.854996 0.648871 0.190972 0.780165 0.448205 0.121480 0.684607 0.743184 0.432064 0.814676 0.919634
0.304117 0.735863 0.586123 0.154301 0.825118 0.361695 0.052867 0.690312 0.699786 0.348703 0.763628 0.977683
0.284226 0.837243 0.659216 0.219332 0.802208 0.427430 -0.023319 0.694638 0.760686 0.300028 0.810833 0.943915
0.218404 0.671195 0.595096 0.190031 0.878539 0.364494 0.016401 0.684757 0.696443 0.377680 0.775488 0.888350
0.265167 0.770344 0.635165 0.119938 0.887668 0.351498 0.083789 0.788188 0.759637 0.358300 0.721898 0.968866
0.063206 0.720040 0.601840 0.235350 0.959719 0.354016 0.050609 0.658946 0.743972 0.349443 0.728814 0.762255
0.221233 0.766128 0.530995 0.153561 0.829873 0.344543 0.045557 0.735795 0.713619 0.273700 0.753190 0.953198
0.178465 0.723307 0.587679 0.235329 0.817509 0.269819 0.036576 0.665577 0.708943 0.301391 0.848767 0.911218
0.193710 0.796387 0.636698 0.188496 0.848446 0.359740 0.011778 0.784584 0.645008 0.290624 0.776223 0.857433
0.199614 0.746914 0.617584 0.240399 0.914188 0.278300 0.005524 0.633888 0.698883 0.300429 0.744105 0.864963
0.124029 0.764337 0.566467 0.182045 0.918830 0.412191 0.057137 0.673026 0.774138 0.298482 0.692517 0.979591
0.275270 0.694459 0.572371 0.219989 0.767615 0.434077 0.061435 0.574927 0.746217 0.321615 0.787711 0.908922
0.192643 0.819741 0.593873 0.084146 0.856976 0.338148 -0.022918 0.628824 0.795902 0.404590 0.677023 0.922507
0.138348 0.739654 0.569732 0.196931 0.905185 0.399385 0.096395 0.625792 0.776100 0.305748 0.756415 0.776181
0.198591 0.665159 0.546274 0.146965 0.888788 0.348690 0.110355 0.776538 0.674805 0.348618 0.746741 0.848012
0.162086 0.847241 0.567915 0.134142 0.825660 0.354923 0.110393 0.685613 0.728745 0.371907 0.774241 0.944164
0.837197 0.313744 0.192612 0.175749 0.330847 0.983280 0.618634 0.306094 0.126462 0.016276 0.357579 0.336438
0.731921 0.387545 0.255538 0.226418 0.389319 1.069010 0.637530 0.282740 0.179286 0.134858 0.351860 0.411327
0.687534 0.381165 0.394316 0.175425 0.257718 1.024768 0.739887 0.290122 0.139968 0.085768 0.290379 0.420261
0.788953 0.422993 0.319800 0.146611 0.233789 0.996350 0.589302 0.353675 0.246816 -0.004042 0.221835 0.387597
0.831692 0.291414 0.299494 0.190725 0.292421 0.920328 0.571278 0.327187 0.138331 -0.091579 0.217581 0.431635
0.772353 0.328727 0.278191 0.265206 0.258266 1.027368 0.735752 0.249128 0.174340 0.023186 0.219474 0.429267
0.770545 0.453717 0.249217 0.218218 0.304757 1.025758 0.676505 0.402259 0.159287 -0.017080 0.289244 0.355948
0.833310 0.415669 0.322174 0.247219 0.402862 0.871302 0.730084 0.365768 0.080614 -0.037499 0.309403 0.419517
0.769755 0.349947 0.304235 0.291816 0.317765 0.936593 0.635488 0.352539 0.193347 0.027043 0.301865 0.407703
0.706754 0.368160 0.355051 0.111924 0.231202 1.051771 0.749428 0.292100 0.180939 0.058628 0.280872 0.553127
0.788012 0.381518 0.415831 0.237797 0.351990 0.990841 0.571674 0.359101 0.137440 0.012321 0.316093 0.357418
0.733959 0.325972 0.237939 0.155107 0.344071 0.962431 0.584091 0.317470 0.209212 0.050063 0.311804 0.359694
0.763512 0.354729 0.329606 0.157170 0.331725 0.977564 0.640100 0.364197 0.106477 0.080034 0.289177 0.428000
0.755388 0.390198 0.389315 0.162633 0.286636 0.955150 0.585741 0.230472 0.277674 0.105716 0.209056 0.479251
0.795272 0.341252 0.318077 0.134267 0.287895 0.950263 0.680940 0.296094 0.214707 0.121425 0.350711 0.458773
0.807328 0.336090 0.395482 0.246627 0.275774 0.939815 0.746898 0.348768 0.234691 -0.026440 0.269822 0.377261
0.899639 0.337477 0.310918 0.200838 0.306221 0.979707 0.728191 0.255414 0.219478 0.027109 0.135658 0.395299
0.760881 0.379540 0.230208 0.188607 0.364992 0.984725 0.653041 0.286740 0.084570 0.052534 0.272629 0.480187
0.713804 0.426742 0.349109 0.169499 0.238400 1.023022 0.706399 0.214984 0.176390 0.000851 0.293808 0.476261
0.714269 0.370255 0.326985 0.249432 0.252060 0.972605 0.635753 0.389849 0.143884 -0.042453 0.299796 0.481538
0.785625 0.454791 0.302887 0.275588 0.326688 0.901656 0.705158 0.348855 0.153868 0.026810 0.249801 0.407538
0.769533 0.435325 0.375709 0.232929 0.311198 0.946070 0.698956 0.375431 0.237310 -0.086674 0.289855 0.331315
0.787977 0.325385 0.306247 0.220337 0.318075 1.072460 0.637972 0.262016 0.285498 -0.029939 0.355744 0.359936
0.843372 0.484612 0.411763 0.218226 0.332629 0.979595 0.579441 0.351008 0.248564 0.073099 0.330547 0.357187
0.811636 0.322391 0.262375 0.223308 0.311349 1.033564 0.641260 0.249117 0.181132 0.012925 0.360122 0.434450
0.713306 0.391855 0.323678 0.179275 0.326029 0.929890 0.660341 0.238485 0.243066 0.024529 0.272723 0.450996
0.786921 0.387408 0.383707 0.195054 0.224425 1.020916 0.640529 0.362304 0.108256 0.009952 0.332826 0.414249
0.724744 0.338304 0.348180 0.280277 0.306286 0.929622 0.620552 0.375025 0.196922 0.088006 0.301835 0.426118
0.847657 0.354673 0.358801 0.205933 0.388776 1.075766 0.630430 0.391806 0.278694 0.044103 0.227018 0.458720
0.714579 0.374607 0.323660 0.301025 0.217877 0.968266 0.615574 0.306707 0.061443 -0.025566 0.411129 0.453175
0.689580 0.407869 0.351053 0.196253 0.229872 0.976335 0.605723 0.288536 0.173035 0.020978 0.309453 0.383174
0.806145 0.350832 0.367394 0.238684 0.246507 0.968260 0.683611 0.297941 0.257690 -0.003018 0.287269 0.439852
0.819363 0.412303 0.393275 0.341064 0.228466 1.022828 0.652287 0.283008 0.149648 -0.023215 0.284589 0.535451
0.768456 0.428908 0.320095 0.188275 0.326886 0.938024 0.671582 0.263293 0.154315 0.050465 0.329033 0.391376
0.817749 0.327040 0.262820 0.225384 0.305148 0.970860 0.704845 0.339896 0.079239 0.003919 0.289645 0.378586
0.714522 0.335806 0.274240 0.244242 0.286463 1.003460 0.588012 0.334900 0.159883 -0.042257 0.226516 0.507701
0.893746 0.324779 0.256553 0.238161 0.286258 0.914006 0.684527 0.286511 0.132157 0.006354 0.238632 0.487901
0.789552 0.400980 0.389840 0.201374 0.352876 0.940574 0.601132 0.257104 0.176507 -0.046770 0.241321 0.428046
0.737358 0.434265 0.249724 0.151552 0.272988 1.014886 0.629120 0.286776 0.183060 -0.048499 0.294049 0.400987
0.754131 0.311467 0.241687 0.229191 0.326959 0.930544 0.535852 0.266958 0.141874 0.023032 0.355407 0.441525
0.749517 0.290408 0.359621 0.142715 0.290050 0.931191 0.666454 0.330541 0.245282 -0.003486 0.248294 0.482798
0.677156 0.420520 0.280948 0.224755 0.364821 1.014982 0.684210 0.330763 0.213622 0.066868 0.294049 0.458101
0.774400 0.308269 0.415324 0.307486 0.262268 0.936179 0.664731 0.381522 0.143425 0.043120 0.225825 0.484296
0.805863 0.348722 0.296668 0.193775 0.282560 1.023006 0.614763 0.283483 0.143687 0.003138 0.339906 0.457392
0.736512 0.380931 0.360156 0.131587 0.286364 1.026009 0.649312 0.291033 0.104510 -0.048323 0.387255 0.465882
0.801373 0.393888 0.269439 0.210036 0.363625 1.022445 0.739936 0.260475 0.105295 -0.032909 0.336853 0.395119
0.752059 0.395963 0.334978 0.215000 0.273463 0.979357 0.705298 0.297092 0.151294 0.007273 0.281924 0.424233
0.780157 0.292470 0.269980 0.137551 0.371053 0.839999 0.685043 0.214742 0.214803 -0.062306 0.226160 0.484487
0.798103 0.439230 0.343171 0.208734 0.353245 0.888994 0.577405 0.234969 0.219217 -0.003155 0.296321 0.451848
0.731255 0.415138 0.306092 0.111673 0.321640 0.973302 0.583705 0.303097 0.244675 0.025667 0.348686 0.429740
0.756264 0.356676 0.309217 0.289873 0.239231 0.990730 0.670817 0.262538 0.113726 0.072411 0.292864 0.407670
0.804354 0.390386 0.245764 0.157162 0.288051 0.945535 0.607830 0.364960 0.110564 -0.103778 0.213579 0.441168
0.790387 0.427674 0.409012 0.286630 0.271739 1.010603 0.645283 0.356574 0.141176 0.044572 0.297721 0.480512
0.771801 0.317093 0.335535 0.191214 0.254782 0.983060 0.716156 0.363960 0.126408 -0.003047 0.283094 0.448843
0.874442 0.381522 0.261923 0.164675 0.347050 0.895562 0.662669 0.286045 0.159485 -0.004089 0.238400 0.416668
0.785575 0.344972 0.256813 0.217975 0.323452 0.983068 0.619020 0.272004 0.133373 0.018165 0.239137 0.361844
0.760372 0.437927 0.362096 0.226278 0.266894 0.970247 0.618295 0.282434 0.088148 -0.000882 0.348548 0.394389
0.789971 0.374263 0.365657 0.255770 0.253649 0.993895 0.759864 0.303373 0.230517 -0.058186 0.253465 0.450398
0.712140 0.407073 0.315923 0.157755 0.209770 0.996942 0.598456 0.324653 0.143418 -0.041742 0.336132 0.402323
0.733762 0.367982 0.287739 0.303760 0.312193 1.031420 0.685308 0.295903 0.284053 0.030197 0.320899 0.433642
0.745571 0.465445 0.201591 0.200127 0.357973 0.973478 0.623629 0.282016 0.150283 -0.051940 0.329453 0.461340
0.892846 0.355462 0.228521 0.221496 0.230644 0.951599 0.624219 0.321028 0.141980 -0.021188 0.245028 0.496509
0.811762 0.392709 0.355589 0.182666 0.330303 0.978251 0.717731 0.227892 0.213176 -0.052443 0.294717 0.424503
0.753303 0.423694 0.361860 0.151754 0.379872 0.983231 0.701107 0.445855 0.164218 -0.004398 0.338265 0.493021
0.840993 0.383762 0.281156 0.220630 0.303418 1.036080 0.805566 0.320571 0.110929 0.006449 0.291562 0.415827
0.674557 0.419142 0.260395 0.177829 0.282956 1.025214 0.597842 0.295120 0.121081 0.038557 0.209970 0.398717
0.793886 0.394885 0.355133 0.188989 0.234899 0.952586 0.602676 0.212264 0.174700 -0.017273 0.338640 0.409667
0.739101 0.407621 0.259680 0.169844 0.267098 1.016041 0.598205 0.250164 0.227210 -0.039635 0.232982 0.448531
0.829847 0.330341 0.263050 0.277684 0.271884 0.964204 0.712080 0.322514 0.209566 0.055676 0.331009 0.452750
0.725226 0.300019 0.342012 0.223543 0.272809 0.922216 0.605724 0.368890 0.160497 0.062661 0.286542 0.353561
0.683559 0.367880 0.259233 0.214254 0.397180 1.027014 0.691313 0.301982 0.195560 -0.051881 0.288580 0.460303
0.804208 0.279324 0.377556 0.141714 0.317770 0.913744 0.610052 0.217821 0.220681 0.031006 0.315809 0.418780
0.768032 0.358304 0.238041 0.178893 0.358245 0.994586 0.696013 0.386830 0.148161 0.033544 0.324876 0.472524
0.779426 0.447907 0.367865 0.211290 0.323378 0.945531 0.611198 0.311843 0.176079 0.050572 0.326961 0.471905
0.803147 0.393758 0.284124 0.177748 0.314207 0.970994 0.643309 0.205663 0.216297 0.012047 0.291091 0.457382
0.829048 0.473197 0.241261 0.155016 0.309942 0.955048 0.615098 0.310589 0.092216 -0.024266 0.291721 0.417528
0.756622 0.363775 0.390964 0.173209 0.354077 0.938506 0.657200 0.223046 0.123509 0.034256 0.319265 0.439040
0.780373 0.403815 0.296369 0.134907 0.380916 0.936847 0.548746 0.289762 0.175056 0.033785 0.356021 0.491372
0.813690 0.388305 0.321226 0.126969 0.338415 1.019972 0.768503 0.256414 0.265209 0.069301 0.195600 0.389006
0.802985 0.437146 0.271920 0.136695 0.267911 0.883178 0.717047 0.241882 0.072274 -0.017300 0.269275 0.427140
0.827866 0.309795 0.334698 0.211484 0.323522 0.970763 0.656722 0.289418 0.184944 -0.039415 0.223480 0.461453
0.739470 0.440650 0.298850 0.182451 0.302419 0.930412 0.598219 0.226897 0.186848 0.053917 0.267375 0.438390
0.756866 0.413472 0.309924 0.232773 0.257864 0.825626 0.687337 0.349535 0.179550 -0.037687 0.254646 0.458190
0.813023 0.432804 0.367004 0.191743 0.333561 0.947831 0.654289 0.297066 0.296467 -0.024629 0.347749 0.442533
0.694149 0.366819 0.299679 0.250163 0.343587 0.971911 0.725797 0.290751 0.119143 0.022475 0.246415 0.487681
0.767294 0.314310 0.289388 0.224858 0.360297 0.947484 0.499593 0.333556 0.139820 0.028035 0.360589 0.508929
0.811898 0.396614 0.245598 0.218417 0.429377 1.019942 0.686575 0.314267 0.149174 0.014945 0.237946 0.501606
0.829414 0.393492 0.281506 0.202103 0.302427 0.943344 0.703233 0.352504 0.186640 -0.003067 0.366757 0.525198
0.752736 0.432909 0.344093 0.237434 0.348611 1.037310 0.604443 0.298549 0.120558 -0.066007 0.363425 0.395574
0.785097 0.379356 0.315811 0.182637 0.278373 0.932962 0.629398 0.365572 0.296255 -0.014730 0.308381 0.479316
0.844139 0.381699 0.404709 0.194296 0.323865 0.941253 0.593115 0.284812 0.212630 0.027357 0.392679 0.373087
0.813384 0.338004 0.270107 0.172818 0.275508 0.908518 0.711147 0.322443 0.154537 -0.079826 0.285313 0.402542
0.814664 0.382086 0.324331 0.241056 0.284801 1.043062 0.580028 0.259979 0.142132 0.168118 0.265085 0.403849
0.748257 0.390216 0.257330 0.212005 0.269927 0.985259 0.681846 0.306858 0.207380 0.039546 0.336118 0.394873
0.709577 0.293088 0.320701 0.120953 0.244155 0.991078 0.742289 0.256404 0.108107 0.024261 0.262600 0.428397
0.828478 0.458752 0.239957 0.164759 0.323372 0.952472 0.802575 0.238857 0.150503 -0.009240 0.291207 0.491787
0.811455 0.423202 0.260921 0.236761 0.280012 0.991768 0.644423 0.337084 0.168583 0.004158 0.270423 0.399829
0.709480 0.356804 0.328620 0.191475 0.334469 0.963457 0.649542 0.280577 0.099175 0.052054 0.328316 0.480767
0.862534 0.430198 0.378273 0.146517 0.314272 0.933266 0.744037 0.361070 0.115629 -0.096195 0.239647 0.411200
0.843724 0.380978 0.317953 0.185122 0.188619 0.975605 0.664463 0.279819 0.113044 0.060044 0.267178 0.387278
0.747215 0.390273 0.373278 0.195792 0.296928 1.010445 0.652639 0.334843 0.169467 -0.012338 0.343512 0.448006
0.825680 0.372778 0.299942 0.173435 0.280289 1.006790 0.633382 0.265820 0.166480 0.053993 0.301196 0.486710
0.745861 0.387668 0.316295 0.217628 0.309392 0.965764 0.649629 0.300544 0.233056 0.001072 0.280076 0.383634
0.852608 0.484589 0.336700 0.207746 0.243969 1.010709 0.637754 0.346753 0.139071 0.046657 0.285226 0.452309
0.745311 0.329525 0.330886 0.221146 0.258799 1.055902 0.537391 0.261145 0.168695 0.000197 0.357445 0.466169
0.844346 0.291372 0.364519 0.244864 0.342839 0.942092 0.587049 0.239047 0.195898 -0.006757 0.309492 0.512043
0.711335 0.395983 0.316705 0.124810 0.346443 0.851391 0.597679 0.290534 0.144068 0.007833 0.290353 0.464139
0.798074 0.457993 0.408762 0.209220 0.286399 0.901233 0.664322 0.226807 0.187188 0.084992 0.199772 0.471978
0.769042 0.468696 0.308301 0.162459 0.258135 0.945327 0.640938 0.310777 0.178230 -0.016644 0.344124 0.495083
0.758863 0.277917 0.330976 0.196818 0.300430 0.913493 0.675426 0.405553 0.208182 0.064599 0.321060 0.546944
0.733195 0.481229 0.301855 0.158123 0.231588 0.932557 0.524735 0.374879 0.185504 0.058291 0.339327 0.459014
0.763955 0.306241 0.310769 0.172502 0.260796 1.013396 0.601024 0.296914 0.244800 0.057752 0.310129 0.405586
0.783568 0.393013 0.372977 0.206913 0.319794 0.974214 0.710018 0.337011 0.172006 -0.039815 0.260993 0.453950
0.773139 0.308355 0.321344 0.278564 0.292661 0.911487 0.698095 0.333605 0.151875 -0.025378 0.299425 0.453958
0.756908 0.363284 0.246923 0.141957 0.312261 0.935664 0.627947 0.339069 0.102356 -0.009795 0.243621 0.520966
0.770559 0.433940 0.346258 0.247490 0.221439 1.072166 0.712147 0.336892 0.177569 0.032501 0.270910 0.377776
0.787848 0.417407 0.247188 0.185827 0.468733 0.965382 0.650066 0.357010 0.198546 -0.003985 0.293125 0.441775
0.751844 0.366731 0.263202 0.190982 0.416387 1.010034 0.660487 0.394311 0.165740 -0.009382 0.351717 0.509839
0.776608 0.410919 0.372063 0.107737 0.206626 1.022787 0.609406 0.334836 0.207209 0.009072 0.222692 0.403165
0.812089 0.412358 0.297660 0.147272 0.275653 0.895409 0.669529 0.306066 0.247489 0.065766 0.279592 0.358198
0.766428 0.331061 0.278088 0.238581 0.319781 1.092524 0.701458 0.237604 0.121314 0.072531 0.246190 0.417214
0.756207 0.269525 0.324552 0.163518 0.295169 1.063890 0.664655 0.312979 0.256180 0.027011 0.318870 0.510521
0.679980 0.301993 0.291326 0.151899 0.341917 0.967663 0.671569 0.301231 0.173485 0.055945 0.296245 0.386064
0.827985 0.315442 0.277881 0.152629 0.229468 0.960750 0.601652 0.319423 0.237896 -0.002081 0.276498 0.357516
0.779026 0.346447 0.276176 0.296147 0.289849 1.034362 0.630535 0.361842 0.147193 0.030984 0.366119 0.427230
0.786386 0.209484 0.402893 0.127998 0.319019 1.014039 0.603995 0.330365 0.161474 0.005234 0.284953 0.430109
0.696277 0.428934 0.270213 0.214442 0.399842 0.947620 0.625207 0.366217 0.189216 0.043728 0.240961 0.421172
0.780214 0.407102 0.341109 0.140473 0.302183 0.888226 0.663041 0.349903 0.196075 0.026911 0.290446 0.508159
0.810527 0.366397 0.289304 0.155219 0.269315 0.991395 0.693667 0.341123 0.152070 0.004372 0.284450 0.509303
0.811512 0.358163 0.303740 0.250049 0.291117 1.037803 0.664912 0.283557 0.184412 0.002377 0.315060 0.450857
0.893122 0.366112 0.351458 0.102565 0.358799 0.938270 0.655527 0.272835 0.189033 -0.003047 0.359129 0.433565
0.846147 0.452796 0.374434 0.183864 0.319707 0.997382 0.616300 0.335924 0.235578 0.087419 0.252110 0.438857
0.801776 0.438864 0.251976 0.185138 0.313826 0.936733 0.519542 0.314631 0.150914 -0.055652 0.289397 0.401395
0.738209 0.270362 0.272011 0.124472 0.332510 1.012875 0.710170 0.347882 0.197359 0.086940 0.269338 0.519602
0.833643 0.438450 0.218555 0.198772 0.291755 0.968609 0.652901 0.295350 0.208237 -0.017664 0.269326 0.394749
0.654018 0.447650 0.371412 0.155072 0.343964 0.971382 0.585758 0.324565 0.110693 0.042772 0.322856 0.394075
0.811839 0.344620 0.376709 0.176950 0.331602 0.977155 0.693861 0.306620 0.133188 0.078626 0.331574 0.471966
0.707367 0.391916 0.323217 0.165170 0.268426 0.945265 0.664529 0.332999 0.128337 0.013897 0.365251 0.442095
0.829235 0.426273 0.215808 0.175688 0.243198 0.925217 0.637634 0.371711 0.172370 -0.079367 0.330898 0.404875
0.716941 0.353874 0.329673 0.186320 0.340545 0.969551 0.688893 0.346401 0.173112 -0.064775 0.368623 0.403352
0.858585 0.358889 0.311350 0.206627 0.333341 0.964371 0.638712 0.206940 0.189330 -0.095260 0.311004 0.441837
0.728120 0.406597 0.290136 0.232313 0.379091 1.029758 0.685903 0.351354 0.262407 -0.060106 0.319959 0.363329
0.807375 0.402716 0.314055 0.118924 0.275643 0.918549 0.733856 0.247592 0.150566 0.018306 0.339420 0.441313
0.826311 0.346246 0.256197 0.145479 0.289205 0.979641 0.682981 0.271094 0.143452 -0.068298 0.272665 0.394551
0.692344 0.393533 0.257359 0.153785 0.362850 1.019617 0.659202 0.248768 0.167146 0.006769 0.315608 0.444532
0.795071 0.404948 0.289800 0.104994 0.311444 1.009621 0.712881 0.228359 0.148267 0.068486 0.187057 0.413698
0.775745 0.379656 0.211980 0.136515 0.373356 0.935764 0.638158 0.305928 0.174569 0.012463 0.206813 0.516775
0.777742 0.379720 0.332123 0.177522 0.304606 0.994449 0.569289 0.314937 0.089465 0.061866 0.200922 0.487132
0.678285 0.384436 0.268892 0.256900 0.325348 1.041725 0.604125 0.298885 0.218860 0.001895 0.245609 0.482773
0.797739 0.395244 0.271289 0.238576 0.349260 0.933027 0.678565 0.325345 0.215606 0.072103 0.292695 0.375851
0.794291 0.383735 0.325274 0.204747 0.257837 1.067931 0.704173 0.279050 0.170597 -0.021398 0.339675 0.436113
0.761300 0.374713 0.326488 0.190281 0.381252 0.915049 0.689121 0.331536 0.077582 0.030251 0.310569 0.394092
0.830238 0.421855 0.279081 0.113416 0.296070 1.025383 0.745329 0.301898 0.248236 0.033178 0.244440 0.450255
0.794184 0.439769 0.381645 0.193119 0.396198 1.014997 0.632715 0.355010 0.218026 0.058445 0.285763 0.407785
0.802169 0.379795 0.260377 0.195401 0.334986 0.909312 0.689125 0.408076 0.174979 0.026261 0.224959 0.296259
0.736744 0.417856 0.335193 0.235912 0.306009 0.980493 0.672515 0.249693 0.221936 0.046721 0.280806 0.402758
0.713755 0.440773 0.260817 0.244539 0.309171 0.942504 0.693877 0.309441 0.104050 -0.000548 0.268449 0.455642
0.725163 0.391081 0.289060 0.103763 0.333947 0.992385 0.668038 0.234938 0.164039 0.036257 0.283702 0.378149
0.745240 0.406878 0.321276 0.200503 0.304441 1.025406 0.690738 0.301427 0.230392 0.065315 0.294389 0.466967
0.739366 0.383493 0.440084 0.180231 0.385412 0.967098 0.700332 0.339216 0.084383 0.004006 0.331265 0.465295
0.804844 0.373326 0.348453 0.272584 0.310430 0.978347 0.665557 0.357356 0.227658 0.017720 0.238085 0.415392
0.791072 0.431974 0.209290 0.233821 0.280068 1.005894 0.651153 0.268483 0.163397 0.005510 0.306053 0.419574
0.827520 0.515990 0.391426 0.187881 0.364097 1.034854 0.679726 0.398251 0.166636 -0.043656 0.267550 0.513826
0.838929 0.377634 0.347067 0.197652 0.354483 1.021064 0.774017 0.256425 0.065785 0.020352 0.324965 0.398199
0.777017 0.376886 0.351189 0.166457 0.420847 0.924842 0.617616 0.332995 0.177592 0.073017 0.359056 0.488414
0.838627 0.411633 0.422784 0.214538 0.403697 1.013381 0.711203 0.337451 0.200308 0.062263 0.397973 0.411304
0.809777 0.391525 0.368959 0.192926 0.362256 1.006068 0.559012 0.358637 0.271447 -0.032730 0.346972 0.382984
0.787604 0.457925 0.364452 0.178451 0.331364 0.868095 0.733223 0.299388 0.153535 -0.050325 0.222430 0.396288
0.883738 0.313649 0.348350 0.262149 0.277140 0.920108 0.732377 0.291277 0.108630 -0.069331 0.281542 0.374921
0.788795 0.463590 0.383965 0.100513 0.299962 0.990316 0.674044 0.274403 0.111176 0.032462 0.316762 0.461026
0.756383 0.415240 0.432913 0.118015 0.286371 0.908940 0.724929 0.328786 0.159349 -0.020050 0.189395 0.438144
0.798809 0.366479 0.298077 0.218762 0.239777 0.949088 0.622548 0.343235 0.183539 0.097072 0.335174 0.572424
0.876106 0.416220 0.304690 0.201411 0.330433 0.928183 0.623311 0.397603 0.255303 0.033850 0.283511 0.369219
0.781819 0.307137 0.395084 0.237437 0.258971 0.910812 0.703251 0.252936 0.169745 -0.046544 0.315924 0.536219
0.723345 0.367537 0.376443 0.224838 0.222496 0.979677 0.706837 0.339613 0.193931 -0.047898 0.261538 0.436934
0.767913 0.365747 0.321111 0.185946 0.242810 0.935031 0.677012 0.327779 0.214507 -0.008079 0.232990 0.427722
0.818103 0.427032 0.338318 0.132653 0.272133 0.908157 0.745478 0.320485 0.163288 0.004791 0.330855 0.490373
0.754959 0.460553 0.287742 0.240742 0.350547 1.044858 0.649841 0.384744 0.111878 0.126908 0.267019 0.523440
0.746377 0.375054 0.384707 0.175680 0.316333 0.910982 0.604744 0.339489 0.123740 0.109424 0.296371 0.425034
0.756407 0.304524 0.313950 0.122948 0.313766 0.930032 0.730315 0.307713 0.146021 0.098702 0.311191 0.485445
0.812442 0.429105 0.330992 0.184276 0.278558 0.961283 0.685744 0.314591 0.136356 0.058487 0.232089 0.483678
0.831556 0.326009 0.383998 0.201169 0.310362 1.030731 0.607158 0.359991 0.089954 0.026424 0.304140 0.450884
0.753700 0.413955 0.275057 0.201557 0.359381 0.933448 0.686684 0.364643 0.109122 -0.029716 0.317153 0.331142
0.727212 0.377710 0.391741 0.215118 0.378404 1.013863 0.649774 0.322787 0.188349 0.062523 0.255094 0.418632
0.813619 0.379158 0.347433 0.142551 0.315726 0.912061 0.593411 0.276822 0.142757 -0.069778 0.303760 0.525463
0.855072 0.377136 0.324830 0.137914 0.284096 0.966841 0.549554 0.342544 0.164147 -0.121462 0.208191 0.375192
0.729178 0.380451 0.318642 0.189058 0.275246 0.980336 0.670811 0.312796 0.201336 -0.060938 0.235070 0.504553
0.795035 0.388408 0.231770 0.145203 0.325225 0.969799 0.660877 0.292711 0.268468 0.002630 0.240051 0.406893
0.773854 0.422334 0.357788 0.163600 0.339190 0.986690 0.565564 0.320995 0.188313 0.007265 0.306359 0.428568
0.763897 0.425038 0.250354 0.246094 0.328467 1.031287 0.654220 0.354358 0.060134 -0.059787 0.343909 0.394732
0.694689 0.453077 0.255626 0.175673 0.308832 0.962733 0.688672 0.283534 0.306741 0.110170 0.229890 0.449888
0.797023 0.420363 0.295500 0.114049 0.313960 0.908995 0.606841 0.276582 0.190361 -0.030736 0.228182 0.462933
0.756916 0.444191 0.396711 0.094091 0.322024 1.003921 0.652374 0.308836 0.250774 -0.010366 0.341643 0.473613
0.659588 0.335608 0.275114 0.230223 0.358218 0.969735 0.653730 0.179516 0.104655 0.018268 0.305555 0.428299
0.726222 0.365732 0.223632 0.232871 0.231247 1.019538 0.617724 0.367820 0.087990 -0.078787 0.261768 0.414334
0.687187 0.377834 0.287567 0.222209 0.288413 1.017905 0.646616 0.290653 0.197307 0.039745 0.398146 0.447509
0.752084 0.397352 0.277500 0.216311 0.242028 1.025636 0.670059 0.384859 0.198476 0.070789 0.267930 0.378652
0.861170 0.321877 0.277396 0.196332 0.283757 1.029914 0.636108 0.207674 0.211606 -0.024219 0.291596 0.414017
0.870049 0.469643 0.309965 0.268365 0.288297 0.959540 0.679349 0.281500 0.126838 -0.015164 0.290777 0.394203
0.701561 0.431420 0.370543 0.243925 0.363493 1.106406 0.668756 0.340591 0.200894 -0.095753 0.207254 0.515420
0.872262 0.317329 0.277476 0.165929 0.247383 0.989314 0.636029 0.274128 0.222153 -0.088296 0.223379 0.439764
0.801326 0.303003 0.258991 0.225273 0.287579 0.844259 0.699775 0.308931 0.212863 0.115377 0.272801 0.457772
0.814675 0.377726 0.228733 0.137373 0.282811 1.038045 0.645480 0.312645 0.090976 -0.052657 0.250389 0.511465
0.767756 0.315097 0.366379 0.229213 0.295831 0.931101 0.696619 0.285304 0.179178 -0.022550 0.256458 0.362373
0.820610 0.342054 0.289982 0.200783 0.287351 0.966657 0.722966 0.325351 0.157457 0.013113 0.275855 0.495810
0.744358 0.387805 0.356759 0.263662 0.233900 1.001686 0.736803 0.274919 0.179124 0.081085 0.262959 0.406366
0.754295 0.354942 0.309677 0.134315 0.280169 1.009432 0.592368 0.329205 0.139868 -0.022039 0.257751 0.330271
0.776093 0.348495 0.324974 0.200728 0.286512 0.941732 0.639517 0.271675 0.165352 0.038335 0.288649 0.474572
0.827389 0.425725 0.406178 0.260341 0.337692 0.988027 0.599107 0.343049 0.178824 -0.026736 0.241753 0.590960
0.739492 0.286704 0.271953 0.208084 0.279300 0.949412 0.571395 0.336254 0.148615 -0.021228 0.206725 0.453916
0.670815 0.400086 0.299999 0.191875 0.209735 0.980343 0.643882 0.353033 0.178601 0.103503 0.259849 0.486714
0.761356 0.379531 0.302292 0.183614 0.209663 1.029124 0.607386 0.347132 0.165504 0.016067 0.274171 0.386720
0.788267 0.387540 0.280748 0.179630 0.258978 0.973854 0.658757 0.260499 0.179789 0.029747 0.226297 0.414116
0.749951 0.451799 0.362264 0.311998 0.255513 0.944392 0.641468 0.341992 0.138173 -0.009573 0.342650 0.466038
0.742699 0.352256 0.348650 0.269620 0.396064 1.023386 0.752533 0.366169 0.214377 0.030619 0.251861 0.383915
0.794236 0.405395 0.326798 0.196087 0.322204 1.011091 0.610049 0.318885 0.218271 0.071238 0.141572 0.341337
0.799660 0.304921 0.333769 0.190961 0.375693 1.019781 0.693027 0.266115 0.164241 0.025839 0.306554 0.452847
0.720471 0.440251 0.331241 0.228814 0.324457 0.908306 0.631834 0.366501 0.251911 0.014952 0.281136 0.372487
0.671445 0.407898 0.243201 0.180357 0.330344 1.014333 0.685220 0.307218 0.155472 0.032618 0.310894 0.527560
0.911508 0.342361 0.299189 0.242856 0.289375 1.001306 0.594132 0.371375 0.151099 -0.021678 0.291525 0.423112
0.800340 0.428611 0.264607 0.150660 0.337174 1.021927 0.649253 0.277539 0.112956 0.000201 0.264885 0.420770
0.786905 0.430960 0.346282 0.282578 0.279003 0.979660 0.657788 0.278378 0.218422 -0.064485 0.271889 0.373866
0.741546 0.361711 0.314354 0.194980 0.288349 0.958023 0.679076 0.347205 0.215000 0.020547 0.228201 0.484010
0.725806 0.387443 0.369341 0.255273 0.353094 1.015762 0.619572 0.332396 0.100853 0.008583 0.186163 0.440092
0.812534 0.341442 0.300416 0.203414 0.358965 1.000603 0.707372 0.261310 0.189518 0.089722 0.389369 0.437587
0.762178 0.283883 0.237503 0.196148 0.339602 0.959100 0.655412 0.259869 0.175781 -0.017546 0.194651 0.318953
0.722163 0.308051 0.347823 0.130837 0.357124 0.938302 0.662417 0.310734 0.058046 0.005609 0.378949 0.435439
0.747547 0.338783 0.390306 0.293966 0.283159 1.016447 0.617860 0.320727 0.044630 -0.040633 0.288938 0.382702
0.772644 0.374913 0.333108 0.149303 0.248872 1.014187 0.811022 0.326396 0.116963 -0.014878 0.239066 0.445407
0.671879 0.457686 0.379723 0.180906 0.274720 0.936286 0.561098 0.230372 0.132439 0.078033 0.214016 0.402014
0.815080 0.329902 0.322013 0.302922 0.261475 0.964633 0.569924 0.230934 0.131077 0.031264 0.239605 0.431567
0.719279 0.324913 0.293487 0.148840 0.307438 1.008184 0.671554 0.336341 0.090551 -0.003550 0.308681 0.373211
0.715163 0.373603 0.279740 0.202902 0.273957 0.964143 0.656709 0.271983 0.141381 -0.061736 0.334029 0.444226
0.758540 0.357632 0.389987 0.198221 0.362673 0.991486 0.676359 0.307005 0.149504 -0.010283 0.283877 0.482289
0.751356 0.379162 0.258722 0.181169 0.317189 0.908528 0.648136 0.387133 0.160989 0.002472 0.331377 0.510266
0.844703 0.342506 0.308581 0.143557 0.407156 1.021219 0.537612 0.335085 0.099340 -0.000857 0.267864 0.452137
0.732234 0.353014 0.332172 0.243879 0.296856 1.019561 0.718949 0.323765 0.136251 0.042343 0.289158 0.330054
0.791449 0.369380 0.266980 0.284841 0.275602 0.948897 0.626434 0.254576 0.188615 -0.076221 0.305339 0.404374
0.794835 0.337293 0.315564 0.303850 0.298162 1.022461 0.613341 0.422018 0.184728 -0.054484 0.272460 0.472846
0.720828 0.403451 0.307450 0.230705 0.314424 0.971536 0.637143 0.381473 0.100584 0.039777 0.309636 0.406797
0.743594 0.398095 0.347222 0.268519 0.262620 1.028788 0.638024 0.353229 0.177340 0.024330 0.244361 0.415855
0.765705 0.433213 0.366101 0.212538 0.332985 0.979934 0.618110 0.338647 0.120697 -0.036618 0.303892 0.376600
0.761780 0.402113 0.345803 0.213563 0.317848 0.925781 0.723295 0.360578 0.181783 0.037137 0.258293 0.454693
0.752707 0.456788 0.333000 0.186363 0.288556 0.966271 0.686021 0.313505 0.145280 -0.021457 0.425146 0.328842
0.833892 0.349373 0.336393 0.195380 0.322857 0.908445 0.671519 0.368728 0.180793 -0.031637 0.287355 0.363268
0.812410 0.235492 0.377238 0.228758 0.254346 1.062670 0.690262 0.317144 0.221061 -0.041233 0.273566 0.371013
0.686391 0.323802 0.299603 0.172291 0.381545 1.028849 0.682999 0.352694 0.162573 0.065711 0.446138 0.421290
0.738511 0.381346 0.279772 0.149506 0.237246 0.950193 0.620028 0.286716 0.105473 -0.016221 0.363632 0.401656
0.819703 0.365981 0.384544 0.202510 0.248737 0.952528 0.644312 0.268331 0.216357 -0.013465 0.250755 0.383683
0.729657 0.452325 0.344572 0.097352 0.363026 0.990177 0.625214 0.294051 0.146387 0.022639 0.291100 0.407434
0.834494 0.390934 0.289459 0.216526 0.302996 0.902082 0.628022 0.342871 0.216959 0.002173 0.320530 0.432909
0.767769 0.466906 0.376300 0.203700 0.335331 0.925417 0.734719 0.331969 0.186738 0.083056 0.205114 0.415098
0.770317 0.388307 0.385704 0.082830 0.223245 1.039904 0.600563 0.260274 0.137059 -0.059036 0.281723 0.452711
0.796008 0.317490 0.349208 0.163195 0.353405 0.973330 0.652609 0.366432 0.139893 -0.051383 0.337229 0.382297
0.821311 0.420288 0.396907 0.226109 0.371707 0.990916 0.658697 0.297760 0.179103 -0.027772 0.391540 0.374170
0.779671 0.409811 0.296221 0.168160 0.395140 0.945245 0.543586 0.371330 0.221965 0.035341 0.278832 0.435582
0.764455 0.422043 0.332161 0.183402 0.234156 1.020922 0.565963 0.290977 0.222419 -0.004626 0.303760 0.411530
0.773459 0.438520 0.290268 0.140131 0.236508 1.037943 0.650444 0.277761 0.098357 0.011572 0.320831 0.351991
0.718475 0.377854 0.271482 0.269500 0.282267 0.989218 0.668758 0.305060 0.148610 -0.010590 0.269054 0.541071
0.700054 0.299980 0.344159 0.180796 0.234041 0.971424 0.662731 0.237010 0.189536 0.023837 0.338077 0.537920
0.841902 0.334256 0.277135 0.290519 0.197215 0.924478 0.669472 0.220240 0.113741 -0.010751 0.266201 0.380029
0.741049 0.377772 0.299310 0.218783 0.320067 0.908391 0.667352 0.333016 0.068175 -0.020541 0.419964 0.402162
0.815775 0.474794 0.327282 0.185741 0.162855 0.931318 0.704396 0.324740 0.185849 -0.001274 0.276167 0.408825
0.790253 0.326035 0.283407 0.294158 0.313024 0.957320 0.669660 0.345872 0.195694 -0.011661 0.187775 0.427683
0.867330 0.344657 0.314564 0.147132 0.260129 0.922272 0.719060 0.270483 0.124382 0.062428 0.323898 0.489524
0.757758 0.338172 0.300766 0.231650 0.260791 0.983919 0.633713 0.410983 0.161128 -0.012468 0.266345 0.427643
0.722048 0.281679 0.312122 0.249242 0.354518 0.882497 0.743485 0.289304 0.206194 -0.005818 0.330522 0.492136
0.804155 0.456334 0.279083 0.099619 0.290941 0.987870 0.745233 0.251425 0.219588 0.018521 0.291985 0.441483
0.728427 0.354704 0.362814 0.150916 0.244227 1.006703 0.659766 0.283106 0.128481 0.070837 0.334093 0.381488
0.747998 0.358218 0.285475 0.190809 0.318855 0.994914 0.592976 0.305122 0.234662 0.002593 0.289653 0.449865
0.805370 0.411541 0.300225 0.246960 0.416178 0.984786 0.679486 0.311563 0.147553 0.046759 0.236756 0.441700
0.795126 0.398549 0.268513 0.177793 0.302536 0.981459 0.719319 0.236716 0.173403 0.020162 0.297539 0.499058
0.822728 0.332658 0.276153 0.296209 0.332108 1.077016 0.632011 0.362684 0.124388 0.047722 0.321370 0.374321
0.787823 0.363786 0.423826 0.227361 0.287299 0.987245 0.602317 0.344382 0.122346 0.022403 0.310821 0.490633
0.749190 0.384532 0.304918 0.261296 0.360347 0.996818 0.617901 0.381822 0.152966 -0.124035 0.303596 0.522112
0.774247 0.483698 0.354654 0.254258 0.364182 0.947405 0.677342 0.353710 0.163168 0.110548 0.171691 0.535455
0.877962 0.457207 0.338219 0.129320 0.350978 0.988011 0.664342 0.271763 0.149661 -0.023757 0.147829 0.407735
0.821712 0.403258 0.294456 0.268560 0.290473 0.990675 0.687645 0.317384 0.180248 0.025451 0.264554 0.485407
0.817471 0.441863 0.265419 0.083931 0.272268 0.990864 0.708408 0.366925 0.192979 -0.006240 0.220998 0.494188
0.730308 0.402503 0.380212 0.170691 0.225752 1.012050 0.712256 0.357731 0.189405 0.017133 0.315463 0.401812
0.837085 0.441385 0.337604 0.147653 0.314262 0.896218 0.722909 0.432386 0.141706 0.077127 0.395213 0.383515
0.794514 0.331580 0.292433 0.165792 0.264205 1.015235 0.739762 0.312942 0.127089 0.078045 0.270711 0.431062
0.751209 0.335203 0.271920 0.138793 0.322880 0.902363 0.767307 0.205885 0.137479 0.017095 0.298413 0.473237
0.687209 0.385583 0.252378 0.182102 0.340967 0.970053 0.725199 0.228307 0.177444 0.022214 0.297267 0.353557
0.737694 0.366707 0.273113 0.302747 0.344369 0.968693 0.713698 0.378429 0.202933 0.006506 0.333462 0.438616
0.861240 0.368935 0.325261 0.215538 0.353278 0.993532 0.675022 0.312561 0.221105 0.019150 0.301903 0.320098
0.758550 0.357425 0.314614 0.346225 0.309599 0.960143 0.765673 0.240578 0.192879 -0.053917 0.304091 0.456647
0.834547 0.345316 0.334284 0.052775 0.300088 1.045256 0.636225 0.230213 0.200457 0.037226 0.293089 0.387392
0.812284 0.390596 0.319461 0.153977 0.376809 0.925001 0.725801 0.300451 0.115883 -0.074092 0.368367 0.493529
0.769178 0.385636 0.288317 0.234406 0.320164 1.038262 0.608893 0.324942 0.166028 0.008979 0.292642 0.394250
0.716422 0.418498 0.336415 0.251091 0.262066 0.963342 0.587320 0.344436 0.232095 0.065047 0.393248 0.457553
0.774797 0.410165 0.335562 0.240903 0.330534 0.960575 0.672209 0.276230 0.276774 0.095520 0.306208 0.331827
0.846767 0.325622 0.303656 0.202196 0.314880 0.963313 0.693416 0.301496 0.074639 -0.038397 0.321458 0.397974
0.752969 0.371329 0.316454 0.245357 0.277381 0.919982 0.663113 0.315090 0.190131 0.088912 0.248136 0.475523
0.793399 0.312817 0.340977 0.187739 0.184289 0.965937 0.660631 0.315138 0.205608 -0.007477 0.291313 0.510305
0.768474 0.386519 0.229243 0.255814 0.304309 0.978186 0.754809 0.283573 0.135605 -0.030289 0.290628 0.494298
0.782154 0.327157 0.289935 0.115847 0.294417 0.919754 0.585674 0.211595 0.229323 -0.072747 0.234954 0.446669
0.782197 0.290726 0.295332 0.174077 0.279992 0.935609 0.564999 0.376751 0.194491 0.026021 0.344326 0.493616
0.819657 0.514000 0.285199 0.273074 0.336444 0.923353 0.666314 0.275377 0.108536 -0.079158 0.257800 0.462809
0.749572 0.381708 0.279959 0.210313 0.231486 0.967228 0.659830 0.294198 0.209439 0.073260 0.284850 0.474779
0.880226 0.269932 0.369784 0.141064 0.364504 1.007499 0.643934 0.244322 0.136872 0.002013 0.288949 0.445553
0.787231 0.423196 0.410760 0.192127 0.281989 0.904764 0.679850 0.273601 0.114296 0.030320 0.314805 0.393931
0.739375 0.391316 0.340103 0.256990 0.349421 1.009390 0.576684 0.261111 0.141632 0.026918 0.276578 0.345901
0.783636 0.349411 0.341032 0.200619 0.417341 1.010025 0.664278 0.260630 0.203701 -0.003214 0.231662 0.351764
0.782258 0.363661 0.303321 0.222052 0.201082 0.905858 0.669992 0.373692 0.133068 0.055941 0.293751 0.381448
0.691469 0.349811 0.307103 0.270176 0.247694 0.994610 0.675060 0.393798 0.165608 0.039168 0.268903 0.416345
0.803618 0.453967 0.324612 0.174102 0.279086 0.994928 0.538499 0.296898 0.115134 -0.019721 0.250163 0.468844
0.739451 0.305689 0.223027 0.105074 0.396448 0.867122 0.686353 0.281022 0.115575 0.030771 0.239295 0.374704
0.741798 0.350888 0.333336 0.208806 0.242478 0.939822 0.700966 0.280003 0.164645 0.074807 0.156942 0.510663
0.659981 0.424904 0.432667 0.258503 0.333046 0.927183 0.620607 0.304734 0.192673 0.068588 0.242440 0.487648
0.879245 0.388159 0.330235 0.245104 0.301662 1.046706 0.624812 0.255230 0.221131 -0.030516 0.320046 0.391783
0.766880 0.365986 0.420592 0.242274 0.269092 1.010939 0.636644 0.349812 0.136877 -0.026145 0.311884 0.454738
0.690091 0.318470 0.360767 0.122455 0.285750 0.929707 0.703909 0.238249 0.240760 0.097721 0.293611 0.481925
0.796261 0.389107 0.423253 0.269282 0.339148 0.941324 0.666809 0.310199 0.165115 -0.101020 0.296253 0.524741
0.806115 0.432783 0.355985 0.227002 0.299005 0.972162 0.591781 0.306328 0.167513 0.002463 0.269874 0.432820
0.807421 0.344941 0.248469 0.193440 0.293449 1.030049 0.671343 0.278506 0.198341 -0.019869 0.266058 0.450386
0.768334 0.329971 0.345767 0.184084 0.380938 1.037944 0.609159 0.264949 0.158858 -0.018940 0.273211 0.428395
0.824948 0.336540 0.279162 0.231188 0.292062 0.919395 0.628699 0.356353 0.152418 0.073971 0.221525 0.556094
0.690564 0.334403 0.319160 0.216435 0.264378 1.032974 0.666367 0.350666 0.084587 -0.103355 0.302985 0.420903
0.809334 0.378021 0.277078 0.181395 0.205940 0.971895 0.708038 0.208286 0.215322 0.065024 0.293750 0.478018
0.761397 0.364440 0.366841 0.191884 0.257833 0.914221 0.655625 0.321102 0.248138 0.048976 0.196866 0.513375
0.827624 0.275251 0.380057 0.226200 0.248205 0.951821 0.682159 0.190507 0.171097 -0.018720 0.237688 0.383286
0.819893 0.362014 0.313252 0.119808 0.268762 1.012614 0.598541 0.298852 0.221047 -0.056613 0.186397 0.340081
0.736667 0.386833 0.331781 0.195513 0.310423 1.015396 0.640113 0.323457 0.114043 0.045771 0.337904 0.499904
0.743039 0.291426 0.433850 0.214418 0.334854 1.003750 0.671386 0.406287 0.198696 0.084263 0.300836 0.398131
0.811146 0.369249 0.250930 0.202226 0.367662 0.904426 0.657735 0.348319 0.167018 -0.001460 0.280814 0.405793
0.829912 0.407424 0.254620 0.196050 0.313293 1.018233 0.635101 0.212599 0.222353 -0.079236 0.255627 0.468846
0.761737 0.435766 0.270600 0.250631 0.306262 0.996124 0.592369 0.320705 0.165274 0.138307 0.317549 0.410357
0.733317 0.299300 0.338939 0.229407 0.301857 1.012094 0.679640 0.384020 0.155678 0.082043 0.294458 0.366817
0.772990 0.356821 0.321268 0.223423 0.202796 0.961430 0.703018 0.326309 0.205529 0.054891 0.229149 0.443388
0.755966 0.389490 0.325898 0.142957 0.252388 0.996661 0.603234 0.272399 0.225434 0.049897 0.365067 0.468045
0.774615 0.358453 0.370709 0.198218 0.400041 1.007479 0.657575 0.295940 0.085862 0.008878 0.284200 0.427558
0.844070 0.283344 0.284486 0.223416 0.287958 1.049582 0.644310 0.295439 0.135978 0.053758 0.237714 0.396384
0.724620 0.440976 0.341783 0.240681 0.324078 0.939385 0.619361 0.281860 0.193170 0.002790 0.206964 0.481563
0.727196 0.380953 0.352302 0.280352 0.315725 0.925216 0.691493 0.350621 0.204257 0.017518 0.340414 0.387019
0.740333 0.392566 0.366643 0.234929 0.266403 1.019201 0.592334 0.281546 0.119482 0.076498 0.350929 0.459801
0.793170 0.386391 0.311019 0.196454 0.346889 0.943832 0.684033 0.372849 0.114852 0.006414 0.290923 0.394159
0.824942 0.449726 0.300356 0.223234 0.383446 1.028785 0.688859 0.378966 0.183667 -0.013555 0.321656 0.405947
0.762028 0.328239 0.280975 0.177335 0.277476 0.980374 0.676231 0.310737 0.103087 0.021159 0.321785 0.440280
0.729677 0.346375 0.374113 0.261699 0.302792 1.059203 0.680531 0.382438 0.235416 0.017407 0.276219 0.498679
0.762430 0.331317 0.322525 0.229704 0.223020 0.976589 0.730888 0.321816 0.212052 0.038512 0.230762 0.526532
0.760682 0.372265 0.319039 0.235429 0.284337 1.004608 0.728777 0.285317 0.227337 0.011084 0.300543 0.415957
0.760457 0.454926 0.328924 0.198664 0.373103 0.960215 0.709348 0.266292 0.202250 -0.069534 0.223631 0.341997
0.749651 0.397917 0.293119 0.193284 0.212015 0.991979 0.711178 0.312403 0.146352 0.043422 0.279395 0.433463
0.791799 0.374374 0.349379 0.133183 0.347326 1.008882 0.612644 0.377294 0.195326 -0.044574 0.326179 0.336907
0.790130 0.436777 0.370354 0.227115 0.348880 0.916709 0.641337 0.229937 0.143536 0.047637 0.356945 0.371503
0.753176 0.356984 0.346503 0.216112 0.268282 0.990657 0.647627 0.259109 0.206252 0.039725 0.307222 0.478246
0.876521 0.403234 0.282886 0.148944 0.399436 1.030780 0.603964 0.240453 0.223095 -0.029032 0.314129 0.460315
0.787595 0.443218 0.353426 0.131895 0.259248 1.068678 0.722568 0.240130 0.162287 -0.060568 0.282887 0.459638
0.796862 0.363985 0.368785 0.176653 0.313663 0.966576 0.704239 0.241500 0.234594 0.083470 0.272844 0.315462
0.674620 0.425616 0.382772 0.294697 0.401528 0.960642 0.670775 0.291005 0.192204 0.016408 0.250940 0.455764
0.810770 0.411033 0.377141 0.233267 0.346478 0.978447 0.729738 0.235743 0.148667 0.001627 0.287275 0.523574
0.770900 0.435788 0.276493 0.170484 0.310996 1.001171 0.684204 0.305889 0.210694 -0.009191 0.237143 0.368945
0.808044 0.463277 0.417066 0.310044 0.270791 1.017189 0.641581 0.259332 0.182898 -0.069976 0.377080 0.443120
0.863816 0.324596 0.235891 0.180528 0.377222 1.026482 0.757140 0.260887 0.113199 -0.039257 0.360274 0.420169
0.773339 0.358800 0.362405 0.147460 0.250808 0.902447 0.596061 0.263635 0.203260 0.089201 0.227123 0.503558
0.798457 0.322851 0.335327 0.228707 0.343358 0.969481 0.612887 0.242733 0.213031 -0.059235 0.272912 0.410844
0.811205 0.487536 0.352486 0.252706 0.265447 0.956596 0.652418 0.315185 0.175780 0.082872 0.171975 0.472969
0.828267 0.374441 0.245535 0.124716 0.233581 1.030238 0.621056 0.275743 0.218792 -0.124042 0.375802 0.372453
0.786210 0.341766 0.289214 0.146616 0.271254 1.013018 0.650515 0.369596 0.181440 -0.051290 0.278307 0.414170
0.770150 0.404531 0.388177 0.211359 0.253284 0.909367 0.652586 0.408621 0.205730 0.082530 0.288826 0.441399
0.693823 0.361243 0.298743 0.139670 0.300545 0.985816 0.651833 0.327267 0.095159 -0.016195 0.211771 0.414749
0.772251 0.327677 0.369625 0.228991 0.290236 1.019766 0.717726 0.352115 0.207202 0.041319 0.316535 0.438424
0.756131 0.358956 0.250869 0.183527 0.229180 1.101832 0.669879 0.284262 0.226951 -0.025805 0.281051 0.504558
0.719708 0.525225 0.305671 0.162088 0.329876 0.944521 0.667445 0.206526 0.171361 0.023592 0.319079 0.423541
0.813230 0.376443 0.351316 0.204848 0.226419 0.972719 0.619981 0.326100 0.134193 0.032619 0.300144 0.510583
0.685743 0.468205 0.418409 0.219604 0.394668 1.017749 0.642301 0.302016 0.154848 0.040081 0.326422 0.391344
0.758395 0.384535 0.354470 0.216596 0.341984 0.944716 0.656134 0.406007 0.130218 0.033994 0.286087 0.428326
0.781004 0.423362 0.357761 0.216367 0.392911 0.998894 0.605212 0.293584 0.199882 -0.004266 0.278257 0.472760
0.761828 0.433029 0.369110 0.241884 0.229731 1.007553 0.707293 0.410373 0.161111 -0.008410 0.222220 0.392579
0.724953 0.411847 0.349016 0.133983 0.342194 0.975388 0.621771 0.299152 0.166050 -0.072178 0.358277 0.447994
0.756502 0.287439 0.279890 0.083005 0.372910 0.961162 0.676900 0.294222 0.213297 0.104150 0.359209 0.411733
0.785586 0.482595 0.218117 0.201711 0.286508 1.005358 0.623915 0.241358 0.175062 0.041789 0.345196 0.391539
0.698657 0.428773 0.390630 0.231513 0.311144 0.942549 0.701212 0.317152 0.157248 0.034196 0.311469 0.379832
0.770002 0.331431 0.406221 0.285839 0.317924 1.019704 0.738379 0.313386 0.131244 0.016480 0.281957 0.357210
0.736947 0.399106 0.446645 0.183236 0.361630 1.001041 0.587828 0.399278 0.169576 -0.000956 0.372427 0.463856
0.694430 0.428103 0.259160 0.121696 0.321949 0.934867 0.657208 0.306391 0.197926 -0.027662 0.392140 0.503768
0.785294 0.475698 0.354306 0.185215 0.288291 1.010174 0.723361 0.361343 0.110853 -0.001397 0.282057 0.407923
0.838947 0.344976 0.327083 0.163864 0.303566 0.958844 0.681386 0.317958 0.190265 -0.020718 0.355932 0.398959
0.712092 0.310698 0.417609 0.245094 0.385360 1.041945 0.615985 0.374668 0.139189 -0.061541 0.199575 0.318268
0.756186 0.317407 0.259272 0.203408 0.279478 1.046039 0.604727 0.277218 0.145024 0.052520 0.243338 0.333787
0.836606 0.455889 0.277621 0.188300 0.343676 0.982145 0.606808 0.294994 0.133487 0.022811 0.330665 0.483048
0.771007 0.399178 0.253470 0.300163 0.308887 1.028743 0.675397 0.334812 0.240171 -0.029316 0.259305 0.444977
0.756606 0.390120 0.277411 0.188381 0.277657 0.990310 0.730410 0.353000 0.170100 0.012212 0.274521 0.409205
0.785111 0.416530 0.287259 0.273507 0.292913 0.965410 0.628735 0.302006 0.162114 0.104161 0.341948 0.420303
0.843106 0.308021 0.349976 0.203124 0.320981 0.978889 0.615610 0.376429 0.214900 0.037430 0.284457 0.469450
0.826003 0.382065 0.364222 0.208704 0.318469 1.082123 0.609712 0.401641 0.193906 0.057422 0.262140 0.440233
0.809709 0.367590 0.307285 0.183731 0.257567 1.032408 0.736622 0.333050 0.278459 0.007068 0.394495 0.437751
0.709968 0.447500 0.283860 0.190860 0.260720 1.065817 0.645981 0.348228 0.089106 -0.069517 0.235892 0.500575
0.824865 0.449211 0.384804 0.195611 0.298201 0.935352 0.610293 0.343782 0.223577 0.049005 0.311601 0.412369
0.757194 0.435645 0.338153 0.106723 0.245022 0.873695 0.620388 0.298603 0.135047 0.048877 0.265430 0.485947
0.762807 0.426001 0.272784 0.202825 0.353535 0.938708 0.571686 0.287996 0.077056 0.093837 0.245708 0.435173
0.860515 0.316147 0.308133 0.221946 0.287714 1.001625 0.578642 0.384285 0.115774 -0.029332 0.273789 0.367418
0.705909 0.487180 0.446271 0.200867 0.346998 0.940400 0.743279 0.298846 0.188065 -0.006131 0.303387 0.324967
0.803348 0.390505 0.329457 0.228943 0.277184 1.083951 0.690868 0.318601 0.252025 0.112758 0.328009 0.455846
0.734207 0.368524 0.358863 0.192087 0.273920 1.095125 0.686195 0.205779 0.199403 0.011662 0.366583 0.484351
0.850448 0.425464 0.371139 0.187592 0.312920 1.020930 0.812658 0.272762 0.160710 -0.007530 0.252764 0.431810
0.724696 0.348043 0.202525 0.214027 0.358329 0.984371 0.591509 0.340544 0.102521 0.044093 0.291178 0.385602
0.808314 0.475693 0.306462 0.163116 0.311559 0.954887 0.683413 0.349887 0.215868 0.072858 0.323370 0.366331
0.716393 0.351377 0.405111 0.106232 0.285402 0.914157 0.658013 0.378436 0.201628 -0.082984 0.230886 0.486218
0.821034 0.408023 0.359501 0.195921 0.246406 0.976875 0.636776 0.331683 0.238384 0.104397 0.281781 0.497975
0.818299 0.383215 0.334189 0.192587 0.272126 0.941053 0.729707 0.304001 0.180908 -0.004765 0.300739 0.431690
0.859209 0.487340 0.334390 0.139106 0.315994 0.971947 0.746224 0.369564 0.129729 -0.053717 0.214600 0.444031
0.780667 0.344887 0.266468 0.188488 0.355805 0.939430 0.662333 0.293726 0.271199 0.048690 0.285669 0.439963
0.751554 0.418132 0.260270 0.170446 0.303053 1.021294 0.593771 0.350994 0.075160 0.053748 0.333232 0.442880
0.792911 0.348530 0.310634 0.173381 0.366198 0.940436 0.678521 0.277455 0.239151 0.027475 0.216339 0.419125
0.857248 0.335482 0.307732 0.140816 0.310264 0.867826 0.636059 0.227556 0.105529 -0.003237 0.320698 0.420353
0.771324 0.290195 0.275985 0.187296 0.332893 0.879145 0.657966 0.232517 0.133159 0.043145 0.307095 0.345666
0.721758 0.390887 0.328209 0.154727 0.261354 1.034506 0.565423 0.333612 0.154206 0.014238 0.197769 0.369112
0.805868 0.397638 0.284861 0.195071 0.310169 1.069655 0.637394 0.264650 0.174608 -0.002525 0.246652 0.410135
0.790634 0.389785 0.351037 0.264988 0.247575 0.963727 0.770598 0.249825 0.116184 0.015294 0.286887 0.365871
0.741394 0.404647 0.363200 0.280031 0.335421 1.028858 0.690611 0.313838 0.217856 -0.004349 0.326793 0.399707
0.807948 0.345824 0.315254 0.191580 0.259794 0.982961 0.659910 0.292911 0.211648 0.053646 0.273899 0.405259
0.768511 0.314694 0.322728 0.264160 0.316470 1.031720 0.616997 0.395698 0.178660 0.098199 0.277577 0.465531
0.862337 0.405216 0.379438 0.185368 0.243593 0.968617 0.729197 0.325441 0.163907 0.043484 0.232323 0.507793
0.757759 0.393313 0.295625 0.229807 0.356333 0.961674 0.630108 0.340210 0.158806 0.045640 0.370825 0.413076
0.745975 0.507535 0.276651 0.206438 0.282268 1.030376 0.639824 0.277311 0.080123 0.058029 0.300353 0.423132
0.824255 0.431815 0.260119 0.275871 0.302245 0.970571 0.653526 0.329499 0.080202 0.052839 0.232852 0.413799
0.842227 0.372622 0.338036 0.250271 0.268027 0.956625 0.678937 0.294475 0.178695 -0.011539 0.376666 0.416733
0.775481 0.423358 0.395742 0.183686 0.263025 0.966282 0.647203 0.314167 0.203916 -0.003101 0.163514 0.390932
0.769364 0.472570 0.349203 0.188803 0.269541 0.943602 0.672911 0.267602 0.188555 -0.005636 0.276427 0.438687
0.692989 0.424350 0.292160 0.201778 0.316203 0.925455 0.624447 0.355027 0.134045 0.099893 0.287518 0.463103
0.807162 0.381083 0.406080 0.210593 0.236052 0.942595 0.701645 0.298814 0.179266 0.055972 0.283988 0.524139
0.837983 0.336558 0.371057 0.172666 0.264970 0.926583 0.692089 0.218337 0.132806 -0.003801 0.283513 0.490336
0.761077 0.345796 0.306819 0.181228 0.370538 0.971898 0.687331 0.409023 0.206426 -0.060296 0.324497 0.471277
0.840743 0.345590 0.317262 0.170975 0.217112 1.044882 0.631457 0.360241 0.257135 -0.046905 0.282646 0.519612
0.783643 0.391873 0.389543 0.245238 0.229233 0.918060 0.638706 0.231800 0.082503 -0.017932 0.270918 0.444439
0.703647 0.409458 0.329595 0.209350 0.350695 0.892688 0.678261 0.400343 0.154589 0.023592 0.274405 0.477157
0.707537 0.349565 0.348162 0.254802 0.358827 1.001596 0.625280 0.281078 0.141419 -0.032233 0.318855 0.352725
0.874575 0.343290 0.295358 0.193410 0.352068 0.863605 0.648325 0.310113 0.103749 -0.053373 0.287157 0.391907
0.757823 0.379801 0.288156 0.174188 0.346535 0.927892 0.620818 0.318396 0.142697 0.066338 0.268117 0.448911
0.687753 0.390305 0.355448 0.185780 0.342483 1.020177 0.698058 0.362234 0.084560 0.017429 0.263763 0.401691
0.747441 0.466637 0.396820 0.243500 0.294198 1.016527 0.673343 0.317686 0.061967 -0.009592 0.271987 0.478244
0.746188 0.381432 0.326358 0.188415 0.221207 0.980219 0.654051 0.365619 0.177968 0.086024 0.281866 0.535898
0.747228 0.460665 0.352736 0.177745 0.340158 1.073195 0.630088 0.211591 0.214889 -0.046244 0.271507 0.466117
0.791181 0.440782 0.395749 0.159188 0.228334 0.959329 0.616817 0.286981 0.143454 0.070534 0.286501 0.443112
0.710555 0.435116 0.350742 0.244925 0.376249 1.036275 0.673391 0.205732 0.172387 0.004238 0.318017 0.400473
0.789192 0.304295 0.254145 0.194509 0.330431 0.948690 0.672093 0.300964 0.143007 0.046289 0.297565 0.361021
0.826373 0.273786 0.342738 0.264383 0.298901 1.018039 0.685993 0.314251 0.137488 -0.057676 0.237088 0.373332
0.737896 0.402061 0.333704 0.146394 0.269760 1.016604 0.655824 0.387412 0.064544 0.027934 0.247062 0.498280
0.762983 0.352270 0.321180 0.136452 0.349835 0.984043 0.590788 0.225604 0.220978 -0.035476 0.298367 0.461312
0.776116 0.334813 0.371433 0.301803 0.274178 0.911004 0.744670 0.283337 0.210927 0.043239 0.270734 0.387855
0.756202 0.411675 0.275704 0.197050 0.301613 1.117052 0.697256 0.343791 0.178318 0.009207 0.267001 0.403384
0.815175 0.419131 0.307682 0.184461 0.286429 1.015223 0.618482 0.267068 0.202190 0.045055 0.188582 0.353268
0.810266 0.374522 0.258076 0.227971 0.295572 0.947529 0.692547 0.259742 0.187322 0.060247 0.357865 0.404522
0.776817 0.295965 0.325412 0.280031 0.286953 0.960382 0.673067 0.321844 0.136575 0.006829 0.290608 0.432144
0.736348 0.329276 0.376628 0.090725 0.321815 0.983563 0.705918 0.367367 0.244500 0.035694 0.316344 0.415966
0.834477 0.487795 0.336139 0.212811 0.315773 1.016763 0.661886 0.250647 0.166365 -0.105564 0.250916 0.482974
0.736007 0.437162 0.314776 0.259368 0.253897 0.951872 0.635397 0.310076 0.150746 0.064450 0.238333 0.417113
0.773739 0.386850 0.327605 0.215211 0.382200 0.931816 0.653512 0.313518 0.172926 -0.044347 0.389222 0.401065
0.732339 0.298926 0.314621 0.168971 0.277464 0.992788 0.654850 0.371050 0.158480 -0.057798 0.272895 0.371246
0.770863 0.436725 0.438575 0.215730 0.307479 0.897371 0.657023 0.351218 0.076953 0.017637 0.305923 0.433653
0.777185 0.372589 0.311860 0.221805 0.223543 1.054855 0.605964 0.325744 0.183252 -0.040482 0.373152 0.487001
0.857263 0.362423 0.270398 0.204780 0.316284 0.877749 0.551219 0.299343 0.149620 -0.031114 0.191256 0.444831
0.772573 0.391598 0.395179 0.296658 0.348628 1.032973 0.772607 0.322487 0.181326 -0.042207 0.323461 0.482687
0.842208 0.457644 0.219959 0.188872 0.259205 0.959756 0.613631 0.326929 0.181787 -0.020816 0.289476 0.347607
0.709098 0.401572 0.348809 0.170041 0.236525 1.022717 0.602031 0.361436 0.124561 0.042271 0.213476 0.469569
0.822739 0.380855 0.360276 0.214542 0.308769 1.086864 0.635222 0.340123 0.151948 -0.006440 0.285091 0.355754
0.771645 0.307744 0.318481 0.217020 0.321245 0.974171 0.605362 0.247230 0.119711 0.109241 0.170339 0.395035
0.748645 0.362251 0.422802 0.293088 0.251361 1.080073 0.489506 0.270566 0.216195 -0.059133 0.313241 0.417659
0.724908 0.437848 0.352646 0.236964 0.262656 0.988382 0.632585 0.317540 0.189313 -0.014023 0.283538 0.450729
0.826170 0.319622 0.297482 0.178204 0.280689 0.975051 0.658121 0.255783 0.174852 0.027242 0.312851 0.467122
0.762723 0.365224 0.233701 0.247545 0.302819 1.008699 0.669296 0.286945 0.146765 0.041841 0.315285 0.417902
0.750021 0.321955 0.305912 0.214326 0.252227 1.006380 0.603974 0.228075 0.180484 0.049216 0.338397 0.391762
0.858262 0.309434 0.270913 0.243429 0.254087 1.003672 0.693479 0.362627 0.185154 0.077967 0.328730 0.398988
0.772538 0.314949 0.275174 0.067773 0.361453 0.947555 0.572058 0.277218 0.206920 -0.014920 0.305779 0.395965
0.774027 0.431970 0.292120 0.238549 0.188620 1.010731 0.591657 0.290176 0.127562 0.007938 0.275829 0.450522
0.769808 0.414371 0.300494 0.271052 0.197582 0.916789 0.617428 0.347034 0.329299 0.030751 0.337757 0.475501
0.688859 0.351385 0.389438 0.242043 0.328357 0.959075 0.607086 0.208736 0.151251 -0.009555 0.268060 0.457877
0.835218 0.340029 0.321141 0.124031 0.307253 0.964977 0.650610 0.234804 0.169353 -0.073922 0.191349 0.400574
0.778099 0.308237 0.372191 0.254054 0.305365 1.000415 0.712467 0.384228 0.179677 -0.035469 0.305391 0.432635
0.744508 0.421964 0.384999 0.184682 0.327174 0.928395 0.622797 0.393599 0.162857 0.046578 0.324400 0.492022
0.830418 0.352452 0.404954 0.185538 0.314867 0.952655 0.633721 0.293132 0.095794 0.049367 0.356502 0.424983
0.791605 0.364214 0.274196 0.133052 0.313905 1.020972 0.607332 0.341924 0.162248 -0.006135 0.350465 0.484246
0.854917 0.390443 0.382800 0.244499 0.290464 0.992706 0.554080 0.295076 0.279531 0.020199 0.284424 0.402657
0.790899 0.370326 0.408270 0.165453 0.329309 1.050433 0.708292 0.311301 0.126777 0.023841 0.213575 0.460543
0.795957 0.396934 0.352162 0.154975 0.388034 1.002291 0.580086 0.282895 0.156827 0.057871 0.219277 0.450665
0.782093 0.400647 0.261388 0.208443 0.307858 1.076741 0.652145 0.297120 0.118977 -0.004402 0.352564 0.482680
0.789084 0.351610 0.194232 0.237395 0.231420 0.962473 0.588872 0.345017 0.210983 0.052629 0.321130 0.454551
0.776341 0.363100 0.316411 0.265303 0.289426 0.957250 0.662571 0.338540 0.148294 0.054987 0.251147 0.419693
0.802017 0.328925 0.264043 0.124594 0.233979 0.997536 0.646574 0.327470 0.167488 0.034775 0.356858 0.439074
0.821133 0.414241 0.317744 0.199893 0.271995 0.983678 0.664468 0.277871 0.135440 0.092250 0.255050 0.489527
0.832897 0.333032 0.260717 0.191844 0.351900 0.982492 0.791700 0.384236 0.191571 -0.081460 0.320663 0.504114
0.840414 0.415175 0.317611 0.197218 0.336689 0.876761 0.738587 0.287734 0.144980 0.079258 0.318769 0.471421
0.763665 0.362337 0.311385 0.169732 0.233760 0.937021 0.650822 0.349651 0.123064 0.037437 0.292458 0.463474
0.809836 0.372181 0.324059 0.292519 0.405855 0.935873 0.591841 0.315663 0.172144 0.035256 0.152744 0.438759
0.825658 0.344575 0.290274 0.256914 0.361683 0.958073 0.738655 0.433440 0.147461 -0.002617 0.287708 0.435724
0.761179 0.335258 0.385701 0.157676 0.329176 0.941647 0.643785 0.256983 0.109113 0.112426 0.312961 0.398955
0.705696 0.430988 0.283929 0.263639 0.193794 1.034514 0.656284 0.366807 0.199140 -0.057454 0.329878 0.383013
0.753923 0.322416 0.282612 0.220774 0.319767 1.035755 0.668087 0.176036 0.156415 0.015658 0.261494 0.433176
0.790872 0.390919 0.250928 0.186562 0.326127 0.983446 0.716463 0.168979 0.200967 0.048288 0.195134 0.456995
0.703241 0.317031 0.245346 0.230082 0.364633 0.946835 0.779670 0.276362 0.200713 0.035543 0.256254 0.466623
0.840400 0.400369 0.230304 0.222372 0.387579 1.014238 0.648594 0.318447 0.164646 -0.044441 0.281865 0.380923
0.828726 0.427221 0.399770 0.241943 0.296441 1.000903 0.716866 0.321831 0.195736 0.033835 0.280221 0.423110
0.735216 0.393893 0.282628 0.214772 0.378448 0.999308 0.596186 0.246275 0.167028 -0.037726 0.271834 0.481336
0.797768 0.359381 0.302056 0.226274 0.292288 0.923895 0.614626 0.325710 0.174586 0.125283 0.300403 0.507009
0.806405 0.424232 0.388089 0.215341 0.325985 0.922939 0.654338 0.292363 0.129625 0.058286 0.348982 0.503484
0.790043 0.414695 0.238703 0.175455 0.340803 0.949123 0.605755 0.336236 0.201736 -0.031897 0.250507 0.470595
0.709826 0.390752 0.302397 0.153332 0.304518 1.065257 0.585420 0.296308 0.239118 -0.025904 0.254703 0.420261
0.801831 0.356584 0.280512 0.109674 0.231994 0.966500 0.733510 0.280352 0.209551 -0.017973 0.284187 0.356325
0.101239 0.750714 0.576192 0.257125 0.868701 0.342661 0.009639 0.670145 0.767172 0.375718 0.677581 0.873073
0.223223 0.755725 0.596091 0.193349 0.908569 0.416963 0.037227 0.600304 0.772554 0.300127 0.722292 0.936877
0.150224 0.729940 0.661150 0.280369 0.852834 0.332211 0.059534 0.742504 0.776895 0.349618 0.764216 0.960767
0.247906 0.698455 0.615202 0.288329 0.868421 0.396002 0.028084 0.593095 0.731220 0.351543 0.656831 0.924749
0.121615 0.732373 0.492580 0.188234 0.835226 0.392207 0.103762 0.704229 0.796665 0.369133 0.778489 0.868039
0.104194 0.678950 0.532423 0.111857 0.852180 0.312048 -0.035805 0.679925 0.741618 0.344431 0.817289 0.852968
0.172637 0.661801 0.598445 0.064736 0.929893 0.343779 0.125535 0.657244 0.785532 0.268227 0.774986 0.867292
0.251181 0.858546 0.535046 0.123805 1.005622 0.336097 0.071978 0.710759 0.797512 0.333949 0.686475 0.932650
0.210333 0.788392 0.545483 0.203720 0.853888 0.395570 0.010925 0.664183 0.841741 0.442014 0.764815 0.897962
0.190963 0.677859 0.512883 0.246077 0.906272 0.332985 0.068333 0.649120 0.721853 0.359499 0.816343 0.978138
0.211096 0.784035 0.587476 0.219867 0.878123 0.324609 -0.023085 0.689739 0.721718 0.348774 0.811874 0.880732
0.176920 0.744929 0.546396 0.208560 0.967854 0.417228 0.094102 0.664378 0.758888 0.360266 0.823463 0.882713
0.241491 0.738065 0.691323 0.261748 0.841025 0.425759 0.099247 0.727779 0.777963 0.339532 0.777526 0.828253
0.219613 0.805045 0.500688 0.254095 0.892648 0.310235 0.031479 0.720587 0.754027 0.317499 0.767099 0.843647
0.171425 0.732624 0.574532 0.199095 0.821041 0.425628 -0.059446 0.643556 0.713242 0.333346 0.848232 0.858694
0.239853 0.793867 0.503461 0.275296 0.842435 0.355685 0.060595 0.650353 0.732541 0.390970 0.735879 0.825921
0.211141 0.820197 0.622503 0.112889 0.802884 0.405742 0.027871 0.693488 0.785037 0.287294 0.720400 0.908457
0.209122 0.724414 0.504472 0.199203 0.847460 0.429682 0.101984 0.659177 0.785545 0.254615 0.680191 0.917269
0.167672 0.833475 0.579015 0.139912 0.851495 0.387945 0.093995 0.673713 0.773303 0.427090 0.738373 0.934068
0.250367 0.743151 0.602321 0.131170 0.855231 0.331339 0.092830 0.589434 0.762371 0.225979 0.805835 0.906745
0.113944 0.715668 0.553605 0.253369 0.843198 0.386413 0.047492 0.691890 0.751583 0.338412 0.746009 0.861425
0.206658 0.738632 0.562467 0.184061 0.852957 0.361787 0.066959 0.747603 0.810213 0.288008 0.904046 0.908546
0.145324 0.836572 0.549251 0.249467 0.814189 0.301390 0.043470 0.572148 0.753842 0.410248 0.743607 0.983624
0.188645 0.749198 0.590090 0.279870 0.850933 0.341266 -0.005401 0.661258 0.820580 0.300977 0.682276 0.815694
0.193539 0.826688 0.450740 0.250573 0.828348 0.394950 0.090254 0.656480 0.832633 0.361014 0.749834 0.860637
0.135351 0.705175 0.733103 0.166828 0.847873 0.364701 -0.021118 0.586139 0.722015 0.298621 0.834171 0.983523
0.200798 0.691420 0.492271 0.207770 0.843233 0.349247 0.058836 0.662951 0.784237 0.290535 0.703099 0.974448
0.226002 0.693490 0.568282 0.182404 0.839489 0.363343 0.091248 0.685131 0.794331 0.405155 0.728155 0.842701
0.186986 0.726284 0.522242 0.165210 0.854578 0.464095 0.096036 0.714157 0.797429 0.346512 0.778535 0.877579
0.112435 0.845949 0.524863 0.198562 0.841130 0.296379 0.042542 0.603636 0.752360 0.420486 0.732152 0.862944
0.186798 0.755174 0.577769 0.128881 0.813063 0.391227 0.058380 0.738634 0.686297 0.400613 0.744666 0.891366
0.183910 0.819710 0.568515 0.130874 0.937052 0.390389 0.152049 0.741484 0.690470 0.325639 0.770967 0.824530
0.197638 0.776861 0.620061 0.246214 0.804939 0.360549 0.083799 0.640630 0.703361 0.294281 0.762223 0.880979
0.183010 0.751526 0.580167 0.094531 0.901618 0.335283 0.059347 0.692251 0.786102 0.316678 0.745243 0.897971
0.156995 0.732977 0.527793 0.212857 0.846934 0.379105 0.014990 0.765947 0.709334 0.295062 0.818541 0.880154
0.169810 0.745785 0.633739 0.287938 0.908905 0.345933 0.014450 0.705474 0.791856 0.380969 0.634574 0.927169
0.260509 0.713215 0.539527 0.188369 0.744760 0.285269 0.101983 0.649889 0.759295 0.263681 0.838434 0.888201
0.222085 0.810505 0.611036 0.102027 0.820453 0.401208 0.034116 0.725976 0.714418 0.322514 0.673144 0.949772
0.159313 0.684978 0.632494 0.187426 0.881275 0.440933 -0.011772 0.700900 0.694038 0.365022 0.666482 0.929920
0.263406 0.661417 0.594423 0.297593 0.860716 0.267961 0.007457 0.679225 0.732891 0.384783 0.766014 0.904945
0.141057 0.732959 0.584062 0.285409 0.872564 0.492177 -0.001209 0.600407 0.841569 0.347045 0.805758 0.931934
0.193718 0.754858 0.581339 0.252774 0.844192 0.354134 0.041869 0.732888 0.718358 0.343389 0.787960 0.933153
0.193358 0.696093 0.522988 0.230001 0.869329 0.333987 -0.026437 0.684350 0.781869 0.428914 0.806516 0.890253
0.232725 0.825739 0.506272 0.185660 0.796482 0.360753 0.112601 0.645438 0.756381 0.310431 0.803403 0.872195
0.201538 0.783984 0.521437 0.197843 0.857817 0.410138 0.071430 0.598211 0.761761 0.322203 0.771554 0.990455
0.184936 0.845621 0.653037 0.078431 0.781936 0.382630 0.026175 0.609340 0.690982 0.296020 0.840376 0.960744
0.195597 0.768273 0.567517 0.129376 0.894881 0.461247 0.100089 0.692950 0.695377 0.368492 0.768191 0.853245
0.185070 0.834009 0.636904 0.197340 0.801277 0.304975 0.071183 0.706677 0.675898 0.301491 0.787169 0.953025
0.200255 0.727088 0.521755 0.172228 0.837571 0.325233 0.038819 0.806873 0.818183 0.337694 0.720304 0.868342
0.199319 0.775738 0.602319 0.083782 0.887397 0.449996 0.013298 0.662102 0.769254 0.337790 0.792667 0.910253
0.275139 0.723051 0.523201 0.270235 0.817519 0.401034 0.057815 0.629400 0.733441 0.283397 0.764102 0.869963
0.162937 0.816007 0.565863 0.255395 0.961946 0.332262 0.011001 0.726117 0.703108 0.277841 0.795696 0.894526
0.130245 0.636384 0.621028 0.184506 0.859885 0.400384 0.031837 0.693470 0.710963 0.250817 0.778210 0.879417
0.128197 0.738922 0.598776 0.200250 0.733894 0.278447 -0.006315 0.665957 0.772786 0.356413 0.798157 0.877053
0.317230 0.750687 0.533881 0.185365 0.796201 0.407382 0.003286 0.591017 0.726712 0.360815 0.739688 0.960186
0.138956 0.800520 0.514613 0.154758 0.855218 0.347462 0.052763 0.704969 0.733888 0.330897 0.850269 0.868874
0.174749 0.679165 0.612733 0.119897 0.918329 0.433115 0.149720 0.612260 0.810503 0.298506 0.772748 0.855974
0.262772 0.757606 0.566255 0.159890 0.887875 0.391438 0.132100 0.721155 0.698053 0.277673 0.685687 0.828315
0.234565 0.670004 0.646139 0.161094 0.971360 0.354839 0.081857 0.659609 0.800640 0.338015 0.739627 0.902200
0.174639 0.815352 0.587862 0.234320 0.933228 0.370885 0.068334 0.671406 0.780921 0.414938 0.755920 0.915650
0.179892 0.895225 0.571976 0.228346 0.882478 0.459855 0.057137 0.628241 0.783127 0.396987 0.786487 0.982565
0.173707 0.736732 0.579742 0.235965 0.888323 0.503928 0.086651 0.674258 0.745496 0.426227 0.825128 0.980337
0.188348 0.716685 0.640194 0.128834 0.894462 0.356274 -0.010526 0.647047 0.753301 0.377717 0.800842 0.943089
0.188639 0.850571 0.533917 0.133261 0.883657 0.322810 -0.034914 0.645079 0.774908 0.299210 0.770742 0.816274
0.168533 0.814872 0.536277 0.201848 0.817332 0.319439 0.073258 0.742362 0.815257 0.355560 0.784808 0.852481
0.253762 0.695496 0.624081 0.243449 0.852789 0.429779 0.087732 0.545512 0.805761 0.243511 0.866236 0.891142
0.177563 0.716684 0.539454 0.140817 0.832190 0.435124 0.067720 0.619082 0.735758 0.371863 0.825114 0.852967
0.156365 0.757250 0.567892 0.202918 0.964465 0.325561 0.053009 0.729515 0.785857 0.331406 0.842421 0.818566
0.183291 0.781633 0.630889 0.159884 0.922408 0.398553 0.173705 0.721415 0.872937 0.336432 0.697596 0.951506
0.203374 0.812108 0.562842 0.261415 0.806568 0.371422 0.104634 0.730573 0.776930 0.298682 0.734845 0.933770
0.195687 0.721385 0.575176 0.200576 0.891823 0.323623 0.045288 0.600551 0.785930 0.334590 0.758481 0.906694
0.223071 0.747392 0.532635 0.212580 0.817225 0.292537 0.039149 0.668264 0.754966 0.384803 0.782505 0.886451
0.234347 0.810132 0.589062 0.169419 0.896963 0.360593 0.098507 0.655929 0.763132 0.272187 0.787029 0.887960
0.196529 0.743194 0.640332 0.173789 0.832109 0.361230 0.094871 0.699815 0.751793 0.358854 0.787484 0.868767
0.209907 0.699829 0.653297 0.225873 0.825034 0.304876 0.017809 0.607155 0.828099 0.250592 0.785916 0.993873
0.108833 0.757846 0.539132 0.142992 0.853995 0.398307 0.082518 0.672656 0.653854 0.353308 0.756772 0.953226
0.114493 0.833473 0.546272 0.210697 0.713384 0.336735 0.101902 0.599043 0.773886 0.424197 0.898021 0.812461
0.188386 0.861402 0.543650 0.162739 0.817902 0.344318 0.016830 0.739794 0.741641 0.458478 0.854329 0.812312
0.170753 0.718689 0.615563 0.185209 0.843791 0.382201 0.061074 0.658925 0.730212 0.285433 0.798828 0.847129
0.174865 0.842911 0.587843 0.122254 0.847862 0.493028 0.019238 0.707837 0.721513 0.336473 0.733980 0.948301
0.206134 0.841879 0.698043 0.127107 0.864093 0.298404 -0.007142 0.736597 0.800920 0.318072 0.738221 0.938255
0.186922 0.762705 0.638833 0.224063 0.912561 0.361609 0.043162 0.538388 0.908777 0.289292 0.753543 0.850555
0.195827 0.785165 0.598851 0.179064 0.852760 0.365348 0.078130 0.606162 0.794630 0.313206 0.865970 0.937962
0.102087 0.724708 0.516520 0.167228 0.909101 0.310702 0.056099 0.650952 0.778901 0.387568 0.745547 0.923123
0.190823 0.746874 0.513670 0.180099 0.882210 0.323464 0.090515 0.746533 0.877521 0.345137 0.817297 0.902636
0.214551 0.794889 0.583408 0.122757 0.789777 0.400902 0.099100 0.678478 0.759388 0.335313 0.757525 0.945518
0.136101 0.631663 0.600410 0.207032 0.825488 0.473526 0.068279 0.559589 0.829602 0.471025 0.782018 0.871668
0.185867 0.717088 0.577767 0.184701 0.833375 0.341734 0.079850 0.593991 0.778962 0.374492 0.831370 0.919953
0.133909 0.842823 0.603778 0.163379 0.793566 0.364866 0.095061 0.673408 0.818480 0.304459 0.708971 0.965932
0.183999 0.850462 0.601852 0.104680 0.817741 0.404400 0.059347 0.645477 0.743579 0.247922 0.739555 0.947621
0.252437 0.725409 0.562214 0.215143 0.913530 0.405328 0.153316 0.634980 0.712020 0.206573 0.741675 0.932439
0.253587 0.638548 0.612520 0.204775 0.867224 0.342835 0.132371 0.719154 0.753335 0.333741 0.715962 0.921888
0.134839 0.761827 0.540460 0.281221 0.887048 0.444461 0.000068 0.641661 0.816028 0.341336 0.725088 0.841660
0.159459 0.768610 0.619355 0.192024 0.811825 0.243714 0.048416 0.696456 0.730790 0.300016 0.771880 0.744369
0.178793 0.751983 0.684602 0.199841 0.827848 0.354567 -0.003908 0.675762 0.790313 0.293877 0.741404 0.942294
0.125566 0.718466 0.599083 0.124274 0.969211 0.338575 0.017751 0.588390 0.816872 0.350650 0.729398 0.996411
0.093566 0.765070 0.652929 0.157579 0.882479 0.359482 0.016371 0.652360 0.743674 0.319578 0.718737 0.869480
0.174125 0.858413 0.624843 0.182674 0.962961 0.394455 0.051775 0.726341 0.682775 0.298032 0.746511 0.943306
0.168972 0.756372 0.615358 0.228789 0.867505 0.378548 0.064710 0.642592 0.833472 0.363638 0.840840 0.861769
0.093219 0.760498 0.559455 0.273741 0.826754 0.348388 0.047046 0.708188 0.742019 0.302412 0.861240 0.930206
0.140333 0.705589 0.499657 0.161895 0.918261 0.358834 0.123859 0.649102 0.647854 0.256904 0.716340 0.845376
0.134591 0.769459 0.615862 0.200278 0.857493 0.471769 0.058215 0.765062 0.734600 0.346907 0.856923 0.962573
0.234119 0.742095 0.615682 0.187394 0.869610 0.359931 0.005307 0.714195 0.746297 0.340638 0.801417 0.865859
0.109701 0.748447 0.592263 0.189261 0.888192 0.375121 0.023408 0.662413 0.838088 0.267842 0.811753 0.863495
0.169192 0.795836 0.650933 0.128045 0.861055 0.346247 0.084229 0.722207 0.817323 0.330309 0.770037 0.857517
0.260807 0.789833 0.627172 0.125685 0.888736 0.353017 0.075357 0.645839 0.796344 0.397608 0.824642 0.860114
0.134256 0.764831 0.580061 0.108734 0.915769 0.367412 0.049850 0.673557 0.704294 0.401927 0.739945 0.938518
0.172805 0.673400 0.598379 0.197451 0.890675 0.368389 0.151593 0.667739 0.759238 0.366769 0.749469 0.913762
0.215637 0.784153 0.554711 0.245843 0.993847 0.316298 0.137946 0.627994 0.749085 0.292430 0.767506 0.964263
0.133831 0.718137 0.580273 0.168715 0.895038 0.437290 0.150051 0.723191 0.817170 0.258971 0.786143 0.801841
0.269476 0.710139 0.619201 0.235791 0.831625 0.370400 0.032526 0.696641 0.768486 0.386422 0.776182 0.902625
0.133131 0.697690 0.600248 0.237855 0.826572 0.351202 0.034986 0.703185 0.721719 0.324829 0.733234 0.949694
0.184693 0.767634 0.585619 0.301327 0.879916 0.355611 0.148102 0.691175 0.680982 0.363461 0.763076 0.894606
0.063528 0.731967 0.604522 0.217188 0.849165 0.384625 0.026796 0.591276 0.767659 0.376135 0.763759 0.931928
0.229735 0.753734 0.581735 0.310384 0.951351 0.352312 0.110696 0.717179 0.801184 0.333545 0.817219 0.900985
0.198814 0.739501 0.575340 0.201271 0.770901 0.305324 0.110148 0.609639 0.773949 0.250636 0.842613 0.888700
0.274352 0.731257 0.531549 0.253625 0.875076 0.319101 0.058528 0.768557 0.752213 0.285413 0.782648 0.874531
0.280774 0.788051 0.607386 0.201130 0.895055 0.311565 0.050565 0.747100 0.811835 0.338510 0.762920 0.905002
0.206661 0.690205 0.590996 0.241721 0.884392 0.415795 0.088467 0.622331 0.758767 0.363104 0.797490 0.954565
0.185671 0.732195 0.630333 0.205614 0.922995 0.283983 0.107217 0.675565 0.751765 0.433598 0.797081 0.897705
0.213729 0.727129 0.601323 0.184831 0.866827 0.444713 0.127340 0.595132 0.714001 0.350960 0.785843 0.898154
0.187246 0.689440 0.558265 0.156393 0.867033 0.353944 0.035200 0.746622 0.775040 0.435355 0.852047 0.909118
0.187213 0.754656 0.638190 0.205338 0.850688 0.402912 0.074761 0.707210 0.738227 0.374462 0.800467 0.873780
0.141525 0.699577 0.615325 0.214843 0.798024 0.404427 -0.016579 0.645830 0.771255 0.333794 0.726197 0.881357
0.153568 0.668083 0.506582 0.152069 0.903932 0.391751 -0.015904 0.587855 0.763992 0.272481 0.746438 0.864828
0.131612 0.786973 0.513985 0.247398 0.875491 0.389759 -0.006323 0.619903 0.752348 0.225359 0.791742 0.853127
0.075243 0.867330 0.537476 0.198188 0.847023 0.430747 0.125431 0.700554 0.743933 0.225131 0.840133 0.961170
0.218558 0.748861 0.586077 0.019305 0.920494 0.313220 0.078103 0.738293 0.723242 0.267438 0.670364 0.932058
0.242498 0.792464 0.598651 0.141835 0.964232 0.373890 0.025973 0.779501 0.876709 0.324288 0.718263 0.935495
0.249886 0.741574 0.599813 0.235596 0.875719 0.416650 0.060244 0.618229 0.825330 0.364226 0.755108 0.808850
0.128540 0.742964 0.612325 0.211845 0.942901 0.344185 -0.012984 0.655184 0.671352 0.364214 0.749352 0.932479
0.202929 0.736878 0.572500 0.258333 0.804397 0.387199 0.058718 0.758166 0.745466 0.375179 0.768780 0.839204
0.158739 0.782442 0.584976 0.146123 0.791285 0.379285 0.135993 0.626456 0.822524 0.428701 0.775751 0.860301
0.205442 0.798919 0.474053 0.167692 0.829527 0.402413 0.047819 0.749558 0.672592 0.340626 0.764401 0.939259
0.243209 0.735435 0.428771 0.282603 0.858620 0.410551 0.036738 0.703975 0.827458 0.269580 0.712538 0.746153
0.133931 0.764735 0.628456 0.164337 0.891843 0.299127 0.098629 0.748528 0.697500 0.443670 0.680347 0.937424
0.152152 0.694752 0.546998 0.152702 0.910286 0.390844 0.051475 0.644266 0.800545 0.327801 0.801690 0.877567
0.246435 0.762877 0.645758 0.255702 0.948218 0.324771 0.104853 0.689792 0.800984 0.326180 0.793091 0.954674
0.232734 0.845441 0.618277 0.178130 0.804715 0.355923 -0.033773 0.673061 0.726627 0.392546 0.753154 0.956643
0.219678 0.691285 0.650972 0.189210 0.860629 0.376841 0.046468 0.639909 0.697869 0.352022 0.702713 0.877347
0.116695 0.750456 0.566167 0.128458 0.892892 0.371802 0.122275 0.643024 0.732958 0.315341 0.797920 0.899110
0.203172 0.742813 0.560521 0.101513 0.968469 0.342155 0.150363 0.700390 0.715755 0.287199 0.742208 0.867124
0.155906 0.703437 0.536903 0.203190 0.909469 0.342562 0.065452 0.677343 0.758723 0.262830 0.757905 0.894375
0.227522 0.691569 0.653065 0.210830 0.901308 0.393420 0.113630 0.616244 0.857830 0.355250 0.758366 0.887172
0.180116 0.857454 0.513072 0.211574 0.844147 0.343237 -0.017647 0.646502 0.722537 0.330267 0.781405 0.917391
0.119343 0.777534 0.660408 0.285428 0.874751 0.349650 0.063852 0.742386 0.756259 0.258093 0.777965 0.910762
0.210015 0.812173 0.528087 0.195054 0.915828 0.397849 0.027418 0.727022 0.742227 0.354875 0.744840 0.924194
0.123209 0.686238 0.580816 0.153691 0.868462 0.438041 0.132095 0.759351 0.676068 0.328639 0.727491 0.882217
0.270051 0.812441 0.572057 0.161320 0.837072 0.366845 -0.007704 0.705442 0.818828 0.327944 0.813040 0.915567
0.183567 0.733750 0.556965 0.081514 0.913261 0.355946 0.143519 0.683701 0.709614 0.311021 0.767515 0.900699
0.210534 0.721169 0.584929 0.203203 0.799187 0.368553 0.086416 0.700534 0.820929 0.377477 0.826658 0.860829
0.148787 0.636429 0.593566 0.240531 0.825177 0.356902 0.034184 0.698908 0.721387 0.266815 0.843191 0.961176
0.126893 0.811143 0.543588 0.158987 0.836430 0.425066 -0.001632 0.783753 0.829340 0.371984 0.778204 0.934754
0.168371 0.792208 0.591287 0.268222 0.901795 0.396627 -0.041387 0.680047 0.752638 0.390901 0.853594 0.859942
0.242794 0.774067 0.661454 0.170420 0.902967 0.454601 -0.068909 0.610991 0.720726 0.430217 0.655328 0.929061
0.209746 0.816127 0.613568 0.217100 0.899468 0.481196 0.036155 0.571281 0.759423 0.399704 0.811818 0.949018
0.226820 0.729537 0.660233 0.187602 0.892389 0.310891 -0.004775 0.627360 0.818478 0.312627 0.734671 0.955539
0.155851 0.778979 0.553587 0.228773 0.851163 0.356376 -0.014509 0.646743 0.761156 0.238218 0.911967 0.946939
0.147047 0.718715 0.609059 0.272617 0.797532 0.355502 0.074156 0.602724 0.760858 0.300524 0.807828 0.872078
0.242165 0.660579 0.602485 0.194546 0.915686 0.399648 0.064959 0.704502 0.774561 0.331746 0.775279 0.926179
0.171906 0.792703 0.605386 0.228969 0.816367 0.285882 0.091576 0.724885 0.677084 0.350870 0.793284 0.875355
0.177389 0.743709 0.657648 0.179915 0.879664 0.432674 0.069576 0.749908 0.790654 0.365291 0.779569 0.882532
0.187841 0.812884 0.602827 0.262450 0.837283 0.349927 0.024538 0.716685 0.784709 0.329501 0.898016 0.882545
0.178462 0.787281 0.484007 0.303399 0.874038 0.359374 -0.005794 0.668046 0.702303 0.300691 0.827751 0.855267
0.270265 0.812372 0.596417 0.201674 0.886582 0.359604 -0.008484 0.721010 0.756077 0.231401 0.732424 0.859858
0.150973 0.783247 0.488591 0.180614 0.794925 0.416215 0.058974 0.667475 0.709149 0.297736 0.743074 0.860440
0.223550 0.741039 0.583441 0.178480 0.821499 0.331435 0.057840 0.678669 0.788345 0.379074 0.825839 0.977143
0.153761 0.727241 0.536013 0.157822 0.842256 0.344296 0.002157 0.649836 0.775357 0.258324 0.765558 0.898646
0.196001 0.777627 0.627521 0.251331 0.952126 0.435763 0.012177 0.635897 0.690408 0.325749 0.841902 0.945190
0.121190 0.679348 0.488647 0.180133 0.894973 0.357655 -0.045208 0.632606 0.792151 0.313442 0.728945 0.882667
0.202352 0.835308 0.627815 0.158897 0.780808 0.352602 0.102749 0.697286 0.719824 0.379815 0.803351 0.906812
0.166758 0.721350 0.596077 0.269080 0.839515 0.323859 0.048758 0.642341 0.747776 0.376560 0.740071 0.829451
0.101567 0.735813 0.569844 0.187668 0.838776 0.530298 0.110051 0.678445 0.807882 0.313355 0.738038 0.891852
0.214211 0.739523 0.597376 0.091254 0.934233 0.392111 0.028231 0.673813 0.813636 0.396888 0.786967 0.903956
0.165745 0.794760 0.605423 0.147238 0.824347 0.356436 0.011338 0.603972 0.768529 0.329635 0.807180 0.936292
0.121504 0.717866 0.611871 0.138304 0.834571 0.419318 0.120698 0.715372 0.749607 0.251047 0.791714 0.912316
0.210621 0.757931 0.638493 0.254257 0.864097 0.361270 0.089625 0.530451 0.765011 0.267114 0.741725 0.872949
0.129349 0.689029 0.515968 0.285328 0.836640 0.403736 0.073873 0.622940 0.917729 0.418691 0.720221 0.916657
0.233848 0.770083 0.590826 0.272947 0.908266 0.251336 0.030491 0.651931 0.783027 0.224746 0.797257 0.935485
0.187862 0.865020 0.629348 0.233142 0.915816 0.334596 -0.005457 0.603206 0.718113 0.372664 0.746321 0.864721
0.212309 0.719620 0.645888 0.261507 0.872439 0.388351 0.124947 0.666446 0.759590 0.368522 0.779191 0.993423
0.107151 0.701999 0.603149 0.210693 0.885263 0.247147 0.086049 0.635498 0.785789 0.358009 0.734848 0.890198
0.213212 0.754634 0.482169 0.237579 0.826628 0.388823 0.026780 0.677756 0.810919 0.305245 0.776904 0.998679
0.181034 0.723595 0.552567 0.168064 0.816805 0.404801 0.121079 0.656988 0.767610 0.365507 0.804882 0.885449
0.272846 0.769089 0.562000 0.185656 0.868881 0.422328 0.091766 0.665699 0.835446 0.405569 0.803581 0.900051
0.132997 0.783517 0.558846 0.155048 0.870126 0.446738 -0.017135 0.680990 0.785642 0.337200 0.826525 0.923440
0.142064 0.796463 0.509851 0.182020 0.892095 0.404171 0.004505 0.617070 0.807831 0.295807 0.699144 0.942192
0.167618 0.728933 0.588511 0.182108 0.882650 0.420379 0.063508 0.641432 0.760105 0.322147 0.838692 0.915167
0.269384 0.746220 0.594149 0.236548 0.924740 0.286408 -0.021932 0.739498 0.737367 0.359544 0.769603 0.921101
0.174487 0.695135 0.646974 0.199678 0.784164 0.398151 0.027248 0.640860 0.795828 0.389501 0.767362 0.891622
0.114445 0.696118 0.606080 0.167201 0.864632 0.324017 0.045868 0.590166 0.735244 0.360223 0.797411 0.941746
0.149609 0.773879 0.496103 0.192481 0.883739 0.428573 0.021600 0.677777 0.791270 0.317002 0.804619 0.877934
0.247178 0.789919 0.604826 0.186265 0.935947 0.450856 -0.009637 0.589713 0.756687 0.278895 0.788075 0.892499
0.143142 0.729178 0.627326 0.265283 0.916479 0.353583 -0.012525 0.605868 0.817870 0.314970 0.656305 0.937106
0.091203 0.764729 0.552916 0.289439 0.841599 0.322079 0.014147 0.593004 0.737950 0.345703 0.817790 0.916562
0.239301 0.697369 0.580644 0.226605 0.903413 0.339921 0.054561 0.665067 0.817955 0.358147 0.813744 0.978518
0.147943 0.800034 0.573129 0.257582 0.856591 0.346928 0.065508 0.628620 0.684732 0.414212 0.820374 0.867415
0.168868 0.764316 0.592939 0.152566 0.802988 0.281877 0.096028 0.754573 0.666607 0.342105 0.710720 0.780397
0.090096 0.745993 0.735771 0.187840 0.870946 0.444555 0.100753 0.696819 0.746121 0.253436 0.809212 0.926280
0.112269 0.725305 0.607320 0.130249 0.849864 0.362334 0.054723 0.682832 0.773191 0.378996 0.834861 0.907296
0.121173 0.769388 0.515045 0.147447 0.801266 0.374594 0.016195 0.807193 0.682225 0.344471 0.747148 0.834115
0.190824 0.759635 0.548481 0.236538 0.832230 0.361867 0.208720 0.627039 0.814967 0.352274 0.746128 0.915579
0.171682 0.744340 0.625730 0.290223 0.929125 0.409601 0.083634 0.685392 0.720602 0.299160 0.696048 0.792106
0.144897 0.751406 0.652694 0.242005 0.859979 0.360225 0.086176 0.599952 0.798833 0.417685 0.850527 0.950066
0.193847 0.714246 0.555438 0.116022 0.853426 0.443089 -0.027378 0.674175 0.725845 0.376043 0.779972 0.821852
0.135108 0.692475 0.591673 0.197976 0.824257 0.386465 0.151855 0.692133 0.803590 0.375809 0.777076 0.905115
0.087256 0.826790 0.696887 0.211058 0.869442 0.400231 0.011821 0.668022 0.722521 0.361554 0.755401 0.884205
0.219130 0.796828 0.664597 0.264819 0.903049 0.375708 0.005704 0.725206 0.737197 0.305729 0.748056 0.877187
0.101872 0.741498 0.513020 0.151240 0.839864 0.420626 0.085251 0.735599 0.887868 0.289270 0.785306 0.820179
0.155379 0.778385 0.503294 0.295014 0.916348 0.425432 -0.031853 0.757058 0.786685 0.293829 0.815592 0.924356
0.200175 0.742236 0.632405 0.146691 0.792009 0.360402 0.055070 0.654388 0.770747 0.346094 0.784954 0.857507
0.201391 0.814691 0.619454 0.204465 0.835587 0.395389 -0.019777 0.639925 0.739876 0.306401 0.758618 0.969770
0.198055 0.811132 0.573833 0.110109 0.944885 0.421189 0.076161 0.663918 0.724687 0.370178 0.751107 0.999977
0.206602 0.716149 0.621904 0.234162 0.819605 0.343002 -0.008740 0.702581 0.667483 0.406177 0.814506 0.880524
0.157057 0.790856 0.601814 0.170599 0.881473 0.423425 0.105787 0.609791 0.675061 0.321738 0.785368 0.874504
0.216552 0.808442 0.582624 0.253620 0.883193 0.323341 0.036544 0.688790 0.744415 0.328991 0.843940 0.965635
0.136201 0.782158 0.650136 0.237686 0.857613 0.354585 0.053617 0.651161 0.803320 0.298555 0.812553 0.859143
0.140054 0.763772 0.645628 0.135076 0.809157 0.387527 0.062866 0.686335 0.713385 0.384598 0.732257 0.843330
0.238955 0.731735 0.488774 0.152525 0.815200 0.401837 0.146062 0.667583 0.735454 0.383909 0.782951 0.947468
0.212221 0.715662 0.608234 0.180308 0.880433 0.322266 0.085499 0.605431 0.696497 0.325678 0.835180 0.992512
0.141173 0.792507 0.644363 0.139355 0.851173 0.427228 -0.042955 0.648207 0.706199 0.359084 0.760677 0.908146
0.074378 0.743771 0.597883 0.236276 0.842980 0.441294 0.051925 0.688112 0.836823 0.322392 0.756972 0.897514
0.213787 0.741512 0.543712 0.214226 0.870149 0.403507 0.048860 0.661604 0.741562 0.352411 0.758350 0.854992
0.196385 0.769265 0.635538 0.161776 0.886543 0.544966 0.077376 0.614676 0.842225 0.275473 0.763641 1.014616
0.281325 0.760131 0.596781 0.157918 0.910096 0.406772 0.090185 0.641399 0.750288 0.377282 0.785446 0.878645
0.166276 0.757527 0.631482 0.084123 0.882501 0.454246 -0.030176 0.626950 0.773830 0.276231 0.868320 0.830505
0.121382 0.744198 0.576056 0.140193 0.902839 0.380959 0.156002 0.826614 0.702864 0.357120 0.715093 0.927071
0.244975 0.755416 0.523611 0.231849 0.939158 0.369141 0.158434 0.671555 0.769018 0.359551 0.809345 0.874265
0.175836 0.780038 0.574907 0.167015 0.824745 0.353654 0.001640 0.679731 0.668727 0.419926 0.725584 0.867877
0.152537 0.770831 0.586424 0.137459 0.787724 0.429145 0.118412 0.660990 0.764069 0.324468 0.772490 0.833006
0.101413 0.700132 0.670932 0.134423 0.897229 0.433166 0.039559 0.633566 0.743510 0.335072 0.734518 0.891972
0.182987 0.696041 0.564726 0.148602 0.850505 0.360819 -0.033824 0.684493 0.695645 0.407895 0.808973 0.918626
0.182683 0.750042 0.700592 0.251219 0.840405 0.252265 0.095538 0.708741 0.730943 0.331153 0.782873 0.926187
0.151940 0.833453 0.554233 0.175911 0.805009 0.472681 0.162525 0.724839 0.834975 0.403106 0.770013 0.884598
0.103497 0.694804 0.609370 0.170138 0.868396 0.383149 0.058322 0.656609 0.778656 0.393451 0.744525 0.917468
0.200734 0.770245 0.506539 0.233964 0.777870 0.349463 0.079937 0.564333 0.797100 0.376837 0.810164 0.969328
0.179221 0.751537 0.573473 0.211237 1.035163 0.379953 0.107592 0.646419 0.761462 0.297387 0.790757 0.946672
0.233093 0.731742 0.546985 0.286171 0.889086 0.377780 0.040059 0.623899 0.720432 0.297750 0.820042 0.923673
0.267895 0.735265 0.629941 0.210356 0.900861 0.259417 -0.008920 0.664477 0.761125 0.401439 0.808000 0.932221
0.201568 0.763856 0.642056 0.245960 0.851675 0.349378 0.095676 0.687654 0.802223 0.434128 0.811954 0.923751
0.084603 0.714166 0.575358 0.138351 0.815122 0.487079 0.169394 0.674686 0.725963 0.294386 0.748057 0.827951
0.111971 0.715213 0.581676 0.177175 0.819560 0.375585 0.020972 0.700140 0.843910 0.324173 0.781565 0.864415
0.144592 0.703157 0.558876 0.283460 0.864730 0.259010 0.097959 0.575423 0.772143 0.384022 0.776311 0.917060
0.130923 0.775275 0.648796 0.215377 0.839133 0.385437 0.111913 0.651605 0.750602 0.372098 0.764582 0.963651
0.148517 0.697198 0.613273 0.197903 0.831826 0.375509 0.110290 0.554378 0.750478 0.418766 0.786180 0.928856
0.224851 0.744850 0.660534 0.157226 0.888659 0.319356 0.057633 0.628497 0.751074 0.355225 0.781524 0.881126
0.170969 0.681231 0.622318 0.153466 0.916899 0.361775 0.117670 0.667151 0.760232 0.369574 0.884486 0.931074
0.222575 0.796251 0.571981 0.159975 0.851999 0.298482 0.018375 0.564482 0.853281 0.222644 0.790204 0.833925
0.171657 0.871088 0.570941 0.197888 0.950318 0.406219 0.064118 0.615150 0.711671 0.346380 0.838815 0.906535
0.188643 0.708268 0.544896 0.181456 0.774119 0.358813 0.098603 0.679362 0.715837 0.337206 0.793725 0.861520
0.229193 0.724885 0.579213 0.200823 0.925704 0.380792 0.050416 0.585542 0.796572 0.351915 0.809139 0.895647
0.118613 0.803167 0.565625 0.125959 0.829060 0.388305 0.067446 0.676907 0.679456 0.320936 0.770842 0.781762
0.264679 0.801445 0.531098 0.241753 0.875047 0.332098 0.119520 0.647384 0.745949 0.359677 0.857441 0.922559
0.140894 0.756813 0.581081 0.188076 0.828869 0.385037 0.036792 0.648593 0.830684 0.408057 0.775161 0.884795
0.304338 0.776191 0.594227 0.222561 0.834454 0.440373 0.045877 0.711701 0.722713 0.272652 0.803839 0.912771
0.159490 0.854768 0.614807 0.250094 0.860462 0.312330 0.050892 0.606698 0.788028 0.357479 0.694073 0.883474
0.106521 0.768385 0.547639 0.143131 0.938247 0.387325 -0.017674 0.706254 0.740607 0.296718 0.784402 0.884653
0.198252 0.676008 0.562397 0.185687 0.759473 0.354475 0.106661 0.637507 0.782604 0.345145 0.716002 0.898512
0.130107 0.752558 0.695787 0.277028 0.859570 0.377643 0.102013 0.625192 0.694896 0.316234 0.795910 0.959125
0.151021 0.866489 0.605448 0.102925 0.810814 0.400306 0.022261 0.629397 0.701228 0.294875 0.732951 0.894553
0.125156 0.877021 0.533727 0.125224 0.824524 0.263531 0.022743 0.645701 0.772432 0.425827 0.801362 0.945236
0.202163 0.684438 0.647644 0.289883 0.888053 0.355575 0.081644 0.621780 0.812336 0.302923 0.773865 0.884361
0.211189 0.743283 0.576659 0.233002 0.854972 0.440949 0.070307 0.668300 0.712136 0.295912 0.770440 0.897417
0.144759 0.786124 0.490461 0.235996 0.901647 0.352828 0.136896 0.697915 0.716119 0.363681 0.747617 0.824893
0.191487 0.689930 0.628484 0.177041 0.877892 0.290722 0.049219 0.693090 0.781194 0.306708 0.763026 0.904255
0.052417 0.706943 0.568033 0.207309 0.882865 0.319096 0.083330 0.657050 0.775391 0.401597 0.728640 0.790507
0.074402 0.777599 0.572317 0.139596 0.860126 0.421860 0.072648 0.648397 0.781851 0.292913 0.752102 0.899130
0.154856 0.851873 0.570669 0.121325 0.886366 0.289132 0.123589 0.626879 0.699585 0.359163 0.767763 0.938501
0.223723 0.772125 0.523989 0.209659 0.806261 0.337739 0.045509 0.673178 0.740291 0.346655 0.809454 0.801256
0.114152 0.753110 0.539103 0.147303 0.832558 0.359954 0.027436 0.613714 0.823417 0.370336 0.693421 0.916788
0.250129 0.744238 0.576734 0.153003 0.920195 0.396029 0.075057 0.594438 0.805972 0.385661 0.796725 0.950817
0.179482 0.794154 0.605170 0.168282 0.869130 0.415487 0.128681 0.702442 0.779700 0.362178 0.780504 0.814787
0.213387 0.767306 0.644228 0.082788 0.870250 0.386539 -0.010441 0.672042 0.739346 0.310775 0.805570 0.982609
0.184505 0.783205 0.543484 0.222785 0.824683 0.340231 0.031177 0.697380 0.860402 0.398918 0.809011 1.062266
0.112853 0.767725 0.656520 0.218179 0.904257 0.463132 0.101400 0.683594 0.736366 0.387004 0.745503 0.867927
0.150844 0.688778 0.446404 0.218219 0.830156 0.337697 0.032015 0.610572 0.762328 0.425958 0.824258 0.850884
0.163950 0.722977 0.547334 0.204124 0.913375 0.287701 0.029925 0.647770 0.739361 0.365626 0.749217 0.910989
0.172506 0.857182 0.621718 0.197330 0.821228 0.352768 0.131269 0.633796 0.793358 0.359642 0.822116 0.917951
0.251500 0.727097 0.555927 0.188444 0.831748 0.401666 0.102023 0.727075 0.756621 0.306344 0.794449 0.843566
0.236230 0.777482 0.570729 0.180328 0.841516 0.414273 0.033602 0.604083 0.691137 0.380283 0.698993 0.913451
0.191901 0.746712 0.561948 0.225039 0.885586 0.379852 0.052974 0.672265 0.750474 0.346746 0.866426 0.909780
0.236403 0.819237 0.584914 0.098127 0.946211 0.347631 0.013351 0.647882 0.794320 0.257831 0.817844 0.880258
0.226006 0.704266 0.567302 0.148673 0.836731 0.332074 0.063145 0.803006 0.752052 0.376461 0.700830 0.964274
0.162744 0.772173 0.610158 0.244271 0.900034 0.356152 0.095780 0.679037 0.728688 0.285936 0.873183 0.965167
0.087647 0.756826 0.648890 0.162707 0.794647 0.297667 0.055486 0.642137 0.704601 0.328725 0.783904 0.924163
0.159507 0.740889 0.650689 0.127688 0.847317 0.397598 0.146206 0.616351 0.718514 0.347847 0.768757 0.933567
0.154195 0.774288 0.616537 0.118656 0.891467 0.345726 0.062037 0.574162 0.756659 0.372088 0.808370 0.939920
0.202065 0.726981 0.550202 0.168438 0.911314 0.351468 0.088435 0.691551 0.731444 0.310997 0.730743 0.835284
0.166634 0.717376 0.546002 0.176650 0.831823 0.354212 0.064990 0.592384 0.719753 0.438839 0.744968 0.878860
0.207740 0.783064 0.633294 0.259949 0.887937 0.351215 0.011762 0.733439 0.715872 0.217735 0.754758 0.811180
0.180967 0.801005 0.579562 0.144229 0.776929 0.389600 0.159162 0.634073 0.757664 0.385700 0.756560 0.897862
0.155370 0.643011 0.603292 0.128973 0.846924 0.405110 0.040245 0.652851 0.740890 0.378027 0.857571 0.904575
0.169421 0.702929 0.574338 0.257119 0.869892 0.374471 -0.028591 0.678860 0.776990 0.276805 0.775601 0.904365
0.160036 0.789376 0.631827 0.267897 0.858104 0.366047 0.016219 0.627932 0.702021 0.234370 0.761787 0.873811
0.251974 0.726403 0.581150 0.293792 0.840511 0.439827 0.082326 0.632887 0.816076 0.286902 0.840738 0.806304
0.214036 0.705961 0.582946 0.243563 0.887606 0.321452 0.133015 0.624448 0.791430 0.303518 0.772059 0.964021
0.095152 0.718942 0.578683 0.167108 0.922888 0.326721 0.047730 0.665451 0.734054 0.355442 0.797559 0.847209
0.206860 0.817852 0.633123 0.164326 0.852222 0.446249 0.033079 0.638645 0.701226 0.253669 0.801725 0.933644
0.194303 0.748746 0.575476 0.220368 0.961953 0.366354 0.044367 0.610398 0.722268 0.335396 0.745741 0.898903
0.277322 0.757193 0.537091 0.204071 0.852007 0.349414 0.092857 0.702730 0.692865 0.374285 0.759989 0.872419
0.200760 0.817457 0.622023 0.207171 0.865402 0.298124 -0.012240 0.650172 0.715764 0.272473 0.741874 0.876700
0.153902 0.743970 0.563888 0.082384 0.822399 0.522367 0.028857 0.615918 0.807209 0.373962 0.734498 0.855630
0.173679 0.740101 0.551697 0.147040 0.893218 0.362828 0.028015 0.616723 0.790294 0.317550 0.854461 0.934151
0.130507 0.853396 0.525760 0.256179 0.854668 0.406990 0.029276 0.726339 0.709810 0.413209 0.768874 0.797939
0.177903 0.767926 0.527392 0.123268 0.785915 0.295891 0.042664 0.653202 0.747830 0.221954 0.785589 0.898871
0.156101 0.815780 0.556399 0.258769 0.855089 0.287211 -0.007739 0.644484 0.748498 0.278049 0.763750 0.933108
0.152040 0.689116 0.603258 0.211052 0.800332 0.347688 0.069138 0.634199 0.820039 0.345187 0.780271 0.897254
0.180506 0.801364 0.498606 0.114788 0.889443 0.384308 0.000515 0.611170 0.787567 0.313966 0.747264 0.815193
0.126508 0.770765 0.649033 0.213585 0.937738 0.337509 0.033780 0.689433 0.740446 0.376919 0.767531 0.815466
0.169371 0.721158 0.655478 0.255722 0.821511 0.362638 0.032255 0.703924 0.667794 0.418073 0.804495 0.895908
0.164143 0.798022 0.703160 0.201054 0.825832 0.359145 0.025926 0.657983 0.753874 0.258312 0.788911 0.888385
0.177870 0.771442 0.523814 0.185849 0.860856 0.358177 0.114627 0.649890 0.686927 0.335016 0.833685 1.002591
0.119275 0.760801 0.714174 0.146428 0.984269 0.345039 -0.006298 0.654824 0.709329 0.362568 0.764258 1.009343
0.121901 0.749579 0.500361 0.191078 0.906383 0.408246 0.045549 0.644928 0.739627 0.343122 0.692600 0.883270
0.237861 0.634772 0.630147 0.228123 0.870408 0.379030 0.020654 0.633712 0.796725 0.353970 0.724733 0.890267
0.150227 0.720323 0.552785 0.133565 1.057201 0.362393 -0.005596 0.677725 0.816459 0.288925 0.778752 0.892401
0.211699 0.669550 0.598189 0.291638 0.835360 0.408642 0.094373 0.677828 0.795816 0.317349 0.786194 0.884061
0.212456 0.745472 0.531143 0.212896 0.810556 0.328326 0.051491 0.645390 0.781022 0.274820 0.711625 0.925261
0.134345 0.766500 0.532036 0.226279 0.924546 0.330163 0.033757 0.677464 0.731357 0.252296 0.814360 0.863974
0.231557 0.831324 0.664683 0.158045 0.802521 0.435536 0.097342 0.763510 0.710254 0.382815 0.775139 0.868721
0.236942 0.704177 0.591008 0.066422 0.893659 0.438868 0.030760 0.737794 0.796827 0.341063 0.715322 0.930780
0.168315 0.829802 0.606059 0.227188 0.810556 0.317111 0.055451 0.701542 0.764769 0.368189 0.687395 0.895243
0.133642 0.725557 0.607086 0.199557 0.854670 0.495951 0.037501 0.730480 0.803563 0.350158 0.762712 0.828943
0.162118 0.698690 0.554630 0.191686 0.848819 0.427128 0.046674 0.572016 0.691652 0.342003 0.786077 0.852707
0.264222 0.754429 0.576032 0.236153 0.912162 0.487249 -0.044463 0.644290 0.659123 0.472536 0.816172 0.991744
0.125243 0.717698 0.618524 0.125626 0.855736 0.438251 0.114048 0.712101 0.782064 0.331508 0.845061 0.876544
0.158459 0.751754 0.587033 0.191051 0.767290 0.437166 0.098825 0.577622 0.744879 0.272175 0.853585 0.992642
0.211544 0.767917 0.603815 0.154817 0.842759 0.433895 0.009460 0.615681 0.701351 0.293720 0.697988 0.934568
0.191146 0.688068 0.573338 0.239756 0.932115 0.363379 0.010661 0.723313 0.770734 0.317291 0.719951 0.884692
0.187038 0.804967 0.538824 0.217950 0.977757 0.313859 0.086179 0.689478 0.694304 0.374441 0.781027 0.878433
0.231076 0.771737 0.519320 0.145240 0.962513 0.336749 0.079809 0.680444 0.746475 0.259354 0.701368 0.924637
0.147188 0.640983 0.555479 0.181099 0.863300 0.430278 0.099021 0.563951 0.767707 0.370492 0.712121 0.878798
0.262477 0.705340 0.610503 0.229613 0.886016 0.417832 0.010423 0.636111 0.665860 0.432015 0.822274 0.885434
0.190413 0.745549 0.540791 0.266813 0.897939 0.291036 0.039585 0.594496 0.726980 0.387150 0.810595 0.898673
0.235092 0.735487 0.530904 0.175401 0.859546 0.304148 0.039956 0.718145 0.720296 0.401065 0.781656 0.924890
0.153025 0.692725 0.520887 0.190496 0.889754 0.290904 0.054035 0.607917 0.786517 0.342709 0.786964 0.900083
0.280131 0.742471 0.674620 0.165835 0.841288 0.307198 0.018840 0.674892 0.752981 0.288616 0.797482 0.898506
0.154114 0.792865 0.660249 0.173492 0.912901 0.301537 0.008346 0.584156 0.735662 0.330575 0.711635 0.901808
0.174946 0.657590 0.577986 0.136649 0.828160 0.352982 0.018077 0.604349 0.679181 0.307686 0.818581 0.891906
0.229622 0.681986 0.574826 0.223785 0.973179 0.381133 0.063935 0.702959 0.791317 0.419055 0.790257 0.954262
0.201899 0.785093 0.669417 0.173256 0.894554 0.443900 0.038522 0.702202 0.753094 0.338379 0.801957 0.824048
0.162781 0.709222 0.700661 0.205393 0.831110 0.389670 0.008855 0.699407 0.677785 0.405875 0.714392 0.953227
0.176309 0.789089 0.479145 0.155362 0.898642 0.401133 -0.002006 0.657485 0.761119 0.400508 0.740584 0.907829
0.255863 0.781021 0.632104 0.211515 0.836735 0.375476 0.140870 0.657557 0.787092 0.390711 0.862167 0.897764
0.154426 0.853415 0.505962 0.178292 0.865698 0.444364 0.103060 0.700434 0.834465 0.301525 0.821286 0.922102
0.237650 0.823975 0.561905 0.115021 0.877957 0.393883 0.122621 0.703202 0.730588 0.397740 0.757867 0.866355
0.203973 0.668350 0.591373 0.170595 0.909415 0.334733 0.107135 0.575865 0.751593 0.372630 0.863744 0.926361
0.135029 0.666903 0.605047 0.183056 0.908512 0.362421 -0.028061 0.649060 0.707901 0.317003 0.796639 0.891328
0.205502 0.738959 0.541737 0.208526 0.941106 0.353214 0.041808 0.652849 0.758346 0.333248 0.737954 0.923712
0.227672 0.717503 0.607609 0.239498 0.929893 0.372082 0.000211 0.625747 0.776339 0.313761 0.797986 0.822238
0.202964 0.866587 0.582231 0.249807 0.779599 0.344672 0.031728 0.696867 0.763068 0.376023 0.876816 0.895226
0.134792 0.736083 0.528948 0.156965 0.883810 0.427734 0.042946 0.679160 0.734285 0.316389 0.887858 0.817818
0.239268 0.712181 0.626955 0.235751 0.862642 0.427562 0.040482 0.627835 0.785581 0.311653 0.810885 0.898115
0.151796 0.811337 0.631302 0.175411 0.888512 0.317688 0.084472 0.691096 0.798678 0.355855 0.762452 0.910531
0.125266 0.723907 0.600033 0.196699 0.919750 0.369453 -0.036955 0.707122 0.747304 0.302199 0.710176 0.908273
0.161656 0.741286 0.611844 0.188443 0.884283 0.385130 0.107824 0.720954 0.778983 0.376818 0.696026 0.983714
0.129567 0.853978 0.548836 0.213702 0.834853 0.419211 0.146377 0.720477 0.754095 0.337744 0.758255 0.980771
0.192156 0.804687 0.596930 0.194328 0.881405 0.278774 0.133633 0.595784 0.780462 0.284702 0.839548 0.895235
0.182880 0.818708 0.582648 0.296752 0.873482 0.293339 0.104093 0.655579 0.774483 0.320245 0.812824 0.852697
0.186384 0.774562 0.619646 0.262784 0.911694 0.472535 0.015112 0.732032 0.796177 0.416224 0.766511 0.892025
0.182279 0.789456 0.585229 0.155061 0.812901 0.379780 0.072062 0.727176 0.763138 0.315459 0.827495 0.940469
0.207041 0.741193 0.587271 0.103525 0.955030 0.442712 0.048602 0.642298 0.843300 0.316801 0.751535 0.814531
0.157585 0.740167 0.614665 0.332255 0.935648 0.372197 0.114270 0.703788 0.822964 0.374526 0.767356 0.917118
0.066172 0.712633 0.688987 0.223758 0.822736 0.379182 0.057493 0.722678 0.748621 0.405276 0.873065 0.872463
0.261183 0.734689 0.630248 0.291287 0.924553 0.362132 0.008556 0.674174 0.788301 0.256365 0.789814 0.848593
0.198802 0.749454 0.595741 0.178647 0.804455 0.306370 0.106344 0.628015 0.863263 0.385466 0.704327 0.970795
0.174928 0.775395 0.543801 0.202952 0.910556 0.367241 0.057031 0.671916 0.827009 0.357440 0.804890 0.912180
0.111587 0.739815 0.604056 0.274007 0.843638 0.332087 0.078333 0.774088 0.813246 0.312564 0.801192 0.916437
0.119830 0.730032 0.507626 0.132334 0.890921 0.436976 0.035638 0.719935 0.763525 0.437492 0.739995 0.838959
0.229811 0.726237 0.572112 0.245130 0.947662 0.384622 0.001943 0.680587 0.854041 0.447375 0.816726 0.835044
0.168883 0.738119 0.552179 0.227371 0.769513 0.267451 0.032628 0.681498 0.868264 0.258124 0.729577 0.919621
0.132494 0.840316 0.532751 0.197774 0.883617 0.389360 0.050254 0.531799 0.739954 0.348745 0.700560 0.929239
0.273443 0.842973 0.573056 0.177991 0.821353 0.371843 -0.002156 0.628192 0.760169 0.291088 0.818452 0.882687
0.247805 0.732131 0.562910 0.151998 0.856511 0.369910 0.105381 0.697744 0.743138 0.335219 0.683825 0.889502
0.182792 0.705868 0.621008 0.265763 0.850669 0.329029 0.151255 0.712160 0.841923 0.427902 0.716171 0.875958
0.123899 0.770945 0.558694 0.156206 0.900201 0.297812 0.043422 0.645313 0.766772 0.384561 0.767186 0.905308
0.256254 0.706677 0.591187 0.252245 0.792216 0.314410 0.095744 0.642745 0.793242 0.266844 0.750879 0.914110
0.152667 0.767028 0.464465 0.186986 0.815739 0.421259 0.042348 0.743207 0.814981 0.319320 0.735114 0.922560
0.183177 0.787886 0.593361 0.255747 0.917684 0.419401 0.079485 0.646533 0.808508 0.223592 0.742824 0.902208
0.208915 0.700676 0.506786 0.187489 0.784373 0.376303 0.005859 0.665658 0.751113 0.288334 0.752791 0.973122
0.228369 0.694113 0.491357 0.225955 0.958333 0.420293 0.035690 0.718505 0.757082 0.396008 0.751745 0.930977
0.075168 0.798287 0.610613 0.105131 0.847748 0.294106 0.044844 0.674956 0.768735 0.405379 0.730152 0.898192
0.220830 0.759519 0.655833 0.189352 0.932652 0.383263 0.050107 0.603949 0.743498 0.342849 0.751373 0.886909
0.260633 0.700847 0.581412 0.237813 0.785390 0.339697 0.084699 0.627363 0.723952 0.432765 0.754709 0.798996
0.172959 0.746841 0.587878 0.218905 0.889115 0.392485 -0.011707 0.696257 0.769179 0.307143 0.751859 0.818169
0.214599 0.747684 0.543715 0.263209 0.832091 0.386353 0.054385 0.640428 0.724265 0.362157 0.849167 0.917330
0.211865 0.771455 0.628874 0.215510 0.827951 0.321036 0.013936 0.609416 0.782200 0.302349 0.788802 0.844571
0.171935 0.743894 0.501840 0.207883 0.922353 0.374588 0.070034 0.646911 0.821877 0.277420 0.733616 0.881064
0.130238 0.790928 0.453924 0.164065 0.856812 0.447223 0.048985 0.655815 0.760725 0.334189 0.792175 0.808168
0.268841 0.761337 0.563351 0.221060 0.928963 0.391715 0.048049 0.625427 0.692012 0.288703 0.843805 0.878621
0.144979 0.691597 0.578775 0.216843 0.877544 0.377591 0.032325 0.560257 0.774086 0.368753 0.745391 0.912472
0.140117 0.746444 0.556381 0.122061 0.884116 0.352087 0.046875 0.600749 0.812731 0.311501 0.665890 0.831123
0.223821 0.657239 0.552020 0.137312 0.864126 0.338073 0.020382 0.682822 0.771136 0.365683 0.749570 0.913783
0.103213 0.708301 0.653588 0.296599 0.741799 0.381903 0.111244 0.616850 0.837718 0.281322 0.803102 0.868898
0.258414 0.761635 0.595621 0.163151 0.891522 0.367595 0.117997 0.690630 0.666181 0.416566 0.778397 0.883325
0.215815 0.751076 0.679910 0.189756 0.924428 0.390488 0.035023 0.662429 0.700685 0.356221 0.716119 0.829797
0.124327 0.696753 0.554884 0.268996 0.874556 0.396086 0.059616 0.638732 0.726348 0.361613 0.830498 0.930108
0.148589 0.695424 0.664578 0.189128 0.889580 0.448420 -0.081158 0.670091 0.791051 0.371704 0.799909 0.894921
0.243418 0.725503 0.608349 0.252538 0.831371 0.389503 0.030835 0.707250 0.693528 0.350039 0.823154 0.955336
0.246280 0.702256 0.589256 0.138056 0.854603 0.378404 0.089057 0.513590 0.708442 0.369541 0.730887 0.897170
0.270463 0.763315 0.656868 0.152469 0.913247 0.397947 0.022966 0.697025 0.783634 0.343858 0.760033 1.010199
0.135054 0.794668 0.594946 0.186464 0.847652 0.444175 0.030902 0.683484 0.776342 0.245025 0.712846 0.891976
0.144979 0.784353 0.644644 0.196364 0.818857 0.420634 0.017990 0.631610 0.802314 0.303115 0.772215 0.924829
0.148453 0.733714 0.573642 0.202372 0.852090 0.289999 0.059963 0.700207 0.679841 0.331099 0.736158 0.965162
0.104525 0.806117 0.589438 0.193114 0.818608 0.321729 -0.003374 0.632093 0.721711 0.360144 0.779237 0.924888
0.203896 0.753589 0.529306 0.149181 0.836443 0.343882 0.057743 0.640248 0.619547 0.300864 0.805158 0.871425
0.248517 0.718071 0.532943 0.241116 0.891572 0.391241 -0.003590 0.689353 0.696602 0.304169 0.783639 0.948524
0.078761 0.754824 0.531419 0.155591 0.930182 0.300950 0.030963 0.667651 0.797117 0.356780 0.900254 0.917529
0.227007 0.692417 0.623876 0.216596 0.901664 0.364971 0.102368 0.727830 0.772305 0.300876 0.742542 0.903061
0.251048 0.788692 0.554083 0.336273 0.839048 0.370801 0.207875 0.634189 0.834804 0.330458 0.793071 0.955647
0.264760 0.806168 0.549495 0.159892 0.886868 0.410371 0.162543 0.734445 0.761087 0.191221 0.803321 0.828543
0.079104 0.662251 0.502236 0.196435 0.858446 0.359308 0.041237 0.577860 0.849729 0.321688 0.727243 0.878108
0.129585 0.785370 0.545188 0.255845 0.825102 0.416085 0.107828 0.598518 0.671680 0.376065 0.765425 0.857586
0.157257 0.783425 0.466978 0.194178 0.901914 0.370979 0.085019 0.751970 0.860922 0.368887 0.733150 0.928630
0.185714 0.718352 0.626508 0.231313 0.882124 0.391590 0.048500 0.646666 0.726286 0.321335 0.704061 0.924463
0.226073 0.777412 0.513854 0.192890 0.864802 0.418018 0.065833 0.666508 0.712175 0.277937 0.780090 0.893818
0.138430 0.710118 0.583504 0.169030 0.925961 0.344371 0.056567 0.683052 0.690984 0.300219 0.826261 1.084944
0.093072 0.651826 0.597697 0.221409 0.897810 0.288940 0.012330 0.753848 0.737930 0.285936 0.748525 1.012971
0.140998 0.708352 0.567910 0.235068 0.932397 0.262219 0.101007 0.706224 0.755516 0.324064 0.777434 0.865164
0.164685 0.877196 0.618901 0.213896 0.852116 0.355838 0.111315 0.593770 0.818023 0.277090 0.855028 0.925712
0.152144 0.785210 0.612530 0.229492 0.906002 0.308337 0.029589 0.647248 0.816785 0.426320 0.779598 0.884269
0.142673 0.685600 0.643201 0.252047 0.914930 0.362301 0.039628 0.720071 0.745005 0.359185 0.775684 0.851868
0.172650 0.743977 0.520204 0.195705 0.902887 0.284334 0.094249 0.632807 0.796337 0.300288 0.808728 0.864035
0.190270 0.809125 0.620955 0.266202 0.956033 0.381580 0.131077 0.681039 0.743065 0.344605 0.934371 0.934561
0.125318 0.746779 0.563353 0.281823 0.870069 0.342132 0.051246 0.717918 0.790072 0.302421 0.715592 0.863656
0.152410 0.802225 0.583520 0.211098 0.837017 0.299163 0.097969 0.606703 0.730959 0.407368 0.678370 0.915476
0.127350 0.803672 0.589936 0.241079 0.886840 0.458542 0.099051 0.718727 0.752745 0.327302 0.755530 0.873049
0.187859 0.751460 0.563183 0.285242 0.939743 0.381623 0.063569 0.681587 0.767373 0.379559 0.783754 0.902093
0.106234 0.786858 0.570124 0.131977 0.837614 0.406932 0.080855 0.672528 0.829343 0.299993 0.719934 0.822637
0.214208 0.752490 0.705916 0.117484 0.927081 0.393659 0.057731 0.640657 0.727387 0.328958 0.775567 0.878676
0.162720 0.725846 0.512324 0.226552 0.866354 0.400976 0.108924 0.572895 0.841485 0.343508 0.742093 0.950301
0.154984 0.768111 0.573296 0.198990 0.896315 0.409327 0.190754 0.573812 0.700011 0.294558 0.805470 0.896322
0.157373 0.754673 0.596062 0.147327 0.893519 0.396793 0.080860 0.672134 0.748863 0.379266 0.655210 0.881150
0.234480 0.737207 0.529997 0.214617 0.770696 0.425093 0.073981 0.547834 0.743571 0.393864 0.816500 0.898909
0.199837 0.781786 0.595236 0.149176 0.806890 0.434967 0.022078 0.598555 0.802428 0.484395 0.773513 0.873919
0.180452 0.787376 0.498548 0.219506 0.884904 0.372974 0.092619 0.615955 0.717433 0.413918 0.798885 0.907442
0.192059 0.715517 0.620311 0.257563 0.884684 0.409875 0.015945 0.753249 0.815686 0.297615 0.728237 0.875060
0.248965 0.764390 0.563375 0.136468 0.877689 0.342977 0.103681 0.733774 0.722443 0.305943 0.799835 0.860104
0.180823 0.779640 0.604079 0.224625 0.871092 0.351919 0.108770 0.700242 0.791260 0.369510 0.703988 0.834930
0.254577 0.681542 0.593214 0.219048 0.953138 0.430273 0.043592 0.588578 0.732193 0.311378 0.747972 0.906080
0.278300 0.792475 0.529876 0.212663 0.807587 0.336917 0.133665 0.667943 0.654612 0.336613 0.721546 0.881753
0.168620 0.723055 0.664587 0.217584 0.879549 0.329517 0.011695 0.761327 0.804068 0.307760 0.801553 0.852355
0.057665 0.781379 0.594970 0.144997 0.856536 0.399112 0.067642 0.693237 0.844696 0.309433 0.837966 0.944825
0.209551 0.804790 0.594679 0.196960 0.833411 0.476849 0.000824 0.684276 0.853559 0.406188 0.767582 0.879705
0.133842 0.789403 0.584866 0.228745 0.918510 0.400392 0.085654 0.602169 0.800912 0.423875 0.734139 0.839335
0.162063 0.743925 0.644408 0.190399 0.864874 0.392190 0.013671 0.586741 0.772065 0.392423 0.764299 0.889741
0.140508 0.781263 0.548500 0.237329 0.870600 0.356889 -0.048776 0.678568 0.763027 0.377317 0.796186 0.938567
0.198203 0.726889 0.571157 0.168599 0.839757 0.311796 0.129012 0.642443 0.715653 0.368087 0.780545 0.941637
0.155046 0.760948 0.539288 0.143592 0.865694 0.440758 0.009387 0.651797 0.707171 0.367784 0.818711 0.934535
0.205915 0.748803 0.540295 0.194433 0.818685 0.485828 0.049614 0.677752 0.802598 0.254535 0.739041 0.891765
0.250260 0.808877 0.673680 0.228146 0.845336 0.353950 0.079331 0.582198 0.822154 0.360832 0.747024 0.861921
0.218301 0.845796 0.497187 0.240010 0.803291 0.491230 0.015165 0.693951 0.726660 0.341213 0.795039 0.924439
0.231524 0.819398 0.643565 0.150629 0.835972 0.423913 0.088748 0.706036 0.771690 0.356200 0.745698 0.822084
0.208049 0.809566 0.488374 0.212481 0.883017 0.315720 0.047744 0.688642 0.802136 0.351018 0.737664 0.902179
0.142333 0.777933 0.660574 0.178547 0.940307 0.330761 0.021643 0.723606 0.870547 0.384416 0.825313 0.871421
0.241984 0.716133 0.590726 0.304143 0.918847 0.350685 0.082289 0.664504 0.816097 0.367628 0.702605 0.899343
0.170573 0.693133 0.644792 0.225096 0.894054 0.258424 0.036829 0.661651 0.738697 0.293419 0.826136 0.883372
0.127138 0.792349 0.624458 0.182777 0.806224 0.370564 0.084880 0.695177 0.746273 0.297434 0.812718 0.939466
0.169050 0.780499 0.577427 0.146459 0.837268 0.388991 0.014904 0.683386 0.814968 0.477294 0.799424 0.849387
0.152945 0.725230 0.581788 0.149754 0.799900 0.326630 0.167679 0.626063 0.800170 0.383561 0.789460 0.837305
0.194048 0.809678 0.625716 0.196593 0.946013 0.440856 0.154599 0.691032 0.698073 0.410813 0.654641 0.969968
0.213166 0.772373 0.590867 0.160095 0.917779 0.434074 0.131463 0.705374 0.827840 0.329607 0.775905 0.893374
0.206775 0.838351 0.436180 0.201522 0.935046 0.406498 0.069083 0.765321 0.783781 0.326189 0.681549 0.917609
0.207080 0.856877 0.562163 0.209419 0.860397 0.431574 0.141585 0.638609 0.768054 0.368836 0.771917 0.961539
0.122451 0.768666 0.569487 0.281851 0.800790 0.450481 0.061864 0.689870 0.807876 0.375250 0.766842 0.941443
0.189721 0.790997 0.584848 0.176497 0.832296 0.360125 0.087113 0.586885 0.706260 0.324809 0.777551 0.958037
0.177399 0.738971 0.586815 0.223944 0.804066 0.408780 0.123386 0.641591 0.635980 0.428178 0.808969 0.934107
0.173810 0.745150 0.628893 0.166327 0.855193 0.309543 0.007637 0.683769 0.735376 0.261632 0.730100 0.897060
0.130081 0.842782 0.651633 0.225348 0.882983 0.255627 0.051822 0.628339 0.718385 0.344766 0.768230 0.887863
0.179455 0.706337 0.565268 0.139169 0.856477 0.335546 0.085403 0.633385 0.687299 0.322783 0.648440 0.763522
0.185982 0.683521 0.582121 0.176574 0.919991 0.338612 -0.017148 0.698450 0.781809 0.293238 0.831897 1.026685
0.133055 0.809890 0.500208 0.186024 0.867747 0.326795 0.069786 0.716181 0.820955 0.328858 0.658925 0.903621
0.221693 0.738316 0.526541 0.259773 0.872366 0.319391 0.007364 0.703787 0.752677 0.305131 0.713541 0.869992
0.181919 0.689036 0.544036 0.236104 0.864709 0.435834 0.039736 0.680597 0.737388 0.395902 0.812536 0.803575
0.174210 0.813777 0.595355 0.178037 0.847952 0.436260 0.068811 0.587204 0.704266 0.391366 0.729217 0.904122
0.313582 0.626049 0.577690 0.233348 0.884114 0.413302 0.055461 0.655058 0.758412 0.370318 0.702023 0.871554
0.156126 0.780901 0.531937 0.177727 0.853439 0.341584 0.113330 0.634099 0.701474 0.449441 0.903264 0.857946
0.197358 0.771868 0.703873 0.175226 0.830720 0.442747 0.077060 0.552239 0.755498 0.427455 0.823050 0.958877
0.154834 0.722612 0.577174 0.210975 0.881039 0.412329 0.082682 0.679390 0.811265 0.357201 0.781458 0.951630
0.201770 0.743418 0.550467 0.142755 0.915464 0.455796 0.039428 0.686857 0.755758 0.263691 0.648459 0.914298
0.174989 0.673517 0.603723 0.247814 0.925127 0.412872 0.059478 0.632374 0.752301 0.278742 0.800839 0.913042
0.170358 0.692853 0.553716 0.233826 0.916684 0.328315 0.055949 0.719462 0.825981 0.374905 0.736578 0.903238
0.204972 0.864313 0.535273 0.262120 0.914834 0.350307 0.042680 0.742615 0.681900 0.473099 0.718058 0.953531
0.216255 0.744945 0.553374 0.150057 0.840665 0.430440 0.047579 0.642073 0.766465 0.380727 0.813670 0.878647
0.168132 0.744094 0.627900 0.288812 0.923088 0.443799 0.045087 0.625406 0.732852 0.369502 0.879801 0.920074
0.258439 0.825328 0.641558 0.207519 0.813234 0.312415 0.067571 0.626162 0.705102 0.342339 0.727512 0.932803
0.143384 0.777359 0.556382 0.083970 0.907906 0.401587 0.101534 0.678226 0.769119 0.359822 0.701062 0.805200
0.156672 0.713122 0.617601 0.116819 0.821336 0.410359 0.138451 0.643273 0.779756 0.321894 0.699464 0.919132
0.135294 0.849393 0.549488 0.217252 0.870258 0.384920 0.011620 0.725711 0.849761 0.331136 0.727702 0.906149
0.164172 0.771029 0.609181 0.206843 0.877946 0.363886 0.017248 0.667704 0.743449 0.308708 0.820959 0.941706
0.210341 0.720109 0.590993 0.200435 0.848432 0.443642 0.030067 0.627617 0.791286 0.351030 0.858216 0.847198
0.204605 0.786315 0.505853 0.283494 0.808366 0.437007 0.058362 0.585198 0.740525 0.345778 0.776177 0.890009
0.098444 0.784116 0.654756 0.229578 0.878856 0.315181 0.070565 0.701703 0.706036 0.315509 0.777592 0.842430
0.075940 0.715513 0.601901 0.127462 0.805283 0.317369 0.044121 0.701774 0.725412 0.357846 0.814421 0.894369
0.178169 0.728956 0.702806 0.200044 0.841247 0.387411 -0.057274 0.691795 0.683827 0.283547 0.753137 0.849179
0.144728 0.783361 0.620569 0.199747 0.874688 0.410749 0.003186 0.682177 0.829244 0.292550 0.865049 0.914229
0.225758 0.769828 0.558873 0.169995 0.851654 0.336611 0.111750 0.777114 0.871018 0.267164 0.824065 0.898832
0.220226 0.764472 0.565265 0.098273 0.909415 0.394919 0.062344 0.693401 0.738756 0.422407 0.850062 0.943500
0.218761 0.779966 0.620862 0.231865 0.876898 0.361442 0.006687 0.680656 0.763587 0.347424 0.820052 0.909236
0.147506 0.639530 0.596333 0.225605 0.876377 0.422100 0.051352 0.701315 0.777932 0.406039 0.842262 0.836204
0.145979 0.669763 0.512626 0.156441 0.913053 0.349012 0.086595 0.774673 0.805451 0.286548 0.794946 0.934789
0.229290 0.792705 0.517838 0.232478 0.845334 0.339113 0.078271 0.686395 0.756622 0.307320 0.829253 0.905019
0.221977 0.688042 0.579514 0.167820 0.852773 0.455192 0.021594 0.727812 0.834305 0.370989 0.841176 0.853055
0.201715 0.736289 0.566057 0.142403 0.866054 0.252030 0.112112 0.670207 0.830898 0.346755 0.827555 0.862108
0.189383 0.839848 0.545953 0.240593 0.849771 0.425304 0.127398 0.614932 0.671994 0.276695 0.794243 0.892525
0.245290 0.832512 0.569847 0.277996 0.801459 0.489818 0.035622 0.623419 0.786448 0.372534 0.848107 0.884615
0.274745 0.728626 0.609031 0.250473 0.855415 0.364702 -0.005285 0.716434 0.671711 0.415197 0.821188 0.959023
0.127847 0.801746 0.553215 0.228309 0.883797 0.431215 0.106793 0.640231 0.767966 0.341332 0.786752 1.015529
0.041279 0.713415 0.568460 0.304020 0.874138 0.407766 0.048492 0.745544 0.751329 0.337657 0.720463 1.017099
0.226793 0.691708 0.555845 0.206912 0.896211 0.381108 0.015531 0.619721 0.751365 0.271041 0.823510 0.944203
0.172725 0.804302 0.573437 0.150253 0.817087 0.394126 0.088214 0.675741 0.760989 0.236080 0.805331 0.910571
0.170199 0.757329 0.514432 0.232935 0.890558 0.304923 0.117728 0.676677 0.731167 0.375890 0.814927 0.882326
0.128934 0.771915 0.574500 0.219882 0.868755 0.428129 0.174450 0.656899 0.737892 0.393182 0.780054 0.973310
0.139366 0.771556 0.626394 0.235946 0.875013 0.389982 0.013098 0.654589 0.766397 0.323340 0.808467 0.931298
0.125021 0.739245 0.591931 0.202214 0.841048 0.346817 -0.009549 0.743946 0.678005 0.266419 0.810630 0.865438
0.209212 0.618204 0.531415 0.194962 0.789279 0.402656 -0.067872 0.783004 0.728899 0.303174 0.794057 0.836117
0.107295 0.663430 0.638743 0.243607 0.894793 0.307977 0.020849 0.592921 0.728254 0.327710 0.735816 0.842929
0.225934 0.769893 0.608722 0.146013 0.823545 0.415549 0.110159 0.623034 0.644857 0.326718 0.829861 0.935988
0.159810 0.862601 0.623954 0.162268 0.830064 0.451406 0.041144 0.746971 0.742488 0.305047 0.718604 0.843546
0.107569 0.724130 0.645431 0.189396 0.823172 0.352462 0.094736 0.626167 0.804198 0.307021 0.749219 0.874037
0.132253 0.758979 0.556944 0.203268 0.944926 0.356263 0.033756 0.648410 0.783222 0.328207 0.804469 0.993553
0.152876 0.785412 0.559797 0.239929 0.902657 0.378180 0.104950 0.610994 0.770571 0.352153 0.790643 0.848063
0.154087 0.662787 0.554891 0.193204 0.876328 0.369393 0.077404 0.618271 0.770206 0.353220 0.674719 0.909960
0.297196 0.809708 0.586304 0.209513 0.910540 0.381740 0.127630 0.709519 0.782815 0.314087 0.794986 0.895658
0.121308 0.683173 0.611828 0.133997 0.844534 0.402521 0.069299 0.632604 0.723260 0.369987 0.784097 0.918305
0.252782 0.838823 0.595224 0.138208 0.862979 0.358445 0.112744 0.596767 0.634336 0.408503 0.765336 0.897918
0.124849 0.788775 0.575315 0.163782 0.903274 0.405739 0.074741 0.671356 0.732156 0.419315 0.758861 0.965814
0.140557 0.644821 0.624383 0.212795 0.805382 0.329310 0.067399 0.605655 0.670200 0.412479 0.819647 0.834581
0.219130 0.848379 0.593722 0.317029 0.823089 0.352427 0.016137 0.666098 0.770370 0.326980 0.789402 0.900207
0.176894 0.795816 0.618473 0.242436 0.786716 0.313312 0.080545 0.719525 0.754661 0.349298 0.787290 0.862332
0.175462 0.805511 0.630750 0.201344 0.833061 0.345328 0.119524 0.636008 0.754988 0.329431 0.786692 0.878474
0.305951 0.722785 0.561981 0.199479 0.827201 0.382934 0.026607 0.718108 0.696548 0.424022 0.758328 0.972175
0.144817 0.716164 0.609214 0.200530 0.927757 0.383421 0.029896 0.764879 0.758483 0.346953 0.891858 0.904571
0.141836 0.739264 0.622639 0.203565 0.872229 0.351902 -0.010800 0.658066 0.744980 0.250231 0.725341 0.875923
0.138503 0.629965 0.551734 0.168907 0.883033 0.374903 0.085705 0.610787 0.723458 0.340370 0.797566 0.888495
0.157580 0.786721 0.575183 0.233878 0.850616 0.439190 0.056461 0.705379 0.773713 0.420178 0.765172 1.006704
0.172758 0.710215 0.531942 0.163480 0.879272 0.409571 0.006024 0.617898 0.760327 0.390238 0.835223 0.837505
0.124840 0.711494 0.597833 0.188082 0.838987 0.407854 0.026350 0.727296 0.794553 0.303283 0.752762 0.946610
0.165823 0.752264 0.601894 0.186804 0.959361 0.364039 0.151343 0.741217 0.853872 0.328163 0.736662 0.950368
0.127536 0.734023 0.623639 0.297473 0.841043 0.469136 -0.030263 0.650411 0.771725 0.355574 0.784686 0.905703
0.153763 0.654419 0.554710 0.201758 0.813819 0.377637 0.049238 0.616974 0.726518 0.426754 0.834424 0.937459
0.122009 0.773255 0.473852 0.130639 0.780045 0.379006 0.058482 0.708089 0.752460 0.348911 0.750434 0.849811
0.120614 0.717076 0.565002 0.165296 0.842301 0.374085 0.090102 0.625255 0.801358 0.281005 0.771249 0.839072
0.135966 0.673392 0.615980 0.159804 0.894184 0.400660 0.035965 0.731142 0.724253 0.411240 0.750248 0.926855
0.143416 0.835555 0.708220 0.159859 0.920331 0.328934 -0.002180 0.705086 0.737721 0.327226 0.840493 0.925699
0.212437 0.754440 0.566030 0.250998 0.858496 0.299639 0.118646 0.527177 0.863466 0.346998 0.833391 0.860826
0.209713 0.739503 0.510688 0.199534 1.005265 0.356781 0.026445 0.600724 0.770704 0.351738 0.818014 0.882603
0.152980 0.722550 0.548369 0.111320 0.822399 0.401211 -0.057651 0.654674 0.805310 0.390187 0.739165 0.930726
0.177562 0.715852 0.520613 0.279749 0.815990 0.393389 0.032784 0.637590 0.796867 0.434213 0.730337 0.884534
0.157840 0.827014 0.546492 0.131072 0.932786 0.369539 0.068373 0.657863 0.762365 0.385605 0.744500 0.848642
0.152709 0.700650 0.611625 0.189599 0.881265 0.427843 0.061440 0.673265 0.770627 0.330196 0.848531 0.933025
0.115023 0.755729 0.493916 0.177940 0.877218 0.418897 0.077807 0.706295 0.776982 0.279967 0.732365 0.871499
0.133392 0.833223 0.536684 0.226546 0.853179 0.279666 0.053140 0.659863 0.815240 0.335961 0.700524 0.875553
0.252827 0.705147 0.516122 0.163855 0.791508 0.429086 -0.024862 0.687812 0.729451 0.381044 0.751954 0.901292
0.220584 0.831124 0.641372 0.145960 0.848237 0.438524 0.010249 0.692139 0.734262 0.353735 0.824187 0.914004
0.149198 0.820856 0.519603 0.204642 0.918877 0.381454 0.026670 0.735704 0.766809 0.230424 0.758772 0.877621
0.187934 0.698510 0.532255 0.244739 0.873072 0.341592 0.108636 0.600784 0.629368 0.386362 0.724275 0.839404
0.245051 0.698302 0.632341 0.200794 0.937378 0.423251 0.039519 0.676333 0.802474 0.336601 0.819689 0.896226
0.171175 0.750572 0.508990 0.179095 0.907870 0.400210 0.030232 0.655922 0.768708 0.322808 0.709300 0.860124
0.094377 0.714187 0.596359 0.195933 0.866316 0.343157 0.116001 0.691622 0.734672 0.349856 0.769011 0.941020
0.141241 0.770179 0.489849 0.211896 0.857853 0.306031 -0.106972 0.687986 0.872899 0.349199 0.813342 0.877101
0.247427 0.756821 0.616189 0.170801 0.871163 0.428031 0.050791 0.633414 0.660140 0.406082 0.768298 0.947245
0.193744 0.778327 0.623616 0.171229 0.813752 0.345557 0.056577 0.672118 0.652540 0.379198 0.759064 0.949331
0.138285 0.778015 0.696850 0.258581 0.803657 0.384023 0.034290 0.693446 0.689020 0.347253 0.829351 0.941210
0.217588 0.760168 0.455016 0.203489 0.897098 0.338458 -0.023060 0.670233 0.809859 0.400014 0.771833 0.923542
0.179878 0.811954 0.570013 0.209536 0.860983 0.363710 0.055492 0.647488 0.779732 0.274618 0.734141 0.896335
0.190828 0.757039 0.554722 0.168664 0.891103 0.399071 0.028225 0.713016 0.726189 0.358216 0.820301 0.904133
0.110774 0.847471 0.652078 0.171201 0.820432 0.376518 -0.014477 0.669097 0.679045 0.291065 0.791482 0.967627
0.168333 0.805256 0.517600 0.222042 0.860256 0.304703 0.025974 0.677531 0.731979 0.303376 0.750525 0.841048
0.299906 0.714044 0.590474 0.152628 0.868136 0.346535 0.065989 0.671974 0.740480 0.265281 0.714099 0.887177
0.172218 0.712646 0.442800 0.200626 0.905725 0.351925 0.047916 0.652770 0.685013 0.386189 0.788983 0.902431
0.251064 0.702231 0.613148 0.180183 0.876305 0.437606 0.060245 0.737850 0.801469 0.286421 0.691969 0.923914
0.013382 0.741618 0.554834 0.184705 0.834383 0.379068 0.021305 0.594569 0.780180 0.337366 0.852136 0.816898
0.151239 0.749889 0.575809 0.242062 0.884094 0.385230 0.026300 0.631249 0.687890 0.336541 0.826668 0.805756
0.221765 0.799905 0.505218 0.171129 0.895840 0.268472 0.067477 0.633791 0.818692 0.342594 0.837009 0.937976
0.169217 0.662878 0.547622 0.168386 0.850109 0.424779 0.031978 0.710966 0.779322 0.341710 0.764195 0.822575
0.139330 0.768882 0.565168 0.299283 0.884403 0.400341 0.061561 0.740219 0.770341 0.358619 0.740314 0.846512
0.184728 0.765571 0.529514 0.185409 0.846800 0.364681 -0.034730 0.595783 0.819910 0.236636 0.721059 0.961967
0.213028 0.733193 0.592203 0.218903 0.835097 0.383889 0.114624 0.633117 0.744768 0.393981 0.849925 0.914951
0.118600 0.783156 0.544389 0.132052 0.845680 0.367218 -0.014809 0.725021 0.765927 0.343297 0.786327 0.946232
0.211074 0.772247 0.504583 0.263331 0.877644 0.346859 0.044332 0.656739 0.784028 0.255603 0.777932 0.981987
0.149219 0.735983 0.591039 0.246541 0.800711 0.452578 0.010425 0.651484 0.878191 0.381426 0.730880 0.924012
0.126165 0.708904 0.506267 0.252040 0.841818 0.331431 0.147000 0.622895 0.759397 0.441535 0.769056 0.809095
0.221561 0.848454 0.576375 0.219667 0.811659 0.345932 0.067409 0.681241 0.752019 0.292941 0.744383 0.897582
0.200812 0.688989 0.506211 0.167427 0.814947 0.256726 0.020149 0.641798 0.812440 0.277376 0.732904 0.894205
0.136939 0.641127 0.494861 0.250321 0.836612 0.345342 0.026485 0.571601 0.757235 0.269921 0.809675 0.959045
0.163532 0.682880 0.680023 0.218121 0.839509 0.350858 -0.021551 0.647367 0.649628 0.422834 0.753664 0.911340
0.289281 0.714168 0.471655 0.212660 0.984102 0.259185 0.102343 0.770089 0.780264 0.321357 0.790104 0.961181
0.252808 0.651616 0.533684 0.139048 0.876950 0.333679 0.012345 0.732751 0.669556 0.336762 0.819821 0.842715
0.242301 0.765901 0.588259 0.168327 0.930479 0.386137 0.094979 0.693245 0.706543 0.354289 0.797617 0.959001
0.090094 0.623467 0.564065 0.188692 0.837566 0.400682 -0.001552 0.697780 0.713819 0.319209 0.830167 0.842180
0.165271 0.770981 0.632973 0.173470 0.920567 0.325525 -0.020555 0.590774 0.764325 0.292370 0.737048 0.774361
0.210792 0.792778 0.597267 0.116756 0.943364 0.455947 0.028859 0.679172 0.729914 0.330634 0.783773 0.885059
0.274561 0.704391 0.553164 0.156876 0.871378 0.387020 0.022767 0.672546 0.774042 0.355593 0.796247 0.892716
0.172457 0.742407 0.595701 0.162284 0.863193 0.348297 0.124199 0.662481 0.800817 0.352307 0.764326 0.932712
0.128105 0.747804 0.602953 0.084770 0.880358 0.382352 0.013267 0.612992 0.738025 0.318481 0.843031 0.871602
0.219007 0.814498 0.562591 0.083947 0.846045 0.378106 0.059015 0.717390 0.742925 0.356422 0.792762 0.903155
0.164222 0.726164 0.592061 0.150035 0.855702 0.385886 0.015327 0.696180 0.736538 0.256407 0.806943 0.841456
0.195445 0.737590 0.546506 0.156370 0.764612 0.342174 0.019206 0.650119 0.796411 0.350801 0.799069 0.849568
0.121922 0.783806 0.599120 0.191167 0.884379 0.323703 0.152105 0.613686 0.797918 0.333264 0.750862 0.933971
0.259279 0.721774 0.603313 0.212825 0.890187 0.334458 0.075005 0.690737 0.718820 0.299988 0.772952 0.898836
0.096577 0.778971 0.543163 0.232437 0.822094 0.338230 0.001302 0.698494 0.818391 0.433702 0.777815 0.833284
0.088549 0.719173 0.614069 0.184100 0.897353 0.388644 0.099740 0.678455 0.760980 0.317254 0.810385 0.891803
0.186791 0.748298 0.609245 0.219043 0.824727 0.403031 0.132899 0.686131 0.819616 0.291507 0.912006 0.911561
0.185949 0.728503 0.578648 0.223881 0.848014 0.370588 -0.032746 0.685619 0.804710 0.377425 0.761800 0.846617
0.215645 0.745894 0.575104 0.189561 0.880184 0.295420 -0.031465 0.617907 0.783267 0.291237 0.744494 0.863921
0.157425 0.754595 0.558439 0.336871 0.857740 0.316779 0.089135 0.745322 0.859425 0.422898 0.822488 0.945133
0.229189 0.795507 0.625761 0.111259 0.823265 0.431290 0.058863 0.601315 0.727089 0.340881 0.794141 0.976034
0.227577 0.736363 0.522033 0.160851 0.808882 0.341728 0.115441 0.636079 0.762900 0.304655 0.776029 0.851176
0.180589 0.778772 0.580143 0.154286 0.844997 0.260391 0.104971 0.783605 0.791467 0.346163 0.697397 0.841247
0.145072 0.666706 0.504851 0.231007 0.770788 0.447110 0.034883 0.671174 0.773138 0.322842 0.828653 0.947218
0.190398 0.753569 0.630692 0.188226 0.909723 0.417283 0.086582 0.660312 0.603231 0.329107 0.792556 0.894296
0.201975 0.783304 0.574571 0.241728 0.800304 0.417929 0.036412 0.658962 0.713655 0.361556 0.810793 0.835209
0.189434 0.769830 0.639026 0.152608 0.851647 0.342660 0.114287 0.617418 0.805691 0.399678 0.844658 0.840818
0.231328 0.784275 0.628674 0.190621 0.893725 0.391170 0.090425 0.666309 0.832206 0.257640 0.735657 0.793807
0.156622 0.835023 0.589976 0.217577 0.835047 0.360574 0.092597 0.707364 0.765865 0.373269 0.794720 0.865961
0.013186 0.847479 0.550533 0.215993 0.812968 0.355629 -0.012036 0.627854 0.644553 0.293143 0.748524 0.931633
0.242333 0.742555 0.618048 0.212146 0.953306 0.442240 0.114639 0.583523 0.789305 0.313612 0.747330 0.963254
0.171919 0.738275 0.577738 0.214328 0.850752 0.369003 0.030008 0.641698 0.685941 0.254271 0.904252 0.892942
0.053166 0.670821 0.628332 0.242945 0.823534 0.294097 0.007436 0.683770 0.890906 0.369904 0.856791 1.084442
0.188022 0.769146 0.650982 0.180048 0.871966 0.376658 0.068399 0.599382 0.797690 0.397855 0.761189 0.891814
0.160769 0.728035 0.608655 0.086431 0.883260 0.329179 -0.070284 0.640406 0.730097 0.308219 0.867855 0.889242
0.235167 0.823853 0.512723 0.229734 0.858290 0.422731 -0.004771 0.702995 0.748023 0.379810 0.756683 0.949534
0.215600 0.761989 0.611310 0.173277 0.880433 0.379664 0.090733 0.681959 0.693895 0.302374 0.799144 0.999897
0.273062 0.791627 0.479488 0.164987 0.822768 0.443823 0.118809 0.649376 0.732561 0.340159 0.829816 0.862321
0.133338 0.773012 0.661427 0.148805 0.863857 0.413865 -0.007414 0.584022 0.720920 0.252683 0.822186 0.924038
0.228075 0.664018 0.631942 0.219276 0.837768 0.431786 -0.009756 0.668214 0.735233 0.338963 0.781272 0.853356
0.162045 0.633952 0.542836 0.194017 0.781557 0.335432 0.049754 0.742441 0.766812 0.354722 0.773311 0.880249
0.213399 0.724094 0.562218 0.204900 0.815301 0.418513 0.049221 0.727410 0.759906 0.283636 0.661365 1.080663
0.182936 0.858249 0.582406 0.269798 0.855432 0.355749 0.034951 0.588963 0.816583 0.385498 0.762385 0.922945
0.182098 0.657568 0.575561 0.159717 0.923226 0.349473 0.134750 0.788990 0.805361 0.295828 0.742889 0.894653
0.217500 0.764508 0.549412 0.194044 0.813751 0.241609 0.064692 0.623570 0.766255 0.358705 0.741750 0.872178
0.156891 0.819467 0.533181 0.311202 0.900005 0.439240 0.047111 0.608374 0.737140 0.330044 0.737418 0.919611
0.150160 0.677851 0.565930 0.129386 0.868036 0.435650 0.119074 0.643993 0.778730 0.379733 0.719474 0.858750
0.118558 0.812204 0.578271 0.213326 0.903707 0.372001 0.092027 0.707798 0.802474 0.292099 0.834063 0.850512
0.198648 0.819847 0.531410 0.244603 0.849747 0.406865 0.084329 0.774128 0.832097 0.385291 0.763883 0.969052
0.072589 0.703633 0.616632 0.147846 0.855618 0.379718 0.014787 0.784348 0.810857 0.382385 0.818864 0.936843
0.130661 0.731573 0.486464 0.168257 0.931108 0.362814 0.051958 0.690021 0.784645 0.376789 0.819560 0.860768
0.253939 0.824622 0.641315 0.169790 0.907690 0.396214 0.061732 0.700326 0.747379 0.341314 0.774463 0.976188
0.231861 0.751400 0.542966 0.211459 0.875523 0.384778 0.061565 0.716908 0.750161 0.384755 0.786917 0.887132
0.185114 0.850471 0.606235 0.113882 0.910370 0.467419 0.110202 0.704292 0.767776 0.347480 0.780032 0.850610
0.126973 0.646309 0.592890 0.172156 0.873753 0.315173 -0.027590 0.617171 0.767786 0.344365 0.790071 0.798821
0.128377 0.716791 0.676678 0.193925 0.895860 0.388693 0.062371 0.751257 0.729329 0.287280 0.701530 0.953522
0.172247 0.695952 0.620283 0.245850 0.808329 0.358910 0.066266 0.628623 0.794101 0.355684 0.815038 0.913184
0.108600 0.769171 0.629060 0.085865 0.806810 0.307014 -0.085377 0.733219 0.789047 0.381957 0.738101 0.892294
0.130414 0.765405 0.615302 0.241311 0.885554 0.362344 -0.014693 0.673238 0.735168 0.275789 0.703003 0.903308
0.118626 0.694688 0.535993 0.197401 0.947201 0.315462 0.059167 0.706553 0.783190 0.345146 0.659909 0.970542
0.125845 0.746203 0.652448 0.222604 0.870415 0.377011 0.101853 0.657560 0.729810 0.344914 0.727705 0.987659
0.125252 0.676264 0.602522 0.229681 0.810823 0.320847 0.040587 0.617589 0.739840 0.388815 0.792712 0.913131
0.070442 0.681694 0.611800 0.189422 0.838892 0.438616 0.096794 0.645095 0.649185 0.366934 0.748002 0.920093
0.166709 0.767289 0.541192 0.103152 0.888026 0.400298 0.098173 0.635908 0.709667 0.314498 0.678315 0.877744
0.213084 0.765595 0.546183 0.200168 0.876459 0.302663 0.023445 0.658024 0.680043 0.433780 0.701128 0.854080
0.133437 0.733807 0.627909 0.224242 0.883407 0.339835 0.067758 0.637741 0.744757 0.331324 0.748460 0.887176
0.083160 0.720038 0.559046 0.130709 0.911340 0.348189 0.071264 0.639187 0.755538 0.331048 0.798860 0.894174
0.151323 0.814187 0.637536 0.225956 0.884569 0.304404 -0.043595 0.654650 0.732279 0.320807 0.713324 0.852357
0.235013 0.739024 0.566451 0.210785 0.800699 0.421864 -0.001516 0.782300 0.783441 0.325223 0.701761 0.912104
0.107635 0.753497 0.563899 0.155775 0.945748 0.293179 0.016810 0.709477 0.749174 0.346306 0.692366 0.898510
0.149735 0.660935 0.509718 0.229042 0.852971 0.351381 0.116388 0.632174 0.803847 0.301994 0.804091 0.910621
0.186546 0.739930 0.631543 0.131623 0.878669 0.310141 0.062362 0.657406 0.732225 0.384264 0.728753 0.935384
0.161849 0.769413 0.652791 0.194854 0.844260 0.401974 0.081234 0.649173 0.752824 0.318206 0.808619 0.842982
0.217971 0.726430 0.633853 0.229069 0.866981 0.389109 0.012805 0.603403 0.754254 0.352439 0.786493 0.871966
0.078438 0.719310 0.587833 0.270445 0.897612 0.297777 0.085160 0.653627 0.793559 0.265157 0.750878 0.921890
0.216356 0.750585 0.669322 0.190407 0.870990 0.333252 0.088398 0.662029 0.767622 0.242468 0.734079 0.880573
0.168643 0.813366 0.664188 0.212221 0.934359 0.355761 0.067139 0.681145 0.801045 0.332280 0.829241 0.922387
0.184192 0.738037 0.635794 0.149373 0.796779 0.397304 0.047537 0.737331 0.768726 0.313668 0.862577 0.868799
0.082192 0.691040 0.495504 0.133918 0.849902 0.402384 0.053691 0.581583 0.817219 0.373534 0.831315 0.960332
0.093029 0.752901 0.583482 0.088547 0.946825 0.369702 0.097910 0.729808 0.769788 0.413957 0.696056 0.934524
0.179203 0.757950 0.564874 0.171694 0.877033 0.382267 0.151697 0.604148 0.855942 0.337661 0.631276 0.890330
0.209352 0.735412 0.590059 0.100024 0.807504 0.401117 0.102847 0.585920 0.761224 0.317030 0.761414 0.929066
0.297524 0.717151 0.517277 0.226053 0.769903 0.396242 0.075008 0.680158 0.725010 0.202480 0.689918 0.936170
0.126111 0.688728 0.537935 0.153042 0.913435 0.304990 -0.010950 0.607233 0.686013 0.387410 0.761653 0.858220
0.169896 0.821793 0.490447 0.158154 0.896774 0.420245 0.035610 0.700070 0.729628 0.415837 0.749013 0.775916
0.084306 0.754927 0.645560 0.268662 0.897160 0.212041 0.004100 0.672586 0.751153 0.393128 0.804928 0.854538
0.186345 0.820144 0.558401 0.237429 0.836370 0.386046 -0.041785 0.748541 0.754474 0.345069 0.778084 0.822271
0.195423 0.780138 0.495301 0.202423 0.818219 0.301992 0.131084 0.643583 0.814394 0.315038 0.807338 0.829338
0.230712 0.789565 0.611663 0.251589 0.885056 0.374889 0.091394 0.616143 0.781835 0.406095 0.771528 0.860063
0.140050 0.698274 0.523333 0.264121 0.850020 0.396432 0.098350 0.668736 0.782980 0.279253 0.819949 0.886559
0.156302 0.768972 0.563658 0.225044 0.873456 0.372474 0.039986 0.694368 0.754636 0.319018 0.782988 0.890527
0.194151 0.870324 0.549315 0.216438 0.878074 0.337723 0.027346 0.714671 0.786628 0.331143 0.782701 0.922216
0.175384 0.760681 0.576996 0.180969 0.901105 0.424502 0.024899 0.706416 0.823157 0.280541 0.779621 0.788813
0.175072 0.781342 0.580666 0.245397 0.907901 0.370832 0.106818 0.700862 0.759290 0.323606 0.704575 0.909175
0.142686 0.698598 0.586890 0.156335 0.881936 0.347723 -0.045834 0.679090 0.732729 0.319916 0.741776 0.976077
0.213806 0.761740 0.569473 0.209570 0.779769 0.419165 0.114179 0.698891 0.802945 0.384251 0.795458 0.832486
0.141538 0.790696 0.527469 0.205208 0.893694 0.398104 0.041377 0.786739 0.788218 0.278517 0.770237 0.803819
0.162233 0.809743 0.542101 0.306392 0.910183 0.456142 0.057864 0.651249 0.784038 0.343733 0.802293 0.899238
0.200615 0.751616 0.573149 0.233826 0.800813 0.442337 0.054308 0.730372 0.736805 0.342394 0.857219 0.974803
0.240300 0.760902 0.578020 0.174254 0.880074 0.417363 0.114018 0.582524 0.833697 0.311236 0.680052 1.008043
0.180954 0.728785 0.574088 0.200410 0.821120 0.361245 -0.015402 0.701754 0.730742 0.385761 0.723368 0.872931
0.156031 0.828469 0.519508 0.193782 0.860866 0.435675 0.164340 0.694690 0.740867 0.267506 0.704020 0.830279
0.198717 0.721373 0.620881 0.191939 0.786484 0.405658 0.036282 0.645494 0.765100 0.359604 0.806403 0.878060
0.125314 0.700484 0.562253 0.206877 0.790737 0.444387 0.054154 0.766327 0.799966 0.304321 0.813037 0.889758
0.152753 0.781710 0.630229 0.217698 0.917898 0.319693 0.112012 0.690716 0.824212 0.249613 0.790300 0.904408
0.116748 0.724988 0.527306 0.251856 0.906232 0.406102 0.114102 0.688639 0.740891 0.362870 0.718170 0.914369
0.222271 0.722089 0.631727 0.208934 0.806197 0.377540 0.134360 0.672947 0.733570 0.320605 0.762123 0.816637
0.242407 0.810943 0.630905 0.203776 0.856995 0.280177 -0.004415 0.630460 0.720657 0.356030 0.807276 0.979440
0.176359 0.771735 0.598594 0.179985 0.855631 0.369405 0.019950 0.697810 0.730323 0.349258 0.741663 0.969846
0.181659 0.781521 0.428263 0.125192 0.906290 0.380206 0.095554 0.594893 0.728977 0.275431 0.771033 0.862931
0.124530 0.723616 0.634566 0.125695 0.937547 0.422181 0.046667 0.696185 0.760612 0.336451 0.757607 0.947951
0.256089 0.824480 0.579033 0.172123 0.777811 0.376561 0.067724 0.702302 0.804739 0.389663 0.744402 0.865507
0.189362 0.747258 0.593138 0.204498 0.896264 0.382849 -0.002494 0.678098 0.714533 0.320705 0.705256 0.829848
0.253561 0.710739 0.637874 0.113194 0.777240 0.327230 0.101532 0.670564 0.740596 0.357403 0.740724 0.890870
0.128752 0.726199 0.595378 0.162317 0.848834 0.338017 0.108812 0.690930 0.712161 0.418027 0.882081 0.835939
0.180263 0.768307 0.559443 0.220242 0.865942 0.283008 0.084819 0.588276 0.793506 0.333829 0.639688 0.966947
0.224496 0.778913 0.536592 0.177308 0.868322 0.389176 0.072233 0.613821 0.681355 0.392092 0.761234 0.948809
0.100925 0.808906 0.591918 0.170289 0.854124 0.339441 -0.011147 0.615324 0.756269 0.262013 0.814276 0.919651
0.177997 0.725757 0.505621 0.252672 0.845655 0.311922 0.006084 0.670636 0.702819 0.277513 0.834905 0.888094
0.170608 0.707717 0.540659 0.181454 0.842944 0.361567 0.073338 0.667918 0.835198 0.305517 0.823459 0.955656
0.166378 0.726254 0.581729 0.191038 0.836489 0.424339 0.144207 0.674397 0.859513 0.288281 0.713845 0.886420
0.194027 0.763638 0.642105 0.179816 0.799941 0.267067 0.055037 0.627971 0.746512 0.329536 0.826290 0.873307
0.155095 0.772669 0.577560 0.128061 0.863122 0.329410 0.086093 0.754807 0.810579 0.369024 0.821271 0.847976
0.132121 0.720730 0.570517 0.195786 0.825750 0.363426 0.115464 0.684325 0.702520 0.306848 0.775085 0.901505
0.078919 0.803289 0.606783 0.156154 0.893966 0.368674 0.110618 0.744941 0.832633 0.370439 0.842066 0.918803
0.185529 0.706714 0.522137 0.205796 0.885394 0.392849 0.157110 0.758549 0.682378 0.324622 0.752681 0.872354
0.146061 0.801831 0.462332 0.146271 0.794107 0.254383 0.173237 0.624116 0.694796 0.375409 0.707174 0.870019
0.165178 0.750653 0.587675 0.222911 0.838859 0.386770 0.002268 0.574080 0.804161 0.320106 0.791036 0.855303
0.190645 0.730238 0.572189 0.175115 0.875285 0.347363 0.058854 0.622501 0.763151 0.226791 0.685625 0.921880
0.148529 0.773022 0.484329 0.205898 0.935421 0.376811 0.048598 0.667318 0.869357 0.353254 0.762388 0.873813
0.101463 0.735586 0.592734 0.178386 0.793825 0.300288 0.088647 0.684075 0.799881 0.305502 0.804239 0.956571
0.133074 0.692730 0.670434 0.196492 0.894190 0.327523 0.059199 0.720599 0.770287 0.284898 0.785172 1.010471
0.143343 0.754670 0.674183 0.159934 0.819824 0.373436 0.062154 0.669675 0.808493 0.435260 0.703368 0.934872
0.215424 0.781202 0.598969 0.167476 0.883699 0.418132 0.019653 0.612005 0.945242 0.353355 0.780278 1.013822
0.188633 0.802386 0.513751 0.154692 0.836696 0.345255 0.069739 0.607826 0.806945 0.354628 0.757452 0.940480
0.222664 0.812083 0.628302 0.137228 0.900290 0.377270 0.034314 0.663221 0.725726 0.271856 0.825908 0.903067
0.158336 0.658613 0.606074 0.184153 0.875053 0.424674 0.042736 0.702678 0.779061 0.313457 0.784614 0.981897
0.286624 0.754095 0.591858 0.322832 0.861324 0.390951 0.074831 0.604124 0.817502 0.411325 0.792937 0.883181
0.139553 0.756335 0.579566 0.115712 0.847358 0.409580 0.042606 0.614547 0.790170 0.355723 0.738903 0.811510
0.248505 0.742814 0.543158 0.234075 0.883497 0.406370 0.022914 0.719389 0.719255 0.385602 0.832508 0.761223
0.194128 0.675494 0.535545 0.336360 0.833680 0.310460 0.007204 0.688080 0.734653 0.285105 0.823724 0.850167
0.131327 0.803723 0.630924 0.207170 0.832786 0.397513 -0.007643 0.698373 0.786736 0.389260 0.806208 0.921346
0.201696 0.742238 0.655488 0.259938 0.887914 0.343880 -0.018751 0.745280 0.853002 0.375364 0.827169 0.795039
0.128093 0.745724 0.600111 0.201005 0.869240 0.272725 0.076922 0.700796 0.799327 0.426996 0.836115 0.870072
0.089116 0.721394 0.601159 0.213573 0.765080 0.520276 0.104628 0.748162 0.767170 0.371168 0.799252 0.833677
0.216690 0.717248 0.589519 0.177684 0.860170 0.287596 0.033328 0.641173 0.709897 0.304132 0.774413 0.901995
0.166039 0.788286 0.600524 0.148853 0.877588 0.386761 0.107580 0.707959 0.789582 0.355209 0.839686 0.927922
0.324472 0.674828 0.620741 0.206970 0.855287 0.396877 0.030074 0.644008 0.783501 0.319842 0.831635 0.972344
0.237015 0.746145 0.569160 0.167048 0.779751 0.416721 0.071003 0.697939 0.783063 0.333321 0.839664 0.890481
0.073054 0.718845 0.627381 0.195378 0.921124 0.462658 0.056654 0.717966 0.733376 0.345674 0.750619 0.917752
0.134430 0.871385 0.647912 0.147727 0.853726 0.379268 0.065771 0.594454 0.792183 0.332152 0.801850 0.905364
0.115032 0.766205 0.528627 0.186718 0.877777 0.288875 0.056137 0.726872 0.823888 0.346858 0.895805 0.893133
0.226219 0.765732 0.558296 0.226079 0.869620 0.291522 -0.032450 0.713948 0.721965 0.266262 0.668650 0.918811
0.184997 0.759638 0.541915 0.266211 0.907242 0.338153 -0.006715 0.652677 0.680306 0.335291 0.825028 0.885462
0.199697 0.761303 0.601852 0.150820 0.906616 0.315117 0.047246 0.725557 0.741198 0.294902 0.736014 0.907371
0.159392 0.757033 0.556492 0.137313 0.854086 0.304617 0.143248 0.686129 0.785196 0.433136 0.859442 0.905366
0.201598 0.766408 0.595170 0.226591 0.843834 0.344310 0.129545 0.606181 0.831194 0.332572 0.837711 0.934692
0.231856 0.700788 0.621908 0.170514 0.889519 0.354403 0.091478 0.620467 0.841699 0.311612 0.742049 1.012320
0.227069 0.709326 0.645948 0.170543 0.820277 0.249411 0.012593 0.656374 0.793288 0.304971 0.824840 0.861232
0.145083 0.743784 0.612563 0.213960 0.928812 0.325589 0.042552 0.680769 0.787242 0.349801 0.809523 0.948503
0.176907 0.783602 0.702961 0.249170 0.799232 0.382654 0.092827 0.608124 0.691187 0.326804 0.748909 0.895694
0.207652 0.837146 0.574819 0.218754 0.851508 0.363757 0.044201 0.781983 0.780586 0.294925 0.865873 0.883350
0.158203 0.731713 0.559980 0.114062 0.922858 0.312882 0.053336 0.750705 0.778832 0.326735 0.802004 0.939500
0.307302 0.674274 0.535897 0.214973 0.813382 0.360798 0.100239 0.744353 0.813236 0.364968 0.807306 0.951452
0.152718 0.645293 0.696882 0.169432 0.938272 0.339123 0.121821 0.753664 0.785022 0.369078 0.806845 0.884903
0.256718 0.739490 0.562436 0.175457 0.842787 0.328473 0.182638 0.642516 0.801175 0.359408 0.750110 0.868922
0.155415 0.776251 0.387914 0.227736 0.922460 0.357869 0.163071 0.649731 0.704304 0.302160 0.808180 0.852215
0.129914 0.765848 0.626060 0.167110 0.897701 0.382875 0.063522 0.667296 0.816328 0.315792 0.809425 0.894139
0.219779 0.765750 0.675889 0.244871 0.840924 0.397464 -0.004664 0.673328 0.786632 0.263535 0.802429 0.866771
0.296997 0.708069 0.578216 0.268252 0.940683 0.317571 0.071411 0.645500 0.876531 0.396842 0.758858 0.947374
0.199294 0.663107 0.556832 0.224529 0.800847 0.246255 0.100988 0.646614 0.806937 0.390973 0.780739 0.975294
0.322747 0.789397 0.519161 0.142122 0.826002 0.313609 0.105753 0.706920 0.758043 0.382865 0.772555 0.854358
0.171885 0.794365 0.536242 0.204900 0.907043 0.309356 0.126553 0.677696 0.798738 0.409703 0.772875 0.938269
0.170282 0.772667 0.506934 0.231929 0.913448 0.440583 0.093476 0.710495 0.672386 0.265784 0.802175 0.846013
0.199508 0.773532 0.608017 0.172407 0.841774 0.326243 0.023279 0.621160 0.744424 0.369036 0.650467 0.920551
0.127171 0.781460 0.593789 0.229317 0.918920 0.389368 0.026830 0.630744 0.715017 0.379737 0.811277 0.904261
0.206061 0.772747 0.637281 0.262118 0.882782 0.446808 -0.005103 0.669269 0.793306 0.341343 0.726802 0.809006
0.175441 0.811257 0.494773 0.164434 0.899410 0.407767 0.032361 0.668061 0.754125 0.294471 0.718849 0.974968
0.180212 0.788056 0.567418 0.200646 0.892856 0.430180 0.004238 0.676211 0.794361 0.215210 0.772516 0.859708
0.263277 0.705926 0.623743 0.094088 0.891868 0.386914 0.117600 0.689427 0.788168 0.304629 0.772236 0.921115
0.134854 0.755209 0.549525 0.162774 0.900980 0.341972 -0.047037 0.707073 0.718915 0.329735 0.758406 0.876801
0.227433 0.812752 0.603334 0.123251 0.805495 0.300675 0.056814 0.609843 0.785449 0.412262 0.816976 0.868555
0.112118 0.816099 0.608178 0.132512 0.916085 0.476417 0.138929 0.694181 0.794057 0.302859 0.750006 0.896812
0.107643 0.773484 0.645755 0.153045 0.835516 0.271216 -0.027133 0.616935 0.713522 0.373454 0.792841 0.908075
0.115091 0.759616 0.556899 0.239693 0.830996 0.317279 0.027323 0.702672 0.755999 0.434384 0.823145 0.920732
0.026485 0.775177 0.617811 0.186549 0.860260 0.431008 0.038437 0.687490 0.818603 0.318313 0.817976 0.907488
0.296682 0.899817 0.546260 0.300980 0.847843 0.377315 0.090584 0.675948 0.818466 0.322067 0.801428 0.946629
0.144969 0.806288 0.625225 0.202859 0.883297 0.416313 0.096971 0.665844 0.834813 0.441544 0.735556 0.864037
0.173914 0.692243 0.602172 0.160312 0.835159 0.372844 0.011703 0.715602 0.786633 0.269714 0.768197 1.005292
0.168550 0.737135 0.495641 0.221350 0.845318 0.366434 0.018219 0.613683 0.877594 0.408389 0.794021 0.901502
0.102705 0.843156 0.552581 0.163750 0.808785 0.383093 0.002646 0.650324 0.735498 0.381852 0.706750 0.833091
0.196256 0.689660 0.515774 0.192270 0.897240 0.414664 0.055596 0.615711 0.841982 0.288741 0.831468 0.910144
0.096311 0.792355 0.642031 0.228010 0.867370 0.290620 0.054726 0.637692 0.765764 0.364839 0.793394 0.809802
0.171643 0.758848 0.640327 0.140530 0.949614 0.311996 0.025819 0.677451 0.711493 0.317022 0.728435 0.926979
0.093736 0.799708 0.552281 0.164952 0.906714 0.439203 0.043597 0.823516 0.715435 0.403672 0.719931 0.864161
0.214098 0.765976 0.586103 0.239207 0.863704 0.358120 0.074431 0.628208 0.809063 0.411199 0.776114 0.938696
0.147226 0.763589 0.603602 0.068015 0.897319 0.334987 0.050142 0.737743 0.762754 0.375288 0.895634 0.939498
0.130180 0.785045 0.661833 0.187716 0.827865 0.402358 0.183440 0.586258 0.830446 0.366814 0.752903 0.888464
0.223949 0.843456 0.535291 0.179107 0.865287 0.420989 -0.020682 0.693047 0.692049 0.258720 0.771470 0.967176
0.083451 0.784127 0.573765 0.205253 0.865374 0.409649 0.070156 0.796767 0.709657 0.350905 0.817203 0.904172
0.188566 0.862085 0.550356 0.211487 0.877240 0.399653 -0.027844 0.751215 0.727161 0.321105 0.826532 0.927100
0.071080 0.698472 0.652501 0.239356 0.897484 0.375186 0.060063 0.736406 0.756349 0.413048 0.779388 0.906426
0.226756 0.667654 0.500910 0.265308 0.976449 0.377298 0.066703 0.716490 0.825085 0.310473 0.719298 0.789263
0.140521 0.722396 0.534233 0.137480 0.853206 0.323747 0.017364 0.657679 0.814814 0.394964 0.919088 0.901022
0.264242 0.820821 0.560523 0.259057 0.805662 0.364301 0.018415 0.677561 0.817510 0.392352 0.725972 0.787557
0.187063 0.731772 0.572575 0.202495 0.838267 0.408423 0.136705 0.626950 0.768216 0.401529 0.819318 0.942053
0.137849 0.682385 0.599245 0.157162 0.862124 0.407373 0.005371 0.624583 0.733727 0.376554 0.802042 0.966640
0.202617 0.769590 0.618840 0.160916 0.873949 0.341518 0.056690 0.682550 0.774660 0.351752 0.710979 0.893559
0.227739 0.773605 0.628504 0.169355 0.876772 0.302574 0.071456 0.713341 0.711477 0.342422 0.738585 0.954647
0.164454 0.761768 0.543752 0.235512 0.768221 0.334699 0.115453 0.670395 0.782122 0.420180 0.825697 0.906559
0.166492 0.750728 0.555578 0.181961 0.852096 0.340066 0.119853 0.686390 0.798918 0.373618 0.748720 0.883143
0.076032 0.768651 0.588068 0.282404 0.857649 0.358280 0.035316 0.674768 0.778381 0.290545 0.755214 0.917004
0.102226 0.786806 0.558435 0.125982 0.911862 0.275651 0.025270 0.593286 0.722340 0.338513 0.777936 0.948393
0.220002 0.646545 0.535253 0.260879 0.903428 0.334037 0.089673 0.600537 0.813832 0.417309 0.790275 0.912989
0.217524 0.688592 0.647450 0.192342 0.755446 0.381315 0.051506 0.722277 0.859821 0.401797 0.820940 0.936561
0.169982 0.817090 0.486525 0.095470 0.918595 0.349394 0.065482 0.700729 0.837219 0.280082 0.762283 0.937332
0.174118 0.680357 0.584239 0.209426 0.783095 0.414936 0.120052 0.672535 0.685104 0.334758 0.825215 0.940006
0.134219 0.698088 0.643779 0.218726 0.801095 0.406886 0.064922 0.670601 0.757592 0.283655 0.785270 0.944317
0.279898 0.689050 0.603219 0.108427 0.890011 0.430862 -0.016435 0.587323 0.777732 0.313180 0.785136 0.831729
0.123371 0.647656 0.665328 0.168932 0.922044 0.374899 0.070627 0.687182 0.701743 0.356622 0.794735 0.912792
0.201713 0.756638 0.561172 0.218166 0.839230 0.323286 0.122930 0.693227 0.796237 0.280131 0.811584 0.936615
0.170593 0.679060 0.667649 0.238574 0.889758 0.289312 -0.006694 0.683767 0.802570 0.381795 0.812827 0.901081
0.211882 0.657741 0.572405 0.205301 0.886027 0.364750 0.053448 0.594879 0.783639 0.338239 0.806586 0.786807
0.153665 0.809690 0.473094 0.188241 0.867316 0.447653 0.064326 0.730166 0.752491 0.330259 0.799703 0.980233
0.263541 0.765326 0.627331 0.228023 0.984512 0.353922 0.083922 0.654190 0.693813 0.269696 0.782100 0.932330
0.196810 0.713932 0.557582 0.198058 0.806090 0.430268 0.038749 0.631279 0.765526 0.289079 0.730260 0.812490
0.208576 0.751017 0.520667 0.274074 0.800042 0.386556 0.030906 0.625568 0.778098 0.363069 0.835327 0.904416
0.132626 0.750373 0.569001 0.208928 0.890766 0.439499 -0.022298 0.745619 0.720721 0.398648 0.787225 0.944563
0.191835 0.729568 0.614849 0.265559 0.825156 0.384862 -0.078363 0.621417 0.776796 0.360799 0.661709 0.903984
0.130082 0.731684 0.576802 0.166026 0.887411 0.410718 0.076858 0.619890 0.739311 0.341596 0.801605 0.877886
0.262912 0.780594 0.639343 0.307637 0.913280 0.373944 0.159559 0.651112 0.828232 0.388658 0.751703 0.875862
0.164574 0.737409 0.588976 0.114705 0.761862 0.313131 0.033164 0.613744 0.755431 0.297795 0.736013 0.897548
0.221169 0.679761 0.620563 0.219172 0.850919 0.410632 0.068654 0.725208 0.879994 0.338925 0.861189 0.859198
0.246355 0.676334 0.559316 0.181603 0.870557 0.339953 0.080653 0.713021 0.840570 0.304001 0.834983 0.849604
0.157098 0.776147 0.535901 0.188178 0.959141 0.367265 0.085149 0.587610 0.781870 0.360559 0.742147 0.859395
0.182791 0.634722 0.473308 0.230657 0.916928 0.409397 -0.023691 0.667847 0.698181 0.372140 0.786277 0.861187
0.140206 0.672151 0.474231 0.157453 0.806362 0.433791 -0.020951 0.652141 0.788772 0.288164 0.703722 0.849036
0.154167 0.792819 0.591452 0.184557 0.871633 0.382910 0.066458 0.590511 0.777716 0.341559 0.794666 0.866804
0.209830 0.685448 0.652065 0.223699 0.888714 0.333268 0.015327 0.653496 0.740045 0.319434 0.793470 0.905146
0.230246 0.823591 0.556387 0.148733 0.833588 0.361912 0.074840 0.688822 0.690360 0.251875 0.741789 0.889257
0.127626 0.736449 0.589339 0.201346 0.942763 0.299871 0.056970 0.698417 0.772709 0.327818 0.811380 0.834452
0.178597 0.691618 0.474857 0.194753 0.829540 0.334370 0.114313 0.746014 0.745580 0.336656 0.857720 0.899258
0.148827 0.738472 0.606880 0.250503 0.878117 0.345919 0.134609 0.605345 0.783489 0.295584 0.752669 0.945972
0.181646 0.778602 0.553633 0.169161 0.888670 0.326149 0.035258 0.635274 0.784666 0.329871 0.699187 0.941792
0.125145 0.806708 0.596743 0.134229 0.908387 0.379374 0.041985 0.650406 0.779139 0.332985 0.733970 0.946420
0.139174 0.639176 0.601346 0.181654 0.769178 0.335328 -0.045021 0.623167 0.830391 0.445599 0.807216 0.886498
0.121309 0.697429 0.586710 0.228672 0.817618 0.460222 0.172454 0.775161 0.795087 0.361283 0.775689 0.927752
0.205203 0.721279 0.523538 0.188474 0.855699 0.309080 0.057425 0.706381 0.748996 0.308816 0.827858 0.896673
0.154429 0.718771 0.575412 0.260891 0.864535 0.383544 0.009713 0.745569 0.751160 0.306049 0.802022 0.912238
0.204934 0.842061 0.635391 0.092597 0.879112 0.401068 0.026684 0.720608 0.852658 0.334263 0.775287 0.976077
0.180496 0.669862 0.565528 0.169891 0.900941 0.372570 -0.001887 0.666205 0.738461 0.269688 0.822798 0.896125
0.154543 0.726653 0.622898 0.253807 0.855261 0.320605 0.038531 0.681312 0.794137 0.380631 0.852285 0.904159
0.236271 0.730297 0.599061 0.144586 0.877880 0.314602 -0.047430 0.666426 0.767408 0.380623 0.735910 0.920144
0.160363 0.769617 0.638671 0.139095 0.884485 0.368408 0.140819 0.651493 0.715599 0.331887 0.747103 0.889397
0.132760 0.742359 0.537573 0.142355 0.866490 0.279625 0.087650 0.696826 0.807676 0.360012 0.721861 0.878466
0.159546 0.804842 0.507149 0.161861 0.875227 0.376719 0.105105 0.649992 0.712430 0.364211 0.734776 0.874106
0.159552 0.806830 0.481606 0.098640 0.932008 0.316879 -0.044976 0.672001 0.790423 0.276400 0.727852 0.906330
0.205384 0.776435 0.483210 0.165529 0.808295 0.306552 0.042554 0.727532 0.682976 0.320626 0.835726 0.980101
0.184697 0.746757 0.664185 0.283650 0.915759 0.313173 0.084445 0.666595 0.701316 0.314417 0.750442 0.844365
0.294800 0.753275 0.623930 0.207503 0.908797 0.394682 0.029696 0.653562 0.793924 0.253142 0.817531 0.993298
0.247117 0.767078 0.529656 0.165831 0.853693 0.391119 -0.052997 0.618213 0.761881 0.411100 0.766987 0.912410
0.158298 0.732705 0.618987 0.336162 0.949191 0.354321 0.070644 0.709050 0.705029 0.337579 0.821340 0.936988
0.232165 0.745315 0.684564 0.244440 0.849434 0.340516 0.084418 0.624746 0.760486 0.295932 0.775828 0.997039
0.179917 0.734130 0.589449 0.142719 0.937829 0.305789 0.062859 0.691257 0.770678 0.251853 0.786761 0.851323
0.121725 0.784092 0.540937 0.250692 0.918264 0.450171 0.036059 0.668244 0.740921 0.314050 0.787779 0.929503
0.228380 0.741809 0.573710 0.171748 0.941261 0.349157 0.060376 0.759033 0.786671 0.329573 0.808866 0.859084
0.209048 0.729970 0.689030 0.190738 0.905261 0.419150 0.077395 0.642334 0.741505 0.348010 0.851788 0.835604
0.113711 0.705095 0.609480 0.171308 0.882068 0.328555 0.131641 0.639569 0.754614 0.313267 0.861978 0.880006
0.203234 0.665172 0.662519 0.183490 0.917792 0.316791 0.049472 0.698455 0.723320 0.350711 0.815706 0.889535
0.210710 0.708140 0.614628 0.268204 0.799737 0.337657 0.024324 0.705715 0.781036 0.285698 0.777546 0.890720
0.252280 0.765971 0.576063 0.218979 0.965135 0.315998 0.102022 0.642148 0.756160 0.278037 0.726454 0.810546
0.177089 0.767971 0.464064 0.227905 0.905653 0.387001 0.109804 0.648912 0.790880 0.395210 0.717483 0.867088
0.087794 0.772940 0.541962 0.246322 0.814403 0.437969 0.073165 0.696412 0.634867 0.326236 0.811885 0.838194
0.304624 0.811805 0.553917 0.120578 0.801861 0.399288 0.027532 0.715684 0.758169 0.285800 0.727874 0.861277
0.207876 0.770983 0.550353 0.170548 0.808504 0.287285 0.033369 0.644522 0.723921 0.412992 0.790242 0.907641
0.159653 0.725400 0.552767 0.140274 0.901559 0.364160 0.034449 0.615312 0.828123 0.365116 0.857259 0.931951
0.226215 0.680088 0.564304 0.268877 0.786803 0.432235 0.085473 0.589829 0.784349 0.358644 0.717986 0.871866
0.165909 0.807839 0.630854 0.233649 0.825798 0.383977 -0.042655 0.673755 0.819604 0.341370 0.789353 0.874513
0.290795 0.802373 0.568473 0.128762 0.835264 0.397986 0.039086 0.610546 0.914414 0.299288 0.742830 0.893015
0.171332 0.702347 0.564097 0.272818 0.831130 0.411484 0.002496 0.647443 0.804059 0.360614 0.791510 0.879810
0.133515 0.803139 0.573938 0.252957 0.794970 0.335565 0.125381 0.632125 0.766745 0.390455 0.737455 0.975080
0.109935 0.684089 0.635160 0.140095 0.873477 0.295879 0.059137 0.631290 0.684137 0.326668 0.733876 0.914030
0.281112 0.689078 0.522478 0.297315 0.899759 0.275417 -0.002475 0.624935 0.736827 0.307977 0.737199 0.955950
0.230993 0.804035 0.579277 0.182899 0.871642 0.245174 0.053599 0.590703 0.740565 0.386239 0.776213 0.899927
0.213003 0.787724 0.570360 0.143746 0.777731 0.403350 0.070122 0.735223 0.748063 0.318404 0.796588 0.979149
0.125117 0.697057 0.614998 0.293007 0.805378 0.385512 0.047319 0.717404 0.848365 0.336624 0.721307 0.940100
0.217989 0.765225 0.543847 0.172610 0.838549 0.446967 0.052543 0.694749 0.742663 0.348733 0.769773 0.813171
0.135414 0.746511 0.536246 0.175729 0.857140 0.341699 0.152070 0.611091 0.808338 0.281519 0.799264 0.840925
0.249213 0.692033 0.516498 0.186762 0.910638 0.293433 0.057509 0.595940 0.719798 0.317147 0.743752 0.999511
0.123984 0.798113 0.561083 0.223848 0.797674 0.315802 -0.059968 0.717551 0.741150 0.416230 0.752296 0.921820
0.146119 0.773285 0.567294 0.211340 0.797777 0.338736 -0.000885 0.638288 0.748064 0.379510 0.651734 0.889097
0.238323 0.664687 0.649180 0.259287 0.999711 0.340241 0.136907 0.694696 0.711612 0.328693 0.710153 0.955887
0.128728 0.730328 0.572800 0.188036 0.886247 0.439667 0.031302 0.665465 0.784639 0.252343 0.776322 0.884933
0.155317 0.774132 0.616740 0.265663 0.802008 0.422476 0.040954 0.706808 0.832802 0.304588 0.777671 0.921303
0.191088 0.712191 0.556324 0.203682 0.795926 0.309204 0.174411 0.564298 0.739880 0.363841 0.834340 0.897272
0.120042 0.704434 0.548836 0.229693 0.973899 0.417390 0.097143 0.669747 0.735713 0.378767 0.896570 0.912282
0.245375 0.826626 0.696446 0.265684 0.838348 0.334642 0.087800 0.767191 0.849542 0.337309 0.768052 0.807998
0.240346 0.786459 0.550154 0.137113 0.829378 0.390322 0.074546 0.708082 0.672351 0.357261 0.823681 0.945853
0.173408 0.694727 0.570947 0.181760 0.757198 0.418625 0.046981 0.655548 0.735255 0.295339 0.730133 0.956675
0.184753 0.761672 0.664143 0.222597 0.844169 0.414392 0.119567 0.705296 0.861711 0.301982 0.914761 0.910553
0.236700 0.804841 0.632016 0.230297 0.838715 0.358175 0.078078 0.786698 0.769723 0.410517 0.794015 0.912360
0.167797 0.861034 0.532725 0.246916 0.846735 0.375049 0.010229 0.758574 0.721579 0.313892 0.727431 0.911048
0.151756 0.673211 0.562613 0.193483 0.830146 0.361612 -0.057118 0.696984 0.786707 0.317639 0.728765 1.025334
0.230871 0.736067 0.618995 0.195161 0.845026 0.288773 0.011698 0.664651 0.754693 0.314790 0.698987 0.930940
0.321298 0.793645 0.604482 0.188407 0.834812 0.295902 0.070521 0.650547 0.746016 0.273670 0.793958 0.837720
0.209778 0.743558 0.660183 0.233826 0.795014 0.395707 0.071236 0.690292 0.635115 0.340204 0.831401 0.920442
0.188811 0.774012 0.641801 0.176862 0.907713 0.393526 0.071497 0.642346 0.805726 0.295549 0.789477 0.931634
0.143596 0.767689 0.586219 0.260568 0.875139 0.429019 0.072549 0.600022 0.785347 0.382501 0.835996 0.852975
0.271885 0.725773 0.707979 0.242521 0.922269 0.406183 0.040802 0.741914 0.753595 0.377845 0.751671 0.899740
0.195286 0.792288 0.577083 0.232663 0.759474 0.432671 0.014086 0.622513 0.738990 0.282840 0.765712 0.860051
0.217757 0.790790 0.621827 0.280688 0.772104 0.353469 0.076922 0.699043 0.822465 0.430608 0.807146 0.927810
0.150714 0.724829 0.500329 0.121142 0.914964 0.401717 0.141093 0.735856 0.831659 0.362924 0.731612 0.871635
0.181752 0.716620 0.591653 0.169348 0.778874 0.362739 0.100286 0.663479 0.725459 0.338927 0.743130 0.878121
0.185703 0.791792 0.650283 0.083141 0.948127 0.332403 0.075164 0.659960 0.791302 0.392313 0.798234 0.907481
0.191150 0.772403 0.542578 0.175337 0.822466 0.384579 0.036727 0.615300 0.769585 0.340579 0.756368 1.000467
0.237999 0.823884 0.614258 0.225746 0.933630 0.343923 0.015013 0.653822 0.775752 0.368010 0.901087 0.924257
0.110883 0.685508 0.614191 0.207139 0.808726 0.442464 0.033455 0.600067 0.704332 0.276680 0.764690 0.880621
0.196943 0.788747 0.571317 0.158322 0.848949 0.295989 0.061749 0.722551 0.833284 0.315507 0.827376 0.956013
0.093477 0.687317 0.540967 0.225242 0.857059 0.473863 0.010105 0.700319 0.760654 0.334218 0.788117 0.943666
0.207698 0.767472 0.516449 0.191290 0.765812 0.321551 0.067740 0.670221 0.737253 0.342495 0.802146 0.869518
0.259617 0.744646 0.552433 0.174004 0.860190 0.443912 0.007227 0.658678 0.747290 0.298062 0.830182 0.965805
0.154404 0.664949 0.642019 0.283844 0.828242 0.346022 0.148340 0.733286 0.689900 0.341048 0.736310 0.928876
0.251699 0.791851 0.667014 0.256726 0.847818 0.412702 -0.022813 0.641660 0.773139 0.334782 0.745836 0.862915
0.256857 0.783593 0.531828 0.166713 0.859971 0.393106 0.102437 0.696274 0.720726 0.295171 0.778644 0.956765
0.206960 0.675966 0.583932 0.091754 0.850684 0.466621 0.053489 0.677621 0.768900 0.396343 0.768410 0.848971
0.192230 0.784878 0.544747 0.222055 0.838795 0.363121 0.101052 0.816694 0.868232 0.325000 0.721920 0.886692
0.099147 0.688913 0.580695 0.173352 0.914309 0.369370 0.064242 0.589521 0.679623 0.287750 0.719947 0.846973
0.165282 0.743987 0.588919 0.214687 0.834773 0.353109 0.063114 0.687370 0.621384 0.299013 0.792875 0.823211
0.230975 0.816638 0.614683 0.194539 0.852372 0.357487 0.072525 0.674019 0.804032 0.392219 0.667683 0.833239
0.148639 0.793522 0.597696 0.195707 0.766264 0.417560 0.127612 0.675034 0.823530 0.342086 0.771832 0.840728
0.217442 0.770991 0.471240 0.199426 0.878037 0.396601 0.002796 0.684916 0.751474 0.350757 0.803920 0.883304
0.248381 0.767602 0.539897 0.298128 0.733460 0.421156 0.051625 0.671173 0.808023 0.375000 0.779366 0.964744
0.168206 0.836091 0.531705 0.230892 0.945812 0.320659 0.125051 0.659742 0.773204 0.373410 0.796643 0.917286
0.212194 0.716588 0.622725 0.215582 0.902524 0.405474 0.037864 0.717322 0.730540 0.396209 0.824584 0.836037
0.143838 0.735194 0.578128 0.245851 0.875626 0.378036 0.089207 0.621124 0.756235 0.329345 0.692649 0.908964
0.224760 0.756806 0.560201 0.150419 0.908840 0.391673 0.001126 0.649209 0.809327 0.338790 0.771568 0.875382
0.144986 0.712247 0.481070 0.240396 0.902031 0.380110 0.003130 0.682105 0.805120 0.275417 0.772630 0.875972
0.195390 0.681832 0.602883 0.105931 0.887561 0.365798 0.038915 0.710896 0.693228 0.328973 0.771396 0.891092
0.239757 0.680038 0.523068 0.152259 0.863195 0.442495 0.114871 0.656529 0.720799 0.337662 0.757587 0.976088
0.196937 0.820923 0.614014 0.301201 0.978942 0.394312 0.015440 0.624923 0.797627 0.284230 0.671314 0.907519
0.144117 0.737205 0.618525 0.306042 0.865491 0.367095 0.100480 0.618787 0.786723 0.334240 0.744668 0.865689
0.229741 0.738156 0.558436 0.175839 0.907321 0.390145 0.106074 0.646338 0.755152 0.308853 0.778580 0.897024
0.163604 0.742855 0.635403 0.181461 0.869739 0.402674 0.124020 0.667299 0.732164 0.375509 0.767653 0.980563
0.215113 0.730147 0.524318 0.177876 0.864948 0.315545 0.010044 0.614016 0.831446 0.355851 0.862829 0.925890
0.125880 0.737621 0.520371 0.221686 0.870929 0.410987 -0.046786 0.664916 0.832111 0.363033 0.708585 0.856318
0.119372 0.684611 0.608443 0.217586 0.857799 0.374097 0.009954 0.656764 0.689003 0.353763 0.788750 0.882906
0.135871 0.701978 0.581094 0.223958 0.904843 0.355182 0.042945 0.633888 0.786667 0.410844 0.883462 0.844992
0.247738 0.829906 0.568164 0.256182 0.896720 0.330939 0.063201 0.623424 0.764979 0.209238 0.812653 0.818728
0.234524 0.763322 0.553577 0.265839 0.875699 0.241425 0.132385 0.729221 0.732264 0.266428 0.727630 0.857812
0.082569 0.745509 0.553976 0.205171 0.816108 0.335976 -0.006860 0.711583 0.768130 0.351962 0.751712 0.861709
0.116884 0.790997 0.583313 0.225660 0.914293 0.360612 0.037170 0.680712 0.804094 0.418821 0.758500 0.829479
0.210060 0.773606 0.601846 0.217957 0.919545 0.242722 0.030682 0.679931 0.689238 0.324890 0.729683 0.813816
0.153688 0.680745 0.623967 0.227173 0.863825 0.459822 0.122815 0.688003 0.853475 0.304672 0.713192 0.903539
0.223355 0.818151 0.522471 0.207509 0.827221 0.372577 0.087649 0.609266 0.708367 0.408602 0.746481 0.878517
0.184952 0.779986 0.497266 0.172384 0.849199 0.301522 0.017053 0.731329 0.784632 0.332709 0.795017 0.878817
0.190093 0.713314 0.547311 0.041916 0.890270 0.452656 0.094471 0.701138 0.666886 0.416692 0.831010 0.871803
0.200791 0.754082 0.636579 0.152145 0.884660 0.272144 -0.044806 0.650219 0.804766 0.375343 0.738806 0.941804
0.254974 0.742963 0.528789 0.230425 0.861691 0.342876 0.026830 0.679260 0.780164 0.351638 0.825950 0.900238
0.159086 0.839342 0.586402 0.150086 0.855777 0.335569 0.093808 0.772536 0.715034 0.327401 0.832399 0.948359
0.125129 0.773644 0.564405 0.221856 0.979084 0.326499 0.062702 0.728283 0.792617 0.260963 0.885765 0.943884
0.169707 0.655507 0.634339 0.170904 0.877968 0.401389 0.026084 0.658633 0.637443 0.286296 0.676441 0.954480
0.250556 0.707854 0.639682 0.215931 0.872294 0.404556 0.067905 0.654986 0.829456 0.424834 0.768350 0.924322
0.251099 0.732493 0.512452 0.211071 0.780902 0.341592 0.006123 0.660294 0.754036 0.369636 0.725594 0.824399
0.229273 0.821358 0.556402 0.268840 0.924463 0.320956 0.019852 0.656465 0.804308 0.227982 0.771683 0.837824
0.212962 0.698255 0.592098 0.238895 0.736004 0.416756 0.022922 0.641034 0.812009 0.322341 0.747842 0.852974
0.124499 0.827260 0.564422 0.273638 0.899163 0.422737 0.035071 0.696361 0.774619 0.371196 0.679802 0.926875
0.148529 0.701650 0.506126 0.214666 0.827016 0.294783 0.045643 0.701969 0.745065 0.247519 0.726437 0.862798
0.171491 0.765086 0.513227 0.287794 0.926994 0.325607 0.084291 0.615102 0.660232 0.406706 0.851952 0.928506
0.152150 0.728555 0.599827 0.245424 0.886412 0.291172 0.073129 0.576008 0.820033 0.412944 0.843917 0.886165
0.168965 0.679385 0.573502 0.226369 0.924963 0.458930 0.074964 0.615217 0.755599 0.298402 0.816701 0.866004
0.234704 0.748356 0.519748 0.146383 0.978302 0.258673 -0.000027 0.590836 0.822287 0.314630 0.735358 0.944826
0.162160 0.747821 0.619464 0.178294 0.737249 0.369991 0.087255 0.658290 0.685044 0.396205 0.766544 0.920567
0.191058 0.722657 0.628600 0.161298 0.825678 0.451769 0.050720 0.757730 0.660499 0.359899 0.690047 0.955052
0.209068 0.778265 0.562585 0.248277 0.926557 0.501827 0.035081 0.575971 0.662960 0.315431 0.769223 0.930562
0.287108 0.712576 0.578647 0.270634 0.786312 0.320178 0.147064 0.701813 0.741413 0.354988 0.839180 0.894222
0.176505 0.760658 0.583143 0.214853 0.900609 0.299028 0.156474 0.691430 0.822408 0.240857 0.813478 0.903803
0.236530 0.728507 0.407683 0.231448 0.971209 0.473503 0.081081 0.701141 0.732022 0.439072 0.774861 0.940013
0.140977 0.757680 0.540361 0.263296 0.926202 0.288709 0.113436 0.692868 0.778517 0.318962 0.750654 0.941638
0.118482 0.764462 0.475846 0.209103 0.853279 0.344498 0.032534 0.678078 0.784273 0.381051 0.794977 0.909975
0.067599 0.776566 0.682286 0.224894 0.803801 0.400227 0.090813 0.622966 0.810690 0.398599 0.777959 1.043529
0.207739 0.762640 0.601930 0.249358 0.888070 0.446113 -0.039803 0.624983 0.738147 0.317443 0.747002 0.784784
0.219531 0.750339 0.528818 0.257483 0.886511 0.392975 0.101366 0.673537 0.805669 0.309759 0.737357 0.845934
0.163983 0.744442 0.564695 0.047173 0.867627 0.375734 0.095377 0.638547 0.747436 0.292703 0.761460 0.851489
0.170807 0.790620 0.621927 0.126634 0.924753 0.305438 0.046040 0.562891 0.760896 0.404395 0.739927 0.889770
0.222591 0.749635 0.592850 0.104170 0.795890 0.354516 0.050186 0.673664 0.748585 0.289058 0.844891 0.857329
0.212507 0.781606 0.599105 0.098970 0.830250 0.456987 0.057420 0.672826 0.768303 0.245852 0.883394 0.857807
0.228720 0.801636 0.713998 0.225746 0.882262 0.391994 0.089260 0.779697 0.794943 0.425477 0.784485 0.868544
0.158587 0.708552 0.607654 0.238486 0.882702 0.422252 0.038665 0.748686 0.735689 0.357182 0.761886 0.980124
0.126501 0.725500 0.629620 0.182871 0.895844 0.342052 0.040251 0.748526 0.710738 0.395113 0.839010 0.902007
0.209926 0.764775 0.618602 0.301241 0.826048 0.385666 0.104273 0.733068 0.780314 0.321870 0.875109 0.913825
0.085301 0.668013 0.545991 0.163704 0.857777 0.329140 -0.007150 0.678051 0.662249 0.388918 0.824132 0.986327
0.163387 0.731798 0.486980 0.166959 0.845017 0.415315 0.053030 0.585598 0.791243 0.383737 0.829483 0.918351
0.137098 0.750441 0.642071 0.223158 0.838873 0.376857 0.007258 0.749515 0.801665 0.288558 0.841499 0.839491
0.158558 0.853459 0.682851 0.238542 0.805952 0.388737 0.102752 0.612043 0.820478 0.220032 0.805924 0.932425
0.150392 0.729960 0.546434 0.224986 0.843887 0.378619 0.041017 0.680768 0.735439 0.381681 0.772371 0.885857
0.250180 0.817331 0.610794 0.227216 0.795240 0.355256 0.007422 0.717349 0.795540 0.402957 0.746933 0.921245
0.200927 0.684058 0.603740 0.228898 0.841339 0.321896 0.106048 0.671707 0.715761 0.323089 0.803894 0.906472
0.213561 0.758033 0.598711 0.254064 0.850210 0.381422 0.082500 0.692720 0.592071 0.332094 0.817326 0.891115
0.243319 0.784766 0.567626 0.232246 0.849484 0.370781 0.076232 0.605764 0.674216 0.297742 0.831051 0.929607
0.171776 0.719431 0.567599 0.159529 0.844936 0.370017 0.060119 0.739802 0.793116 0.433288 0.958294 0.795343
0.143759 0.743763 0.575481 0.145246 0.977645 0.373974 0.083352 0.659802 0.732709 0.477361 0.841580 0.851328
0.195920 0.775262 0.663056 0.154269 0.839723 0.416261 0.059335 0.708193 0.815470 0.339442 0.756099 0.983144
0.194186 0.711738 0.611387 0.169786 0.915456 0.283016 0.130575 0.675389 0.740266 0.265399 0.725392 0.860767
0.158319 0.837437 0.636854 0.200254 0.919348 0.355706 0.007076 0.673590 0.751250 0.403929 0.758594 0.878738
0.126249 0.715662 0.613187 0.211141 0.853264 0.408238 0.177405 0.662738 0.758635 0.317513 0.718782 0.849690
0.204555 0.784407 0.548244 0.199908 0.814696 0.332236 0.003773 0.735939 0.771433 0.328981 0.746606 0.935049
0.154019 0.645125 0.584703 0.219311 0.812528 0.411918 0.094854 0.674673 0.671211 0.345764 0.767161 0.848930
0.166451 0.735965 0.558909 0.143504 0.851634 0.362059 0.132388 0.602739 0.711975 0.304216 0.730965 0.841180
0.205428 0.752780 0.660352 0.204947 0.818132 0.452483 0.040601 0.669794 0.841763 0.359991 0.819482 0.890207
0.224882 0.711890 0.563336 0.085708 0.825753 0.414433 0.032462 0.709442 0.750246 0.307354 0.776180 0.878011
0.161151 0.728345 0.636262 0.180326 0.910640 0.274464 -0.027992 0.700582 0.700406 0.334486 0.867486 0.843842
0.132413 0.751374 0.575921 0.181249 0.854455 0.366358 0.099792 0.670752 0.829712 0.285012 0.793964 0.874235
0.120216 0.781582 0.620581 0.178576 0.895118 0.419625 0.111229 0.679601 0.779235 0.364582 0.697108 0.899050
