1000 16 500
0.632675 0.313260 0.440812 0.156994 0.315469 0.762374 1.001638 0.748109 0.561308 0.607584 0.871511 0.535627 0.838021 0.781122 0.192543 0.256858
0.567512 0.258304 0.447724 0.127277 0.318308 0.675709 0.964546 0.817489 0.560186 0.657083 0.853511 0.579119 0.795057 0.799752 0.217250 0.135707
0.532935 0.303121 0.439909 0.120546 0.238319 0.740387 0.928971 0.815802 0.595667 0.639353 0.870601 0.499807 0.816441 0.800050 0.127394 0.126038
0.587368 0.175642 0.368296 0.069330 0.224828 0.707302 1.090156 0.814962 0.653767 0.767274 0.762525 0.540876 0.756556 0.797636 0.234603 0.139569
0.516718 0.194483 0.533870 0.013956 0.316802 0.788374 0.914538 0.846934 0.723092 0.623258 0.839506 0.597394 0.884004 0.798388 0.164481 0.259760
0.570381 0.206563 0.493562 0.091563 0.248599 0.690714 1.060913 0.723019 0.650610 0.566924 0.749449 0.437942 0.810286 0.869460 0.182121 0.228400
0.555338 0.161312 0.417180 0.068327 0.267758 0.693966 1.039200 0.824193 0.651519 0.684456 0.813277 0.480682 0.853439 0.796314 0.138020 0.224371
0.566084 0.228524 0.350971 0.060222 0.235378 0.783631 0.952381 0.848299 0.679720 0.629186 0.718486 0.513804 0.854874 0.751462 0.099851 0.191972
0.590996 0.205065 0.408987 -0.022581 0.222833 0.766004 0.920262 0.826289 0.665640 0.657746 0.774640 0.442203 0.712029 0.835911 0.146714 0.214060
0.557886 0.313441 0.361500 0.054545 0.272430 0.723910 0.994944 0.855800 0.710879 0.668234 0.831704 0.502567 0.857294 0.780233 0.202883 0.109398
0.551185 0.277119 0.512750 0.157861 0.256535 0.698069 0.994162 0.800769 0.736041 0.642869 0.864710 0.570487 0.753030 0.887953 0.112112 0.274996
0.586511 0.214741 0.360984 0.059404 0.179542 0.667762 1.064866 0.835914 0.586698 0.653193 0.770371 0.522537 0.891041 0.835917 0.149962 0.167681
0.498473 0.292175 0.441813 0.027636 0.319709 0.735218 1.078488 0.871322 0.509198 0.647426 0.742035 0.519101 0.810604 0.827956 0.187820 0.219168
0.606689 0.226195 0.448172 -0.002259 0.298998 0.743396 0.990582 0.749763 0.659858 0.570204 0.717496 0.499434 0.893394 0.797805 0.134647 0.182100
0.643475 0.254495 0.467033 0.151349 0.285711 0.745124 1.159017 0.820908 0.666859 0.626332 0.864332 0.485490 0.844297 0.859992 0.114973 0.158444
0.655498 0.299558 0.426266 0.106888 0.274964 0.758637 1.024001 0.879407 0.590927 0.697042 0.810891 0.550072 0.783664 0.942253 0.078425 0.173915
0.593246 0.308901 0.470380 0.011348 0.288421 0.758958 0.993156 0.870654 0.567171 0.651490 0.890760 0.493530 0.801461 0.821188 0.134661 0.174845
0.623918 0.320071 0.453872 0.133410 0.208055 0.713876 0.973006 0.872958 0.683701 0.694206 0.881005 0.473275 0.853042 0.758263 0.160728 0.249381
0.515262 0.193746 0.436550 0.034424 0.159253 0.730011 0.962742 0.843202 0.629838 0.694347 0.761523 0.571585 0.850871 0.753332 0.166066 0.223297
0.573485 0.251551 0.463010 0.093901 0.271445 0.730050 0.968063 0.745487 0.632779 0.666750 0.716558 0.545287 0.870480 0.695283 0.089676 0.311344
0.541108 0.265446 0.441575 0.062597 0.372180 0.683528 1.030527 0.819341 0.612726 0.670051 0.778238 0.469906 0.739719 0.824987 0.102972 0.203419
0.531734 0.224702 0.405859 0.037401 0.348048 0.798895 1.001182 0.766174 0.589336 0.714604 0.828293 0.531589 0.853369 0.752891 0.208001 0.168715
0.577232 0.282209 0.480534 0.069751 0.315641 0.765503 1.052221 0.792632 0.654136 0.635134 0.855659 0.517946 0.882607 0.807174 0.068282 0.268503
0.575330 0.243628 0.487523 0.042698 0.338318 0.741483 1.048327 0.895032 0.602777 0.697080 0.812383 0.464323 0.816216 0.771628 0.087381 0.183885
0.573087 0.333549 0.353705 0.071082 0.342272 0.717127 0.934984 0.841885 0.611727 0.585095 0.697597 0.472943 0.900285 0.826329 0.063875 0.106598
0.432333 0.203543 0.457678 0.063654 0.222611 0.738975 1.010184 0.828784 0.729430 0.703346 0.847692 0.473349 0.837693 0.935026 0.153298 0.232536
0.526907 0.353382 0.323872 0.101525 0.306207 0.609250 0.946729 0.942148 0.710966 0.646403 0.811222 0.469037 0.828698 0.777883 0.183787 0.193683
0.594190 0.271760 0.417982 0.102190 0.217693 0.720802 0.902499 0.836813 0.649533 0.649919 0.781511 0.526317 0.807538 0.812015 0.130955 0.189453
0.698374 0.247057 0.498456 0.111826 0.222102 0.741962 1.050729 0.872435 0.630796 0.634910 0.806061 0.651357 0.793067 0.808531 0.148778 0.280259
0.522482 0.285837 0.419392 0.053920 0.324864 0.751663 0.961706 0.858151 0.650439 0.649876 0.858007 0.491583 0.776682 0.852665 0.206108 0.207933
0.648100 0.264003 0.472378 0.102192 0.322084 0.755238 0.920193 0.900204 0.670349 0.609230 0.727438 0.498640 0.814529 0.882706 0.142405 0.166097
0.581451 0.322542 0.394055 0.044804 0.275825 0.687458 1.012242 0.751019 0.639014 0.651671 0.788984 0.477434 0.830490 0.843243 0.211732 0.235850
0.600618 0.345234 0.464939 0.138634 0.362348 0.655754 1.045236 0.886595 0.672660 0.606300 0.770882 0.510606 0.839298 0.855623 0.226947 0.233585
0.606140 0.311739 0.451748 0.110198 0.343963 0.759525 0.989060 0.844929 0.650068 0.730448 0.857203 0.529032 0.839478 0.809667 0.105949 0.180070
0.569637 0.250415 0.383309 0.098515 0.278163 0.656205 0.923075 0.893312 0.619342 0.672176 0.733921 0.456282 0.823993 0.892442 0.226671 0.149917
0.578885 0.318329 0.437630 0.106526 0.312606 0.683029 0.917784 0.876978 0.609813 0.621181 0.802395 0.571429 0.848138 0.846855 0.146231 0.175568
0.604005 0.304041 0.423169 0.093205 0.377662 0.788954 1.024346 0.813598 0.685554 0.696532 0.822641 0.525926 0.773921 0.793828 0.180197 0.240802
0.587764 0.285166 0.443294 0.112292 0.336678 0.750496 1.051120 0.809372 0.638036 0.696607 0.858163 0.431709 0.832179 0.874400 0.179035 0.211488
0.571850 0.317433 0.431474 0.144207 0.231272 0.749061 0.984427 0.761931 0.716444 0.696527 0.803618 0.434225 0.844129 0.781850 0.173128 0.154541
0.564780 0.234254 0.395756 0.093494 0.184893 0.715585 0.986485 0.857204 0.733311 0.629572 0.819117 0.562141 0.729654 0.844121 0.140974 0.188337
0.639622 0.199336 0.465472 0.024885 0.251493 0.708871 0.973603 0.873020 0.694651 0.688686 0.768840 0.601499 0.764284 0.793872 0.171395 0.137710
0.562614 0.240455 0.417828 0.114973 0.351447 0.778679 0.940141 0.854380 0.704257 0.686513 0.696557 0.568563 0.821794 0.859284 0.162045 0.214364
0.574992 0.270711 0.394736 -0.021796 0.268719 0.713756 0.966557 0.826534 0.605155 0.580573 0.832775 0.540761 0.740275 0.697900 0.192009 0.225896
0.527733 0.305299 0.357561 0.101744 0.257742 0.703837 1.058100 0.811521 0.651872 0.737965 0.774634 0.588914 0.840135 0.867414 0.137964 0.136315
0.608720 0.230219 0.419264 0.015563 0.242320 0.740781 0.979961 0.830935 0.603601 0.560896 0.703462 0.568409 0.812626 0.887611 0.141973 0.197372
0.572420 0.174418 0.499022 0.129637 0.337975 0.728317 0.937279 0.854966 0.684141 0.665043 0.853911 0.606519 0.838999 0.762389 0.179935 0.217991
0.625214 0.093656 0.405539 0.055634 0.289759 0.745201 1.030561 0.780073 0.642037 0.680425 0.758209 0.518176 0.798897 0.835114 0.090936 0.171154
0.557831 0.342698 0.461886 0.056847 0.347076 0.734198 0.998440 0.901192 0.578889 0.567796 0.798513 0.506346 0.815920 0.820264 0.160702 0.134481
0.555213 0.300725 0.492022 0.155130 0.203544 0.677377 0.881379 0.926777 0.636909 0.624333 0.836013 0.541942 0.816849 0.873700 0.209833 0.169836
0.552467 0.263546 0.336820 0.093883 0.282123 0.715474 0.996433 0.853718 0.581196 0.640502 0.840389 0.473616 0.780695 0.912024 0.243249 0.234273
0.498183 0.284470 0.452092 0.114739 0.236002 0.798025 1.060352 0.760079 0.635741 0.669420 0.804736 0.562713 0.791426 0.812640 0.112326 0.019248
0.535761 0.259442 0.365869 0.190169 0.260596 0.627538 0.897672 0.882436 0.641037 0.683970 0.776563 0.577268 0.863567 0.774818 0.167374 0.167046
0.559185 0.186657 0.427514 0.039300 0.313669 0.714596 0.999787 0.861591 0.690862 0.757866 0.801162 0.474016 0.761799 0.801501 0.125522 0.289366
0.524932 0.201958 0.369737 0.111240 0.316066 0.715962 1.091592 0.819287 0.628039 0.610773 0.751723 0.655744 0.805848 0.800975 0.214433 0.175795
0.659952 0.300352 0.351432 0.126548 0.325330 0.666838 0.907891 0.897564 0.659715 0.705135 0.695915 0.532343 0.814672 0.832232 0.100319 0.080221
0.628633 0.194020 0.407410 0.042100 0.196340 0.725593 0.977667 0.859086 0.618262 0.717684 0.872086 0.499845 0.841791 0.931005 0.098756 0.234503
0.596223 0.201978 0.433530 0.043708 0.283354 0.676130 0.943446 0.862722 0.620260 0.716055 0.737663 0.488711 0.762960 0.774254 0.192517 0.143227
0.503420 0.330082 0.425686 -0.033804 0.333181 0.767377 0.968828 0.902591 0.734602 0.667955 0.755350 0.547828 0.792800 0.842638 0.259539 0.186146
0.562696 0.243858 0.544605 0.057090 0.276749 0.813584 0.999131 0.774448 0.711086 0.673282 0.866071 0.527600 0.805196 0.856069 0.152277 0.189633
0.604566 0.175782 0.471845 0.164315 0.218882 0.725676 0.971588 0.870004 0.662039 0.657590 0.777652 0.512465 0.790887 0.805448 0.210086 0.113704
0.510965 0.257025 0.468462 0.064311 0.280157 0.781562 1.093260 0.867219 0.556028 0.648605 0.721924 0.506411 0.808340 0.788103 0.155870 0.124824
0.622695 0.271914 0.481049 0.004737 0.289925 0.757094 1.166258 0.849440 0.636768 0.649187 0.801613 0.615413 0.809829 0.806449 0.186676 0.127113
0.618806 0.277497 0.422817 0.099651 0.271729 0.680891 0.995944 0.875682 0.689140 0.612793 0.828053 0.548975 0.892841 0.874137 0.195332 0.190884
0.679426 0.349972 0.501443 0.048830 0.206283 0.676477 0.999384 0.859312 0.592457 0.663569 0.700807 0.596513 0.768216 0.855220 0.146475 0.251938
0.658112 0.322410 0.539932 -0.030674 0.266359 0.716135 1.003205 0.760918 0.622506 0.672674 0.801253 0.549379 0.690816 0.847836 0.163703 0.111347
0.581996 0.198968 0.480738 0.056022 0.394660 0.776178 1.001676 0.896613 0.692599 0.509110 0.814083 0.489805 0.788586 0.837237 0.096340 0.190096
0.596631 0.140001 0.464003 0.075678 0.262343 0.662318 1.073446 0.905101 0.603146 0.614702 0.760886 0.587546 0.834924 0.873691 0.143810 0.218115
0.503918 0.345497 0.405026 0.128478 0.242103 0.706581 0.973299 0.898683 0.680410 0.692389 0.848438 0.471504 0.870027 0.901417 0.062135 0.110146
0.540515 0.235413 0.419634 -0.003486 0.234486 0.691662 0.990371 0.873308 0.602026 0.713387 0.799640 0.487662 0.763466 0.892743 0.215314 0.096323
0.531998 0.277966 0.519142 0.026657 0.269078 0.743279 0.980518 0.936288 0.589473 0.620569 0.800873 0.461684 0.796228 0.871326 0.186813 0.181804
0.619726 0.240555 0.301937 0.039622 0.244864 0.810453 1.051750 0.796178 0.570021 0.576772 0.835177 0.522379 0.808325 0.821754 0.179055 0.196696
0.603922 0.245412 0.484115 0.125788 0.316076 0.744124 1.000233 0.825943 0.652096 0.636825 0.795856 0.553519 0.866115 0.829427 0.222252 0.155785
0.543399 0.233787 0.507234 0.160983 0.289765 0.787860 1.070535 0.889035 0.646341 0.672321 0.776758 0.548424 0.832364 0.890054 0.193132 0.194029
0.574253 0.278616 0.391491 0.010673 0.297326 0.733080 1.010301 0.852546 0.615370 0.655629 0.804802 0.558002 0.835444 0.802164 0.168036 0.136725
0.561244 0.188237 0.365314 0.116765 0.384985 0.739417 1.045613 0.880033 0.694349 0.674946 0.778509 0.388938 0.816304 0.861488 0.279481 0.227119
0.639715 0.247075 0.483066 0.045507 0.167964 0.688162 1.018150 0.761959 0.634425 0.645607 0.776594 0.553090 0.841757 0.929718 0.168363 0.178851
0.655487 0.202342 0.379296 0.080349 0.264302 0.711461 0.944576 0.829145 0.809270 0.638680 0.824479 0.510980 0.881439 0.795239 0.108959 0.179130
0.514755 0.226065 0.389260 0.080129 0.339638 0.715931 1.025107 0.876414 0.627338 0.623362 0.738775 0.563397 0.888578 0.855822 0.313164 0.174736
0.575654 0.223581 0.447027 0.146753 0.243318 0.655374 1.006390 0.832120 0.634537 0.599002 0.779129 0.550272 0.720757 0.916465 0.139336 0.125262
0.607461 0.317954 0.371666 0.046222 0.297814 0.814884 1.032872 0.906551 0.643736 0.559451 0.733130 0.400878 0.811974 0.650930 0.053160 0.152521
0.542721 0.272960 0.397492 0.028393 0.296434 0.697019 0.974482 0.836743 0.537566 0.664782 0.765113 0.549258 0.830699 0.870676 0.137024 0.234726
0.601101 0.266700 0.395899 0.099798 0.220688 0.740921 0.993681 0.950018 0.653672 0.585697 0.763730 0.512692 0.806922 0.913170 0.150774 0.208377
0.578432 0.286256 0.524247 0.079516 0.286125 0.726138 1.017957 0.899752 0.671419 0.598051 0.749494 0.538002 0.844001 0.834255 0.172850 0.253345
0.604448 0.216206 0.400685 0.062820 0.264017 0.723133 1.004502 0.859314 0.651437 0.623876 0.783923 0.544353 0.762612 0.761232 0.048052 0.256969
0.523891 0.360999 0.471808 0.067546 0.265286 0.765559 1.005473 0.815867 0.659846 0.757614 0.830099 0.511312 0.823818 0.830113 0.189038 0.191958
0.591859 0.269196 0.454471 0.195868 0.319347 0.680763 0.995110 0.777489 0.686805 0.595807 0.631801 0.582324 0.730221 0.874836 0.161794 0.107102
0.555672 0.261961 0.322161 0.079789 0.327469 0.667075 1.047466 0.886287 0.737066 0.766376 0.727011 0.577487 0.805948 0.807635 0.085307 0.159546
0.477775 0.315059 0.412361 0.145262 0.257707 0.688285 0.969862 0.884473 0.661508 0.591908 0.769817 0.580513 0.762953 0.832421 0.128836 0.158626
0.543881 0.285964 0.479537 0.072654 0.177325 0.759448 1.018952 0.826984 0.631164 0.651859 0.804103 0.571548 0.737074 0.823195 0.140998 0.116929
0.706831 0.243175 0.470285 0.090396 0.238352 0.696911 0.893381 0.805232 0.629287 0.691435 0.670849 0.471125 0.791736 0.804660 0.079076 0.214907
0.652776 0.266861 0.383690 0.057536 0.324596 0.715918 0.997260 0.879223 0.694719 0.678493 0.814641 0.537696 0.870819 0.813027 0.150495 0.199689
0.568978 0.274091 0.480434 0.077994 0.295078 0.717727 1.027762 0.939752 0.598637 0.616048 0.801368 0.405296 0.770573 0.885144 0.173116 0.159293
0.583265 0.313473 0.463129 0.035240 0.246594 0.710451 0.972528 0.765358 0.558928 0.620175 0.777534 0.533142 0.817139 0.792071 0.156165 0.171773
0.633372 0.327341 0.363867 -0.021761 0.315255 0.827969 0.989301 0.849594 0.643636 0.640174 0.746239 0.530124 0.896868 0.754074 0.129774 0.203666
0.532404 0.220314 0.529953 0.033721 0.344729 0.781818 1.024286 0.836544 0.587607 0.662029 0.884584 0.490005 0.806456 0.907090 0.073584 0.279921
0.473174 0.259458 0.427548 0.143712 0.278995 0.658469 1.042057 0.813366 0.716106 0.639490 0.804621 0.542602 0.777854 0.827768 0.131274 0.125967
0.663168 0.237726 0.403900 0.115883 0.206426 0.702933 1.005119 0.894973 0.705445 0.707306 0.750239 0.554508 0.896376 0.861463 0.138464 0.154675
0.567401 0.195930 0.470547 0.068710 0.259857 0.692803 0.996946 0.864818 0.646577 0.623615 0.758694 0.512126 0.835884 0.825530 0.158878 0.077263
0.728971 0.247651 0.432446 0.115854 0.316212 0.795621 0.948091 0.892572 0.623977 0.678240 0.751765 0.426289 0.833933 0.706840 0.197301 0.115890
0.509268 0.356005 0.469807 -0.074204 0.325605 0.661081 0.981760 0.841911 0.628194 0.623684 0.846801 0.644225 0.772274 0.887465 0.217010 0.284806
0.430623 0.302189 0.553920 0.067550 0.296090 0.743631 1.013978 0.881526 0.658602 0.726607 0.779030 0.540546 0.907733 0.745384 0.169489 0.234795
0.618023 0.341384 0.365912 0.071453 0.267758 0.683151 1.005105 0.840106 0.704803 0.671861 0.757633 0.499528 0.851109 0.859761 0.184269 0.107098
0.567984 0.250131 0.438299 0.210688 0.306865 0.785762 1.023514 0.784512 0.668076 0.630420 0.777529 0.501339 0.809564 0.774807 0.114823 0.114214
0.669915 0.189110 0.475730 0.090385 0.217661 0.601192 0.972635 0.805887 0.636492 0.661498 0.824776 0.475886 0.825843 0.826823 0.130439 0.145423
0.635646 0.207080 0.407581 0.103382 0.275435 0.733959 0.951737 0.840911 0.598554 0.719347 0.761288 0.532832 0.893586 0.824269 0.132766 0.152260
0.563122 0.342744 0.420267 0.073344 0.127983 0.708541 0.978570 0.906561 0.674825 0.649348 0.780569 0.615593 0.796835 0.827905 0.109589 0.124580
0.522534 0.240416 0.499227 0.163615 0.322709 0.720083 1.054288 0.835191 0.682542 0.615200 0.818753 0.482353 0.804776 0.765915 0.129620 0.112332
0.579156 0.305885 0.401433 0.071380 0.332739 0.797409 0.952790 0.870768 0.659835 0.701154 0.769821 0.588230 0.855114 0.806540 0.145532 0.240253
0.643062 0.245612 0.486759 0.111382 0.332702 0.702111 0.925821 0.884142 0.673477 0.579341 0.721581 0.555199 0.897545 0.833199 0.233559 0.166550
0.620944 0.232677 0.465650 0.069750 0.323130 0.816310 1.002850 0.923345 0.597385 0.695707 0.762476 0.542921 0.754101 0.770137 0.104290 0.130382
0.580118 0.294082 0.501980 0.090284 0.348300 0.779652 0.999860 0.711333 0.652991 0.645439 0.790519 0.468233 0.858087 0.877791 0.183086 0.141292
0.571830 0.281881 0.432962 0.081931 0.188978 0.755380 1.032021 0.787434 0.659759 0.567724 0.856605 0.589258 0.875418 0.861742 0.139192 0.082733
0.601303 0.197514 0.487521 0.099965 0.292014 0.712847 0.952088 0.865962 0.607233 0.635957 0.819677 0.578313 0.913919 0.845488 0.171779 0.182992
0.603221 0.253889 0.401330 0.056851 0.218468 0.828222 1.004034 0.814085 0.717001 0.600792 0.810034 0.407952 0.894739 0.781281 0.094463 0.156377
0.477659 0.297541 0.378875 0.084955 0.210396 0.759222 1.016336 0.792680 0.722461 0.667126 0.845882 0.520308 0.811971 0.887603 0.214705 0.098137
0.593960 0.284870 0.503722 0.014921 0.274929 0.682434 1.009483 0.848427 0.598962 0.754208 0.784682 0.651086 0.937855 0.776390 0.086448 0.158743
0.574713 0.319406 0.324583 0.059076 0.219067 0.743865 0.968547 0.798360 0.619313 0.691718 0.816435 0.618305 0.750309 0.795601 0.109075 0.172098
0.622292 0.333523 0.470439 0.141331 0.287293 0.776223 1.096843 0.740947 0.641899 0.703613 0.740924 0.486726 0.807781 0.835159 0.102160 0.191157
0.591495 0.258644 0.641468 0.053035 0.283394 0.722541 0.987875 0.858725 0.558093 0.669132 0.751468 0.467775 0.789191 0.794766 0.090007 0.220845
0.533275 0.248562 0.402831 0.060981 0.292904 0.757413 1.001814 0.807649 0.761705 0.570541 0.784715 0.511157 0.856172 0.826547 0.080764 0.159106
0.602954 0.238505 0.360375 0.130475 0.313293 0.673163 0.996247 0.854957 0.686608 0.662372 0.790400 0.531179 0.728331 0.790777 0.108955 0.221973
0.601533 0.258461 0.480720 0.041191 0.282806 0.701088 0.938123 0.914150 0.629290 0.651252 0.845010 0.580675 0.804656 0.839564 0.129561 0.182741
0.634965 0.329383 0.443007 0.101120 0.349078 0.728887 0.997796 0.901412 0.694114 0.609966 0.765503 0.509548 0.786446 0.931373 0.140987 0.243044
0.604397 0.313504 0.370178 0.071906 0.275315 0.757073 0.936288 0.731167 0.727478 0.614119 0.804038 0.484403 0.871336 0.805773 0.226433 0.213088
0.675881 0.296346 0.534865 0.087640 0.332162 0.747168 0.965290 0.914881 0.712403 0.628173 0.709451 0.632240 0.793820 0.797671 0.158758 0.125600
0.454230 0.297986 0.413471 0.102422 0.261995 0.688726 1.076613 0.826143 0.653427 0.611815 0.788176 0.601308 0.843304 0.847890 0.243854 0.143863
0.537982 0.298803 0.522716 0.077021 0.261611 0.760137 1.157808 0.830325 0.579689 0.672233 0.867633 0.479164 0.809414 0.779835 0.106159 0.199752
0.637585 0.284242 0.443133 0.057727 0.217801 0.711280 1.061820 0.799273 0.718150 0.634548 0.766835 0.561185 0.786909 0.915366 0.149164 0.115654
0.582474 0.260298 0.448715 0.061833 0.249957 0.683287 0.972939 0.818925 0.728079 0.540248 0.675905 0.589185 0.775743 0.893079 0.118600 0.208464
0.534998 0.341942 0.431263 0.116876 0.358328 0.777214 1.038328 0.779510 0.631462 0.717267 0.827716 0.499471 0.751154 0.832154 0.101774 0.274139
0.682397 0.292402 0.450239 0.000191 0.296900 0.728886 1.047085 0.789591 0.636017 0.628589 0.785399 0.554447 0.843209 0.906303 0.200636 0.277222
0.642183 0.213355 0.390993 0.135883 0.275341 0.690301 1.006010 0.857946 0.728779 0.626310 0.794522 0.575622 0.755749 0.748359 0.136992 0.188026
0.468684 0.318800 0.345850 0.023103 0.341672 0.674630 1.049908 0.787025 0.648771 0.734927 0.806471 0.612358 0.774163 0.822382 0.085562 0.118281
0.560961 0.312796 0.449456 0.095456 0.367650 0.687254 0.911916 0.844462 0.617068 0.672634 0.782506 0.562647 0.771814 0.788097 0.147243 0.175006
0.545245 0.331279 0.432789 0.052916 0.227550 0.731642 0.945203 0.863377 0.666546 0.681781 0.781662 0.403882 0.859200 0.891394 0.198007 0.209354
0.498591 0.290209 0.438179 0.049129 0.237188 0.710298 0.891286 0.863406 0.625688 0.667448 0.760602 0.543109 0.787499 0.847150 0.015548 0.224543
0.536814 0.199425 0.420527 0.019122 0.241139 0.726783 0.993887 0.860217 0.619382 0.686130 0.827883 0.528084 0.819358 0.658828 0.308911 0.167356
0.677899 0.301861 0.491676 0.020258 0.281258 0.659878 0.958837 0.788402 0.693334 0.693156 0.842254 0.531091 0.770607 0.787684 0.071771 0.148590
0.535221 0.274921 0.452221 0.068665 0.252248 0.652712 0.955296 0.871208 0.661865 0.748744 0.830252 0.480805 0.891933 0.804880 0.108512 0.232109
0.600598 0.326703 0.500800 0.022000 0.227349 0.652474 0.930036 0.869704 0.672566 0.683865 0.828516 0.474366 0.846578 0.753943 0.191585 0.182548
0.568982 0.263386 0.396816 0.067980 0.288150 0.756994 0.979753 0.865296 0.576954 0.565923 0.859820 0.518114 0.754627 0.851825 0.131515 0.210506
0.579453 0.185402 0.422405 0.086370 0.250414 0.645026 1.023676 0.847938 0.620446 0.697946 0.807127 0.619842 0.729471 0.817440 0.110410 0.137388
0.561268 0.265854 0.474150 0.048351 0.286003 0.766844 0.965439 0.916377 0.643253 0.659017 0.854932 0.569313 0.877095 0.900112 0.143379 0.143100
0.567613 0.368392 0.417496 0.073158 0.314928 0.671700 1.047415 0.849094 0.626167 0.593998 0.820017 0.557284 0.817638 0.790535 0.283368 0.229816
0.595614 0.328196 0.442174 0.075781 0.234294 0.657329 0.966168 0.909476 0.713189 0.705722 0.720739 0.526344 0.790037 0.801802 0.205488 0.164878
0.547763 0.224048 0.428427 0.073503 0.273214 0.794306 0.996355 0.908996 0.682212 0.678603 0.779316 0.486551 0.758665 0.910203 0.129909 0.106408
0.577246 0.297422 0.448930 0.045336 0.335673 0.668768 1.040514 0.847672 0.598488 0.596810 0.706242 0.492543 0.919382 0.863302 0.150976 0.100406
0.462317 0.308710 0.377164 0.083196 0.239975 0.752387 0.925126 0.768343 0.624596 0.650071 0.790687 0.500630 0.860765 0.904408 0.189207 0.252073
0.603608 0.206566 0.473089 0.279090 0.205707 0.631381 1.010427 0.794353 0.720343 0.576405 0.818990 0.544647 0.747689 0.795507 0.097858 0.232366
0.648595 0.244611 0.457395 0.075225 0.336436 0.622878 1.048546 0.889517 0.561117 0.713722 0.669644 0.510432 0.841615 0.923920 0.170824 0.136963
0.584342 0.307696 0.380119 0.071585 0.303786 0.729228 0.951915 0.870437 0.609632 0.719152 0.749030 0.507283 0.820689 0.849440 0.068905 0.208775
0.543985 0.238130 0.430105 0.092146 0.288724 0.780230 1.027976 0.848668 0.635911 0.662881 0.662124 0.524688 0.859286 0.768568 0.155640 0.149218
0.637157 0.153947 0.372275 0.091996 0.284549 0.667136 1.049705 0.864728 0.626874 0.703183 0.778211 0.535513 0.778070 0.813279 0.138498 0.228975
0.548225 0.192585 0.453179 0.069679 0.260785 0.675402 0.925135 0.741974 0.591941 0.647495 0.823656 0.443553 0.761185 0.807245 0.070754 0.197585
0.643439 0.166944 0.482455 0.071264 0.257989 0.644460 1.055655 0.870739 0.622623 0.682933 0.729898 0.391492 0.787504 0.885931 0.130751 0.155101
0.530753 0.237550 0.426407 0.034697 0.305468 0.719156 0.888453 0.826536 0.645255 0.636748 0.801115 0.549028 0.737573 0.764220 0.151658 0.205833
0.681106 0.225648 0.456279 0.106141 0.258590 0.760641 1.069913 0.874172 0.731377 0.552981 0.850818 0.477454 0.812410 0.830631 0.057243 0.172323
0.607542 0.236299 0.439938 0.008465 0.392282 0.720435 1.014773 0.804173 0.731807 0.614756 0.837182 0.550629 0.790983 0.795991 0.165599 0.255759
0.561680 0.260506 0.454090 0.106906 0.275517 0.681899 1.011585 0.798145 0.647869 0.682624 0.866530 0.505913 0.837861 0.788274 0.151579 0.170451
0.495443 0.231618 0.449485 0.075974 0.303330 0.750178 1.070010 0.839529 0.639752 0.638296 0.801429 0.497411 0.802165 0.825901 0.121617 0.134388
0.565130 0.315668 0.432828 0.090023 0.227844 0.715914 1.069864 0.898797 0.640716 0.680613 0.807297 0.492276 0.822418 0.780079 0.164957 0.209287
0.612267 0.374906 0.430842 0.112802 0.198674 0.597913 1.027621 0.852918 0.585692 0.709690 0.759270 0.542352 0.807244 0.827886 0.145738 0.108602
0.667664 0.275384 0.479315 0.038340 0.329642 0.695336 1.019507 0.874109 0.654277 0.683157 0.831474 0.616830 0.853634 0.839263 0.195052 0.133932
0.618350 0.241412 0.414924 0.092497 0.272156 0.714026 0.990338 0.800262 0.653716 0.733189 0.801038 0.500096 0.875583 0.875965 0.143738 0.271264
0.632182 0.338744 0.427896 0.035955 0.253185 0.719233 1.092924 0.839656 0.665402 0.643523 0.834598 0.528422 0.718796 0.801114 0.038820 0.183611
0.643134 0.246245 0.384105 0.081646 0.346669 0.769191 0.956421 0.891153 0.722200 0.771949 0.784464 0.501065 0.734678 0.845145 0.085309 0.212746
0.580464 0.217985 0.462800 0.104046 0.270325 0.695623 1.021148 0.847115 0.683361 0.646046 0.798428 0.498622 0.777947 0.868488 0.139206 0.125115
0.352364 1.069416 0.750164 0.868134 0.717256 0.748474 0.559900 0.075313 0.939096 0.030569 0.444620 0.097986 0.850197 0.330336 0.887410 0.801593
0.387837 0.964849 0.789030 0.910740 0.688101 0.726329 0.586156 0.046793 0.792491 0.193147 0.440737 0.107298 0.818323 0.405125 0.799777 0.782518
0.392798 0.899575 0.750244 0.919752 0.719254 0.650188 0.545924 0.216634 0.811624 0.098630 0.447294 0.137611 0.830930 0.396368 0.861480 0.863001
0.368735 0.950542 0.696222 0.902404 0.768873 0.755918 0.547913 0.108026 0.787869 0.130553 0.460249 0.077150 0.884541 0.487207 0.741009 0.902193
0.248221 0.920105 0.820202 0.896786 0.752496 0.747062 0.675539 0.145120 0.918932 0.106356 0.421780 0.013644 0.816867 0.431467 0.807094 0.748879
0.389520 0.971054 0.774709 0.869180 0.708536 0.666755 0.626448 0.104213 0.835308 0.238799 0.388229 0.068805 0.850219 0.347105 0.783991 0.878429
0.344590 0.907952 0.822831 0.938456 0.758004 0.764221 0.558340 0.131732 0.833945 0.172632 0.436336 0.102915 0.827676 0.379682 0.848574 0.966117
0.363251 0.956289 0.628591 0.888009 0.756484 0.742407 0.502847 0.041547 0.767615 0.239408 0.593912 0.120088 0.807903 0.359402 0.847558 0.874693
0.344229 0.849285 0.730809 0.931584 0.779782 0.696816 0.500951 0.141249 0.828340 0.194237 0.471631 0.065700 0.905517 0.363641 0.812812 0.918327
0.309119 0.880342 0.717748 0.852149 0.772785 0.689825 0.615784 0.114412 0.878478 0.104078 0.316299 0.083891 0.835026 0.426204 0.837361 0.959075
0.296831 0.952172 0.797967 0.987281 0.738553 0.712241 0.566632 0.018419 0.852365 0.108467 0.396861 -0.012705 0.844841 0.442996 0.824461 0.868570
0.332213 0.929970 0.790957 0.871897 0.736700 0.770635 0.520889 0.083206 0.844411 0.080645 0.405832 0.043302 0.840540 0.424548 0.712984 0.970244
0.398827 0.902683 0.771250 0.898922 0.595915 0.644727 0.561558 0.080114 0.874828 0.218988 0.412040 0.041566 0.735890 0.254695 0.804550 0.802396
0.347657 1.060150 0.745199 0.845817 0.773158 0.791632 0.677363 0.077469 0.943075 0.136668 0.395866 0.067735 0.855702 0.478214 0.742219 0.869235
0.420681 1.033583 0.762403 0.751718 0.701231 0.679929 0.551606 0.040232 0.899483 0.210225 0.510353 0.144722 0.871034 0.372733 0.786815 0.918070
0.389954 1.016162 0.842970 0.876094 0.738744 0.716955 0.598065 0.121034 0.887053 0.145400 0.438574 0.119235 0.829775 0.369627 0.810431 0.867135
0.355775 1.057711 0.728539 0.972760 0.722401 0.762050 0.664780 0.132013 0.854991 0.169127 0.459584 0.061051 0.762813 0.347436 0.776440 0.791564
0.319022 1.001922 0.731702 0.848863 0.664789 0.731937 0.606212 0.131172 0.830907 0.143468 0.456581 0.087497 0.822335 0.383828 0.786689 0.962270
0.319606 0.910452 0.655228 0.923329 0.734252 0.724874 0.583263 0.044076 0.839603 0.229967 0.387373 0.082113 0.783905 0.409663 0.756285 0.832723
0.313947 1.012080 0.749083 0.829488 0.661626 0.661900 0.606865 0.140807 0.667164 0.181619 0.450032 -0.063698 0.888016 0.458634 0.785254 0.900542
0.333160 1.012301 0.828810 0.949357 0.733379 0.664156 0.655553 0.138006 0.859581 0.125241 0.445746 0.126922 0.793089 0.362299 0.762503 0.862979
0.375476 0.933750 0.780692 0.836127 0.708725 0.674905 0.547643 0.088730 0.929584 0.091444 0.477043 0.143422 0.818958 0.324505 0.857257 0.802301
0.352571 0.970534 0.831048 0.902989 0.786935 0.718982 0.608417 0.095542 0.831548 0.140007 0.394852 0.066043 0.808017 0.363186 0.820005 0.846283
0.444441 0.926720 0.856700 0.839369 0.737344 0.760086 0.576235 0.090395 0.796108 0.093472 0.402853 0.059880 0.852848 0.376116 0.775940 0.816735
0.381357 0.967422 0.851169 0.941207 0.718642 0.729721 0.520672 0.025417 0.832825 0.200173 0.468373 0.113334 0.822088 0.331296 0.770232 0.855448
0.357522 0.999904 0.750768 0.907359 0.732532 0.740587 0.642874 0.078170 0.867249 0.150068 0.564517 0.111641 0.754360 0.421197 0.809475 0.877141
0.347978 0.945530 0.783080 0.920331 0.656299 0.801871 0.592606 0.074897 0.771957 0.085202 0.362247 0.052459 0.878616 0.375093 0.787718 0.835853
0.380760 1.013772 0.799260 0.906044 0.765676 0.745390 0.562810 0.066441 0.827011 0.181723 0.316518 0.061346 0.794460 0.393031 0.878558 0.850036
0.240991 0.954830 0.789150 0.887313 0.842610 0.666858 0.504752 0.039688 0.855534 0.163136 0.461026 0.043005 0.844252 0.286191 0.779931 0.909697
0.366880 0.889698 0.771177 0.892495 0.776333 0.775206 0.528780 0.097636 0.842152 0.220757 0.458659 0.129350 0.800676 0.441323 0.819460 0.754550
0.460349 0.979553 0.698743 0.821823 0.776656 0.607484 0.499295 0.021773 0.920327 0.148243 0.361693 0.051184 0.859218 0.383350 0.784772 0.777947
0.245134 0.923181 0.863898 0.853246 0.656215 0.719177 0.601740 0.060195 0.873867 0.214966 0.407705 0.056085 0.791458 0.522867 0.786581 0.812168
0.316481 0.997090 0.706163 0.816744 0.758192 0.644244 0.627385 0.077874 0.874156 0.112163 0.427698 0.131905 0.803747 0.330121 0.709933 0.919911
0.253683 0.993958 0.705688 0.907901 0.685491 0.725087 0.676471 0.051155 0.917142 0.199783 0.386676 0.057346 0.801654 0.450052 0.784282 0.870611
0.417843 0.948528 0.761817 0.899318 0.775833 0.751957 0.603307 0.106564 0.796452 0.075531 0.358365 0.078967 0.794467 0.463977 0.744518 0.843266
0.331363 0.930834 0.814268 0.884276 0.705585 0.749943 0.660742 -0.014067 0.820778 0.203264 0.381147 0.099586 0.742262 0.368137 0.829039 0.754130
0.406316 0.959536 0.789295 0.925970 0.820698 0.724929 0.618254 0.053104 0.786064 0.207049 0.428604 0.123127 0.762004 0.472890 0.723130 0.943343
0.368001 0.999197 0.756193 0.865104 0.688485 0.774208 0.511423 0.086596 0.832232 0.187640 0.386927 0.022152 0.888902 0.390370 0.818375 0.876986
0.412565 0.978226 0.714783 0.958016 0.674914 0.708306 0.634736 0.084319 0.793117 0.151191 0.468521 0.098052 0.764377 0.428534 0.847792 0.811204
0.392540 1.011292 0.855133 0.917612 0.736490 0.788042 0.625559 0.036460 0.882856 0.223033 0.413386 0.040009 0.921420 0.432557 0.834207 0.861877
0.377533 0.953655 0.827571 0.895757 0.775687 0.740181 0.582108 0.073133 0.867159 0.101827 0.430746 0.130990 0.791206 0.443756 0.800631 0.815986
0.361117 0.983267 0.776766 0.915103 0.832645 0.627195 0.573112 0.054266 0.837180 0.107775 0.315492 0.118099 0.801721 0.332769 0.824770 0.904457
0.416371 0.995257 0.856108 0.968910 0.733968 0.674939 0.512627 0.064464 0.864432 0.174511 0.432545 0.168229 0.846089 0.279355 0.699059 0.927578
0.364802 0.993353 0.813527 0.860384 0.782001 0.819918 0.658541 0.099396 0.901751 0.173732 0.418458 0.112999 0.815186 0.293976 0.834392 0.786360
0.332051 0.905820 0.761393 0.912682 0.707759 0.607243 0.537536 0.064376 0.810522 0.201000 0.411558 -0.056144 0.841399 0.320608 0.764491 0.866204
0.310258 0.962281 0.723139 0.963665 0.761237 0.764709 0.574244 0.110079 0.793011 0.085170 0.399031 0.181526 0.828887 0.392049 0.735618 0.775120
0.317762 0.924778 0.841002 0.911403 0.790796 0.688733 0.587678 0.163455 0.795498 0.115799 0.408980 0.184138 0.850432 0.438974 0.778315 0.921838
0.361062 0.985931 0.714125 0.856441 0.729173 0.639600 0.578359 0.210894 0.803945 0.158778 0.344749 0.037104 0.682712 0.378863 0.770034 0.953870
0.313787 0.965852 0.771350 0.941958 0.750445 0.723485 0.575247 0.113970 0.951820 0.206511 0.434438 0.077283 0.834345 0.354607 0.720161 0.851587
0.454996 0.970263 0.764386 0.936783 0.767332 0.760198 0.631036 0.052415 0.862496 0.152303 0.554746 0.032505 0.834692 0.405831 0.813052 0.849113
0.354529 1.029999 0.767785 0.861614 0.832251 0.702122 0.701452 0.098255 0.810408 0.170813 0.371751 0.092769 0.744136 0.392917 0.797702 0.754853
0.405504 0.973935 0.706548 0.942806 0.827296 0.691261 0.580884 0.113291 0.832845 0.107720 0.461752 -0.011191 0.782754 0.300149 0.745146 0.759687
0.439597 0.958838 0.748389 0.931209 0.777488 0.708275 0.535046 0.120700 0.942989 0.136560 0.398342 0.036298 0.802036 0.395882 0.813013 0.921987
0.406701 0.977489 0.737999 0.962062 0.721659 0.656641 0.610840 0.107380 0.806015 0.211434 0.349293 0.067629 0.858414 0.297988 0.831735 0.842984
0.361334 1.056147 0.728898 0.946846 0.788887 0.734345 0.612888 0.058192 0.830990 0.049961 0.491262 0.093220 0.807534 0.347559 0.834024 0.909875
0.335431 0.926712 0.685885 0.945988 0.686590 0.770926 0.628576 0.103374 0.915558 0.028001 0.400999 0.051418 0.820356 0.363073 0.840077 0.866170
0.382908 0.992367 0.766944 0.970082 0.793378 0.742863 0.518180 0.098575 0.767275 0.208210 0.381124 -0.008227 0.800798 0.433727 0.759225 0.803760
0.338275 0.902459 0.792548 0.926986 0.837649 0.693631 0.682641 0.086592 0.812088 0.109262 0.420990 0.091145 0.907551 0.331752 0.894325 0.772681
0.412755 0.945730 0.772898 0.875220 0.756898 0.797966 0.601466 0.019635 0.884953 0.138050 0.399180 0.173899 0.795772 0.333094 0.798083 0.885375
0.324281 0.942621 0.740556 0.823702 0.758690 0.552490 0.582823 0.111676 0.869630 0.095704 0.371495 0.046637 0.784392 0.394787 0.812766 0.881812
0.326724 1.051078 0.737540 0.986627 0.776590 0.662622 0.538204 0.131170 0.831671 0.145051 0.368886 0.092011 0.748631 0.355975 0.777493 0.819613
0.408209 0.945241 0.806081 0.859624 0.750489 0.754430 0.631064 0.063302 0.894027 0.122138 0.469514 -0.000169 0.892355 0.362953 0.900943 0.788890
0.319984 0.915357 0.848961 0.869206 0.715923 0.755103 0.587783 0.057248 0.786937 0.259281 0.461385 0.035254 0.824220 0.414997 0.817382 0.913210
0.384957 0.954937 0.711147 0.946952 0.824311 0.743066 0.491998 0.058921 0.866415 0.142123 0.484082 0.051017 0.758292 0.318202 0.775543 0.829612
0.347322 1.033653 0.744179 0.859132 0.662662 0.577724 0.531339 0.094848 0.915089 0.132447 0.476281 0.139457 0.734278 0.364505 0.738707 0.811970
0.377283 1.026994 0.820029 0.873671 0.887295 0.737698 0.617227 0.106316 0.880826 0.136195 0.410568 0.124139 0.820427 0.349720 0.741645 0.799094
0.286824 0.969143 0.799280 0.981565 0.744698 0.657207 0.598435 0.117135 0.798549 0.126750 0.435269 0.092734 0.842442 0.376143 0.788353 0.771530
0.349725 0.935326 0.792903 0.907163 0.636746 0.694203 0.586051 0.083639 0.857136 0.112032 0.347466 0.079185 0.806322 0.354963 0.787842 0.956585
0.352845 0.986674 0.719848 0.937303 0.720634 0.682877 0.533422 0.177717 0.863812 0.171004 0.402243 0.030772 0.852561 0.433452 0.720772 0.929749
0.315987 0.943765 0.779977 0.955854 0.776398 0.647719 0.551827 0.059898 0.916501 0.162851 0.366261 0.094697 0.764065 0.416199 0.730179 0.811433
0.417381 0.952904 0.876614 0.918641 0.814450 0.669600 0.522750 0.093591 0.816675 0.158493 0.436831 0.150590 0.891753 0.422101 0.870532 0.858048
0.377345 1.007321 0.756775 0.919383 0.730200 0.721752 0.644616 0.004733 0.929056 0.238598 0.404650 0.069966 0.899504 0.381389 0.784587 0.924322
0.348919 0.996714 0.797887 0.890588 0.768905 0.702678 0.569741 0.139988 0.870131 0.099635 0.393569 0.113555 0.805638 0.372036 0.775016 0.907509
0.351475 1.040932 0.737991 0.937571 0.734190 0.815691 0.565906 0.026213 0.840263 0.203058 0.498599 0.120100 0.851680 0.258421 0.782815 0.808879
0.403203 0.877218 0.794770 0.829088 0.690492 0.675016 0.665962 0.050773 0.900342 0.227020 0.382611 0.060985 0.804236 0.350901 0.712399 0.894662
0.347505 1.025467 0.727661 0.901161 0.750562 0.672352 0.541386 0.019299 0.796792 0.157305 0.428069 0.107397 0.953039 0.393945 0.798427 0.863317
0.334757 1.013721 0.819255 0.817614 0.771380 0.734068 0.603712 0.035794 0.861005 0.079597 0.394510 0.082275 0.932276 0.366043 0.871130 0.892494
0.376954 1.013350 0.835828 0.865699 0.638549 0.726711 0.621210 0.058220 0.898511 0.128626 0.423507 0.061709 0.852590 0.357895 0.810320 0.935633
0.419591 1.004395 0.835697 0.965430 0.796036 0.768449 0.571336 0.016202 0.805275 0.071596 0.398088 0.049713 0.834330 0.380021 0.756103 0.733443
0.358514 1.011777 0.804605 0.925886 0.800059 0.638059 0.660316 0.035814 0.883672 0.171733 0.427763 0.102423 0.767262 0.359076 0.860670 0.974296
0.376339 0.967404 0.879004 0.937833 0.689145 0.650517 0.542487 0.133903 0.826141 0.195163 0.411207 0.084561 0.754343 0.303862 0.814450 0.856847
0.387152 0.937834 0.809608 0.841208 0.837127 0.695543 0.537662 0.092498 0.813051 0.215007 0.430647 0.119376 0.829842 0.423220 0.801040 0.832843
0.341432 0.933411 0.712999 0.889894 0.739604 0.729536 0.665075 0.078581 0.862296 0.261543 0.446354 -0.015164 0.827641 0.436401 0.819271 0.783330
0.468791 1.030659 0.760892 0.939974 0.709917 0.826531 0.646563 0.060810 0.883308 0.197452 0.411891 0.082307 0.835765 0.338816 0.810770 0.922308
0.377107 0.943238 0.700552 0.946487 0.820024 0.744672 0.524630 -0.039726 0.852606 0.111453 0.393460 0.062130 0.805980 0.356963 0.795224 0.909489
0.309544 0.961309 0.768681 0.935823 0.768938 0.691839 0.598095 0.081331 0.878888 0.199751 0.420874 0.080792 0.773361 0.384359 0.777243 0.804207
0.343248 0.858394 0.900655 0.939491 0.825488 0.713040 0.648083 0.078201 0.897984 0.161204 0.408225 0.060425 0.806198 0.331336 0.848537 0.815328
0.322659 1.013549 0.787276 0.940894 0.616417 0.672454 0.626004 0.085809 0.900296 0.125718 0.378439 0.056313 0.810425 0.394440 0.679027 0.859399
0.372205 0.997787 0.729154 0.779901 0.809943 0.717031 0.606774 0.034681 0.840675 0.103280 0.398976 0.099043 0.774247 0.371925 0.799035 0.815128
0.434208 0.961390 0.728123 0.887936 0.783152 0.653378 0.659247 -0.009224 0.858890 0.116285 0.532994 0.149935 0.804897 0.398126 0.892790 0.813707
0.443877 0.973813 0.779547 0.783087 0.727005 0.732507 0.552511 -0.002241 0.857782 0.220432 0.381987 0.006517 0.806130 0.359217 0.782439 0.885103
0.362981 0.917357 0.713746 0.817987 0.691289 0.738168 0.639949 0.115758 0.779296 0.218823 0.305641 0.114547 0.809143 0.407874 0.822494 0.870057
0.290632 0.899930 0.719275 0.847191 0.827670 0.637829 0.538630 0.029785 0.898967 0.131196 0.320391 0.158190 0.795898 0.313260 0.753526 0.896420
0.352180 0.872545 0.760936 0.817318 0.784099 0.686408 0.577363 0.089979 0.817869 0.240592 0.381642 0.051592 0.805417 0.434878 0.738197 0.908512
0.399442 0.928065 0.821753 0.955667 0.676240 0.661962 0.535704 0.091516 0.914178 0.192246 0.431753 0.083542 0.848500 0.355553 0.765808 0.760905
0.361485 0.910771 0.792832 0.935397 0.754659 0.748043 0.608626 0.110693 0.984533 0.281392 0.443538 0.032413 0.813240 0.254255 0.840505 0.864221
0.376100 1.044317 0.769303 0.899591 0.796457 0.771080 0.537198 0.180293 0.845133 0.181008 0.322939 0.116442 0.848229 0.421532 0.829346 0.912515
0.381481 0.962189 0.637608 0.886095 0.816288 0.786494 0.616634 0.191829 0.806005 0.187824 0.453698 0.061058 0.729132 0.275886 0.826303 0.787045
0.359185 0.972023 0.741776 0.840169 0.791817 0.622598 0.612638 0.079496 0.818844 0.233704 0.407184 0.174767 0.829405 0.397284 0.885649 0.817705
0.452606 0.968624 0.665867 0.838586 0.771089 0.747639 0.632835 0.018523 0.884280 0.225944 0.385403 0.004397 0.857441 0.465675 0.830006 0.820511
0.407203 0.938045 0.786851 0.947495 0.747402 0.704482 0.577115 0.063550 0.890424 0.085785 0.361816 0.094089 0.661957 0.387272 0.812359 0.751256
0.404219 0.943740 0.824964 0.847157 0.842646 0.829629 0.656406 0.056973 0.867960 0.134197 0.461091 0.048898 0.796786 0.305753 0.806339 0.873780
0.369199 0.942577 0.885529 0.887860 0.890708 0.709486 0.532039 0.136272 0.836722 0.083545 0.420163 0.057842 0.803232 0.410172 0.912617 0.887084
0.386670 0.924727 0.795296 0.801706 0.789147 0.793401 0.508218 0.102431 0.891764 0.149855 0.462868 0.059328 0.915872 0.375197 0.771763 0.798512
0.383080 0.988810 0.808015 0.795015 0.691950 0.690603 0.604848 0.071168 0.853114 0.101078 0.401877 0.083092 0.861409 0.353913 0.826178 0.893936
0.199979 1.027625 0.760442 0.889140 0.765401 0.784613 0.534806 0.035513 0.884485 0.196562 0.394481 0.147264 0.778184 0.315711 0.827452 0.935269
0.382312 0.904995 0.737036 0.895764 0.611083 0.620768 0.557987 0.074237 0.854868 0.151654 0.523601 0.128670 0.776481 0.357758 0.840113 0.875683
0.325933 0.980694 0.763521 0.845083 0.732294 0.626139 0.567553 0.106627 0.831645 0.165901 0.551153 0.117969 0.847585 0.361567 0.809053 0.972910
0.344726 1.023975 0.798058 0.894519 0.742641 0.698862 0.520898 0.132452 0.771331 0.152093 0.471579 0.047244 0.841935 0.277942 0.825982 0.835814
0.381458 0.982483 0.728934 0.794446 0.712618 0.682351 0.639703 0.113773 0.893100 0.091431 0.396430 0.028040 0.892407 0.341868 0.845633 0.871164
0.389933 0.931990 0.794743 0.990879 0.782861 0.744103 0.494298 -0.030584 0.866782 0.136206 0.388302 0.021918 0.806760 0.249026 0.726348 0.852841
0.339591 0.998637 0.794953 0.964128 0.799290 0.712063 0.561889 0.044004 0.773531 0.133787 0.371337 0.111589 0.832617 0.417868 0.783575 0.953489
0.412009 0.969030 0.859782 0.903815 0.784626 0.671222 0.547268 0.025646 0.836719 0.108280 0.469424 0.151777 0.797977 0.370967 0.823469 0.814958
0.342603 1.024031 0.812948 0.864215 0.809007 0.704075 0.594107 0.031507 0.842548 0.176128 0.438491 0.069159 0.857374 0.358732 0.875160 0.858684
0.313892 0.895128 0.806879 0.968903 0.767473 0.633077 0.635597 0.145899 0.793895 0.165115 0.494235 0.010738 0.813875 0.389408 0.806122 0.720323
0.346774 0.936729 0.777994 0.897284 0.832152 0.731558 0.523495 0.117014 0.942074 0.174180 0.388741 0.051942 0.806149 0.402004 0.808026 0.856931
0.411074 0.985289 0.794546 0.911504 0.670624 0.657914 0.589695 0.052916 0.849524 0.210029 0.367850 0.104272 0.861319 0.314059 0.897362 0.887416
0.416156 1.024536 0.751852 0.915465 0.776175 0.649921 0.588055 0.161378 0.807380 0.147058 0.408852 0.137566 0.875350 0.412595 0.895226 0.871744
0.374915 0.977052 0.798599 0.818920 0.685099 0.757494 0.602268 0.106627 0.821871 0.128765 0.560167 0.099825 0.831375 0.370798 0.772439 0.835686
0.353018 0.945920 0.733722 0.932922 0.699340 0.671085 0.572415 0.100334 0.811058 0.150944 0.382952 0.124222 0.806809 0.345741 0.841228 0.856096
0.351742 0.908976 0.732021 0.915258 0.692468 0.749767 0.613535 0.069349 0.799875 0.226254 0.475164 0.150543 0.833110 0.388336 0.769140 0.871422
0.385305 1.008130 0.740264 0.851600 0.704244 0.705580 0.727887 0.070205 0.789272 0.175588 0.429741 0.035676 0.760737 0.352714 0.787501 0.847780
0.368308 0.891570 0.863035 0.965109 0.736977 0.733590 0.563565 -0.019354 0.904557 0.207265 0.409893 0.084528 0.775988 0.387464 0.769290 0.922323
0.302464 0.985114 0.774500 0.824919 0.685654 0.644747 0.651200 0.182299 0.951650 0.140312 0.447925 0.072220 0.836533 0.283957 0.710492 0.779371
0.342698 0.893248 0.914165 0.838801 0.748692 0.781167 0.594034 0.109350 0.906261 0.228469 0.497395 -0.020143 0.839917 0.406367 0.846560 0.922933
0.342356 1.023348 0.710030 0.884945 0.634700 0.638147 0.553005 0.111819 0.831269 0.208805 0.434365 0.078713 0.733422 0.312494 0.822428 0.922703
0.355375 0.984729 0.784072 0.840805 0.800080 0.704020 0.623534 0.042970 0.829528 0.109427 0.414546 0.060065 0.836136 0.351420 0.754197 0.875814
0.305459 1.017561 0.757980 0.960615 0.724231 0.631610 0.553420 0.072327 0.916528 0.154473 0.497120 0.145862 0.891354 0.452586 0.724166 0.801995
0.362554 0.889688 0.766507 0.731656 0.679756 0.731277 0.644141 0.105004 0.743783 0.045912 0.480938 0.125754 0.832028 0.428982 0.760540 0.790018
0.327844 0.924972 0.751192 0.788688 0.716780 0.698872 0.500200 0.073099 0.777479 0.216561 0.472046 0.043148 0.853184 0.434943 0.832443 0.792489
0.357997 1.041793 0.791503 0.921173 0.752511 0.705497 0.621809 0.119976 0.887749 0.126640 0.393096 0.087595 0.852671 0.391396 0.708550 0.872626
0.374526 1.071779 0.720721 0.824222 0.734966 0.654908 0.475353 0.068738 0.850242 0.104952 0.477546 0.053319 0.788645 0.338052 0.771752 0.890566
0.394884 1.002835 0.731580 0.873845 0.733528 0.680597 0.565981 0.196745 0.851329 0.168195 0.386190 0.037556 0.845579 0.277093 0.811642 0.936488
0.400843 0.949434 0.716667 0.951260 0.709925 0.805439 0.572808 0.047668 0.771944 0.135408 0.349404 0.064199 0.823399 0.379758 0.852662 0.728385
0.285671 1.126727 0.819578 0.941638 0.785145 0.657850 0.499973 0.046782 0.896586 0.137503 0.407566 0.081933 0.786678 0.337867 0.829564 0.843976
0.229831 0.936683 0.774312 0.913775 0.773094 0.651802 0.570329 0.149203 0.808221 0.133138 0.521674 0.061282 0.771143 0.367893 0.745643 0.900558
0.344349 1.034521 0.728902 0.963748 0.802836 0.701292 0.611952 0.080240 0.863095 0.121600 0.360780 0.038587 0.787854 0.313216 0.790163 0.953909
0.364690 0.926866 0.750455 0.949194 0.680483 0.655597 0.514019 0.058636 0.887075 0.116641 0.445134 0.044625 0.855799 0.408141 0.803256 0.890493
0.300300 0.989905 0.743488 0.839587 0.787161 0.717356 0.526961 0.026991 0.761044 0.175587 0.401450 0.131248 0.824307 0.398010 0.903881 0.860330
0.363583 0.960382 0.737538 0.923261 0.772076 0.731484 0.622053 0.063886 0.859453 0.207352 0.411806 0.120595 0.837382 0.246366 0.847195 0.921573
0.466139 0.967162 0.851735 0.916766 0.651665 0.672337 0.608132 0.060007 0.892880 0.277794 0.428202 0.052868 0.738756 0.250463 0.733880 0.860205
0.317929 0.929999 0.678152 0.873600 0.721299 0.734457 0.630466 0.102874 0.845689 0.142947 0.293469 -0.006440 0.825568 0.454892 0.791181 0.887384
0.359435 1.058398 0.785299 0.843657 0.706641 0.709126 0.562933 0.099785 0.839281 0.210770 0.545976 -0.008565 0.824785 0.347119 0.762133 0.782405
0.359661 0.860723 0.736479 0.820896 0.764955 0.592178 0.652703 0.050905 0.833869 0.137860 0.456749 0.079379 0.752858 0.375242 0.702293 0.915828
0.332127 1.017022 0.800464 0.911625 0.732807 0.785526 0.475247 0.090260 0.943362 0.121744 0.332496 0.013857 0.879764 0.456365 0.811635 0.827825
0.363395 1.034061 0.709604 0.920978 0.672372 0.763655 0.563812 0.067277 0.822718 0.191346 0.440668 0.020557 0.846234 0.459872 0.771638 0.867592
0.424030 1.014584 0.736309 0.854811 0.703897 0.765011 0.569643 0.059103 0.882061 0.228460 0.467049 0.178594 0.846975 0.369497 0.844842 0.866002
0.343586 1.008195 0.782332 0.913832 0.728982 0.670625 0.535856 0.014996 0.852804 0.177712 0.339806 0.046050 0.905635 0.352799 0.828198 0.890555
0.377879 1.046026 0.825681 1.013517 0.644406 0.833142 0.577605 0.110988 0.940997 0.106298 0.464340 0.116875 0.746272 0.324211 0.848058 0.811356
0.305436 0.974480 0.820404 0.908876 0.712096 0.749238 0.562724 0.109767 0.848997 0.086185 0.370169 0.085087 0.776453 0.411032 0.765780 0.796849
0.401896 0.924913 0.788719 0.802496 0.784122 0.764269 0.615427 0.039299 0.788982 0.244711 0.453717 0.142580 0.783191 0.323930 0.910877 0.858123
0.348805 0.884100 0.777842 0.830852 0.845961 0.738948 0.626576 0.007508 0.906177 0.129665 0.368798 0.151370 0.843585 0.294335 0.760974 0.866969
0.391115 0.985540 0.783180 0.982305 0.789163 0.715768 0.459413 0.031552 0.808735 0.201632 0.310147 0.120247 0.780051 0.504794 0.763711 0.850002
0.326971 0.980397 0.770225 0.759155 0.773943 0.702617 0.625172 0.146466 0.805465 0.094651 0.536157 0.117214 0.815794 0.358582 0.873437 0.789235
0.308144 0.967743 0.850262 0.887270 0.720282 0.707606 0.632456 0.075813 0.950897 0.208257 0.441955 0.086004 0.786955 0.323960 0.903562 0.875432
0.377462 0.901802 0.712541 0.846862 0.723198 0.701954 0.520814 0.167992 0.863843 0.131067 0.339183 -0.024296 0.833038 0.322276 0.772720 0.867294
0.465504 1.025449 0.772583 0.993632 0.732608 0.734016 0.581489 -0.028875 0.755351 0.133570 0.393613 0.038859 0.909836 0.334959 0.744128 0.866313
0.345145 0.865958 0.769213 0.896408 0.751069 0.753842 0.593791 -0.010420 0.827808 0.144212 0.405926 0.122522 0.844514 0.420707 0.848010 0.839387
0.459845 0.967562 0.714531 0.820948 0.816057 0.715171 0.640531 0.160684 0.753543 0.272848 0.398854 0.052419 0.803797 0.348199 0.899951 0.934441
0.387922 1.015748 0.787134 0.935693 0.857951 0.684285 0.573355 0.022397 0.893826 0.131689 0.486961 0.056497 0.851410 0.385078 0.892149 0.803216
0.389337 0.938044 0.815246 0.773135 0.763558 0.753579 0.650894 0.135074 0.876939 0.070376 0.527109 0.032209 0.909554 0.362399 0.809976 0.875672
0.457515 0.934296 0.713626 0.888537 0.705356 0.711780 0.517559 0.083012 0.866077 0.119866 0.433114 0.026496 0.820930 0.339851 0.801047 0.879739
0.397309 0.973097 0.799037 0.921847 0.661712 0.730221 0.565122 0.123225 0.780641 0.147904 0.432794 0.104276 0.863380 0.390247 0.835006 0.839250
0.259137 0.979047 0.795199 0.811695 0.699979 0.692062 0.644088 0.047907 0.769078 0.195089 0.474059 0.062619 0.840445 0.445005 0.761572 0.853997
0.351368 0.903659 0.742350 0.833064 0.743801 0.779838 0.559705 0.065783 0.881175 0.117002 0.392956 0.155846 0.863241 0.393846 0.728139 0.872118
0.350171 0.944428 0.654664 0.860033 0.735728 0.741374 0.549040 0.029032 0.847220 0.176742 0.367975 0.044755 0.789883 0.440271 0.790108 0.858116
0.318994 0.874215 0.762080 0.982740 0.735047 0.674854 0.569829 0.164834 0.933386 0.157637 0.374020 0.080155 0.808258 0.316982 0.848455 0.866879
0.396963 0.979303 0.790802 0.835949 0.706697 0.709867 0.622128 0.184357 0.929765 0.227163 0.495754 0.165148 0.734143 0.322889 0.728566 0.942371
0.362858 0.947980 0.761397 0.878331 0.821230 0.801616 0.512172 0.098191 0.785314 0.143246 0.392037 0.116936 0.757234 0.450908 0.817046 0.880711
0.375453 0.939250 0.779496 0.891411 0.775228 0.766961 0.569170 0.127219 0.921225 0.159031 0.454079 -0.007993 0.823798 0.340740 0.797069 0.851504
0.455455 0.939074 0.778869 0.889473 0.816464 0.667200 0.622422 0.088367 0.879309 0.144960 0.518328 0.159288 0.870670 0.402633 0.733931 0.898899
0.392311 1.010106 0.675582 0.901965 0.735152 0.684872 0.592452 0.074401 0.893253 0.198536 0.458247 0.063061 0.792904 0.386731 0.859222 0.840666
0.374464 0.891587 0.858472 0.769432 0.734439 0.729090 0.605961 0.138140 0.818996 0.153396 0.411524 -0.060228 0.743013 0.341320 0.791930 0.817454
0.460538 0.923872 0.789095 0.854107 0.807724 0.719965 0.680782 0.130242 0.890112 0.230109 0.415735 0.108140 0.867816 0.382129 0.810814 0.855385
0.307446 0.966968 0.711272 0.878327 0.771027 0.643240 0.625327 0.079209 0.936570 0.200434 0.428041 0.038794 0.807957 0.328508 0.766429 0.841769
0.403167 0.986635 0.788714 0.956818 0.716201 0.817159 0.609718 0.080832 0.870909 0.234124 0.427661 0.054128 0.803439 0.306970 0.863233 0.855151
0.362683 1.039109 0.772771 0.881184 0.751047 0.688152 0.581070 0.081793 0.785606 0.156280 0.407666 0.116680 0.921654 0.399082 0.703098 0.863530
0.437970 0.976957 0.762088 0.931120 0.792594 0.673879 0.505662 0.064114 0.926051 0.129921 0.442168 0.061563 0.822271 0.344805 0.827721 0.876027
0.358626 0.983041 0.796488 0.793974 0.859494 0.688651 0.521016 0.147373 0.967186 0.095064 0.421645 0.183954 0.863246 0.383474 0.770002 0.917205
0.445205 1.025400 0.809747 0.855791 0.794433 0.745747 0.608157 0.063604 0.862977 0.153743 0.505421 0.141777 0.796111 0.345077 0.815032 0.812875
0.263810 0.931806 0.773093 1.054540 0.737864 0.783525 0.594300 0.007863 0.808472 0.197981 0.408871 0.084533 0.839316 0.363289 0.847069 0.858387
0.300872 0.934330 0.817152 0.929909 0.819250 0.807867 0.606052 0.047776 0.859621 0.120266 0.448724 0.031503 0.850822 0.336591 0.734327 0.870934
0.352945 0.966213 0.826583 0.807819 0.824213 0.734604 0.589329 0.114950 0.876770 0.225535 0.420528 0.090524 0.828896 0.365518 0.808488 0.921194
0.439781 1.016893 0.743631 0.946732 0.803938 0.691059 0.635438 0.067888 0.942813 0.135373 0.436030 0.157837 0.880008 0.343608 0.766404 0.912074
0.413868 0.919396 0.742863 0.936553 0.740424 0.628013 0.629688 0.004419 0.843236 0.154491 0.401403 0.092991 0.764395 0.354414 0.833013 0.918278
0.375562 0.915882 0.736927 0.900395 0.803079 0.651244 0.638550 0.079153 0.764009 0.105960 0.418610 0.071601 0.800835 0.286251 0.798183 0.819185
0.352484 0.968758 0.774316 0.787950 0.771780 0.711098 0.530940 0.108750 0.861190 0.160266 0.434891 0.089589 0.806008 0.319095 0.855863 0.774631
0.258684 0.918987 0.725576 0.858503 0.752166 0.678917 0.598394 0.076122 0.935846 0.179947 0.349032 0.008076 0.742350 0.413915 0.701120 0.846851
0.378772 0.859797 0.780375 0.864190 0.812270 0.642548 0.587177 0.082726 0.825638 0.156869 0.456193 0.030881 0.851410 0.343098 0.772243 0.814078
0.359795 0.981436 0.769952 0.808613 0.757614 0.675085 0.627074 -0.038197 0.786654 0.160458 0.324925 -0.063644 0.792982 0.369988 0.801812 0.809226
0.290242 0.999885 0.744037 0.894428 0.818499 0.783739 0.524184 0.126554 0.791668 0.124899 0.431089 0.065842 0.914386 0.355984 0.841945 0.889124
0.292332 0.985998 0.755643 0.915172 0.678054 0.742403 0.586763 0.052408 0.829139 0.086382 0.433804 0.081435 0.884142 0.375668 0.869995 0.850147
0.307732 0.985963 0.735106 0.839022 0.699926 0.668667 0.522185 0.144040 0.783173 0.194895 0.445492 0.105041 0.858448 0.420742 0.897654 0.873559
0.364517 1.032472 0.746912 0.947408 0.674731 0.632845 0.680189 0.015603 0.776634 0.136831 0.429007 0.040231 0.861263 0.309988 0.897702 0.914089
0.408787 0.933978 0.790515 0.858286 0.764377 0.729834 0.501290 0.125069 0.831522 0.138617 0.484410 0.014013 0.827608 0.423491 0.807874 0.852671
0.367630 0.926315 0.726761 0.817245 0.828493 0.832721 0.541264 0.001050 0.869179 0.148813 0.434529 0.129827 0.825577 0.396963 0.784194 0.974433
0.459898 0.959873 0.773383 0.912740 0.734086 0.716816 0.489816 0.115154 0.860960 0.157722 0.474288 0.011708 0.885990 0.338613 0.848220 0.907633
0.322009 0.929505 0.760385 0.859065 0.730994 0.778121 0.669316 0.083680 0.823573 0.070423 0.412548 0.125501 0.847357 0.321682 0.828035 0.832142
0.430338 1.018725 0.723825 0.902641 0.833164 0.744463 0.638863 0.021829 0.878623 0.116821 0.456987 0.023125 0.779455 0.335385 0.831531 0.846453
0.397169 1.026922 0.778004 0.974607 0.745653 0.721185 0.598021 0.045455 0.831505 0.180709 0.587310 0.108582 0.778979 0.414683 0.751220 0.873016
0.365232 1.019853 0.786949 0.841066 0.731470 0.697883 0.614872 0.097681 0.788281 0.164315 0.379928 0.125404 0.830181 0.382135 0.865237 0.909710
0.263396 0.966693 0.803560 0.829106 0.678613 0.782118 0.567439 0.034917 0.883509 0.251477 0.455722 0.061313 0.866145 0.345664 0.905190 0.774999
0.427601 0.950530 0.765453 0.865081 0.697681 0.752764 0.592385 0.034677 0.856047 0.069130 0.427772 0.087656 0.779329 0.420286 0.707830 0.946564
0.370586 0.999135 0.744487 0.859598 0.681658 0.709039 0.673767 0.183853 0.908573 0.201893 0.473360 0.052857 0.827181 0.381222 0.768934 0.832485
0.395912 0.912857 0.817813 0.996108 0.767064 0.747231 0.575202 0.083594 0.836100 0.151862 0.362172 0.076522 0.790551 0.417114 0.879839 0.908993
0.289730 1.009154 0.781129 0.853022 0.690125 0.714780 0.601100 0.145424 0.777195 0.188897 0.387403 0.104484 0.773651 0.429730 0.852440 0.953054
0.348281 1.017083 0.786816 0.860713 0.705874 0.664474 0.594694 0.080931 0.893831 0.100737 0.505158 0.058544 0.855884 0.424517 0.833193 0.894478
0.339145 1.027334 0.727192 0.908094 0.812322 0.754055 0.635170 0.085466 0.861592 0.162423 0.396725 0.073559 0.810148 0.397856 0.822963 0.860118
0.338779 1.050493 0.739249 0.769858 0.707217 0.693972 0.550204 0.012251 0.922140 0.119397 0.425180 0.090409 0.876904 0.374908 0.757004 0.951498
0.350456 1.076515 0.672343 0.904137 0.801579 0.747156 0.620523 0.143297 0.900340 0.124049 0.491281 0.020469 0.891983 0.393062 0.870424 0.837131
0.344478 0.887257 0.812503 0.941654 0.783072 0.720473 0.579844 0.080479 0.827977 0.080879 0.441177 -0.020621 0.792253 0.469251 0.769532 0.892707
0.447085 0.969785 0.748367 0.832102 0.775487 0.728323 0.527770 0.103123 0.765101 0.169894 0.525060 0.002926 0.710167 0.443503 0.767408 0.897699
0.367182 0.894848 0.850301 0.948441 0.680366 0.793555 0.627082 0.059850 0.767868 0.163391 0.487445 0.138595 0.774735 0.438302 0.725990 0.906742
0.293781 0.999342 0.684116 0.881851 0.715423 0.677417 0.488221 0.104355 0.856843 0.138968 0.437422 0.059246 0.875178 0.335137 0.727174 0.813781
0.400961 1.021565 0.795149 0.925400 0.735768 0.708227 0.573849 0.061776 0.822026 0.194627 0.412035 0.093221 0.804903 0.335540 0.708338 0.894740
0.324241 1.011155 0.774805 0.907816 0.741154 0.740027 0.674018 0.107158 0.841280 0.149715 0.501068 0.073615 0.840879 0.403309 0.831433 0.818350
0.310231 1.024185 0.700019 0.869924 0.764041 0.725972 0.674234 0.094142 0.849795 0.155785 0.470563 0.039022 0.894663 0.361003 0.898001 0.815627
0.353169 0.955088 0.794168 0.861519 0.756179 0.792215 0.518868 0.027197 0.836693 0.154542 0.346400 0.051404 0.761132 0.416576 0.824748 0.949093
0.391626 0.831286 0.754444 0.811349 0.713229 0.724126 0.587805 0.089085 0.854225 0.077658 0.419992 0.081896 0.793690 0.257834 0.821837 0.795556
0.374035 0.968908 0.735897 0.898060 0.768736 0.746020 0.500513 0.097045 0.871188 0.121741 0.465842 0.083379 0.816392 0.395702 0.817517 0.934801
0.343435 0.928926 0.812294 0.848589 0.703994 0.705838 0.588312 0.015054 0.859875 0.133503 0.478769 0.041228 0.772033 0.363183 0.804106 0.926104
0.288338 0.886035 0.725875 0.923075 0.745017 0.713330 0.617441 0.095722 0.899053 0.202336 0.502453 0.123111 0.850357 0.367172 0.807659 0.901752
0.375176 0.976001 0.815045 0.818805 0.737629 0.691937 0.649030 0.154199 0.811887 0.090452 0.425720 0.060479 0.925342 0.386033 0.758729 0.840239
0.279777 0.951293 0.725430 0.871799 0.770148 0.698770 0.573616 0.140829 0.893732 0.213061 0.451123 0.060131 0.788299 0.367778 0.782134 0.754352
0.439974 0.965414 0.752096 0.882412 0.705959 0.785827 0.569446 0.111245 0.892916 0.122457 0.399348 0.074490 0.779478 0.334712 0.780193 0.877249
0.329783 0.869522 0.770917 0.876717 0.741577 0.659227 0.562773 0.015850 0.969784 0.209704 0.443639 0.103959 0.817764 0.427731 0.844365 0.875797
0.386106 1.008449 0.784206 0.959291 0.807953 0.727205 0.576065 0.011543 0.837925 0.172171 0.392454 -0.008878 0.764033 0.366922 0.927033 0.850154
0.292403 0.994715 0.767539 0.805191 0.764000 0.616866 0.524523 0.059749 0.887594 0.059038 0.414753 0.182613 0.899727 0.344854 0.743051 0.843226
0.347748 0.885449 0.756545 0.862704 0.716545 0.695622 0.554720 0.095282 0.812710 0.147396 0.522961 0.014894 0.771830 0.356383 0.789287 0.868714
0.203498 1.002255 0.679345 0.862969 0.730528 0.684411 0.553147 0.096106 0.881097 0.187388 0.478416 0.007356 0.776292 0.335548 0.813187 0.873436
0.377078 0.891921 0.718368 0.854610 0.750696 0.703946 0.615384 0.162434 0.797277 0.209326 0.345948 0.078283 0.750559 0.385530 0.762885 0.961506
0.399580 0.911121 0.710818 0.971436 0.788607 0.698397 0.509991 0.058209 0.812097 0.108050 0.459636 0.092193 0.824147 0.321194 0.840710 0.860014
0.347819 0.977593 0.765729 0.861687 0.759251 0.805116 0.577105 0.157874 0.799446 0.140972 0.483071 0.035606 0.860017 0.378899 0.841759 0.810690
0.331615 0.890365 0.767982 0.906717 0.825811 0.692121 0.583496 0.077464 0.929692 0.231636 0.413792 0.101585 0.786257 0.407188 0.837074 0.851600
0.391326 0.945028 0.756601 0.914842 0.744834 0.694622 0.593746 0.159744 0.880985 0.116431 0.406148 0.034000 0.819910 0.272360 0.865375 0.937896
0.372988 0.940405 0.813179 0.892697 0.689964 0.575221 0.654059 0.101873 0.862122 0.136027 0.440852 0.060783 0.832018 0.299062 0.786281 0.923503
0.330040 0.916644 0.792362 0.976003 0.830522 0.713212 0.664646 0.084928 0.860753 0.090977 0.431179 0.071363 0.838695 0.343466 0.834371 0.893263
0.328285 0.999848 0.778774 0.932286 0.774783 0.748679 0.606543 0.075125 0.806817 0.238204 0.492299 0.030322 0.864965 0.364930 0.756828 0.858859
0.341679 1.033843 0.717423 0.890022 0.792005 0.704892 0.632281 0.033606 0.969643 0.055338 0.357914 0.080609 0.780313 0.248456 0.892784 0.935419
0.285806 0.927181 0.762780 0.876929 0.708551 0.708950 0.590873 0.023397 0.845148 0.148056 0.404855 0.099751 0.826003 0.411112 0.780096 0.877805
0.424753 0.984369 0.728571 0.820727 0.752783 0.763935 0.658085 0.110451 0.789773 0.127016 0.394029 0.083498 0.843009 0.277557 0.771479 0.860819
0.395093 1.010161 0.765123 0.867938 0.725106 0.780472 0.496110 0.014010 0.831006 0.167838 0.469759 0.046904 0.811513 0.396238 0.762712 0.879038
0.460893 0.928195 0.783378 0.807356 0.787268 0.739192 0.564043 0.159269 0.929055 0.191576 0.398850 0.093432 0.799927 0.344119 0.857164 0.805902
0.277316 0.990054 0.708972 0.796544 0.841163 0.745344 0.636605 0.115147 0.871483 0.156357 0.392841 0.117152 0.856710 0.294779 0.780142 0.933594
0.401574 0.986968 0.744248 0.861491 0.702800 0.678460 0.560126 0.022104 0.895725 0.112024 0.401060 0.062511 0.833637 0.337243 0.889438 0.808911
0.312370 0.895754 0.778500 0.921485 0.755013 0.814176 0.592454 0.060080 0.843184 0.119924 0.443835 0.063735 0.791332 0.403138 0.772561 0.822437
0.348712 0.997273 0.824901 0.875531 0.701753 0.726964 0.602632 0.037857 0.903332 0.152614 0.500243 0.079186 0.920403 0.295391 0.838370 0.971701
0.375365 0.881920 0.664943 0.765216 0.723481 0.738811 0.691021 0.106885 0.802271 0.160385 0.444923 0.110041 0.808308 0.357041 0.804891 0.851552
0.278486 0.921616 0.653528 0.952289 0.767843 0.725308 0.603401 0.094600 0.777758 0.189367 0.379865 0.108681 0.882561 0.481473 0.855327 0.876461
0.401128 0.915309 0.774597 0.862890 0.754381 0.709706 0.479564 0.107141 0.819973 0.132078 0.408011 0.062343 0.809132 0.330073 0.768616 0.842093
0.339337 0.962199 0.823264 1.016156 0.746614 0.742363 0.592395 0.078453 0.827900 0.278186 0.443555 0.101731 0.856843 0.378298 0.789428 0.876797
0.415982 0.963433 0.695917 0.884064 0.698984 0.712576 0.650588 0.009382 0.786544 0.172895 0.434427 0.021012 0.857097 0.291644 0.771374 0.824694
0.444459 0.931622 0.753383 0.919106 0.778889 0.790675 0.583895 0.091545 0.842344 0.150033 0.418643 0.249310 0.745833 0.312778 0.751731 0.809881
0.281328 0.879967 0.737059 0.987296 0.725929 0.790919 0.605738 0.112528 0.866107 0.129071 0.403254 0.123178 0.888340 0.400131 0.829341 0.865260
0.274061 0.970045 0.742301 0.881186 0.780969 0.787073 0.606595 0.074355 0.873222 0.202155 0.472711 0.075943 0.878901 0.419429 0.848013 0.917705
0.356688 1.021876 0.847876 0.882762 0.725331 0.721248 0.614583 0.106829 0.889262 0.269330 0.381056 0.113488 0.817238 0.268256 0.768691 0.838041
0.425342 1.108018 0.841572 0.940206 0.787205 0.677986 0.631052 0.092591 0.954891 0.144065 0.390302 0.062927 0.776223 0.410361 0.806487 0.877254
0.287245 0.980378 0.795682 0.868111 0.724406 0.643938 0.594717 0.016171 0.862495 0.143126 0.409653 0.033435 0.819521 0.351035 0.898520 0.926256
0.273064 1.026122 0.873880 0.921871 0.903764 0.724518 0.652631 0.078273 0.761763 0.290179 0.313488 0.072072 0.854464 0.435465 0.794835 0.901228
0.367067 0.982972 0.729153 0.881749 0.723874 0.720765 0.553548 0.074213 0.920475 0.140691 0.483390 0.062848 0.859500 0.349408 0.861389 0.924247
0.401409 0.983121 0.752412 0.860252 0.749196 0.770841 0.562292 0.118011 0.833491 0.180635 0.440790 0.160019 0.834041 0.342534 0.881634 0.928875
0.347747 0.928337 0.791363 0.927397 0.789330 0.690385 0.553090 0.057518 0.780109 0.114607 0.406954 0.046808 0.830871 0.462795 0.839572 0.913441
0.335620 0.959554 0.780860 0.872099 0.799064 0.690994 0.612942 0.016872 0.851667 0.115805 0.366423 0.058921 0.810329 0.408366 0.858782 0.801163
0.300435 0.932502 0.714727 0.879114 0.814221 0.761756 0.614250 0.148078 0.865048 0.061219 0.387670 -0.036976 0.776267 0.394933 0.754327 0.848579
0.409031 0.978366 0.694910 0.849617 0.707607 0.662556 0.592229 0.096407 0.904956 0.161275 0.406128 0.055333 0.760731 0.416024 0.822715 0.843701
0.432324 0.945451 0.807906 0.851500 0.689460 0.739230 0.595185 0.089807 0.863477 0.244037 0.357868 0.065817 0.856160 0.423114 0.805788 0.808765
0.310185 0.912154 0.704183 0.866222 0.783939 0.657391 0.643494 0.108228 0.883411 0.121956 0.360114 0.075953 0.891866 0.397446 0.805524 0.879824
0.298791 1.061686 0.763295 0.794604 0.856034 0.652200 0.524638 0.081242 0.887978 0.131244 0.470101 0.006497 0.850344 0.295145 0.773411 0.876834
0.297039 1.061457 0.744843 0.942216 0.795162 0.675176 0.651544 0.078035 0.843444 0.211532 0.470568 0.044798 0.859371 0.365004 0.861388 0.789051
0.335073 0.982054 0.734524 0.907462 0.794458 0.700300 0.594034 0.051186 0.961874 0.197931 0.501123 0.079161 0.889314 0.332939 0.724521 0.837326
0.362569 0.923336 0.783330 0.897714 0.777768 0.776113 0.649286 0.070718 0.948871 0.193351 0.444522 0.051981 0.816070 0.368074 0.856902 0.848720
0.281841 1.046160 0.734835 0.958814 0.659937 0.731277 0.612049 0.098114 0.902807 0.204828 0.373820 0.021071 0.857814 0.396361 0.833816 0.918585
0.405328 0.954394 0.759981 0.920769 0.806489 0.706487 0.569691 0.111858 0.801648 0.183757 0.373373 -0.000369 0.810479 0.343341 0.803625 0.893231
0.331269 0.982456 0.775075 0.909360 0.783790 0.791314 0.633921 0.048085 0.858569 0.205951 0.493885 0.150819 0.895108 0.271196 0.842984 0.888627
0.324408 1.000264 0.699596 1.029603 0.832456 0.740522 0.524507 0.118751 0.882388 0.215500 0.393403 0.147966 0.824505 0.457471 0.699421 0.840603
0.348302 0.867422 0.772475 0.788085 0.766708 0.764506 0.606631 -0.027276 0.822857 0.177623 0.481448 0.048382 0.812309 0.380233 0.743143 0.879152
0.402272 0.888089 0.749322 0.834327 0.800067 0.685745 0.610158 0.134868 0.933142 0.117716 0.443948 0.005231 0.815495 0.290559 0.843271 0.907182
0.345862 0.934660 0.754249 0.843908 0.731807 0.677579 0.539711 0.037805 0.865249 0.199509 0.407466 0.056512 0.698962 0.375142 0.773604 0.854757
0.434085 0.954793 0.881044 0.985430 0.759112 0.773418 0.529157 0.094421 0.837534 0.177877 0.405837 -0.020685 0.750000 0.416741 0.895417 0.829734
0.400674 1.061554 0.749128 0.929331 0.755649 0.762202 0.660829 0.034299 0.844325 0.166446 0.441940 0.062387 0.803769 0.336972 0.822737 0.863297
0.346551 0.991892 0.740938 0.801694 0.817437 0.728676 0.595473 0.033559 0.847996 0.206867 0.471277 -0.065429 0.776734 0.364826 0.823275 0.831063
0.404005 0.979725 0.691912 0.916107 0.739537 0.703318 0.653549 0.045688 0.816163 0.109144 0.443598 0.028933 0.860916 0.346997 0.720975 0.883644
0.360515 0.941992 0.796106 0.892636 0.676007 0.732177 0.663162 -0.010440 0.857483 0.154663 0.409583 0.073682 0.877309 0.369261 0.776215 0.829808
0.335367 1.010923 0.800460 0.940954 0.681347 0.688328 0.583921 0.055492 0.768717 0.065322 0.389365 0.037764 0.775760 0.377779 0.839522 0.831007
0.448301 0.934736 0.761236 0.998120 0.745087 0.694524 0.534919 0.038886 0.806569 0.234322 0.381172 0.085244 0.878182 0.430737 0.824999 0.810904
0.351906 0.940474 0.709682 0.905001 0.718314 0.745552 0.552664 0.102098 0.777538 0.155817 0.422266 0.106386 0.842010 0.290639 0.726034 0.902346
0.495397 0.964637 0.874566 0.842148 0.803708 0.711854 0.607789 -0.016159 0.866591 0.191834 0.452820 -0.015761 0.830466 0.409039 0.876604 0.889888
0.381802 0.968307 0.788775 0.866702 0.691366 0.805457 0.571561 0.085937 0.877640 0.167125 0.518414 0.124993 0.835786 0.402530 0.849452 0.811984
0.281317 1.016162 0.816383 0.897624 0.759045 0.717017 0.557853 0.080875 0.851155 0.114102 0.353225 0.131446 0.840809 0.300389 0.704448 0.885101
0.325906 0.987145 0.833587 0.906717 0.662261 0.761326 0.540983 0.034807 0.837191 0.192907 0.546950 0.009057 0.864692 0.366924 0.767297 0.915833
0.277895 0.924443 0.784191 0.933411 0.752476 0.751770 0.589196 0.083282 0.841641 0.148675 0.412139 0.110691 0.754094 0.404926 0.806260 0.834598
0.385007 0.966745 0.803017 0.889574 0.817042 0.640317 0.504230 0.096376 0.909863 0.157334 0.400463 0.068483 0.804925 0.331598 0.772719 0.849049
0.358082 0.915688 0.787259 0.896199 0.721498 0.725341 0.586466 -0.027912 0.803282 0.169204 0.410437 0.041699 0.795671 0.447182 0.804618 0.862923
0.427216 0.949151 0.789606 0.898713 0.827088 0.676964 0.604305 0.098815 0.804286 0.095133 0.440812 0.042092 0.883429 0.399224 0.801716 0.911018
0.395378 0.857666 0.797486 0.825164 0.701057 0.756634 0.539524 0.051499 0.877194 0.116348 0.524586 0.002218 0.770077 0.331743 0.860307 0.806907
0.447292 0.985196 0.819361 0.903331 0.775595 0.716848 0.619791 0.063714 0.847753 0.000736 0.503007 0.102845 0.855616 0.404358 0.733557 0.904450
0.314417 0.982954 0.813906 0.926818 0.802301 0.721303 0.607939 0.142388 0.748992 0.231313 0.406160 0.091994 0.786332 0.303778 0.803152 0.825608
0.391575 0.916070 0.765566 0.954321 0.736417 0.653428 0.577487 0.011135 0.873497 0.157026 0.500263 0.097655 0.810633 0.297570 0.774065 0.952308
0.295707 0.831854 0.806637 0.911582 0.547969 0.688739 0.576616 0.060446 0.873672 0.154226 0.441216 0.133086 0.828920 0.340156 0.830704 0.843833
0.316818 0.948529 0.749689 0.825449 0.709454 0.660252 0.517757 0.044950 0.878829 0.169952 0.360691 0.093278 0.866751 0.354409 0.793446 0.818099
0.410461 0.963948 0.823946 0.826626 0.719804 0.700770 0.591864 0.070388 0.780342 0.108558 0.422772 0.102259 0.863664 0.333985 0.695912 0.869303
0.309180 0.998314 0.707138 0.967273 0.779093 0.758454 0.481409 0.103226 0.861281 0.165724 0.499967 0.109682 0.788515 0.311449 0.840299 0.910470
0.343176 0.966216 0.782433 0.823566 0.737368 0.696890 0.570862 0.048294 0.803542 0.105777 0.401112 0.053787 0.918496 0.369236 0.868035 0.878084
0.386329 0.886425 0.774263 0.914221 0.704667 0.807334 0.583296 0.092894 0.764279 0.183189 0.401113 0.006914 0.879092 0.331526 0.775235 0.890426
0.398745 0.969618 0.795619 0.867814 0.719400 0.658002 0.539149 0.095049 0.906005 0.075940 0.402518 -0.011183 0.866124 0.381652 0.831317 0.857068
0.385431 0.932668 0.786258 0.951737 0.790100 0.707882 0.597527 0.150809 0.785530 0.135959 0.410796 0.040625 0.791891 0.438757 0.836082 0.879852
0.354265 0.936487 0.736928 0.937219 0.788595 0.705763 0.513062 0.120387 0.812163 0.239062 0.426643 -0.058816 0.833591 0.418892 0.842278 0.841851
0.293148 0.981761 0.712920 0.874354 0.793534 0.746121 0.579668 0.166568 0.839826 0.127227 0.483303 0.030033 0.862377 0.336070 0.849245 0.788443
0.372357 0.965610 0.806486 0.877310 0.747805 0.676003 0.548332 0.063711 0.945298 0.190694 0.339215 0.140464 0.820967 0.350812 0.862399 0.853845
0.384133 0.920159 0.794414 0.786994 0.800029 0.759732 0.578575 0.081722 0.840301 0.200548 0.504826 0.106998 0.765692 0.288547 0.801943 0.872298
0.312222 0.922048 0.803101 0.872147 0.773321 0.794417 0.652053 -0.005156 0.727200 0.163144 0.466736 -0.051499 0.766657 0.287675 0.772952 0.863938
0.317813 0.929956 0.862734 0.889304 0.754320 0.728548 0.541507 -0.039353 0.866172 0.169334 0.313507 0.038080 0.814594 0.339611 0.858025 0.889933
0.375152 0.988505 0.788653 0.933179 0.739061 0.681502 0.517043 0.112256 0.796831 0.110366 0.420148 0.064032 0.804405 0.298308 0.794132 0.847732
0.299950 0.925188 0.804154 0.916695 0.771502 0.726442 0.635278 0.034396 0.953295 0.140505 0.429386 0.037833 0.838035 0.459565 0.886346 0.990514
0.401064 0.945827 0.824889 0.801107 0.801723 0.745031 0.625165 0.132112 0.837894 0.077652 0.415797 0.081653 0.878310 0.398130 0.792175 0.848409
0.421036 0.943177 0.679491 0.913774 0.747225 0.686128 0.618587 0.058363 0.884970 0.239201 0.464810 -0.025535 0.822456 0.373115 0.928619 0.848229
0.347675 0.888188 0.800064 1.009658 0.839874 0.789748 0.647119 0.083545 0.850020 0.188384 0.392755 0.140160 0.826921 0.405870 0.791083 0.820667
0.357096 0.888149 0.800846 0.989860 0.816775 0.775122 0.631761 0.107864 0.890126 0.188203 0.357140 -0.037503 0.854264 0.322384 0.774503 0.905263
0.440690 0.960054 0.748207 0.890881 0.749330 0.735524 0.613068 -0.020757 0.820854 0.129968 0.413462 0.015537 0.687707 0.334903 0.739790 0.861780
0.312086 0.956612 0.757729 0.809933 0.770720 0.707736 0.521190 -0.003124 0.829297 0.163409 0.484553 0.082972 0.864690 0.397027 0.813589 0.794258
0.320859 0.967716 0.803110 0.991343 0.746431 0.637125 0.499614 0.164845 0.861033 0.295847 0.376175 0.108361 0.840919 0.345594 0.845528 0.820222
0.337318 0.931971 0.772264 0.870456 0.671444 0.705577 0.578057 0.100013 0.876531 0.132756 0.415372 0.136338 0.705721 0.377161 0.756156 0.887638
0.405738 1.028504 0.654044 0.940409 0.766637 0.820802 0.639311 0.166055 0.891367 0.102844 0.381991 0.171276 0.899519 0.369244 0.833255 0.953317
0.394740 0.988765 0.810725 0.901728 0.781943 0.718528 0.678383 0.053328 0.868996 0.141290 0.399324 0.065654 0.905757 0.302071 0.787907 0.827235
0.386754 0.854975 0.747157 0.862188 0.701276 0.750972 0.540436 0.023454 0.876155 0.037019 0.333454 0.086932 0.858170 0.424891 0.752190 0.892573
0.343897 0.960126 0.738440 0.976292 0.782479 0.811843 0.622441 0.116408 0.951782 0.067960 0.403739 0.181837 0.766765 0.454010 0.790329 0.883829
0.430437 0.988867 0.795460 0.883566 0.747479 0.651705 0.538280 0.119968 0.738274 0.140797 0.372890 0.026533 0.755343 0.301574 0.914772 0.872384
0.341603 0.989786 0.749471 0.836026 0.686637 0.715749 0.577226 0.129998 0.937163 0.164919 0.411802 0.087923 0.836921 0.294450 0.742421 0.904070
0.390548 0.946033 0.766075 0.933970 0.878314 0.751378 0.587190 0.110459 0.886852 0.120427 0.454158 0.065348 0.813610 0.341289 0.689727 0.854682
0.317414 0.871313 0.831490 0.824877 0.755305 0.704232 0.557743 0.114172 0.778449 0.170317 0.418237 0.083063 0.872106 0.304826 0.809377 0.881708
0.456014 1.060905 0.750416 0.815812 0.723689 0.754522 0.618501 0.093974 0.905083 0.153029 0.408933 0.100473 0.821981 0.437076 0.811365 0.849717
0.374667 0.933045 0.700123 0.872605 0.679174 0.665779 0.653808 0.119555 0.909523 0.193521 0.465202 0.039801 0.796332 0.287919 0.897628 0.845612
0.339673 1.012702 0.743865 0.919316 0.771600 0.832348 0.559441 0.173331 0.830390 0.125846 0.539243 0.065502 0.749232 0.357819 0.796933 0.904702
0.316009 1.049008 0.814169 0.961978 0.664095 0.759754 0.550424 0.083023 0.878746 0.066405 0.481993 0.112231 0.898356 0.371679 0.814778 0.906669
0.303686 0.040436 0.537073 0.264760 0.286356 0.862909 0.538800 0.935279 0.191590 0.635483 0.460841 0.280817 0.710081 0.375099 0.783885 0.741946
0.408740 0.024719 0.490108 0.334213 0.378700 0.994598 0.550573 0.983566 0.280078 0.566615 0.505063 0.345051 0.659697 0.299088 0.805842 0.802883
0.354509 0.143536 0.456933 0.218368 0.264684 0.879781 0.511472 0.924414 0.242179 0.456924 0.499335 0.217464 0.625875 0.412364 0.789959 0.789941
0.317410 0.113914 0.452770 0.227521 0.297318 0.840613 0.517054 0.898989 0.248551 0.538249 0.489665 0.254138 0.670133 0.217395 0.785499 0.836040
0.272639 0.031934 0.431939 0.217753 0.294028 0.897337 0.611649 0.941563 0.255039 0.512382 0.414743 0.266071 0.607110 0.381749 0.754741 0.741153
0.424804 0.015113 0.649563 0.318199 0.396308 0.971029 0.435523 1.012090 0.360063 0.483157 0.401720 0.246211 0.531074 0.246890 0.681428 0.792475
0.225619 0.043903 0.559305 0.230868 0.321729 0.944275 0.561704 0.929287 0.230032 0.491556 0.413767 0.291537 0.702862 0.331811 0.756754 0.772557
0.225630 0.030277 0.518078 0.324458 0.320828 0.912652 0.605454 0.946196 0.212478 0.580538 0.453524 0.292127 0.703907 0.316617 0.823193 0.838684
0.372919 0.030926 0.517195 0.270180 0.240039 0.893282 0.430749 0.871778 0.166019 0.512628 0.425798 0.298789 0.714396 0.353351 0.778717 0.784494
0.254690 0.071740 0.550960 0.252027 0.292618 0.882263 0.483344 0.954865 0.126136 0.585547 0.335525 0.247704 0.698631 0.334326 0.684159 0.801218
0.292049 0.065234 0.499563 0.310603 0.263924 0.917907 0.496350 0.868134 0.107684 0.487005 0.378472 0.192469 0.638833 0.233180 0.777541 0.743325
0.345352 0.114112 0.470028 0.267810 0.355533 0.869699 0.591005 0.945456 0.199999 0.555141 0.422103 0.302086 0.724223 0.259839 0.710312 0.780371
0.297232 -0.043462 0.469010 0.338379 0.234254 0.961837 0.469195 0.895469 0.195475 0.520038 0.381317 0.219163 0.627844 0.299001 0.839287 0.865027
0.335517 -0.024712 0.560619 0.275010 0.265359 0.946988 0.590248 0.966297 0.262342 0.546172 0.446964 0.312072 0.692280 0.350629 0.816720 0.804369
0.317394 0.102609 0.518196 0.239844 0.291511 0.922740 0.431000 0.925674 0.249640 0.485316 0.459389 0.331475 0.611208 0.322036 0.851267 0.819540
0.300439 0.133137 0.546498 0.210975 0.268354 0.966738 0.495042 0.924944 0.251099 0.498488 0.404507 0.306944 0.714053 0.330531 0.743635 0.811126
0.324503 0.150215 0.533459 0.216602 0.288309 0.982509 0.490447 0.933474 0.294791 0.557167 0.460090 0.284113 0.746307 0.288238 0.834911 0.838520
0.286788 0.070249 0.524144 0.243740 0.240823 0.971288 0.505300 1.019804 0.227917 0.561012 0.461087 0.327061 0.664274 0.339709 0.746817 0.791147
0.329620 0.154065 0.495888 0.291133 0.267455 0.963206 0.588758 0.983804 0.292543 0.521852 0.362021 0.266816 0.610131 0.298589 0.790079 0.831185
0.345258 0.078121 0.512456 0.339479 0.288095 0.842610 0.533154 0.888777 0.209459 0.539029 0.453429 0.346880 0.652435 0.316805 0.728739 0.847627
0.329600 0.079601 0.471742 0.242058 0.151218 0.931257 0.554860 0.957430 0.292207 0.496613 0.441435 0.304682 0.658380 0.288512 0.795177 0.849172
0.367432 0.052659 0.489309 0.254700 0.328451 0.923536 0.461240 0.956218 0.295010 0.501271 0.489243 0.328164 0.679070 0.380608 0.744384 0.809498
0.272193 0.066043 0.480887 0.166416 0.271528 0.901070 0.538736 0.993254 0.254952 0.358107 0.382452 0.365090 0.715420 0.395552 0.796878 0.845644
0.366232 0.115530 0.530418 0.286355 0.258338 0.923172 0.464925 0.876309 0.305447 0.548532 0.473686 0.320512 0.659429 0.304096 0.790017 0.800083
0.286804 0.030500 0.508251 0.206381 0.236118 0.972134 0.549231 0.895745 0.276841 0.594876 0.452103 0.332264 0.661457 0.366127 0.747497 0.821575
0.317596 -0.160329 0.587727 0.276546 0.180321 0.960278 0.507967 0.979535 0.178287 0.524390 0.361684 0.282215 0.632700 0.309686 0.839470 0.797196
0.339677 -0.072717 0.630954 0.154810 0.262864 0.950335 0.530992 0.912282 0.238759 0.535994 0.490299 0.280789 0.683643 0.315686 0.784244 0.781289
0.256850 0.103282 0.509715 0.155157 0.236165 0.929624 0.448596 0.927969 0.239028 0.493330 0.511234 0.316095 0.670785 0.295225 0.729343 0.845021
0.242604 0.074905 0.605073 0.303177 0.114640 1.005358 0.564463 0.949785 0.217373 0.457116 0.351080 0.242631 0.662019 0.375478 0.742945 0.829686
0.373317 -0.001973 0.535755 0.252382 0.325205 0.900655 0.475197 1.011519 0.339733 0.479313 0.466568 0.295998 0.681130 0.263784 0.818913 0.813700
0.293464 0.050184 0.577452 0.121945 0.340200 0.969984 0.530228 0.944026 0.267803 0.477511 0.445471 0.354433 0.671243 0.365739 0.755423 0.793754
0.270671 0.094828 0.523506 0.161849 0.253789 0.999357 0.523714 1.004814 0.232686 0.451936 0.370039 0.392403 0.677588 0.349222 0.705878 0.794319
0.311810 0.030268 0.462028 0.418795 0.272405 0.820977 0.427968 0.957228 0.141935 0.534407 0.466247 0.305220 0.678957 0.346429 0.792778 0.753582
0.371786 0.050581 0.564222 0.213430 0.352111 0.946070 0.610056 1.027235 0.146447 0.360760 0.420590 0.352887 0.625475 0.370161 0.639417 0.796691
0.382078 0.101783 0.456918 0.248371 0.222348 0.938479 0.619379 0.958223 0.211325 0.464270 0.439899 0.217396 0.607495 0.303700 0.793901 0.757052
0.252364 0.027580 0.534991 0.220476 0.253747 0.923879 0.547821 0.945553 0.171483 0.412006 0.360842 0.328169 0.622794 0.274205 0.870557 0.826330
0.306958 0.023978 0.543426 0.318167 0.292003 0.975326 0.543562 0.960494 0.226381 0.473817 0.431303 0.304106 0.727458 0.314034 0.755494 0.879506
0.319004 0.034944 0.459806 0.221525 0.285264 0.972712 0.397862 0.979252 0.208073 0.523531 0.385482 0.253957 0.650868 0.335128 0.805655 0.829938
0.299003 0.013305 0.503199 0.300073 0.204007 0.954269 0.628995 0.912312 0.269886 0.598472 0.405036 0.381971 0.677728 0.243998 0.771671 0.675933
0.353186 0.044982 0.464039 0.187539 0.210696 0.971247 0.530898 0.998358 0.230501 0.571644 0.378398 0.344301 0.700129 0.263969 0.730419 0.902032
0.382727 -0.059225 0.559028 0.260899 0.123532 1.088934 0.506394 1.036328 0.333095 0.630733 0.425614 0.266243 0.670341 0.285261 0.805775 0.751036
0.293758 0.025067 0.480256 0.296410 0.349158 0.948115 0.474759 0.875428 0.218408 0.512650 0.402986 0.260558 0.613033 0.373536 0.825409 0.777847
0.201667 0.160297 0.560983 0.153387 0.354139 0.952187 0.560216 0.933611 0.261210 0.511922 0.517792 0.302493 0.602724 0.262623 0.849167 0.837404
0.363085 0.056967 0.480195 0.176575 0.311644 0.887433 0.478118 0.964875 0.220171 0.548336 0.439979 0.376928 0.722031 0.276624 0.760507 0.809475
0.246021 0.059022 0.553199 0.248361 0.322682 0.963086 0.559699 0.919372 0.200270 0.490631 0.419753 0.303598 0.663883 0.245126 0.777847 0.767943
0.390942 0.105634 0.570259 0.235937 0.259467 0.880359 0.496693 0.903784 0.173398 0.520893 0.508913 0.301222 0.603487 0.285937 0.875844 0.800011
0.311755 0.040979 0.481362 0.208940 0.283252 0.909948 0.541447 0.976786 0.186387 0.511530 0.418134 0.333127 0.614473 0.278243 0.833680 0.772006
0.343905 0.037598 0.435349 0.306788 0.308557 0.931287 0.610711 0.914083 0.373127 0.512450 0.384759 0.358438 0.707975 0.238228 0.829629 0.819344
0.274689 -0.024177 0.463911 0.284829 0.331819 0.982533 0.525343 0.971299 0.188711 0.484670 0.502812 0.242721 0.670751 0.363655 0.795168 0.770137
0.263900 0.039914 0.630306 0.318794 0.264843 0.868001 0.587544 0.898592 0.286488 0.474871 0.388079 0.198287 0.618603 0.327987 0.862302 0.829522
0.377589 0.168732 0.494447 0.153453 0.275752 0.963383 0.471493 0.914274 0.197215 0.423357 0.371354 0.332672 0.635647 0.322741 0.841781 0.833239
0.352327 -0.043004 0.651770 0.305441 0.287633 0.912737 0.452703 0.927083 0.348817 0.579823 0.369677 0.201462 0.659967 0.248996 0.815046 0.839312
0.244284 0.143323 0.510389 0.244426 0.253945 0.933311 0.525986 0.976868 0.207787 0.502974 0.405277 0.259859 0.699263 0.307439 0.747035 0.815239
0.340155 0.028201 0.522573 0.248499 0.237774 0.960163 0.515942 0.916482 0.231561 0.501719 0.391699 0.322340 0.636560 0.259957 0.781263 0.724930
0.224162 0.087189 0.560278 0.305598 0.252332 0.999214 0.493298 0.870217 0.254377 0.476793 0.534660 0.309177 0.662356 0.298890 0.679511 0.855728
0.326973 0.042092 0.550943 0.239580 0.320428 0.939607 0.425176 0.912458 0.230559 0.420652 0.482553 0.296856 0.604372 0.361073 0.720466 0.722726
0.381140 0.014104 0.583398 0.249481 0.265905 0.942055 0.550988 1.004807 0.196422 0.531958 0.394954 0.281993 0.682942 0.273568 0.818267 0.810722
0.353638 0.076597 0.515096 0.290492 0.250922 0.968530 0.579844 0.875045 0.290297 0.488699 0.403058 0.278175 0.733726 0.298503 0.799354 0.795810
0.394105 0.048269 0.453715 0.233384 0.376817 0.953615 0.533429 0.973945 0.286767 0.477557 0.361753 0.270058 0.624718 0.340072 0.837829 0.781840
0.301216 -0.004852 0.420754 0.213187 0.268152 0.934527 0.442938 0.921643 0.312935 0.575779 0.302525 0.297214 0.697778 0.245741 0.835541 0.907841
0.425013 0.011524 0.506502 0.256230 0.251634 0.993362 0.577476 0.978656 0.141259 0.503544 0.416660 0.385332 0.615593 0.324423 0.720196 0.825978
0.259292 0.074739 0.460672 0.213739 0.252511 0.906260 0.459490 1.005034 0.220829 0.477328 0.378217 0.334697 0.673777 0.266000 0.812956 0.857662
0.378384 -0.031830 0.470090 0.334026 0.280732 0.887889 0.538976 0.966914 0.242348 0.454315 0.409839 0.255674 0.625157 0.322953 0.685525 0.812171
0.352013 -0.087419 0.480509 0.163310 0.348234 0.980443 0.554349 0.966856 0.243261 0.600342 0.414092 0.298865 0.592905 0.335757 0.733847 0.836738
0.351301 0.098100 0.526274 0.210937 0.292078 1.066447 0.510709 1.032100 0.246645 0.520316 0.425506 0.335369 0.672206 0.362373 0.822156 0.781300
0.224418 0.077773 0.561656 0.217921 0.293260 0.895134 0.559745 0.948740 0.200213 0.509064 0.401123 0.208669 0.706618 0.278332 0.737131 0.722828
0.364868 0.085883 0.608936 0.219941 0.306356 0.964692 0.568013 0.926461 0.172404 0.467753 0.484428 0.329753 0.708587 0.354404 0.751977 0.813492
0.391774 -0.047201 0.518463 0.270146 0.394040 0.872217 0.486721 0.920138 0.308953 0.491837 0.410200 0.413258 0.622366 0.279509 0.676126 0.889670
0.334896 0.025799 0.561874 0.350866 0.214018 0.987515 0.504610 0.933174 0.257916 0.533874 0.424777 0.315047 0.674062 0.260520 0.756073 0.791058
0.225520 0.019806 0.504485 0.288983 0.315510 0.886066 0.600826 0.985511 0.274918 0.460773 0.375169 0.166929 0.605572 0.374919 0.775756 0.757599
0.294393 0.161483 0.540209 0.266686 0.284989 0.912273 0.474933 0.875525 0.297408 0.550271 0.427561 0.340210 0.733420 0.368176 0.727651 0.812218
0.326316 0.055051 0.392492 0.273443 0.224276 1.000200 0.500602 0.980658 0.350878 0.523967 0.476713 0.218096 0.692062 0.238995 0.800684 0.830239
0.344882 0.038017 0.518619 0.183481 0.292102 0.919916 0.521443 0.951986 0.193056 0.498806 0.396278 0.317474 0.740702 0.361261 0.836039 0.848678
0.339023 0.017293 0.524477 0.332282 0.246494 0.885614 0.495921 0.980584 0.268575 0.474814 0.458416 0.333995 0.591398 0.451527 0.748589 0.798576
0.419268 0.039119 0.483385 0.217999 0.179474 0.952222 0.575954 0.914200 0.245455 0.528884 0.408323 0.229630 0.583989 0.362986 0.763348 0.844508
0.207067 0.058999 0.543705 0.240315 0.195302 0.949118 0.533735 0.965071 0.255089 0.426958 0.409677 0.356451 0.730050 0.327273 0.870217 0.778453
0.248992 -0.023683 0.557214 0.258790 0.280617 0.847131 0.518493 0.985062 0.238458 0.497910 0.462089 0.275493 0.699027 0.364052 0.744553 0.814474
0.310170 -0.008779 0.511282 0.228378 0.359667 0.870305 0.526461 0.899701 0.373684 0.516731 0.452825 0.318637 0.670613 0.331684 0.889968 0.851844
0.296376 0.041201 0.462661 0.317387 0.221089 0.908468 0.556021 1.010605 0.153572 0.479165 0.330052 0.258534 0.724772 0.343418 0.774825 0.774625
0.307722 -0.008578 0.524432 0.284543 0.284373 0.931156 0.507388 0.962882 0.163532 0.482788 0.418395 0.256218 0.655084 0.318913 0.813756 0.795545
0.271712 0.125317 0.530969 0.202272 0.308027 0.858795 0.470639 0.943500 0.200851 0.469804 0.404396 0.362728 0.723908 0.343462 0.861513 0.829961
0.332395 -0.034240 0.484074 0.343446 0.340654 0.910069 0.540545 1.024157 0.228130 0.506762 0.386795 0.247453 0.632999 0.280773 0.747430 0.737493
0.261201 0.091425 0.439168 0.262557 0.345878 0.877028 0.598273 0.936931 0.135788 0.552725 0.510338 0.284136 0.668790 0.346171 0.733680 0.773515
0.308506 0.130767 0.476135 0.206184 0.244629 0.976542 0.465483 0.858727 0.185798 0.537912 0.420186 0.302169 0.590796 0.314662 0.792489 0.774427
0.337729 0.063681 0.589667 0.262415 0.296964 0.900417 0.412259 0.906796 0.224517 0.521646 0.437020 0.405595 0.685645 0.327093 0.775021 0.840374
0.328643 0.049344 0.570745 0.302899 0.231751 0.948611 0.528221 1.037387 0.224248 0.419980 0.370221 0.314981 0.660430 0.262319 0.759794 0.783344
0.275475 0.028802 0.598538 0.230678 0.200598 0.925486 0.553395 0.887564 0.226644 0.486870 0.431704 0.245559 0.694132 0.165938 0.739314 0.846642
0.298517 -0.033485 0.439998 0.316911 0.208879 0.937273 0.554875 0.974088 0.160786 0.580142 0.465973 0.302514 0.681079 0.273526 0.654097 0.897331
0.270942 0.126369 0.470451 0.192280 0.319498 0.928886 0.558590 0.936321 0.230574 0.478924 0.331617 0.190334 0.678386 0.245054 0.758441 0.876035
0.350895 -0.074791 0.496407 0.249185 0.350819 1.000456 0.494585 1.014328 0.266492 0.467680 0.316939 0.306505 0.628673 0.330949 0.804057 0.757801
0.318931 -0.021670 0.489334 0.291211 0.386315 0.876052 0.589734 0.959418 0.254279 0.506901 0.321194 0.341954 0.686413 0.258883 0.805061 0.807136
0.262570 0.038111 0.522692 0.215627 0.316633 0.888745 0.451001 0.910255 0.206917 0.509509 0.349908 0.198173 0.710336 0.341048 0.801302 0.720958
0.385539 0.068033 0.431155 0.230205 0.338091 0.886200 0.561321 0.925911 0.253287 0.569127 0.418433 0.258144 0.694933 0.249572 0.786427 0.872012
0.253231 0.062191 0.452839 0.316669 0.240329 0.877671 0.545769 0.933606 0.191446 0.526465 0.477589 0.305830 0.628201 0.300110 0.715811 0.882008
0.351109 0.055857 0.481226 0.303639 0.345126 1.033985 0.532927 0.896233 0.270747 0.461184 0.422343 0.325547 0.666884 0.329677 0.777499 0.737111
0.355343 0.075094 0.564222 0.349672 0.407689 0.947656 0.495948 0.925980 0.329529 0.581409 0.496335 0.312568 0.736369 0.292925 0.778994 0.836249
0.325462 0.054152 0.439913 0.265302 0.334823 1.005222 0.536584 0.967331 0.216392 0.591507 0.495101 0.271890 0.573950 0.345567 0.791865 0.886372
0.280426 0.043841 0.606335 0.229632 0.256402 0.944519 0.463361 0.886694 0.216069 0.478336 0.447816 0.376963 0.661470 0.327622 0.780903 0.766920
0.288115 0.053610 0.545025 0.283463 0.305807 0.978140 0.532800 0.957570 0.262489 0.439015 0.383296 0.287510 0.669435 0.355167 0.808610 0.837549
0.356375 0.132079 0.435411 0.318346 0.389089 0.980884 0.630420 0.917683 0.289738 0.513958 0.406831 0.319865 0.711873 0.297812 0.851544 0.746145
0.385677 0.007220 0.525539 0.192783 0.298763 0.899059 0.561615 0.853294 0.360716 0.443575 0.389700 0.382891 0.634446 0.474617 0.760758 0.728184
0.350553 -0.009112 0.441625 0.291356 0.247707 0.990538 0.584572 0.969202 0.172577 0.611970 0.389134 0.378926 0.613387 0.278460 0.785883 0.831895
0.312736 0.040715 0.579518 0.286991 0.396899 0.876998 0.444973 0.883691 0.240324 0.515285 0.368551 0.274887 0.641772 0.335000 0.865951 0.808989
0.235330 0.050398 0.509155 0.237426 0.238493 0.938676 0.524830 0.939949 0.194621 0.532141 0.486296 0.318751 0.638687 0.324241 0.666659 0.770425
0.255002 0.060606 0.525856 0.237015 0.256340 0.891389 0.492634 0.875330 0.242383 0.532729 0.456466 0.337806 0.578344 0.369209 0.842792 0.893685
0.371552 -0.063437 0.454897 0.243112 0.295144 1.014168 0.631616 0.985755 0.297438 0.527528 0.461747 0.290996 0.631153 0.344149 0.791758 0.723100
0.383652 0.061486 0.614313 0.250053 0.263390 1.012349 0.591582 1.000077 0.250334 0.361888 0.469458 0.385890 0.665350 0.259943 0.811333 0.794905
0.333143 0.014506 0.459485 0.171540 0.306392 0.917764 0.501401 0.865488 0.245566 0.487699 0.415473 0.302704 0.635369 0.346904 0.767164 0.767015
0.358530 0.035417 0.503946 0.255689 0.370241 0.879200 0.570504 0.903832 0.140269 0.437113 0.508950 0.341432 0.680999 0.356153 0.778602 0.828611
0.376251 0.030674 0.458740 0.278197 0.256801 0.868593 0.503471 1.042972 0.168602 0.535815 0.399374 0.365742 0.719706 0.392135 0.839345 0.806725
0.268206 0.073653 0.584805 0.258702 0.263432 0.858145 0.519106 1.040547 0.295787 0.490920 0.461148 0.352372 0.730033 0.226244 0.861388 0.898223
0.320836 -0.024732 0.427282 0.271715 0.246061 0.981485 0.577636 0.964047 0.200430 0.521351 0.504044 0.334523 0.758496 0.301101 0.763542 0.814405
0.325915 0.080284 0.433989 0.221844 0.268054 1.015786 0.423138 0.918346 0.168757 0.498356 0.423727 0.203828 0.641432 0.292706 0.885143 0.768666
0.398403 -0.005650 0.518379 0.231620 0.265435 1.021227 0.554218 0.882364 0.201725 0.484963 0.443127 0.350252 0.741009 0.284106 0.842426 0.728029
0.322803 0.019942 0.565772 0.296454 0.211624 0.996495 0.596804 0.930651 0.226673 0.492172 0.399287 0.295796 0.670803 0.315112 0.840204 0.739653
0.278069 0.016824 0.523174 0.238665 0.318646 0.864129 0.526997 0.997564 0.263755 0.520044 0.420806 0.249718 0.722861 0.312130 0.793735 0.752815
0.247709 0.055444 0.460240 0.284840 0.205754 0.940040 0.591106 0.923223 0.184863 0.561686 0.386399 0.256592 0.617987 0.323727 0.764403 0.802626
0.327531 0.000438 0.599114 0.260455 0.209019 0.914890 0.499040 1.002470 0.217556 0.557682 0.423319 0.330375 0.682782 0.344331 0.722204 0.847050
0.295014 0.027713 0.447225 0.236264 0.266558 0.875875 0.554699 0.863137 0.216495 0.533956 0.383966 0.336502 0.724634 0.363906 0.771962 0.783146
0.340017 0.024254 0.576467 0.380128 0.321352 0.964961 0.511168 0.877980 0.189629 0.504174 0.352764 0.257516 0.711366 0.323311 0.793154 0.775898
0.347375 0.175496 0.589264 0.342223 0.272152 0.888430 0.510425 0.982472 0.173907 0.458090 0.399402 0.256371 0.627412 0.306386 0.753694 0.810810
0.272582 -0.036084 0.498952 0.159646 0.249113 0.913166 0.487398 0.988863 0.273831 0.515135 0.418077 0.304109 0.560996 0.322357 0.666574 0.842072
0.316072 0.097511 0.528231 0.380097 0.267476 0.841196 0.580347 0.943782 0.285014 0.554525 0.482232 0.375305 0.637614 0.327294 0.770489 0.767159
0.316867 -0.026073 0.509970 0.240604 0.251193 0.897003 0.502798 1.002239 0.161614 0.469632 0.456068 0.313545 0.627544 0.322048 0.749403 0.767323
0.343408 0.110931 0.533527 0.260895 0.266642 0.964896 0.484460 1.010645 0.205114 0.550294 0.424464 0.349503 0.726159 0.289981 0.767093 0.796881
0.385033 0.080019 0.438758 0.338326 0.317940 1.030163 0.493306 0.891789 0.192298 0.567529 0.470290 0.317103 0.629079 0.291568 0.764393 0.848119
0.213292 0.040806 0.568694 0.230408 0.351308 0.962904 0.569184 0.918734 0.215892 0.552315 0.384136 0.298772 0.638621 0.338097 0.810538 0.756797
0.383523 0.110069 0.508118 0.249077 0.216261 0.916371 0.502504 0.939803 0.174069 0.615175 0.397197 0.366452 0.676062 0.363904 0.824564 0.848189
0.321471 -0.032242 0.470639 0.272529 0.322499 0.859594 0.549461 0.987817 0.279265 0.429967 0.474794 0.301512 0.670029 0.249070 0.707803 0.757718
0.237353 0.111275 0.497539 0.325973 0.382851 0.852108 0.521955 0.899539 0.190316 0.522392 0.485970 0.285905 0.567021 0.324969 0.790778 0.794405
0.286344 0.002861 0.471718 0.211373 0.314535 0.932211 0.567522 0.962117 0.229499 0.445812 0.419148 0.337311 0.629340 0.416542 0.740379 0.794750
0.310818 -0.017202 0.494642 0.315862 0.287656 0.820802 0.506459 0.947915 0.187321 0.493468 0.364530 0.369065 0.639916 0.301978 0.750134 0.740624
0.287744 0.088743 0.540158 0.208284 0.276963 0.863678 0.511590 0.990445 0.177297 0.526764 0.414447 0.326181 0.632050 0.391265 0.712940 0.808645
0.281018 0.140932 0.392225 0.198148 0.216473 0.956677 0.498606 1.034692 0.239806 0.567870 0.385948 0.269413 0.678635 0.397326 0.717767 0.918329
0.361707 0.030332 0.558166 0.217273 0.424859 0.997280 0.484243 0.952891 0.333861 0.502549 0.386795 0.331737 0.667000 0.416362 0.849205 0.775862
0.245045 0.038752 0.512207 0.262437 0.203835 0.903632 0.631661 0.947337 0.224510 0.486103 0.427984 0.267008 0.629727 0.253058 0.781711 0.699024
0.192869 -0.003662 0.525046 0.228517 0.326675 0.922265 0.510322 0.938903 0.248074 0.538339 0.482111 0.338979 0.627641 0.377732 0.745768 0.753713
0.347359 0.065128 0.589353 0.282160 0.250323 1.004565 0.630224 0.935730 0.262219 0.496949 0.423613 0.199686 0.679930 0.343574 0.741692 0.741814
0.371242 0.070482 0.421253 0.342412 0.210077 0.940795 0.501238 0.993036 0.299812 0.531158 0.403927 0.407687 0.685483 0.248020 0.773247 0.780418
0.289612 0.061853 0.490223 0.307970 0.258612 0.967946 0.492517 1.041324 0.205580 0.532061 0.381908 0.342237 0.666337 0.334862 0.727292 0.867607
0.358020 0.040874 0.552034 0.322850 0.236771 0.865898 0.659006 1.038012 0.231549 0.448702 0.453197 0.256022 0.616458 0.342238 0.739848 0.676817
0.406066 0.047270 0.418049 0.320735 0.240450 0.883954 0.549319 0.938708 0.240137 0.585967 0.453885 0.228736 0.638682 0.289573 0.767119 0.803840
0.258808 -0.015348 0.484526 0.264830 0.241873 0.902705 0.471960 0.870981 0.278726 0.460161 0.387504 0.270095 0.675102 0.355417 0.822352 0.775202
0.323149 0.019747 0.529460 0.316020 0.363599 0.952524 0.536421 0.942211 0.234798 0.519116 0.395172 0.319477 0.734943 0.291968 0.826646 0.845611
0.425635 0.084667 0.379527 0.236713 0.356507 0.894272 0.504750 0.977736 0.252496 0.433432 0.449510 0.337222 0.738769 0.229452 0.758809 0.815778
0.353333 0.026867 0.506872 0.162373 0.281522 0.886804 0.484780 0.896129 0.236017 0.558201 0.553363 0.290031 0.693743 0.314064 0.800001 0.869835
0.335291 0.124001 0.419700 0.148077 0.272610 0.879751 0.518663 1.025650 0.201730 0.439166 0.369490 0.331088 0.592382 0.370303 0.779048 0.810403
0.223786 -0.045003 0.534381 0.243755 0.297610 0.921970 0.477647 0.977615 0.248436 0.543902 0.398862 0.299224 0.581393 0.274997 0.754716 0.761705
0.284521 0.039399 0.527326 0.285583 0.296928 1.018823 0.572914 0.998282 0.351048 0.495861 0.397800 0.433038 0.649798 0.358022 0.817363 0.866281
0.299778 -0.056834 0.414801 0.154226 0.150509 0.883576 0.542674 0.981865 0.298201 0.616313 0.451399 0.362599 0.681340 0.269086 0.829501 0.861477
0.301034 0.090228 0.584387 0.232734 0.251117 0.908839 0.454142 0.969502 0.310499 0.500002 0.477396 0.245213 0.624390 0.270332 0.713027 0.889720
0.238039 0.094561 0.464290 0.309164 0.272008 1.029593 0.532636 0.973077 0.263299 0.507110 0.343833 0.228931 0.603302 0.436767 0.652652 0.829505
0.284523 0.100491 0.530985 0.187767 0.316388 0.926592 0.472320 0.985380 0.221836 0.538484 0.418211 0.323142 0.696509 0.330796 0.683109 0.796464
0.323756 0.026740 0.544539 0.226233 0.234166 0.962649 0.646100 0.971394 0.227264 0.493616 0.366702 0.325433 0.654146 0.291250 0.695248 0.802934
0.315709 0.019801 0.480572 0.274448 0.300014 0.992537 0.556794 0.923126 0.185516 0.389319 0.385302 0.300243 0.591558 0.330470 0.672984 0.823254
0.284776 0.083767 0.572865 0.255118 0.277293 0.931352 0.469394 0.985589 0.273492 0.636021 0.422559 0.350270 0.676143 0.326841 0.727479 0.869040
0.280635 0.040021 0.522974 0.145028 0.304101 1.024270 0.461397 0.853645 0.310684 0.585066 0.427095 0.417207 0.617588 0.239400 0.814274 0.851639
0.315136 0.021265 0.519488 0.230591 0.332977 0.890376 0.503449 0.968988 0.193129 0.525782 0.443800 0.391658 0.655055 0.243287 0.756922 0.858606
0.259784 0.082491 0.439218 0.292140 0.286067 0.900428 0.533099 1.046440 0.208792 0.566911 0.457161 0.322670 0.655055 0.360312 0.816344 0.805537
0.326845 0.022699 0.511141 0.298084 0.237177 0.868673 0.531993 0.967345 0.265977 0.503345 0.562631 0.363352 0.638293 0.310140 0.782994 0.902262
0.293646 0.042805 0.462824 0.267070 0.276158 0.899015 0.481696 0.978756 0.259570 0.515429 0.309554 0.383465 0.631114 0.437074 0.883415 0.737069
0.264137 0.050584 0.530801 0.355567 0.150812 0.953967 0.506467 0.953241 0.189732 0.568985 0.407908 0.305863 0.622519 0.296143 0.871741 0.878898
0.295420 0.029929 0.472274 0.242349 0.320141 0.949835 0.483213 0.884398 0.282192 0.517508 0.476168 0.322526 0.692342 0.333651 0.743003 0.800306
0.315502 0.051227 0.493129 0.199104 0.280802 0.919099 0.398802 1.023055 0.188250 0.571704 0.445130 0.307547 0.639036 0.405164 0.733366 0.767501
0.365458 0.006001 0.596619 0.219973 0.265470 0.904627 0.543319 0.888431 0.165973 0.516521 0.460502 0.280540 0.640194 0.405579 0.748845 0.864529
0.204844 0.011465 0.555699 0.358431 0.288858 0.921323 0.532285 1.036019 0.232109 0.390897 0.374724 0.334479 0.672610 0.394314 0.768782 0.831567
0.371925 -0.012532 0.484922 0.257637 0.275290 0.871566 0.505324 1.003133 0.292573 0.450360 0.364173 0.356590 0.638000 0.334594 0.852023 0.832426
0.406189 0.935954 0.733471 0.967098 0.682393 0.633573 0.583054 0.121070 0.779654 0.131113 0.458674 0.026244 0.889199 0.341517 0.729061 0.861261
0.358960 1.016751 0.826980 0.936663 0.646976 0.717130 0.572932 0.091921 0.836620 0.127423 0.515639 0.107519 0.781236 0.373972 0.818049 0.892373
0.368654 1.008636 0.700752 0.826898 0.771366 0.691486 0.618872 0.060174 0.847546 0.233203 0.372034 0.142013 0.800130 0.391690 0.749536 0.951152
0.388688 1.059016 0.855401 0.896123 0.718021 0.621960 0.593726 0.091437 0.839224 0.217853 0.350905 0.046438 0.887708 0.433200 0.765301 0.853174
0.329789 0.852254 0.794065 0.900465 0.750004 0.784928 0.587359 0.130176 0.949347 0.126798 0.360551 0.057084 0.925207 0.325486 0.845465 0.827098
0.377144 0.956537 0.766588 0.857389 0.782829 0.697083 0.592701 0.129264 0.862623 0.120244 0.440156 -0.045168 0.872895 0.326693 0.838499 0.830028
0.423129 0.995527 0.762123 0.922774 0.800063 0.672559 0.645576 0.081128 0.883452 0.106285 0.432852 0.074238 0.900858 0.294022 0.773523 0.905319
0.343516 1.023132 0.765223 0.855097 0.688978 0.649107 0.639412 0.049314 0.835003 0.086927 0.417927 0.032725 0.825750 0.363299 0.817849 0.773405
0.385914 0.950897 0.787255 0.887385 0.771310 0.751743 0.696868 0.048699 0.810519 0.183364 0.409572 0.067186 0.806633 0.300478 0.867324 0.914523
0.340953 0.993997 0.730671 0.847560 0.729563 0.701882 0.527815 0.113712 0.867311 0.228238 0.370821 0.050612 0.799990 0.402825 0.762337 0.822599
0.402507 0.983921 0.772388 0.940058 0.756675 0.617720 0.573784 0.021082 0.898921 0.235112 0.463798 -0.010255 0.852498 0.298586 0.768985 0.898889
0.270780 1.038783 0.764604 1.034742 0.680885 0.692301 0.605545 0.039790 0.847626 0.173798 0.507150 0.079350 0.843493 0.431384 0.839703 0.782257
0.308605 0.950075 0.797451 0.911581 0.740868 0.783040 0.587027 0.087275 0.844342 0.158913 0.439973 0.075345 0.816136 0.361788 0.814125 0.877607
0.333937 0.945940 0.803603 0.910809 0.726745 0.717162 0.613239 0.034825 0.968448 0.071838 0.442174 0.116303 0.882395 0.405574 0.811672 0.849759
0.360591 0.926489 0.723875 0.927664 0.702641 0.728485 0.614056 0.072449 0.756572 0.190730 0.466209 0.068629 0.865755 0.397061 0.744615 0.904451
0.333940 0.953803 0.767183 0.890766 0.712707 0.638038 0.619740 0.115561 0.809694 0.098073 0.382656 0.124656 0.870011 0.302303 0.813124 0.799316
0.346680 0.972822 0.753452 0.910981 0.859866 0.779573 0.590556 0.033782 0.867980 0.191734 0.530094 0.069799 0.888732 0.378208 0.720171 0.828694
0.368361 0.942467 0.815995 0.847669 0.748038 0.724047 0.600178 0.161213 0.930422 0.139702 0.427278 0.131716 0.817924 0.360872 0.844174 0.983890
0.370167 1.037907 0.840315 0.964529 0.854342 0.773849 0.587946 0.099553 0.864588 0.095853 0.436768 0.010053 0.816695 0.434458 0.820476 0.860704
0.395842 0.969981 0.742635 0.863109 0.762088 0.763173 0.549699 0.132760 0.875191 0.079308 0.393688 0.065436 0.848262 0.309489 0.827181 0.887967
0.439110 0.971664 0.773032 0.963331 0.823931 0.704867 0.522230 0.124687 0.910673 0.185372 0.417646 0.041488 0.861091 0.362031 0.785780 0.894557
0.282494 1.031827 0.787378 0.936433 0.810511 0.718853 0.637247 0.060929 0.867324 0.210875 0.343147 0.190231 0.884683 0.309025 0.824387 0.946912
0.409622 0.948675 0.808561 0.888493 0.854251 0.693801 0.591819 0.158790 0.911846 0.117272 0.417766 0.018568 0.799639 0.347666 0.763110 0.903666
0.346219 0.914505 0.731027 0.896825 0.774301 0.807933 0.517731 0.151229 0.821031 0.116872 0.385791 0.141284 0.865579 0.415373 0.792474 0.794629
0.354521 0.979213 0.751402 0.830954 0.882591 0.749065 0.597625 0.042326 0.838407 0.084595 0.394413 0.055729 0.836109 0.341418 0.765926 0.845364
0.451953 0.935375 0.807986 0.967355 0.783693 0.647827 0.584381 0.058991 0.848548 0.159375 0.413804 0.049753 0.800949 0.329482 0.853797 0.877824
0.382252 0.985891 0.724583 0.885058 0.746366 0.766872 0.582486 0.017297 0.765728 0.113070 0.467101 0.095946 0.765959 0.395655 0.806143 0.833103
0.366077 0.931802 0.811848 0.925811 0.759794 0.732428 0.571439 0.089488 0.898593 0.103929 0.432359 0.054620 0.779001 0.313191 0.800499 0.753192
0.401691 1.069735 0.784044 0.887088 0.709964 0.694335 0.564069 0.143285 0.822425 0.150319 0.365427 0.145084 0.674177 0.343710 0.871381 0.848420
0.314851 0.932610 0.785112 0.810277 0.748028 0.708678 0.634077 0.020247 0.865780 0.017080 0.373693 0.058926 0.807507 0.355489 0.810825 0.957863
0.375489 0.876714 0.714203 0.881241 0.693727 0.749235 0.610218 0.026955 0.872047 0.170799 0.456747 0.200778 0.841770 0.363837 0.795512 0.909176
0.391144 1.024174 0.791327 0.851609 0.685612 0.681856 0.487935 0.061233 0.865138 0.205711 0.444077 0.043028 0.817552 0.392805 0.768031 0.822045
0.382566 0.904696 0.760618 0.908005 0.661858 0.782361 0.528346 0.052713 0.807798 0.163814 0.434182 0.092642 0.830907 0.328864 0.786175 0.834685
0.322335 0.933680 0.748994 0.878192 0.755184 0.644572 0.678569 0.120631 0.865373 0.143385 0.432477 0.122990 0.835469 0.334440 0.837195 0.902958
0.421111 0.861211 0.832631 0.933129 0.803636 0.675530 0.539181 0.116492 0.855674 0.152148 0.473128 0.007406 0.794740 0.249172 0.780509 0.891033
0.405732 0.982187 0.738206 0.819674 0.696385 0.683474 0.681084 0.047690 0.839716 0.182345 0.449910 0.135717 0.910560 0.474922 0.765459 0.811089
0.342117 0.958808 0.838653 1.005964 0.612073 0.725821 0.542854 0.168910 0.879115 0.064033 0.329766 0.053832 0.799346 0.286708 0.737739 0.883584
0.407822 0.846567 0.792659 0.933156 0.791095 0.659386 0.545277 -0.008710 0.869094 0.128560 0.417682 -0.008344 0.792133 0.416764 0.733976 0.861133
0.345167 0.857025 0.667085 0.834304 0.766932 0.613944 0.596002 0.116279 0.862034 0.133602 0.363645 0.078038 0.813470 0.351377 0.854047 0.937892
0.373775 1.014532 0.813250 0.841591 0.839121 0.770087 0.628210 0.056573 0.829933 0.216994 0.425501 0.060645 0.784640 0.437260 0.828261 0.859522
0.313025 1.062347 0.829443 0.851652 0.782717 0.736520 0.569595 0.078101 0.824363 0.118160 0.358998 0.047892 0.742374 0.336803 0.768644 0.787820
0.393344 1.050514 0.800545 0.835698 0.763203 0.729874 0.556342 0.087206 0.817674 0.136153 0.347777 0.064646 0.830210 0.347483 0.783651 0.836229
0.432012 0.952234 0.773021 0.864909 0.681170 0.697744 0.705290 0.104947 0.865495 0.112419 0.375400 0.050263 0.872158 0.397686 0.797680 0.892263
0.363015 1.021073 0.763058 0.773825 0.729703 0.740925 0.601729 0.032770 0.910805 0.100609 0.417268 0.033015 0.788417 0.384505 0.757658 0.845455
0.308921 0.861107 0.722687 0.970071 0.877331 0.702874 0.545199 0.146044 0.825830 0.182473 0.441967 0.079210 0.836480 0.327622 0.810363 0.798580
0.366468 0.891877 0.803311 0.847882 0.809323 0.622312 0.560526 0.112606 0.841683 0.167065 0.395183 0.035887 0.873356 0.307544 0.805545 0.827013
0.392603 0.987604 0.831185 1.002069 0.747693 0.678613 0.614652 0.078826 0.850067 0.168065 0.450882 0.016147 0.811838 0.350033 0.794142 0.884266
0.334109 0.929172 0.737003 0.883081 0.694834 0.640920 0.631996 0.103937 0.831257 0.118912 0.428463 0.062793 0.832773 0.356771 0.892825 0.803187
0.304486 1.022744 0.736450 0.914870 0.848286 0.630709 0.639459 0.115147 0.821085 0.106801 0.406294 0.108136 0.828281 0.392795 0.743034 0.803212
0.319098 0.862815 0.796980 0.805655 0.811879 0.715253 0.629251 0.075714 0.831190 0.112579 0.390083 0.010034 0.830576 0.305148 0.749083 0.900376
0.435073 1.016584 0.745638 0.842766 0.820865 0.732463 0.628333 0.099207 0.883137 0.164113 0.456904 0.071472 0.859810 0.362882 0.775063 0.906362
0.345757 0.970611 0.815636 0.852342 0.789369 0.778218 0.565826 0.085339 0.803817 0.101156 0.451367 0.153640 0.830405 0.332592 0.912826 0.853903
0.314191 0.914041 0.776628 0.916228 0.762211 0.714812 0.665362 0.055382 0.880311 0.205177 0.437061 -0.031194 0.844442 0.431620 0.845107 0.858505
0.412744 0.989286 0.806088 0.934641 0.792507 0.735306 0.482308 0.174122 0.882439 0.140585 0.437336 0.084914 0.868559 0.351161 0.932510 0.869503
0.388246 1.021918 0.811817 0.966444 0.741813 0.731577 0.604356 0.126436 0.815918 0.170302 0.486720 0.048838 0.916349 0.333717 0.751932 0.872144
0.470195 0.987430 0.765086 0.962793 0.767550 0.719824 0.676269 0.033666 0.920221 0.165639 0.410509 0.102940 0.772998 0.343895 0.833619 0.842065
0.388471 1.029300 0.844705 0.833208 0.824859 0.659668 0.658895 0.035913 0.866998 0.163038 0.356521 -0.024942 0.786522 0.338906 0.767570 0.901815
0.357184 0.968374 0.759560 0.916008 0.690332 0.789777 0.587594 0.156836 0.901158 0.225657 0.414942 0.061962 0.776216 0.422728 0.830977 0.968090
0.350058 0.935765 0.743964 0.979658 0.799597 0.775983 0.499852 0.070396 0.903708 0.142886 0.429024 0.117182 0.814655 0.431381 0.852307 0.930419
0.310269 1.033590 0.689304 0.878585 0.683245 0.679252 0.585963 0.037793 0.938518 0.070279 0.401292 0.114441 0.940784 0.375544 0.799204 0.927745
0.421941 1.019761 0.762758 0.897034 0.729169 0.693123 0.602372 0.062549 0.861713 0.209168 0.426109 0.064139 0.911173 0.373715 0.867097 0.977910
0.407444 0.929333 0.745294 0.921308 0.682242 0.779644 0.627046 0.084285 0.757452 0.137264 0.463269 0.063837 0.844188 0.509535 0.787723 0.916715
0.400584 0.864886 0.737539 0.936265 0.766100 0.664236 0.520750 0.076787 0.861959 0.105154 0.409851 0.106958 0.898320 0.332626 0.809396 0.871733
0.318756 1.002028 0.821457 0.980399 0.692711 0.707948 0.499224 0.139115 0.844255 0.164029 0.463506 0.099345 0.814091 0.298651 0.814488 0.899285
0.321174 1.005157 0.742269 0.946025 0.724387 0.724823 0.565065 0.116830 0.814622 0.056866 0.379960 0.102546 0.866201 0.395498 0.787746 0.951633
0.367622 0.952241 0.952685 0.919647 0.726212 0.679068 0.448819 0.057041 0.862409 0.123247 0.534251 0.017251 0.873585 0.435438 0.875837 0.841830
0.439197 0.952623 0.781754 0.860870 0.760223 0.728262 0.576210 0.042906 0.793755 0.161879 0.493414 0.045028 0.865370 0.308051 0.841257 0.870640
0.386420 0.887021 0.823752 0.883511 0.744810 0.688980 0.546877 0.038110 0.800758 0.209834 0.386085 0.081597 0.822082 0.391975 0.882227 0.946558
0.379759 0.924890 0.758173 0.850974 0.780916 0.687743 0.585680 0.138967 0.931355 0.245219 0.488141 0.026931 0.857399 0.369483 0.822654 0.900994
0.398853 0.950437 0.763378 0.950977 0.786530 0.662625 0.588641 0.093893 0.903460 0.173207 0.368580 0.111483 0.830658 0.312295 0.794228 0.950164
0.389808 1.011815 0.730352 0.886183 0.742071 0.713650 0.624595 0.067327 0.898957 0.217811 0.438730 0.067407 0.936365 0.388721 0.837740 0.945231
0.368658 0.924228 0.778420 0.924460 0.815495 0.738392 0.596758 0.048462 0.942262 0.177907 0.418013 0.042853 0.869817 0.357443 0.808345 0.791574
0.391543 0.982650 0.873436 0.801678 0.754867 0.696324 0.655559 0.060263 0.780080 0.201592 0.401062 0.055170 0.758830 0.368671 0.844331 0.942234
0.400374 1.003892 0.801673 0.887473 0.848872 0.751766 0.616815 0.145909 0.875515 0.165220 0.415395 0.077245 0.878930 0.364718 0.787946 0.864146
0.355819 0.981238 0.767398 0.925039 0.810963 0.759932 0.557797 0.087685 0.780017 0.142242 0.390359 0.129459 0.791658 0.327923 0.810336 0.849965
0.366292 0.964680 0.808777 0.853925 0.766685 0.765680 0.567671 0.035740 0.799604 0.158022 0.417240 0.074568 0.841879 0.318636 0.765428 0.843448
0.363607 1.021045 0.779353 0.832740 0.673619 0.743388 0.639446 0.039707 0.833062 0.160171 0.416063 0.061758 0.873490 0.378498 0.784147 0.886457
0.419774 0.982675 0.783470 0.853762 0.801267 0.705117 0.558111 0.046497 0.863071 0.114924 0.507984 0.103497 0.841377 0.374820 0.835220 0.857817
0.362656 0.963357 0.766943 0.954734 0.668498 0.756009 0.529094 0.032384 0.812778 0.161217 0.339981 0.090187 0.792855 0.385594 0.787036 0.774870
0.339939 0.998230 0.736166 0.885073 0.659369 0.705701 0.566446 0.029461 0.884563 0.122515 0.430973 -0.025179 0.827180 0.317368 0.772005 0.829820
0.366535 0.970320 0.818246 0.875210 0.658658 0.723325 0.608464 0.103043 0.919804 0.189089 0.371173 0.105100 0.914573 0.368099 0.806604 0.880762
0.419741 0.963491 0.787855 0.923005 0.797797 0.659739 0.514818 0.030763 0.865483 0.308733 0.408998 0.111429 0.826208 0.379733 0.774416 0.838512
0.342855 1.046551 0.662218 0.860095 0.817728 0.700010 0.620406 0.083616 0.805558 0.149339 0.426826 0.068977 0.840044 0.298139 0.755017 0.862365
0.317849 1.033703 0.712879 0.901542 0.792765 0.732275 0.624175 0.197608 0.890555 0.196128 0.455702 0.089609 0.900205 0.386821 0.846217 0.895960
0.424721 1.005783 0.681565 0.864985 0.767130 0.717904 0.652963 0.095922 0.798368 0.138082 0.427653 0.080642 0.799149 0.376204 0.812931 0.903225
0.300090 1.007978 0.719471 0.877229 0.685847 0.771224 0.677525 0.039452 0.963284 0.111353 0.396717 0.156351 0.864285 0.364873 0.835704 0.902100
0.465215 1.001028 0.800252 0.903322 0.723955 0.665591 0.594315 0.081699 0.852618 0.131643 0.403682 0.125668 0.819315 0.344378 0.849732 0.891705
0.361297 0.902056 0.770173 0.919115 0.726641 0.728749 0.545100 0.125859 0.813976 0.086446 0.373066 0.071384 0.720386 0.285509 0.840161 0.902856
0.274296 0.945545 0.818436 0.860276 0.780854 0.661133 0.641729 0.111228 0.833839 0.207836 0.436929 0.113591 0.786982 0.420019 0.822944 0.815370
0.405298 0.986120 0.762883 0.852923 0.718442 0.668648 0.624331 0.123084 0.807028 0.198827 0.421151 0.083092 0.844192 0.369267 0.764515 0.956699
0.395820 0.990421 0.812469 0.831725 0.720104 0.726802 0.647311 0.042526 0.897503 0.198014 0.455527 0.064976 0.809620 0.329899 0.808305 0.879589
0.325415 0.944153 0.782555 0.955467 0.798518 0.747803 0.590566 0.002777 0.824001 0.141308 0.450977 0.100926 0.814565 0.450492 0.730662 0.831189
0.345309 0.979755 0.819586 0.851843 0.739348 0.679902 0.534522 0.110968 0.870032 0.214839 0.304281 0.140983 0.886878 0.391468 0.738791 0.989809
0.366964 0.938846 0.853136 0.829171 0.759539 0.670779 0.589675 0.090085 0.856586 0.083400 0.383336 0.190451 0.769153 0.495833 0.840798 0.853701
0.391705 0.903247 0.775377 0.912556 0.783560 0.724298 0.649281 0.098356 0.839024 0.196965 0.457074 0.122274 0.839533 0.302699 0.834038 0.859206
0.334417 1.039369 0.772336 0.925984 0.884689 0.779700 0.625983 0.122937 0.826318 0.174863 0.362749 0.104726 0.817030 0.443045 0.710324 0.891014
0.335216 0.930648 0.741915 0.859641 0.767830 0.675873 0.523774 0.116257 0.913174 0.115449 0.420533 0.039900 0.853925 0.398972 0.806359 0.998296
0.360167 0.975665 0.791591 0.878587 0.757751 0.733581 0.548272 0.095705 0.809224 0.124839 0.499159 0.008210 0.864236 0.366308 0.857053 0.877133
0.377336 0.926176 0.721932 0.847033 0.738904 0.721938 0.463014 0.133389 0.904876 0.214963 0.398340 0.099864 0.837374 0.332898 0.847571 0.901953
0.400331 0.952014 0.758772 0.827627 0.750454 0.761181 0.571916 0.041709 0.838369 0.137908 0.450405 0.093693 0.894651 0.381514 0.803229 0.892318
0.276111 0.973412 0.777406 0.869486 0.861665 0.679575 0.589656 0.045359 0.841548 0.209099 0.375504 0.038089 0.824912 0.345472 0.673796 0.809903
0.284997 0.919420 0.731683 0.940373 0.694453 0.628753 0.544496 0.052216 0.856903 0.128597 0.404127 -0.067593 0.958096 0.327622 0.813586 0.865051
0.372964 0.954268 0.829767 0.952807 0.785267 0.714026 0.644131 0.035082 0.846581 0.209806 0.389500 0.078686 0.893858 0.293778 0.819329 0.868990
0.377025 0.856689 0.849244 0.933053 0.763117 0.697517 0.581412 0.139914 0.916046 0.095571 0.518415 0.103564 0.796717 0.358444 0.894640 0.800459
0.378907 1.017478 0.666540 0.800727 0.752806 0.672603 0.529081 0.017059 0.885138 0.166276 0.491562 0.152131 0.813631 0.349607 0.812385 0.931959
0.351598 0.939916 0.754065 0.823852 0.795003 0.759563 0.613567 0.052961 0.823326 0.171925 0.366039 0.036368 0.860267 0.434945 0.681202 0.799166
0.358948 0.934072 0.829886 0.866069 0.705120 0.693466 0.583213 -0.082229 0.879362 0.194440 0.435505 0.056634 0.763671 0.428152 0.893092 0.925887
0.431925 1.005645 0.817634 0.908119 0.799728 0.687193 0.563390 0.102635 0.841844 0.185878 0.520527 0.061214 0.768407 0.405033 0.835446 0.848714
0.276615 0.926990 0.724652 0.923877 0.743246 0.735637 0.617200 0.195136 0.767819 0.147475 0.337685 0.245175 0.805862 0.418459 0.804574 0.840116
0.360745 1.067927 0.802486 0.891579 0.783185 0.749608 0.630917 0.098673 0.869999 0.142806 0.460922 0.066433 0.859453 0.289862 0.725460 0.853355
0.332120 0.925811 0.753153 0.941233 0.747383 0.699538 0.564122 -0.002573 0.891294 0.185236 0.401658 0.073857 0.785981 0.407498 0.756944 0.894172
0.267147 0.950078 0.820561 0.928191 0.840896 0.729336 0.634627 0.038993 0.748458 0.104669 0.371721 0.025440 0.849147 0.433322 0.800429 0.826509
0.387594 1.024977 0.762615 0.836918 0.720963 0.653727 0.646275 0.032819 0.818448 0.187189 0.340400 0.035793 0.857700 0.305538 0.812150 0.899903
0.442973 0.881089 0.730972 0.842782 0.645896 0.702363 0.623586 0.056045 0.816757 0.108392 0.417939 0.029535 0.854724 0.471239 0.947700 0.811069
0.434687 1.032518 0.816183 0.923442 0.657685 0.716851 0.597683 -0.000849 0.794732 0.254713 0.422520 0.020768 0.881261 0.398080 0.736481 0.884996
0.341538 0.877787 0.740944 0.899128 0.797712 0.746033 0.656025 0.062021 0.871852 0.168523 0.475381 0.105758 0.820158 0.432079 0.873790 0.914066
0.269322 0.974260 0.788239 0.833733 0.711187 0.730189 0.651115 0.118166 0.888603 0.119052 0.393891 0.134509 0.838559 0.332827 0.837138 0.850733
0.296317 0.996407 0.688874 0.902259 0.766727 0.749144 0.569250 0.123413 0.774703 0.097375 0.300044 0.122509 0.805803 0.372957 0.781349 0.878039
0.362018 0.951247 0.756812 0.847947 0.691840 0.764549 0.608494 0.143671 0.887019 0.129018 0.367004 0.001200 0.769090 0.341049 0.854900 0.833777
0.323587 0.994398 0.766308 0.902324 0.743168 0.810371 0.515927 0.104424 0.812223 0.224285 0.374320 0.032740 0.834775 0.271657 0.783243 0.817876
0.359687 0.911438 0.687042 0.929158 0.680364 0.688673 0.615551 0.078760 0.827865 0.172423 0.386576 -0.014879 0.838390 0.386559 0.787690 0.897853
0.290507 0.864584 0.826782 0.835434 0.772807 0.632783 0.622673 0.165174 0.876195 0.161863 0.422219 0.044093 0.776383 0.400705 0.853984 0.931361
0.295194 1.011086 0.773342 0.921391 0.723422 0.736341 0.504854 0.097683 0.889927 0.255114 0.430127 0.096886 0.799387 0.445901 0.797031 0.981142
0.313258 0.908472 0.848179 0.837032 0.735179 0.606404 0.577392 0.024181 0.767020 0.153504 0.435841 0.034235 0.840909 0.367667 0.804056 0.850766
0.297439 0.976989 0.729663 0.937938 0.680007 0.639629 0.660151 0.055799 0.872775 0.140647 0.460885 0.074993 0.895389 0.362597 0.820051 0.951669
0.378854 0.897220 0.647739 0.930837 0.718376 0.708979 0.504604 0.052172 0.804866 0.066637 0.486297 -0.033477 0.821644 0.331842 0.774546 0.871490
0.303305 1.002793 0.794384 0.858106 0.676647 0.699687 0.515187 0.084796 0.834304 0.053312 0.448693 0.109566 0.883712 0.300973 0.900315 0.854130
0.314936 0.927427 0.794145 0.777836 0.791503 0.708267 0.594228 0.151486 0.863099 0.105258 0.454367 0.071562 0.757695 0.427447 0.691875 0.920871
0.319716 0.959052 0.793179 0.858453 0.711526 0.786390 0.604719 0.167380 0.846404 0.136142 0.467795 0.124781 0.821870 0.329067 0.821608 0.827888
0.327446 0.896546 0.810430 0.953286 0.793279 0.656120 0.625401 0.084938 0.834710 0.139011 0.394705 0.010188 0.791940 0.381118 0.798613 0.782171
0.344971 0.905036 0.805295 0.919723 0.769988 0.767989 0.630686 0.062390 0.898431 0.170683 0.416706 0.043763 0.897846 0.314616 0.829591 0.795724
0.403693 1.043475 0.784281 0.902700 0.763791 0.760327 0.627854 0.005308 0.814515 0.241117 0.501490 0.055967 0.839541 0.358874 0.829711 0.891087
0.381453 0.950848 0.777074 0.828405 0.811513 0.756608 0.540875 0.031883 0.945911 0.157521 0.449488 0.068493 0.856554 0.402695 0.849175 0.873745
0.337228 0.921382 0.684427 0.843308 0.753216 0.737361 0.580688 0.043003 0.890694 0.234444 0.469447 0.075628 0.808859 0.248624 0.790837 0.873922
0.368582 0.910317 0.784245 0.832415 0.843998 0.613926 0.653933 0.037588 0.912696 0.136491 0.408164 0.100597 0.778020 0.351988 0.712681 0.842365
0.342365 0.974618 0.785437 0.923529 0.755897 0.728123 0.564050 0.049906 0.829940 0.088014 0.400719 0.096070 0.862407 0.448426 0.792944 0.917485
0.378963 0.950756 0.827186 0.779491 0.744382 0.727712 0.570145 0.048086 0.813102 0.153783 0.413986 0.047453 0.855602 0.454899 0.844804 0.801479
0.455747 1.013942 0.827348 0.906220 0.727660 0.761641 0.566674 0.142329 0.851605 0.118478 0.376749 -0.006013 0.915724 0.237998 0.821271 0.915518
0.411141 0.991240 0.760548 0.831776 0.776610 0.664347 0.628893 0.143243 0.827302 0.164346 0.435928 0.146605 0.851544 0.372499 0.823563 0.824572
0.436750 1.029731 0.818649 1.014663 0.737135 0.726905 0.601440 0.180331 0.866151 0.103262 0.425130 0.014793 0.715437 0.355954 0.744043 0.927166
0.377149 1.035146 0.761217 0.765349 0.607782 0.690714 0.564361 0.058967 0.853508 0.158982 0.437244 0.078984 0.905722 0.446053 0.861886 0.827624
0.357728 0.923644 0.750748 0.854803 0.720165 0.685947 0.570078 0.049786 0.916135 0.143052 0.440048 0.164101 0.869573 0.418218 0.822732 0.924522
0.241240 1.000383 0.874192 0.877799 0.762690 0.681250 0.584712 0.093390 0.875925 0.109019 0.392866 0.043553 0.873296 0.447136 0.803877 0.818194
0.301466 1.023432 0.739745 0.949193 0.717799 0.695115 0.546994 0.062011 0.899910 0.140960 0.434801 -0.003616 0.877675 0.380037 0.768196 0.780066
0.333957 0.921591 0.770882 0.881328 0.743261 0.762845 0.611787 0.087799 0.827842 0.153119 0.422417 0.099661 0.852817 0.351065 0.771660 0.832819
0.437431 0.970848 0.754082 0.964348 0.748644 0.700784 0.544813 0.014005 0.917796 0.111126 0.408282 0.036702 0.882649 0.375495 0.789807 0.833611
0.290913 0.983886 0.771980 0.869709 0.807528 0.763227 0.549025 0.129915 0.825288 0.163503 0.448942 0.033156 0.766570 0.385144 0.816842 0.929685
0.310780 1.030560 0.766778 0.902708 0.693500 0.724265 0.550705 0.134539 0.927806 0.135541 0.391351 0.033081 0.832783 0.361645 0.735007 0.937528
0.388993 0.877484 0.769690 0.924724 0.707006 0.729409 0.567814 0.073998 0.715081 0.043788 0.330248 0.116030 0.785164 0.429658 0.800732 0.879019
0.413429 0.986370 0.715337 0.893687 0.699382 0.706781 0.564886 0.095239 0.869218 0.212835 0.466541 0.155372 0.827259 0.329437 0.731109 0.965815
0.313316 0.974025 0.687777 0.920126 0.885290 0.720757 0.575150 0.090499 0.818137 0.231708 0.439974 0.080354 0.808500 0.320601 0.731874 0.806692
0.326552 0.940396 0.757997 0.865675 0.729328 0.721568 0.539321 0.180762 0.835974 0.101374 0.444997 0.099795 0.737334 0.360767 0.744361 0.874342
0.366940 0.894113 0.808329 0.844713 0.755196 0.761671 0.570551 0.096699 0.737121 0.112630 0.358350 0.121537 0.745920 0.419771 0.846745 0.911362
0.437062 0.949212 0.695150 0.896470 0.796548 0.719708 0.597574 0.107816 0.895948 0.144521 0.455010 0.137774 0.839789 0.442409 0.829838 0.942427
0.435524 0.970169 0.777888 1.004799 0.750992 0.701225 0.544089 0.084989 0.770805 0.173600 0.422898 0.029941 0.773370 0.347275 0.723979 0.916434
0.276695 0.981754 0.787377 1.024129 0.747150 0.806840 0.603797 0.162138 0.882590 0.190251 0.389153 0.091321 0.838720 0.434648 0.790516 0.922959
0.374572 0.892172 0.731677 0.807222 0.739916 0.678088 0.585469 0.022146 0.897873 0.162347 0.447938 0.060675 0.866927 0.342822 0.803587 0.800545
0.440446 1.005432 0.816723 0.846930 0.729561 0.794029 0.516325 0.018966 0.784727 0.098544 0.460385 0.041103 0.759414 0.406891 0.748406 0.842018
0.338955 1.004438 0.762452 0.906667 0.845035 0.711190 0.657124 0.049964 0.943380 0.086833 0.478241 0.115520 0.886291 0.334114 0.853593 0.932670
0.327249 0.905029 0.718852 0.883516 0.630838 0.688045 0.558462 0.109728 0.883356 0.079255 0.418700 0.118629 0.848940 0.374832 0.796632 0.795870
0.364534 0.994483 0.747326 0.952320 0.780418 0.789529 0.599385 0.087181 0.857000 0.137474 0.436082 0.027839 0.840141 0.374975 0.811828 0.861269
0.314159 0.930812 0.678306 0.924639 0.831826 0.761569 0.635517 0.108879 0.848427 0.180287 0.513601 0.050925 0.757259 0.445019 0.826213 0.844106
0.352053 0.944819 0.778891 0.848598 0.802676 0.744708 0.551056 0.013563 0.925626 0.109973 0.498392 0.169377 0.753195 0.393786 0.769985 0.897745
0.441147 0.974978 0.704385 0.857143 0.813984 0.703470 0.552126 0.041689 0.781275 0.181002 0.494503 0.194905 0.848924 0.419272 0.821333 0.844529
0.343398 1.001022 0.752715 0.906310 0.718914 0.756141 0.587278 0.077096 0.765158 0.186759 0.417455 -0.018767 0.842193 0.359928 0.763374 0.898470
0.427228 0.965877 0.775237 0.956500 0.814931 0.729370 0.648355 0.106923 0.856400 0.130063 0.396363 0.073653 0.807506 0.314569 0.853523 0.842764
0.395713 0.995742 0.750554 0.937190 0.684267 0.745500 0.546428 0.085063 0.829816 0.126251 0.523817 -0.028300 0.880538 0.343150 0.841580 0.855877
0.408614 0.940368 0.819363 0.906486 0.681909 0.774196 0.587099 0.070240 0.927258 0.202440 0.436274 0.133948 0.921065 0.408803 0.747711 0.863147
0.290589 0.946502 0.688289 0.916771 0.808506 0.700141 0.571546 0.096796 0.849613 0.122286 0.430380 -0.020714 0.804248 0.386596 0.826797 0.923508
0.391742 0.894358 0.759983 0.828836 0.664631 0.692762 0.565955 0.053494 0.891266 0.209569 0.495382 0.102121 0.783554 0.454858 0.790195 0.893419
0.378253 0.919329 0.790864 0.816530 0.720856 0.662611 0.703296 0.099450 0.865937 0.192361 0.420777 0.093993 0.781397 0.337577 0.804676 0.851102
0.389043 0.957215 0.789157 0.915994 0.760322 0.725160 0.569456 0.114128 0.824309 0.177199 0.395135 0.059026 0.822890 0.352391 0.758322 0.900027
0.402881 1.085868 0.753914 0.932649 0.796527 0.667230 0.607390 -0.011760 0.865868 0.139983 0.406858 0.118621 0.767195 0.340346 0.796420 0.866498
0.314777 0.945768 0.781980 0.871313 0.708511 0.713810 0.603147 0.030332 0.882213 0.109026 0.397843 0.058021 0.849736 0.373818 0.799866 0.892834
0.354864 0.940231 0.752424 0.903614 0.769303 0.709337 0.573416 0.077249 0.878388 0.214230 0.435407 0.073326 0.912957 0.329430 0.786738 0.895992
0.405937 0.899041 0.711516 0.804044 0.800898 0.695459 0.630606 0.057510 0.790559 0.069350 0.355163 0.094354 0.863626 0.304472 0.679727 0.890771
0.398833 0.882827 0.709342 0.931409 0.751574 0.692250 0.635002 0.043225 0.776252 0.158244 0.522296 0.045772 0.861499 0.422355 0.880955 0.808003
0.370474 1.022967 0.853213 0.859513 0.730681 0.729024 0.539724 0.155109 0.810363 0.142374 0.388139 0.045473 0.867549 0.428311 0.815680 0.907529
0.328312 0.989619 0.715954 0.968559 0.681303 0.737021 0.551283 0.142711 0.810234 0.139194 0.451615 0.062234 0.831364 0.426346 0.760927 0.843236
0.358326 0.888183 0.746831 0.946193 0.800153 0.764421 0.518174 0.053586 0.831195 0.174741 0.425690 0.086325 0.801857 0.263821 0.821948 0.852727
0.337787 0.928917 0.771498 0.936297 0.801746 0.751404 0.603787 0.094809 0.820737 0.190641 0.358604 0.137178 0.764903 0.335105 0.812455 0.839344
0.398258 0.968418 0.813531 0.832107 0.805679 0.757361 0.589325 0.069619 0.967149 0.120034 0.452748 0.050429 0.846901 0.313661 0.715767 0.951333
0.317392 0.861594 0.685635 0.920352 0.788036 0.659476 0.563479 0.087311 0.802826 0.213061 0.444019 0.040681 0.836642 0.343294 0.831193 0.910432
0.377648 1.006451 0.733442 0.875119 0.732665 0.722321 0.646694 0.091053 0.892279 0.072921 0.396384 0.014996 0.751336 0.352809 0.730798 0.830301
0.433528 0.996697 0.757689 0.999930 0.665594 0.770493 0.584239 0.137430 0.931016 0.194702 0.329871 0.090963 0.809993 0.345205 0.808782 0.931688
0.345060 0.989440 0.811230 0.896649 0.784875 0.674545 0.593850 0.033205 0.722115 0.222533 0.382645 0.047021 0.931775 0.420777 0.798067 0.771069
0.376029 0.938211 0.760294 0.872495 0.795321 0.679085 0.604580 0.134452 0.942268 0.142877 0.317572 0.062933 0.863173 0.348183 0.870311 0.880800
0.252886 0.965220 0.734041 0.906865 0.650940 0.750705 0.637438 0.100166 0.796440 0.107748 0.433766 0.083571 0.757588 0.394365 0.801857 0.814088
0.359703 0.966040 0.689584 0.885896 0.819773 0.683466 0.622718 0.025481 0.822181 0.173436 0.458647 0.137578 0.837074 0.406378 0.806075 0.871309
0.315909 0.957328 0.688817 0.900756 0.710588 0.771541 0.568686 0.114495 0.955695 0.101278 0.502000 0.112327 0.891712 0.299301 0.873954 0.854083
0.368925 0.941868 0.775151 0.826801 0.745795 0.581896 0.585700 0.113743 0.818388 0.096863 0.491363 0.083289 0.927422 0.354318 0.827380 0.901967
0.359557 1.035299 0.768916 0.882333 0.813325 0.682932 0.596706 0.108362 0.866735 0.060208 0.519701 0.070149 0.799527 0.419976 0.785825 0.901115
0.448380 0.944948 0.769945 0.899233 0.784870 0.843988 0.584173 0.101387 0.830607 0.126696 0.457968 0.009825 0.854616 0.326858 0.786957 0.820059
0.289618 0.817571 0.758195 1.001228 0.744579 0.691064 0.605225 0.081559 0.807028 0.227500 0.347316 0.090960 0.817964 0.326162 0.778447 0.937618
0.294489 0.873220 0.883193 0.968692 0.782548 0.741439 0.595846 0.126154 0.851667 0.195205 0.358237 0.067446 0.811637 0.379742 0.763705 0.777601
0.466194 0.965161 0.823499 0.976903 0.732537 0.782554 0.630358 0.152573 0.820773 0.212865 0.417584 0.045890 0.787874 0.384505 0.843635 0.862778
0.341136 0.984169 0.737571 0.857832 0.710342 0.645772 0.591351 0.146560 0.919057 0.152214 0.415904 0.138461 0.851600 0.397647 0.800903 0.909470
0.349897 0.965400 0.785302 0.897969 0.760888 0.623097 0.598632 0.083549 0.760414 0.166186 0.369448 0.041231 0.889948 0.360664 0.781250 0.859813
0.368307 0.927836 0.651962 0.923617 0.792605 0.685667 0.584642 0.147102 0.881917 0.163175 0.417167 0.125951 0.809584 0.319915 0.730767 0.822953
0.262726 1.009780 0.708143 0.904956 0.687756 0.627833 0.670396 -0.003078 0.876502 0.129776 0.403744 0.142002 0.841886 0.455146 0.898817 0.909259
0.330113 0.980245 0.762505 0.917541 0.824236 0.697471 0.650305 0.137784 0.850769 0.134930 0.473333 0.042947 0.817546 0.303625 0.796195 0.859113
0.331250 0.942258 0.829089 0.861984 0.731347 0.769739 0.593474 0.046486 0.873144 0.157840 0.452447 0.073310 0.821027 0.372795 0.834702 0.832647
0.405895 1.006638 0.675910 0.855759 0.786851 0.766681 0.593393 0.006694 0.830396 0.155316 0.330499 0.059255 0.828627 0.291879 0.854795 0.846169
0.453514 0.876546 0.719205 0.860622 0.795968 0.716070 0.608925 0.082890 0.878993 0.166018 0.449694 0.103101 0.772005 0.401124 0.787409 0.890191
0.371201 1.054767 0.788920 0.855833 0.663855 0.767407 0.590887 0.088640 0.869437 0.213088 0.437240 -0.050945 0.778719 0.371878 0.790245 0.860511
0.365616 0.882011 0.748595 0.902389 0.733351 0.761629 0.656552 0.174607 0.854160 0.167569 0.366063 0.081827 0.784265 0.428884 0.876766 0.836932
0.313590 0.946324 0.875679 0.831258 0.756633 0.709403 0.552044 0.153535 0.838215 0.119249 0.355368 0.117986 0.817939 0.303375 0.784879 0.880201
0.368428 1.059174 0.783337 0.916783 0.777893 0.703707 0.657218 0.134784 0.787172 0.095189 0.431672 0.038446 0.896781 0.243948 0.744821 0.806661
0.318488 0.906162 0.802725 0.924912 0.688785 0.697289 0.640705 0.130355 0.882924 0.153196 0.391321 0.176128 0.782687 0.408758 0.886235 0.906792
0.388941 1.023153 0.734449 0.865219 0.782739 0.623470 0.646920 0.055756 0.820477 0.157414 0.414415 0.077151 0.749103 0.341187 0.781579 0.826189
0.399735 0.912203 0.809572 0.835722 0.742449 0.737694 0.653498 0.047631 0.881399 0.063349 0.373136 0.096652 0.763044 0.405029 0.855285 0.926989
0.444649 0.948932 0.823949 0.895593 0.733657 0.670201 0.575319 0.072863 0.786784 0.107982 0.391411 0.080210 0.835477 0.446017 0.696448 0.866902
0.412624 0.945937 0.811953 0.862124 0.692955 0.657150 0.566531 0.040649 0.807477 0.241127 0.428545 0.022614 0.810985 0.497048 0.789433 0.822778
0.319708 0.949145 0.768223 0.883710 0.804410 0.672408 0.539068 0.098699 0.882745 0.160476 0.467602 0.144121 0.963427 0.370883 0.804708 0.833198
0.353688 0.982843 0.693958 0.867514 0.818961 0.727339 0.623890 0.010852 0.859772 0.122591 0.544759 0.071002 0.885573 0.351609 0.738490 0.910952
0.310129 0.924504 0.815455 0.914541 0.792200 0.704739 0.550148 0.067254 0.840091 0.197636 0.419727 0.105874 0.811658 0.344383 0.743046 0.947399
0.275801 1.016969 0.846629 0.953065 0.618696 0.758161 0.596197 -0.069830 0.912337 0.178552 0.446690 0.055279 0.888409 0.446492 0.792271 0.862305
0.449082 0.978838 0.776406 0.899537 0.705975 0.775397 0.611855 0.071518 0.907886 0.162377 0.389290 0.096040 0.861263 0.322928 0.779809 0.898939
0.275923 1.001043 0.849926 0.886169 0.771588 0.748635 0.548842 0.148686 0.836037 0.195960 0.452733 0.142410 0.847566 0.344972 0.821564 0.858857
0.463564 1.053335 0.741322 0.912198 0.758577 0.669028 0.610845 0.092555 0.851009 0.195500 0.444152 0.083723 0.836633 0.395732 0.857501 0.819284
0.371516 1.000364 0.785494 0.858860 0.641574 0.741853 0.571039 0.111618 0.930092 0.165349 0.429627 -0.002386 0.753508 0.393763 0.854189 0.907463
0.457375 0.955783 0.773014 0.941373 0.726387 0.706153 0.578501 0.090094 0.960770 0.182457 0.469302 0.121342 0.888941 0.285841 0.687892 0.777655
0.263097 0.958332 0.678509 0.918123 0.712467 0.797825 0.691312 0.021826 0.850206 0.156277 0.462833 0.028589 0.767934 0.361507 0.731188 0.947331
0.422448 0.893875 0.783464 0.783227 0.815299 0.749851 0.629133 0.082528 0.935224 0.165973 0.362880 0.079346 0.913556 0.309059 0.788482 0.853372
0.331512 0.955195 0.682744 0.886509 0.816198 0.701260 0.602345 0.137626 0.873355 0.157196 0.445041 0.045804 0.859542 0.352513 0.835515 0.920669
0.349972 1.010802 0.749672 0.837317 0.690910 0.741045 0.534991 0.047471 0.828061 0.156587 0.366222 -0.008117 0.847873 0.336219 0.816127 0.910213
0.340119 1.036703 0.716571 0.874978 0.754558 0.770263 0.619145 -0.019214 0.832506 0.076604 0.461602 0.143275 0.700416 0.283155 0.802053 0.896788
0.442806 0.891862 0.701030 0.904901 0.848651 0.709302 0.566760 0.082570 0.815665 0.234162 0.402676 0.015704 0.816853 0.292237 0.837242 0.865137
0.270551 0.854653 0.738350 0.946526 0.735460 0.674708 0.569196 0.091825 0.875660 0.175365 0.434359 0.009653 0.787341 0.342748 0.696871 0.905336
0.318027 0.965691 0.825737 0.878502 0.841375 0.703606 0.640404 0.053464 0.814074 0.121626 0.449003 0.063317 0.842193 0.370667 0.875209 0.952579
0.365688 1.065487 0.821763 0.923172 0.830826 0.744515 0.552763 0.067893 0.862833 0.201761 0.425625 0.065453 0.809394 0.407384 0.813755 0.851757
0.351581 0.974786 0.870761 0.911417 0.742822 0.719826 0.629445 0.176373 0.860692 0.235974 0.421243 0.040263 0.760897 0.418144 0.816829 0.837034
0.289132 0.996252 0.763501 0.955869 0.738595 0.789127 0.489606 0.088829 0.864908 0.217491 0.506029 0.110635 0.865298 0.393956 0.794798 0.884620
0.416235 0.993305 0.866332 0.955036 0.709364 0.755844 0.623695 0.071827 0.889811 0.238700 0.420000 -0.006073 0.799148 0.447741 0.795116 0.764951
0.252128 0.908759 0.762702 0.908533 0.753226 0.668126 0.604380 0.066537 0.815291 0.127014 0.578409 0.060063 0.758107 0.418731 0.703791 0.803993
0.387660 0.934225 0.723818 0.850502 0.783000 0.803351 0.559003 0.099156 0.880484 0.177305 0.368720 0.110497 0.836369 0.412481 0.751768 0.866246
0.272702 0.929864 0.775282 0.864629 0.702424 0.647692 0.652549 0.092699 0.816512 0.127805 0.323183 0.195489 0.779352 0.350436 0.857842 0.859827
0.356821 1.014128 0.806707 0.928769 0.710979 0.789810 0.585891 0.124307 0.748007 0.133193 0.362802 0.129680 0.797111 0.389452 0.888816 0.891002
0.416840 0.946624 0.764936 0.895080 0.811832 0.691175 0.611095 0.092457 0.867531 0.163232 0.519085 0.118488 0.884427 0.413553 0.727756 0.842916
0.415178 0.868488 0.698345 0.864816 0.820527 0.813314 0.618128 0.058277 0.895101 0.156755 0.489747 0.025017 0.837321 0.390926 0.789939 0.976603
0.321818 0.962480 0.828340 0.860068 0.772594 0.649989 0.547906 0.114253 0.819250 0.200446 0.418632 0.090532 0.794891 0.394064 0.845784 0.847742
0.341695 0.923391 0.814207 0.963815 0.726437 0.694648 0.587425 0.007668 0.893256 0.131792 0.459362 -0.050774 0.788303 0.329656 0.797338 0.833360
0.400610 1.006854 0.821195 0.858207 0.779173 0.666145 0.706964 0.094193 0.801512 0.081431 0.431038 0.058207 0.797701 0.394963 0.823571 0.877642
0.342448 0.900955 0.828009 0.866232 0.757993 0.770310 0.630672 0.029913 0.824390 0.106509 0.480347 0.050440 0.750977 0.421981 0.775953 0.835287
0.443435 0.948703 0.826051 0.909066 0.720335 0.755829 0.613177 0.095914 0.788167 0.196247 0.423412 -0.012295 0.859312 0.408012 0.712768 0.801297
0.418202 0.897126 0.823080 0.894647 0.760618 0.715399 0.585034 0.084515 0.766438 0.136347 0.356790 0.173854 0.865339 0.305018 0.884438 0.881758
0.397810 1.012716 0.704472 0.875928 0.692011 0.707208 0.566538 0.107358 0.823949 0.141238 0.448892 0.109738 0.749127 0.457293 0.842588 0.770902
0.341718 0.960604 0.784600 0.823652 0.773599 0.701770 0.657110 0.068403 0.807072 0.071360 0.395426 0.157032 0.841195 0.418516 0.874559 0.934898
0.410388 0.881063 0.735061 0.903565 0.750796 0.699433 0.591560 0.042003 0.826569 0.195403 0.419491 0.056150 0.845524 0.436909 0.800467 0.856476
0.384754 1.037979 0.707590 0.968711 0.754130 0.754861 0.583539 0.001313 0.844791 0.216361 0.362792 0.079864 0.780639 0.400567 0.717595 0.849422
0.433966 0.923186 0.762925 0.844323 0.776775 0.748882 0.594799 0.152022 0.943315 0.136334 0.474522 0.154687 0.870436 0.373983 0.719937 0.784208
0.382646 0.979276 0.846748 0.961505 0.792782 0.752588 0.524838 0.118567 0.864189 0.187411 0.382742 0.041426 0.817153 0.348208 0.762257 0.777835
0.351663 1.005253 0.717778 0.956113 0.632362 0.799726 0.601802 0.148435 0.904047 0.081456 0.391017 0.039273 0.866408 0.441498 0.811530 0.867721
0.333587 0.938980 0.845459 0.897442 0.798559 0.782468 0.555860 0.025709 0.825093 0.210575 0.422658 0.077118 0.792520 0.416800 0.749006 0.971794
0.339666 1.019833 0.825653 0.849708 0.797860 0.773335 0.647386 0.104737 0.814506 0.135487 0.492742 0.101019 0.869356 0.363051 0.787289 0.894430
0.396954 0.989907 0.727686 0.958375 0.729618 0.773177 0.617735 0.008514 0.813044 0.110811 0.499218 0.139836 0.839602 0.393678 0.846283 0.864419
0.331799 0.946933 0.735680 0.895506 0.804082 0.721952 0.566697 0.091370 0.895907 0.151450 0.514138 0.115748 0.822761 0.389246 0.800831 0.939090
0.290460 1.025932 0.738819 0.924511 0.800148 0.794344 0.577319 0.103549 0.834771 0.198411 0.358504 0.156008 0.769141 0.314268 0.763476 0.844554
0.282292 0.975337 0.778522 0.775980 0.748371 0.702564 0.561402 0.059147 0.918290 0.190494 0.576593 0.046147 0.720629 0.445896 0.881539 0.842888
0.344197 0.867215 0.837393 0.824477 0.717215 0.766805 0.597340 0.102412 0.829979 0.110213 0.367756 0.065798 0.865331 0.386281 0.847593 0.849082
0.356782 1.032153 0.679271 0.872509 0.816121 0.709524 0.558734 0.073913 0.884864 0.193104 0.479754 0.072357 0.919228 0.426907 0.815773 0.885780
0.274376 0.917381 0.756787 0.871320 0.739728 0.777612 0.572830 0.062316 0.855262 0.128073 0.400641 0.071560 0.815585 0.366528 0.697902 0.822325
0.374238 0.954713 0.843525 0.879957 0.719281 0.666987 0.563254 0.108530 0.846307 0.139678 0.429556 0.072385 0.866265 0.346091 0.800029 0.857281
0.391736 0.880608 0.823741 0.856314 0.707098 0.738258 0.475240 -0.003900 0.854380 0.149373 0.510895 0.043489 0.889491 0.307111 0.717456 0.838192
0.344445 1.025811 0.802146 0.927602 0.852756 0.628178 0.645358 0.106634 0.856160 0.210967 0.387466 -0.001295 0.793717 0.411696 0.849083 0.878307
0.356114 0.977465 0.788284 0.860778 0.806553 0.673215 0.607125 0.006798 0.886982 0.167526 0.339746 0.055786 0.815342 0.385099 0.852615 0.849307
0.332287 0.888779 0.803873 0.950770 0.647114 0.713809 0.550337 0.031397 0.793149 0.139357 0.474210 0.031717 0.845726 0.460020 0.812563 0.807593
0.376083 1.062781 0.790830 0.870105 0.655095 0.666158 0.576379 0.119845 0.805304 0.295742 0.402858 0.117505 0.764200 0.335482 0.703751 0.911537
0.321207 0.957682 0.736949 0.840043 0.782412 0.779338 0.476519 0.131761 0.830653 0.149167 0.435355 0.088100 0.789737 0.443897 0.792378 0.785241
0.404789 0.899999 0.839464 0.998358 0.734809 0.703321 0.574080 0.060488 0.829351 0.134104 0.421175 0.119083 0.862148 0.240404 0.820184 0.855668
0.375921 0.986165 0.743188 0.926290 0.740101 0.735790 0.613793 -0.017806 0.807980 0.186767 0.518045 0.016132 0.773202 0.365861 0.840583 0.775682
0.276551 0.966193 0.759107 0.819928 0.717668 0.702674 0.626307 0.126992 0.810342 0.141092 0.441381 0.092573 0.889886 0.467651 0.817014 0.780755
0.431837 0.964552 0.827634 0.910196 0.762753 0.726296 0.530544 0.076762 0.765374 0.128584 0.392751 0.046709 0.821274 0.309326 0.768808 0.797743
0.403211 0.832335 0.743709 0.946387 0.767520 0.709529 0.590925 0.115147 0.955187 0.106712 0.436180 0.086349 0.820925 0.352102 0.733789 0.797882
0.372866 0.975473 0.771471 0.789212 0.706396 0.780409 0.566682 -0.047664 0.853144 0.202041 0.429309 0.159520 0.921324 0.317349 0.783840 0.893831
0.369604 0.942383 0.753081 0.873587 0.669156 0.648949 0.546774 0.057737 0.868690 0.171912 0.412079 0.043443 0.886758 0.349779 0.762291 0.773333
0.413260 0.996268 0.873543 0.992489 0.820735 0.686186 0.589667 0.101022 0.953768 0.169550 0.318260 0.088152 0.894577 0.329812 0.718575 0.920294
0.336384 0.835230 0.723659 0.823087 0.765899 0.700857 0.467330 0.132168 0.806079 0.105455 0.396809 -0.071126 0.843811 0.310163 0.759993 0.821062
0.339905 1.001815 0.833941 0.923466 0.750024 0.742403 0.630851 0.079682 0.857638 0.208551 0.516894 0.083705 0.810757 0.339987 0.830943 0.890467
0.430071 0.963310 0.821283 0.982238 0.764304 0.731230 0.573924 0.032529 0.928610 0.130393 0.461528 0.072682 0.864415 0.379331 0.813260 0.845762
0.390251 0.957622 0.791569 0.874018 0.646862 0.723295 0.490693 0.040719 0.856592 0.144000 0.479808 0.003190 0.775616 0.320631 0.850557 0.805659
0.351752 0.933586 0.814620 0.926769 0.747392 0.722679 0.565392 0.086103 0.774249 0.125642 0.404790 0.059380 0.858526 0.277410 0.877404 0.827004
0.337411 0.972511 0.725899 0.890444 0.793567 0.673274 0.527945 0.099325 0.761870 0.340893 0.469553 0.035207 0.834761 0.364399 0.795339 0.828533
0.382876 0.977357 0.888204 1.016832 0.761556 0.664351 0.599135 0.122631 0.772239 0.128291 0.461076 0.074055 0.841801 0.372274 0.746597 0.807865
0.335359 0.957351 0.764452 0.881188 0.719711 0.743981 0.632009 0.065364 0.837018 0.170673 0.465374 0.094185 0.856045 0.332081 0.795973 0.926653
0.396814 0.913326 0.774257 0.865339 0.705824 0.762509 0.562101 0.146598 0.848008 0.138524 0.440526 0.051817 0.806019 0.356183 0.756105 0.839380
0.353062 0.946218 0.912401 0.937528 0.741648 0.771200 0.637947 0.122957 0.819884 0.201705 0.366858 0.143809 0.803246 0.273052 0.906776 0.922023
0.357916 0.963593 0.773391 0.938645 0.627225 0.763884 0.660470 0.065392 0.879597 0.185241 0.509742 0.037274 0.843260 0.344424 0.785305 0.834069
0.401769 0.872960 0.789806 0.881473 0.690069 0.613002 0.545143 0.108434 0.905956 0.020647 0.458939 0.036310 0.889593 0.366697 0.807104 0.864216
0.377549 1.034486 0.829742 0.807845 0.716776 0.686018 0.665766 0.102426 0.869557 0.110047 0.477890 0.029583 0.856839 0.365519 0.861816 0.879155
0.284835 1.086239 0.667465 0.961760 0.778570 0.721548 0.607390 0.048436 0.856160 0.183293 0.449630 0.110899 0.966483 0.378172 0.880306 0.883635
0.374815 0.937924 0.749122 0.851627 0.755574 0.711169 0.569762 0.147025 0.762152 0.076096 0.431094 0.090456 0.808752 0.376782 0.775201 0.861532
0.401867 0.956902 0.776382 1.026926 0.701972 0.766254 0.590249 0.034377 0.843377 0.080459 0.531158 0.102146 0.804424 0.357746 0.712396 0.872140
0.329473 0.951126 0.688457 0.855186 0.774346 0.715040 0.539912 0.089575 0.825980 0.166470 0.417645 0.084992 0.791683 0.305854 0.894594 0.829558
0.428523 1.045312 0.698128 0.816083 0.769623 0.721700 0.652744 0.050693 0.820867 0.207145 0.564179 -0.019047 0.867367 0.386537 0.811499 0.863933
0.350549 0.832831 0.747946 0.857773 0.665572 0.697004 0.614959 0.093811 0.879090 0.161682 0.473758 0.079673 0.854671 0.344398 0.843224 0.872037
0.431069 0.942052 0.787475 0.918667 0.668376 0.767507 0.679968 0.084630 0.781892 0.152883 0.404056 0.101967 0.857001 0.345754 0.812973 0.822105
0.360758 0.926388 0.722244 0.915245 0.748317 0.687450 0.680678 0.151800 0.830727 0.062773 0.512889 0.059902 0.834031 0.457815 0.836455 0.812995
0.273704 1.014453 0.813502 0.824555 0.786537 0.668844 0.578808 0.118844 0.902181 0.180916 0.368154 0.199600 0.837594 0.342155 0.888803 0.955749
0.324310 0.990697 0.782977 0.894142 0.743895 0.642851 0.633461 0.116691 0.788864 0.140874 0.499080 0.034107 0.788244 0.433795 0.799756 0.816169
0.320533 0.985264 0.724159 0.883519 0.781110 0.666762 0.534721 0.078718 0.890381 0.215409 0.373445 0.090174 0.855460 0.328300 0.822046 0.835403
0.375690 1.038991 0.811623 0.876102 0.754179 0.711060 0.583226 0.050002 0.830190 0.192541 0.477798 0.093094 0.810849 0.239637 0.850552 0.890378
0.271080 0.946313 0.804128 0.921310 0.695227 0.726291 0.649545 0.093103 0.922631 0.173514 0.429450 0.034428 0.854602 0.307946 0.797044 0.897745
0.370726 0.951964 0.768015 0.748942 0.646080 0.790249 0.632575 0.051677 0.904346 0.176976 0.468888 0.141677 0.747462 0.420652 0.727457 0.796219
0.343339 0.970936 0.816555 0.839545 0.726756 0.790586 0.629730 0.177688 0.801250 0.160704 0.379716 0.023496 0.795132 0.305241 0.850982 0.867785
0.306355 0.925982 0.761000 1.011581 0.819576 0.733449 0.592358 0.023977 0.845624 0.213323 0.445692 0.060492 0.760428 0.390443 0.703386 0.817521
0.399943 0.933732 0.852176 0.941286 0.734933 0.726898 0.526757 0.064510 0.796084 0.219860 0.458498 0.013324 0.834203 0.291804 0.892113 0.813277
0.408289 1.034694 0.704496 0.985671 0.732689 0.699814 0.533469 0.109342 0.924061 -0.006369 0.319306 0.055511 0.860780 0.438679 0.805870 0.872270
0.431563 0.943530 0.760362 0.984176 0.692802 0.685347 0.541172 0.134662 0.866811 0.138622 0.464107 0.095903 0.800001 0.300718 0.814070 0.902342
0.308815 0.925238 0.830469 0.892550 0.699117 0.708537 0.635104 0.070868 0.835979 0.127734 0.480175 0.147502 0.793462 0.352475 0.759779 0.823352
0.393000 1.025403 0.749406 0.970183 0.654193 0.729632 0.631317 0.086328 0.879235 0.090943 0.327300 0.044376 0.827320 0.355921 0.732797 0.855752
0.333819 1.044865 0.776338 0.908312 0.761885 0.673271 0.504326 -0.001766 0.836098 0.184253 0.460335 0.147506 0.813446 0.395846 0.760483 0.867404
0.367303 1.000260 0.771509 0.940897 0.726187 0.705098 0.616382 0.083551 0.853293 0.198332 0.498229 0.079151 0.825396 0.360253 0.801215 0.825645
0.452817 0.926360 0.683708 0.842365 0.767367 0.726016 0.694789 0.038872 0.760236 0.160699 0.329165 0.233784 0.841032 0.396105 0.822884 0.882009
0.397680 0.973005 0.877995 0.926201 0.712816 0.670546 0.525891 0.111121 0.837912 0.182299 0.380393 0.066419 0.823584 0.324602 0.866840 0.840555
0.411276 1.029614 0.908408 0.862595 0.736332 0.710124 0.557738 0.089030 0.842414 0.160146 0.393702 0.116810 0.787278 0.328487 0.765904 0.920683
0.332906 0.945783 0.824970 0.840481 0.700344 0.799826 0.497364 0.092988 0.860251 0.191027 0.422485 0.121657 0.806092 0.322972 0.737374 0.818266
0.391414 1.039504 0.805019 0.906962 0.782094 0.731955 0.597695 0.052411 0.845168 0.169171 0.359745 0.054598 0.873792 0.386811 0.755094 0.767703
0.425939 0.874157 0.824616 0.894349 0.766380 0.625037 0.564496 0.084555 0.877026 0.184789 0.461037 0.035609 0.780467 0.292397 0.793572 0.848129
0.295308 0.992882 0.834273 0.899699 0.801706 0.735044 0.591657 0.072312 0.877808 0.172187 0.413767 0.139584 0.876933 0.395758 0.820585 0.858507
0.439874 0.987145 0.793807 0.894180 0.679803 0.788479 0.633537 0.134118 0.885044 0.249042 0.507013 0.099298 0.784819 0.360898 0.810442 0.833609
0.349154 1.031496 0.687769 0.921450 0.760163 0.820094 0.625110 0.043248 0.797999 0.211749 0.460714 0.109569 0.844745 0.349432 0.764912 0.807545
0.421923 0.908873 0.828198 0.840303 0.842723 0.690346 0.594040 -0.046953 0.779565 0.101650 0.328239 0.059074 0.757763 0.420559 0.833521 0.882011
0.343519 0.918765 0.690353 0.781871 0.786043 0.722893 0.723675 0.141642 0.866888 0.175558 0.475919 0.046909 0.744291 0.295914 0.846814 0.871970
0.351262 0.960120 0.790083 0.889486 0.746542 0.698820 0.515614 0.043066 0.870358 0.151324 0.510549 0.112834 0.767503 0.390353 0.770640 0.752642
0.350602 0.914089 0.851203 0.852892 0.698777 0.689868 0.529703 0.036863 0.829363 0.157661 0.410190 0.086430 0.804591 0.428038 0.825713 0.786091
0.411985 0.937902 0.733836 0.971699 0.737151 0.699744 0.494535 0.049519 0.965170 0.106089 0.472659 0.077078 0.821889 0.346786 0.805232 0.878199
0.372562 0.952563 0.779094 0.932081 0.825405 0.773445 0.656265 0.089215 0.837305 0.181333 0.491982 0.065713 0.895817 0.368427 0.755959 0.874298
0.296625 0.930508 0.813322 0.901311 0.759828 0.747271 0.599850 0.027817 0.826232 0.139868 0.489522 0.153083 0.794644 0.467000 0.801934 0.879222
0.363108 0.981058 0.787491 0.965000 0.711538 0.691308 0.599509 0.061083 0.865796 0.170045 0.452804 0.127486 0.775688 0.291305 0.752859 0.818221
0.413879 1.013625 0.776349 0.853272 0.702101 0.709670 0.457345 0.089321 0.806699 0.140810 0.387491 0.091248 0.843472 0.367850 0.739637 0.883734
0.386655 1.010530 0.731324 0.884522 0.820587 0.676915 0.671429 0.107105 0.949790 0.046797 0.401106 0.068080 0.878024 0.371547 0.789769 0.792323
