1000 12 600
0.045401 0.274758 0.573344 0.073208 0.462567 0.910138 0.452757 0.062710 0.184363 0.516975 0.124718 0.427941
-0.006038 0.234157 0.566288 0.083381 0.562954 0.955733 0.436826 -0.015478 0.190901 0.557758 0.082396 0.375747
0.063234 0.151310 0.556828 -0.035747 0.480754 0.964470 0.471537 0.017829 0.126034 0.507027 0.094592 0.379449
0.161632 0.184333 0.582719 0.056747 0.554597 0.947654 0.488381 0.058655 0.160353 0.571628 0.165823 0.415484
-0.031972 0.173849 0.593167 0.019710 0.506405 1.010043 0.355345 0.081205 0.104198 0.546021 0.060987 0.313482
0.111527 0.278711 0.490738 -0.020120 0.576120 0.907919 0.460123 0.014022 0.116306 0.529856 0.099122 0.384937
0.140726 0.222752 0.638944 0.137114 0.410896 0.995566 0.487322 0.090831 0.225200 0.552619 0.198220 0.394263
0.052120 0.232198 0.614406 0.106515 0.502311 0.935972 0.447028 0.069654 0.177418 0.519190 0.122009 0.406066
-0.009025 0.243486 0.542111 0.104037 0.421985 1.004539 0.566257 0.026556 0.184535 0.510680 -0.024927 0.410433
0.024907 0.190468 0.608175 0.032996 0.395827 1.042499 0.463070 0.146875 0.217381 0.622026 0.122571 0.388453
0.089675 0.253455 0.535596 0.012445 0.534287 0.971252 0.413446 0.022209 0.106536 0.559748 0.189227 0.459278
0.141161 0.202947 0.617986 0.099176 0.520519 0.955048 0.427127 0.081186 0.224738 0.545304 0.097406 0.457515
0.156476 0.232181 0.493381 0.085539 0.455075 0.924689 0.407172 0.087373 0.037007 0.584362 0.123021 0.404107
0.208732 0.173197 0.476404 0.065969 0.469049 0.959198 0.520958 0.125451 0.171400 0.567210 0.044491 0.332111
0.069634 0.156911 0.510000 -0.003131 0.493781 0.936753 0.554228 0.096643 0.134059 0.454433 0.129337 0.367249
0.020267 0.214811 0.601479 0.046833 0.517960 0.935947 0.507895 0.143147 0.100003 0.509599 0.131768 0.347209
0.055848 0.208609 0.519041 0.081024 0.468500 1.000396 0.450297 0.052459 0.119240 0.526330 0.176538 0.397192
0.137543 0.118122 0.520623 0.091543 0.493710 1.031613 0.427306 0.090621 0.086188 0.591664 0.127723 0.402461
0.118876 0.237070 0.623592 0.024570 0.491445 1.033098 0.417812 0.143696 0.127587 0.620957 0.108229 0.405479
0.042265 0.258121 0.571103 0.064044 0.520614 0.983567 0.425370 0.029050 0.255123 0.464596 0.184470 0.369570
0.097282 0.295669 0.571456 0.082132 0.471499 1.007480 0.443452 0.094724 0.128041 0.544420 0.156470 0.378314
0.115301 0.267311 0.581116 0.118709 0.595397 0.965151 0.541137 0.063622 0.162940 0.514788 0.060633 0.347928
0.110312 0.261534 0.656128 0.073470 0.504125 0.972132 0.474112 0.079733 0.227109 0.398110 0.142502 0.292733
0.042590 0.281930 0.531951 0.068408 0.433036 1.004758 0.468109 0.009117 0.121182 0.536432 0.193715 0.409144
0.091270 0.167924 0.582701 0.062429 0.515695 1.006230 0.455531 0.044700 0.185685 0.575392 0.165418 0.332403
0.166000 0.136602 0.569556 0.038337 0.509942 0.960041 0.421130 0.042657 0.222942 0.530452 0.127666 0.381752
0.089293 0.136690 0.579647 -0.023379 0.518336 1.003277 0.458043 0.084866 0.152314 0.628651 0.191659 0.381270
0.027592 0.195933 0.563968 0.030053 0.516913 0.986990 0.506013 0.114363 0.130141 0.537621 0.047530 0.361058
0.110115 0.192101 0.477700 0.104807 0.542579 1.009832 0.602371 0.096762 0.175720 0.502408 0.125742 0.377156
0.097780 0.231144 0.513859 0.088435 0.501361 0.899720 0.460350 0.145009 0.244683 0.585306 0.051267 0.434225
0.046255 0.086508 0.525949 0.029358 0.437446 0.983506 0.535630 0.158112 0.313226 0.566458 0.112608 0.335082
0.136577 0.322331 0.564139 0.082588 0.443913 0.985822 0.500658 0.073023 0.173827 0.551526 0.147799 0.428504
0.092677 0.240913 0.558892 0.139299 0.466108 0.998861 0.518968 0.103595 0.118757 0.546482 0.079500 0.479385
0.130422 0.164601 0.501608 0.058180 0.535166 0.937721 0.493603 0.081651 0.233413 0.510327 0.073707 0.334424
0.137291 0.172410 0.558070 0.052242 0.477227 0.953785 0.521845 0.036948 0.171645 0.575448 0.115418 0.323244
0.117794 0.198002 0.510598 0.054675 0.545921 0.977262 0.534194 0.026722 0.272816 0.518879 0.101925 0.333068
0.036625 0.245452 0.421251 0.124267 0.475751 0.967736 0.537016 0.077770 0.141719 0.556186 0.089306 0.412846
0.048036 0.248610 0.560378 0.031906 0.535964 0.917092 0.529718 -0.007055 0.163090 0.506173 0.066689 0.351198
0.194481 0.226058 0.515083 -0.060665 0.404586 1.050755 0.511289 0.074894 0.221595 0.513781 0.110053 0.316406
0.085696 0.173969 0.486727 0.118464 0.448984 1.037614 0.541055 0.076831 0.113676 0.618161 0.113843 0.337204
0.118151 0.221510 0.519458 0.084617 0.548011 1.042321 0.443791 0.026002 0.202059 0.560036 0.169140 0.353108
0.024366 0.274579 0.602993 0.181747 0.562602 0.988436 0.503876 0.057045 0.170229 0.519827 0.070641 0.332107
0.107447 0.205511 0.598664 0.131605 0.511770 1.046514 0.531706 0.055014 0.175628 0.506177 0.063599 0.388514
0.105622 0.283374 0.565220 0.110028 0.447237 0.947210 0.476515 0.059608 0.206802 0.469603 0.060819 0.307422
0.107188 0.198570 0.554008 0.084641 0.469271 0.947281 0.557015 0.123528 0.156919 0.492262 0.103357 0.391555
0.076309 0.266034 0.589136 0.059499 0.400777 0.970097 0.501532 0.056944 0.177770 0.612932 0.158063 0.414585
-0.044904 0.225674 0.598700 0.148111 0.505682 0.966898 0.406243 0.087361 0.148000 0.525644 0.045266 0.394694
0.046288 0.244929 0.576078 0.026999 0.484161 0.955287 0.438012 0.073740 0.140595 0.576110 0.152596 0.306097
-0.003269 0.177524 0.523042 0.094043 0.471023 0.975418 0.519417 -0.074596 0.241886 0.596049 0.132248 0.341206
0.045017 0.309643 0.490270 0.057993 0.557248 0.976533 0.471657 0.019886 0.177989 0.511765 0.072200 0.396922
0.129734 0.160546 0.607214 0.041768 0.445323 1.020014 0.504926 0.177676 0.141696 0.548977 0.062035 0.414933
0.039645 0.140414 0.583660 0.071326 0.494558 0.931623 0.484293 0.117457 0.201685 0.520366 0.175634 0.424270
-0.002401 0.228691 0.579796 0.055636 0.523530 1.009391 0.478281 -0.007107 0.190750 0.511218 0.154241 0.406901
0.162891 0.208837 0.615791 0.105290 0.456566 0.989147 0.453702 0.093698 0.085988 0.508776 0.076369 0.300902
0.116559 0.256577 0.532554 0.040284 0.448078 1.035001 0.476437 0.104879 0.268312 0.544451 0.165895 0.427539
0.109307 0.186660 0.505979 -0.012543 0.423223 0.996853 0.482387 0.122550 0.153550 0.487744 0.065375 0.462935
0.072517 0.208657 0.541779 0.082089 0.443519 1.048988 0.553154 0.155922 0.020506 0.646329 0.055776 0.290699
0.084511 0.195808 0.703792 0.082978 0.534184 0.942232 0.471037 0.078929 0.228149 0.487733 0.138498 0.414636
0.166212 0.243657 0.570531 0.097634 0.533696 0.970770 0.448809 0.102611 0.136650 0.558007 0.150304 0.360008
0.149188 0.284992 0.522152 0.030690 0.477127 1.104317 0.483440 0.021990 0.073537 0.545763 0.055372 0.348706
0.014515 0.195918 0.540490 0.129547 0.515656 1.030261 0.488248 0.061773 0.157097 0.467066 0.163792 0.461346
0.102327 0.208674 0.590478 0.030388 0.548040 0.966196 0.507999 0.036233 0.204553 0.496971 0.075567 0.407887
-0.010174 0.256858 0.623508 0.109343 0.456476 0.997049 0.489700 0.066865 0.116720 0.559256 0.144976 0.381668
0.092867 0.175013 0.652821 0.157317 0.535664 0.991719 0.467709 0.097014 0.190951 0.633118 0.161200 0.408699
0.104829 0.114000 0.534441 0.110131 0.580527 0.951093 0.434056 0.114663 0.218162 0.552260 0.143244 0.348931
0.160492 0.164658 0.574952 0.094274 0.497334 0.998022 0.457958 0.062887 0.172374 0.559833 0.128417 0.402342
0.074586 0.216129 0.599479 0.074434 0.478799 0.971707 0.408306 0.060079 0.100799 0.588201 0.210214 0.396745
0.078029 0.142929 0.610404 0.077863 0.356403 0.975075 0.448747 0.057431 0.227889 0.580696 0.124989 0.306665
0.050336 0.253123 0.548944 0.109450 0.638295 0.886957 0.452743 0.121185 0.147769 0.507496 0.224783 0.417793
0.054617 0.301551 0.529295 0.084153 0.471624 0.953669 0.505126 0.117373 0.137743 0.541013 0.072795 0.391485
0.038145 0.184805 0.467614 0.020720 0.511735 0.883842 0.467226 0.149637 0.128155 0.613667 0.096345 0.346937
0.177526 0.224539 0.628126 0.054492 0.461740 1.000772 0.467593 0.091012 0.152564 0.553185 0.022163 0.408088
0.051752 0.206477 0.535932 0.111597 0.404434 1.011309 0.498349 0.139069 0.299391 0.501828 0.078326 0.354342
0.055522 0.247447 0.565617 0.124165 0.533259 1.041651 0.463172 0.036201 0.111225 0.519555 0.101460 0.308761
0.073528 0.197997 0.534137 0.018233 0.471411 0.985643 0.496179 0.049530 0.186713 0.626308 0.186914 0.357806
0.108473 0.240137 0.525683 0.080231 0.460946 0.965634 0.487246 0.105151 0.177154 0.485315 0.064192 0.367638
0.018209 0.081831 0.496548 0.183505 0.434755 0.977097 0.543092 0.081755 0.142398 0.483450 0.137379 0.394742
0.098392 0.245702 0.598239 0.095381 0.461767 0.977099 0.486685 0.082756 0.183416 0.587509 0.123381 0.404721
0.052480 0.256528 0.584977 0.090026 0.506152 0.990121 0.530617 0.121381 0.130083 0.500195 0.143402 0.400382
0.105816 0.132865 0.593921 0.012928 0.489209 0.988385 0.480907 0.059458 0.112585 0.463184 0.113983 0.385663
-0.061074 0.317256 0.475824 0.039621 0.582883 1.038387 0.449525 0.156010 0.193700 0.513096 0.130950 0.412764
0.038959 0.158399 0.577410 0.058573 0.435036 0.958635 0.477325 0.037535 0.202375 0.546964 0.098839 0.408682
0.037551 0.151349 0.491469 0.003059 0.485071 1.023806 0.512447 0.138112 0.206087 0.492744 0.103208 0.387485
0.067257 0.186904 0.516381 0.057719 0.465817 0.956873 0.428395 0.128056 0.087117 0.531784 0.165893 0.377768
0.131491 0.152813 0.601310 0.084977 0.473658 0.929098 0.526426 0.015007 0.162055 0.565677 -0.023931 0.452633
0.162584 0.173869 0.539914 0.137248 0.501537 1.042140 0.543188 0.080320 0.181868 0.505315 0.061228 0.420834
0.144344 0.209146 0.609028 -0.005060 0.484456 0.933609 0.436441 -0.056307 0.186687 0.552071 0.133526 0.417107
0.082983 0.227188 0.539549 0.047572 0.547865 0.922091 0.482608 0.028289 0.115953 0.603795 0.067190 0.316923
0.043852 0.249199 0.641855 0.059909 0.466521 0.983443 0.488757 0.049978 0.184174 0.551257 0.114015 0.333573
0.083569 0.187604 0.531957 0.109490 0.532937 1.011557 0.440132 0.042141 0.200943 0.502759 0.085945 0.322802
0.035714 0.189263 0.526916 -0.015340 0.470109 0.962461 0.539862 0.051715 0.218395 0.503658 0.127476 0.368263
0.130956 0.229822 0.536521 0.154352 0.427921 1.047198 0.449369 0.114821 0.178958 0.428876 0.154827 0.335243
0.082042 0.149197 0.588632 0.173677 0.503071 0.927489 0.516364 0.071358 0.121261 0.528077 0.135983 0.459674
0.068289 0.185361 0.641826 0.153093 0.452404 0.949182 0.525797 0.119249 0.068981 0.520618 0.181994 0.453871
0.072108 0.270784 0.595792 0.084998 0.394938 1.050783 0.497585 0.077413 0.180776 0.579575 0.044601 0.450119
0.035693 0.095382 0.518973 0.047320 0.535877 1.088382 0.515963 0.093644 0.065636 0.570738 0.164140 0.348617
0.043133 0.213985 0.563963 0.112432 0.517861 0.930821 0.421461 0.030976 0.286093 0.491008 0.078936 0.350634
0.052191 0.271168 0.521640 0.105624 0.511808 0.990248 0.432941 0.078247 0.085124 0.593062 0.110029 0.393313
0.049060 0.267140 0.515305 0.059200 0.471933 1.019845 0.483651 0.096877 0.149618 0.559377 0.118645 0.294427
0.122533 0.217084 0.527657 0.179285 0.480701 0.992807 0.519088 0.095316 0.182268 0.509361 0.083892 0.350355
0.067226 0.145784 0.611965 0.047270 0.433137 1.021619 0.507312 0.145721 0.108460 0.584303 0.121498 0.390686
0.024808 0.232226 0.635591 0.044635 0.441479 0.990621 0.475747 0.026117 0.168972 0.476680 0.155958 0.353922
0.189629 0.224576 0.541238 0.094817 0.556830 0.992692 0.521226 0.088963 0.168294 0.580775 0.098847 0.506215
0.009457 0.192636 0.571235 0.108772 0.464373 1.019341 0.538819 0.065446 0.157097 0.500246 0.073592 0.400682
0.058948 0.184447 0.547982 0.116251 0.436796 1.043630 0.482351 0.065441 0.184490 0.518079 0.070810 0.400791
0.063497 0.281916 0.589804 0.009048 0.503873 0.995477 0.453812 0.110846 0.094425 0.582574 0.117847 0.389077
0.155044 0.157569 0.595979 0.050185 0.429008 1.061282 0.565804 0.018489 0.187473 0.450238 0.157527 0.422640
0.090887 0.203682 0.594412 0.061929 0.537136 0.922418 0.472693 0.053461 0.072842 0.514143 0.088947 0.395322
0.095404 0.185485 0.601060 0.130010 0.425099 0.988724 0.352008 0.095832 0.291690 0.492637 0.118725 0.351110
0.042422 0.272714 0.553314 0.089618 0.480282 0.871984 0.451857 0.022084 0.184970 0.492843 0.073932 0.364435
0.105555 0.283541 0.548125 0.111068 0.548983 1.007790 0.508578 0.088719 0.141468 0.518817 0.209150 0.337777
0.095610 0.243998 0.564805 0.107862 0.520901 0.992198 0.478575 0.095059 0.109061 0.531839 0.114898 0.449944
-0.006947 0.242588 0.552841 0.142927 0.467176 0.949445 0.528364 0.025470 0.174220 0.518645 0.051234 0.336296
0.111411 0.200390 0.658856 0.048767 0.513898 0.942271 0.465133 0.145674 0.013885 0.518875 0.158101 0.280816
0.043844 0.187932 0.515845 0.104948 0.495981 1.038517 0.554612 0.068716 0.124357 0.516790 0.167974 0.370425
0.059431 0.194747 0.507736 0.074571 0.404559 0.979320 0.518709 0.056042 0.153893 0.589213 0.157766 0.282607
0.055044 0.241320 0.558078 0.032399 0.519342 0.923577 0.448950 0.129611 0.200838 0.475121 0.194907 0.431279
0.153915 0.207821 0.609848 0.178219 0.547438 0.917771 0.518638 0.112014 0.205157 0.526385 0.109196 0.418230
0.100719 0.176850 0.588875 0.114653 0.499083 0.968921 0.488124 0.053541 0.269856 0.505199 0.095837 0.422762
0.037794 0.263976 0.605261 -0.010473 0.457698 0.939466 0.524880 0.045460 0.223582 0.556488 0.060834 0.487013
0.155143 0.152124 0.517703 0.195709 0.448474 0.938080 0.496737 0.072581 0.142217 0.504860 0.002566 0.429605
0.047285 0.172858 0.573751 0.084404 0.521787 0.971427 0.456089 0.167166 0.284686 0.559204 0.109610 0.391525
0.143276 0.174543 0.603545 0.135534 0.481021 0.915625 0.474133 -0.012875 0.164302 0.588316 0.036982 0.442962
0.040534 0.188316 0.521633 0.007205 0.434342 0.940800 0.498591 0.075780 0.187331 0.454687 0.086922 0.326597
0.119956 0.135339 0.578507 0.004810 0.531127 0.929041 0.369173 0.101800 0.130851 0.566191 0.140440 0.333161
0.074809 0.199139 0.577057 0.012337 0.495350 0.985005 0.532152 0.107108 0.107928 0.641225 0.126348 0.290494
0.111000 0.114593 0.538365 0.064570 0.552406 1.051302 0.486494 0.140846 0.154674 0.479980 0.051939 0.392965
0.053522 0.209855 0.526161 0.095270 0.533629 0.985178 0.403674 0.066160 0.186146 0.545222 0.116272 0.428537
0.084044 0.223062 0.588938 0.009241 0.452517 0.984044 0.602751 0.101147 0.176043 0.493895 0.123001 0.449512
0.116298 0.177843 0.563543 0.053407 0.510745 0.992090 0.530558 0.037158 0.112413 0.588067 0.087541 0.357282
-0.015038 0.120820 0.490391 0.073988 0.493312 1.010795 0.441614 0.124460 0.152139 0.493341 0.063031 0.480550
0.084149 0.227024 0.616047 0.136200 0.465725 1.059152 0.529736 0.127334 0.156875 0.540271 0.157612 0.327347
0.029415 0.119024 0.578281 0.099742 0.573115 0.946026 0.544024 0.029740 0.151764 0.472567 0.070574 0.402561
0.072038 0.219937 0.523086 0.017369 0.466971 1.039630 0.456013 0.032028 0.092867 0.475841 0.030654 0.357910
0.025047 0.192586 0.503194 0.066562 0.425136 0.971376 0.471015 0.016937 0.203178 0.519383 0.110547 0.405473
0.143106 0.143627 0.496608 -0.023031 0.460674 0.964752 0.491825 0.096979 0.157741 0.511672 0.159370 0.385462
0.047668 0.195033 0.570484 0.052775 0.419962 0.944371 0.517901 0.051863 0.160421 0.531528 0.053878 0.385385
0.081043 0.274584 0.515126 0.131171 0.578673 0.996365 0.578390 0.130359 0.223571 0.523241 0.144192 0.342389
0.052987 0.140368 0.662714 0.097066 0.524350 0.946071 0.469319 0.045919 0.025426 0.458477 0.070296 0.365889
-0.007870 0.132303 0.603225 0.105511 0.517709 0.947569 0.525314 -0.002816 0.187812 0.567110 0.172738 0.331976
0.084898 0.200948 0.524904 0.052459 0.507120 1.052046 0.452255 0.072947 0.210297 0.507308 0.147994 0.453408
0.080732 0.183444 0.570415 0.108423 0.525642 0.964305 0.570485 0.159039 0.174930 0.539684 0.153852 0.271264
0.052284 0.188564 0.551543 0.053386 0.420917 1.034134 0.526337 0.087819 0.215476 0.646869 0.004724 0.380789
0.080180 0.242495 0.543032 0.133306 0.592547 1.028799 0.487291 -0.000683 0.168019 0.561001 0.040315 0.382419
0.071311 0.116414 0.575929 0.004720 0.487663 0.974800 0.452615 0.048239 0.299496 0.483643 0.101456 0.331873
0.044134 0.189699 0.518480 0.111770 0.427073 0.970507 0.449778 0.087055 0.182393 0.520347 0.142119 0.372523
0.093919 0.185949 0.548530 0.129639 0.515978 0.914939 0.463658 0.034426 0.183899 0.503135 0.128839 0.345477
0.105556 0.129447 0.541424 0.085332 0.496491 0.980161 0.475617 0.090462 0.220304 0.546784 0.076591 0.293278
-0.013012 0.185119 0.541960 0.068247 0.555626 0.992755 0.416760 0.111665 0.107152 0.514599 0.053531 0.385705
0.065834 0.210860 0.583020 0.088232 0.477656 1.080909 0.515398 0.039539 0.182969 0.559258 0.061065 0.443736
0.038676 0.162080 0.513711 0.090502 0.461297 0.932773 0.505404 0.051186 0.143612 0.489389 0.161349 0.416206
0.097230 0.101378 0.546616 0.160103 0.500609 0.934661 0.524733 0.094101 0.169939 0.461253 0.132266 0.291742
0.063568 0.262673 0.539363 0.069229 0.555785 1.046519 0.438270 0.095248 0.050248 0.611140 0.081132 0.369747
0.114899 0.117918 0.576698 0.055568 0.481450 0.990775 0.439416 0.014436 0.231565 0.487355 0.146507 0.437572
0.140708 0.156292 0.523195 0.048601 0.537481 0.960114 0.505967 0.079768 0.194806 0.539188 0.136005 0.414038
-0.032923 0.178236 0.628195 0.098301 0.453581 0.892475 0.516543 0.023232 0.174017 0.601539 0.120052 0.470055
0.100396 0.225758 0.538220 0.136293 0.381363 0.919491 0.377633 0.127922 0.033778 0.551411 0.106533 0.397108
0.090535 0.225278 0.662845 0.141431 0.470244 0.885556 0.451948 0.148432 0.111945 0.502510 0.158201 0.420866
0.095077 0.195101 0.576383 0.203055 0.440673 0.960520 0.477789 0.117045 0.217668 0.513950 0.122312 0.344311
0.069136 0.236259 0.591127 0.041036 0.522917 1.032567 0.523677 0.090824 0.276097 0.589659 0.146338 0.399347
0.060348 0.153370 0.539949 0.182368 0.462220 0.995390 0.403050 0.146945 0.199550 0.532513 0.053883 0.307269
0.155233 0.165746 0.570467 0.145603 0.504081 0.925411 0.480731 0.121250 0.171293 0.590598 0.049613 0.400841
0.067103 0.156882 0.550221 0.076777 0.394760 0.928016 0.578932 0.058278 0.153056 0.503375 0.112281 0.357845
0.168580 0.259410 0.563656 0.060718 0.443571 0.938601 0.499686 0.141233 0.167068 0.636558 0.117599 0.378552
0.051591 0.279159 0.557161 0.071029 0.444067 1.126382 0.412485 0.091869 0.069817 0.523863 0.071716 0.315469
0.031455 0.156712 0.564330 0.134888 0.525322 0.909656 0.519987 0.089467 0.158735 0.517470 0.128066 0.414041
0.072411 0.173861 0.491119 0.094456 0.558378 1.018402 0.514377 -0.034923 0.084410 0.500405 0.144514 0.360023
0.523030 0.386341 0.161377 0.802881 0.212562 0.613066 0.444889 0.883672 0.495401 0.654438 0.162473 0.511715
0.613180 0.385977 0.169376 0.766758 0.325617 0.626479 0.296768 0.841217 0.491820 0.776988 0.120572 0.526915
0.514529 0.329838 0.179210 0.787902 0.244838 0.586219 0.484343 0.860962 0.554571 0.795989 0.118170 0.638796
0.508403 0.313515 0.143701 0.733037 0.223531 0.595683 0.475072 0.739603 0.494910 0.736818 0.159022 0.651565
0.506312 0.302075 0.156115 0.864474 0.203233 0.509673 0.502826 0.817906 0.467006 0.830306 0.147063 0.611706
0.512466 0.331446 0.112865 0.838490 0.253339 0.655723 0.511459 0.834513 0.454159 0.717784 0.141355 0.564258
0.544358 0.339304 0.262565 0.894536 0.263775 0.567611 0.439340 0.820623 0.425286 0.705710 0.144755 0.604007
0.597057 0.352489 0.138879 0.817138 0.146481 0.595943 0.381946 0.794074 0.390784 0.824936 0.149060 0.566308
0.565810 0.323903 0.109969 0.804886 0.332231 0.573657 0.504171 0.814828 0.531339 0.737060 0.178028 0.537694
0.532542 0.396367 0.210702 0.755860 0.209386 0.568691 0.393587 0.762734 0.427956 0.745095 0.141862 0.547363
0.499049 0.302307 0.173169 0.906720 0.190953 0.538367 0.451300 0.922600 0.501006 0.686514 0.115907 0.609056
0.461605 0.328523 0.243150 0.829029 0.246497 0.608134 0.473339 0.960326 0.489897 0.785744 0.174601 0.620660
0.605559 0.314832 0.221598 0.762024 0.359239 0.518993 0.376151 0.818563 0.484180 0.684780 0.227999 0.626759
0.493949 0.252582 0.200856 0.723972 0.165736 0.550586 0.492356 0.866831 0.564751 0.869166 0.198138 0.655249
0.619177 0.310413 0.142537 0.751182 0.222578 0.603089 0.501286 0.777542 0.408734 0.692609 0.221234 0.566228
0.451791 0.364367 0.106971 0.827174 0.291842 0.599952 0.421938 0.781270 0.364544 0.822556 0.236578 0.554624
0.620582 0.313402 0.084335 0.858043 0.246691 0.513163 0.395676 0.868255 0.508537 0.785575 0.128655 0.507201
0.509750 0.306145 0.195443 0.776755 0.258986 0.555452 0.425269 0.903744 0.505859 0.717461 0.069723 0.540221
0.549919 0.348591 0.132750 0.873967 0.208228 0.496912 0.502711 0.838267 0.450121 0.851131 0.254437 0.528118
0.525166 0.328532 0.223167 0.744231 0.263488 0.557859 0.431104 0.816788 0.373504 0.663256 0.202808 0.679898
0.516775 0.295007 0.155262 0.788989 0.207118 0.570548 0.368196 0.818880 0.505217 0.804940 0.258365 0.566452
0.555119 0.267166 0.279758 0.796289 0.277990 0.502527 0.454632 0.820727 0.516280 0.760537 0.101674 0.561777
0.554131 0.237209 0.198409 0.854038 0.223223 0.517208 0.469480 0.854203 0.464499 0.728980 0.220082 0.537518
0.594845 0.347310 0.231279 0.748052 0.240193 0.667898 0.515896 0.824384 0.430622 0.810181 0.142784 0.594742
0.612495 0.278561 0.243821 0.853682 0.258745 0.553373 0.553716 0.750717 0.464158 0.733509 0.145856 0.647211
0.571778 0.309068 0.194445 0.765330 0.256711 0.561104 0.422801 0.867336 0.521300 0.752342 0.086905 0.643178
0.509984 0.373426 0.161191 0.791326 0.268040 0.499092 0.532088 0.852980 0.448987 0.726540 0.223398 0.469862
0.635186 0.305542 0.121756 0.793614 0.258978 0.563120 0.482877 0.855969 0.512649 0.620547 0.156434 0.583116
0.466724 0.318025 0.112013 0.777011 0.215709 0.584929 0.454295 0.793315 0.509673 0.849338 0.098124 0.595409
0.455366 0.289019 0.136698 0.833567 0.282545 0.544633 0.379039 0.889189 0.495099 0.793880 0.244350 0.564626
0.593294 0.327720 0.228931 0.846615 0.294575 0.639864 0.393201 0.814963 0.340437 0.696950 0.177997 0.522031
0.472381 0.418669 0.167882 0.722909 0.283734 0.473511 0.483361 0.820950 0.456354 0.724362 0.205840 0.550097
0.613132 0.315531 0.135107 0.720101 0.242727 0.566612 0.403753 0.817138 0.518152 0.683629 0.075365 0.497806
0.504224 0.225721 0.129625 0.786284 0.131837 0.640638 0.447439 0.800214 0.476692 0.802300 0.261816 0.657313
0.609379 0.412194 0.215037 0.665591 0.324309 0.635333 0.486435 0.881453 0.486973 0.771519 0.244610 0.517621
0.572679 0.356509 0.089051 0.799239 0.202872 0.570366 0.458116 0.794563 0.505588 0.805274 0.197200 0.561303
0.508109 0.281346 0.146610 0.741595 0.269658 0.560009 0.452922 0.837263 0.481705 0.706117 0.133970 0.554192
0.521684 0.323594 0.100766 0.814316 0.199711 0.564173 0.452207 0.928833 0.433865 0.728845 0.208794 0.606588
0.556288 0.295581 0.144589 0.764580 0.283313 0.621888 0.425014 0.791289 0.621128 0.786540 0.192886 0.592706
0.688560 0.332424 0.194133 0.806162 0.165434 0.480400 0.511243 0.950047 0.501796 0.726591 0.168274 0.533365
0.588397 0.326789 0.098413 0.824030 0.225648 0.508027 0.466843 0.872322 0.390037 0.760207 0.147876 0.609207
0.523275 0.310762 0.113898 0.863048 0.278699 0.543432 0.505756 0.835773 0.470036 0.722288 0.157104 0.468397
0.599506 0.346742 0.189548 0.826016 0.234241 0.611792 0.437517 0.819996 0.417392 0.780167 0.105274 0.567469
0.489257 0.240564 0.182261 0.859002 0.200430 0.542783 0.394743 0.914863 0.470982 0.782878 0.156049 0.507509
0.599332 0.393113 0.228866 0.843636 0.315147 0.575707 0.474385 0.855386 0.469944 0.795646 0.211943 0.608117
0.443699 0.250722 0.119194 0.747095 0.269258 0.594842 0.462836 0.867158 0.453955 0.743909 0.158457 0.619596
0.505374 0.368043 0.224984 0.759384 0.234080 0.581748 0.444922 0.805992 0.541417 0.796618 0.180002 0.528847
0.498490 0.372776 0.153225 0.792530 0.294473 0.593580 0.355461 0.798041 0.509734 0.738231 0.227680 0.504127
0.595751 0.319583 0.107315 0.810149 0.191267 0.601307 0.520644 0.839353 0.452396 0.802099 0.142888 0.645936
0.511334 0.301459 0.261649 0.759577 0.167274 0.623738 0.430146 0.826089 0.418046 0.783095 0.105686 0.500005
0.522627 0.294649 0.139930 0.863875 0.237350 0.669395 0.482022 0.874294 0.428984 0.857861 0.136452 0.645806
0.474888 0.255698 0.124924 0.831026 0.264497 0.607793 0.486914 0.890998 0.525096 0.807269 0.159719 0.569260
0.532668 0.228563 0.165554 0.809216 0.361257 0.611557 0.411133 0.835468 0.386987 0.720745 0.095315 0.496401
0.505221 0.344511 0.115052 0.792307 0.256922 0.563120 0.430467 0.936345 0.473168 0.682555 0.159587 0.542586
0.524093 0.222206 0.129116 0.832794 0.281912 0.654398 0.474104 0.928718 0.400412 0.846192 0.143357 0.575176
0.673652 0.396853 0.160141 0.857349 0.229676 0.579653 0.434889 0.891496 0.447273 0.674153 0.176477 0.531520
0.603456 0.333223 0.035713 0.895140 0.258413 0.509631 0.516587 0.885073 0.333168 0.753679 0.257660 0.610183
0.569920 0.375013 0.124294 0.774651 0.267058 0.610257 0.451037 0.903499 0.404131 0.777504 0.106688 0.622762
0.531141 0.357968 0.244046 0.785728 0.239409 0.613082 0.483762 0.786120 0.446307 0.821414 0.214503 0.559619
0.545623 0.327921 0.098650 0.783673 0.294768 0.510140 0.497601 0.820738 0.405682 0.720801 0.171150 0.532372
0.647333 0.327353 0.198371 0.778236 0.111034 0.616691 0.419774 0.795323 0.487685 0.707435 0.111952 0.600416
0.554505 0.343687 0.208050 0.781029 0.200917 0.574526 0.488922 0.872084 0.482481 0.827108 0.331795 0.508273
0.476091 0.319114 0.088058 0.810339 0.267076 0.489482 0.478526 0.889155 0.466900 0.842407 0.127363 0.526754
0.549589 0.244910 0.271882 0.804577 0.237736 0.535200 0.408561 0.876137 0.421422 0.700747 0.219517 0.486802
0.559612 0.330300 0.226478 0.806938 0.282323 0.571458 0.415850 0.745065 0.491533 0.769456 0.019381 0.580477
0.494807 0.291489 0.087822 0.904772 0.234911 0.553038 0.457098 0.918217 0.465739 0.696924 0.099636 0.638634
0.617538 0.263121 0.109152 0.819713 0.207191 0.583176 0.427393 0.860135 0.438731 0.673413 0.156164 0.589282
0.664021 0.306316 0.187897 0.779319 0.246258 0.430092 0.453599 0.933087 0.432753 0.629968 0.107631 0.522289
0.592774 0.328479 0.104074 0.800367 0.300063 0.566309 0.481975 0.808858 0.430387 0.737255 0.177122 0.556300
0.626758 0.297547 0.168970 0.829004 0.212998 0.660216 0.473915 0.924750 0.433042 0.819158 0.172018 0.496349
0.529779 0.272205 0.109438 0.858875 0.302564 0.590604 0.431406 0.819061 0.478545 0.725573 0.232553 0.612116
0.566186 0.339675 0.127315 0.779084 0.150661 0.586544 0.406740 0.773045 0.357121 0.731423 0.189049 0.542855
0.658618 0.352841 0.131429 0.774964 0.264633 0.503028 0.492458 0.797855 0.425478 0.762776 0.137343 0.553191
0.578124 0.360624 0.181201 0.887413 0.209833 0.521762 0.426566 0.872106 0.529346 0.695156 0.150650 0.544164
0.496206 0.303123 0.158482 0.805260 0.283568 0.490376 0.530857 0.894572 0.506836 0.819503 0.230401 0.569264
0.617210 0.376332 0.132380 0.886330 0.178342 0.575686 0.503973 0.864913 0.496977 0.736217 0.106771 0.613498
0.539583 0.208139 0.115917 0.792886 0.246322 0.625968 0.486912 0.879907 0.459345 0.774959 0.130965 0.532291
0.513351 0.229919 0.217036 0.766596 0.238719 0.537502 0.534398 0.889259 0.507378 0.738271 0.162507 0.605536
0.558110 0.368417 0.199862 0.850759 0.305624 0.590350 0.409383 0.873680 0.574383 0.713465 0.208860 0.528233
0.565311 0.398641 0.007284 0.721740 0.237591 0.498032 0.505605 0.894451 0.379387 0.749263 0.097174 0.592011
0.536023 0.289878 0.237727 0.788531 0.189750 0.523672 0.387673 0.879983 0.455529 0.831054 0.219045 0.507831
0.576445 0.307192 0.050829 0.825074 0.278159 0.480423 0.465095 0.851870 0.551093 0.721104 0.126529 0.621625
0.551247 0.409315 0.138960 0.813899 0.209286 0.652275 0.455064 0.787103 0.436794 0.760209 0.141749 0.545405
0.498015 0.353011 0.118625 0.842363 0.213033 0.519381 0.409227 0.859225 0.476527 0.765634 0.276752 0.563894
0.599620 0.314433 0.159045 0.777288 0.222249 0.571893 0.343151 0.913213 0.543238 0.721873 0.142683 0.610146
0.591877 0.300005 0.156467 0.751924 0.258479 0.569194 0.433370 0.934637 0.499372 0.732209 0.250616 0.663984
0.570573 0.244584 0.152844 0.873855 0.265276 0.575000 0.478971 0.820400 0.449867 0.824029 0.102896 0.631641
0.526504 0.271983 0.151439 0.873098 0.267738 0.598374 0.396183 0.792939 0.461248 0.742172 0.234084 0.607480
0.567212 0.384768 0.172056 0.765009 0.230774 0.670036 0.410325 0.845261 0.385649 0.831084 0.128519 0.542652
0.550706 0.282990 0.137207 0.803003 0.250424 0.503978 0.450128 0.815691 0.552246 0.840488 0.069844 0.575703
0.578657 0.371503 0.140274 0.791535 0.220533 0.610885 0.414583 0.846231 0.470927 0.646176 0.165990 0.535434
0.540600 0.258111 0.108658 0.765373 0.300246 0.592231 0.498779 0.860944 0.544978 0.800770 0.112872 0.612109
0.562506 0.316112 0.158804 0.751837 0.250957 0.516791 0.414494 0.825608 0.352355 0.649528 0.210919 0.556803
0.575189 0.386625 0.248209 0.827586 0.211105 0.570623 0.436339 0.798398 0.493278 0.799921 0.216958 0.589347
0.472629 0.295658 0.141227 0.794397 0.267990 0.570306 0.453004 0.780344 0.503759 0.776961 0.248219 0.574247
0.515195 0.292079 0.122930 0.761954 0.280649 0.558466 0.453558 0.812447 0.476126 0.800912 0.105556 0.569938
0.527465 0.348636 0.192114 0.767081 0.171912 0.583101 0.486811 0.931793 0.544395 0.694590 0.223967 0.614786
0.472743 0.228781 0.155125 0.698713 0.359924 0.586651 0.351716 0.885044 0.493390 0.667979 0.175265 0.497911
0.562851 0.316206 0.126615 0.793010 0.228055 0.542454 0.409411 0.746049 0.439200 0.723716 0.097599 0.549391
0.430308 0.318333 0.148559 0.765797 0.245584 0.565599 0.459008 0.828202 0.430969 0.776147 0.132160 0.591543
0.483438 0.329670 0.277516 0.820748 0.361532 0.567351 0.458787 0.811212 0.480263 0.788463 0.155029 0.606583
0.532958 0.300159 0.111768 0.840293 0.195122 0.543023 0.441188 0.843336 0.489979 0.716928 0.183543 0.592204
0.597586 0.396914 0.120304 0.899366 0.267742 0.621960 0.474332 0.841498 0.458068 0.783560 0.184956 0.599652
0.503711 0.342884 0.227412 0.814790 0.174453 0.624330 0.562778 0.906709 0.443596 0.770086 0.153454 0.599783
0.502426 0.282186 0.099106 0.855479 0.318421 0.661326 0.378994 0.886260 0.459166 0.749429 0.137310 0.485455
0.523859 0.328747 0.141392 0.749479 0.287647 0.624423 0.354177 0.895422 0.526535 0.825572 0.244287 0.577718
0.544146 0.368002 0.093367 0.726649 0.242131 0.564436 0.421326 0.924425 0.492393 0.827614 0.193270 0.492708
0.499431 0.327156 0.199203 0.831414 0.179991 0.531315 0.470289 0.873464 0.496939 0.811131 0.210463 0.625815
0.535832 0.376840 0.166573 0.860865 0.321715 0.560533 0.512576 0.822166 0.491614 0.720502 0.154100 0.431129
0.508413 0.306486 0.209380 0.843788 0.212111 0.613507 0.509800 0.892657 0.481870 0.775160 0.244510 0.550992
0.523273 0.328627 0.196236 0.778280 0.267877 0.524500 0.474664 0.809371 0.597635 0.676290 0.147891 0.650813
0.560912 0.334982 0.110147 0.802620 0.252562 0.551730 0.435626 0.779523 0.500673 0.792328 0.149038 0.578226
0.623034 0.369115 0.177318 0.780971 0.190169 0.545978 0.357823 0.852870 0.466018 0.687319 0.092975 0.482259
0.536888 0.301284 0.159450 0.784886 0.293207 0.525787 0.500452 0.829122 0.471563 0.729917 0.117599 0.529805
0.594165 0.326292 0.152132 0.881615 0.305209 0.580094 0.497804 0.791299 0.488064 0.740369 0.170208 0.589258
0.519895 0.326004 0.097247 0.833770 0.237155 0.586808 0.425600 0.951851 0.448225 0.739834 0.207818 0.608320
0.499611 0.353322 0.220780 0.806847 0.281547 0.530442 0.467192 0.836617 0.541996 0.760667 0.287984 0.507524
0.505140 0.303736 0.108915 0.898032 0.319229 0.586668 0.489782 0.810249 0.480475 0.768953 0.110625 0.633276
0.558594 0.317351 0.124585 0.799840 0.292512 0.577156 0.430765 0.908836 0.486187 0.749082 0.163096 0.605480
0.531609 0.342286 0.160095 0.835292 0.255602 0.609801 0.450773 0.890034 0.361667 0.814404 0.085591 0.638914
0.590572 0.344706 0.161696 0.849124 0.325973 0.607532 0.469530 0.858255 0.447199 0.810048 0.167227 0.493471
0.535008 0.336435 0.070192 0.874381 0.208249 0.460502 0.477330 0.825703 0.481878 0.708513 0.186128 0.560574
0.588448 0.270911 0.127378 0.737974 0.274661 0.587748 0.499877 0.883275 0.442549 0.798404 0.206704 0.540657
0.526758 0.395757 0.215008 0.850507 0.279472 0.539764 0.400290 0.855088 0.484161 0.843270 0.121510 0.587597
0.521846 0.350913 0.189618 0.815151 0.241512 0.531619 0.483663 0.790114 0.478971 0.744128 0.173233 0.558330
0.511729 0.260773 0.202647 0.811017 0.207722 0.545613 0.454562 0.836107 0.468938 0.754216 0.203083 0.644609
0.465086 0.231183 0.134163 0.809363 0.290722 0.604077 0.371124 0.803735 0.436969 0.713793 0.221525 0.613830
0.565830 0.308402 0.112353 0.773630 0.253066 0.574061 0.483356 0.773017 0.486975 0.785095 0.276213 0.582054
0.619757 0.346066 0.179759 0.786450 0.307023 0.590191 0.347970 0.733312 0.472385 0.695433 0.143852 0.540686
0.629636 0.350816 0.139800 0.795826 0.277942 0.613953 0.415420 0.804607 0.481595 0.756857 0.109700 0.560386
0.535157 0.433507 0.297052 0.831066 0.232923 0.543358 0.386558 0.903220 0.466103 0.710651 0.183447 0.617290
0.539088 0.258378 0.117084 0.741828 0.273452 0.441874 0.458511 0.873291 0.536382 0.759606 0.224026 0.625046
0.596770 0.268205 0.144909 0.831187 0.312274 0.590323 0.447562 0.935270 0.456144 0.739358 0.120680 0.541216
0.534539 0.277288 0.146692 0.795599 0.174818 0.634700 0.444030 0.954685 0.448456 0.664188 0.212406 0.574989
0.508675 0.330470 0.082210 0.855424 0.198383 0.476881 0.418620 0.862595 0.410172 0.771645 0.146955 0.546354
0.657655 0.419180 0.176930 0.827891 0.211941 0.569630 0.490374 0.740052 0.427864 0.745710 0.199878 0.652200
0.511987 0.271058 0.077867 0.805582 0.224034 0.496276 0.436313 0.848230 0.419866 0.718867 0.195647 0.591116
0.544221 0.458009 0.168680 0.864379 0.197336 0.585925 0.504217 0.894229 0.403134 0.772302 0.156530 0.530232
0.503250 0.353708 0.154694 0.817939 0.224851 0.577985 0.465427 0.848846 0.482164 0.764561 0.107499 0.604751
0.590716 0.310952 0.150995 0.794162 0.192508 0.548336 0.524692 0.900556 0.455552 0.648681 0.251324 0.558218
0.554543 0.352866 0.130777 0.785725 0.224380 0.534102 0.474563 0.926808 0.483628 0.751141 0.073906 0.467067
0.594425 0.348132 0.198741 0.802276 0.280646 0.470615 0.513180 0.814673 0.514562 0.713068 0.125405 0.508837
0.629927 0.254637 0.155239 0.715705 0.236510 0.532142 0.410152 0.862383 0.408449 0.789424 0.180945 0.668184
0.617890 0.306302 0.198192 0.764342 0.243939 0.639397 0.433666 0.833112 0.437516 0.731877 0.122324 0.554656
0.525680 0.380631 0.224198 0.849895 0.271975 0.466905 0.464460 0.775969 0.361970 0.747206 0.200492 0.586554
0.528316 0.270158 0.078731 0.763188 0.246562 0.648406 0.375411 0.786810 0.398690 0.748703 0.225670 0.615530
0.511907 0.341379 0.210059 0.828538 0.280700 0.578950 0.495064 0.850920 0.439025 0.869428 0.190089 0.584725
0.663508 0.310976 0.150099 0.857767 0.244682 0.543189 0.442262 0.905022 0.479160 0.730101 0.162307 0.584922
0.556561 0.304405 0.149473 0.785029 0.275888 0.455822 0.431725 0.770526 0.476702 0.838507 0.138719 0.556912
0.545027 0.332513 0.184392 0.858049 0.293937 0.607866 0.455478 0.831439 0.453860 0.745111 0.109753 0.550877
0.509450 0.310738 0.081222 0.682609 0.273590 0.548551 0.415021 0.867531 0.399511 0.820459 0.194066 0.649565
0.521246 0.386055 0.119400 0.775126 0.256002 0.468899 0.442065 0.904666 0.478010 0.808620 0.187941 0.551382
0.591524 0.280161 0.157300 0.782268 0.285188 0.614706 0.514911 0.856660 0.499025 0.844117 0.222803 0.488190
0.517203 0.234910 0.166414 0.776453 0.266215 0.531765 0.413847 0.813003 0.468940 0.798138 0.229894 0.480528
0.528324 0.364245 0.161920 0.728710 0.197736 0.567670 0.434353 0.746050 0.519852 0.751432 0.113013 0.526619
0.528502 0.350924 0.162671 0.824147 0.234993 0.558328 0.478256 0.881296 0.467630 0.751375 0.253387 0.444877
0.472538 0.367892 0.138292 0.901853 0.189739 0.600565 0.418078 0.910244 0.490017 0.723427 0.195615 0.561913
0.507059 0.315132 0.156433 0.784841 0.240018 0.613583 0.554563 0.867127 0.518699 0.724904 0.202133 0.627162
0.521437 0.288978 0.117641 0.839045 0.223917 0.528845 0.436484 0.906851 0.483759 0.747970 0.143814 0.600711
0.555854 0.274979 0.159842 0.858250 0.157612 0.667877 0.424449 0.843803 0.433782 0.779557 0.129015 0.532286
0.536408 0.404773 0.209449 0.823624 0.189470 0.651613 0.393581 0.879293 0.490144 0.724441 0.162993 0.512946
0.487787 0.327249 0.139662 0.878762 0.242754 0.574523 0.438376 0.845829 0.468942 0.823744 0.166493 0.585957
0.423930 0.357413 0.196941 0.774672 0.190444 0.628253 0.472418 0.855559 0.572927 0.657700 0.094861 0.530638
0.533673 0.383426 0.126213 0.786884 0.246604 0.520427 0.455484 0.845936 0.440752 0.779966 0.158354 0.576840
0.561593 0.393314 0.141548 0.738894 0.264531 0.549518 0.577356 0.846167 0.549330 0.733263 0.178233 0.599550
0.569277 0.313596 0.148931 0.772527 0.252488 0.595618 0.472573 0.769526 0.508724 0.748602 0.182487 0.545831
0.602216 0.274820 0.145305 0.855136 0.221686 0.572190 0.504332 0.818401 0.429503 0.815770 0.158107 0.526745
0.518436 0.390256 0.170839 0.863053 0.304191 0.480463 0.500383 0.884912 0.433957 0.829309 0.138652 0.568403
0.579544 0.307588 0.088393 0.790266 0.200823 0.496312 0.479140 0.815669 0.438520 0.845108 0.128607 0.478400
0.542609 0.408677 0.176652 0.788592 0.315347 0.515067 0.431043 0.878787 0.544136 0.804868 0.168909 0.592017
0.599077 0.328326 0.164666 0.783571 0.188780 0.516069 0.525800 0.849240 0.280131 0.860870 0.218974 0.676301
0.587234 0.354659 0.166775 0.805134 0.306161 0.550444 0.432157 0.860578 0.489872 0.691846 0.168424 0.577619
0.558621 0.360587 0.140092 0.825331 0.278482 0.594127 0.504652 0.952502 0.472543 0.817300 0.209051 0.552656
0.523504 0.330772 0.188502 0.782938 0.301718 0.625265 0.497632 0.829215 0.495455 0.694716 0.163667 0.591014
0.526374 0.377985 0.085769 0.800188 0.203810 0.623263 0.507565 0.876378 0.522778 0.735806 0.119218 0.589165
0.640666 0.299546 0.185831 0.767695 0.261644 0.611208 0.442415 0.836491 0.480032 0.737471 0.209164 0.503288
0.506064 0.333972 0.144564 0.757793 0.242287 0.503907 0.483991 0.888766 0.373958 0.825595 0.133474 0.609540
0.543798 0.283617 0.133032 0.814799 0.237159 0.532824 0.451645 0.785988 0.441734 0.787441 0.104936 0.514663
0.545710 0.260721 0.191467 0.881185 0.248522 0.575590 0.471548 0.846711 0.396209 0.601100 0.193022 0.588940
0.554733 0.365327 0.168683 0.832751 0.235675 0.591365 0.450064 0.941066 0.414459 0.777102 0.141073 0.572011
0.553670 0.347019 0.230243 0.731209 0.226733 0.631493 0.519514 0.801177 0.389587 0.697677 0.190290 0.622732
0.514581 0.343132 0.216615 0.803466 0.224354 0.602709 0.394081 0.922204 0.527559 0.778886 0.221816 0.565476
0.505019 0.343807 0.209739 0.859687 0.166714 0.472809 0.410979 0.781071 0.453449 0.770458 0.132967 0.558065
0.573480 0.400386 0.157182 0.786186 0.280633 0.569408 0.409586 0.837014 0.413475 0.780546 0.066915 0.546912
0.573214 0.298866 0.039783 0.811009 0.237811 0.459490 0.476442 0.834174 0.445064 0.770890 0.222703 0.597671
0.569028 0.273354 0.181523 0.795351 0.277196 0.590195 0.541079 0.880389 0.496603 0.769664 0.149742 0.521945
0.496232 0.291631 0.147422 0.862023 0.224833 0.547974 0.468402 0.769343 0.525371 0.794876 0.156157 0.549487
0.429477 0.342134 0.111424 0.767937 0.320828 0.480817 0.487758 0.922274 0.493618 0.755656 0.128980 0.582443
0.492322 0.362615 0.124426 0.715155 0.249251 0.584034 0.454130 0.801691 0.557458 0.790718 0.237464 0.549196
0.529384 0.281788 0.230428 0.797752 0.192505 0.510092 0.432255 0.795726 0.357948 0.790067 0.111856 0.583703
0.581766 0.325527 0.199982 0.738198 0.274192 0.468116 0.537749 0.878629 0.487259 0.710366 0.224491 0.597547
0.599796 0.310546 0.209015 0.834481 0.311621 0.546331 0.420162 0.822587 0.535773 0.767049 0.083013 0.678018
0.613825 0.272422 0.184053 0.832395 0.152482 0.543667 0.454000 0.801070 0.484821 0.780212 0.147166 0.645245
0.439617 0.323336 0.167417 0.744151 0.132971 0.576370 0.398363 0.898265 0.511290 0.875457 0.094315 0.504920
0.533601 0.326764 0.210148 0.853606 0.312243 0.640687 0.368471 0.838318 0.447406 0.702900 0.106768 0.518567
0.504716 0.301061 0.184021 0.737547 0.171074 0.551543 0.463255 0.793692 0.445169 0.767950 0.124042 0.529223
0.590285 0.336692 0.226417 0.841310 0.272041 0.606982 0.516444 0.887333 0.394060 0.717097 0.208363 0.574308
0.580952 0.339390 0.186468 0.788920 0.244693 0.539379 0.508378 0.861791 0.541394 0.781929 0.202741 0.662004
0.560004 0.244658 0.212135 0.920061 0.250608 0.608684 0.519513 0.782815 0.514466 0.787046 0.207137 0.674703
0.533232 0.227292 0.137343 0.837638 0.219723 0.602577 0.481895 0.899654 0.484902 0.723534 0.203938 0.534446
0.576065 0.348940 0.184916 0.769827 0.225193 0.539774 0.430702 0.810321 0.437244 0.766491 0.107793 0.646368
0.539548 0.273519 0.162644 0.787930 0.301423 0.515126 0.411699 0.930230 0.436983 0.722473 0.174923 0.641923
0.576332 0.299762 0.130514 0.735182 0.231234 0.634175 0.381287 0.824209 0.501073 0.776682 0.242683 0.512013
0.527319 0.358683 0.110053 0.756471 0.211853 0.557655 0.449991 0.816777 0.436413 0.772785 0.286765 0.608349
0.486358 0.369545 0.211587 0.817264 0.229854 0.615605 0.436295 0.851094 0.548966 0.804919 0.191810 0.535878
0.534594 0.347377 0.232091 0.774392 0.240661 0.581631 0.450073 0.868344 0.489720 0.815096 0.147471 0.508061
0.538232 0.347289 0.139094 0.881750 0.127566 0.610127 0.412596 0.867099 0.371307 0.741806 0.099572 0.570002
0.521014 0.325660 0.178839 0.842511 0.169679 0.538417 0.415010 0.887240 0.547084 0.636880 0.129316 0.544158
0.570398 0.342026 0.153650 0.796383 0.171608 0.521346 0.494291 0.718346 0.514322 0.715915 0.049544 0.583722
0.536577 0.415907 0.154728 0.882884 0.305875 0.546394 0.450919 0.963603 0.474615 0.728104 0.159925 0.647734
0.558805 0.272820 0.186410 0.755677 0.203533 0.469444 0.504509 0.839480 0.433118 0.803577 0.161782 0.542326
0.527906 0.212974 0.155656 0.812253 0.127533 0.575477 0.448002 0.875566 0.475232 0.748389 0.167467 0.573225
0.575601 0.328565 0.222015 0.761650 0.351666 0.543478 0.510234 0.849772 0.446215 0.777893 0.132387 0.546972
0.494845 0.366642 0.129022 0.777957 0.283996 0.531553 0.471545 0.842250 0.499272 0.803914 0.131695 0.609271
0.633790 0.294424 0.177397 0.786726 0.242412 0.551304 0.501316 0.843104 0.430898 0.694425 0.220169 0.578380
0.520984 0.318491 0.091321 0.802121 0.174192 0.523639 0.432831 0.891497 0.504995 0.698661 0.209103 0.570772
0.550717 0.286651 0.151548 0.864421 0.284462 0.523188 0.498594 0.904741 0.397311 0.824361 0.081672 0.591069
0.558830 0.417765 0.151364 0.832018 0.294601 0.563879 0.481707 0.862174 0.557465 0.715557 0.179300 0.652306
0.558850 0.235909 0.206020 0.768552 0.176266 0.596310 0.436556 0.806745 0.487811 0.721643 0.226857 0.548131
0.541888 0.322440 0.266903 0.823989 0.332547 0.501094 0.403833 0.882098 0.472479 0.809151 0.202585 0.526989
0.563510 0.341503 0.077858 0.833470 0.265546 0.564745 0.581460 0.923492 0.416792 0.814192 0.196641 0.550487
0.531656 0.244255 0.185074 0.857834 0.238811 0.608933 0.444879 0.892942 0.501256 0.684238 0.136995 0.549985
0.490507 0.268382 0.176556 0.749371 0.247233 0.601911 0.517000 0.893348 0.571770 0.698447 0.114483 0.579481
0.563933 0.301986 0.131310 0.827036 0.245310 0.537545 0.468285 0.819107 0.424160 0.773566 0.135390 0.575341
0.511861 0.360128 0.171654 0.818467 0.136237 0.569098 0.517778 0.854040 0.474073 0.780011 0.149925 0.516067
0.689899 0.339621 0.071055 0.838194 0.299140 0.643716 0.427552 0.847127 0.484875 0.761035 0.102256 0.617404
0.593621 0.338574 0.128633 0.816871 0.198061 0.454501 0.491804 0.866454 0.439811 0.807962 0.216597 0.569474
0.586012 0.393989 0.243552 0.776670 0.106049 0.505419 0.435023 0.801708 0.429238 0.768328 0.195793 0.631187
0.530179 0.308332 0.099137 0.833610 0.303438 0.561059 0.344729 0.851464 0.448063 0.748706 0.167168 0.592268
0.570336 0.225078 0.136779 0.707896 0.232440 0.623113 0.436257 0.911121 0.436755 0.838847 0.203804 0.540074
0.604698 0.291771 0.203724 0.787073 0.216689 0.593746 0.484438 0.843994 0.383518 0.800708 0.186380 0.633708
0.565020 0.348557 0.132570 0.851066 0.247256 0.632013 0.481038 0.855271 0.486826 0.690757 0.110698 0.526583
0.588738 0.348546 0.153378 0.825469 0.180202 0.532844 0.445197 0.873026 0.436049 0.702026 0.238230 0.590426
0.562361 0.335461 0.106904 0.769016 0.182047 0.610151 0.401083 0.858493 0.484243 0.678339 0.172061 0.581620
0.590222 0.319255 0.147828 0.691717 0.168922 0.524614 0.404072 0.836582 0.444534 0.804791 0.196280 0.612332
0.502003 0.351301 0.159711 0.829916 0.227560 0.547150 0.515257 0.842592 0.431162 0.787413 0.190441 0.629987
0.577596 0.285065 0.129620 0.716281 0.239576 0.520181 0.441362 0.847550 0.390324 0.819288 0.190668 0.646978
0.534724 0.313484 0.143882 0.808781 0.220965 0.512212 0.435116 0.880290 0.481525 0.767342 0.214376 0.541010
0.576708 0.237029 0.138865 0.833001 0.259524 0.573134 0.387862 0.909532 0.486107 0.792941 0.134647 0.613335
0.589923 0.371363 0.235788 0.796210 0.295928 0.553865 0.474100 0.943435 0.540327 0.800839 0.241641 0.543683
0.556756 0.405906 0.130990 0.831146 0.185489 0.513025 0.496878 0.826038 0.555389 0.800642 0.169375 0.578461
0.583802 0.342726 0.141303 0.811298 0.150978 0.570620 0.352873 0.853123 0.529918 0.770191 0.195971 0.529585
0.587068 0.325602 0.099570 0.802351 0.269059 0.554452 0.415152 0.793494 0.339845 0.740884 0.211354 0.518233
0.521127 0.360939 0.187625 0.879370 0.278659 0.595500 0.515191 0.867026 0.382950 0.718825 0.237547 0.544331
0.617933 0.341722 0.083333 0.884776 0.249447 0.507635 0.419182 0.808862 0.479050 0.773264 0.097630 0.520030
0.567412 0.322587 0.185187 0.802048 0.320845 0.502105 0.450743 0.803924 0.523488 0.699083 0.161387 0.588305
0.571707 0.332332 0.267800 0.774764 0.239747 0.621529 0.473547 0.891887 0.358398 0.691738 0.192148 0.617529
0.553957 0.321671 0.134532 0.808913 0.274251 0.615874 0.435073 0.796823 0.613598 0.743980 0.160753 0.637163
0.516122 0.315137 0.191319 0.827191 0.396793 0.541748 0.501163 0.842201 0.421195 0.744671 0.156808 0.582238
0.515783 0.267075 0.145186 0.839358 0.215630 0.590250 0.427501 0.905622 0.508043 0.736286 0.058648 0.574215
0.610541 0.312409 0.236690 0.822552 0.197281 0.540970 0.378994 0.861064 0.447661 0.751653 0.166571 0.525876
0.614030 0.298164 0.185074 0.778565 0.286108 0.492587 0.480846 0.782580 0.414588 0.797743 0.122021 0.528422
0.532181 0.344441 0.119099 0.782772 0.215201 0.589866 0.397153 0.898282 0.551609 0.713891 0.154097 0.582145
0.601511 0.291615 0.074634 0.739506 0.270371 0.668307 0.511173 0.887307 0.498187 0.768899 0.163082 0.478147
0.571952 0.289436 0.213631 0.820768 0.271496 0.549609 0.415201 0.810137 0.466829 0.849950 0.142518 0.553195
0.608651 0.342497 0.122057 0.782149 0.204747 0.577652 0.496903 0.796945 0.409697 0.686658 0.202308 0.554455
0.451862 0.307822 0.120774 0.836525 0.124786 0.597898 0.436182 0.807123 0.580308 0.855859 0.191833 0.557898
0.440259 0.346010 0.093244 0.818074 0.384878 0.509075 0.493690 0.857315 0.480293 0.832527 0.194285 0.591828
0.624099 0.327176 0.199071 0.816769 0.225634 0.611168 0.416595 0.840677 0.498674 0.813827 0.216922 0.577992
0.606163 0.353424 0.169182 0.856437 0.271389 0.575814 0.487979 0.803134 0.499857 0.655274 0.166320 0.514803
0.524642 0.358309 0.230911 0.723862 0.261936 0.559081 0.530401 0.769788 0.453111 0.850111 0.103490 0.512827
0.619762 0.328141 0.088493 0.749542 0.253151 0.572979 0.427716 0.845418 0.411412 0.744696 0.223376 0.547491
0.582488 0.334464 0.222071 0.828834 0.200112 0.566740 0.442231 0.777829 0.489067 0.735387 0.163423 0.592478
0.475260 0.407283 0.104401 0.814539 0.229647 0.542763 0.474572 0.846705 0.460533 0.752164 0.132746 0.519633
0.529387 0.334103 0.122298 0.769700 0.256494 0.661307 0.520513 0.854231 0.425387 0.712564 0.241501 0.615042
0.583675 0.227442 0.139004 0.786638 0.236822 0.495450 0.466280 0.865101 0.504918 0.738507 0.159442 0.591780
0.469702 0.323360 0.133249 0.813853 0.307170 0.555269 0.394641 0.763113 0.508640 0.728940 0.212125 0.543200
0.507093 0.280286 0.230266 0.763756 0.224898 0.553420 0.389670 0.860642 0.559779 0.796821 0.150655 0.534866
0.518423 0.290069 0.171589 0.805732 0.258943 0.596239 0.503260 0.903456 0.445753 0.750585 0.219308 0.544893
0.593213 0.248347 0.133805 0.805488 0.249566 0.586381 0.519250 0.891051 0.484245 0.663333 0.183302 0.531996
0.616720 0.352904 0.211094 0.779349 0.274169 0.521024 0.420399 0.883719 0.378531 0.829467 0.100229 0.637850
0.566072 0.330040 0.194374 0.834572 0.306392 0.614254 0.444032 0.815108 0.492881 0.704555 0.232949 0.604397
0.474209 0.350344 0.165018 0.716932 0.264885 0.519376 0.460004 0.852677 0.442120 0.829634 0.191559 0.565699
0.529282 0.335794 0.173009 0.805343 0.233037 0.553277 0.454913 0.822403 0.345480 0.690025 0.167406 0.545368
0.563989 0.297433 0.182340 0.836577 0.241929 0.676988 0.460583 0.841554 0.528855 0.791742 0.156440 0.580237
0.495041 0.284568 0.111248 0.833412 0.230101 0.503099 0.386761 0.754006 0.457527 0.789252 0.186902 0.551380
0.542476 0.314380 0.110477 0.845059 0.240823 0.635024 0.455586 0.825467 0.465099 0.665889 0.171737 0.635519
0.548434 0.367633 0.159865 0.891391 0.254504 0.596403 0.372071 0.937268 0.505277 0.749600 0.193203 0.506491
0.558360 0.353386 0.218402 0.882326 0.217114 0.517130 0.469611 0.828118 0.350627 0.663316 0.249610 0.632309
0.608319 0.275346 0.175968 0.887549 0.191100 0.511745 0.506797 0.886681 0.406774 0.717442 0.205686 0.627153
0.530127 0.369287 0.104578 0.854786 0.221438 0.453490 0.408177 0.809815 0.365079 0.611563 0.171370 0.624532
0.621826 0.229166 0.125400 0.717760 0.287630 0.515747 0.389945 0.834092 0.421909 0.708961 0.130768 0.579955
0.540025 0.324433 0.123886 0.787013 0.190489 0.588953 0.493521 0.843073 0.430061 0.845676 0.056119 0.534184
0.560125 0.379031 0.113128 0.860594 0.241728 0.627375 0.592529 0.855265 0.458637 0.793289 0.174180 0.633378
0.512746 0.367326 0.225492 0.817558 0.161178 0.504050 0.400596 0.905230 0.475771 0.737809 0.205251 0.635931
0.483631 0.208289 0.168716 0.824514 0.230574 0.569915 0.476761 0.788998 0.497190 0.635547 0.115962 0.614699
0.561053 0.366493 0.162557 0.812302 0.246141 0.544722 0.509435 0.748097 0.467193 0.836463 0.260524 0.442061
0.572219 0.383412 0.096758 0.843492 0.274073 0.637868 0.495435 0.927678 0.513490 0.786709 0.176931 0.551929
0.633301 0.228615 0.125221 0.888933 0.223245 0.605162 0.512357 0.870380 0.505630 0.783378 0.138684 0.553455
0.678569 0.275678 0.115430 0.702589 0.192980 0.558148 0.476463 0.798162 0.513898 0.710809 0.209641 0.490820
0.540589 0.387011 0.036944 0.803180 0.197955 0.548720 0.512942 0.751764 0.500432 0.790881 0.183354 0.566447
0.601984 0.312062 0.170845 0.774886 0.338500 0.587733 0.357897 0.890040 0.508161 0.778655 0.168113 0.646282
0.577017 0.355880 0.053658 0.809659 0.221521 0.611063 0.444244 0.809362 0.513880 0.753528 0.229571 0.621762
0.572223 0.255824 0.187207 0.875597 0.242305 0.581843 0.391141 0.864681 0.449855 0.690968 0.176627 0.656602
0.508179 0.311429 0.090565 0.832266 0.256572 0.549108 0.400622 0.839589 0.464616 0.729021 0.235111 0.527460
0.534816 0.327741 0.144948 0.881217 0.283017 0.535417 0.474671 0.872107 0.424801 0.837264 0.211405 0.549850
0.549826 0.274472 0.187782 0.686447 0.271972 0.571436 0.390287 0.773301 0.520895 0.685200 0.181978 0.638496
0.533704 0.298405 0.147006 0.839381 0.237583 0.547019 0.464430 0.903824 0.498407 0.818275 0.116291 0.512924
0.599943 0.316080 0.159542 0.828821 0.200936 0.562280 0.470403 0.848531 0.518295 0.847205 0.242089 0.653805
0.512189 0.361874 0.081295 0.748720 0.278429 0.628914 0.423893 0.828506 0.508319 0.801559 0.148907 0.620240
0.561781 0.436768 0.173004 0.873531 0.239642 0.532886 0.472377 0.855091 0.458789 0.788286 0.158929 0.609961
0.486232 0.298982 0.101230 0.813765 0.321818 0.555475 0.491485 0.918164 0.455036 0.804537 0.197588 0.513971
0.582577 0.344998 0.219313 0.764514 0.234939 0.574920 0.407998 0.797813 0.469510 0.786699 0.101155 0.529137
0.459235 0.372829 0.180620 0.818326 0.264641 0.564303 0.448553 0.752598 0.470411 0.734659 0.187096 0.491151
0.614519 0.367073 0.167013 0.787509 0.272750 0.498069 0.416344 0.871973 0.452008 0.768040 0.247266 0.609366
0.484263 0.270745 0.127290 0.787213 0.235924 0.621285 0.485486 0.880087 0.477013 0.804080 0.157742 0.518735
0.555474 0.302212 0.128981 0.821532 0.207251 0.544815 0.400625 0.820472 0.424943 0.759152 0.130065 0.592693
0.532202 0.388516 0.146613 0.780011 0.262269 0.550122 0.483901 0.809248 0.526631 0.866033 0.120521 0.613043
0.498098 0.269366 0.198108 0.758392 0.199266 0.541378 0.470560 0.780574 0.464454 0.714920 0.114867 0.553081
0.670106 0.343198 0.157600 0.804035 0.188508 0.539999 0.457827 0.792702 0.418862 0.714709 0.164756 0.516810
0.582166 0.343777 0.206534 0.764852 0.250289 0.568077 0.459741 0.762642 0.450908 0.811949 0.211425 0.658935
0.625484 0.369248 0.182200 0.802993 0.245931 0.513085 0.468511 0.874498 0.543041 0.763593 0.153925 0.602406
0.561047 0.416957 0.190337 0.779039 0.218500 0.590431 0.415503 0.863797 0.395945 0.719627 0.157863 0.562112
0.511658 0.303390 0.108005 0.803644 0.291980 0.510228 0.429400 0.819258 0.461907 0.748311 0.215409 0.566812
0.551047 0.366429 0.146009 0.776315 0.179335 0.652901 0.442991 0.877881 0.491961 0.755925 0.197493 0.603352
0.476437 0.317188 0.171018 0.728747 0.256703 0.565010 0.491295 0.872314 0.403066 0.771574 0.162833 0.621336
0.585357 0.395623 0.259919 0.786486 0.282941 0.518046 0.389147 0.708096 0.425886 0.762410 0.099303 0.539244
0.531948 0.350474 0.168624 0.788169 0.206440 0.536813 0.459333 0.841373 0.480728 0.800810 0.125678 0.484444
0.527375 0.376798 0.119423 0.781830 0.248671 0.646122 0.562615 0.834101 0.464686 0.781176 0.160254 0.583134
0.506850 0.302597 0.095313 0.732056 0.140819 0.651427 0.429361 0.881339 0.429305 0.831748 0.143643 0.591322
0.483503 0.295362 0.161247 0.768784 0.299137 0.574848 0.406344 0.843633 0.506644 0.797584 0.062400 0.552386
0.586620 0.426170 0.105565 0.855536 0.293241 0.484101 0.468458 0.776345 0.405824 0.846599 0.194909 0.554888
0.594880 0.219323 0.244132 0.777590 0.152751 0.530481 0.416187 0.823757 0.402470 0.837234 0.178823 0.504700
0.601089 0.351054 0.120537 0.783825 0.285897 0.579013 0.468381 0.874456 0.451238 0.803720 0.217605 0.537547
0.440582 0.271909 0.179811 0.808022 0.267869 0.561266 0.411221 0.801643 0.499332 0.740740 0.149003 0.666792
0.473610 0.400259 0.255657 0.707506 0.220489 0.594269 0.439330 0.849620 0.430757 0.729587 0.082671 0.599042
0.469175 0.246027 0.171505 0.795747 0.161990 0.607900 0.445742 0.884874 0.505948 0.749837 0.113139 0.641967
0.625273 0.456016 0.213520 0.878242 0.163369 0.569253 0.409914 0.887573 0.529924 0.753487 0.159347 0.581853
0.598760 0.337770 0.158978 0.803243 0.230660 0.551007 0.332848 0.849322 0.527175 0.736810 0.169188 0.488208
0.577288 0.353587 0.146480 0.877146 0.241346 0.513479 0.479765 0.751035 0.418829 0.810877 0.204844 0.553983
0.544425 0.339850 0.188714 0.824561 0.276839 0.654539 0.392305 0.897201 0.411167 0.719952 0.177820 0.505422
0.621254 0.348877 0.110293 0.821591 0.264204 0.485039 0.458324 0.905385 0.473831 0.699716 0.251545 0.562046
0.541427 0.218348 0.210187 0.730814 0.299874 0.518855 0.416250 0.908692 0.441679 0.803583 0.121562 0.529569
0.521463 0.310753 0.133888 0.925397 0.271779 0.492554 0.398985 0.848874 0.393333 0.653202 0.192650 0.418803
0.917337 0.457642 0.312330 0.324479 0.908651 0.028487 0.536044 0.864576 0.203970 0.132649 0.430599 0.707038
0.964942 0.347418 0.320012 0.296718 0.967241 -0.049346 0.600022 0.852137 0.193519 0.112192 0.403420 0.744775
0.904381 0.424322 0.301239 0.308849 0.943900 -0.060488 0.479775 0.863582 0.174157 0.147018 0.412441 0.723377
0.894056 0.503626 0.253673 0.271532 1.022834 0.084617 0.508429 0.856815 0.177930 0.143243 0.518147 0.735132
0.981756 0.425207 0.320912 0.364494 0.935920 0.027988 0.478908 0.875639 0.235719 0.031221 0.469034 0.753540
0.933333 0.469698 0.234228 0.408023 1.038369 0.032533 0.383986 0.835985 0.288361 0.057039 0.407660 0.668614
0.905205 0.463371 0.391268 0.244202 0.941660 0.078661 0.411293 0.849886 0.244486 0.080870 0.353142 0.786913
1.001399 0.436151 0.365217 0.269298 0.998472 0.053467 0.448118 0.865467 0.223376 0.061835 0.330875 0.689074
0.982664 0.372710 0.303319 0.213318 1.076873 -0.023852 0.431700 0.858493 0.283478 0.138356 0.391814 0.715420
0.921083 0.502520 0.345812 0.316730 0.931658 0.012799 0.494057 0.951332 0.249478 0.056740 0.423533 0.726161
0.966711 0.456011 0.263209 0.327399 0.902657 0.015721 0.509512 0.809362 0.223969 0.152456 0.392126 0.732430
0.982594 0.459909 0.388007 0.312477 0.966118 0.009342 0.530234 0.877188 0.207910 0.145196 0.308485 0.749583
1.015298 0.489823 0.237340 0.298783 1.000195 0.055235 0.527157 0.956332 0.246639 0.037050 0.349766 0.730479
0.946543 0.481030 0.277707 0.359201 1.034437 0.043120 0.525325 0.817101 0.304345 0.091757 0.374268 0.696007
0.894592 0.421564 0.338522 0.316803 0.921102 -0.022004 0.477531 0.905646 0.180267 -0.026539 0.380514 0.696425
0.891052 0.429655 0.283688 0.307332 0.933096 0.051855 0.459690 0.842525 0.332984 0.107906 0.336696 0.687472
0.923468 0.446802 0.231191 0.228849 0.952896 0.034243 0.443407 0.889182 0.259213 0.065021 0.377740 0.751003
0.953785 0.402350 0.212664 0.248541 0.944676 0.052007 0.493268 0.896808 0.251611 0.034601 0.450511 0.686791
0.975748 0.351959 0.330440 0.282842 0.974320 -0.066209 0.490502 0.852061 0.217145 0.120960 0.404146 0.711988
0.957884 0.462730 0.234840 0.349066 1.010504 0.003755 0.469227 0.952112 0.274513 0.100041 0.383489 0.695483
0.969608 0.396630 0.255953 0.309596 1.000584 -0.055892 0.527309 0.960758 0.224321 0.057529 0.465199 0.805207
0.865010 0.400395 0.244949 0.327259 1.038695 0.070183 0.482150 0.944352 0.266343 0.090500 0.336155 0.825512
0.861359 0.353539 0.250253 0.314084 0.932019 0.030751 0.553585 0.864863 0.246922 0.121531 0.316976 0.734078
0.914322 0.446180 0.353546 0.416848 0.957813 0.039888 0.543753 0.853711 0.274903 0.137177 0.393809 0.697042
0.903564 0.387455 0.279022 0.273106 0.890557 0.113761 0.442986 0.800344 0.268661 0.126382 0.363023 0.677073
0.878673 0.428678 0.335127 0.290563 0.944088 0.020399 0.413865 0.806591 0.281892 0.163995 0.362141 0.755556
0.926638 0.526916 0.189065 0.304103 1.043856 0.049294 0.445037 0.898544 0.249401 0.147029 0.464698 0.730911
0.959530 0.415064 0.290566 0.217855 0.958400 0.031281 0.479515 0.789501 0.298784 0.054479 0.442709 0.825932
1.012360 0.424329 0.252685 0.306882 0.990185 0.102470 0.507066 0.869325 0.254619 0.176090 0.395312 0.677995
0.952241 0.444508 0.359162 0.294144 0.909896 0.042337 0.391104 0.798639 0.279023 0.044294 0.376666 0.760458
0.933348 0.512478 0.255820 0.294444 0.923313 -0.018153 0.536132 0.904306 0.254357 0.147067 0.445514 0.751678
0.959705 0.467785 0.278626 0.184959 0.952022 0.027827 0.428359 0.844185 0.241573 0.142546 0.347943 0.655177
0.899013 0.330454 0.355975 0.311297 0.876975 0.144618 0.549402 0.788599 0.272671 0.097997 0.385049 0.709457
0.912624 0.418247 0.289609 0.262684 1.051583 0.050813 0.355912 0.824329 0.269184 0.118027 0.414644 0.722440
0.896184 0.446597 0.252763 0.251365 0.961263 0.030946 0.540172 0.806764 0.328560 0.099597 0.450400 0.740755
0.996138 0.503486 0.257571 0.322922 1.037838 0.075053 0.548028 0.975130 0.215500 0.161373 0.375004 0.762118
0.992166 0.434595 0.355923 0.248810 1.013608 -0.064890 0.507713 0.878298 0.306125 0.070314 0.374077 0.735310
0.978738 0.457886 0.247731 0.331075 1.053102 0.064771 0.470924 0.844542 0.246853 0.024790 0.431546 0.683170
0.980573 0.390163 0.346878 0.262561 1.022666 0.031687 0.581670 0.865256 0.279121 0.228528 0.391283 0.720981
1.007365 0.423970 0.344631 0.258200 0.972741 0.025957 0.472295 0.860236 0.341462 0.138445 0.415633 0.639596
0.973324 0.401997 0.297637 0.236051 0.890833 0.005395 0.518330 0.897359 0.293425 0.035771 0.452218 0.837458
0.918569 0.417216 0.352203 0.399063 1.054718 0.062754 0.511208 0.812799 0.290205 0.053094 0.432017 0.646249
0.917995 0.429357 0.287582 0.316735 0.946333 -0.018493 0.482718 0.834520 0.251699 0.106468 0.294655 0.788074
1.003766 0.510454 0.348119 0.273571 0.952006 0.040207 0.534621 0.864859 0.218991 0.086243 0.350631 0.671688
0.875880 0.397742 0.366075 0.287854 1.027887 0.057717 0.540715 0.869238 0.308286 0.128541 0.365875 0.712874
0.989380 0.486143 0.293166 0.258269 0.998416 0.029091 0.504255 0.896222 0.131104 0.128997 0.412302 0.658844
1.029848 0.466071 0.303855 0.290198 0.933527 -0.051258 0.504795 0.962121 0.178404 0.170842 0.412113 0.720949
0.953132 0.380371 0.276968 0.306201 1.005532 -0.125538 0.456728 0.829141 0.174929 0.102944 0.461317 0.653127
0.858418 0.487025 0.253901 0.274436 1.114983 -0.049853 0.540876 0.901708 0.266694 0.170539 0.498005 0.779746
1.023200 0.475603 0.241269 0.351050 1.026736 -0.015206 0.495603 0.854735 0.232487 0.122557 0.434642 0.677512
0.944600 0.363885 0.187375 0.256833 1.033253 0.040357 0.443642 0.851576 0.203397 0.105191 0.440417 0.782475
0.944704 0.422115 0.299821 0.254123 0.931588 0.012872 0.534978 0.872630 0.252544 0.249019 0.407715 0.694678
1.008105 0.419819 0.261189 0.389187 0.888182 0.030568 0.480596 0.834331 0.186651 0.152855 0.527943 0.758859
0.998420 0.481801 0.285492 0.373877 0.995670 0.143117 0.491149 0.862347 0.246357 0.116177 0.432458 0.768534
0.885482 0.485235 0.315511 0.280908 1.014015 0.012471 0.503624 0.905216 0.244946 0.073604 0.390105 0.711380
0.929193 0.413052 0.252888 0.166123 1.066448 0.117937 0.490279 0.882427 0.240346 0.121551 0.357126 0.773397
0.969039 0.396211 0.327576 0.362368 0.996751 -0.036748 0.471547 0.901770 0.226547 0.097544 0.448704 0.735913
0.984594 0.495116 0.254824 0.337316 0.927376 0.062136 0.483381 0.850798 0.206772 0.115337 0.426265 0.758188
0.993236 0.423277 0.275158 0.179036 0.942531 0.076717 0.476428 0.795436 0.174954 0.159470 0.388906 0.791514
0.956402 0.492627 0.293032 0.330843 1.023233 -0.024388 0.481179 0.934539 0.313592 0.221631 0.467136 0.739945
0.971568 0.355219 0.257017 0.235566 1.033205 0.060528 0.509277 0.860684 0.330889 0.180858 0.383186 0.714548
0.903302 0.481707 0.207742 0.291194 0.971147 0.094176 0.456054 0.889593 0.323169 0.107865 0.426157 0.788434
0.923912 0.407351 0.226337 0.311441 1.080960 0.030852 0.512574 0.832169 0.248198 0.121023 0.494259 0.771066
1.012766 0.360704 0.307365 0.318529 0.962648 0.040694 0.534474 0.939033 0.177002 0.082173 0.376027 0.775971
0.932499 0.366900 0.245183 0.383951 0.922067 0.030580 0.429032 0.993929 0.272041 0.026118 0.500159 0.777780
0.871235 0.544705 0.240263 0.302575 0.962501 -0.040602 0.503623 0.893960 0.267479 0.041066 0.383904 0.640681
0.992984 0.430566 0.370678 0.263240 1.001586 0.131074 0.498975 0.891687 0.222219 0.050091 0.469432 0.711437
0.942567 0.453458 0.316243 0.339715 0.968874 0.102990 0.415025 0.897651 0.213306 0.022446 0.397735 0.741148
0.906234 0.446032 0.306820 0.266214 0.972099 0.064059 0.431933 0.936993 0.236130 0.098911 0.413890 0.781586
0.979490 0.344047 0.263947 0.286889 1.017257 0.028511 0.523840 0.785212 0.212179 0.056174 0.499958 0.772439
0.951214 0.580570 0.287064 0.275449 0.968646 -0.000543 0.416126 0.867832 0.218716 0.124020 0.434138 0.732159
0.901593 0.558183 0.347487 0.311153 0.936251 0.122386 0.503691 0.992328 0.310646 0.219539 0.417876 0.732480
1.014349 0.512854 0.275542 0.336057 1.010145 0.074737 0.591461 0.784001 0.238638 0.150245 0.366321 0.791135
0.839330 0.523886 0.317915 0.177751 0.997935 0.076187 0.529698 0.832307 0.164447 0.107393 0.321225 0.825247
0.945959 0.504710 0.319922 0.329595 1.020155 0.041554 0.493025 0.887783 0.225792 0.092249 0.468924 0.657677
1.040214 0.469242 0.237673 0.307656 0.946803 0.070189 0.573091 0.829864 0.324943 0.117711 0.364381 0.731039
1.010919 0.544294 0.291648 0.341249 0.963450 0.005467 0.437889 0.907942 0.290556 0.097126 0.378111 0.646471
0.933609 0.416597 0.285927 0.221320 0.976294 0.046928 0.458154 0.903344 0.284404 0.001812 0.317808 0.737319
1.001604 0.456066 0.255832 0.288947 0.942984 0.042932 0.516843 0.892539 0.284969 0.091349 0.393308 0.685566
0.946771 0.526540 0.321585 0.337748 0.999111 -0.017589 0.546863 0.891695 0.259534 0.083401 0.461091 0.713754
0.944204 0.472022 0.261199 0.312866 0.951935 0.075130 0.560026 0.830286 0.240804 0.134767 0.391358 0.728074
0.926829 0.472273 0.258128 0.315549 1.046063 -0.068822 0.511869 0.854981 0.214498 0.139813 0.386953 0.730919
1.041706 0.475061 0.361832 0.228428 0.910780 0.013509 0.537609 0.977301 0.267389 0.100094 0.474085 0.816011
0.918785 0.436630 0.321989 0.265692 0.987185 0.068356 0.497078 0.864927 0.223875 0.074385 0.391724 0.685859
0.985404 0.426330 0.225256 0.337636 1.037517 0.130235 0.542147 0.895499 0.277666 0.186682 0.426445 0.793987
0.971761 0.448627 0.235753 0.308328 0.945854 -0.042714 0.486864 0.902577 0.202264 0.062613 0.450279 0.754892
0.890294 0.418190 0.248307 0.303845 0.999279 0.096631 0.510263 0.920972 0.212956 0.036702 0.435328 0.719137
0.948128 0.464073 0.328810 0.311326 0.898654 -0.035387 0.563534 0.912659 0.232775 0.106658 0.455239 0.710746
0.944708 0.474790 0.244298 0.390640 1.025433 -0.041194 0.426435 0.882407 0.351617 0.115752 0.351411 0.732219
0.887222 0.430766 0.257673 0.320419 0.905221 0.095378 0.452484 0.965479 0.210469 0.071276 0.417087 0.732734
0.966521 0.468878 0.267701 0.153654 1.009004 0.096634 0.528192 0.918004 0.187641 0.157124 0.466266 0.756418
0.975005 0.430923 0.232091 0.209578 1.010932 0.020337 0.485668 0.858922 0.259736 0.064724 0.368900 0.653803
0.932715 0.457586 0.281732 0.182912 1.002637 -0.002208 0.476745 0.857964 0.319028 0.045873 0.408713 0.717488
0.907622 0.441013 0.285108 0.220576 1.045926 0.047108 0.490168 0.883674 0.216399 0.100900 0.487090 0.702235
0.953431 0.544777 0.247270 0.271835 0.899687 0.005781 0.480709 0.797829 0.266355 0.069524 0.409520 0.742227
0.963484 0.462045 0.291537 0.244252 0.889087 0.142788 0.490400 0.915715 0.321761 0.102002 0.304239 0.685476
0.872524 0.380427 0.178590 0.285174 0.983275 -0.087176 0.401448 0.869110 0.221024 0.150128 0.442796 0.668006
0.940562 0.419400 0.249663 0.340191 0.972020 0.060677 0.579900 0.876924 0.223430 0.162412 0.474075 0.742721
0.898777 0.395774 0.333841 0.309243 1.012407 0.033050 0.445639 0.894560 0.262270 0.045000 0.364745 0.764917
0.911922 0.459189 0.281712 0.274437 0.955090 -0.038415 0.542777 0.902330 0.338165 0.193876 0.454140 0.650537
0.876335 0.418479 0.314019 0.261248 0.989043 0.028493 0.499568 0.819085 0.260268 0.097508 0.402467 0.765684
0.868476 0.342726 0.286658 0.383566 0.982308 0.045709 0.489237 0.854164 0.281186 0.180104 0.404848 0.762382
1.011557 0.451334 0.253992 0.312265 0.994045 0.009168 0.401377 0.912208 0.230954 0.056581 0.412455 0.779785
1.014224 0.468081 0.389249 0.235136 1.034369 0.136660 0.580943 0.864308 0.300149 0.153128 0.298077 0.746303
0.892960 0.460854 0.245451 0.254130 1.073265 -0.000475 0.457051 0.835358 0.243566 0.128941 0.406551 0.736479
0.891050 0.452848 0.342100 0.312597 1.030124 0.040900 0.454832 0.839275 0.316195 0.121727 0.410329 0.595574
0.979210 0.498609 0.301218 0.325924 0.938042 0.051000 0.501212 0.896858 0.315038 0.102518 0.405829 0.684143
0.900977 0.429133 0.247372 0.291819 0.939655 0.051383 0.591411 0.822844 0.218097 0.132940 0.376314 0.725833
0.951798 0.504527 0.215737 0.309271 1.016513 0.056868 0.525481 0.881374 0.293207 0.125028 0.415922 0.708003
0.945310 0.436939 0.345088 0.190642 0.948534 -0.038222 0.494087 0.856650 0.247408 0.278918 0.453016 0.698986
0.911936 0.383732 0.213615 0.356295 1.005202 0.055003 0.527449 0.844687 0.329529 0.125506 0.340706 0.706274
0.934491 0.426118 0.304080 0.271568 0.942470 -0.001870 0.509147 0.858091 0.204514 0.078748 0.427488 0.742863
1.025118 0.452447 0.316911 0.306624 0.963704 0.008543 0.463306 0.839585 0.215305 0.086385 0.451566 0.669282
0.989619 0.456643 0.330173 0.329269 0.999703 -0.060145 0.473830 0.918034 0.317481 0.027210 0.312169 0.769289
0.902527 0.470706 0.275043 0.271180 0.969954 0.001551 0.591861 0.932289 0.142513 0.038224 0.500517 0.776543
0.917875 0.532743 0.307785 0.334639 0.981149 0.135778 0.462145 0.902306 0.202935 0.190117 0.406688 0.675910
0.941684 0.423012 0.337944 0.293512 0.968788 0.092855 0.532689 0.999766 0.274823 0.003670 0.415388 0.821901
1.048899 0.393859 0.301553 0.238229 0.975098 0.065777 0.578472 0.851243 0.268034 0.105998 0.360924 0.677593
0.883008 0.352508 0.328397 0.318536 0.992131 0.089816 0.404119 0.928088 0.230838 0.118276 0.396856 0.664856
0.929448 0.447290 0.350273 0.288859 0.889112 0.020464 0.542782 0.883173 0.183789 0.120635 0.452335 0.697293
0.870448 0.435670 0.261274 0.213914 1.084643 0.058341 0.516033 0.864472 0.242216 0.007706 0.375555 0.715524
0.949240 0.523747 0.189745 0.374073 0.882138 0.025211 0.438119 0.976553 0.206436 0.107999 0.406862 0.707127
0.819484 0.381835 0.343597 0.288320 1.055688 0.012277 0.490016 0.841815 0.276223 0.108071 0.427563 0.681012
0.923071 0.471787 0.274580 0.190949 1.064721 -0.009494 0.453257 0.864131 0.221969 0.134631 0.403126 0.708619
1.032838 0.399614 0.204621 0.322379 1.037846 -0.024210 0.354930 0.955222 0.256086 0.045288 0.437629 0.658893
0.897631 0.433731 0.286823 0.332406 1.005265 -0.019875 0.400982 0.939730 0.233079 0.099850 0.453055 0.715133
0.954580 0.466151 0.311186 0.297251 0.911200 0.065117 0.459937 0.847696 0.127122 0.086688 0.498590 0.715570
0.887786 0.599814 0.277674 0.326964 0.894951 0.025260 0.551490 0.818385 0.230042 0.153481 0.484727 0.687180
0.933089 0.562875 0.195195 0.358473 0.952040 0.070754 0.615955 0.895854 0.169016 0.087711 0.445535 0.800086
1.041016 0.471438 0.272335 0.386948 1.111583 -0.067056 0.538151 0.879133 0.244219 0.042570 0.344894 0.739316
0.950948 0.444507 0.365689 0.255375 1.006167 0.069160 0.450228 0.821902 0.312333 0.169271 0.417847 0.631804
1.019776 0.480604 0.305329 0.356087 0.977299 -0.039971 0.552714 0.924949 0.265826 0.148176 0.382527 0.703950
0.974846 0.461244 0.328042 0.305169 0.966470 0.036732 0.443961 0.917466 0.370775 0.049212 0.289333 0.688939
0.956027 0.488230 0.285174 0.225263 1.006449 0.037580 0.490191 0.825481 0.142893 0.150138 0.445891 0.741336
0.921480 0.451898 0.272126 0.258515 0.987959 0.095383 0.474864 0.796509 0.239588 0.081009 0.401807 0.662577
0.925253 0.447969 0.339080 0.316808 0.920187 0.014671 0.435514 0.968133 0.267052 0.054958 0.480163 0.802363
0.919429 0.391003 0.242899 0.387966 0.951192 0.016341 0.528433 0.867980 0.231548 -0.017721 0.397208 0.710786
0.868702 0.450551 0.245080 0.261069 0.901969 -0.060360 0.443032 0.955778 0.198274 0.184511 0.388787 0.738892
0.990157 0.537136 0.254186 0.355454 0.968160 -0.084753 0.499242 0.869486 0.341388 0.081591 0.381201 0.686387
0.913213 0.449431 0.360667 0.249878 0.930096 0.147911 0.585378 0.891562 0.162450 0.106325 0.441776 0.743726
0.973323 0.533273 0.279077 0.230169 0.911372 0.081681 0.438086 0.833654 0.197229 0.147347 0.386986 0.669579
0.840060 0.466779 0.285015 0.344038 1.025308 0.092179 0.512252 0.964303 0.264078 0.048189 0.366283 0.766277
0.865606 0.356478 0.291645 0.251422 0.988888 0.026807 0.409068 0.958018 0.299957 0.154528 0.419718 0.780310
0.929419 0.483907 0.277298 0.267671 0.886130 0.049440 0.441638 0.928855 0.273771 0.093585 0.429887 0.705915
0.992366 0.434126 0.354330 0.269028 0.938446 0.079650 0.420406 0.917729 0.231921 0.178366 0.468228 0.750608
0.878868 0.597098 0.242022 0.341709 0.955027 0.007683 0.526301 0.871751 0.265458 0.167561 0.384607 0.708327
0.949153 0.461617 0.278382 0.371947 0.988499 -0.027502 0.484948 0.886491 0.318173 0.004649 0.432087 0.722298
0.863311 0.397097 0.295010 0.352381 1.028905 0.004268 0.520430 0.842805 0.164225 0.075892 0.377752 0.737469
0.971602 0.519034 0.217599 0.278558 0.963678 -0.068060 0.455185 0.820295 0.272074 0.076842 0.449591 0.651256
0.981679 0.462669 0.292502 0.261461 1.065416 -0.028075 0.455322 0.859722 0.233479 0.124867 0.386738 0.777513
0.949530 0.390421 0.272069 0.370312 1.007411 0.045409 0.510047 0.849676 0.194862 0.148461 0.447148 0.742342
0.936955 0.454714 0.145676 0.354143 0.940216 0.048333 0.607923 0.866393 0.209075 0.047134 0.345665 0.715734
0.934643 0.361082 0.302894 0.370084 0.974929 0.078931 0.528706 0.863443 0.264423 0.048891 0.428210 0.759695
0.969450 0.481759 0.249292 0.275740 0.908068 0.098323 0.397081 0.850089 0.246599 0.134381 0.434345 0.750880
0.953490 0.467994 0.326330 0.277538 0.965569 -0.029903 0.499369 0.972016 0.197714 0.057495 0.413507 0.743420
0.958369 0.457734 0.262715 0.273194 0.906646 -0.022906 0.484965 0.928249 0.263008 0.092541 0.505639 0.705478
0.881651 0.400049 0.271114 0.315536 0.992561 -0.006679 0.483831 0.795455 0.207557 0.199120 0.427218 0.752676
0.914683 0.425647 0.224459 0.369464 0.990354 -0.015550 0.560046 0.819071 0.245622 0.152139 0.378265 0.725930
0.940010 0.466912 0.314681 0.287588 0.989097 0.127270 0.589022 0.840191 0.255222 0.107222 0.397469 0.719578
0.878949 0.422319 0.392740 0.266076 0.978123 -0.030768 0.477080 0.784447 0.238223 0.130426 0.382359 0.738516
0.910576 0.408283 0.289830 0.175088 0.930685 0.039959 0.398099 0.913384 0.277148 0.157519 0.363908 0.661985
0.957446 0.475878 0.361961 0.270757 0.938753 0.019464 0.418993 0.895488 0.326967 0.090146 0.374431 0.617459
0.908633 0.418494 0.272490 0.254010 1.029645 0.045049 0.368054 0.846391 0.264162 0.032174 0.408146 0.794250
0.957448 0.434568 0.260740 0.314092 1.002778 0.075214 0.552918 0.838419 0.189270 0.175383 0.366748 0.739386
1.098464 0.472615 0.357389 0.278944 1.014473 -0.003922 0.455978 0.857015 0.199123 0.141724 0.491660 0.711845
0.893843 0.464229 0.284615 0.198713 0.930386 -0.056758 0.508216 0.897888 0.293173 0.106761 0.363754 0.679557
0.923720 0.496346 0.290572 0.296728 0.945434 0.034012 0.465874 0.883281 0.225810 0.100595 0.446757 0.757944
0.612708 0.318237 0.115870 0.905214 0.317367 0.571361 0.386148 0.826985 0.517375 0.790458 0.191133 0.458943
0.464176 0.302182 0.239311 0.796312 0.218587 0.554151 0.512058 0.855755 0.509759 0.754375 0.119647 0.602082
0.488644 0.342069 0.167984 0.821239 0.237580 0.624524 0.419499 0.830328 0.530710 0.759175 0.103608 0.614577
0.562028 0.315876 0.240443 0.757753 0.168362 0.497429 0.572351 0.804878 0.449087 0.764341 0.182224 0.558640
0.600277 0.262552 0.166613 0.842661 0.230838 0.578052 0.536089 0.807320 0.473580 0.761849 0.143134 0.603873
0.542340 0.245713 0.246492 0.899830 0.277410 0.552101 0.508137 0.869039 0.411765 0.705285 0.193555 0.543095
0.561993 0.322070 0.125002 0.797462 0.196287 0.524956 0.435481 0.775332 0.419799 0.721566 0.149628 0.580898
0.546405 0.294615 0.153640 0.826099 0.301238 0.557430 0.485877 0.801944 0.356066 0.746005 0.168042 0.620249
0.538221 0.367294 0.210158 0.851844 0.305960 0.554836 0.411454 0.772797 0.434097 0.704398 0.174028 0.538513
0.554754 0.320890 0.126998 0.786143 0.270044 0.621371 0.379027 0.801084 0.608196 0.757855 0.052166 0.536802
0.517864 0.349968 0.211960 0.820268 0.249162 0.571459 0.304021 0.845114 0.470141 0.754251 0.084168 0.542392
0.491870 0.299195 0.113224 0.840858 0.278792 0.650801 0.434352 0.843465 0.458877 0.744153 0.189181 0.519204
0.493018 0.315370 0.221543 0.779341 0.208053 0.703064 0.418634 0.907963 0.431350 0.899108 0.195490 0.577551
0.581483 0.349391 0.252564 0.747407 0.272278 0.538284 0.504209 0.851053 0.480548 0.783628 0.208453 0.552108
0.524612 0.352140 0.234152 0.837984 0.202671 0.485324 0.364512 0.803230 0.457880 0.850425 0.148854 0.524530
0.597730 0.346150 0.201253 0.822285 0.234716 0.576619 0.447849 0.861460 0.364323 0.796876 0.236622 0.670777
0.551318 0.239684 0.115519 0.752666 0.279514 0.653326 0.461529 0.862808 0.570024 0.731854 0.202993 0.466741
0.550526 0.357098 0.163302 0.820248 0.165963 0.629091 0.449564 0.969757 0.531797 0.691624 0.162257 0.552027
0.606686 0.359169 0.102225 0.881165 0.242895 0.616416 0.498136 0.861145 0.387775 0.720496 0.181353 0.487858
0.538370 0.359375 0.230600 0.774257 0.248981 0.524937 0.398671 0.915175 0.438869 0.778549 0.153845 0.590274
0.467355 0.254954 0.198058 0.825461 0.319355 0.559880 0.435171 0.818325 0.479279 0.904272 0.265594 0.489843
0.577703 0.277889 0.182335 0.822612 0.235321 0.528173 0.525870 0.925499 0.331993 0.712989 0.134014 0.434072
0.522329 0.352489 0.108742 0.691182 0.231946 0.551275 0.410028 0.812586 0.528401 0.800779 0.099549 0.549157
0.510037 0.393009 0.211055 0.800754 0.137318 0.503235 0.400987 0.823012 0.525594 0.847430 0.151157 0.658074
0.558515 0.404467 0.149606 0.870273 0.332884 0.524544 0.525756 0.878040 0.472399 0.807545 0.103351 0.597441
0.538825 0.350639 0.106636 0.823651 0.223491 0.622094 0.496286 0.860145 0.504084 0.709834 0.161754 0.530235
0.555105 0.427667 0.143854 0.797821 0.293383 0.496864 0.371048 0.809694 0.475734 0.757925 0.144527 0.593155
0.606174 0.284883 0.151697 0.818954 0.295672 0.516627 0.441758 0.867449 0.523852 0.706237 0.283915 0.515048
0.545042 0.396304 0.069977 0.826988 0.212056 0.642579 0.467437 0.838273 0.392660 0.719404 0.171881 0.526681
0.624968 0.290752 0.142393 0.834426 0.245515 0.611383 0.459189 0.825232 0.472431 0.648318 0.141935 0.595361
0.521227 0.340854 0.125393 0.795962 0.286813 0.558159 0.426526 0.733099 0.434899 0.692714 0.190160 0.660781
0.584357 0.249886 0.185717 0.752470 0.254303 0.452719 0.452552 0.846898 0.396573 0.760124 0.132470 0.490110
0.561023 0.302155 0.261612 0.788209 0.238165 0.667493 0.252649 0.839685 0.613152 0.792643 0.262069 0.600392
0.543528 0.302132 0.153782 0.849623 0.235694 0.593741 0.520498 0.876217 0.500623 0.733255 0.132954 0.550050
0.433909 0.426388 0.162201 0.801385 0.292937 0.511490 0.373808 0.922830 0.425040 0.741846 0.132960 0.622648
0.558717 0.297204 0.147289 0.826492 0.257718 0.549065 0.532868 0.811879 0.373993 0.662325 0.255739 0.518877
0.591577 0.322944 0.218060 0.771582 0.191347 0.551004 0.494441 0.855920 0.422140 0.758872 0.158582 0.572192
0.606514 0.336725 0.199452 0.786333 0.289326 0.507865 0.300425 0.808413 0.484891 0.800241 0.145199 0.497450
0.499979 0.307450 0.222055 0.813333 0.195644 0.503651 0.475561 0.850066 0.536881 0.829668 0.110758 0.591983
0.490645 0.257279 0.094247 0.830920 0.270853 0.550559 0.487823 0.863652 0.431000 0.806546 0.136356 0.500203
0.521877 0.324811 0.209946 0.782677 0.278309 0.466554 0.421982 0.904611 0.428152 0.661238 0.160206 0.559735
0.475092 0.389070 0.227983 0.859613 0.308969 0.621339 0.412166 0.801192 0.402624 0.738304 0.196272 0.578049
0.492731 0.306829 0.227804 0.791024 0.223279 0.481674 0.418200 0.902130 0.474532 0.790274 0.139843 0.573047
0.496841 0.319164 0.064552 0.869080 0.307422 0.619639 0.456946 0.862192 0.482897 0.785345 0.128460 0.537795
0.567212 0.416393 0.049398 0.862478 0.131527 0.503331 0.429904 0.829701 0.409573 0.733325 0.159483 0.517515
0.480786 0.411688 0.207424 0.831792 0.295306 0.546775 0.382586 0.856020 0.473794 0.844284 0.145701 0.622796
0.489681 0.374305 0.149166 0.840037 0.243253 0.565730 0.576683 0.822912 0.457261 0.785004 0.090726 0.488945
0.577150 0.407515 0.174354 0.850567 0.329305 0.691440 0.479233 0.840529 0.542985 0.745475 0.137745 0.535591
0.523806 0.307719 0.200283 0.899402 0.254895 0.523488 0.471147 0.889272 0.517234 0.710233 0.145063 0.566846
0.563546 0.235615 0.137708 0.813953 0.198029 0.600344 0.443876 0.789152 0.518989 0.727890 0.202906 0.517242
0.532101 0.326942 0.190867 0.655979 0.346821 0.484281 0.367536 0.857622 0.446852 0.760594 0.176363 0.528644
0.523391 0.367801 0.098907 0.872941 0.215083 0.651791 0.439939 0.807058 0.390552 0.742803 0.338054 0.652467
0.609694 0.401115 0.151708 0.752076 0.220906 0.645859 0.547199 0.811455 0.425519 0.648625 0.128218 0.513309
0.488171 0.318358 0.174762 0.827107 0.181019 0.584604 0.406918 0.817455 0.459750 0.770606 0.246353 0.494039
0.523915 0.450334 0.102143 0.823358 0.304597 0.616477 0.445495 0.875968 0.510056 0.777199 0.155764 0.507084
0.493222 0.293287 0.177162 0.883060 0.297823 0.654027 0.350031 0.857158 0.465599 0.721202 0.118414 0.538226
0.621951 0.397456 0.221957 0.843322 0.225950 0.555902 0.437214 0.746164 0.467992 0.688733 0.092049 0.533559
0.523963 0.258652 0.114690 0.785506 0.289130 0.539321 0.527484 0.810595 0.508848 0.695285 0.156105 0.502649
0.564483 0.267218 0.173901 0.710928 0.233933 0.567871 0.460409 0.809480 0.445907 0.697301 0.087737 0.557201
0.501137 0.419994 0.114321 0.831447 0.279113 0.569007 0.432363 0.805310 0.537475 0.783768 0.171688 0.633451
0.568636 0.372984 0.172516 0.802106 0.273608 0.555951 0.570860 0.931740 0.566682 0.755969 0.220170 0.568217
0.601240 0.239890 0.020531 0.813182 0.294681 0.611722 0.404413 0.916650 0.460790 0.774957 0.182403 0.543944
0.583240 0.332764 0.170092 0.871728 0.193627 0.607987 0.523222 0.904976 0.411308 0.801494 0.176650 0.592850
0.537241 0.325924 0.198434 0.823918 0.303292 0.576842 0.435188 0.903430 0.575189 0.733460 0.167869 0.560291
0.517842 0.302461 0.168453 0.844177 0.239012 0.592887 0.441343 0.823987 0.474079 0.670270 0.195068 0.557289
0.526612 0.286977 0.155243 0.800397 0.267671 0.549925 0.365039 0.854526 0.487137 0.853517 0.174067 0.574174
0.494242 0.280822 0.230699 0.796571 0.142806 0.589787 0.405938 0.786199 0.494789 0.770569 0.185944 0.587718
0.470295 0.384787 0.151283 0.801984 0.223268 0.573431 0.441912 0.829699 0.431253 0.754432 0.217591 0.563119
0.593535 0.288924 0.207955 0.821589 0.267359 0.568553 0.501462 0.843048 0.544725 0.725328 0.169403 0.542754
0.526931 0.342765 0.159443 0.869267 0.221601 0.599042 0.395382 0.906561 0.524359 0.784682 0.232182 0.650951
0.462186 0.327823 0.260191 0.899522 0.222415 0.554657 0.439447 0.846393 0.599271 0.794169 0.114386 0.563696
0.586275 0.351768 0.054136 0.756742 0.307712 0.615915 0.423993 0.732632 0.537885 0.746731 0.141543 0.560127
0.551754 0.306461 0.215378 0.796099 0.332004 0.509770 0.509215 0.867501 0.571446 0.689852 0.102607 0.599163
0.557094 0.252206 0.118898 0.736637 0.236465 0.498693 0.386093 0.770015 0.501457 0.783088 0.185139 0.566658
0.517684 0.380647 0.148326 0.764213 0.189527 0.519556 0.458265 0.854758 0.474565 0.690420 0.208316 0.508793
0.562565 0.352352 0.161520 0.789503 0.202538 0.535020 0.426820 0.820428 0.493189 0.848373 0.148777 0.565717
0.579218 0.348289 0.129284 0.848607 0.248431 0.630863 0.376018 0.847313 0.452450 0.718415 0.178976 0.610797
0.543170 0.326491 0.064503 0.848595 0.219097 0.557554 0.498251 0.864908 0.513014 0.770857 0.213218 0.545169
0.525398 0.354286 0.176498 0.781959 0.182190 0.529546 0.394411 0.917174 0.530705 0.825035 0.173519 0.469429
0.607216 0.312646 0.176563 0.857367 0.179143 0.459864 0.479069 0.854097 0.461800 0.678470 0.062951 0.601614
0.547523 0.314404 0.136943 0.699711 0.234118 0.625019 0.446021 0.894730 0.409573 0.748082 0.057114 0.614991
0.477406 0.314687 0.112404 0.733223 0.300127 0.614975 0.462331 0.857510 0.375180 0.716776 0.194779 0.552827
0.572008 0.291752 0.213780 0.810839 0.231763 0.552264 0.493226 0.857248 0.353021 0.766544 0.174933 0.509036
0.549789 0.363950 0.204810 0.780337 0.159293 0.611520 0.501862 0.756396 0.516519 0.732192 0.078661 0.543701
0.565852 0.348392 0.163177 0.764972 0.251724 0.491557 0.488573 0.790545 0.496916 0.839269 0.180087 0.596692
0.571294 0.305692 0.141222 0.900033 0.266059 0.500714 0.507205 0.793655 0.523599 0.772575 0.190841 0.538531
0.457945 0.310025 0.137867 0.755972 0.173446 0.670648 0.439589 0.825296 0.441662 0.803118 0.141877 0.568856
0.582643 0.339500 0.146367 0.859754 0.270652 0.576202 0.407021 0.849109 0.499632 0.727138 0.186040 0.545192
0.530350 0.269732 0.173503 0.783804 0.317587 0.574151 0.592384 0.874681 0.412374 0.843867 0.192206 0.435595
0.557612 0.292588 0.110909 0.667995 0.241643 0.567839 0.454665 0.842516 0.484072 0.817376 0.165691 0.564968
0.517397 0.255254 0.112441 0.800677 0.190157 0.506159 0.530705 0.745661 0.374225 0.670969 0.172829 0.623448
0.508292 0.200399 0.224875 0.836747 0.260269 0.498761 0.430463 0.822088 0.515116 0.761975 0.142438 0.555237
0.432195 0.286128 0.143329 0.857688 0.300356 0.581633 0.388937 0.890519 0.466895 0.750466 0.224064 0.625820
0.516396 0.383724 0.239597 0.826451 0.188326 0.531431 0.590615 0.832379 0.495039 0.753990 0.209249 0.507457
0.575441 0.365045 0.148491 0.886376 0.279367 0.553258 0.423817 0.833779 0.413566 0.796183 0.101747 0.559401
0.609179 0.387881 0.245584 0.818645 0.254026 0.437782 0.380455 0.827080 0.381870 0.767815 0.157857 0.545712
0.516470 0.291875 0.205957 0.753711 0.335215 0.614827 0.400794 0.800180 0.439539 0.743399 0.120157 0.558915
0.564994 0.312685 0.190177 0.880356 0.178136 0.562729 0.474493 0.902124 0.437647 0.771341 0.230123 0.468047
0.634045 0.295503 0.146593 0.788242 0.250442 0.505946 0.412407 0.833211 0.530977 0.710120 0.145438 0.603963
0.617842 0.383796 0.134991 0.834253 0.182072 0.600674 0.430484 0.833826 0.444513 0.781425 0.150837 0.576214
0.529439 0.350099 0.163316 0.746547 0.266367 0.539216 0.511262 0.825414 0.486122 0.789403 0.164927 0.604155
0.621806 0.344291 0.096005 0.806807 0.211757 0.611939 0.529421 0.861345 0.531966 0.751008 0.179998 0.581396
0.587786 0.394284 0.214054 0.872195 0.239880 0.566420 0.373248 0.810278 0.471562 0.772168 0.103678 0.609306
0.541353 0.339225 0.094001 0.783021 0.272086 0.594188 0.474386 0.922541 0.480102 0.787358 0.140616 0.686753
0.593338 0.316579 0.155555 0.852341 0.259803 0.584145 0.495954 0.852301 0.420154 0.806233 0.228614 0.596133
0.550895 0.354455 0.160879 0.774829 0.216498 0.635580 0.466955 0.775976 0.467366 0.682075 0.193836 0.572587
0.570415 0.256891 0.162772 0.870018 0.216050 0.450511 0.501404 0.895198 0.447874 0.740635 0.160424 0.586988
0.530164 0.341515 0.215408 0.896589 0.253876 0.537115 0.360269 0.816053 0.489851 0.762264 0.182700 0.571622
0.570687 0.274318 0.149645 0.771012 0.311631 0.536513 0.449796 0.803431 0.486276 0.761285 0.202534 0.602159
0.489150 0.326588 0.197640 0.799264 0.275767 0.575488 0.487220 0.924319 0.516139 0.800188 0.152420 0.512443
0.664094 0.302622 0.175244 0.811110 0.262704 0.578010 0.393149 0.911032 0.497698 0.749023 0.255729 0.500845
0.555120 0.166619 0.156911 0.765203 0.302497 0.525506 0.465799 0.817662 0.420811 0.716451 0.245640 0.486605
0.559209 0.319977 0.128010 0.821136 0.284139 0.588057 0.534249 0.896398 0.517230 0.742564 0.189233 0.541319
0.580940 0.373828 0.164861 0.814251 0.278200 0.599009 0.426078 0.863433 0.535805 0.707544 0.181587 0.611272
0.573702 0.356039 0.147055 0.794122 0.259108 0.554331 0.456241 1.002950 0.400400 0.773139 0.110612 0.577763
0.545948 0.388870 0.181038 0.880054 0.262136 0.572324 0.426076 0.831903 0.515821 0.781352 0.161274 0.583807
0.620536 0.315653 0.127007 0.778325 0.305252 0.508032 0.454190 0.833904 0.494888 0.739420 0.192834 0.542335
0.511501 0.285670 0.253564 0.852280 0.268281 0.454203 0.475664 0.857571 0.408756 0.734382 0.169746 0.596307
0.562272 0.328462 0.022051 0.778623 0.130815 0.555373 0.477288 0.899553 0.470092 0.734090 0.171976 0.645869
0.486304 0.292009 0.116209 0.758524 0.255627 0.615865 0.453946 0.850700 0.564845 0.818785 0.163220 0.471588
0.576016 0.316059 0.169223 0.835677 0.175383 0.578994 0.485393 0.849129 0.468023 0.750076 0.106557 0.593900
0.579768 0.376019 0.113224 0.867292 0.216955 0.509925 0.450582 0.807851 0.473238 0.795366 0.150274 0.520616
0.564550 0.329022 0.151444 0.795661 0.209228 0.577949 0.433460 0.829118 0.474134 0.730306 0.182434 0.526444
0.550458 0.244551 0.219988 0.804979 0.301549 0.513925 0.505487 0.837565 0.431714 0.748916 0.163604 0.607212
0.588032 0.413274 0.136747 0.757903 0.251254 0.636774 0.376779 0.855600 0.446740 0.791776 0.193722 0.524932
0.555710 0.316000 0.148960 0.815219 0.274390 0.486746 0.476471 0.836931 0.443051 0.750575 0.173475 0.574692
0.557982 0.307821 0.116166 0.760547 0.218517 0.555022 0.458711 0.849427 0.434286 0.689558 0.174523 0.524722
0.529810 0.365449 0.148890 0.842714 0.287043 0.600737 0.493455 0.897922 0.463528 0.802519 0.259444 0.494559
0.544124 0.356589 0.103329 0.822706 0.214678 0.590056 0.392905 0.772971 0.517580 0.802234 0.195448 0.610652
0.608032 0.290507 0.209016 0.828224 0.249076 0.613980 0.445255 0.853375 0.481954 0.735217 0.136745 0.571244
0.518918 0.337865 0.161812 0.841659 0.251669 0.540253 0.402450 0.846095 0.487533 0.707301 0.168601 0.578215
0.518245 0.331960 0.106597 0.773967 0.259989 0.575827 0.466747 0.847361 0.440580 0.730971 0.090550 0.535203
0.570488 0.364284 0.078871 0.802008 0.309948 0.579726 0.403160 0.898688 0.548801 0.791719 0.192086 0.608655
0.625583 0.316054 0.059290 0.837280 0.110424 0.558474 0.442688 0.897676 0.537778 0.688625 0.231934 0.620786
0.582625 0.391765 0.226098 0.800281 0.235001 0.528262 0.392976 0.805479 0.426466 0.650540 0.278003 0.523069
0.541967 0.268717 0.080787 0.768560 0.189988 0.638436 0.458353 0.763004 0.456082 0.674442 0.202595 0.535035
0.612076 0.352251 0.234331 0.765587 0.208979 0.573622 0.413641 0.827163 0.482385 0.762005 0.137647 0.521619
0.513782 0.330923 0.210308 0.779830 0.356438 0.617630 0.437921 0.859150 0.466282 0.752097 0.097475 0.580435
0.467121 0.359995 0.169382 0.792841 0.276561 0.637553 0.471319 0.850228 0.499653 0.790785 0.197760 0.558976
0.549575 0.234039 0.182042 0.770314 0.239964 0.505528 0.436473 0.888299 0.418602 0.787339 0.184250 0.550099
0.609249 0.378577 0.106894 0.733394 0.294567 0.675219 0.531017 0.807462 0.458483 0.752492 0.157117 0.576351
0.467681 0.298430 0.020257 0.692413 0.216222 0.568028 0.423438 0.881096 0.513671 0.727369 0.177606 0.482327
0.526401 0.344576 0.177358 0.722206 0.290555 0.512598 0.508656 0.895419 0.488723 0.772010 0.167446 0.548674
0.593992 0.306966 0.163650 0.832026 0.181446 0.611282 0.428898 0.808598 0.506466 0.754668 0.186719 0.594741
0.645761 0.321261 0.164514 0.767589 0.215877 0.538219 0.438912 0.764112 0.434017 0.734987 0.201332 0.547817
0.473429 0.301840 0.178632 0.671358 0.218639 0.613861 0.389220 0.853655 0.500163 0.770335 0.131424 0.511637
0.518933 0.269509 0.095823 0.786247 0.277991 0.609847 0.392542 0.783414 0.480889 0.735814 0.133709 0.526339
0.567886 0.308930 0.096117 0.838950 0.213469 0.588137 0.360342 0.936811 0.497969 0.760473 0.180636 0.522777
0.572393 0.245864 0.166139 0.832909 0.212582 0.523149 0.415398 0.785510 0.442709 0.792176 0.218814 0.558195
0.603791 0.262135 0.227971 0.825031 0.276321 0.546873 0.453235 0.800862 0.506691 0.778781 0.240393 0.619537
0.651755 0.407859 0.131484 0.806589 0.199589 0.567658 0.415750 0.869830 0.394440 0.820233 0.132657 0.536190
0.556372 0.292420 0.199355 0.756364 0.174782 0.572129 0.448684 0.811758 0.323078 0.778173 0.036331 0.578932
0.562110 0.295158 0.123476 0.791665 0.234226 0.572305 0.483412 0.797212 0.437224 0.773706 0.127539 0.593036
0.527864 0.239834 0.128340 0.753503 0.250230 0.491827 0.453481 0.830037 0.402109 0.661330 0.205386 0.559479
0.572206 0.377488 0.188836 0.796401 0.111533 0.593170 0.527694 0.858822 0.465968 0.705763 0.167030 0.543016
0.600482 0.399863 0.137653 0.803414 0.192211 0.589910 0.459941 0.849227 0.496368 0.739342 0.141450 0.560519
0.555943 0.281251 0.254921 0.740754 0.250358 0.629949 0.441990 0.782582 0.458758 0.783507 0.116220 0.710120
0.523455 0.223984 0.172010 0.836530 0.248143 0.553610 0.544633 0.950392 0.486058 0.753089 0.281623 0.610660
0.481354 0.323777 0.139297 0.908772 0.223636 0.530762 0.448188 0.771144 0.390802 0.795359 0.230826 0.527093
0.479925 0.321643 0.197280 0.776137 0.192205 0.483063 0.494809 0.908533 0.559189 0.820634 0.183042 0.621726
0.530248 0.371011 0.156826 0.699656 0.271411 0.548178 0.387608 0.781276 0.558641 0.683451 0.106704 0.652595
0.565570 0.357800 0.099775 0.717685 0.241741 0.450421 0.542093 0.839087 0.438968 0.642045 0.152229 0.580167
0.520940 0.389611 0.087584 0.813379 0.262330 0.566463 0.406915 0.804886 0.459555 0.814694 0.150112 0.632126
0.591330 0.310775 0.111572 0.809160 0.284302 0.483939 0.399880 0.899998 0.503448 0.845010 0.162343 0.636372
0.527360 0.386168 0.102975 0.803855 0.273937 0.568025 0.411057 0.840778 0.501614 0.780937 0.195781 0.576883
0.570966 0.248493 0.206096 0.697975 0.216355 0.443909 0.385837 0.897253 0.388788 0.835275 0.167517 0.585329
0.485621 0.290115 0.138339 0.842074 0.218413 0.597496 0.502235 0.782496 0.444978 0.784642 0.053369 0.538817
0.632999 0.325452 0.107601 0.888307 0.296090 0.532009 0.449977 0.794258 0.428289 0.678508 0.094442 0.513431
0.538365 0.251213 0.117072 0.768496 0.315508 0.550755 0.527326 0.917053 0.437463 0.707386 0.152713 0.639793
0.516508 0.308019 0.124033 0.785876 0.264201 0.596655 0.484673 0.858764 0.422063 0.783053 0.106822 0.647700
0.631979 0.411064 0.157261 0.747786 0.227561 0.597046 0.466503 0.863594 0.505819 0.751483 0.180223 0.565507
0.561840 0.335499 0.273713 0.836265 0.232357 0.562974 0.464274 0.858575 0.536294 0.778834 0.274364 0.484704
0.694987 0.367263 0.158752 0.825967 0.196800 0.556375 0.367959 0.831354 0.519377 0.801994 0.184136 0.599762
0.528934 0.320300 0.186222 0.725850 0.230718 0.526876 0.480597 0.829960 0.493813 0.745863 0.144842 0.543627
0.567482 0.409018 0.138661 0.819594 0.233375 0.515640 0.388071 0.759658 0.367307 0.833053 0.199277 0.617313
0.562365 0.428960 0.059231 0.805807 0.185485 0.534359 0.494796 0.957372 0.529529 0.739525 0.093909 0.540968
0.559003 0.288368 0.119889 0.800885 0.235808 0.645846 0.374086 0.859524 0.538662 0.783376 0.230531 0.597848
0.537840 0.354684 0.170416 0.815650 0.183455 0.522147 0.462351 0.797792 0.387178 0.694789 0.209720 0.576616
0.502844 0.357179 0.184737 0.778062 0.255489 0.539164 0.530624 0.848211 0.452816 0.802381 0.205810 0.514436
0.502699 0.336377 0.188118 0.798392 0.223312 0.646671 0.500028 0.973183 0.581968 0.788380 0.089908 0.632873
0.548721 0.296800 0.180715 0.731659 0.294631 0.575370 0.410179 0.934474 0.570347 0.809248 0.115550 0.476854
0.550786 0.262879 0.153406 0.828728 0.143077 0.545583 0.473785 0.842703 0.469037 0.761855 0.190554 0.642647
0.632576 0.359875 0.200254 0.772083 0.228843 0.494637 0.400603 0.790441 0.529831 0.652304 0.145198 0.562534
0.521260 0.324648 0.219583 0.860093 0.213011 0.626685 0.465042 0.826563 0.386248 0.759831 0.049861 0.602891
0.593792 0.338363 0.123264 0.834554 0.224597 0.550197 0.377842 0.851135 0.496134 0.797788 0.158312 0.613026
0.473152 0.331477 0.166339 0.779999 0.296242 0.554354 0.499996 0.859309 0.471444 0.828851 0.165221 0.475703
0.509718 0.287839 0.116317 0.796481 0.282074 0.513375 0.520842 0.934669 0.426243 0.785801 0.204578 0.593917
0.594276 0.354095 0.213493 0.776480 0.244505 0.593388 0.506657 0.882552 0.476216 0.826992 0.152050 0.595355
0.556336 0.269896 0.238024 0.858548 0.219146 0.577840 0.561648 0.913699 0.401460 0.761017 0.217640 0.495318
0.578744 0.274295 0.147926 0.765884 0.218070 0.570569 0.412493 0.911861 0.485640 0.757009 0.146775 0.522777
0.473443 0.414311 0.185654 0.816505 0.330250 0.625398 0.479719 0.886054 0.456561 0.822855 0.211756 0.569208
0.599120 0.185268 0.195791 0.774196 0.216774 0.552540 0.443908 0.828718 0.436387 0.709678 0.156569 0.564822
0.606184 0.315045 0.174729 0.808765 0.196111 0.566294 0.399974 0.814969 0.475298 0.784153 0.074117 0.524184
0.598843 0.334032 0.200539 0.744135 0.238376 0.635518 0.475765 0.846804 0.380549 0.656998 0.100081 0.601588
0.607795 0.329543 0.138347 0.732909 0.164403 0.578329 0.434889 0.914681 0.511541 0.800363 0.118661 0.560517
0.611234 0.343547 0.149969 0.751117 0.250780 0.571280 0.434870 0.871276 0.399789 0.735894 0.110706 0.563804
0.469847 0.273232 0.089883 0.839043 0.298850 0.469619 0.458664 0.909850 0.436880 0.787372 0.287919 0.483967
0.527401 0.303148 0.237014 0.796300 0.275018 0.547011 0.498869 0.864622 0.578940 0.755595 0.138413 0.618256
0.534535 0.268827 0.115319 0.778475 0.264674 0.548713 0.476077 0.868340 0.462528 0.847084 0.165824 0.569571
0.513422 0.257561 0.180775 0.792327 0.148569 0.554963 0.425324 0.811296 0.425844 0.722134 0.163760 0.576768
0.557446 0.347560 0.158307 0.791184 0.180905 0.584490 0.516546 0.896898 0.545043 0.735271 0.195204 0.537266
0.546433 0.311326 0.155066 0.711340 0.243498 0.586717 0.507953 0.837710 0.540936 0.720025 0.193952 0.559636
0.569322 0.289182 0.192485 0.818772 0.197760 0.600720 0.401547 0.838006 0.410879 0.855433 0.186940 0.480805
0.635118 0.298888 0.109551 0.783832 0.263703 0.535883 0.425623 0.785012 0.501552 0.709427 0.249830 0.573347
0.528541 0.313556 0.255293 0.778788 0.216903 0.545941 0.423324 0.922337 0.573191 0.787358 0.154937 0.559265
0.526221 0.218722 0.143534 0.795843 0.288009 0.665562 0.487139 0.842442 0.528353 0.783230 0.192931 0.648937
0.503434 0.438366 0.205243 0.756373 0.218619 0.490981 0.420674 0.870558 0.482803 0.720689 0.165073 0.616889
0.510421 0.259714 0.117055 0.841626 0.136638 0.475787 0.429640 0.906694 0.407933 0.687772 0.199367 0.598923
0.497360 0.302310 0.167478 0.773607 0.277879 0.517247 0.470591 0.879963 0.460522 0.802753 0.161191 0.521403
0.539574 0.397552 0.192415 0.875801 0.293889 0.415200 0.446031 0.798883 0.387313 0.755321 0.075513 0.591451
0.627063 0.237216 0.170174 0.907965 0.274173 0.516137 0.435948 0.849836 0.489756 0.755780 0.117577 0.591610
0.586520 0.321698 0.199204 0.744343 0.191621 0.570562 0.441392 0.814140 0.425306 0.769872 0.086257 0.504099
0.580502 0.312465 0.224393 0.794854 0.264199 0.654336 0.410370 0.840694 0.381745 0.777479 0.087529 0.645361
0.494214 0.382709 0.179502 0.858372 0.245400 0.605340 0.425111 0.817714 0.460991 0.780966 0.194040 0.543125
0.457951 0.328796 0.087842 0.654963 0.360850 0.598255 0.390194 0.957462 0.572842 0.774973 0.289508 0.609507
0.523097 0.349946 0.210194 0.765127 0.263276 0.509287 0.413252 0.853016 0.452278 0.741203 0.129820 0.581393
0.496848 0.333571 0.243784 0.827049 0.284719 0.631017 0.540142 0.801768 0.519123 0.767635 0.255510 0.544984
0.541073 0.222678 0.133157 0.772029 0.194104 0.544349 0.475947 0.852924 0.441840 0.796845 0.126271 0.531103
0.607002 0.339081 0.240747 0.808686 0.196060 0.516817 0.433256 0.858104 0.340185 0.812735 0.095988 0.488503
0.606712 0.303474 0.253200 0.779542 0.213178 0.581166 0.363815 0.831173 0.508636 0.726744 0.125556 0.527936
0.578951 0.313272 0.126407 0.812242 0.227499 0.573300 0.441095 0.914511 0.509988 0.765096 0.192908 0.611508
0.516526 0.301066 0.121454 0.838110 0.341804 0.623742 0.432953 0.866428 0.464124 0.750868 0.208771 0.650305
0.536279 0.299334 0.238016 0.740933 0.235390 0.663131 0.296132 0.822938 0.486976 0.767150 0.109816 0.565686
0.524440 0.231570 0.201222 0.818786 0.242074 0.549634 0.521162 0.845560 0.415709 0.741567 0.238909 0.540204
0.541752 0.240955 0.212527 0.872055 0.199757 0.547427 0.429133 0.872368 0.476144 0.718023 0.150814 0.555112
0.617091 0.293014 0.214682 0.687811 0.276825 0.549742 0.432881 0.879515 0.435701 0.790088 0.149565 0.584934
0.579476 0.384092 0.120848 0.763269 0.252549 0.554248 0.433714 0.848143 0.485489 0.774314 0.183819 0.591343
0.501153 0.306536 0.117456 0.760945 0.244490 0.617920 0.421282 0.932817 0.423096 0.773269 0.195791 0.610264
0.494103 0.310932 0.159814 0.777356 0.285936 0.557163 0.348014 0.814974 0.457025 0.724147 0.195925 0.598530
0.517312 0.379629 0.209689 0.863918 0.313956 0.628098 0.492790 0.839251 0.525091 0.693841 0.117109 0.561058
0.529337 0.313945 0.144829 0.802520 0.195249 0.586056 0.543919 0.834519 0.502067 0.797153 0.057219 0.559250
0.499987 0.428404 0.218529 0.792350 0.251775 0.626187 0.533433 0.878422 0.434264 0.778272 0.215468 0.597323
0.523892 0.343819 0.153493 0.791157 0.261274 0.707967 0.483910 0.901829 0.465450 0.843278 0.173337 0.579245
0.517325 0.375015 0.132579 0.772522 0.262898 0.557275 0.442853 0.889326 0.523277 0.778225 0.176986 0.534150
0.507920 0.292004 0.124325 0.812271 0.262126 0.578308 0.483437 0.810246 0.431778 0.856951 0.246893 0.583553
0.596751 0.259229 0.144473 0.804186 0.191326 0.649658 0.442851 0.863924 0.445581 0.778066 0.174079 0.545593
0.523649 0.337638 0.125823 0.743993 0.122089 0.597324 0.430158 0.758074 0.508709 0.750188 0.148191 0.581591
0.487700 0.342933 0.185116 0.835445 0.173281 0.533963 0.507383 0.903542 0.451685 0.845123 0.068912 0.553765
0.564394 0.363130 0.208020 0.763758 0.228222 0.533459 0.335011 0.967649 0.483277 0.670745 0.153182 0.534077
0.506834 0.397308 0.200649 0.789314 0.124193 0.608516 0.475174 0.787193 0.459242 0.667952 0.053940 0.517212
0.538020 0.415726 0.191714 0.756564 0.200699 0.672155 0.431166 0.811009 0.396941 0.750770 0.227031 0.543222
0.545240 0.341850 0.156279 0.807788 0.285124 0.524465 0.527931 0.946893 0.464531 0.843567 0.185658 0.605640
0.624534 0.269275 0.177608 0.779816 0.284476 0.540790 0.436702 0.815153 0.417306 0.793911 0.199255 0.560645
0.522905 0.320784 0.230473 0.783047 0.253276 0.578082 0.497212 0.847561 0.498969 0.740773 0.092083 0.475644
0.515789 0.290557 0.112764 0.731432 0.188352 0.504253 0.419835 0.873477 0.491506 0.812523 0.274844 0.565295
0.621304 0.296206 0.160286 0.795189 0.192748 0.466366 0.512798 0.757303 0.410180 0.739975 0.166842 0.617441
0.578848 0.371068 0.141557 0.838345 0.271605 0.622305 0.584282 0.900636 0.469750 0.801578 0.156913 0.669729
0.551982 0.217664 0.189604 0.819165 0.315672 0.547803 0.476182 0.722699 0.406068 0.741543 0.162747 0.579963
0.539673 0.383389 0.136193 0.683025 0.221947 0.694621 0.475482 0.890455 0.501102 0.820895 0.182572 0.632696
0.525155 0.370182 0.053319 0.804233 0.231575 0.559194 0.448757 0.829153 0.455047 0.759092 0.185203 0.561240
0.440372 0.314937 0.079588 0.868973 0.240850 0.555856 0.504117 0.841143 0.526921 0.635485 0.248547 0.558023
0.536602 0.313842 0.110999 0.853048 0.265347 0.539911 0.568444 0.931883 0.423157 0.744963 0.099488 0.415117
0.516936 0.313230 0.128112 0.778430 0.170734 0.610101 0.469245 0.892660 0.532308 0.842494 0.120051 0.478785
0.533322 0.312290 0.174272 0.873529 0.308152 0.571715 0.495563 0.764419 0.477000 0.688602 0.234192 0.477839
0.534710 0.330494 0.163655 0.822034 0.233800 0.574206 0.403748 0.844088 0.488902 0.765687 0.136036 0.553635
0.532787 0.335934 0.202358 0.769797 0.239310 0.542324 0.491801 0.826342 0.420048 0.708323 0.241256 0.598688
0.543633 0.308485 0.192136 0.882619 0.233376 0.592034 0.476425 0.867097 0.380785 0.842519 0.187389 0.553066
0.621725 0.413798 0.205772 0.755970 0.180117 0.599330 0.514068 0.963236 0.570345 0.708612 0.165481 0.535453
0.553759 0.324920 0.165872 0.802282 0.171529 0.572227 0.474921 0.803641 0.425538 0.778677 0.134750 0.522887
0.553350 0.271436 0.226011 0.789358 0.268124 0.564754 0.421159 0.956565 0.538888 0.657200 0.177037 0.440302
0.580728 0.347751 0.152151 0.757543 0.279848 0.570975 0.463293 0.918028 0.482746 0.737690 0.172109 0.548783
0.561850 0.252474 0.190320 0.610189 0.230238 0.493701 0.462313 0.937413 0.505403 0.680464 0.153079 0.528359
0.508756 0.287829 0.170723 0.795130 0.207136 0.580270 0.437893 0.788770 0.446715 0.639904 0.163119 0.504340
0.462085 0.420032 0.183525 0.861905 0.210926 0.476744 0.463130 0.877167 0.441114 0.651778 0.126376 0.613525
0.584761 0.307435 0.127439 0.854508 0.292739 0.589263 0.374894 0.762678 0.436516 0.785967 0.109492 0.513767
0.620219 0.331614 0.196844 0.886159 0.259917 0.549451 0.506069 0.840721 0.459617 0.696091 0.192690 0.525490
0.606428 0.375815 0.104502 0.777311 0.274517 0.587356 0.440069 0.865880 0.453624 0.708568 0.144159 0.537941
0.538592 0.256701 0.259945 0.832241 0.257986 0.619384 0.548073 0.828730 0.364664 0.787981 0.136395 0.565464
0.603534 0.305259 0.207624 0.793496 0.237092 0.508540 0.497738 0.799806 0.430525 0.680779 0.169409 0.532756
0.591028 0.339962 0.242737 0.790289 0.239304 0.560446 0.499010 0.873263 0.490312 0.751829 0.102380 0.613454
0.584871 0.228313 0.183494 0.826200 0.222679 0.659984 0.546372 0.885000 0.453724 0.779051 0.264795 0.521052
0.548445 0.316833 0.145416 0.887782 0.239555 0.453090 0.501859 0.905035 0.494380 0.652190 0.154735 0.534486
0.570786 0.276721 0.111640 0.872369 0.255129 0.450462 0.450122 0.792946 0.489306 0.823830 0.180298 0.521294
0.605825 0.380492 0.110674 0.862989 0.258784 0.558415 0.505242 0.874770 0.405237 0.751599 0.182558 0.616665
0.461206 0.287228 0.158800 0.803282 0.220477 0.537456 0.432120 0.863635 0.434937 0.813081 0.123883 0.651356
0.613951 0.305033 0.124732 0.780703 0.185287 0.557787 0.464717 0.832942 0.499690 0.750556 0.152603 0.608921
0.565586 0.347012 0.181029 0.716862 0.306445 0.518454 0.462189 0.830926 0.463887 0.733470 0.192659 0.562959
0.454507 0.400596 0.200545 0.854122 0.196671 0.555844 0.406775 0.860811 0.521236 0.763272 0.164786 0.553693
0.597736 0.306630 0.052532 0.790645 0.190074 0.526110 0.520758 0.863037 0.525222 0.775308 0.165182 0.492388
0.546303 0.292291 0.185990 0.837387 0.198808 0.544047 0.390350 0.778197 0.449404 0.761118 0.142415 0.662152
0.536985 0.351309 0.192866 0.816406 0.244712 0.629976 0.448892 0.826561 0.427811 0.714035 0.187944 0.532173
0.568205 0.262903 0.194300 0.815472 0.304089 0.551089 0.519578 0.816218 0.392624 0.677678 0.211433 0.523312
0.427953 0.309622 0.125052 0.734243 0.269638 0.535995 0.479031 0.797501 0.408220 0.813539 0.113542 0.453299
0.512357 0.294845 0.163829 0.792414 0.227618 0.519936 0.485535 0.844637 0.464446 0.795768 0.134404 0.590035
0.529030 0.386943 0.144135 0.690596 0.218895 0.536377 0.529080 0.893379 0.443281 0.814716 0.098957 0.507078
0.602463 0.393678 0.138289 0.760000 0.224559 0.524874 0.414578 0.846293 0.465554 0.765178 0.083378 0.511543
0.582450 0.394857 0.153362 0.713101 0.209764 0.538797 0.398608 0.877748 0.511857 0.653697 0.170452 0.530319
0.639195 0.300427 0.202727 0.848346 0.270260 0.608354 0.478038 0.774202 0.489560 0.762523 0.089234 0.635340
0.599044 0.290570 0.174125 0.789632 0.192701 0.524563 0.498462 0.823594 0.523688 0.735353 0.235970 0.579929
0.630247 0.306169 0.214685 0.797090 0.199729 0.507841 0.507425 0.820630 0.414031 0.791250 0.111690 0.581680
0.648245 0.272312 0.172948 0.822830 0.216723 0.584295 0.481544 0.885443 0.475177 0.755384 0.183007 0.624349
0.513822 0.332840 0.115885 0.834169 0.278140 0.576120 0.476791 0.757491 0.521279 0.756798 0.171022 0.594876
0.475941 0.320450 0.049926 0.803614 0.140629 0.556449 0.474101 0.837815 0.419822 0.752999 0.115359 0.589123
0.504106 0.344749 0.134785 0.835407 0.234298 0.552733 0.465718 0.826808 0.455784 0.734078 0.217634 0.564207
0.560392 0.303412 0.139533 0.846478 0.243072 0.570400 0.480421 0.863494 0.551954 0.725267 0.165910 0.567068
0.530767 0.301480 0.164754 0.868162 0.203553 0.577870 0.457924 0.858442 0.413255 0.800837 0.163546 0.567719
0.507269 0.329254 0.239567 0.821632 0.257465 0.446358 0.458201 0.889404 0.413936 0.697700 0.131304 0.536435
0.576637 0.389772 0.184321 0.840296 0.334823 0.543458 0.414095 0.867021 0.502818 0.770409 0.177501 0.570059
0.572545 0.247306 0.130880 0.744635 0.204767 0.560191 0.495262 0.849762 0.458344 0.788904 0.192815 0.571132
0.629639 0.319417 0.157928 0.879075 0.133871 0.605832 0.481233 0.966215 0.495336 0.761002 0.172601 0.498128
0.601496 0.395811 0.106065 0.704492 0.279595 0.615115 0.445219 0.815995 0.499170 0.818880 0.261932 0.529653
0.487494 0.299546 0.112276 0.855512 0.344125 0.531023 0.457528 0.850232 0.403474 0.792640 0.123822 0.653845
0.543652 0.257014 0.172601 0.763373 0.203138 0.538953 0.488409 0.838807 0.407163 0.727629 0.136899 0.635324
0.595220 0.401959 0.198411 0.853494 0.199581 0.607945 0.470143 0.805766 0.496155 0.736141 0.146330 0.444500
0.583211 0.315106 0.051141 0.848403 0.224189 0.604260 0.491043 0.874471 0.568381 0.773252 0.148402 0.559796
0.621210 0.336868 0.177606 0.767578 0.194993 0.580272 0.466251 0.903760 0.516521 0.833348 0.155492 0.574176
0.437012 0.349813 0.083917 0.827486 0.259498 0.621542 0.531662 0.858679 0.520944 0.678060 0.056070 0.560978
0.516287 0.266656 0.170246 0.828229 0.255230 0.561499 0.470498 0.905775 0.432789 0.736735 0.185336 0.515845
0.509665 0.413926 0.152769 0.759899 0.256806 0.636101 0.380083 0.861452 0.453092 0.815279 0.222524 0.518212
0.578598 0.384428 0.171578 0.857874 0.231074 0.535170 0.416780 0.826595 0.534473 0.745539 0.273297 0.576705
0.571120 0.345178 0.222644 0.798357 0.271420 0.488857 0.491894 0.842261 0.490915 0.792830 0.169300 0.533979
0.549754 0.325950 0.059223 0.794517 0.304558 0.542052 0.440628 0.892652 0.496997 0.678884 0.104057 0.477289
0.491073 0.403682 0.094540 0.780383 0.270811 0.637721 0.418904 0.848526 0.491258 0.839236 0.220875 0.519892
0.552021 0.318503 0.172356 0.881828 0.241717 0.500521 0.513719 0.866678 0.494744 0.744262 0.201259 0.602338
0.506488 0.358490 0.199154 0.763018 0.125273 0.618011 0.399560 0.863978 0.492073 0.789241 0.257443 0.693400
0.500919 0.309810 0.195224 0.824693 0.271473 0.670886 0.458651 0.843845 0.530371 0.797859 0.186137 0.528497
0.490884 0.271876 0.042706 0.773332 0.205570 0.667459 0.455565 0.875154 0.444403 0.825050 0.169038 0.532083
0.647397 0.355321 0.163847 0.760371 0.224826 0.506619 0.436291 0.847511 0.489469 0.764464 0.126120 0.536302
0.515434 0.379805 0.119736 0.779069 0.272707 0.566911 0.421434 0.885073 0.457940 0.799077 0.163478 0.602181
0.556746 0.361988 0.128725 0.857219 0.235725 0.547511 0.409481 0.811388 0.494191 0.749186 0.187059 0.628243
0.499601 0.223254 0.210249 0.801365 0.231969 0.547089 0.432096 0.879733 0.510738 0.750273 0.212313 0.506802
0.633487 0.328392 0.176522 0.714726 0.241861 0.573619 0.433948 0.840756 0.446658 0.823484 0.177849 0.563163
0.533924 0.338779 0.196830 0.763743 0.284717 0.571583 0.380598 0.845802 0.409018 0.783253 0.170965 0.630445
0.567563 0.292027 0.133101 0.860630 0.274800 0.464282 0.427526 0.797295 0.421615 0.763508 0.091270 0.623895
0.591160 0.318177 0.209209 0.871725 0.207816 0.489295 0.460829 0.862253 0.464556 0.766056 0.156621 0.579169
0.596092 0.307577 0.128424 0.707873 0.208346 0.609367 0.493187 0.853394 0.432259 0.758616 0.193293 0.598557
0.581984 0.263605 0.149197 0.758407 0.269784 0.544516 0.467387 0.830687 0.532913 0.786841 0.192021 0.552328
0.459573 0.354040 0.164771 0.847094 0.232741 0.630330 0.442840 0.791951 0.463976 0.822766 0.086034 0.629025
0.598834 0.354920 0.152149 0.807040 0.171019 0.583641 0.502578 0.844345 0.411847 0.737398 0.164048 0.739367
0.500516 0.329958 0.239363 0.788174 0.250143 0.587507 0.497874 0.758852 0.538223 0.777954 0.243041 0.544136
0.590902 0.300782 0.261158 0.697357 0.254217 0.597916 0.486789 0.817110 0.380034 0.851648 0.123165 0.509173
0.471077 0.298124 0.086219 0.777980 0.218675 0.524662 0.408147 0.945731 0.444491 0.773268 0.150839 0.507633
