1000 24 500
0.870590 0.073232 0.651240 0.158084 0.479115 0.499246 0.500021 0.051759 0.533255 0.468116 0.355467 0.454824 0.981834 0.703022 0.985934 0.430435 0.076935 0.958752 0.724059 0.886398 0.404212 0.902830 1.072417 0.605105
0.865085 0.038380 0.629491 0.214312 0.473498 0.663687 0.461298 -0.100720 0.621574 0.418480 0.300548 0.516884 0.885158 0.637157 1.030002 0.536759 0.110137 1.045062 0.815116 0.901237 0.403620 0.946410 1.052003 0.633765
0.911477 0.003608 0.731404 0.176430 0.531189 0.559299 0.403355 0.000321 0.637075 0.304207 0.295027 0.496358 0.915865 0.683933 0.933685 0.504092 0.045553 0.916868 0.653190 0.872954 0.367098 0.849420 1.099875 0.629896
0.778314 0.093760 0.699763 0.210823 0.462070 0.489142 0.468917 0.039897 0.672160 0.356077 0.309016 0.525047 0.895092 0.661389 0.932677 0.513114 0.021366 1.036090 0.654550 0.955729 0.458638 0.888726 0.974901 0.585374
0.890835 -0.053233 0.747338 0.192576 0.428362 0.612098 0.362197 0.074355 0.516850 0.344899 0.289777 0.404207 0.885979 0.682569 1.000145 0.495274 0.117634 0.963761 0.715509 0.802285 0.403983 0.929997 1.043728 0.578093
0.821779 0.059644 0.681413 0.193982 0.477493 0.611701 0.367864 0.132520 0.536082 0.289372 0.319629 0.432274 0.838522 0.557340 0.966269 0.567791 0.129726 0.923720 0.762845 0.914658 0.471426 0.959936 0.946432 0.638054
0.958730 0.062297 0.625241 0.064899 0.433239 0.612229 0.428300 0.062318 0.557691 0.391300 0.218412 0.404550 0.955179 0.678243 0.969562 0.531380 0.072451 0.960680 0.708021 0.974789 0.467754 0.964208 1.044474 0.641543
0.875238 0.018426 0.761490 0.295263 0.510310 0.505239 0.391326 0.050231 0.565758 0.338577 0.256638 0.459773 0.893388 0.692290 0.936087 0.400301 0.127709 0.962098 0.668539 0.916527 0.326114 0.939210 0.920261 0.662748
0.903162 0.134654 0.678378 0.231302 0.497194 0.596705 0.474863 0.095260 0.547522 0.384960 0.252530 0.507151 0.871121 0.600975 0.895259 0.538660 0.129590 0.959159 0.686545 0.944238 0.436976 0.953803 1.012756 0.529647
0.970819 -0.012348 0.707017 0.157881 0.468508 0.518619 0.424226 0.065987 0.484965 0.363901 0.376013 0.387381 0.866956 0.614848 0.936227 0.476343 0.072346 1.081371 0.649754 0.986630 0.442855 0.881602 0.980202 0.588133
0.917642 0.057665 0.787105 0.201267 0.447494 0.549625 0.457765 0.004914 0.569664 0.330234 0.309992 0.541959 0.932434 0.661053 0.997523 0.388545 0.151768 1.081144 0.722380 0.849343 0.431401 0.898821 0.982860 0.679641
0.896116 0.020138 0.603393 0.218919 0.546342 0.521805 0.474801 0.096561 0.548041 0.329370 0.286655 0.472265 0.836074 0.652933 0.964076 0.390507 0.045735 0.989130 0.700662 0.889332 0.378506 0.906512 0.958599 0.579068
0.869260 -0.000957 0.748600 0.187258 0.522457 0.454787 0.480757 0.018087 0.569034 0.299194 0.391298 0.405122 0.898106 0.611924 0.968158 0.471319 0.065213 0.979173 0.731799 0.749478 0.430069 0.924434 1.014822 0.612636
0.878570 0.154632 0.680463 0.232385 0.538716 0.485340 0.392744 -0.005389 0.528493 0.332133 0.375124 0.513628 0.897014 0.667001 1.029784 0.540171 0.072570 0.934993 0.664869 0.902451 0.489960 0.952373 0.944223 0.575776
0.954592 0.097224 0.744066 0.239571 0.418700 0.555838 0.445444 0.024558 0.586023 0.355212 0.376897 0.482964 0.847906 0.675201 0.974007 0.410904 0.019338 0.971983 0.651880 0.839506 0.399253 0.919828 0.967299 0.596411
0.861285 0.057294 0.718375 0.274412 0.434135 0.581858 0.407138 0.008197 0.659511 0.371552 0.232587 0.389087 0.823496 0.604130 0.896576 0.504758 0.167147 0.999766 0.687650 0.843394 0.440267 0.921767 0.945072 0.602530
0.879163 0.081584 0.746815 0.227747 0.422510 0.592078 0.421231 0.061423 0.474171 0.291554 0.310707 0.539686 0.881542 0.652068 0.910236 0.465062 0.018788 0.848507 0.727566 0.866668 0.465477 0.946498 0.993428 0.586625
0.895469 0.051102 0.732897 0.290866 0.476589 0.650656 0.391055 0.019800 0.549044 0.400134 0.337499 0.444873 0.855542 0.661893 0.983712 0.513275 -0.007076 1.012963 0.656363 0.957266 0.437279 0.857159 0.964115 0.557152
0.983704 0.021218 0.691802 0.247743 0.425815 0.567575 0.394986 0.020569 0.538457 0.305623 0.251025 0.484373 0.903393 0.690635 0.900860 0.514819 -0.025537 0.954060 0.656206 0.934324 0.429294 0.884890 1.003110 0.602421
0.826477 -0.007062 0.644643 0.220938 0.531066 0.586626 0.449308 0.047358 0.507799 0.282203 0.261989 0.490080 0.944892 0.604819 0.939112 0.466760 0.066829 0.992015 0.724164 0.927831 0.392799 0.848482 0.935727 0.674396
0.861804 -0.020682 0.704208 0.152110 0.469017 0.579078 0.553862 -0.086220 0.647702 0.309628 0.328401 0.527721 0.887205 0.654265 1.053770 0.472602 0.111447 0.923233 0.688584 0.856903 0.346664 0.942774 0.989413 0.518860
0.854696 0.020561 0.559624 0.192600 0.557866 0.580765 0.455192 0.068991 0.552023 0.317083 0.234263 0.512785 0.932044 0.717395 1.037345 0.555709 0.058997 0.866897 0.748157 0.887973 0.415152 0.954706 1.019520 0.555931
0.891901 -0.020494 0.705591 0.217924 0.523344 0.570617 0.427328 0.065550 0.608321 0.207976 0.219243 0.441544 0.900909 0.598710 0.922364 0.530012 0.088178 0.872426 0.732102 0.893601 0.436695 0.979096 1.014393 0.602105
0.933508 0.076383 0.745100 0.243587 0.500187 0.553229 0.457282 -0.001994 0.685395 0.379964 0.288987 0.544078 0.859419 0.741174 0.997398 0.571271 0.031687 0.981903 0.672502 0.962409 0.386535 0.940433 0.946631 0.547204
0.808912 0.028812 0.728485 0.169334 0.496144 0.506411 0.457723 0.021654 0.559093 0.381594 0.222471 0.430321 0.808407 0.692627 0.928363 0.491623 0.052876 1.005742 0.710755 0.973274 0.469535 0.926048 0.983125 0.569965
0.927489 0.116145 0.703664 0.175315 0.464737 0.528333 0.382633 0.084516 0.569805 0.373515 0.229855 0.528853 0.813207 0.684344 1.002699 0.470193 0.005891 0.981378 0.720989 0.888065 0.398224 0.943145 1.081383 0.566104
0.851323 0.011251 0.836967 0.211497 0.509673 0.628527 0.370823 0.005045 0.496404 0.395742 0.290343 0.543314 0.917900 0.739397 0.944222 0.517802 0.059422 1.032041 0.733178 0.944224 0.428514 0.921148 0.986115 0.627338
0.907095 0.032433 0.729162 0.264035 0.449514 0.595710 0.485108 0.040680 0.569493 0.288492 0.313522 0.537380 0.929717 0.729025 0.934374 0.479029 0.062649 0.978610 0.754891 0.964296 0.399451 0.922771 1.018876 0.630312
0.876729 0.050513 0.718370 0.283748 0.447301 0.576460 0.484598 0.033909 0.522066 0.354977 0.361536 0.503725 0.855054 0.623148 0.923254 0.468593 0.083849 0.944002 0.656565 0.953393 0.395493 0.820670 0.990270 0.585376
0.833133 0.087621 0.666512 0.256585 0.595408 0.553558 0.389363 0.049265 0.516932 0.402676 0.279668 0.549679 0.936118 0.602903 0.921526 0.407901 0.109934 0.899149 0.704365 0.888612 0.474844 0.776226 0.959263 0.604399
0.906553 0.068841 0.719716 0.234457 0.456697 0.596896 0.438572 0.065486 0.572532 0.383882 0.334153 0.428652 0.841393 0.714068 1.046921 0.463038 0.071628 1.004737 0.621160 0.822741 0.490244 0.999730 0.977154 0.647866
0.867261 0.062286 0.677801 0.200777 0.457347 0.613908 0.520509 0.094692 0.519317 0.384841 0.237044 0.476355 0.868449 0.661348 1.014027 0.548930 0.057492 0.909852 0.773917 0.942428 0.350346 0.880893 1.025389 0.597923
0.830766 0.061546 0.711620 0.155024 0.480111 0.534603 0.464581 0.033897 0.552879 0.265156 0.277327 0.520297 0.913306 0.619690 0.991848 0.486112 -0.030394 0.998700 0.666528 0.862054 0.402384 1.024927 0.866795 0.583867
0.886475 0.077144 0.672987 0.275510 0.458988 0.575492 0.504890 0.026056 0.529254 0.343070 0.308279 0.555208 0.840351 0.693058 0.994130 0.451543 -0.055741 0.977099 0.725731 0.967896 0.523652 0.907276 1.057889 0.643442
0.929126 0.035457 0.645795 0.232462 0.488004 0.592248 0.385785 0.085522 0.506646 0.344942 0.302200 0.519088 0.886800 0.617917 0.885171 0.467690 -0.012745 0.876352 0.669324 0.867272 0.434938 0.940330 0.984919 0.574653
0.841129 0.016176 0.695768 0.214200 0.497879 0.569258 0.408955 -0.011118 0.504608 0.340990 0.329186 0.526728 0.932251 0.669108 0.941810 0.378193 -0.015434 0.951673 0.766782 0.892543 0.436187 0.922722 1.033434 0.647392
0.891691 0.038647 0.655291 0.149414 0.490583 0.570058 0.442146 -0.020113 0.602794 0.380327 0.248073 0.521369 0.949968 0.604377 1.004759 0.491301 0.064029 0.997965 0.755098 0.899601 0.455355 0.975051 1.001767 0.615517
0.918136 -0.007769 0.652054 0.177215 0.449612 0.628176 0.429239 -0.043097 0.496607 0.298656 0.314854 0.418623 0.926862 0.554145 0.974217 0.446337 0.056711 1.004883 0.714370 0.889000 0.388486 0.887951 1.054280 0.628619
0.945048 0.015555 0.691784 0.257101 0.503693 0.574426 0.428750 0.009757 0.599299 0.310321 0.352084 0.446930 0.828611 0.648343 0.941106 0.503957 0.053469 0.881955 0.682160 0.977412 0.564319 0.963868 0.993793 0.626217
0.822818 -0.001657 0.735209 0.212273 0.540359 0.698350 0.383092 0.066069 0.634482 0.348045 0.211198 0.432281 0.859095 0.640923 1.000790 0.413251 0.117771 0.887550 0.759487 0.910660 0.362294 0.842467 0.888542 0.687837
0.906525 -0.020329 0.768381 0.227745 0.461377 0.535551 0.500297 -0.003437 0.533042 0.349042 0.393813 0.506044 0.904703 0.603982 0.955694 0.483166 0.093447 0.946752 0.682951 0.890898 0.522694 0.919030 0.970525 0.687309
0.912343 0.116684 0.717834 0.160214 0.390745 0.513587 0.525211 0.066583 0.545585 0.349971 0.292062 0.493591 0.871650 0.659147 1.024587 0.471175 0.179822 0.900173 0.625674 0.967263 0.351628 0.915203 0.944598 0.654454
0.912194 -0.050075 0.598692 0.184403 0.576312 0.588055 0.426118 0.038289 0.640203 0.278388 0.331599 0.505227 0.972929 0.673153 0.947136 0.439696 0.065951 0.983422 0.710635 0.818721 0.406952 0.915194 0.997176 0.574668
0.930721 0.112564 0.677266 0.199690 0.432741 0.572241 0.493635 0.044726 0.588713 0.275324 0.336781 0.440827 0.896652 0.695545 1.010748 0.396789 0.035698 0.938917 0.786585 0.846909 0.441334 0.919043 0.928893 0.594487
0.786393 -0.014832 0.646745 0.262428 0.472618 0.583414 0.430032 0.013176 0.601437 0.308727 0.240765 0.451533 0.863323 0.657561 0.955848 0.490995 0.044169 0.909899 0.689841 0.890432 0.409124 0.867167 1.025407 0.594824
0.977592 0.017113 0.748376 0.122043 0.462869 0.633670 0.442457 0.088069 0.599829 0.408539 0.285642 0.471394 0.955309 0.705569 1.031862 0.437928 0.034915 0.934503 0.722400 0.883792 0.511146 0.881454 0.930245 0.663368
0.875764 0.056811 0.656324 0.165420 0.459532 0.587135 0.459692 0.027204 0.509623 0.358371 0.291520 0.525998 0.943190 0.697096 0.932425 0.404514 -0.009698 0.975825 0.740347 0.910062 0.498095 0.973322 1.041941 0.649912
0.805500 0.032897 0.606090 0.343963 0.560143 0.661991 0.464390 0.104781 0.468474 0.273901 0.280388 0.477467 0.826606 0.639103 0.909610 0.463505 -0.030776 0.970585 0.736420 0.943197 0.443509 0.901305 0.978689 0.559011
0.900623 0.108706 0.668353 0.174952 0.389228 0.565461 0.460415 0.087765 0.611268 0.403943 0.328471 0.393082 0.837590 0.648005 0.912300 0.524694 0.107478 0.969745 0.752874 0.916418 0.427037 0.922451 0.949215 0.585017
0.909117 0.139783 0.761665 0.237648 0.517464 0.594422 0.481496 0.010483 0.602682 0.429896 0.274234 0.424364 0.964602 0.712885 0.896220 0.547491 0.019109 0.914760 0.780493 0.883560 0.548390 0.899829 0.933439 0.616418
0.817171 0.077772 0.703377 0.228960 0.403256 0.589721 0.420870 0.009757 0.538526 0.488569 0.237481 0.543885 0.795045 0.711574 1.041806 0.579167 0.024905 0.989773 0.629310 0.864849 0.437235 0.843033 1.079767 0.522868
0.863889 0.071930 0.683562 0.220595 0.371447 0.617985 0.416761 0.087270 0.495915 0.276121 0.310727 0.500258 0.888395 0.737358 0.916580 0.397915 0.072894 0.986990 0.737254 0.866200 0.339654 0.889069 1.048882 0.613929
0.846067 0.071240 0.695239 0.253768 0.527544 0.674723 0.437780 -0.016162 0.592682 0.285178 0.283262 0.489931 0.878406 0.567059 0.990374 0.494541 0.060232 0.977386 0.664685 0.927380 0.434870 1.002777 1.026349 0.618828
0.855014 0.014556 0.635705 0.227929 0.455147 0.509928 0.394225 0.052387 0.558460 0.384449 0.346956 0.454885 0.946995 0.678713 0.943236 0.476689 0.078176 0.934502 0.702856 0.932501 0.311908 0.931015 0.994982 0.566111
0.853320 0.064586 0.667340 0.120039 0.484076 0.506095 0.508834 0.124259 0.517103 0.360102 0.316596 0.521261 0.813435 0.665743 0.965356 0.489386 0.030233 1.076228 0.585994 0.933808 0.360757 0.914074 1.058000 0.598934
0.930695 0.140936 0.678462 0.211637 0.582332 0.514851 0.429962 0.020589 0.578061 0.334320 0.383322 0.465225 0.813541 0.652436 0.987089 0.504355 -0.024744 1.033554 0.751976 0.911466 0.382868 0.998000 1.020680 0.573129
0.825841 0.059828 0.724643 0.079158 0.465730 0.619475 0.455342 0.015722 0.521604 0.233059 0.246529 0.521301 0.869999 0.604909 0.945240 0.527504 0.020448 1.031410 0.791158 0.981425 0.444146 0.965576 0.955972 0.655459
0.889716 0.025845 0.736394 0.232934 0.424676 0.473297 0.453764 0.033986 0.627017 0.280192 0.308034 0.511155 0.856958 0.709879 1.046109 0.475407 0.013598 1.027737 0.740375 0.886289 0.358272 0.944201 1.043841 0.516202
0.878692 0.150125 0.734184 0.257304 0.425245 0.656972 0.370018 0.021649 0.602917 0.261865 0.343830 0.582788 0.877129 0.654488 0.998837 0.434993 0.037052 0.999271 0.737543 0.912284 0.407859 0.872430 1.083579 0.665175
0.950908 0.072457 0.622542 0.153802 0.482189 0.563807 0.420431 0.056766 0.543791 0.317209 0.324334 0.546522 0.842729 0.655793 0.953672 0.500508 0.001923 0.912469 0.766611 0.891512 0.438153 0.827589 0.852552 0.573603
0.880158 0.049731 0.745128 0.141028 0.399143 0.549909 0.367068 0.154628 0.586771 0.397190 0.278413 0.555712 0.899467 0.703378 0.995075 0.526932 0.086212 0.885305 0.655604 0.841875 0.380474 0.862798 0.976719 0.556357
0.809270 0.050754 0.611036 0.241660 0.464769 0.465423 0.539711 0.012320 0.678128 0.255611 0.251012 0.436377 0.904105 0.618370 0.975857 0.427010 0.067868 0.881501 0.562672 0.902214 0.361805 0.997711 1.016075 0.588321
0.923975 -0.013548 0.685530 0.253744 0.454919 0.515741 0.459342 -0.050693 0.541259 0.350769 0.193785 0.462402 0.900173 0.725113 0.850900 0.415202 0.157073 0.989004 0.732069 0.930743 0.408383 0.948857 0.974787 0.721498
0.835958 -0.029323 0.709531 0.257426 0.445876 0.615751 0.452082 0.042127 0.548231 0.401597 0.301467 0.533112 0.881375 0.628214 0.986738 0.606762 0.202744 0.945968 0.675397 0.938490 0.429911 0.913013 0.930198 0.591760
0.898025 0.041502 0.694466 0.189784 0.455460 0.656830 0.482764 0.042856 0.574246 0.370277 0.220331 0.467858 0.842339 0.668529 0.975999 0.478817 0.107918 0.918476 0.641162 0.866685 0.385993 0.910142 1.034410 0.581192
0.808202 0.131310 0.721080 0.139195 0.455511 0.640763 0.445051 0.034966 0.632705 0.335840 0.344891 0.529224 0.944346 0.609813 0.942912 0.549866 0.068802 1.012701 0.729131 0.893753 0.436970 0.971488 0.966035 0.555654
0.911188 0.041730 0.744133 0.209612 0.449296 0.593730 0.398397 0.007327 0.520219 0.367758 0.301808 0.463463 0.935390 0.579780 0.913086 0.455673 0.067040 0.910140 0.691501 0.928682 0.356307 0.947667 0.989509 0.570590
0.877523 0.103545 0.649264 0.239488 0.430310 0.553347 0.387502 -0.025585 0.549591 0.288654 0.268598 0.483971 0.867489 0.602262 0.853071 0.488814 0.107065 1.008490 0.740771 0.928239 0.380636 0.843286 1.026193 0.681318
0.971201 -0.009300 0.701118 0.190163 0.476671 0.571269 0.469224 0.099815 0.502021 0.339822 0.288674 0.472997 0.878198 0.633439 1.014903 0.555731 0.106747 0.922176 0.685894 0.862076 0.469327 0.950386 1.008846 0.685049
0.868512 0.026852 0.700786 0.073404 0.421030 0.531378 0.397408 -0.011020 0.482315 0.378615 0.306664 0.551250 0.807789 0.657164 0.957244 0.607328 -0.081119 0.933049 0.759581 0.972234 0.411575 0.812943 1.009222 0.603396
0.799486 0.080101 0.770227 0.206516 0.477194 0.575051 0.500283 0.201776 0.533537 0.298596 0.283570 0.534601 0.868579 0.655834 0.959711 0.476922 -0.027685 0.972351 0.680630 0.870790 0.286704 0.890037 0.986183 0.649196
0.873811 0.109150 0.750362 0.251679 0.414313 0.544882 0.367649 0.018674 0.585829 0.293016 0.356362 0.464088 0.882276 0.684886 0.919456 0.497528 0.011186 0.984734 0.746519 0.913150 0.388424 0.958621 0.900220 0.630089
0.959082 0.098979 0.629656 0.189911 0.402761 0.530173 0.429473 0.119237 0.641170 0.409246 0.338151 0.538871 0.818024 0.684279 0.923523 0.389521 0.025823 1.013078 0.757166 0.840785 0.436239 0.910514 1.014781 0.618862
0.876259 0.056908 0.727323 0.171909 0.465730 0.586826 0.333564 0.177137 0.454525 0.222851 0.364413 0.540009 0.803735 0.735055 0.984476 0.459072 0.072686 0.956472 0.722382 0.884029 0.385337 0.943141 0.999423 0.610231
0.950332 0.052028 0.633002 0.250764 0.491710 0.666062 0.438915 -0.034383 0.643995 0.339086 0.183712 0.531468 0.783283 0.643757 0.990579 0.486954 -0.038605 0.889366 0.704673 0.926740 0.503460 0.990767 0.952502 0.594207
0.854990 -0.006330 0.671702 0.169082 0.429138 0.653881 0.393089 0.046462 0.498958 0.384803 0.347985 0.471533 0.889718 0.691384 1.020247 0.455102 0.010560 0.982557 0.646041 0.905661 0.387672 0.883310 1.008171 0.534319
0.983268 0.014577 0.694226 0.167722 0.496104 0.649143 0.466887 0.090441 0.528247 0.254510 0.273386 0.434760 0.835369 0.684945 0.954233 0.604425 0.074381 0.940893 0.665745 0.857503 0.444789 0.955726 1.020144 0.507113
0.894337 0.075439 0.637583 0.165096 0.381099 0.565108 0.436143 0.035175 0.544774 0.425186 0.205078 0.476939 0.942277 0.699243 0.955836 0.441148 0.010140 0.988124 0.719633 0.913964 0.427632 0.871940 0.897174 0.656800
0.878623 -0.008553 0.690295 0.210986 0.512221 0.615745 0.472514 0.092555 0.656701 0.275725 0.283963 0.400117 0.833993 0.672284 0.965561 0.525451 0.040111 0.901803 0.707032 0.795746 0.407746 0.893096 1.025730 0.587326
0.868292 0.048625 0.712454 0.172073 0.532387 0.499489 0.497360 0.057898 0.575581 0.314910 0.376214 0.479044 0.885798 0.654961 0.979627 0.498075 0.094059 0.949169 0.771636 0.887889 0.444586 1.030434 0.956842 0.662194
0.961804 0.180371 0.660531 0.187827 0.535537 0.600401 0.376294 0.032505 0.603899 0.357706 0.234129 0.464797 0.877314 0.646867 0.998505 0.500301 0.029124 1.005301 0.634557 0.992840 0.469969 0.952085 1.010763 0.595750
0.835334 0.063225 0.688461 0.229106 0.404138 0.547603 0.466735 0.058976 0.602717 0.378466 0.267845 0.500862 0.887311 0.624660 0.933241 0.437551 0.027106 1.033188 0.590637 0.881537 0.421405 0.897631 1.073715 0.577515
0.874521 0.030415 0.622835 0.243842 0.415962 0.507310 0.414325 0.048089 0.551243 0.316850 0.217518 0.504114 0.935159 0.538483 0.884278 0.482357 0.083506 0.985919 0.729353 0.795946 0.452506 0.891617 0.964479 0.585439
0.848024 -0.064396 0.642826 0.286606 0.521304 0.553503 0.481855 0.013904 0.613158 0.406170 0.385729 0.476006 0.928848 0.741436 0.965154 0.479772 0.116066 1.012428 0.681609 0.988600 0.453078 0.926363 1.060863 0.561965
0.901669 0.113660 0.723685 0.220885 0.489026 0.591918 0.491581 0.044170 0.521758 0.348360 0.332428 0.375466 0.887975 0.627284 1.059875 0.459976 0.086785 0.994639 0.710240 0.895839 0.452291 0.941064 1.080409 0.550100
0.814885 0.019528 0.634921 0.284378 0.438744 0.604695 0.421031 -0.005889 0.559973 0.342782 0.340382 0.487520 0.936676 0.713564 0.938223 0.519572 0.045838 0.942348 0.676566 0.912117 0.350869 0.964640 0.958574 0.570134
0.872283 0.092042 0.739931 0.173003 0.499929 0.611359 0.345284 0.062487 0.582017 0.355372 0.359633 0.517737 0.931587 0.674619 1.092256 0.490976 0.104386 0.983833 0.724706 0.920651 0.423701 0.785704 1.026480 0.667209
0.923378 0.067939 0.760725 0.248106 0.546169 0.548395 0.373793 0.037162 0.534774 0.429773 0.273931 0.460477 0.830014 0.727482 0.937520 0.499527 0.039865 0.846899 0.688920 0.961971 0.492073 0.990997 0.962238 0.658271
0.774238 0.104864 0.686838 0.287805 0.458640 0.596190 0.390737 0.102545 0.572040 0.305718 0.299799 0.453742 0.845186 0.736950 0.958141 0.409938 0.044823 1.062672 0.796190 0.897397 0.389486 0.880693 1.041113 0.627948
0.905888 0.072072 0.621851 0.203407 0.476855 0.596850 0.435937 0.114282 0.612062 0.368432 0.337119 0.587501 0.900559 0.674554 1.017917 0.471741 0.068288 1.003266 0.763225 0.902707 0.423485 0.838713 0.968474 0.582436
0.879627 0.038382 0.667561 0.179414 0.547618 0.573145 0.494609 0.101759 0.572676 0.210494 0.336144 0.488347 0.929724 0.592934 0.814763 0.538063 0.069069 0.965320 0.723558 0.967298 0.371993 0.957854 0.984448 0.641930
0.855342 0.194890 0.659978 0.120703 0.415489 0.539358 0.430109 0.032775 0.574642 0.321794 0.261398 0.478021 0.911933 0.599106 0.944426 0.504611 0.082192 0.858835 0.717831 0.869527 0.392798 0.882696 0.856689 0.672232
0.910205 0.121748 0.665919 0.227814 0.425842 0.545384 0.398184 0.058362 0.491480 0.424728 0.304576 0.519626 0.849478 0.598383 0.978804 0.502266 0.052602 0.962174 0.731296 0.844241 0.336687 0.865908 1.014264 0.631313
0.879736 0.027125 0.679539 0.129755 0.497805 0.577214 0.380736 -0.020257 0.541424 0.260412 0.251798 0.525696 0.863624 0.596632 0.896730 0.514880 0.068865 0.955223 0.725878 0.833557 0.396656 0.824122 1.040232 0.707812
0.963499 0.118131 0.761421 0.253521 0.491889 0.601320 0.468001 0.064044 0.584895 0.351545 0.371495 0.491621 0.867865 0.752781 0.962930 0.485345 0.114573 1.007538 0.672602 0.869287 0.418218 0.888479 0.965464 0.644644
0.922126 0.056025 0.601992 0.226078 0.479557 0.558303 0.376144 0.038174 0.599697 0.318942 0.296090 0.500782 0.860891 0.653799 0.892226 0.493079 0.054059 1.001662 0.738103 0.930382 0.385574 0.920872 0.918615 0.552658
0.845837 0.052085 0.647658 0.209853 0.449419 0.564595 0.407809 0.061239 0.515123 0.319235 0.339381 0.527687 0.921367 0.691478 0.931259 0.437809 0.022674 0.966298 0.786070 0.912439 0.397335 1.010779 1.105035 0.593726
0.952375 0.017027 0.681459 0.232866 0.453963 0.544521 0.470991 -0.050647 0.610630 0.357370 0.300190 0.474706 0.814226 0.633059 0.986360 0.499576 0.041330 0.960205 0.712842 0.828621 0.412329 0.964092 0.972062 0.566957
0.818491 0.048322 0.638023 0.164878 0.497126 0.649790 0.383171 0.026924 0.492407 0.326304 0.259052 0.528653 0.878447 0.671554 0.973520 0.523614 0.027392 0.938470 0.718464 0.836896 0.395931 0.864433 1.000438 0.682814
0.922600 0.044324 0.584658 0.152986 0.467939 0.657120 0.548434 0.037695 0.553414 0.418944 0.278745 0.504537 0.938612 0.620619 0.980923 0.496435 0.032016 1.033442 0.642707 0.961739 0.339544 0.861163 0.978155 0.707926
0.875028 0.043420 0.705502 0.281929 0.444557 0.598342 0.490996 0.045731 0.583787 0.392325 0.153058 0.460562 0.917090 0.686031 1.040154 0.581000 0.009459 0.944956 0.738249 0.976282 0.359160 0.856467 0.963994 0.587216
0.918183 0.036692 0.694860 0.233003 0.490050 0.529982 0.413498 -0.022449 0.566605 0.438185 0.345319 0.426233 0.762760 0.618103 0.936149 0.430215 0.030408 1.004696 0.712619 0.911382 0.349510 0.924805 0.979639 0.552543
0.926431 0.046365 0.743738 0.178842 0.440039 0.662870 0.444836 -0.000500 0.632168 0.288021 0.286205 0.463157 0.835923 0.549101 0.979959 0.474713 -0.005323 0.866167 0.730973 0.893082 0.506414 0.867443 1.074991 0.607895
0.836388 -0.007712 0.763345 0.222079 0.526444 0.665941 0.540234 0.112912 0.562499 0.359360 0.299657 0.424476 0.933294 0.623219 0.955168 0.477609 -0.036763 0.932649 0.621803 0.888870 0.476039 0.982575 1.077435 0.587500
0.922689 0.020131 0.715408 0.139557 0.472191 0.462291 0.413260 0.008130 0.556645 0.370543 0.315980 0.520083 0.924920 0.680586 0.991876 0.530684 -0.007003 1.006038 0.720151 0.871161 0.431783 0.917775 1.076296 0.650779
0.890042 0.015897 0.674376 0.274149 0.425230 0.579757 0.376641 0.009682 0.547606 0.400689 0.298584 0.501005 0.932105 0.652653 0.903583 0.548554 0.091940 0.965015 0.746377 0.924313 0.343332 0.917380 1.128119 0.583218
0.902860 0.017171 0.762786 0.212755 0.543197 0.558827 0.362845 0.048432 0.587475 0.385555 0.313569 0.469781 0.840762 0.696099 0.891568 0.386102 0.155278 0.905403 0.753346 0.866666 0.352952 0.995762 1.060281 0.635596
0.895518 0.070186 0.700498 0.183976 0.365820 0.690905 0.453802 0.065524 0.510100 0.374323 0.331223 0.562319 0.849031 0.666321 0.937331 0.543403 0.079629 0.923727 0.673906 0.865621 0.399210 0.911800 1.042679 0.647744
0.937978 0.003354 0.729042 0.186925 0.460596 0.534613 0.450040 0.058253 0.519626 0.277510 0.406801 0.532724 0.965800 0.617323 1.007175 0.484455 0.078187 0.945216 0.659572 0.881402 0.435038 0.942063 1.016618 0.621435
0.931066 0.005033 0.640336 0.203923 0.488428 0.504823 0.378834 -0.093523 0.507403 0.424313 0.154902 0.423546 0.943286 0.678453 0.909591 0.414842 0.040478 0.971187 0.604773 0.863008 0.496672 0.922630 1.030122 0.620174
0.906404 0.042976 0.665938 0.183909 0.500998 0.520538 0.448387 0.065759 0.509950 0.274761 0.262107 0.429145 0.875878 0.623161 0.986672 0.478784 0.088399 0.996076 0.645570 0.883663 0.442186 0.916694 1.011704 0.574077
0.958185 0.065882 0.777531 0.281196 0.465325 0.503997 0.404334 0.064244 0.617849 0.394665 0.280227 0.557134 0.850922 0.623424 0.878406 0.486944 0.028338 0.957542 0.711890 0.898620 0.428126 0.883987 1.023429 0.564540
0.932727 0.075753 0.685578 0.202905 0.512202 0.541955 0.387069 0.057913 0.595940 0.319315 0.263779 0.511100 0.829812 0.660447 0.971180 0.510258 0.014315 1.022863 0.639984 0.895172 0.458865 0.844369 1.022742 0.570035
0.845413 0.037592 0.738736 0.213302 0.470597 0.556310 0.385157 0.027795 0.534198 0.403519 0.227181 0.517627 0.856511 0.749628 0.978894 0.413738 0.031430 0.978200 0.679187 0.943460 0.406840 0.999818 0.979414 0.605604
0.971811 0.043217 0.817186 0.190367 0.483829 0.651394 0.378152 0.038607 0.629028 0.357090 0.377604 0.441247 0.819753 0.610233 1.039872 0.521514 0.164387 0.999973 0.725057 0.757851 0.404326 0.939499 1.032080 0.584695
0.883965 0.027906 0.738527 0.244292 0.454862 0.502758 0.438192 -0.019684 0.578483 0.377961 0.344164 0.532859 0.903901 0.720813 0.935113 0.476466 -0.001382 0.984380 0.748936 0.980184 0.467449 0.963152 0.983615 0.652546
0.906542 -0.005127 0.687154 0.223404 0.430191 0.462503 0.470791 -0.001652 0.600254 0.325132 0.218106 0.493671 0.747201 0.722645 0.911861 0.495451 0.022041 0.922596 0.741070 0.910408 0.391359 0.902307 1.085057 0.695152
0.903077 0.048262 0.688486 0.189557 0.467652 0.639312 0.472942 0.038221 0.546294 0.387590 0.300096 0.464953 0.889466 0.633989 0.890340 0.526690 0.116444 0.960647 0.660730 0.904224 0.376037 0.918706 0.930628 0.639744
1.005037 0.079959 0.706439 0.316367 0.456353 0.590396 0.401257 0.012102 0.564540 0.377162 0.333365 0.415143 0.866595 0.595025 0.864250 0.477883 0.093372 0.976828 0.728963 0.873797 0.492939 0.803749 1.032546 0.556316
0.935517 0.039312 0.751052 0.232383 0.523969 0.606734 0.426183 0.048815 0.551918 0.337787 0.317195 0.464720 0.823035 0.682368 1.007910 0.516842 0.083382 0.967016 0.713581 0.973731 0.473714 0.877115 1.045482 0.635440
0.973566 0.032029 0.661938 0.305085 0.543629 0.619355 0.413573 -0.006348 0.468458 0.234623 0.287300 0.450158 0.882741 0.688583 0.990856 0.549605 0.002340 0.960766 0.696987 0.710262 0.402878 0.892409 0.947337 0.704147
0.901133 0.088600 0.634078 0.222583 0.486060 0.529561 0.511835 0.045154 0.570481 0.268260 0.272459 0.421209 0.922434 0.665727 1.013104 0.514872 0.031286 0.873528 0.678844 0.869080 0.452561 0.936603 0.935062 0.631728
0.889887 0.124149 0.683148 0.175254 0.506448 0.590465 0.477763 0.040254 0.498171 0.250352 0.262155 0.473105 0.904555 0.630351 0.985122 0.488326 0.100387 0.861355 0.712790 1.022388 0.433360 0.902667 0.908787 0.638577
0.936508 0.082405 0.675339 0.218279 0.442087 0.630540 0.421196 0.003896 0.592980 0.305023 0.332702 0.476395 0.928811 0.654210 0.965137 0.397245 0.010935 0.960956 0.780761 0.886067 0.401154 0.887107 0.990194 0.554352
0.846916 0.028118 0.642569 0.156069 0.462055 0.547758 0.427760 -0.024481 0.607589 0.385077 0.352145 0.438102 0.822617 0.651975 0.981540 0.472683 0.141052 0.971219 0.724900 0.861992 0.400502 0.896836 0.924083 0.585635
0.908397 0.117062 0.726513 0.309892 0.483624 0.460964 0.482518 0.035303 0.548368 0.404124 0.240947 0.507580 0.895101 0.730608 0.928008 0.456573 0.028771 0.968525 0.710467 0.908452 0.377555 0.889600 0.962657 0.637680
0.990343 0.005550 0.765932 0.231144 0.473093 0.522614 0.446323 0.011135 0.552016 0.388106 0.307723 0.524388 0.894779 0.678224 0.941328 0.495749 0.055709 1.021705 0.695629 1.041662 0.518575 0.959398 1.005661 0.598372
0.888321 0.001807 0.640383 0.247166 0.520036 0.664477 0.349802 0.068656 0.588252 0.280477 0.310351 0.499751 0.813979 0.681145 0.936473 0.471774 0.081921 0.947367 0.711469 0.979536 0.391944 0.972390 0.981120 0.567870
0.926398 0.050724 0.554298 0.174417 0.429151 0.600833 0.483013 0.041937 0.596319 0.381984 0.236283 0.483144 0.845900 0.665309 0.979964 0.388916 0.123862 0.972808 0.599115 0.734646 0.384221 0.962703 0.919018 0.594918
0.953208 0.055792 0.619415 0.205218 0.373906 0.543641 0.405388 0.002660 0.551246 0.346066 0.327293 0.460866 0.861447 0.698636 1.021214 0.502249 0.035123 0.925294 0.706549 0.988192 0.447253 0.872198 0.935192 0.579178
0.892882 0.039596 0.606933 0.130097 0.444322 0.517646 0.490341 0.085022 0.546113 0.385458 0.270027 0.409919 0.830412 0.731905 1.064075 0.470315 0.011315 0.942455 0.634025 0.944774 0.463480 1.030705 1.038864 0.715775
0.893570 0.171848 0.713218 0.228268 0.470439 0.640980 0.444004 0.056479 0.489488 0.380098 0.321789 0.498907 0.923722 0.612774 0.968033 0.544934 0.010393 0.998517 0.722157 0.937028 0.431122 0.872936 1.016163 0.639169
0.833207 0.033600 0.697326 0.202202 0.429560 0.485901 0.471986 0.048614 0.467821 0.338538 0.272730 0.484012 0.910395 0.758358 0.988040 0.421193 0.006127 0.944639 0.666840 0.954377 0.396191 1.035093 1.082896 0.614164
0.852937 0.025455 0.699342 0.187549 0.542848 0.563170 0.404246 0.056620 0.475014 0.314389 0.214094 0.486692 0.855993 0.665728 0.975688 0.542613 0.032617 0.941925 0.704118 0.906875 0.412732 0.952144 0.963385 0.638916
0.813666 0.037408 0.712031 0.263604 0.516371 0.553233 0.461812 -0.005997 0.520060 0.288581 0.412970 0.515667 0.757635 0.691932 0.908544 0.500853 0.025097 0.952379 0.755632 0.866820 0.399268 0.892671 0.926924 0.535285
0.941569 0.025682 0.605457 0.150918 0.528262 0.498491 0.426767 -0.041198 0.602648 0.333045 0.337966 0.518800 0.871624 0.782123 1.016383 0.456421 -0.000858 0.981556 0.699256 1.003072 0.386109 0.889654 0.936697 0.623388
0.890609 -0.000329 0.757963 0.237294 0.429402 0.565654 0.389650 0.039649 0.649605 0.410319 0.265109 0.499334 0.876262 0.652063 0.957674 0.479920 0.166528 0.972510 0.677654 0.819708 0.340547 0.919454 1.017091 0.667473
0.899889 -0.028065 0.646425 0.206792 0.488930 0.555340 0.412636 -0.026625 0.608521 0.309530 0.363545 0.446084 0.940235 0.606283 0.998156 0.456650 0.123118 0.868198 0.665756 0.889005 0.511192 0.942329 0.983322 0.599967
0.889703 0.070987 0.704885 0.133527 0.478606 0.560726 0.464712 0.015268 0.558718 0.397151 0.278916 0.513672 0.907341 0.568504 0.957444 0.538354 0.143904 0.974689 0.769969 0.797170 0.437937 0.933496 0.963402 0.612300
0.874318 0.007587 0.628480 0.196462 0.533453 0.557794 0.450104 0.031765 0.579668 0.283146 0.301812 0.394736 0.820579 0.568224 0.953968 0.459376 0.074119 1.018869 0.688899 0.991860 0.444779 0.940720 1.028774 0.640751
0.921039 0.158279 0.626985 0.250825 0.464903 0.507577 0.404157 0.099991 0.495193 0.341827 0.319731 0.551417 0.808424 0.594991 0.942510 0.456296 0.027090 1.017594 0.620067 0.912870 0.418506 0.920756 0.986436 0.576101
0.910044 0.058061 0.759936 0.290339 0.520486 0.588596 0.373493 -0.025875 0.547535 0.296589 0.300627 0.517650 0.859753 0.679755 0.874086 0.380299 0.019850 0.882372 0.654075 0.835845 0.466761 0.932299 1.061762 0.540656
0.881313 0.020357 0.652429 0.247945 0.405134 0.536054 0.501664 0.027858 0.599230 0.298951 0.366575 0.469474 0.956371 0.657839 1.003315 0.453869 -0.006057 0.935041 0.736534 0.830219 0.344010 0.960116 0.993987 0.638646
0.829540 0.129753 0.736644 0.184280 0.460815 0.573421 0.510561 0.128470 0.488088 0.366617 0.309875 0.521888 0.897926 0.793609 0.881598 0.481151 0.073895 1.103759 0.733910 0.968043 0.413912 0.922127 0.914025 0.456706
0.880138 0.017380 0.716644 0.306566 0.469058 0.520155 0.395217 0.005979 0.662679 0.353355 0.289739 0.408047 0.921144 0.624868 0.953752 0.521459 0.077442 0.858457 0.547976 0.861138 0.458920 0.954421 0.977096 0.655187
0.877147 0.062144 0.697986 0.191877 0.608243 0.514449 0.429311 0.064967 0.600506 0.418546 0.321200 0.500699 0.907576 0.693424 0.867913 0.459843 0.034510 0.831745 0.758750 0.910468 0.355629 0.943669 0.999355 0.769814
0.963889 0.084045 0.778553 0.168773 0.439593 0.483566 0.505437 0.070994 0.523823 0.377772 0.243466 0.469200 0.898418 0.592204 0.938949 0.442808 0.042846 0.891579 0.689540 0.902458 0.330162 0.982234 0.951144 0.628056
0.826200 0.115213 0.688485 0.235879 0.487481 0.546808 0.342346 0.046807 0.619219 0.317047 0.327166 0.408379 0.860432 0.605544 1.053726 0.461812 0.036177 1.038303 0.699454 0.961533 0.407837 0.918122 1.004845 0.691102
0.936176 0.083569 0.636936 0.287363 0.418418 0.559548 0.451044 0.018891 0.574536 0.395030 0.328539 0.483023 0.879276 0.647492 0.886469 0.446429 -0.043877 0.992683 0.752649 0.907463 0.340969 0.917953 0.978213 0.600435
0.832781 0.048294 0.698663 0.181057 0.391955 0.584941 0.389951 0.008512 0.569730 0.302893 0.373735 0.508342 0.909794 0.625159 1.017539 0.556750 0.082356 0.946833 0.765773 0.907398 0.299068 0.929388 0.940352 0.613536
0.898507 0.065149 0.642165 0.233455 0.527887 0.629927 0.471910 0.045607 0.577416 0.338002 0.304211 0.423880 0.828781 0.667530 0.867040 0.453370 0.100103 1.042994 0.686945 0.951359 0.451166 0.916886 1.031342 0.646200
0.921948 0.030535 0.696869 0.165020 0.534249 0.618571 0.483193 0.060786 0.509134 0.381465 0.234640 0.419747 0.907842 0.707996 0.996839 0.527278 0.056947 0.980386 0.644767 0.865367 0.340271 0.859650 1.037013 0.565542
0.823965 0.027004 0.591799 0.191511 0.504670 0.527236 0.541091 0.083659 0.649163 0.409697 0.319130 0.547440 0.983919 0.653862 1.018875 0.500855 0.039198 1.015057 0.697022 0.872479 0.459095 0.903653 0.939076 0.574858
0.956027 0.017614 0.670966 0.316341 0.463163 0.559846 0.416781 0.085584 0.557578 0.295559 0.256704 0.500976 0.907913 0.684419 0.940724 0.454316 0.061329 0.869260 0.671860 0.936460 0.466818 0.909943 1.000772 0.623471
0.904926 0.058267 0.667829 0.182006 0.557897 0.532574 0.367569 0.036793 0.489434 0.327515 0.317167 0.523144 0.850856 0.732758 0.919753 0.516479 0.101449 0.937309 0.698267 0.940193 0.440508 0.881714 1.007055 0.578717
0.846338 0.105836 0.643090 0.244061 0.389505 0.604014 0.460695 0.045814 0.554622 0.340693 0.327351 0.531846 0.905152 0.606636 0.967732 0.527576 0.145214 0.973912 0.621634 0.789821 0.481793 0.873868 1.056189 0.654566
0.874450 0.056167 0.736758 0.157077 0.504698 0.595635 0.490076 0.039512 0.636461 0.422240 0.311142 0.520612 0.864688 0.657583 0.967989 0.479493 0.129222 0.967843 0.698855 0.867070 0.414219 0.900595 0.999503 0.559262
0.907535 -0.018739 0.620784 0.200400 0.476182 0.507994 0.493959 0.066824 0.537201 0.275864 0.358064 0.492448 0.864625 0.724682 0.885121 0.554398 0.103588 0.961156 0.653378 0.898696 0.426560 0.935959 1.031085 0.541618
0.939224 0.143676 0.679393 0.149705 0.480521 0.584230 0.459561 0.032061 0.464881 0.410470 0.175199 0.418972 0.876961 0.656272 1.005504 0.484830 0.094876 0.894281 0.666941 0.914739 0.397902 0.886685 1.052173 0.607954
0.912858 0.072155 0.766492 0.180224 0.487424 0.606223 0.384170 0.046877 0.438617 0.383138 0.268681 0.509266 0.952783 0.720336 0.912008 0.459481 0.049547 0.834051 0.649222 0.966730 0.377833 1.000234 1.033359 0.653435
0.983231 0.059632 0.717971 0.196435 0.455288 0.574498 0.393306 -0.006053 0.554841 0.293671 0.211775 0.483804 0.990841 0.626765 0.864554 0.555675 0.071524 0.975874 0.646929 0.850476 0.388943 0.921290 1.061098 0.553272
0.912238 0.078621 0.651712 0.156887 0.410479 0.582859 0.306386 0.112037 0.548404 0.419323 0.265473 0.458261 0.878930 0.657716 1.022542 0.466470 0.111349 1.000142 0.700102 0.917297 0.360895 0.930138 1.018091 0.543068
0.886233 0.114923 0.718527 0.353906 0.423050 0.514627 0.441164 -0.088430 0.569727 0.388822 0.283739 0.454726 0.915619 0.704751 0.986314 0.440079 0.081630 1.048209 0.701828 0.861429 0.362980 0.897011 0.982548 0.521696
0.850302 0.080551 0.683106 0.220507 0.468988 0.533210 0.422189 0.019845 0.630852 0.374028 0.368659 0.486766 0.890532 0.527979 0.818836 0.587369 0.009233 0.942935 0.686407 0.990339 0.405513 0.922572 0.974724 0.560158
0.879016 0.034999 0.716919 0.226192 0.459932 0.662026 0.445177 -0.026880 0.586510 0.403033 0.327753 0.586745 0.890661 0.673722 0.916792 0.492404 0.030948 0.940472 0.703620 0.814899 0.449332 0.876407 0.972528 0.622573
0.883918 0.022607 0.666970 0.217675 0.448165 0.531104 0.417279 -0.005977 0.611551 0.346909 0.280964 0.555339 0.885889 0.674989 1.023837 0.584764 0.078642 0.930523 0.677487 0.940028 0.410883 0.944422 0.991721 0.586758
0.893207 -0.020728 0.618919 0.205399 0.406118 0.484421 0.424495 0.138451 0.520005 0.344311 0.279146 0.461215 0.975421 0.615236 0.925305 0.387045 0.067625 0.962821 0.671490 0.932967 0.426019 0.914907 1.000766 0.610247
0.524811 0.848113 0.590485 0.516141 0.978903 0.537743 -0.015399 0.318160 0.538268 0.087796 0.996432 0.708993 0.049917 0.888919 0.223055 0.560424 0.944536 0.778201 0.089038 0.050005 0.601200 0.649123 0.241760 0.144089
0.528387 0.855766 0.644309 0.355414 0.985822 0.393199 -0.049803 0.380454 0.565526 0.209513 0.978985 0.614569 0.037104 0.881041 0.268608 0.391098 0.917287 0.690334 0.063851 0.030430 0.691848 0.685722 0.304922 0.181077
0.505936 0.829210 0.548895 0.393285 0.933276 0.452048 0.080431 0.338000 0.630392 0.154452 0.968686 0.613293 0.025374 0.897726 0.330551 0.466212 0.946809 0.867558 0.021224 0.080149 0.519692 0.639803 0.373793 0.079364
0.513525 0.874094 0.613567 0.318871 0.815312 0.346617 0.015737 0.393922 0.579165 0.156627 0.908050 0.679144 0.045860 0.879782 0.225330 0.477711 0.819629 0.911723 0.211125 0.138479 0.642240 0.645386 0.240287 0.176324
0.512100 0.846699 0.583729 0.375789 0.985536 0.433540 0.002598 0.422556 0.531501 0.127981 1.090297 0.560644 -0.024796 0.889640 0.300662 0.442954 0.854125 0.837961 0.097736 -0.049625 0.596420 0.675933 0.269196 0.112924
0.562368 0.781096 0.524647 0.323286 0.881568 0.505851 0.027272 0.410568 0.609206 0.064414 0.962026 0.685172 0.028091 0.960997 0.264236 0.482856 0.836011 0.733867 0.104955 0.076776 0.572329 0.720939 0.248600 0.178994
0.554874 0.823896 0.623548 0.414136 0.931352 0.409310 0.056530 0.351158 0.536981 0.069656 0.932051 0.583241 0.038042 0.968187 0.297069 0.414037 0.881557 0.758400 0.080597 0.158881 0.624783 0.748275 0.173741 0.199633
0.499525 0.828000 0.520855 0.389414 0.930944 0.501245 0.012085 0.370127 0.636891 0.088651 0.965944 0.551420 0.004315 0.892727 0.215484 0.364334 0.943043 0.768160 0.100772 -0.013939 0.560960 0.683120 0.279648 0.182596
0.507692 0.790410 0.602437 0.380951 0.821664 0.478580 -0.070779 0.369903 0.622476 0.059364 0.971600 0.654054 -0.043235 0.890425 0.263424 0.406479 0.774246 0.720857 0.073975 0.086731 0.590348 0.684581 0.200343 0.087568
0.482180 0.887292 0.630164 0.348577 1.003174 0.413280 0.109401 0.332332 0.438343 0.030858 1.001070 0.547357 0.081788 0.916171 0.286263 0.353439 0.832642 0.780875 0.073202 0.116452 0.579616 0.685977 0.282726 0.201932
0.538295 0.843742 0.589913 0.357936 0.907057 0.423822 0.001136 0.368260 0.473320 0.077470 0.913132 0.652489 0.000225 0.891221 0.289294 0.452032 0.888514 0.768715 0.107308 0.053761 0.647406 0.701131 0.238530 0.080114
0.626378 0.851467 0.562878 0.421309 0.943955 0.482713 -0.005235 0.398544 0.544224 0.099460 0.969692 0.656610 -0.008021 0.924227 0.308514 0.380634 0.849597 0.693584 0.184969 -0.019949 0.563040 0.711658 0.322841 0.073219
0.566157 0.902147 0.484838 0.439086 0.936953 0.415805 -0.065866 0.325282 0.554100 0.098333 0.897023 0.670209 -0.025197 0.825394 0.217765 0.435918 0.876172 0.815929 0.107143 0.094760 0.600375 0.607163 0.209647 0.112433
0.639975 0.761018 0.646589 0.377030 0.951087 0.457583 -0.080768 0.356697 0.525703 0.141249 0.935739 0.531261 -0.030753 0.853115 0.282049 0.375391 0.813475 0.843645 0.037517 0.055458 0.629162 0.627431 0.230389 0.109235
0.509588 0.848704 0.630796 0.394877 0.933003 0.416167 -0.005582 0.380688 0.532727 0.158650 0.995192 0.628203 -0.019738 0.930913 0.259882 0.385371 0.900072 0.830101 0.110945 0.062474 0.583792 0.680741 0.193267 0.190720
0.471309 0.842141 0.572038 0.389826 0.932733 0.445839 0.010808 0.416998 0.620870 0.073750 0.936950 0.642925 -0.045672 0.907770 0.200856 0.390683 0.894427 0.800712 0.096887 0.000514 0.523852 0.659118 0.213057 0.137694
0.621663 0.842703 0.605188 0.332725 0.954799 0.418424 0.005374 0.392912 0.594937 0.152335 0.907415 0.598920 0.071561 0.951331 0.341965 0.427461 0.887380 0.765271 0.107461 0.000295 0.515032 0.714877 0.266999 0.086000
0.523102 0.886785 0.553983 0.420099 0.906708 0.394149 0.004735 0.327918 0.568866 0.118036 1.010332 0.630055 -0.016982 0.930006 0.259390 0.443527 0.888113 0.724555 0.143839 0.036906 0.631212 0.699869 0.230067 0.055637
0.463665 0.871578 0.628418 0.403907 0.966078 0.437449 -0.041243 0.348696 0.605576 0.128097 0.869073 0.613126 -0.007683 0.900522 0.267482 0.408298 0.857632 0.806849 0.172555 -0.003368 0.502828 0.586271 0.132485 0.237487
0.511584 0.769341 0.577460 0.428600 1.010437 0.484778 0.051304 0.374976 0.548826 0.148453 0.924268 0.630235 -0.000210 0.901481 0.328219 0.399915 0.869019 0.756988 0.186383 0.082379 0.600248 0.641059 0.184270 0.212252
0.607555 0.826306 0.577425 0.431609 0.876492 0.384358 -0.093621 0.391183 0.629542 0.200604 0.957100 0.631223 0.011049 0.886007 0.238625 0.482179 0.964687 0.838661 0.091748 0.055611 0.608291 0.774618 0.224505 0.162400
0.551465 0.853342 0.721311 0.374556 0.878680 0.449709 -0.007393 0.373698 0.540785 0.025386 0.932722 0.616552 0.013475 0.896983 0.372880 0.411882 0.853923 0.778596 0.071817 0.088151 0.648786 0.796710 0.198386 0.157617
0.515509 0.868626 0.585952 0.396396 0.911525 0.452296 0.048801 0.419512 0.511121 0.067331 0.773827 0.603708 0.064102 0.860436 0.258729 0.459471 0.822199 0.909204 0.149667 0.042224 0.587896 0.704325 0.244497 0.110670
0.547787 0.807889 0.544259 0.362372 0.945458 0.423876 0.068171 0.385494 0.469868 0.109819 0.885203 0.629020 -0.075477 0.891309 0.281691 0.399557 0.773463 0.784562 0.115815 0.118905 0.561005 0.675739 0.221620 0.131223
0.557902 0.834034 0.498232 0.392173 0.887646 0.360409 -0.037195 0.329825 0.573563 0.129895 0.983658 0.628763 -0.007599 0.915571 0.285410 0.444619 0.717170 0.752528 0.168224 0.085962 0.623336 0.651717 0.304008 0.165931
0.488290 0.851755 0.618215 0.452032 0.920112 0.463246 0.043121 0.381449 0.510504 0.121098 1.006318 0.744584 0.120315 0.900394 0.269111 0.432253 0.914749 0.826718 0.068397 0.127379 0.574950 0.713613 0.146868 0.127743
0.557529 0.816313 0.574603 0.386238 0.978250 0.394135 -0.020325 0.385581 0.509973 0.058022 0.852291 0.606864 0.011894 0.883004 0.221475 0.469835 0.857017 0.786456 0.161768 0.004779 0.575646 0.711151 0.287471 0.062141
0.512565 0.857177 0.667246 0.410431 0.875989 0.442541 0.102188 0.452951 0.512851 0.068038 0.994826 0.649950 0.061458 0.964665 0.211376 0.385241 0.793198 0.756086 0.061073 0.105452 0.621552 0.659589 0.316698 0.123499
0.536154 0.717262 0.627046 0.411739 0.882246 0.502229 -0.014018 0.480745 0.451379 0.156490 0.891197 0.576933 0.114215 0.932199 0.177915 0.511821 0.873586 0.748611 0.183117 0.032323 0.553821 0.604009 0.256948 0.153073
0.602853 0.803601 0.502229 0.302009 0.964332 0.492921 0.042783 0.328206 0.537927 0.175517 0.982356 0.661064 0.036693 0.915277 0.122463 0.489942 0.938307 0.927440 0.157255 0.020793 0.568024 0.698447 0.253176 0.233871
0.509861 0.926710 0.661292 0.399752 0.886359 0.297195 0.034702 0.381475 0.579865 0.145046 0.960429 0.558380 0.030933 0.981362 0.319098 0.458282 0.823848 0.962274 -0.011381 0.020937 0.588034 0.689215 0.230646 0.082590
0.479901 0.801027 0.578861 0.390256 0.867021 0.417239 -0.027768 0.426072 0.520843 0.065238 0.928735 0.613636 0.010848 0.874383 0.224120 0.344450 0.898793 0.778466 0.022159 0.086979 0.592555 0.798982 0.228934 0.167773
0.602011 0.836862 0.657629 0.325676 0.943147 0.445364 0.007486 0.427306 0.625778 0.071874 0.949534 0.641493 -0.025757 0.869885 0.211718 0.504788 0.884516 0.738769 0.119747 0.098417 0.629184 0.772050 0.245056 0.138777
0.611842 0.825195 0.688410 0.412636 0.946136 0.423441 0.003991 0.356185 0.633619 0.197005 0.922804 0.572017 0.124131 0.848585 0.316444 0.422559 0.868836 0.817720 0.162192 0.028795 0.501638 0.652217 0.231279 0.162040
0.478972 0.871754 0.632059 0.391169 0.911290 0.446182 -0.040104 0.377644 0.466280 0.140574 0.835768 0.580330 0.023787 0.936935 0.207668 0.450391 0.885044 0.767898 0.082718 0.071674 0.524694 0.812785 0.243184 0.136400
0.526522 0.740187 0.551211 0.449325 1.002903 0.474163 -0.034657 0.326637 0.590646 0.113071 0.927203 0.629320 0.079461 0.840192 0.306894 0.366287 0.863215 0.753279 0.051792 0.080217 0.607682 0.670445 0.278032 0.172392
0.605026 0.814694 0.609050 0.402318 0.899867 0.457968 -0.029303 0.437990 0.534142 0.089986 0.967427 0.649382 0.113953 0.891746 0.352007 0.415520 0.851882 0.811567 0.052421 0.112906 0.546076 0.756483 0.208375 0.072547
0.508830 0.899463 0.617889 0.365755 0.968989 0.401270 -0.039556 0.415917 0.539429 0.110379 1.005548 0.658005 0.054321 0.846423 0.301031 0.508189 0.914982 0.732751 0.051832 0.042213 0.604505 0.636438 0.165265 0.146205
0.531677 0.851195 0.620839 0.383852 0.949673 0.522819 0.040718 0.368153 0.654170 0.128489 1.011616 0.681353 0.010871 0.879054 0.202593 0.359360 0.803668 0.858867 0.209961 0.080977 0.616230 0.690637 0.143179 0.251178
0.518642 0.840704 0.532624 0.378969 0.917122 0.426823 0.029424 0.396862 0.469055 0.110715 0.954750 0.541601 0.103556 0.870242 0.217144 0.428770 0.808945 0.777187 0.150039 0.070750 0.564617 0.613289 0.260649 0.110840
0.517400 0.883198 0.670496 0.445152 0.932286 0.445900 0.107482 0.384055 0.551318 0.075740 0.885900 0.595737 0.093403 0.919712 0.177192 0.426871 0.888650 0.909316 0.081176 0.121172 0.445070 0.696537 0.312422 0.156654
0.566504 0.873551 0.526347 0.332110 0.880727 0.440395 -0.006508 0.354051 0.602246 0.118781 1.023783 0.587454 0.068168 1.004035 0.314735 0.380931 0.836742 0.751151 0.199790 0.066712 0.580447 0.640104 0.232428 0.119599
0.513067 0.716683 0.553093 0.319621 0.892354 0.436656 0.086997 0.366089 0.632401 0.075671 0.914070 0.587337 0.030892 1.005354 0.174923 0.411354 0.904645 0.746694 0.079974 0.088691 0.706319 0.678347 0.292385 0.145662
0.378885 0.823014 0.588900 0.315003 0.784179 0.511030 0.077974 0.305868 0.603378 0.091908 0.950498 0.460554 0.027548 0.898243 0.226873 0.338530 0.902011 0.763511 0.117223 0.118011 0.550004 0.674336 0.195989 0.111170
0.492536 0.787981 0.626293 0.278657 0.886103 0.393214 0.056647 0.423566 0.555240 0.126268 0.948358 0.624361 0.115996 0.935864 0.252287 0.487497 0.936821 0.879478 0.163479 -0.071159 0.587450 0.678605 0.188892 0.169841
0.592982 0.809624 0.528990 0.461575 1.004655 0.499767 0.001789 0.407607 0.570559 0.009375 0.914072 0.596766 0.087601 0.916608 0.237693 0.509869 0.830171 0.808110 0.054732 0.066213 0.587539 0.787675 0.178317 0.175862
0.504460 0.824928 0.549386 0.349243 0.904032 0.551697 0.023829 0.486083 0.551892 0.090916 0.926184 0.707630 0.119311 0.853043 0.183700 0.451894 0.881490 0.849425 0.106318 0.043968 0.527411 0.656458 0.213762 0.106391
0.565854 0.822960 0.580773 0.329675 0.924181 0.414171 0.077214 0.473302 0.500621 0.107272 0.988709 0.636630 -0.116714 0.832425 0.257329 0.414784 0.832181 0.830547 0.174545 0.062159 0.590060 0.680072 0.293998 0.134943
0.489811 0.822570 0.502521 0.349209 0.860221 0.383991 0.042110 0.323231 0.505581 0.020486 0.869322 0.562390 0.029113 0.905695 0.176388 0.566594 0.844930 0.834978 0.145338 0.024704 0.506844 0.684164 0.251822 0.097864
0.523609 0.798832 0.590627 0.409108 0.833649 0.440823 0.080648 0.418104 0.566261 0.076639 0.927301 0.604760 -0.054632 0.904243 0.189488 0.418297 0.833361 0.820168 0.105799 0.006561 0.590615 0.664405 0.157939 0.157735
0.561250 0.747490 0.536457 0.290245 0.868151 0.413185 0.021196 0.440383 0.549198 0.011762 0.952383 0.555300 0.089430 0.888686 0.369839 0.379890 0.818875 0.885352 0.096436 0.014634 0.505927 0.619606 0.278524 0.129176
0.476438 0.780132 0.560571 0.420367 0.904839 0.409921 0.002647 0.266404 0.619597 0.123808 0.922644 0.554562 0.072345 0.900562 0.275768 0.427351 0.863134 0.764379 0.187654 0.135133 0.677754 0.735107 0.284917 0.129910
0.407031 0.808106 0.518416 0.452833 1.007144 0.468169 0.022409 0.346702 0.654964 0.110441 1.030111 0.672432 0.016784 0.838341 0.291006 0.492910 0.856196 0.740454 0.065146 0.063179 0.565508 0.669641 0.268832 0.079227
0.487030 0.887495 0.567270 0.462056 0.762842 0.562584 -0.038617 0.405059 0.528909 0.174646 0.945146 0.570722 0.062474 0.833223 0.228377 0.389501 0.920652 0.783242 0.098929 0.063638 0.601103 0.787768 0.250605 0.107352
0.504317 0.848362 0.573351 0.360539 0.916776 0.463526 -0.050991 0.329739 0.593103 0.096157 0.910789 0.586612 0.062373 0.829840 0.306962 0.533147 0.818255 0.868733 0.069400 0.113563 0.586960 0.812643 0.198305 0.193721
0.563509 0.848603 0.537173 0.411420 0.998152 0.328442 0.005013 0.361923 0.496922 0.143178 1.062545 0.639790 -0.001628 0.891561 0.210771 0.367110 0.873514 0.831911 0.104601 -0.075406 0.644550 0.622806 0.201353 0.160436
0.517643 0.877158 0.600837 0.386742 0.895036 0.512017 0.027631 0.274899 0.522956 0.192372 0.969469 0.596824 0.059784 0.835212 0.272608 0.490509 0.830958 0.841857 0.119113 0.069566 0.519701 0.716063 0.286913 0.089737
0.584447 0.941784 0.552194 0.346688 0.946531 0.411585 -0.021648 0.333150 0.548426 0.124563 0.978476 0.644515 0.034762 0.849075 0.167807 0.398993 0.879667 0.776198 0.111756 -0.018300 0.576441 0.641403 0.218430 0.183621
0.527176 0.920768 0.573971 0.290428 0.901056 0.531939 0.047078 0.433322 0.584959 0.060669 0.830346 0.582646 0.022026 0.867481 0.256019 0.384684 0.824420 0.775470 0.002534 0.141313 0.645474 0.748343 0.355019 0.118936
0.540870 0.826274 0.560776 0.390155 0.907271 0.364913 0.078761 0.360479 0.617981 0.053856 0.956821 0.598620 0.089472 0.879986 0.282798 0.498046 0.743242 0.707809 0.181831 0.008529 0.599608 0.701719 0.278972 0.040982
0.587668 0.761371 0.555080 0.297520 0.975674 0.448212 0.112019 0.371572 0.657990 0.143076 0.968374 0.576762 -0.086153 0.904899 0.377313 0.394257 0.929374 0.709331 0.146682 0.123049 0.569968 0.731229 0.299584 0.106107
0.544632 0.827945 0.512353 0.378463 0.877188 0.382164 0.043412 0.407799 0.547858 0.069295 0.963734 0.601239 -0.030308 0.939364 0.249066 0.508566 0.771782 0.793326 0.140880 0.062182 0.569265 0.768760 0.353666 0.148165
0.481625 0.771715 0.638359 0.315378 0.991125 0.437525 0.012056 0.383471 0.581723 0.013628 0.941901 0.624376 0.086806 0.854410 0.146997 0.519658 0.962696 0.723403 0.129848 -0.008970 0.642049 0.751305 0.242931 0.242931
0.536670 0.882800 0.623088 0.331671 0.937006 0.568041 0.017358 0.384092 0.562554 0.104847 0.928558 0.692966 0.037954 0.893618 0.242889 0.417735 0.902973 0.778997 0.139639 0.126409 0.573283 0.608954 0.247235 0.163825
0.467640 0.825023 0.673996 0.364568 0.932155 0.521202 0.071910 0.370287 0.622668 0.137556 0.955684 0.656399 -0.023309 0.926556 0.270128 0.373967 0.825285 0.793905 0.081014 0.090712 0.583220 0.710636 0.171015 0.134981
0.535434 0.813039 0.588579 0.350060 0.904494 0.495461 0.113239 0.442177 0.589110 0.155223 1.013655 0.529563 0.022817 0.879663 0.215404 0.424725 0.924308 0.809319 0.068307 0.023599 0.634369 0.763538 0.224606 0.188528
0.549852 0.886739 0.598979 0.416127 0.914687 0.521135 0.027170 0.331913 0.463582 0.078068 1.014059 0.649475 0.118194 0.944690 0.249548 0.545669 0.837754 0.825473 0.092885 0.102954 0.580713 0.707405 0.242583 0.124867
0.423947 0.893770 0.533914 0.482957 0.992131 0.480702 -0.016948 0.480599 0.583382 0.130499 0.996013 0.576336 0.066826 0.829866 0.103728 0.491097 0.869937 0.804609 0.118017 -0.013805 0.542442 0.560078 0.197491 0.184817
0.544213 0.816886 0.525375 0.436043 0.922610 0.373652 0.018129 0.369079 0.610095 0.059954 0.889800 0.656920 0.078722 0.932608 0.191165 0.494847 0.913299 0.795505 0.015867 0.058839 0.688841 0.713277 0.274490 0.144008
0.477028 0.879223 0.521443 0.502924 0.969387 0.437033 0.064441 0.386808 0.581302 0.115558 1.008867 0.653211 0.048740 0.867461 0.275015 0.481232 0.906418 0.734019 0.113488 0.045100 0.531962 0.749428 0.167190 0.263263
0.472578 0.788817 0.563494 0.450614 0.863223 0.518857 -0.014725 0.491820 0.555284 0.092654 0.959930 0.695245 -0.029207 0.935501 0.298310 0.425154 0.918736 0.837708 0.227519 0.072954 0.500819 0.563450 0.224656 0.099179
0.547630 0.811990 0.660305 0.369166 0.930410 0.475762 -0.005794 0.351375 0.590792 0.103656 0.944427 0.646371 0.017190 0.906734 0.238716 0.469462 0.859472 0.789008 0.117485 0.061110 0.514224 0.739747 0.240220 0.146095
0.586391 0.890555 0.540746 0.304074 0.933427 0.456451 0.020318 0.331153 0.562271 0.024025 0.989732 0.599699 0.091902 0.815955 0.228103 0.427895 0.856551 0.793570 0.146733 0.010185 0.594103 0.683223 0.244171 0.177345
0.503575 0.949708 0.598296 0.376964 0.899964 0.489208 0.090700 0.423012 0.557539 0.184266 0.937536 0.567805 0.063811 0.927982 0.288519 0.341742 0.826390 0.838265 0.194150 0.065165 0.585765 0.708834 0.245678 0.262192
0.577265 0.929799 0.735786 0.338073 0.918217 0.428562 0.055870 0.235626 0.594877 0.152996 0.929989 0.621756 -0.024160 0.825995 0.275812 0.396007 0.933169 0.722359 0.027247 0.097666 0.646176 0.724444 0.238998 0.180610
0.569561 0.787148 0.535143 0.523427 0.937112 0.532501 0.006990 0.442076 0.564600 0.079312 0.982018 0.621898 -0.035625 0.833971 0.290625 0.447117 0.913153 0.770397 0.152445 -0.014039 0.640313 0.620004 0.312885 0.129938
0.491212 0.790954 0.550434 0.414197 0.869077 0.392663 -0.043729 0.402655 0.570369 0.135706 0.915795 0.669293 -0.048215 0.968151 0.178837 0.432826 0.784313 0.751247 0.142135 0.131680 0.600202 0.602019 0.288822 0.119310
0.503371 0.816611 0.575610 0.394771 0.981037 0.515100 0.022883 0.521384 0.547066 0.173977 0.912472 0.637332 0.062996 0.921658 0.169010 0.533556 0.893834 0.787168 0.091760 0.040655 0.627984 0.655896 0.275078 0.234734
0.539613 0.717795 0.553266 0.316513 0.981978 0.516676 -0.007266 0.448932 0.499352 0.009948 0.928761 0.640170 0.018458 0.845227 0.180773 0.355415 0.896652 0.731235 0.130211 -0.015841 0.620090 0.737360 0.206139 0.247891
0.516458 0.844060 0.558834 0.412253 0.978142 0.410546 -0.061382 0.439214 0.596268 0.144105 0.953262 0.670463 -0.012839 0.828786 0.269382 0.421071 0.767927 0.857041 0.052771 0.083523 0.609304 0.706748 0.367143 0.242516
0.537315 0.879610 0.626534 0.337471 0.913084 0.491794 -0.048334 0.444311 0.554839 0.085675 0.972170 0.580526 0.080405 0.974002 0.245732 0.484624 0.846187 0.724697 0.045093 -0.015109 0.573563 0.639728 0.203899 0.130421
0.591323 0.943211 0.603938 0.429747 0.883123 0.424522 0.021748 0.437336 0.538827 0.031853 0.974643 0.623710 0.068408 0.915466 0.199497 0.307257 0.857892 0.801797 0.087745 0.085629 0.561472 0.550160 0.225625 0.197113
0.614927 0.914767 0.555939 0.459980 0.894384 0.495932 0.024910 0.319095 0.613477 0.068852 0.968405 0.590916 0.048300 0.893338 0.338423 0.489231 0.822592 0.767570 0.121301 0.028034 0.598863 0.735741 0.305828 0.234836
0.471045 0.793874 0.609202 0.426869 0.869074 0.512645 -0.058628 0.346478 0.622863 0.086363 0.952878 0.732301 0.083794 0.988343 0.242953 0.503386 0.806060 0.756427 0.111331 0.113193 0.662313 0.729472 0.177958 0.109639
0.589324 0.906901 0.528186 0.363893 0.993112 0.448601 -0.009071 0.422273 0.577961 0.134315 0.946562 0.515702 0.010959 0.780973 0.273333 0.383883 0.862711 0.773981 0.155122 0.000416 0.556153 0.707993 0.243755 0.101758
0.479526 0.763997 0.534928 0.454484 0.974828 0.459481 0.019306 0.441378 0.606854 0.068905 0.945897 0.612298 0.030249 0.868198 0.290514 0.388212 0.880288 0.822313 0.210885 0.088001 0.602006 0.667141 0.238818 0.174630
0.604705 0.866549 0.585365 0.423861 0.930770 0.423604 0.061917 0.311494 0.579394 -0.017785 0.976262 0.571521 0.036169 0.831262 0.237762 0.439207 0.955952 0.823892 0.038289 0.109104 0.708396 0.690890 0.280780 0.155065
0.596837 0.912283 0.625834 0.367105 0.961738 0.458958 0.097176 0.426805 0.527249 0.180656 0.973209 0.705356 0.016263 0.825745 0.234998 0.481956 0.888494 0.868548 0.107265 0.089126 0.616772 0.692116 0.264277 0.156002
0.511717 0.704718 0.579159 0.407042 0.936383 0.413252 0.044828 0.381777 0.598075 0.086239 0.897815 0.579334 0.081969 0.862263 0.263606 0.496449 0.819123 0.733546 0.155165 0.067937 0.575709 0.738551 0.193119 0.122560
0.594615 0.872805 0.635420 0.438563 0.935095 0.437975 0.028205 0.378520 0.595447 0.101952 0.976066 0.601793 0.031282 0.804461 0.254662 0.434156 0.900742 0.814040 0.071168 0.150644 0.659120 0.739875 0.260856 0.088707
0.559279 0.797689 0.535727 0.448311 0.981692 0.540044 0.138072 0.381964 0.487728 0.047113 0.881248 0.639908 0.057506 0.861105 0.180810 0.509896 0.959775 0.746642 0.048463 -0.012907 0.622319 0.686968 0.260770 0.092552
0.598484 0.766674 0.503412 0.419369 0.892328 0.431024 0.083464 0.310403 0.524654 0.098513 0.970840 0.554114 0.133825 0.977814 0.187073 0.390794 0.843058 0.765100 0.137329 0.068899 0.569581 0.666072 0.218124 0.211325
0.553832 0.826169 0.536226 0.378189 0.974203 0.514682 0.094651 0.305428 0.580995 0.014980 0.890483 0.651951 -0.093652 0.964751 0.171903 0.474344 0.871555 0.868753 0.088949 0.097751 0.526370 0.661667 0.284909 0.167541
0.595537 0.791104 0.677561 0.357113 0.924079 0.404479 0.050641 0.385525 0.564785 0.123711 0.901700 0.566278 0.043335 0.901055 0.207993 0.436565 0.861810 0.807579 0.238605 0.073982 0.597924 0.700652 0.171080 0.048618
0.488899 0.838779 0.686080 0.370893 0.854888 0.463445 0.069342 0.391912 0.615813 0.093805 0.989557 0.550696 0.006271 0.846335 0.180965 0.546175 0.812195 0.795132 0.244257 0.078109 0.620863 0.664950 0.246221 0.157242
0.424301 0.853517 0.629596 0.410380 0.899756 0.381028 0.020170 0.315609 0.468116 0.154187 0.975185 0.615749 0.070179 0.875573 0.271895 0.405798 0.810935 0.788968 0.087931 0.111970 0.569780 0.642621 0.213152 0.159449
0.585992 0.794157 0.642815 0.324821 0.911993 0.531626 0.001702 0.389218 0.519382 -0.017221 0.945664 0.643120 0.079756 0.877777 0.283362 0.439475 0.936662 0.794865 0.137108 0.062476 0.651080 0.668261 0.215939 0.065202
0.511820 0.842382 0.602577 0.406961 0.976668 0.504464 -0.092884 0.389806 0.562942 0.106403 1.017784 0.549299 0.044311 0.893178 0.260813 0.471674 0.946095 0.930242 0.127567 0.062430 0.621431 0.721135 0.178786 0.156978
0.540403 0.912457 0.621056 0.408271 0.894047 0.507801 0.063041 0.351239 0.556171 0.122253 1.009464 0.561085 0.112875 0.922379 0.166613 0.506359 0.873555 0.715750 0.137655 -0.051889 0.538758 0.674038 0.221750 0.161706
0.537948 0.843580 0.552488 0.405708 0.901269 0.454929 0.025870 0.365109 0.510680 0.121771 0.925235 0.627593 -0.023382 0.933184 0.241892 0.433531 0.830117 0.734533 0.127492 0.051454 0.652220 0.598268 0.259312 0.190524
0.458513 0.879350 0.629592 0.355078 0.925370 0.437879 0.028924 0.383181 0.543854 0.125016 0.932846 0.601040 0.082714 0.948634 0.230315 0.441358 0.909365 0.704561 0.117247 -0.030870 0.591513 0.647228 0.222107 0.119349
0.588275 0.864136 0.600959 0.422609 0.921158 0.413047 0.049462 0.386421 0.586575 0.025690 0.924639 0.610727 0.047239 0.838688 0.300301 0.400715 0.944894 0.775215 0.092865 0.073472 0.552614 0.671319 0.295776 0.116535
0.506407 0.821445 0.503923 0.408276 0.865875 0.437209 -0.024221 0.473259 0.533743 0.098905 0.952966 0.674092 0.024933 0.926906 0.280624 0.485958 0.878428 0.822131 0.113082 0.115080 0.626028 0.684162 0.217322 0.106364
0.704588 0.808347 0.571743 0.343569 0.965723 0.520333 0.054141 0.361329 0.595208 0.072522 0.910993 0.613012 0.001293 0.860456 0.194595 0.506830 0.882997 0.809205 0.072784 0.050801 0.581699 0.706907 0.245047 0.190366
0.575711 0.789226 0.584677 0.331493 0.890698 0.441593 0.037045 0.389805 0.607124 0.052429 0.957532 0.684682 0.045921 0.934642 0.243738 0.411773 0.899455 0.803297 0.097495 0.168319 0.662503 0.706489 0.294027 0.174492
0.664413 0.873021 0.579493 0.373177 0.906664 0.446843 0.124118 0.363487 0.574515 0.051611 0.916553 0.666024 0.008843 0.888369 0.159830 0.425127 0.868926 0.821241 0.140863 0.010414 0.516853 0.701338 0.210744 0.076232
0.513232 0.685548 0.611755 0.409579 0.915880 0.486701 -0.023626 0.311782 0.547275 0.062931 0.930549 0.562063 0.007810 0.943793 0.187956 0.426527 0.910729 0.849873 0.049937 -0.009575 0.630320 0.597546 0.249472 0.168665
0.486559 0.893495 0.530409 0.372338 0.949411 0.388758 -0.029012 0.355957 0.552234 0.053955 0.995496 0.601326 0.044951 0.953317 0.310493 0.428971 0.918464 0.767645 0.112583 -0.021438 0.553325 0.662127 0.179366 0.184084
0.457699 0.941928 0.512126 0.439724 1.007698 0.438471 0.009894 0.309884 0.572347 0.116694 1.005823 0.692318 0.086764 0.974160 0.246095 0.479406 0.856256 0.794086 0.200363 0.025699 0.615923 0.627913 0.198971 0.192417
0.543741 0.780562 0.569604 0.359594 0.926617 0.453507 0.037141 0.352039 0.509515 0.076785 0.956331 0.568457 0.105115 1.007059 0.259317 0.461777 0.874583 0.763260 0.092839 0.004775 0.708803 0.676348 0.238903 0.144763
0.611824 0.866430 0.494118 0.386783 0.902274 0.483831 0.010200 0.458197 0.624260 0.056043 1.060250 0.546856 -0.026444 0.882437 0.216063 0.450782 0.843465 0.711730 0.065267 -0.012780 0.586080 0.685280 0.195650 0.130653
0.501349 0.797107 0.608730 0.342719 0.940171 0.494558 0.057637 0.319651 0.649505 0.145285 0.897317 0.573794 -0.004052 0.819116 0.240511 0.493883 0.915275 0.729843 0.079387 0.042696 0.600698 0.749928 0.295885 0.126014
0.520458 0.802767 0.580172 0.441010 0.975367 0.477646 0.120952 0.350525 0.553051 0.013622 0.896359 0.517625 0.037551 0.811483 0.257380 0.395850 0.898510 0.821138 0.100526 -0.024537 0.591957 0.694649 0.265926 0.203100
0.481854 0.889819 0.571899 0.370469 0.982376 0.542130 -0.020994 0.346193 0.564979 0.037377 0.895678 0.562737 0.093213 0.906940 0.165323 0.467351 0.869066 0.833524 0.123211 -0.009105 0.610247 0.578626 0.290730 0.211137
0.538780 0.885795 0.578316 0.412687 0.949415 0.454158 0.020948 0.387814 0.458858 -0.003557 1.005607 0.557508 -0.023689 0.897657 0.234133 0.472694 0.813775 0.855429 0.123934 0.080057 0.689401 0.625801 0.226889 0.048926
0.513389 0.842581 0.548554 0.375610 0.922707 0.424605 0.059977 0.351453 0.521169 0.033390 0.897431 0.588219 0.038884 0.891418 0.223368 0.311816 0.836874 0.792514 0.071015 0.044788 0.567167 0.706503 0.299493 0.141711
0.459535 0.866544 0.499453 0.347494 0.911093 0.456108 0.039930 0.358857 0.599535 0.130155 0.976009 0.694487 0.023529 0.871752 0.220159 0.464343 0.810604 0.779883 0.189012 0.039852 0.553657 0.719675 0.249964 0.054682
0.509557 0.814202 0.601533 0.425484 0.952555 0.469140 0.127713 0.293975 0.575243 0.037891 0.912528 0.608861 0.032256 0.952357 0.343556 0.417314 0.880793 0.782519 0.066653 0.105615 0.548315 0.618955 0.172605 0.150195
0.553866 0.785011 0.573122 0.311628 0.955784 0.549897 0.046249 0.353417 0.531090 0.035718 0.992923 0.650476 0.104326 0.925898 0.170999 0.569174 0.870128 0.732893 0.221870 0.079237 0.581584 0.620893 0.250852 0.234383
0.540848 0.841906 0.547666 0.419454 0.942462 0.518761 -0.044297 0.399657 0.565738 0.041301 0.944136 0.726117 0.080775 0.821829 0.224360 0.372148 0.884878 0.764436 0.061568 0.152150 0.563726 0.658599 0.217811 0.137035
0.588859 0.820632 0.576912 0.385065 0.888725 0.540418 -0.031486 0.461698 0.454036 0.049862 0.866141 0.656239 -0.024802 0.947237 0.286897 0.419148 0.928329 0.760429 0.143483 0.151450 0.565092 0.674412 0.269716 0.184334
0.533748 0.849574 0.499342 0.377754 0.933691 0.448777 0.032066 0.328786 0.613040 0.049408 1.001228 0.440617 0.039389 0.851483 0.184050 0.456083 0.826432 0.815976 0.113681 0.139702 0.653712 0.813197 0.206759 0.121521
0.584052 0.913474 0.660281 0.377442 0.985055 0.424336 0.053507 0.351954 0.515646 0.159252 0.921819 0.570541 0.040696 0.913856 0.262173 0.364306 0.893963 0.870432 0.064468 0.042217 0.568012 0.687835 0.283685 0.161019
0.538365 0.790415 0.638585 0.462871 0.870135 0.511955 0.080245 0.420578 0.529720 0.042747 1.045599 0.592343 0.047997 0.911016 0.258315 0.460658 0.875948 0.825561 0.116341 0.031706 0.618150 0.690840 0.222523 0.118377
0.444541 0.803209 0.648392 0.391402 1.007015 0.462006 -0.023153 0.319293 0.501321 0.111554 0.974941 0.608020 0.000253 0.875221 0.264505 0.474301 0.873057 0.802610 0.116237 0.093620 0.633769 0.742229 0.206863 0.153769
0.530091 0.879344 0.577432 0.388652 0.922252 0.496702 0.033584 0.392372 0.500486 0.101760 0.974798 0.573639 0.023334 0.858842 0.229031 0.448671 0.850522 0.793924 0.155564 0.091600 0.696273 0.730322 0.181503 0.167121
0.476910 0.854685 0.601821 0.440874 0.857980 0.474328 0.024838 0.414726 0.681535 0.103572 0.943437 0.662251 0.096958 0.885102 0.174940 0.442059 0.858862 0.836301 0.165809 0.031765 0.526347 0.783375 0.166214 0.156507
0.541808 0.845884 0.636460 0.375658 0.836712 0.430465 -0.032117 0.304663 0.590891 0.092913 0.882563 0.671956 0.035279 0.918376 0.228823 0.394065 0.895683 0.764122 0.059391 0.119154 0.429442 0.650333 0.148141 0.111809
0.485790 0.783405 0.572575 0.390283 0.868093 0.375487 -0.061844 0.417156 0.563030 0.091985 0.848345 0.611526 0.027534 0.920751 0.190482 0.388732 0.924247 0.846070 0.150014 0.081798 0.571013 0.687184 0.249019 0.195374
0.539975 0.843108 0.607619 0.402151 0.836209 0.437910 -0.018296 0.396816 0.555846 0.041311 0.929785 0.567666 -0.025937 0.940808 0.209712 0.356450 0.962985 0.719165 0.085090 0.023527 0.582617 0.680674 0.247954 0.130751
0.518184 0.801015 0.579803 0.324768 0.998404 0.500534 0.029471 0.361479 0.560383 0.103284 0.906982 0.669248 -0.001400 0.923238 0.150079 0.414266 0.882964 0.798092 0.075145 0.114779 0.613782 0.607009 0.188712 0.202998
0.513726 0.771336 0.514010 0.392479 0.878947 0.476585 -0.002196 0.281191 0.486157 0.223180 0.907013 0.616732 0.093310 0.940195 0.284949 0.437585 0.839270 0.679123 0.101520 0.123158 0.665582 0.737427 0.285890 0.287288
0.560622 0.868425 0.526526 0.419861 0.933444 0.407614 0.028537 0.401110 0.558389 0.102965 0.841481 0.617649 0.035129 0.854537 0.197052 0.319286 0.922008 0.791324 0.120499 0.226453 0.558851 0.687360 0.241048 0.137097
0.531938 0.801456 0.639666 0.424305 1.003495 0.406966 0.086824 0.438648 0.573528 0.111032 0.896330 0.613420 0.002750 0.872592 0.241564 0.417129 0.925602 0.797005 0.119218 0.064874 0.603205 0.655346 0.220490 0.216348
0.588851 0.820779 0.603405 0.504744 0.977380 0.449492 0.021337 0.416606 0.541820 0.132401 0.920751 0.545132 0.060779 0.856328 0.228263 0.489917 0.857218 0.820480 0.128658 0.071991 0.694537 0.642819 0.223144 0.135744
0.563793 0.809513 0.616789 0.401223 0.883030 0.424777 0.082386 0.468740 0.516684 0.068362 0.945581 0.552756 0.000336 0.907317 0.246915 0.413650 0.906971 0.829379 0.080880 0.073170 0.658884 0.704215 0.142343 0.145922
0.483292 0.757463 0.641954 0.374167 0.927258 0.387630 0.080957 0.517110 0.627208 0.050009 0.871398 0.674561 0.001672 0.849619 0.183845 0.394096 0.861728 0.834450 0.114222 0.098411 0.565322 0.812068 0.141569 0.102300
0.523207 0.763899 0.562033 0.385137 0.965062 0.322977 0.009290 0.379951 0.644311 0.123160 0.923675 0.612582 -0.024832 0.934119 0.267497 0.456197 0.894450 0.811978 0.084994 0.081867 0.573471 0.665691 0.298945 0.186599
0.532904 0.855821 0.533247 0.428003 0.834153 0.339379 -0.042161 0.357636 0.562630 0.187007 0.920288 0.603160 -0.061290 0.861365 0.201590 0.421853 0.903462 0.786647 0.134359 0.080049 0.490780 0.703868 0.226198 0.139605
0.476764 0.850046 0.520022 0.558398 0.827442 0.440268 0.068710 0.382328 0.532944 0.045599 1.052689 0.554330 0.101457 0.888565 0.178755 0.353107 0.847772 0.913859 0.104956 0.117313 0.606829 0.681180 0.265179 0.133572
0.544604 0.855755 0.644500 0.376991 0.911269 0.453764 0.020654 0.463516 0.586057 0.009165 1.054705 0.675639 0.140034 0.775789 0.112223 0.341753 0.863556 0.767771 0.120213 0.005521 0.632447 0.691479 0.222028 0.182801
0.588693 0.742232 0.610113 0.393610 0.975134 0.312146 0.044507 0.371237 0.539985 0.105152 0.975905 0.712515 0.081323 0.907313 0.229996 0.472011 0.779843 0.799930 0.006236 0.109406 0.514446 0.700331 0.279954 0.092736
0.502316 0.810814 0.621329 0.355023 0.944333 0.439745 -0.001255 0.446320 0.517490 0.144076 0.935731 0.490166 -0.003127 0.935780 0.282601 0.462442 0.845380 0.720323 0.123078 0.121613 0.579377 0.698258 0.340037 0.143262
0.584592 0.844194 0.541096 0.491983 0.996716 0.505640 0.054596 0.505793 0.496235 0.126330 1.020127 0.650757 0.022538 0.982188 0.281769 0.397552 0.860166 0.802074 0.022166 0.045151 0.656471 0.588669 0.188718 0.131375
0.565167 0.816962 0.576922 0.404525 0.836325 0.390446 0.002707 0.367637 0.483255 0.041711 0.969728 0.584298 0.079256 0.901845 0.326379 0.424029 0.775029 0.751507 0.011040 0.039886 0.669064 0.849451 0.303539 0.242829
0.581371 0.848701 0.585103 0.320316 0.949331 0.447694 -0.004149 0.385914 0.454532 0.067504 0.933706 0.540284 -0.058685 0.885231 0.282169 0.399781 0.875773 0.788245 0.048629 -0.032272 0.590619 0.682327 0.267986 0.132778
0.543470 0.832761 0.572334 0.375375 0.931794 0.425992 -0.019857 0.377032 0.635791 0.037158 0.983451 0.604911 0.010784 0.869357 0.203046 0.478545 0.872252 0.841722 0.085056 0.046434 0.590696 0.700873 0.231847 0.141045
0.476141 0.842940 0.569046 0.375292 0.874403 0.412314 -0.080439 0.395418 0.524433 0.041873 0.910090 0.629060 0.041528 0.860782 0.242377 0.456952 0.875874 0.752104 0.074261 0.086919 0.603679 0.678912 0.253404 0.193244
0.549323 0.904249 0.569182 0.390610 0.920381 0.321796 0.118625 0.387971 0.623842 0.051262 0.945268 0.576839 0.000952 0.833498 0.219150 0.346389 0.903287 0.820713 0.097274 0.083265 0.561024 0.723021 0.309313 0.152980
0.448730 0.803773 0.617652 0.318094 1.020436 0.503575 0.022795 0.393509 0.469113 0.105496 0.973193 0.658185 0.066829 0.902071 0.144383 0.510185 0.865917 0.864679 0.192217 0.044976 0.641878 0.714182 0.202514 0.073499
0.479519 0.797956 0.607419 0.429288 0.953435 0.406953 0.037785 0.381094 0.506917 0.208687 0.930866 0.636040 -0.089343 0.896688 0.314677 0.397507 0.850630 0.716231 0.018295 0.132614 0.575871 0.667594 0.288137 0.126139
0.572746 0.841536 0.547475 0.395053 0.940648 0.506944 0.034548 0.351666 0.540262 0.083612 0.928594 0.597940 0.016130 0.894262 0.310666 0.453447 0.852530 0.889471 0.129011 0.022445 0.547539 0.636636 0.281701 0.180385
0.511196 0.866144 0.537758 0.400282 0.959705 0.411805 0.064997 0.342129 0.607304 0.100027 0.878479 0.597304 0.010542 0.917648 0.140045 0.505370 0.917690 0.842158 -0.019425 0.010559 0.627560 0.661284 0.334319 0.147901
0.563520 0.884227 0.720960 0.455318 0.884833 0.469047 0.055730 0.377113 0.544048 0.132123 0.883691 0.641669 0.076409 0.906176 0.237737 0.455148 0.952726 0.806389 0.017631 0.100752 0.578477 0.649391 0.282041 0.214449
0.491847 0.915770 0.580776 0.379855 0.887223 0.467236 0.045879 0.283178 0.613493 0.087815 0.986539 0.644327 -0.092780 0.972960 0.285897 0.428172 0.863680 0.749000 0.103282 0.039960 0.606898 0.650648 0.207719 0.158458
0.515254 0.856962 0.625702 0.477357 0.950105 0.485762 -0.079184 0.409011 0.505670 0.055910 0.920005 0.615133 0.006442 0.805178 0.284835 0.465033 0.856765 0.817203 0.022597 0.111258 0.531231 0.705046 0.217242 0.212405
0.609418 0.872537 0.592277 0.386775 0.947148 0.455375 0.006453 0.346144 0.648974 0.078638 0.873617 0.556268 0.026153 0.903112 0.318726 0.423831 0.901797 0.855441 0.128355 0.052972 0.539046 0.633941 0.255751 0.135742
0.565336 0.737537 0.640050 0.424292 0.919749 0.410476 0.149850 0.477848 0.408323 0.113150 0.943525 0.629172 0.031081 0.942527 0.203133 0.455059 0.824525 0.815685 0.037848 -0.020544 0.574427 0.604332 0.210354 0.275966
0.520867 0.816889 0.587359 0.446704 0.944453 0.505946 0.031626 0.428290 0.542907 0.131763 0.961907 0.554886 0.029899 0.872427 0.186118 0.478933 0.884807 0.738286 0.068104 0.056326 0.542283 0.692485 0.184251 0.250233
0.495349 0.888819 0.599715 0.456463 0.951713 0.535462 0.036261 0.368393 0.497065 0.177283 0.874768 0.668672 0.098447 0.975341 0.230548 0.355994 0.822062 0.733166 0.098019 0.113193 0.578742 0.600227 0.228032 0.206200
0.461493 0.744651 0.554827 0.409026 0.903170 0.413584 -0.002114 0.506180 0.584023 0.099680 0.904695 0.567670 -0.001067 0.839430 0.321859 0.443435 0.830235 0.855266 0.072389 0.030314 0.610996 0.735579 0.222005 0.171612
0.571543 0.837191 0.600387 0.400012 0.909722 0.364364 -0.001846 0.490523 0.590598 0.058087 0.968764 0.674745 -0.061242 0.837183 0.248348 0.381062 0.847025 0.874591 0.033641 0.064951 0.673669 0.720389 0.199694 0.173133
0.590924 0.858674 0.633147 0.485304 0.987600 0.544358 0.033795 0.404112 0.448160 0.089555 0.931010 0.571287 0.072973 0.966889 0.316281 0.379306 0.769400 0.763207 0.052240 0.008648 0.541577 0.647264 0.287085 0.226918
0.509865 0.961474 0.519535 0.418411 0.910104 0.467261 -0.034943 0.439638 0.510670 0.140989 0.959710 0.593219 -0.001618 0.869451 0.276463 0.418683 0.889942 0.835141 0.193162 0.052672 0.597329 0.679863 0.274246 0.190806
0.637467 0.814740 0.571251 0.398160 0.964493 0.444960 0.033478 0.429937 0.530439 0.108750 0.880364 0.602579 0.039882 0.831658 0.235627 0.414083 0.883287 0.813436 0.119896 0.134704 0.545523 0.668549 0.320471 0.096263
0.522880 0.826893 0.471142 0.374026 0.910117 0.473557 -0.018733 0.340048 0.424910 0.060389 0.822752 0.627735 0.084219 0.896201 0.191920 0.373798 0.869965 0.723035 0.122917 0.133076 0.595353 0.774335 0.243062 0.067827
0.498099 0.813103 0.491043 0.444325 0.970492 0.404485 -0.003662 0.406630 0.567086 0.013353 0.840022 0.602455 0.104971 0.955011 0.328839 0.459290 0.931647 0.781137 0.011954 -0.037637 0.572125 0.753173 0.191533 0.133201
0.594497 0.840971 0.576787 0.365878 0.929933 0.537167 -0.027448 0.429898 0.547620 0.055821 0.900877 0.676858 0.090524 0.917025 0.192901 0.462866 0.820016 0.865212 0.093610 -0.055787 0.562335 0.708751 0.259597 0.133217
0.592073 0.742448 0.557123 0.414084 0.964573 0.452457 0.085275 0.401811 0.497100 0.110535 1.020396 0.600491 0.040150 0.854421 0.310920 0.314231 0.912048 0.879444 0.129833 0.057675 0.449049 0.826779 0.301105 0.128674
0.592940 0.858438 0.649546 0.353078 0.906508 0.404026 -0.008519 0.310366 0.584987 0.087076 0.935315 0.584369 0.029988 0.924459 0.183886 0.359877 0.859631 0.832388 0.094772 0.018750 0.648175 0.738745 0.330352 0.090333
0.593568 0.885841 0.595249 0.405809 0.965504 0.436971 -0.008559 0.342339 0.644010 0.070794 0.898935 0.605251 0.044595 0.932728 0.275240 0.524720 0.837668 0.722039 0.047192 0.113798 0.601427 0.660182 0.207353 0.227451
0.584651 0.760010 0.558211 0.329940 0.935642 0.324483 0.049161 0.469276 0.568155 0.119130 1.046659 0.624293 0.072983 0.903454 0.232018 0.413224 0.764585 0.828502 0.050503 0.001943 0.565389 0.625794 0.189553 0.102650
0.512727 0.804691 0.625205 0.450988 0.904933 0.507755 -0.094276 0.293598 0.564036 0.088548 0.979294 0.648127 0.041986 0.876835 0.237476 0.363405 0.909556 0.794310 0.115241 -0.025421 0.464350 0.676431 0.217010 0.164211
0.526247 0.817302 0.634195 0.437333 0.896548 0.370888 -0.065213 0.405752 0.531358 0.061064 0.903787 0.617252 0.056193 0.974425 0.222647 0.431428 0.983619 0.778592 0.054013 0.006700 0.620137 0.684675 0.236591 0.136136
0.487912 0.761200 0.575045 0.398840 0.912904 0.481488 -0.115359 0.432774 0.565270 0.139525 1.037477 0.659487 0.000068 0.900540 0.244495 0.378047 0.842929 0.774653 0.141074 0.078090 0.585497 0.681757 0.273580 0.156239
0.493295 0.883534 0.581927 0.398452 0.969362 0.537226 -0.055187 0.459605 0.511879 0.100651 0.965112 0.648291 0.013635 0.921950 0.220728 0.328547 0.912931 0.775336 0.098329 -0.032759 0.635451 0.633315 0.385866 0.093626
0.546001 0.799545 0.582595 0.431069 1.022896 0.470962 0.047280 0.306815 0.550846 0.067772 0.942874 0.636887 0.006304 0.912746 0.200456 0.317085 0.870951 0.815798 0.089743 0.100774 0.501570 0.625872 0.173913 0.143471
0.510900 0.848328 0.556744 0.380873 0.925328 0.458158 0.070612 0.364037 0.732199 0.099021 1.006989 0.583841 0.019565 0.810548 0.214086 0.372664 0.879429 0.853366 -0.021059 0.136972 0.567999 0.631585 0.178693 0.252589
0.516541 0.766741 0.613446 0.390059 0.895254 0.490096 -0.033730 0.367554 0.512310 0.095456 0.876747 0.571638 -0.070203 0.930328 0.252440 0.492489 0.858092 0.780763 0.002006 0.102473 0.566714 0.708910 0.176225 0.177290
0.514398 0.821775 0.654540 0.310019 0.950077 0.440671 0.049055 0.438622 0.548553 0.121418 0.878182 0.562779 -0.013460 0.935439 0.170719 0.426697 0.779743 0.681437 0.145408 0.018667 0.634908 0.628619 0.269837 0.106375
0.509052 0.880995 0.527820 0.353542 0.965431 0.596803 0.077978 0.379911 0.563790 0.162336 1.030268 0.571691 0.076113 0.829509 0.221509 0.448328 0.850997 0.752960 0.085877 0.070965 0.598313 0.647771 0.306909 0.192445
0.439544 0.840653 0.575533 0.419468 0.904730 0.482907 0.049104 0.420100 0.618929 0.138861 0.929267 0.588752 -0.018535 0.932202 0.272195 0.441403 0.942222 0.876609 0.063544 0.024529 0.521251 0.674765 0.237283 0.184106
0.532876 0.845116 0.576311 0.418113 1.014372 0.418454 -0.019090 0.382413 0.501869 0.057677 1.007770 0.616390 0.062772 0.862142 0.293687 0.382899 0.830567 0.725194 0.148792 0.067397 0.524345 0.664361 0.184694 0.202849
0.548931 0.874838 0.649400 0.437118 0.886711 0.430318 0.006282 0.387876 0.504470 0.062431 0.950150 0.551417 -0.004443 0.876801 0.193467 0.380408 0.895045 0.811697 0.033179 -0.040868 0.651746 0.690662 0.358105 0.208569
0.543369 0.800224 0.602981 0.367419 0.909415 0.454852 -0.001216 0.438956 0.641540 0.100124 0.913708 0.563613 0.049237 0.893549 0.248125 0.477286 0.925076 0.755891 0.041869 0.057079 0.571115 0.709028 0.304812 0.133827
0.497535 0.806799 0.565152 0.286948 0.956945 0.372212 0.022460 0.387247 0.533790 0.115748 0.922103 0.680267 0.008241 0.959277 0.197442 0.394818 0.899850 0.883060 0.091426 0.174432 0.512502 0.562742 0.205002 0.234321
0.652911 0.914249 0.606142 0.453980 1.007803 0.434700 0.100122 0.366796 0.578025 0.034145 1.004590 0.682725 0.048823 0.955503 0.205609 0.406265 0.909676 0.867229 0.029838 0.143416 0.600097 0.755308 0.245319 0.183504
0.547063 0.823379 0.551803 0.287356 0.842953 0.400331 -0.064687 0.370368 0.445104 -0.030120 1.008429 0.623178 0.067680 0.924461 0.344164 0.485248 0.827471 0.771666 0.076344 0.012009 0.597989 0.720887 0.230032 0.082701
0.593364 0.857828 0.561785 0.320445 0.901973 0.406972 0.046135 0.386283 0.569560 0.218770 1.027336 0.610073 0.050658 0.952042 0.243434 0.419410 0.862278 0.728108 0.131964 0.116524 0.570178 0.683031 0.326986 0.176966
0.498586 0.831707 0.651445 0.409999 1.000178 0.537194 -0.019023 0.507685 0.565987 0.001618 0.957733 0.595870 0.069427 0.858468 0.272824 0.388663 0.909335 0.790804 0.173876 0.014218 0.595667 0.749919 0.232342 0.211529
0.581179 0.773150 0.602112 0.384116 0.860430 0.415737 0.000568 0.260582 0.552804 0.108983 0.951923 0.626035 0.012998 0.927474 0.173421 0.400607 0.891275 0.798592 0.030497 -0.011015 0.588847 0.599845 0.247879 0.104200
0.538219 0.826055 0.634980 0.414516 0.879508 0.434456 0.024997 0.253602 0.524357 -0.020905 0.966990 0.685099 0.019994 0.871943 0.221291 0.391666 0.855729 0.871728 0.116738 0.028058 0.540156 0.685647 0.195483 0.115688
0.522523 0.779182 0.543709 0.427210 0.906703 0.398444 -0.057708 0.411205 0.560929 0.115560 0.922556 0.618523 -0.037992 0.921538 0.252815 0.467388 0.832406 0.740741 0.097856 0.116709 0.686136 0.644183 0.134502 0.043444
0.561863 0.789728 0.592442 0.536142 0.876693 0.471730 0.111599 0.371437 0.531256 0.073379 0.966832 0.667777 0.015839 0.907033 0.246896 0.340499 0.906702 0.754438 0.175952 0.173493 0.531948 0.753752 0.194470 0.193045
0.430577 0.820296 0.574734 0.390373 0.946826 0.512989 0.052866 0.392474 0.513114 0.125636 0.898106 0.597452 0.098730 0.923302 0.216748 0.329651 0.820710 0.833078 0.070470 0.061883 0.608252 0.671006 0.235427 0.104928
0.564274 0.807912 0.606999 0.484927 0.854826 0.405405 -0.014623 0.380078 0.477532 0.164251 0.919784 0.611752 -0.028871 0.914622 0.292130 0.437777 0.920131 0.754751 0.013271 0.072883 0.572641 0.691932 0.234006 0.179040
0.614985 0.803350 0.615607 0.466198 0.969510 0.460928 0.006962 0.349221 0.585305 0.117002 0.849880 0.612271 0.016879 0.873226 0.333040 0.414784 0.900648 0.703770 0.085518 0.024721 0.513859 0.686960 0.196800 0.106965
0.514693 0.889930 0.590061 0.355539 0.858978 0.395164 0.011861 0.416115 0.446099 0.073946 0.952323 0.703845 0.036592 0.985408 0.269208 0.476294 0.829343 0.792577 0.149399 0.087692 0.555574 0.653954 0.258786 0.104855
0.608500 0.808799 0.591589 0.389272 0.963757 0.378462 -0.019028 0.415333 0.613113 0.093576 0.959106 0.672426 0.046629 0.885658 0.249873 0.514334 0.870389 0.808588 0.214780 -0.011975 0.559526 0.737663 0.227633 0.229545
0.526413 0.900742 0.626634 0.389236 0.954823 0.443405 -0.030763 0.310882 0.668822 0.110917 0.860227 0.617199 0.024276 0.989013 0.287996 0.417839 0.903414 0.768035 0.081027 0.110488 0.630426 0.662025 0.220611 0.161296
0.524512 0.786035 0.582301 0.378445 0.907852 0.396138 0.015088 0.478842 0.644776 0.077828 0.975189 0.620882 0.067762 0.847695 0.253924 0.439975 0.794402 0.832385 0.124879 0.095094 0.583981 0.647725 0.253099 0.051824
0.513252 0.840868 0.662445 0.394507 0.859335 0.498481 -0.036399 0.390156 0.554475 0.021967 0.922553 0.619194 0.072010 0.837016 0.328509 0.454769 0.946935 0.696329 0.143977 0.122167 0.505776 0.678745 0.225915 0.134007
0.521839 0.841261 0.543292 0.419203 0.957822 0.462763 0.013472 0.376614 0.584833 0.069269 1.043978 0.573223 0.034077 0.940840 0.192660 0.451812 0.845423 0.756612 0.096833 0.055051 0.704136 0.729217 0.259698 0.165853
0.465436 0.907184 0.522590 0.414828 1.038659 0.373031 0.010167 0.342927 0.484608 0.033316 0.955185 0.642921 -0.030138 0.957360 0.237028 0.324367 0.960911 0.846560 0.060752 0.050711 0.591097 0.744339 0.201642 0.155892
0.548086 0.826466 0.521757 0.399800 0.943878 0.402749 0.039667 0.420322 0.592384 0.105079 0.974887 0.612610 0.145170 0.816556 0.263397 0.462364 0.922063 0.804738 0.058417 0.034927 0.627370 0.684965 0.194695 0.113929
0.560822 0.840427 0.640073 0.332524 0.903056 0.466376 0.007185 0.346171 0.525910 0.081618 0.961407 0.655667 0.058836 0.880455 0.278354 0.378653 0.780999 0.815334 0.039204 0.054921 0.636092 0.718041 0.215930 0.092959
0.452931 0.824550 0.619418 0.417351 0.884488 0.349212 0.011047 0.281083 0.454291 0.137026 0.864340 0.499391 0.111764 0.957058 0.192714 0.400513 0.865969 0.827110 0.081212 0.078936 0.604671 0.715599 0.273558 0.084263
0.651116 0.737868 0.552428 0.433654 0.796475 0.479577 0.045546 0.378275 0.607398 0.095499 0.876054 0.619594 0.005737 0.919594 0.243856 0.478495 0.832651 0.715332 0.062109 -0.085859 0.515822 0.661296 0.264146 0.058269
0.583253 0.793673 0.607386 0.371759 0.850329 0.367530 0.046359 0.308565 0.567371 0.147180 0.955847 0.585329 0.013735 0.928550 0.279600 0.466408 0.855578 0.709702 0.171340 0.061921 0.574785 0.671223 0.280872 0.200462
0.548660 0.902734 0.453220 0.357408 0.958304 0.473657 -0.016745 0.317477 0.544402 0.034821 0.908574 0.581081 0.052863 0.808092 0.289267 0.346180 0.940018 0.743068 0.053169 0.087186 0.605031 0.723176 0.316781 0.194028
0.552282 0.889435 0.578802 0.332471 0.916487 0.438373 0.085564 0.344447 0.532372 0.064953 1.048585 0.648870 0.028233 0.858810 0.228819 0.359560 0.854358 0.863234 -0.000919 0.015790 0.575192 0.709443 0.246350 0.144815
0.552490 0.863446 0.561893 0.418562 0.961758 0.417667 0.055881 0.496743 0.504859 0.098629 0.928446 0.683492 0.077112 1.030568 0.195874 0.460574 0.839534 0.736700 0.152416 0.066579 0.533326 0.674248 0.238125 0.132355
0.565615 0.776654 0.541432 0.380081 0.957518 0.466637 0.038491 0.356536 0.538944 0.133521 0.919075 0.628373 -0.001165 0.908760 0.252285 0.422834 0.929944 0.787913 0.056671 0.035357 0.558917 0.742089 0.202088 0.198290
0.533862 0.918338 0.548702 0.436679 0.916459 0.374778 -0.028118 0.352287 0.604031 0.068629 0.961987 0.658138 0.007308 0.854881 0.233260 0.457680 0.868141 0.767280 0.097982 0.112712 0.530718 0.766395 0.274555 -0.004877
0.578387 0.842074 0.562642 0.418949 0.889494 0.460199 0.045845 0.349755 0.614345 0.159770 0.915378 0.585119 0.090438 0.828488 0.202810 0.404772 0.884709 0.817360 0.121444 0.013120 0.630619 0.648905 0.124697 0.058404
0.541249 0.859125 0.561648 0.440201 0.888003 0.509215 0.028670 0.478601 0.526407 0.108361 0.901023 0.689925 -0.010732 0.918235 0.229235 0.441384 0.796052 0.786022 0.145353 0.075441 0.529360 0.624246 0.201327 0.167743
0.644243 0.819782 0.527252 0.441522 0.876593 0.407652 0.023200 0.352624 0.564778 -0.007998 1.007706 0.687905 0.072203 0.920522 0.228887 0.454472 0.845850 0.790606 0.075228 0.056369 0.488585 0.707316 0.300365 0.068367
0.586536 0.874720 0.570901 0.420636 0.936580 0.497493 0.059998 0.434582 0.531859 0.099052 0.968927 0.542205 0.016301 0.790840 0.272386 0.322379 0.830574 0.695294 0.109812 0.139430 0.611670 0.667855 0.207450 0.089576
0.518333 0.839137 0.638042 0.416594 0.956568 0.541522 -0.006855 0.471951 0.588735 0.089851 0.923350 0.639600 0.019143 0.889528 0.194263 0.418544 0.904005 0.699375 0.159770 0.081340 0.621173 0.670941 0.265850 0.161983
0.566230 0.848341 0.638292 0.401308 0.844582 0.436616 0.023592 0.405990 0.594972 -0.019065 0.927589 0.598880 -0.063991 0.888497 0.195706 0.374369 0.989124 0.787921 0.063009 0.110595 0.576068 0.617317 0.309894 0.210087
0.591224 0.823071 0.632649 0.379351 0.925567 0.503636 -0.025889 0.388480 0.500245 0.061123 0.913670 0.675601 0.111149 0.877944 0.214978 0.559824 0.882849 0.777587 0.049950 -0.030458 0.615516 0.623433 0.228119 0.167327
0.538583 0.874006 0.536625 0.407289 0.947923 0.543622 -0.052998 0.419501 0.684937 0.051532 0.981652 0.644982 0.038053 0.902238 0.261457 0.410629 0.785310 0.870113 0.061408 0.088445 0.687519 0.693711 0.199265 0.207158
0.505495 0.925247 0.499732 0.349151 0.819636 0.405706 0.006235 0.276985 0.644626 0.079105 0.957434 0.517328 0.078554 0.850224 0.285713 0.447441 0.908992 0.819936 0.089261 0.057290 0.587982 0.555941 0.270385 0.077909
0.512642 0.798345 0.575001 0.406695 0.885522 0.451358 0.070673 0.357589 0.598052 0.024817 0.906134 0.556282 -0.053177 0.887047 0.180213 0.512125 0.851492 0.788112 0.225071 0.069384 0.563571 0.745361 0.288173 0.112078
0.500876 0.894271 0.534975 0.414332 0.952480 0.378659 0.014779 0.363937 0.494999 0.086084 0.977149 0.704787 0.089381 0.939844 0.260860 0.556951 0.919683 0.752244 0.134251 0.057840 0.605983 0.676578 0.172512 0.138464
0.524073 0.818513 0.551961 0.409730 0.873193 0.457577 -0.016125 0.360854 0.545590 0.078180 0.990877 0.663872 0.079084 0.892817 0.316090 0.393107 0.934793 0.808138 0.140413 0.069412 0.485855 0.680559 0.189882 0.197533
0.555623 0.829814 0.639173 0.415330 0.977523 0.382670 -0.003688 0.303716 0.499655 0.094858 0.917100 0.665839 0.054762 0.903090 0.241647 0.515766 0.871335 0.836117 0.065410 0.078765 0.596304 0.565761 0.221928 0.087499
0.487332 0.797094 0.573322 0.352144 0.986774 0.503964 0.019333 0.403888 0.434442 0.198308 0.908921 0.487746 -0.009801 0.856080 0.192079 0.278869 0.880529 0.760269 -0.000767 0.050023 0.612634 0.661791 0.176318 0.166723
0.520261 0.823148 0.589032 0.430752 0.885676 0.514042 0.003723 0.356646 0.582495 0.011765 0.922872 0.500895 0.065008 0.853273 0.156984 0.383879 0.835217 0.833960 0.117197 0.047248 0.642188 0.649939 0.221423 0.116410
0.547857 0.868132 0.474575 0.435488 0.949878 0.487474 0.002801 0.450204 0.503644 0.121482 0.866439 0.586860 0.033837 0.912551 0.288111 0.425501 0.832001 0.764497 0.124315 0.140699 0.606048 0.670390 0.206788 0.220822
0.601729 0.842113 0.615028 0.380398 0.896045 0.443813 0.089729 0.376110 0.649571 0.060184 0.894078 0.654665 0.013819 0.951410 0.336484 0.429923 0.794069 0.771880 0.089536 -0.047635 0.610132 0.625520 0.235799 0.194573
0.566133 0.873091 0.544081 0.470826 0.930640 0.521412 0.016042 0.426420 0.501441 0.114194 0.960492 0.644791 0.029865 0.850819 0.150089 0.471976 0.796967 0.813000 0.103128 0.067578 0.643759 0.685018 0.237289 0.154844
0.537776 0.856537 0.559807 0.490739 0.947062 0.412488 0.103001 0.391849 0.700154 0.074393 0.952051 0.587349 -0.004765 0.821518 0.262747 0.447647 0.916701 0.747147 0.175497 0.129538 0.594874 0.703058 0.221173 0.142637
0.545258 0.839664 0.649497 0.373030 0.918721 0.428162 0.002319 0.448076 0.651727 0.041907 1.021962 0.677535 0.002796 0.868142 0.217197 0.478310 0.874905 0.794800 0.142004 -0.026959 0.535347 0.745992 0.188842 0.205287
0.599499 0.831250 0.675408 0.452942 0.933408 0.432606 0.068135 0.431790 0.539093 0.092471 0.908788 0.697324 0.052281 0.827152 0.267696 0.415532 0.809361 0.803574 0.152115 0.090393 0.620639 0.612727 0.201007 0.120108
0.594757 0.845327 0.608795 0.460162 0.892623 0.423391 0.015598 0.354024 0.542627 0.078209 0.963611 0.632539 0.052140 0.825166 0.266900 0.378633 0.773003 0.715689 0.031698 0.043618 0.589683 0.651056 0.236301 0.206163
0.633071 0.842891 0.539123 0.462851 1.017643 0.469405 0.024755 0.300971 0.527725 0.053559 0.903416 0.621360 0.063682 0.818075 0.273762 0.392717 0.715163 0.800702 0.100031 -0.042664 0.543485 0.651431 0.304130 0.124055
0.482328 0.791450 0.606604 0.422085 0.971327 0.431662 0.063362 0.354873 0.576819 0.209814 1.006686 0.605965 0.062491 0.863265 0.274633 0.491837 0.833163 0.792522 0.236758 -0.057348 0.667570 0.611099 0.186987 0.135672
0.525097 0.815662 0.546634 0.331658 0.913581 0.509101 0.027572 0.310943 0.510207 0.063810 0.968182 0.671210 0.021240 0.899172 0.176122 0.412344 0.795043 0.763458 0.071964 0.072804 0.581187 0.679778 0.243014 0.193257
0.521728 0.803566 0.524573 0.400221 0.919209 0.493530 0.061116 0.374463 0.512406 0.065513 0.943733 0.597995 0.051332 0.988239 0.232468 0.463244 0.830797 0.835470 0.132003 0.112971 0.571050 0.617859 0.224500 0.131288
0.567294 0.873576 0.598784 0.529639 0.921204 0.478446 0.087806 0.475976 0.519821 0.188640 0.927673 0.648044 0.050901 0.961076 0.295048 0.457800 0.890092 0.826078 0.143569 0.089298 0.652348 0.559994 0.220606 0.180837
0.504320 0.763343 0.594735 0.407607 0.989745 0.414688 -0.046306 0.419547 0.510649 0.041867 0.897337 0.606297 -0.039814 0.817152 0.316169 0.378271 0.795786 0.774547 0.135519 0.096155 0.534020 0.701707 0.154039 0.162995
0.542973 0.851729 0.550667 0.387825 0.969433 0.405706 0.002142 0.448716 0.583746 0.024645 1.016371 0.589831 0.031145 0.931855 0.311221 0.472364 0.884048 0.789304 0.182386 0.033465 0.666338 0.656822 0.151823 0.201786
0.532170 0.877992 0.646432 0.467274 0.893203 0.388526 -0.005881 0.366171 0.587627 0.067883 0.957918 0.606508 0.052374 0.883558 0.286224 0.439591 0.868539 0.811705 0.108563 0.060037 0.596152 0.636016 0.157073 0.065922
0.651588 0.750419 0.698492 0.434857 0.921060 0.527449 0.053347 0.340194 0.548298 0.145047 0.832964 0.656775 -0.020533 0.849075 0.311846 0.348247 0.797830 0.807276 0.115151 0.047207 0.621674 0.729341 0.300980 0.138865
0.625714 0.919176 0.630804 0.488769 0.854240 0.487967 0.058551 0.333019 0.577642 0.088551 0.911026 0.663682 0.038930 0.889274 0.261927 0.379219 0.731458 0.859623 0.124407 0.013885 0.653572 0.689535 0.249460 0.128434
0.502042 0.864887 0.647029 0.361852 0.917230 0.453647 0.036422 0.401892 0.571925 0.112852 1.011886 0.561945 -0.012184 0.874224 0.289581 0.508377 0.940033 0.758009 0.080615 0.094088 0.575831 0.753451 0.265420 0.075016
0.623274 0.844977 0.618939 0.435938 0.882288 0.372896 -0.000793 0.444533 0.683083 0.057854 1.001444 0.555270 0.063343 0.789445 0.226850 0.383281 0.892362 0.793019 0.107188 0.081266 0.573950 0.643597 0.214355 0.167276
0.452661 0.865779 0.493508 0.403150 0.898565 0.422836 0.017526 0.345463 0.583148 0.127548 1.007316 0.597427 0.070454 0.885582 0.271498 0.507198 0.857654 0.753347 0.086627 0.034441 0.516949 0.706555 0.164553 0.214190
0.558127 0.816300 0.605229 0.495973 0.938199 0.475987 -0.042858 0.317045 0.570595 0.100241 0.995472 0.722900 -0.046670 0.885009 0.275160 0.369004 0.811610 0.835017 0.127723 0.157084 0.529701 0.712610 0.234513 0.224898
0.541400 0.819581 0.678731 0.375421 0.927005 0.448201 -0.033947 0.364261 0.488503 0.127945 0.897554 0.640541 0.053001 0.794007 0.354110 0.436740 0.877672 0.739686 0.044591 -0.032417 0.528436 0.659471 0.266138 0.114820
0.511007 0.843140 0.573555 0.451353 0.952552 0.433989 0.008760 0.380249 0.603565 0.186324 1.071067 0.529542 0.004533 0.887571 0.296478 0.447274 0.819794 0.824088 0.091303 0.005010 0.523165 0.646471 0.249631 0.106187
0.428937 0.894211 0.599691 0.401195 0.985176 0.384255 0.046896 0.351975 0.601870 0.075071 0.842146 0.626818 0.203556 0.802062 0.264209 0.489949 0.882229 0.774423 0.084008 0.070864 0.500595 0.651018 0.285400 0.193551
0.534526 0.764033 0.465460 0.383185 0.954550 0.419803 -0.047995 0.290172 0.528042 0.168957 1.029401 0.602132 0.109149 0.879704 0.229129 0.497138 0.818063 0.818319 0.120244 0.092215 0.522400 0.596796 0.241385 0.142113
0.528528 0.821589 0.638088 0.368905 0.880830 0.368390 0.046816 0.354730 0.585631 0.064501 1.055320 0.526607 -0.063872 0.877902 0.204124 0.419172 0.843860 0.711372 0.109921 0.046647 0.551373 0.674874 0.286506 0.149920
0.556643 0.820938 0.564400 0.498674 0.891196 0.472484 0.002454 0.471456 0.464018 0.075751 0.887134 0.686939 0.039579 0.858576 0.171695 0.505587 0.916055 0.684650 0.149507 -0.005246 0.511037 0.685339 0.125459 0.053344
0.528686 0.820488 0.530488 0.408330 0.925668 0.420422 -0.043786 0.314421 0.508438 0.101715 0.946683 0.602184 0.032877 0.949523 0.261514 0.374593 0.783017 0.740322 0.089177 0.007301 0.514847 0.693684 0.228816 0.156388
0.543979 0.824461 0.629878 0.480950 0.885099 0.453201 0.104806 0.459559 0.570677 0.066026 0.894956 0.573786 0.043778 0.888459 0.276830 0.342679 0.920885 0.832303 0.144949 0.024638 0.604000 0.612685 0.228192 0.086272
0.569635 0.701871 0.541944 0.367821 1.001735 0.403002 0.062542 0.405344 0.469455 0.085164 0.984587 0.560950 0.045726 0.894737 0.266688 0.401017 0.828705 0.823661 0.173480 0.052014 0.576063 0.737453 0.223778 0.175557
0.525763 0.882979 0.620344 0.401517 0.855123 0.414614 -0.124814 0.436985 0.595495 0.009387 0.960796 0.678141 0.049262 0.953138 0.285629 0.429780 0.862105 0.777437 0.147336 0.089000 0.630424 0.713252 0.260910 0.037801
0.543770 0.735911 0.513613 0.355972 0.923320 0.450968 0.021407 0.333581 0.592838 0.031178 0.953705 0.625668 0.043192 0.847814 0.191576 0.423543 0.930354 0.751497 0.054337 0.029837 0.524266 0.715887 0.195823 0.118339
0.562524 0.825111 0.501978 0.367932 0.936863 0.422531 0.069127 0.317907 0.469297 0.027590 0.928429 0.661126 0.058118 0.874925 0.323281 0.492554 0.905111 0.794956 0.107000 0.055570 0.628348 0.640092 0.237257 0.108914
0.593122 0.840705 0.486361 0.405449 0.978590 0.397321 0.026630 0.313300 0.520996 0.075303 0.905982 0.610807 0.027911 0.871569 0.281793 0.413339 0.830484 0.795360 0.048272 0.002205 0.638993 0.697402 0.199532 0.143266
0.408488 0.777889 0.601827 0.369188 0.890925 0.496657 -0.026457 0.495731 0.539201 0.094235 0.979647 0.627260 0.067054 0.820050 0.273853 0.435180 0.858052 0.777425 0.109531 0.051718 0.567137 0.597995 0.246414 0.083674
0.514494 0.864822 0.511817 0.367039 0.872498 0.393834 -0.037936 0.357872 0.574484 0.126840 1.000128 0.598120 0.014700 0.834540 0.313529 0.326041 0.874692 0.863958 0.175118 0.063669 0.547595 0.610370 0.235488 0.179450
0.577095 0.853932 0.679864 0.285213 0.889709 0.416857 0.041996 0.352840 0.486980 0.078178 0.973414 0.593392 0.119880 0.817406 0.225369 0.369796 0.793322 0.830189 0.163417 0.057431 0.546531 0.693887 0.253647 0.181784
0.607387 0.778129 0.578889 0.359998 0.953602 0.413591 0.037461 0.397799 0.566174 0.100022 0.938758 0.618554 0.057729 0.901611 0.260226 0.458574 0.911076 0.842123 0.121083 0.035382 0.670204 0.724852 0.303933 0.151031
0.499063 0.878215 0.531087 0.365224 0.936212 0.516616 -0.031006 0.415306 0.598428 0.071691 0.913104 0.560975 0.103206 0.956772 0.261190 0.396372 0.835528 0.825447 0.072940 0.088234 0.588210 0.642836 0.212820 0.074761
0.430747 0.748853 0.629541 0.421425 1.002372 0.497194 0.032122 0.288424 0.603234 0.155980 0.924806 0.633681 -0.079136 0.860247 0.248121 0.410613 0.868833 0.768427 0.108912 0.035790 0.551506 0.756118 0.303660 0.077113
0.600063 0.768871 0.577547 0.307841 0.943399 0.454324 -0.075175 0.372282 0.493144 0.146564 0.874196 0.640159 0.047786 0.900235 0.283103 0.456677 0.833033 0.806677 0.088051 0.042446 0.578056 0.665485 0.252753 0.125469
0.466191 0.796598 0.528969 0.422716 0.922012 0.448415 0.029560 0.368874 0.589973 0.077367 0.944106 0.554498 0.014057 0.893482 0.169491 0.433004 0.918016 0.722837 0.074216 0.072347 0.611830 0.655298 0.354819 0.087417
0.544823 0.749310 0.604720 0.334735 0.979468 0.437880 -0.009287 0.386234 0.518347 0.039723 0.882742 0.620619 -0.035351 0.793135 0.137341 0.380142 0.833043 0.789562 0.087718 0.018177 0.461572 0.740160 0.230815 0.168700
0.569489 0.774605 0.522809 0.374137 0.896513 0.372788 0.028656 0.380992 0.611283 0.081401 0.901919 0.635913 0.067626 0.928027 0.237407 0.405625 0.836079 0.788263 0.075509 0.021146 0.500580 0.629348 0.235258 0.155819
0.525874 0.821920 0.598395 0.306782 0.916631 0.464837 0.050729 0.285924 0.534652 0.065277 0.950528 0.584739 0.046236 0.917889 0.151684 0.455485 0.797243 0.821951 0.142160 0.052468 0.608948 0.714547 0.218266 0.150207
0.558298 0.752845 0.599573 0.408435 0.960004 0.466125 -0.070347 0.457088 0.449687 0.094921 0.848581 0.533612 0.013645 0.893875 0.235363 0.452219 0.826154 0.765970 0.087943 0.031383 0.615024 0.593901 0.214765 0.193302
0.502662 0.893917 0.612622 0.356303 0.894626 0.427450 0.003007 0.341902 0.521381 -0.003640 0.911482 0.613337 0.073202 0.899306 0.187680 0.371752 0.905585 0.743807 0.027567 0.095637 0.590150 0.707690 0.310519 0.123192
0.517674 0.874358 0.498604 0.354611 0.882255 0.442842 -0.050874 0.417023 0.548897 0.096265 0.949551 0.647896 -0.036330 0.862438 0.287783 0.426422 0.849827 0.863881 0.110818 0.067211 0.636281 0.771791 0.243365 0.115427
0.557026 0.877169 0.635529 0.370654 0.979025 0.493120 0.097492 0.355082 0.614660 0.080978 0.894478 0.543758 0.043481 0.937967 0.191300 0.350900 0.890634 0.774943 0.153860 0.056829 0.579960 0.720733 0.277876 0.172023
0.441555 0.812018 0.576775 0.349777 0.991793 0.437666 0.000863 0.327390 0.517215 0.085531 1.024642 0.578873 0.123040 0.915659 0.241449 0.462115 0.930722 0.754457 0.164839 0.035080 0.600154 0.712952 0.176992 0.073170
0.532495 0.857779 0.598695 0.343780 0.928946 0.499666 0.007259 0.400155 0.508406 0.118313 0.889394 0.684653 0.032748 0.870375 0.384821 0.406128 0.837822 0.766854 0.058617 -0.003907 0.589579 0.700181 0.284879 0.145302
0.547274 0.795807 0.662652 0.319311 0.913796 0.497355 0.027475 0.355797 0.583225 0.124209 0.976767 0.580512 0.074408 0.723903 0.223287 0.428596 0.848800 0.798857 0.125018 -0.051191 0.545513 0.657296 0.234626 0.150576
0.500079 0.844161 0.604355 0.363780 0.974523 0.463035 0.063706 0.436031 0.513319 0.024336 0.885907 0.688886 0.024785 0.882806 0.186485 0.432719 0.882186 0.767252 0.100848 0.012377 0.526418 0.741721 0.288647 0.210240
0.534915 0.871265 0.509846 0.390340 0.935360 0.446774 0.067855 0.389688 0.527756 0.098857 0.912867 0.621250 0.077099 0.896919 0.228790 0.444900 0.897868 0.821890 0.217555 -0.017452 0.627331 0.753530 0.137485 0.169107
0.600595 0.905433 0.630881 0.456050 0.889016 0.449545 0.061359 0.553889 0.558525 0.026210 0.951634 0.618917 0.075392 0.952966 0.192290 0.434266 0.871188 0.862168 0.116294 0.008655 0.571602 0.717637 0.241180 0.141637
0.478217 0.815463 0.575771 0.481911 0.856407 0.429373 -0.026121 0.439354 0.483040 0.112247 0.916302 0.585279 0.069445 0.932613 0.219464 0.455872 0.864148 0.773442 0.171503 0.048767 0.586294 0.684495 0.244362 0.195137
0.547105 0.806723 0.649907 0.328728 0.981660 0.475951 -0.028364 0.470111 0.569932 0.125243 0.898247 0.693791 0.038782 0.877832 0.161901 0.381089 0.881949 0.732538 0.137846 0.012034 0.585386 0.727332 0.212727 0.040747
0.478204 0.964522 0.613166 0.388891 0.951561 0.348876 0.038982 0.462788 0.544897 0.118298 0.978256 0.730784 0.098678 0.902634 0.293536 0.512411 0.908331 0.806493 0.184412 -0.057141 0.636194 0.744774 0.237228 0.146100
0.513152 0.825983 0.641436 0.483655 0.965545 0.440215 0.018313 0.365731 0.508721 0.076172 0.987389 0.599264 0.026922 0.829844 0.311314 0.499713 0.918960 0.801199 0.182086 0.055848 0.530123 0.713918 0.269971 0.104512
0.545954 0.861197 0.646198 0.371810 0.870903 0.444819 0.035630 0.381616 0.564315 0.045135 0.990215 0.645991 0.007331 0.800290 0.267514 0.435338 0.896212 0.824843 0.104541 0.155007 0.674713 0.651371 0.214274 0.099544
0.540355 0.883047 0.648984 0.301215 0.825743 0.452534 0.025986 0.329354 0.630267 0.105737 0.933224 0.705926 0.112044 0.924346 0.172689 0.542391 0.788609 0.754506 0.021517 0.066250 0.522710 0.724416 0.307105 0.115477
0.514025 0.762966 0.504160 0.444483 0.918857 0.421311 -0.007577 0.448011 0.624581 0.058227 0.993296 0.634390 0.070764 0.864281 0.227759 0.435477 0.855567 0.817801 0.131161 0.063636 0.485816 0.759980 0.322813 0.207845
0.560647 0.847971 0.539349 0.353180 0.978035 0.414984 0.051929 0.391137 0.586446 0.078888 0.932612 0.606483 0.029664 0.814972 0.311489 0.493441 0.907303 0.817296 0.153599 -0.041739 0.624338 0.730364 0.253808 0.181931
0.546494 0.766146 0.527767 0.370372 0.916328 0.431526 -0.009988 0.372227 0.546082 0.056421 0.926753 0.590459 0.000951 0.950672 0.190537 0.431978 0.933176 0.836990 0.158346 0.126648 0.531254 0.642044 0.230775 0.088158
0.518713 0.827738 0.524310 0.333952 0.949687 0.445383 -0.002058 0.480253 0.546140 0.120261 0.973145 0.565742 -0.041852 0.907901 0.305104 0.436348 0.835376 0.697034 0.005029 0.108630 0.622223 0.606944 0.304197 0.112534
0.568730 0.857871 0.656533 0.374536 0.979911 0.473443 0.075815 0.322897 0.564376 0.067208 0.934314 0.481363 0.044204 0.882044 0.250433 0.389732 0.943028 0.753925 0.130440 0.086344 0.585583 0.545581 0.268748 0.144968
0.512125 0.864016 0.537372 0.457702 0.909682 0.521529 0.023035 0.264691 0.474315 0.111051 0.876146 0.537609 0.091531 0.890092 0.205238 0.457239 0.873901 0.771342 0.040612 0.016172 0.618000 0.700497 0.271177 0.067790
0.548926 0.770946 0.525259 0.339110 0.949102 0.420520 -0.017053 0.461911 0.592071 0.159727 0.969499 0.605679 0.056615 0.820361 0.111072 0.443791 0.871497 0.795169 0.137119 -0.030093 0.559244 0.642351 0.210630 0.151868
0.496080 0.823218 0.562000 0.435612 0.917268 0.457502 0.067933 0.405531 0.528932 0.046151 0.946528 0.612592 0.011136 0.865016 0.338744 0.511606 0.989936 0.773668 0.163144 0.096459 0.519836 0.604368 0.313288 0.200078
0.534702 0.828148 0.575810 0.527190 0.870065 0.480250 -0.036030 0.425895 0.487598 0.003197 0.846461 0.565430 0.052757 0.860224 0.266698 0.379412 0.874019 0.716778 0.129525 0.025755 0.566406 0.647569 0.142627 0.097989
0.499049 0.908053 0.564706 0.478614 0.920381 0.408290 -0.016137 0.402950 0.598369 0.167762 0.904531 0.594822 0.033149 0.907038 0.296186 0.465747 0.857149 0.764048 0.057228 0.020871 0.569061 0.708372 0.283761 0.164391
0.451225 0.833247 0.667248 0.436441 0.875638 0.451178 0.048540 0.435360 0.592122 0.055129 1.011955 0.628478 0.060140 0.849727 0.290414 0.379665 0.915204 0.829516 0.184120 0.115750 0.613412 0.775326 0.243609 0.141492
0.626774 0.888272 0.560628 0.399985 0.841505 0.461786 0.074478 0.337019 0.593025 0.113255 0.924509 0.626145 0.058035 0.902663 0.236649 0.407354 0.830949 0.754404 0.073343 0.052558 0.576814 0.724577 0.292554 0.151971
0.576619 0.780409 0.578325 0.451325 0.854258 0.392049 0.041284 0.379907 0.544445 0.132332 0.874147 0.671530 0.089305 0.932538 0.110981 0.416458 0.889047 0.702090 0.104963 0.094440 0.569541 0.700059 0.248586 0.029884
0.527206 0.846194 0.512818 0.424062 0.943989 0.438908 0.031398 0.323093 0.499593 0.114937 0.991432 0.553740 -0.030430 0.907655 0.269242 0.362018 0.872641 0.778281 0.122027 0.065212 0.634523 0.577486 0.332536 0.059036
0.517443 0.868629 0.655747 0.339584 0.940856 0.420715 -0.053706 0.422950 0.562231 0.060074 0.943898 0.620584 0.029156 0.861609 0.259908 0.423187 0.827209 0.752751 0.001649 0.023832 0.598723 0.749242 0.325847 0.153102
0.582074 0.736358 0.546661 0.276839 0.835373 0.578454 0.011652 0.448922 0.584035 0.083413 0.922379 0.698417 -0.052131 0.897978 0.280748 0.458658 0.862452 0.776206 0.083570 -0.007709 0.513101 0.691318 0.197681 0.136533
0.600460 0.823236 0.548624 0.491168 0.980574 0.356913 -0.076616 0.428579 0.583261 -0.030579 1.045402 0.641433 0.032469 0.816436 0.213782 0.405673 0.864106 0.737582 0.045772 0.139377 0.520454 0.715588 0.234167 0.058861
0.519213 0.793373 0.581695 0.385183 0.955240 0.467155 -0.074585 0.285464 0.570989 0.041982 0.899479 0.626397 0.075209 0.872604 0.165018 0.381071 0.858065 0.707085 0.112129 0.069116 0.543495 0.701438 0.255063 0.185960
0.474246 0.830068 0.588558 0.311191 0.899993 0.471356 0.035183 0.405060 0.459034 0.082805 0.902704 0.663710 0.046644 0.864451 0.314125 0.444129 0.899615 0.793673 0.144244 0.026381 0.566290 0.687295 0.222925 0.102865
0.485572 0.857782 0.587324 0.430891 0.936854 0.484768 0.034772 0.392007 0.500594 0.129821 0.883632 0.613596 0.107541 0.888949 0.218901 0.455969 0.867169 0.824158 -0.074322 0.059595 0.569010 0.718373 0.338629 0.076712
0.565431 0.767990 0.597666 0.477639 0.894366 0.422742 0.011041 0.365355 0.578371 0.146344 0.854179 0.659639 0.018468 0.829067 0.135297 0.475075 0.791650 0.961912 0.110038 0.085864 0.566904 0.710321 0.287090 0.190165
0.583332 0.811018 0.534540 0.389927 1.006793 0.332138 0.076370 0.313447 0.569458 0.111107 0.950754 0.660622 0.104509 0.841903 0.244627 0.497014 0.851140 0.735542 0.106419 0.016472 0.679032 0.701843 0.286350 0.068855
0.608879 0.919225 0.528154 0.380899 0.915626 0.435816 0.036541 0.399042 0.512669 0.125095 0.927093 0.626503 0.036971 0.893273 0.255065 0.377210 0.927115 0.752167 0.108737 0.078486 0.593480 0.775644 0.239623 0.125135
0.535566 0.902206 0.625701 0.396431 0.923527 0.455717 0.025128 0.371878 0.571147 0.092359 1.012252 0.605382 0.009737 0.874963 0.278084 0.460901 0.859725 0.791983 0.213790 0.052546 0.482563 0.692694 0.267258 0.084713
0.619553 0.903573 0.616720 0.399597 0.931934 0.479791 -0.045825 0.389820 0.596623 0.055614 0.956929 0.667229 0.011193 0.931029 0.229956 0.397194 0.859993 0.801678 0.162022 0.072213 0.600900 0.584392 0.272548 0.198148
0.587749 0.928977 0.572823 0.515387 0.937194 0.397427 -0.016123 0.310085 0.536398 0.072552 1.053890 0.646783 0.023493 0.875311 0.263529 0.422522 0.777340 0.722195 0.083621 0.089167 0.594974 0.718984 0.265348 0.237543
0.564782 0.916810 0.637943 0.446528 0.815439 0.464571 0.015375 0.438814 0.596381 0.058586 0.945718 0.691107 0.013702 0.883752 0.204424 0.349092 0.888425 0.738027 0.029225 0.044624 0.630162 0.710761 0.179081 0.176864
0.587161 0.892002 0.577872 0.460660 0.882967 0.447497 -0.009807 0.337487 0.589827 0.090979 0.932808 0.646266 0.073439 0.909781 0.208560 0.404281 0.888266 0.728822 0.124012 0.072008 0.557382 0.644285 0.372629 0.147468
0.554226 0.760119 0.647458 0.408633 0.883880 0.465370 0.012219 0.392293 0.530227 0.078708 0.913306 0.658031 0.030359 0.928506 0.219945 0.296095 0.870654 0.798937 0.043225 0.030629 0.559351 0.691190 0.269440 0.211538
0.557522 0.910543 0.594963 0.363548 0.887416 0.430277 -0.002441 0.358232 0.637285 0.145874 0.914338 0.599414 0.045511 0.994122 0.217267 0.427778 0.875794 0.781092 0.158368 0.037004 0.576309 0.788339 0.323608 0.160435
0.573749 0.848360 0.556824 0.386855 0.901398 0.485417 0.054885 0.301825 0.481425 0.123287 0.995765 0.634384 0.011236 1.029844 0.232566 0.371176 0.862191 0.806711 0.115927 0.006262 0.563951 0.686522 0.301399 0.106934
0.475502 0.831453 0.539176 0.394402 0.786196 0.478031 0.113548 0.323720 0.470305 0.229940 1.042277 0.542238 0.102100 0.942457 0.201874 0.375453 0.852903 0.778529 0.234830 0.052443 0.606035 0.683058 0.280744 0.162612
0.399767 0.811872 0.563976 0.355211 0.955303 0.464479 -0.055006 0.374391 0.565293 0.096032 0.915044 0.665117 0.000372 0.897562 0.185998 0.431760 0.883602 0.764846 0.091750 0.015408 0.546203 0.610963 0.198505 0.221302
0.524881 0.805726 0.552224 0.395837 0.953360 0.470704 -0.035843 0.381710 0.626394 0.041917 0.910902 0.574387 0.046321 0.885156 0.240442 0.463852 0.870492 0.830102 0.041294 0.008557 0.517556 0.657305 0.189206 0.254058
0.512959 0.887796 0.518775 0.379736 0.953343 0.484993 0.048493 0.314982 0.609709 0.204190 0.952325 0.671553 0.067182 0.866456 0.260217 0.379134 0.821041 0.779670 -0.009280 -0.005735 0.525817 0.648767 0.128231 0.179986
0.482628 0.848287 0.629810 0.412481 0.932042 0.516903 -0.020866 0.398342 0.555207 0.001826 0.921603 0.654855 0.061540 0.880536 0.309114 0.407466 0.831206 0.808314 0.134642 0.071215 0.526747 0.698978 0.206038 0.035472
0.492545 0.810157 0.606534 0.449602 0.874340 0.395411 0.136911 0.397262 0.536916 0.144575 0.884982 0.498143 -0.021670 0.860625 0.208847 0.462707 0.803139 0.841094 0.172157 0.081739 0.583472 0.601211 0.227683 0.144737
0.609128 0.770949 0.598021 0.442073 0.956501 0.516626 0.044933 0.330410 0.584206 0.148690 0.927693 0.630156 -0.039384 0.913021 0.194544 0.417855 0.785552 0.837134 0.100235 0.078082 0.487075 0.679214 0.140074 0.171498
0.581274 0.787166 0.502889 0.398621 0.921991 0.441772 0.025449 0.401117 0.465373 0.138015 0.828286 0.581845 0.045196 0.843098 0.254921 0.418083 0.809066 0.767309 0.100547 0.021929 0.555319 0.641785 0.190463 0.220656
0.512576 0.866666 0.543777 0.348443 0.942821 0.411055 0.027156 0.489083 0.617668 0.099835 0.965679 0.570512 0.061839 0.886387 0.301387 0.434278 0.842616 0.799835 0.135024 0.065336 0.640966 0.658697 0.260894 0.180895
0.578609 0.807082 0.640166 0.403614 0.959347 0.479212 0.107118 0.288617 0.510644 0.042861 0.931539 0.573814 -0.108229 0.929168 0.261891 0.524520 0.781072 0.774529 0.149413 0.049257 0.536116 0.665009 0.269715 0.199571
0.528750 0.784865 0.571388 0.328119 0.935827 0.435676 0.047872 0.311494 0.517163 0.091797 0.913453 0.606501 0.032003 0.890280 0.305176 0.363537 0.842771 0.784711 0.158430 0.117370 0.613257 0.626854 0.174414 0.181604
0.558950 0.753688 0.534546 0.378220 0.907004 0.399111 -0.021367 0.413182 0.614586 0.056165 0.978421 0.529527 0.012732 0.856034 0.214794 0.412868 0.864259 0.810836 0.048457 -0.036726 0.630371 0.778033 0.229389 0.145544
0.538829 0.851414 0.588961 0.410373 0.935678 0.463583 0.104386 0.415188 0.557052 0.115460 0.866153 0.595934 0.063686 0.889725 0.258949 0.396483 0.885213 0.788302 0.145104 0.000641 0.568145 0.751399 0.253769 0.265039
0.243226 0.716783 0.159967 0.912011 0.535788 0.506473 0.104348 0.208077 0.299032 0.087058 0.517103 0.715207 0.043221 0.250038 0.120399 0.838922 -0.008228 0.523168 0.842497 0.040170 0.237038 0.537337 0.121692 0.141266
0.234270 0.748082 0.237961 0.906994 0.548460 0.287374 0.157774 0.158124 0.285572 0.064603 0.480682 0.739020 0.036528 0.272178 0.159129 0.742370 -0.082724 0.510000 0.867936 0.017379 0.176373 0.640175 0.047983 0.274104
0.140658 0.733953 0.255573 0.870608 0.571890 0.397073 0.122052 0.258890 0.335074 0.115116 0.547815 0.657709 -0.010659 0.331246 0.095239 0.674963 0.009480 0.562794 0.858001 0.056641 0.185143 0.582557 0.153728 0.214173
0.191134 0.729566 0.225377 0.895765 0.522765 0.381525 0.171709 0.216745 0.258510 0.101399 0.547697 0.670665 -0.117698 0.410890 0.061869 0.748179 0.082885 0.407871 0.947593 0.087004 0.288760 0.535164 0.063606 0.293630
0.219829 0.771144 0.288104 0.918626 0.514371 0.371836 0.133659 0.193707 0.378193 0.103273 0.523971 0.627255 0.027217 0.368461 0.147459 0.666365 -0.027489 0.491264 0.845955 0.074026 0.283950 0.608526 0.075401 0.215436
0.101682 0.779539 0.218044 0.924232 0.614143 0.371095 0.192121 0.291098 0.348691 0.145347 0.470533 0.803810 -0.053899 0.254522 0.089035 0.685985 -0.005970 0.431918 0.907693 0.022612 0.189940 0.573863 0.023095 0.210408
0.124241 0.790512 0.262342 0.823940 0.529205 0.462701 0.141530 0.212676 0.193295 0.061691 0.528293 0.696298 0.008871 0.393188 0.087448 0.683150 0.016625 0.541387 0.795226 0.071678 0.219083 0.631739 0.114544 0.179245
0.251044 0.755056 0.227479 0.932327 0.562074 0.506255 0.100861 0.162817 0.178837 0.143704 0.431336 0.705076 -0.001656 0.357150 0.017480 0.647064 -0.026405 0.462204 0.734371 -0.001393 0.228474 0.649729 0.173323 0.214609
0.224811 0.777004 0.325201 0.854144 0.627405 0.400303 0.089212 0.247059 0.291934 0.206573 0.582934 0.734607 0.005263 0.340144 0.031224 0.733926 -0.009344 0.386758 0.878961 0.060971 0.255700 0.634551 0.037825 0.225309
0.179540 0.754049 0.248122 1.003758 0.492338 0.307325 0.100936 0.218372 0.295311 0.076424 0.427054 0.769338 -0.012122 0.236067 0.108328 0.753010 0.031743 0.483375 0.830974 0.009995 0.236014 0.566023 0.093283 0.242811
0.217267 0.701384 0.222690 0.949745 0.472441 0.388977 0.118350 0.163506 0.201157 0.078471 0.472939 0.725705 0.016729 0.274884 0.056331 0.692373 -0.030145 0.481937 0.824424 0.098462 0.301267 0.556732 0.121845 0.194300
0.127372 0.723653 0.188091 0.934781 0.650270 0.337666 0.195312 0.182186 0.280472 0.120230 0.477919 0.815969 0.014462 0.362325 0.045836 0.804693 0.057472 0.423834 0.797809 0.012101 0.305374 0.572120 0.065442 0.152220
0.098688 0.726229 0.236609 0.942029 0.536908 0.326118 0.230949 0.197395 0.302046 0.182029 0.488999 0.717081 0.034235 0.241685 0.112667 0.781637 -0.093884 0.483238 0.877297 0.014756 0.278317 0.625891 0.127540 0.219749
0.196500 0.754248 0.318435 0.948413 0.596828 0.457875 0.140035 0.284927 0.223931 0.163573 0.472080 0.679815 0.055923 0.308443 0.044649 0.745757 0.021159 0.504769 0.905049 0.029602 0.171026 0.536315 0.090633 0.261941
0.230312 0.782516 0.206840 0.923528 0.531261 0.398991 0.118406 0.324329 0.233673 0.096438 0.476786 0.652930 0.036671 0.295709 0.074402 0.767612 0.012680 0.542199 0.845548 0.059433 0.275746 0.515839 0.116880 0.178746
0.189835 0.668489 0.160154 0.952551 0.474972 0.382517 0.143780 0.195091 0.320989 0.253547 0.456691 0.733062 0.029711 0.309267 0.050203 0.694904 -0.009568 0.546287 0.895419 0.077168 0.305398 0.628481 0.111321 0.211831
0.168196 0.704872 0.201286 0.870146 0.588009 0.440103 0.163602 0.240881 0.229892 0.115855 0.608731 0.691677 0.005666 0.334070 0.104509 0.700285 0.015068 0.492198 0.816178 0.039298 0.273534 0.530756 0.234090 0.146059
0.193829 0.675223 0.297185 0.912706 0.538218 0.391378 0.049101 0.244085 0.232386 0.073580 0.484288 0.701362 0.001198 0.303000 0.144954 0.724555 -0.033760 0.430143 0.891260 0.103630 0.271572 0.603242 0.111422 0.128683
0.188265 0.741250 0.239899 0.908109 0.539324 0.416985 0.069680 0.227823 0.206467 0.098222 0.477624 0.749657 -0.042267 0.253697 -0.050254 0.707051 -0.015782 0.421753 0.841919 0.127430 0.314582 0.585940 0.136211 0.263037
0.209688 0.779819 0.282602 0.983756 0.489950 0.356317 0.128294 0.264576 0.267220 0.040766 0.564550 0.674760 0.002291 0.271682 0.108625 0.662539 0.013278 0.455105 0.875742 0.090355 0.220270 0.600861 0.118650 0.175974
0.117206 0.794450 0.259398 0.952002 0.570391 0.335704 0.233191 0.172034 0.196456 0.093001 0.530259 0.713200 0.065716 0.268101 0.116161 0.826453 0.025858 0.465483 0.907247 0.024507 0.340670 0.473321 0.149951 0.208388
0.202750 0.692382 0.206815 0.889997 0.491692 0.266973 0.129173 0.254289 0.245874 0.039205 0.411523 0.738951 -0.031656 0.300680 0.009553 0.720347 0.019920 0.546005 0.820372 -0.015245 0.306009 0.586108 0.098090 0.220421
0.118706 0.761362 0.188915 0.966730 0.613173 0.369742 0.178656 0.274515 0.253452 0.034600 0.493453 0.786521 -0.023447 0.378286 0.033414 0.671086 -0.010927 0.499098 0.875117 0.095583 0.332130 0.537348 0.161291 0.197525
0.201744 0.768896 0.246094 0.978716 0.558496 0.345436 0.138453 0.341029 0.251331 0.134419 0.546070 0.649616 -0.025855 0.249159 0.190781 0.750893 0.033057 0.529321 0.916011 0.037221 0.193376 0.547315 0.154295 0.228129
0.127462 0.832450 0.287271 0.892577 0.522992 0.425033 0.111634 0.186411 0.249074 0.109994 0.550681 0.798710 -0.002007 0.373893 0.089074 0.724629 0.023138 0.486909 0.853436 0.065179 0.191762 0.526372 0.049756 0.208357
0.104901 0.838237 0.222693 0.902265 0.561012 0.426757 0.101134 0.159237 0.218166 0.125468 0.541802 0.810212 0.010188 0.271095 0.104186 0.769410 0.018122 0.522471 0.851966 0.033368 0.280730 0.575620 0.159090 0.139188
0.255373 0.769918 0.277927 0.975503 0.463393 0.389985 0.202286 0.149913 0.299836 0.161548 0.549312 0.708924 0.008287 0.233495 0.161011 0.764993 -0.018869 0.528986 0.818553 -0.030345 0.292356 0.641135 0.179844 0.320742
0.292136 0.770781 0.281385 0.876656 0.573741 0.298636 0.205059 0.288119 0.315078 0.108027 0.614884 0.730224 -0.033177 0.316500 0.067141 0.760936 0.046808 0.566358 0.889962 0.019484 0.176902 0.540222 0.054538 0.149536
0.176011 0.753241 0.293897 0.839324 0.565033 0.408268 0.188963 0.270244 0.241341 0.085037 0.398633 0.717026 -0.052898 0.345174 0.148387 0.614221 -0.030449 0.468283 0.896130 0.022332 0.241386 0.556538 0.123449 0.237131
0.150873 0.814235 0.301634 0.902144 0.514623 0.456553 0.110957 0.206175 0.239479 0.147686 0.600063 0.672636 0.076299 0.299580 0.128431 0.827282 0.021357 0.416960 0.768547 0.096610 0.281510 0.491171 0.126317 0.126403
0.145910 0.777128 0.176714 0.870622 0.539546 0.337458 0.133106 0.342647 0.292323 0.150318 0.491539 0.685335 0.015258 0.333490 0.146018 0.685506 -0.000278 0.532190 0.923580 0.002850 0.279527 0.654131 0.116010 0.297473
0.225350 0.722825 0.234747 0.936376 0.510461 0.380969 0.120321 0.148769 0.188858 0.156284 0.520538 0.668364 0.075596 0.373703 0.151816 0.705926 0.035057 0.552620 0.816104 0.040191 0.309705 0.546965 0.019659 0.214240
0.181519 0.746638 0.278883 0.903302 0.583301 0.328425 0.037565 0.200025 0.066533 0.093532 0.545893 0.736768 0.015896 0.299790 0.112419 0.704388 0.009100 0.443448 0.850510 0.017047 0.321943 0.578204 0.130926 0.212704
0.155505 0.729352 0.217359 0.921571 0.525482 0.400737 0.157970 0.160296 0.238207 0.095833 0.511154 0.796461 0.080451 0.361095 0.070301 0.680618 0.021359 0.492641 0.903380 0.098062 0.278106 0.537143 0.144015 0.217836
0.230005 0.829015 0.305022 0.896006 0.447780 0.415727 0.075168 0.238315 0.278072 0.106718 0.529779 0.669823 0.007819 0.259601 0.017153 0.755385 -0.017958 0.499435 0.764458 0.084647 0.242733 0.483695 0.131848 0.276442
0.084228 0.800617 0.263571 0.880988 0.591537 0.362853 0.147758 0.286915 0.273973 0.099775 0.532608 0.654965 -0.018966 0.275715 0.095623 0.561492 -0.034430 0.441676 0.878557 0.051539 0.286594 0.606939 0.135380 0.168242
0.210786 0.679594 0.270217 0.869352 0.553766 0.313616 0.065361 0.261316 0.293643 0.169071 0.472058 0.753342 -0.003217 0.284132 0.132755 0.654465 0.034101 0.503374 0.944935 -0.004615 0.244199 0.586333 0.150936 0.176320
0.231145 0.728942 0.327726 0.868768 0.547156 0.307766 0.140214 0.287155 0.251166 0.147687 0.552868 0.676664 -0.042350 0.288636 0.023589 0.812121 0.028064 0.545702 0.931914 0.066743 0.220063 0.572800 0.132901 0.263892
0.112219 0.752235 0.297440 0.978848 0.481978 0.354385 0.235546 0.294985 0.221545 0.162250 0.522613 0.771393 0.020885 0.253557 0.092914 0.694336 -0.048500 0.426344 0.855891 0.068609 0.314865 0.509318 0.136842 0.141317
0.204686 0.779852 0.237857 0.953663 0.450005 0.378412 0.099147 0.260700 0.264612 0.150547 0.498816 0.758384 0.011879 0.332646 0.119964 0.655388 0.041349 0.463798 0.840391 0.045536 0.335075 0.593688 0.078910 0.193573
0.179106 0.753643 0.149431 0.852903 0.559977 0.363651 0.070376 0.209799 0.324536 0.176669 0.478975 0.707649 0.053569 0.302617 0.067625 0.732800 -0.009756 0.436254 0.884718 0.054673 0.338824 0.579143 0.176193 0.231012
0.178842 0.638294 0.212879 0.951718 0.632696 0.455963 0.117085 0.255943 0.231625 0.171680 0.483731 0.692531 0.073342 0.268997 0.064458 0.707818 0.065681 0.547031 0.785238 0.057426 0.223693 0.511319 0.048407 0.235524
0.157045 0.664117 0.272593 0.816091 0.617631 0.459652 0.086152 0.193770 0.229552 0.042458 0.554632 0.858814 0.055975 0.399153 0.093091 0.734030 -0.020554 0.461617 0.836530 0.010122 0.287320 0.489334 0.131358 0.168280
0.173935 0.830321 0.247134 0.986629 0.533382 0.350144 0.119834 0.252524 0.250934 0.151946 0.457933 0.759305 0.034073 0.364644 0.016863 0.715550 -0.050525 0.367782 0.908007 0.036197 0.327400 0.627450 0.057458 0.303505
0.178311 0.702759 0.185645 0.795892 0.459608 0.428610 0.137706 0.213723 0.267141 0.080718 0.479079 0.709672 0.073553 0.296350 0.128036 0.821245 0.041841 0.486493 0.800090 0.009455 0.204331 0.542191 0.149992 0.275308
0.198002 0.711351 0.260440 0.838002 0.528809 0.433609 0.164862 0.245392 0.225251 0.100533 0.468779 0.714048 -0.038002 0.319098 0.082204 0.656099 0.013706 0.530344 0.845337 0.101512 0.341702 0.544598 0.270243 0.261393
0.211184 0.826770 0.222670 0.967117 0.426362 0.407499 0.063968 0.246776 0.215558 0.125013 0.481341 0.719874 0.002482 0.225722 0.070954 0.640093 0.046316 0.490254 0.837557 0.063194 0.214135 0.636948 0.095854 0.335470
0.215429 0.756884 0.278975 0.903233 0.502125 0.363472 0.009405 0.214134 0.406668 0.083737 0.582413 0.752978 0.015563 0.278979 0.076402 0.717644 0.032991 0.393164 0.807655 0.061504 0.274039 0.593726 0.074766 0.192241
0.036174 0.721807 0.243629 0.973825 0.539532 0.382026 0.240832 0.201187 0.252211 0.058673 0.557207 0.638987 0.017548 0.319635 0.101889 0.765787 0.002857 0.407847 0.857110 0.134316 0.316383 0.492839 0.085033 0.170319
0.083738 0.717717 0.203690 1.026731 0.503876 0.475870 0.186489 0.133833 0.218231 0.147939 0.477611 0.786082 -0.043036 0.248528 0.060636 0.639117 0.001696 0.512960 0.903088 0.083630 0.239099 0.560952 0.096399 0.206990
0.215224 0.768863 0.194957 0.963670 0.475883 0.376482 0.126784 0.188617 0.202641 0.017805 0.533735 0.767438 -0.036837 0.335239 0.074210 0.643261 0.010769 0.437904 0.839958 0.059431 0.263546 0.515694 0.191510 0.215722
0.242635 0.808493 0.249024 0.956392 0.484640 0.459697 0.114522 0.277718 0.216260 0.167221 0.527893 0.717186 -0.041041 0.286758 0.053212 0.747301 0.031679 0.538913 0.940624 -0.000880 0.290759 0.544144 0.094583 0.219345
0.197881 0.780789 0.267800 0.994607 0.451827 0.399839 0.184854 0.360802 0.244697 0.064181 0.502909 0.770951 -0.013198 0.336005 0.137497 0.764061 0.022152 0.479636 0.856426 0.034849 0.187134 0.571185 0.151310 0.307473
0.311038 0.798958 0.271892 1.011481 0.553798 0.353078 0.066733 0.203192 0.114540 0.111553 0.443758 0.677973 0.053315 0.377856 0.072308 0.706840 0.100060 0.429836 0.803377 0.010652 0.252655 0.600909 0.150724 0.141082
0.134819 0.778395 0.262379 0.931151 0.604171 0.412020 0.092594 0.172601 0.195938 0.023043 0.432831 0.782901 0.069344 0.273436 0.063693 0.638520 -0.019076 0.491041 0.885781 -0.043925 0.298788 0.525084 0.020354 0.253121
0.090161 0.731785 0.236800 0.930653 0.544891 0.373759 0.074937 0.171994 0.221660 0.156391 0.461564 0.656249 -0.027262 0.349301 0.103568 0.644981 0.010602 0.552768 0.769896 0.021590 0.285014 0.569602 0.194750 0.167654
0.187598 0.702362 0.236213 0.888735 0.511385 0.380719 0.153157 0.296395 0.258581 0.131282 0.527499 0.662225 -0.002369 0.309720 0.118756 0.767841 -0.062431 0.503967 0.840065 0.047193 0.216370 0.573961 0.154998 0.254802
0.088365 0.742538 0.186462 0.988139 0.586404 0.382370 0.009221 0.297770 0.234465 0.126437 0.462061 0.683229 -0.012181 0.321803 0.108208 0.739868 -0.056057 0.444119 0.788805 0.073350 0.165529 0.506366 0.104296 0.213965
0.239719 0.751545 0.192307 0.900977 0.511995 0.380896 0.097996 0.216445 0.301184 0.068036 0.536199 0.794009 -0.061027 0.340699 0.135734 0.810595 0.041301 0.485064 0.907855 -0.031075 0.317013 0.547830 0.172154 0.233673
0.278100 0.759999 0.261185 0.829069 0.471695 0.325917 0.195069 0.271329 0.319977 0.122406 0.490072 0.702671 0.012542 0.245800 0.103728 0.621176 0.048019 0.429818 0.878332 0.087656 0.218902 0.591491 0.165018 0.139416
0.225453 0.650256 0.287967 0.901783 0.551264 0.488160 0.144924 0.226867 0.306509 0.139327 0.475867 0.693687 0.042073 0.252680 0.071783 0.712875 -0.004485 0.540604 0.788394 -0.015094 0.228960 0.602068 0.068931 0.239006
0.229286 0.686852 0.203800 0.918878 0.513453 0.396938 0.075110 0.161196 0.274445 0.086942 0.486697 0.677535 0.042336 0.306658 0.168793 0.604037 -0.054045 0.499889 0.912527 0.120604 0.225127 0.649549 0.043604 0.303103
0.149319 0.788832 0.175893 0.982704 0.490881 0.326910 0.208254 0.212378 0.221731 0.165456 0.539794 0.785461 0.067115 0.344408 0.026853 0.674341 0.080343 0.452780 0.886647 0.075976 0.276809 0.503171 0.119840 0.131993
0.217760 0.789568 0.244085 0.972772 0.539549 0.375617 0.066351 0.156816 0.215902 0.118838 0.483267 0.756374 0.069389 0.437818 0.120356 0.750180 0.002656 0.469356 0.925906 0.098795 0.258512 0.518544 0.049310 0.179751
0.186276 0.702684 0.250337 0.915988 0.589592 0.338799 0.101100 0.263929 0.270815 0.116105 0.460288 0.826132 -0.084798 0.354737 0.088735 0.747251 -0.020935 0.560467 0.920378 0.051736 0.264271 0.587658 0.103064 0.299942
0.233989 0.687518 0.320472 0.942486 0.436424 0.435294 0.190461 0.128486 0.230979 0.223156 0.585877 0.745471 -0.051477 0.305224 0.149910 0.668637 -0.072103 0.438367 0.918355 0.091056 0.276171 0.599004 0.027283 0.189386
0.073593 0.824992 0.308426 0.914402 0.551477 0.407742 0.091251 0.292262 0.302345 0.025540 0.569669 0.742799 0.034407 0.288184 -0.016173 0.719887 0.051690 0.441270 0.920378 0.013901 0.194929 0.591127 0.172133 0.144898
0.199402 0.744613 0.068101 0.939809 0.539898 0.379985 0.058783 0.234801 0.271638 0.119831 0.531157 0.598136 0.017290 0.363255 0.135562 0.690896 0.116641 0.357868 0.957867 0.094027 0.232035 0.637944 0.219282 0.310686
0.231133 0.734979 0.199387 0.920847 0.571025 0.328084 0.229159 0.237322 0.322272 0.083485 0.546052 0.688617 0.131909 0.296970 0.134917 0.716276 0.018789 0.533984 0.875993 0.000715 0.362360 0.608686 0.063996 0.243005
0.178417 0.653827 0.205133 0.951783 0.480271 0.426720 0.141557 0.177507 0.183993 0.165529 0.561199 0.774585 0.091451 0.302760 0.050203 0.792887 -0.057484 0.559989 0.925894 0.032813 0.161564 0.548505 0.086208 0.177407
0.220361 0.791677 0.288098 0.956488 0.634815 0.413137 0.115481 0.228519 0.315763 0.172053 0.471277 0.690250 0.016042 0.270240 0.169794 0.642646 0.112444 0.507283 0.841487 0.032136 0.372769 0.623057 0.136233 0.188199
0.295928 0.804290 0.186275 0.881859 0.515538 0.430229 0.134052 0.191229 0.239874 0.143188 0.518759 0.716435 0.014679 0.403311 0.039933 0.770217 0.019056 0.414104 0.919566 0.117802 0.268879 0.591610 0.190032 0.279532
0.266506 0.714393 0.216149 0.907220 0.494049 0.406397 0.110705 0.192630 0.296738 0.164623 0.428165 0.808583 -0.085625 0.412963 0.139420 0.684042 -0.067175 0.532707 0.815796 0.007917 0.295059 0.466205 0.075290 0.232663
0.147790 0.744697 0.201629 0.927158 0.579873 0.370397 0.167718 0.245889 0.239349 0.068262 0.445457 0.724442 0.047459 0.202167 0.115214 0.775030 0.107896 0.477046 0.800700 0.078031 0.171858 0.502385 0.088165 0.254219
0.235182 0.748945 0.216461 0.869726 0.602049 0.352695 0.124185 0.250688 0.282923 0.040236 0.506352 0.697204 -0.078913 0.335943 0.118444 0.763693 0.021792 0.452448 0.888836 0.026831 0.224049 0.530516 0.197012 0.248999
0.231360 0.765396 0.191872 0.913396 0.663158 0.440006 0.175521 0.236504 0.393691 0.098880 0.464076 0.724248 -0.018162 0.315808 0.200546 0.764821 -0.078167 0.475476 0.867211 0.123728 0.318927 0.588204 0.075803 0.162259
0.255165 0.724717 0.292112 0.909155 0.531244 0.397266 0.155329 0.234578 0.263892 0.238326 0.488712 0.777252 0.069119 0.355908 0.056598 0.717656 0.044232 0.470187 0.805304 0.065333 0.298036 0.499914 0.159102 0.223664
0.183108 0.696259 0.250791 0.857175 0.486361 0.380018 0.174561 0.280612 0.294516 0.179885 0.575087 0.757361 0.062487 0.317844 0.053462 0.771216 -0.056583 0.472380 0.839958 -0.010797 0.248032 0.606486 0.173918 0.278627
0.205102 0.693920 0.304910 0.783302 0.520675 0.386517 0.036397 0.286487 0.354381 0.072035 0.580908 0.660317 0.006515 0.307092 0.113293 0.736348 -0.015223 0.503049 0.873792 -0.040233 0.237425 0.612755 0.060937 0.236170
0.196047 0.751883 0.200979 0.953568 0.575459 0.329516 0.064125 0.278282 0.254589 0.062019 0.527113 0.640715 -0.014618 0.304368 0.075600 0.720923 -0.094788 0.436553 0.932532 -0.012365 0.222577 0.620969 0.148227 0.217017
0.153715 0.780184 0.258916 0.914546 0.644844 0.353550 0.186329 0.212027 0.347883 0.020306 0.507803 0.778918 0.022004 0.352792 0.162002 0.789423 0.083566 0.496847 0.902221 0.044548 0.282294 0.583221 0.136298 0.244446
0.175390 0.704166 0.250324 0.867190 0.595419 0.474202 0.114353 0.200777 0.233996 0.085015 0.471180 0.703581 0.010093 0.268200 0.103939 0.712546 -0.084310 0.456300 0.791355 0.033162 0.214806 0.478740 0.140946 0.228155
0.243234 0.746409 0.238573 0.909329 0.511813 0.350057 0.149235 0.257982 0.230743 0.131719 0.495867 0.628623 -0.050695 0.344259 0.184722 0.715044 -0.018150 0.511810 0.821156 -0.009674 0.272451 0.596391 0.031859 0.167181
0.190089 0.733193 0.203649 0.851906 0.541984 0.411400 0.163162 0.220946 0.217150 0.020299 0.437526 0.714345 -0.006510 0.315923 0.110948 0.646350 0.105618 0.524721 0.941859 0.091419 0.229082 0.564635 0.088067 0.206565
0.206796 0.793672 0.255494 0.981929 0.573932 0.369003 0.154620 0.236542 0.269905 0.144394 0.441118 0.683732 -0.033666 0.289181 0.110022 0.780480 -0.046948 0.405995 0.803818 0.099481 0.229733 0.653821 0.141695 0.107113
0.117598 0.734338 0.206884 0.858762 0.543456 0.351124 0.207485 0.259290 0.262822 0.044014 0.452766 0.802316 -0.061937 0.245511 0.171329 0.724073 -0.031021 0.528006 0.776722 0.091463 0.299063 0.530373 0.105791 0.202970
0.121811 0.733372 0.135042 0.966940 0.484344 0.379195 0.096979 0.205356 0.286694 0.082441 0.463485 0.713179 -0.018515 0.293554 0.153380 0.760575 -0.035944 0.408371 0.910791 0.093662 0.236857 0.588618 0.092172 0.127712
0.207948 0.717156 0.152873 0.936643 0.599100 0.348595 0.176159 0.182017 0.246622 0.145123 0.533395 0.712833 -0.055758 0.316829 0.094045 0.796181 0.037879 0.585537 0.967024 0.069951 0.298060 0.666862 0.135001 0.173672
0.171095 0.736665 0.259480 0.980725 0.571188 0.433044 0.040823 0.201594 0.187477 0.056700 0.484359 0.768191 -0.070779 0.318766 0.175974 0.748566 0.090948 0.511194 0.786712 0.081959 0.200822 0.593192 0.097554 0.249297
0.254469 0.799272 0.305910 0.950696 0.627163 0.435188 0.091556 0.249881 0.205648 0.128278 0.487554 0.730142 -0.023435 0.402531 0.087125 0.781545 -0.024931 0.472678 0.944099 0.018934 0.208242 0.599657 0.138481 0.214909
0.189244 0.712572 0.152621 0.894796 0.512269 0.330181 0.116530 0.207744 0.284406 0.078482 0.539853 0.689059 0.041422 0.302518 0.094987 0.696641 0.012918 0.558300 0.894633 0.072771 0.238380 0.597524 0.084375 0.235815
0.218493 0.797427 0.208934 0.921158 0.491582 0.381027 0.134392 0.146262 0.257955 0.074879 0.467670 0.753921 -0.004390 0.354818 -0.023959 0.692451 0.012632 0.497579 0.834325 0.054719 0.218390 0.501575 0.154413 0.210058
0.177105 0.835380 0.236634 0.963766 0.486327 0.424111 0.186478 0.290205 0.243412 0.095249 0.441206 0.658050 0.098106 0.324825 0.122845 0.619448 0.063901 0.459462 0.864273 0.118791 0.228523 0.563639 0.136027 0.245618
0.202141 0.688240 0.167145 0.893102 0.564232 0.396821 0.145418 0.172924 0.324903 0.131732 0.527857 0.764603 -0.019492 0.313823 0.061735 0.783586 -0.014686 0.482014 0.840498 0.038463 0.223166 0.674736 0.153937 0.138830
0.192309 0.755444 0.375621 0.817148 0.594943 0.377114 0.077665 0.364756 0.222294 0.066601 0.532366 0.760701 -0.079172 0.302546 0.150688 0.722488 -0.073736 0.522693 0.898214 0.038122 0.332728 0.478653 0.132621 0.276399
0.224090 0.749290 0.229400 0.997614 0.524894 0.446544 0.096033 0.182053 0.276703 0.180354 0.556544 0.731917 -0.023119 0.301035 0.017107 0.679657 0.115863 0.520020 0.831155 -0.029699 0.303709 0.540488 0.064016 0.218267
0.101567 0.835324 0.281498 0.956645 0.493079 0.380759 0.109444 0.204577 0.311878 0.161121 0.505254 0.763522 0.078727 0.278189 0.122333 0.799201 0.028889 0.516864 0.983835 0.076964 0.222634 0.587119 0.148834 0.215855
0.153023 0.761205 0.302175 0.937783 0.631246 0.323716 0.116681 0.304597 0.267951 0.124997 0.575335 0.785611 0.063133 0.244817 0.092351 0.679059 -0.035602 0.437300 0.800013 0.034711 0.329468 0.579619 0.127485 0.193151
0.267261 0.754636 0.260317 0.906650 0.610210 0.357726 0.109067 0.206886 0.330849 0.099472 0.594770 0.704863 -0.046219 0.297152 0.087556 0.706370 -0.095876 0.533840 0.906739 0.025052 0.277146 0.580046 0.079876 0.239352
0.167298 0.728833 0.228653 0.859593 0.527254 0.395431 0.185115 0.284622 0.209225 -0.004198 0.426818 0.640954 0.011610 0.395295 0.160769 0.722091 0.027489 0.566559 0.829913 0.053158 0.212680 0.577941 0.138648 0.242847
0.142072 0.769480 0.279802 0.953915 0.570874 0.359524 0.145397 0.185452 0.305094 0.057639 0.583507 0.758892 0.051726 0.333812 -0.021756 0.725655 0.046892 0.537667 0.869762 0.015219 0.216587 0.546832 0.175304 0.241226
0.152454 0.702054 0.248816 0.959843 0.409250 0.439541 0.089377 0.210074 0.210187 0.081997 0.506656 0.638423 0.027191 0.395673 0.133640 0.783924 0.036787 0.508720 0.890502 0.121890 0.217558 0.561875 0.163314 0.239257
0.151230 0.687991 0.233008 0.994261 0.491907 0.331524 0.193706 0.273980 0.316604 0.099019 0.462047 0.719290 0.083700 0.346025 0.133162 0.696021 -0.024330 0.516775 0.888665 -0.010907 0.223278 0.492303 0.086241 0.258979
0.176749 0.752563 0.270695 0.960492 0.476238 0.404176 0.164795 0.182470 0.334145 0.002849 0.570653 0.808652 0.018996 0.362904 0.126761 0.738267 0.094248 0.558055 0.846058 0.109916 0.192665 0.566933 0.099373 0.196464
0.178526 0.742790 0.185795 0.943916 0.570631 0.335789 0.025588 0.214688 0.229543 0.213162 0.628019 0.660658 0.030986 0.268749 0.150807 0.757594 0.058504 0.498440 0.912398 0.142428 0.270763 0.562926 0.121799 0.236590
0.173339 0.849597 0.228924 0.864040 0.505375 0.452295 0.021634 0.214541 0.257702 0.142050 0.604651 0.821017 0.001708 0.308221 0.115728 0.718273 0.014338 0.448571 0.847380 -0.022169 0.259831 0.599033 0.094871 0.150860
0.178542 0.729445 0.117473 0.901071 0.626502 0.379299 0.136334 0.264151 0.272852 0.131962 0.523271 0.773645 0.031663 0.366236 0.124974 0.685026 0.010283 0.506600 0.904469 -0.005574 0.246682 0.558368 0.141158 0.201248
0.287053 0.828374 0.262653 0.885901 0.492722 0.382957 0.086354 0.259518 0.327942 0.061523 0.518421 0.765008 -0.041050 0.313964 0.030445 0.809866 0.007643 0.488281 0.795551 0.030307 0.230884 0.598381 0.131838 0.205242
0.230816 0.769665 0.240058 0.908216 0.517549 0.349508 0.138937 0.216346 0.306521 0.071529 0.513419 0.787843 0.025679 0.390709 0.028615 0.821324 -0.043837 0.428756 0.903571 0.118161 0.270456 0.508414 0.136058 0.217167
0.300968 0.727191 0.243300 0.878987 0.677468 0.397349 0.129387 0.185508 0.274107 0.140550 0.472925 0.711736 -0.035071 0.322606 0.074248 0.653857 0.059282 0.546636 0.947320 -0.003924 0.242755 0.571389 0.061601 0.206150
0.222488 0.799839 0.260103 1.008011 0.493048 0.388526 0.098507 0.180781 0.270062 0.083887 0.486902 0.806099 -0.023837 0.320332 0.029185 0.651780 0.054294 0.453684 0.782168 0.044403 0.312928 0.579351 0.047394 0.198791
0.229422 0.765447 0.266597 0.979319 0.657266 0.447717 0.193093 0.307122 0.271007 0.136879 0.532811 0.694954 -0.029702 0.293581 0.171699 0.723819 0.029660 0.494013 0.932044 0.106652 0.270013 0.565098 0.146802 0.190907
0.237477 0.765408 0.284855 0.871390 0.606682 0.418492 0.083144 0.209099 0.259788 0.042209 0.559032 0.696148 0.018896 0.318417 0.130230 0.751020 0.023304 0.522686 0.874749 0.000581 0.320224 0.580472 0.223017 0.192587
0.204613 0.678905 0.258267 0.913429 0.536749 0.404455 0.119726 0.237553 0.211746 0.126934 0.543283 0.734632 0.020283 0.383110 0.024491 0.755643 -0.027012 0.423750 0.845084 0.193785 0.211326 0.590701 0.045074 0.238281
0.169417 0.830233 0.251968 0.959725 0.345812 0.454959 0.201510 0.163969 0.381090 0.084286 0.555511 0.694117 -0.006176 0.396833 0.170234 0.775953 -0.137066 0.506532 0.850087 0.066809 0.254302 0.472504 0.151506 0.175194
0.174326 0.726582 0.261320 0.843168 0.554880 0.421512 0.087450 0.252201 0.339388 0.131152 0.534760 0.580732 0.038314 0.378981 0.121761 0.673967 -0.004226 0.487300 0.882092 0.073155 0.277822 0.651257 0.137158 0.175143
0.131310 0.693126 0.226787 0.851382 0.551917 0.320753 0.203237 0.253289 0.253539 0.163381 0.521350 0.800547 -0.032010 0.340006 0.063564 0.686182 0.021810 0.478841 0.852660 0.127920 0.262026 0.633681 0.036528 0.215453
0.189108 0.774354 0.288075 0.935423 0.604297 0.412161 0.241995 0.348394 0.272677 0.126087 0.488251 0.684861 -0.017231 0.316476 0.120839 0.757352 0.024659 0.551994 0.866910 0.011228 0.216400 0.552679 0.084470 0.212483
0.268454 0.740330 0.216464 0.925605 0.600630 0.472965 0.087414 0.238584 0.263700 0.115489 0.541971 0.679530 -0.034127 0.373624 0.073924 0.686363 0.042770 0.461608 0.869182 0.013506 0.216864 0.540826 0.183502 0.209918
0.283872 0.776352 0.172864 0.841284 0.515053 0.458146 0.129558 0.203342 0.222736 0.184129 0.443882 0.686743 -0.028322 0.380102 0.197331 0.711555 -0.067175 0.362192 0.916674 -0.006896 0.202711 0.590735 0.118265 0.245679
0.146006 0.680025 0.257177 0.941354 0.514044 0.443052 0.181107 0.103109 0.263372 0.130442 0.553998 0.720390 0.017385 0.338107 0.118949 0.630484 0.028162 0.518949 0.908345 0.049888 0.265712 0.579691 0.076715 0.223154
0.177424 0.698577 0.252239 0.841364 0.512634 0.392481 0.139492 0.200299 0.250007 0.035897 0.489841 0.777158 0.072635 0.285984 0.079158 0.710844 0.072856 0.557997 0.825176 0.123034 0.228550 0.599843 0.159502 0.304383
0.195182 0.749265 0.219365 0.883751 0.615037 0.377603 0.001645 0.233902 0.249629 0.131255 0.603125 0.712300 -0.070552 0.417904 0.050349 0.708419 -0.028611 0.474846 0.812142 0.080776 0.302841 0.496938 0.180497 0.237860
0.173546 0.727756 0.323622 0.901087 0.554379 0.453223 0.068789 0.272340 0.266370 0.033111 0.538147 0.776571 -0.015078 0.284958 0.082453 0.750951 0.047908 0.540141 0.940605 0.055511 0.246738 0.513152 0.029190 0.171092
0.164925 0.790451 0.234571 0.918902 0.491344 0.311912 0.009169 0.214723 0.277825 0.163397 0.474412 0.751697 0.048850 0.293986 0.107111 0.620026 0.076870 0.468528 0.782412 0.007003 0.267607 0.555000 0.128535 0.211466
0.131041 0.723473 0.255599 0.835313 0.528058 0.394072 0.068686 0.187980 0.273433 0.125858 0.623341 0.757842 -0.011102 0.276494 0.073994 0.684244 0.008145 0.447870 0.836650 -0.018639 0.289653 0.607013 0.031372 0.180898
0.126047 0.794700 0.338347 0.934308 0.514608 0.345265 0.165181 0.292767 0.323618 0.194234 0.475775 0.764329 -0.061153 0.316967 0.084082 0.595759 0.008776 0.471228 0.888041 0.058059 0.241555 0.635742 0.106358 0.163324
0.265507 0.787127 0.297539 0.895749 0.476708 0.441952 0.125419 0.138712 0.307727 0.107273 0.502797 0.701170 -0.006339 0.305500 0.030176 0.805173 0.054936 0.499820 0.873586 0.057154 0.191094 0.591822 0.194192 0.226947
0.215477 0.772007 0.265427 0.935648 0.518464 0.379522 0.070921 0.213489 0.238479 0.204652 0.486457 0.785073 0.080006 0.409330 0.142007 0.752258 -0.030274 0.544140 0.914902 0.058329 0.279013 0.496584 0.205887 0.153991
0.242982 0.673999 0.266470 0.868669 0.563295 0.366924 0.160588 0.229774 0.325699 0.098818 0.468265 0.703106 -0.017632 0.299960 0.049250 0.697096 0.025925 0.486266 0.873096 0.054901 0.209683 0.623402 0.098553 0.162326
0.182975 0.629132 0.179996 0.895917 0.597849 0.384547 0.170332 0.268780 0.281986 0.136712 0.563217 0.751908 -0.016159 0.271746 0.096510 0.624347 0.035485 0.526793 0.803974 0.023303 0.324081 0.521840 0.173297 0.252174
0.166266 0.743919 0.132010 0.883992 0.549515 0.386231 0.216359 0.207379 0.257876 0.124633 0.487209 0.707843 -0.027353 0.276218 0.137164 0.630921 0.016622 0.426618 0.862872 0.082587 0.200801 0.579855 0.075005 0.146825
0.249584 0.685332 0.186755 0.847735 0.484227 0.354176 -0.018659 0.250918 0.210578 0.087126 0.543208 0.712150 -0.007775 0.347785 0.073022 0.744498 -0.023042 0.508033 0.837618 0.160180 0.204342 0.558730 0.103160 0.111147
0.239993 0.713659 0.280585 0.932442 0.622273 0.321664 0.023128 0.188492 0.137455 0.083644 0.430834 0.833958 -0.002065 0.300991 0.099160 0.703554 0.007060 0.529256 0.910562 0.000852 0.283565 0.602790 0.154284 0.108767
0.149985 0.731676 0.237468 0.892269 0.607022 0.389869 0.123903 0.246393 0.314571 0.077556 0.486596 0.813998 0.005946 0.380597 0.133940 0.693312 -0.026398 0.502941 0.942457 0.142384 0.307874 0.370167 0.113578 0.169977
0.213596 0.743509 0.189255 0.957630 0.506097 0.403420 0.112918 0.243063 0.274583 0.113444 0.562231 0.693581 -0.041419 0.298644 -0.009194 0.739280 0.026810 0.521007 0.775963 0.092980 0.282656 0.503760 0.156569 0.137576
0.111300 0.820786 0.309073 0.827546 0.532203 0.444055 0.186712 0.320413 0.287116 0.176144 0.538964 0.718315 0.062238 0.377971 0.027188 0.633619 -0.012886 0.407803 0.867913 0.035366 0.368144 0.572728 0.234107 0.260986
0.216356 0.730444 0.164349 0.904384 0.506809 0.397160 0.089878 0.176817 0.304651 0.173640 0.574036 0.652055 0.090704 0.268877 0.166427 0.764860 0.081102 0.446560 0.807400 0.018693 0.306639 0.575182 0.187692 0.196661
0.189095 0.726195 0.268802 0.900922 0.491908 0.389149 0.102388 0.271499 0.335951 0.055554 0.533213 0.685436 0.017080 0.419386 0.007425 0.816986 0.016467 0.441384 0.880399 0.093622 0.350700 0.534130 0.090633 0.212677
0.172348 0.670718 0.251504 0.934650 0.596840 0.341328 0.199311 0.212177 0.232317 0.025881 0.539116 0.760267 -0.020924 0.253502 0.085424 0.641209 0.015473 0.526638 0.815273 0.083951 0.274928 0.535594 0.238969 0.192316
0.153862 0.728843 0.260751 0.865760 0.591607 0.503989 0.123636 0.218170 0.290999 0.133998 0.573002 0.680636 -0.037789 0.431371 0.063940 0.772804 0.016458 0.518139 0.920729 0.103193 0.286545 0.592306 0.135283 0.220840
0.120752 0.767827 0.126092 0.956713 0.585798 0.339356 0.060457 0.301541 0.212856 -0.004244 0.504226 0.776536 0.003129 0.299818 0.185476 0.636679 0.006581 0.498636 0.916609 0.089901 0.224260 0.551336 0.070365 0.142035
0.147809 0.750152 0.266083 0.899355 0.543399 0.334044 0.151113 0.243113 0.306339 0.097869 0.480428 0.706598 0.041682 0.350582 0.073356 0.697653 0.011867 0.512011 0.857881 -0.005740 0.257485 0.546171 0.087557 0.182446
0.139194 0.725194 0.217023 0.898227 0.600340 0.283836 0.134488 0.164463 0.335163 0.132700 0.615639 0.714945 -0.000174 0.346008 0.139485 0.690084 0.001430 0.451374 0.787137 0.119117 0.177738 0.490886 0.118536 0.297894
0.246650 0.598029 0.243138 0.946632 0.547354 0.407670 0.155695 0.157063 0.295464 0.085558 0.458789 0.738764 0.021135 0.321881 0.059965 0.829641 -0.027868 0.505041 0.800430 0.125794 0.293172 0.562307 0.012375 0.189792
0.202368 0.779054 0.141471 1.026818 0.578824 0.376827 0.080261 0.233014 0.347759 0.141295 0.440763 0.796806 -0.006884 0.288750 0.099979 0.753543 0.012735 0.523907 0.885505 0.084130 0.181979 0.553120 0.159218 0.224690
0.188869 0.689253 0.188422 0.847178 0.505490 0.308166 0.177895 0.114556 0.308404 0.154938 0.456124 0.648037 -0.041838 0.355326 0.125284 0.697097 0.063657 0.479087 0.956937 -0.034640 0.339796 0.672811 0.003728 0.207830
0.184547 0.670582 0.215758 0.918597 0.531176 0.404126 0.041716 0.249610 0.295941 0.056474 0.581882 0.698153 -0.006972 0.234369 0.086104 0.726713 0.014677 0.441601 0.893535 0.082421 0.215387 0.583409 0.101040 0.120005
0.112907 0.803616 0.353974 0.769744 0.589907 0.402781 0.127833 0.219220 0.270688 0.152791 0.474607 0.788790 -0.052222 0.447628 0.071095 0.659825 -0.021254 0.503812 0.850535 -0.026104 0.220634 0.560538 0.130695 0.242786
0.163752 0.776905 0.333762 0.928627 0.537118 0.357526 0.136476 0.133846 0.258151 0.058957 0.507658 0.677047 0.002935 0.247486 0.158620 0.694548 -0.049345 0.454677 0.976720 0.049524 0.160217 0.579640 0.150496 0.214952
0.235555 0.797779 0.250783 0.824769 0.533634 0.378399 0.079629 0.205344 0.174435 0.121635 0.531650 0.697815 -0.014355 0.306698 0.074795 0.682640 -0.023981 0.552159 0.894222 0.040039 0.371926 0.539535 0.074125 0.152677
0.159154 0.751222 0.254250 0.942355 0.558449 0.410886 0.166802 0.125608 0.219996 0.145448 0.542081 0.736425 0.049769 0.295127 0.055761 0.704681 -0.072973 0.514231 0.889486 0.019416 0.177442 0.588890 0.161076 0.250976
0.189731 0.733203 0.132272 0.891287 0.546461 0.381348 0.123228 0.263050 0.250024 0.079027 0.612886 0.718622 0.031090 0.296754 0.107657 0.729118 0.079777 0.497544 0.842575 0.033358 0.325680 0.527297 0.079540 0.247744
0.181095 0.768084 0.309264 0.933539 0.560265 0.389125 0.153439 0.297453 0.207812 0.137360 0.492959 0.666703 0.052691 0.231795 0.106626 0.786731 0.079596 0.399000 0.912462 0.078599 0.187472 0.607442 0.130489 0.239571
0.274388 0.809146 0.202925 0.913741 0.559528 0.407157 0.151722 0.329627 0.271613 0.086963 0.459578 0.793556 -0.050409 0.270146 0.131039 0.707954 -0.001054 0.477576 0.821134 0.119341 0.231676 0.487510 0.057429 0.242848
0.150103 0.715505 0.217008 1.036385 0.508907 0.375362 0.168646 0.173292 0.386140 -0.060169 0.602765 0.695245 0.021407 0.329032 0.064206 0.724125 0.073149 0.493417 0.846524 -0.000471 0.294649 0.557500 0.092400 0.243875
0.192338 0.712422 0.195778 0.906343 0.546766 0.390849 0.150337 0.146329 0.358520 0.100034 0.563647 0.671369 0.093498 0.272410 0.186632 0.747421 -0.012134 0.525834 0.727904 0.047794 0.344208 0.622455 0.143374 0.233419
0.250624 0.648564 0.192720 0.895188 0.617714 0.381526 0.060802 0.106038 0.288106 0.137250 0.498139 0.760665 0.047293 0.295107 0.099065 0.653903 -0.026661 0.454545 0.900183 0.145564 0.317720 0.582968 0.110570 0.289915
0.227370 0.693291 0.167327 0.884859 0.543751 0.343755 0.156763 0.172878 0.265313 0.015527 0.456393 0.757928 0.019815 0.402564 0.099170 0.695596 -0.066093 0.452709 0.868959 0.028808 0.252308 0.556523 0.076624 0.157833
0.235699 0.885318 0.212739 0.932623 0.485561 0.427261 0.179297 0.148253 0.287272 0.146299 0.614225 0.745354 0.042097 0.259916 0.125944 0.710827 -0.023658 0.489085 0.844487 0.003583 0.222892 0.591796 0.168855 0.136389
0.280918 0.708864 0.236396 0.957015 0.516992 0.363526 0.083334 0.110522 0.269015 0.054642 0.533515 0.715146 0.048810 0.297064 -0.003403 0.662497 -0.074997 0.506688 0.890652 0.069909 0.204352 0.639720 0.151567 0.279471
0.222512 0.803562 0.224662 0.950218 0.489658 0.453625 0.127845 0.197566 0.253847 0.128546 0.492433 0.733301 0.026155 0.312025 0.069323 0.611783 -0.022133 0.406643 0.950537 0.037915 0.270832 0.524526 0.165121 0.185160
0.174394 0.745108 0.138827 0.869793 0.511422 0.408634 0.092438 0.162033 0.141893 0.098492 0.476256 0.750736 -0.012803 0.336818 0.164068 0.694053 -0.102360 0.481574 0.853588 0.040693 0.353208 0.470958 0.183978 0.259670
0.118803 0.641295 0.277367 0.848897 0.544361 0.427189 0.120871 0.195342 0.321696 0.149111 0.575123 0.711520 -0.022528 0.303795 0.153013 0.713998 0.066238 0.542923 0.882815 0.079773 0.245294 0.495698 0.068840 0.229272
0.218692 0.729156 0.250380 0.957754 0.560473 0.315946 0.138093 0.291563 0.251824 0.078398 0.535280 0.761686 0.036382 0.326220 0.071575 0.611365 0.003069 0.471269 0.854191 0.081019 0.272743 0.547262 0.106694 0.198431
0.221462 0.752399 0.197222 0.886890 0.522743 0.418804 0.034754 0.124931 0.156179 0.086685 0.554312 0.679676 0.044534 0.257045 0.136068 0.613935 0.103589 0.473138 0.914325 -0.027487 0.216721 0.594312 0.149673 0.221236
0.237444 0.763169 0.249347 0.914145 0.557407 0.369306 0.160336 0.218225 0.252870 0.114647 0.371607 0.690838 -0.024020 0.287353 0.103451 0.715722 0.011512 0.489303 0.857682 0.104163 0.236973 0.449164 0.142124 0.147276
0.514799 0.874520 0.654811 0.335883 0.901868 0.378481 -0.009398 0.448185 0.568382 0.139698 0.947237 0.615693 -0.000630 0.910972 0.276040 0.336394 0.910130 0.746887 0.076767 -0.017992 0.640614 0.631245 0.168247 0.068837
0.513046 0.805952 0.457417 0.401352 0.963948 0.420938 0.094782 0.418342 0.540632 0.084526 0.927392 0.657155 0.020603 0.887523 0.298999 0.558060 0.885511 0.752833 0.016724 0.129347 0.547349 0.698477 0.239748 0.228864
0.523957 0.791586 0.568579 0.358168 0.890013 0.436468 0.052354 0.396641 0.545798 0.048353 0.879360 0.637495 0.007889 0.864066 0.161511 0.397581 0.838370 0.731068 0.149605 0.057345 0.591519 0.771820 0.296744 0.238179
0.508625 0.931891 0.558779 0.362158 0.974996 0.425795 0.049962 0.394644 0.511976 0.118475 0.944005 0.567189 0.071857 0.940173 0.318356 0.418531 0.809399 0.857456 0.011529 -0.068453 0.591972 0.645691 0.293468 0.112798
0.609452 0.838495 0.642173 0.323129 0.967186 0.487514 0.017636 0.433236 0.510376 0.100707 0.971574 0.654914 0.033568 0.872508 0.323851 0.449359 0.813930 0.770198 0.093611 0.055139 0.615942 0.624467 0.198800 0.044916
0.576644 0.938934 0.546607 0.349753 0.931876 0.352189 -0.070234 0.449804 0.527868 0.012905 0.905878 0.594251 0.033805 0.885970 0.271955 0.476748 0.826503 0.765243 0.143032 0.035849 0.655426 0.676294 0.244567 0.196151
0.511488 0.780470 0.610884 0.400072 0.795080 0.447867 0.012312 0.457097 0.553701 0.073096 0.902117 0.649050 0.086970 0.873875 0.239656 0.453749 0.900736 0.858963 0.002196 -0.058548 0.590693 0.747649 0.160971 0.179740
0.584749 0.767117 0.560147 0.436636 0.887501 0.529877 0.022788 0.441634 0.528773 0.088725 0.972952 0.675298 0.061621 0.793033 0.279256 0.393389 0.869288 0.827656 0.190103 0.024338 0.557423 0.649888 0.284879 0.208092
0.449088 0.820172 0.563275 0.352635 0.898125 0.507761 0.067437 0.426287 0.503497 0.152581 0.949371 0.620189 -0.029547 0.902847 0.211352 0.518348 0.832153 0.810255 0.077551 0.115173 0.533197 0.615704 0.307388 0.137362
0.498900 0.832438 0.603339 0.392800 0.870160 0.540907 0.023320 0.338030 0.511191 0.055520 0.866582 0.625105 0.059630 0.828832 0.300634 0.450106 0.843812 0.725431 0.056066 -0.006419 0.577873 0.644574 0.250757 0.102893
0.531123 0.846884 0.535367 0.432423 1.000476 0.444131 0.034711 0.414139 0.537914 0.046542 0.971960 0.633858 -0.025440 0.848866 0.349169 0.428416 0.870596 0.717203 0.092903 0.089067 0.534451 0.839086 0.372361 0.086640
0.512980 0.904632 0.594143 0.416397 0.911163 0.536152 -0.029975 0.320750 0.541101 0.118620 0.933357 0.683573 -0.025500 0.897614 0.289370 0.414466 0.874323 0.817267 0.025881 -0.027682 0.567103 0.669506 0.278184 0.144476
0.462520 0.879927 0.542454 0.315230 0.966746 0.454889 0.121109 0.479558 0.442007 0.128677 0.980034 0.623066 0.050193 0.879840 0.207787 0.504991 0.862443 0.784166 0.059573 -0.064089 0.639781 0.669650 0.245772 0.099072
0.555022 0.797336 0.551235 0.422964 1.035611 0.442977 0.010304 0.382278 0.471956 0.159649 0.862762 0.633625 0.034554 0.803686 0.162519 0.465038 0.958972 0.749685 0.072550 -0.043962 0.541143 0.786618 0.356290 0.178027
0.541644 0.858219 0.658720 0.298387 0.957331 0.434918 -0.042531 0.291820 0.617786 0.081744 0.879385 0.542352 0.013763 0.889782 0.349626 0.471350 0.859433 0.785336 0.033954 0.030559 0.596912 0.698677 0.159685 0.170805
0.540145 0.887001 0.525083 0.455499 0.839221 0.504701 0.005127 0.378733 0.498860 0.119796 0.950649 0.629178 0.059960 0.837176 0.204675 0.363404 0.852376 0.782722 0.162495 0.115865 0.586473 0.676199 0.269094 0.118886
0.615899 0.831676 0.586342 0.371869 0.881997 0.441928 0.052880 0.428900 0.605097 0.085286 1.038298 0.552169 0.113507 0.981692 0.212468 0.460452 0.985610 0.739943 0.108762 0.100727 0.549862 0.624436 0.237631 0.103300
0.561191 0.824481 0.570443 0.420800 0.954096 0.491990 -0.013592 0.446935 0.514690 0.080883 0.889653 0.606239 -0.022029 0.858124 0.329956 0.408332 0.852569 0.674224 0.119669 0.046592 0.528840 0.739922 0.278152 0.137672
0.532940 0.863039 0.450614 0.415338 0.932313 0.467864 0.060315 0.405805 0.525399 0.137425 0.896544 0.667088 0.067581 0.926384 0.267232 0.497860 0.867944 0.824216 0.212718 0.064425 0.533511 0.676478 0.261581 0.216538
0.603735 0.816017 0.638053 0.357484 0.950124 0.432620 0.058376 0.422447 0.579252 0.052707 0.914392 0.690804 0.086290 0.967070 0.258047 0.401382 0.850934 0.790100 0.175039 0.103165 0.626536 0.655957 0.266919 0.153759
0.505773 0.817024 0.603450 0.371251 0.917023 0.372932 0.091183 0.396841 0.541969 0.085626 0.925662 0.629037 0.023533 0.872281 0.307317 0.387762 0.882274 0.763575 0.012498 -0.031545 0.534705 0.686322 0.438906 0.134496
0.580025 0.869276 0.645886 0.323187 0.799943 0.480319 -0.013170 0.324867 0.486544 0.146911 0.846384 0.662747 0.054615 0.842607 0.211579 0.386098 0.883558 0.740379 0.043887 0.034286 0.673597 0.649018 0.299768 0.117353
0.515141 0.801767 0.465513 0.425232 0.851327 0.404332 0.044038 0.396316 0.546583 0.118658 0.874694 0.605752 0.036023 0.916545 0.379157 0.457444 0.902268 0.749036 0.078723 0.004609 0.640193 0.660802 0.290177 0.195983
0.504574 0.878782 0.529261 0.363426 0.951462 0.500160 -0.001312 0.358931 0.502057 0.111049 0.950015 0.682056 0.074136 0.926088 0.204641 0.361635 0.898659 0.752523 0.076315 0.093366 0.590799 0.643436 0.303870 0.166905
0.641381 0.790967 0.522713 0.347359 0.820747 0.446303 -0.038510 0.408466 0.658976 -0.042617 0.932509 0.671687 0.008833 0.944947 0.288052 0.446717 0.930844 0.830836 0.156299 0.057003 0.593801 0.658751 0.263625 0.134793
0.587413 0.854324 0.477899 0.480332 0.915460 0.566173 0.054175 0.364536 0.533739 0.129812 0.873125 0.698906 0.054655 0.906504 0.197729 0.418558 0.915264 0.815663 0.101337 0.126365 0.675766 0.676127 0.359572 0.186866
0.617838 0.866200 0.656930 0.377399 0.947036 0.468964 0.065522 0.414748 0.568054 0.061252 1.000112 0.706735 0.039880 0.939083 0.189262 0.395050 0.826405 0.721803 0.013463 0.095286 0.598476 0.681694 0.200325 0.097954
0.593501 0.840933 0.547583 0.382124 0.872753 0.446398 -0.061478 0.365967 0.495084 0.193969 0.898022 0.648177 0.051094 0.850114 0.279729 0.354336 0.835878 0.744339 0.147915 0.091067 0.539591 0.685977 0.267524 0.150733
0.445859 0.781007 0.605625 0.322587 0.924917 0.511395 0.026880 0.392242 0.535114 0.005981 1.090916 0.598474 0.093549 0.870473 0.219601 0.415148 0.846060 0.768881 -0.019830 0.015708 0.616051 0.675335 0.295727 0.131163
0.577802 0.893379 0.536826 0.365740 0.826012 0.430666 0.013034 0.344590 0.518626 0.051175 0.976093 0.666955 0.016458 0.910159 0.316401 0.401063 0.975038 0.772042 0.123197 0.043495 0.639208 0.682993 0.196488 0.154145
0.506674 0.818789 0.649032 0.494475 0.945864 0.379098 -0.004854 0.427873 0.588648 0.067912 0.883402 0.542346 0.061729 0.820090 0.228155 0.401732 0.861218 0.863934 0.259768 0.147971 0.565021 0.690830 0.144452 0.067891
0.584888 0.838711 0.569838 0.416987 0.949124 0.421190 0.004103 0.328492 0.541475 0.136702 0.932862 0.587302 -0.074035 0.873486 0.193501 0.546008 0.861683 0.785628 0.115230 -0.002550 0.672441 0.681759 0.262297 0.056637
0.614973 0.872724 0.657500 0.365639 0.921201 0.453109 -0.057045 0.422756 0.536137 0.144363 0.918264 0.708502 0.057286 0.875563 0.205914 0.451291 0.879607 0.651763 0.107640 0.035856 0.582850 0.726544 0.213971 0.208306
0.589338 0.758900 0.634854 0.438341 0.955224 0.412837 -0.072479 0.467758 0.436702 0.106988 1.003502 0.598237 0.066056 0.816020 0.210428 0.490437 0.902269 0.805242 0.056194 0.027814 0.477436 0.651447 0.241231 0.188789
0.539876 0.830328 0.625045 0.464678 0.923663 0.460132 0.116714 0.451658 0.474231 0.095662 1.013793 0.623517 -0.006391 0.901253 0.287083 0.437610 0.854118 0.804313 0.143048 0.105976 0.562168 0.606332 0.267191 0.210148
0.545983 0.778815 0.556798 0.429066 0.997790 0.501096 -0.023252 0.329349 0.640783 0.141951 0.959614 0.673922 0.144430 0.892957 0.190975 0.431780 0.852954 0.863818 0.077246 0.052526 0.506365 0.677146 0.268864 0.153491
0.518865 0.929310 0.579493 0.422249 0.900316 0.451583 0.049332 0.310564 0.533206 0.023963 0.914390 0.630388 0.052602 0.982821 0.334979 0.315269 0.941211 0.872129 0.124039 0.082704 0.567136 0.690873 0.268988 0.199607
0.535985 0.829506 0.610004 0.405908 0.954656 0.446942 -0.025722 0.345414 0.573969 0.139370 0.936041 0.607082 0.026561 0.895564 0.295086 0.337590 0.904184 0.823935 0.090618 0.001814 0.622279 0.655189 0.255282 0.145930
0.533548 0.842895 0.619971 0.359291 0.825633 0.460829 0.052215 0.395999 0.536571 0.161857 0.941476 0.584971 0.079197 0.878414 0.297108 0.445344 0.889691 0.704983 0.060853 0.014857 0.670811 0.679830 0.249714 0.114454
0.546139 0.798408 0.572776 0.411032 0.925948 0.469778 0.080953 0.523290 0.609849 0.167197 0.965018 0.611210 0.121635 0.981946 0.183412 0.509914 0.846225 0.787656 0.174154 0.137123 0.601454 0.735159 0.241479 0.199614
0.631327 0.920604 0.615770 0.502545 0.891349 0.438009 -0.019638 0.363064 0.460765 0.152543 0.963370 0.619202 -0.049273 0.892001 0.250461 0.366594 0.933647 0.834203 0.030194 0.146758 0.593011 0.635952 0.273147 0.123936
0.563317 0.931453 0.546215 0.349450 0.921944 0.443618 0.066869 0.341309 0.598928 0.096346 0.976311 0.574004 0.020266 0.928037 0.246676 0.449337 0.982907 0.825313 0.116415 0.023144 0.666581 0.594825 0.206851 0.241321
0.443336 0.865354 0.634840 0.391394 0.949260 0.375617 0.053513 0.344932 0.575109 0.071228 0.963831 0.735174 -0.022980 0.908437 0.218742 0.285204 0.835540 0.796172 0.104459 0.085020 0.496503 0.626401 0.291047 0.123738
0.534061 0.863541 0.541549 0.384564 0.948619 0.470294 0.087452 0.404833 0.590150 0.166723 1.010264 0.630512 0.047429 0.945433 0.228219 0.517806 0.873899 0.754941 0.139358 0.193273 0.567672 0.677071 0.173313 0.243767
0.548350 0.903419 0.576490 0.515767 0.901605 0.401837 -0.022929 0.389076 0.522099 0.116240 0.933485 0.617965 0.179383 0.823290 0.306342 0.386603 0.807050 0.845396 0.201900 0.044488 0.603901 0.681557 0.283235 0.186376
0.486328 0.797079 0.542605 0.388884 0.915913 0.459367 0.046255 0.423939 0.544103 0.141640 0.904466 0.623888 0.099834 0.833054 0.251230 0.487575 0.887644 0.772242 0.132833 0.000107 0.538821 0.641449 0.247684 0.171484
0.551485 0.852052 0.587780 0.334303 0.874478 0.445106 -0.004379 0.415291 0.596861 0.130386 0.958687 0.599961 0.003598 0.851718 0.269255 0.422000 0.841700 0.815341 0.013584 0.099051 0.556834 0.654259 0.391033 0.191496
0.608331 0.799372 0.502923 0.386312 0.942720 0.389115 0.057393 0.316844 0.586542 -0.047322 1.011154 0.681674 0.071532 0.899495 0.292127 0.395431 0.812911 0.719932 0.088226 0.114365 0.517143 0.705401 0.222790 0.100488
0.558596 0.858960 0.677020 0.358718 0.843490 0.443940 -0.006194 0.355847 0.517053 0.120961 0.968598 0.624287 0.018258 0.924656 0.212096 0.464003 0.822937 0.806347 0.116643 0.036536 0.509320 0.651273 0.291695 0.178806
0.622078 0.787331 0.565064 0.420468 0.905251 0.390613 0.021245 0.391477 0.608735 0.019495 0.937037 0.651576 0.074898 0.895266 0.197890 0.405782 0.881855 0.767944 0.210612 0.077350 0.705549 0.573381 0.191616 0.177453
0.543053 0.896016 0.549991 0.388093 0.881338 0.488816 -0.002840 0.342333 0.602241 0.081911 1.018494 0.618632 0.055352 0.902403 0.249355 0.463678 0.808479 0.726360 0.048210 0.048085 0.671300 0.684463 0.309534 0.114152
0.591122 0.767722 0.497496 0.410599 0.929608 0.455692 0.026898 0.320556 0.540345 0.100334 0.981085 0.602206 0.014488 0.800259 0.186880 0.401493 0.827520 0.776022 0.042634 0.117073 0.558493 0.580698 0.229997 0.166677
0.513807 0.757173 0.490286 0.376120 0.969299 0.470533 0.007165 0.417799 0.610971 0.135489 0.918322 0.560840 0.051296 0.899638 0.272056 0.391545 0.851679 0.678858 0.093645 0.043245 0.564692 0.707092 0.223371 0.220341
0.643249 0.773238 0.618476 0.351938 0.981635 0.368620 0.055667 0.407750 0.544184 0.101518 0.971302 0.683478 0.039959 0.840580 0.241946 0.384549 0.909871 0.741244 0.131843 0.075023 0.561628 0.629387 0.305125 0.138588
0.503989 0.823131 0.562679 0.323503 0.943846 0.461240 0.128383 0.329182 0.624316 0.111067 0.872744 0.608914 -0.043673 0.968153 0.247333 0.440510 0.905465 0.792960 0.151252 0.068991 0.526203 0.738022 0.224171 0.110572
0.599516 0.912500 0.580416 0.344496 0.905049 0.484039 0.019188 0.437891 0.517363 0.096729 1.025780 0.624316 0.021751 0.827367 0.187399 0.449181 0.989794 0.737211 0.149565 -0.045130 0.624898 0.720045 0.220546 0.231379
0.559592 0.808337 0.614470 0.406193 0.905676 0.494426 -0.027268 0.299754 0.601775 0.158355 0.813987 0.628545 0.049863 0.863366 0.217610 0.542069 0.887717 0.788498 0.105676 0.126113 0.585355 0.564942 0.246061 0.099936
0.481041 0.841608 0.599696 0.348042 0.965993 0.485204 -0.062193 0.416741 0.598656 0.135220 1.039014 0.602899 0.061823 0.971893 0.171728 0.408104 0.948644 0.787881 0.123845 0.192330 0.593734 0.720172 0.236294 0.146945
0.503504 0.881412 0.517570 0.464821 0.956500 0.478604 -0.005444 0.343270 0.561143 0.128825 0.938894 0.569905 -0.005374 0.805105 0.186225 0.457285 0.932161 0.755610 0.101720 -0.070932 0.580934 0.688493 0.285089 0.121651
0.537539 0.860615 0.619052 0.337943 0.917434 0.410432 0.011251 0.407221 0.582494 0.126351 0.882843 0.534771 0.011231 0.793067 0.345609 0.369461 0.876103 0.719565 0.068486 0.038280 0.625375 0.647195 0.258683 0.266340
0.570449 0.842540 0.592522 0.364218 1.004218 0.396059 -0.016563 0.415175 0.553095 0.104797 0.909471 0.635892 0.058705 0.911047 0.343042 0.371390 0.937192 0.778732 0.044130 0.042351 0.625883 0.624813 0.295946 0.178249
0.567802 0.821296 0.635637 0.385683 0.896678 0.438172 0.026478 0.443254 0.555296 0.060588 0.920933 0.620811 0.064627 0.850199 0.272964 0.377748 0.928982 0.854824 0.074356 0.061803 0.610712 0.718912 0.234721 0.107192
0.615300 0.779264 0.613678 0.384689 1.062766 0.444130 0.110101 0.470290 0.635810 0.081236 0.966538 0.597959 0.040043 0.969452 0.281599 0.440597 0.853284 0.809755 0.046060 0.056154 0.517926 0.690573 0.245367 0.070352
0.458967 0.934321 0.579373 0.368528 0.854681 0.467588 0.073309 0.403472 0.483688 0.121878 0.842479 0.538758 -0.020937 0.917897 0.216873 0.467866 0.805233 0.773353 0.030021 0.051835 0.573250 0.788356 0.242896 0.227633
0.464619 0.763140 0.528724 0.282559 0.881519 0.468577 0.073842 0.356499 0.547670 0.095596 0.869604 0.607955 -0.017263 0.858768 0.284859 0.475505 0.873458 0.781830 0.164788 0.141804 0.559956 0.686377 0.242547 0.171735
0.523874 0.871800 0.530186 0.369111 0.935418 0.407253 0.065250 0.325471 0.509021 0.155867 0.953581 0.600676 0.020676 0.899647 0.209340 0.358127 0.908454 0.853777 0.064686 0.108557 0.607041 0.680707 0.219329 0.237655
0.564610 0.868217 0.455893 0.462051 0.881910 0.463831 -0.035015 0.364622 0.589550 0.189503 1.003677 0.683067 0.000572 0.875786 0.307084 0.469559 0.954369 0.818559 0.180295 0.041017 0.613019 0.772767 0.232842 0.102994
0.570997 0.805726 0.506455 0.350622 0.925317 0.432712 0.081926 0.385178 0.638873 0.118287 0.897882 0.555922 0.105034 0.935647 0.309432 0.425224 0.810729 0.767567 0.086771 0.034975 0.690406 0.731868 0.235802 0.167585
0.527968 0.797179 0.569716 0.389213 0.906115 0.423465 0.123953 0.353354 0.558957 0.076793 0.938231 0.666854 0.060552 0.890468 0.152585 0.416915 0.806096 0.852904 0.106091 0.097578 0.578056 0.593163 0.268057 0.187517
0.491111 0.835693 0.549238 0.399308 0.904754 0.401526 0.110031 0.414429 0.604610 0.175598 0.969292 0.620767 0.033238 0.921124 0.179796 0.352812 0.887641 0.818472 0.027579 0.018278 0.600708 0.673239 0.178130 0.153747
0.563286 0.878335 0.561945 0.396990 0.984052 0.455839 -0.043561 0.270380 0.578311 0.124232 0.950430 0.683484 0.031647 0.794851 0.260269 0.490879 0.900791 0.773876 0.043316 0.097613 0.563103 0.652853 0.181040 0.078926
0.559987 0.781833 0.606985 0.439335 0.979439 0.411787 0.088870 0.310866 0.593266 0.183425 0.949390 0.663020 0.049745 0.942618 0.208510 0.413428 0.857851 0.786407 0.139110 -0.009124 0.575321 0.752355 0.229490 0.116880
0.585168 0.883035 0.669777 0.466544 0.828195 0.416741 0.025968 0.326939 0.616246 0.095972 0.982832 0.590448 0.082265 0.923979 0.287901 0.331307 0.888853 0.849033 0.186993 -0.022639 0.603266 0.748793 0.207016 0.128853
0.579572 0.739878 0.695568 0.401114 0.926927 0.439706 0.053765 0.320954 0.619455 0.162693 0.944146 0.596089 0.028493 0.822961 0.264200 0.359292 0.900808 0.788556 0.092983 0.066829 0.618488 0.727991 0.283865 0.128287
0.513991 0.828886 0.619661 0.386956 0.876478 0.504830 0.041943 0.312982 0.463904 0.120331 0.942019 0.653060 0.021787 0.876904 0.240546 0.423996 0.928015 0.774037 0.089693 0.069739 0.501331 0.708816 0.176850 0.170756
0.588843 0.744327 0.566642 0.458837 0.943022 0.496841 -0.005231 0.414456 0.527400 0.001667 0.949266 0.619145 0.045932 0.931632 0.189005 0.422230 0.873468 0.789632 0.124424 -0.009847 0.560278 0.617876 0.272899 0.079187
0.583279 0.824090 0.566325 0.433720 0.938270 0.375391 -0.018198 0.333144 0.503436 0.076231 0.956763 0.676232 -0.023749 0.959039 0.225036 0.441544 0.927877 0.850369 0.037817 0.103314 0.587497 0.740974 0.331838 0.160428
0.546674 0.894229 0.553862 0.354135 0.916742 0.405924 0.024792 0.387504 0.599485 0.106422 1.000703 0.597815 -0.011719 0.972338 0.210494 0.421648 0.859049 0.795157 0.008042 0.035253 0.594976 0.679528 0.277179 0.195988
0.466412 0.828685 0.604641 0.423292 0.819174 0.459740 0.090709 0.378831 0.418467 0.032915 0.907650 0.492047 0.121076 0.887523 0.383882 0.436963 0.902120 0.802888 0.173307 0.089679 0.569974 0.608205 0.265500 0.177544
0.557089 0.860232 0.609502 0.414562 0.878659 0.440561 0.044328 0.341244 0.575036 0.128708 0.877005 0.622578 0.010779 0.930114 0.263114 0.418618 0.881287 0.728410 0.098885 0.091456 0.622649 0.646278 0.261035 0.210653
0.589974 0.856110 0.554930 0.410807 0.986213 0.500895 0.000173 0.437959 0.464448 0.114771 0.921210 0.702482 0.076353 0.927732 0.300724 0.468035 0.962692 0.811884 0.121577 -0.037473 0.552866 0.688203 0.214374 0.247257
0.592276 0.798801 0.457004 0.287400 0.904964 0.446196 -0.053390 0.360194 0.594829 0.161094 1.024304 0.653496 -0.037458 0.924801 0.243934 0.477978 0.856528 0.750139 0.043669 -0.007018 0.662909 0.702519 0.151208 0.184953
0.487768 0.859126 0.500916 0.387975 0.922242 0.428130 0.074668 0.349261 0.580826 0.081541 0.938553 0.607849 -0.001391 0.863419 0.319217 0.436589 0.849729 0.798172 0.022877 0.013138 0.648929 0.668586 0.246073 0.194272
0.471892 0.753043 0.599491 0.375962 0.914020 0.573642 0.076146 0.334738 0.565515 0.095866 0.863433 0.542077 0.030105 0.847806 0.245094 0.400430 0.829896 0.788813 0.058310 0.034789 0.513953 0.620866 0.290942 0.162296
0.578024 0.767485 0.528670 0.345383 0.968541 0.456243 0.052704 0.459869 0.577651 0.098222 0.881267 0.570986 0.022254 0.864737 0.249471 0.348723 0.895311 0.776656 0.120865 0.085068 0.446290 0.710351 0.259087 0.160009
0.570727 0.807129 0.515230 0.390402 0.851342 0.496841 0.022163 0.401310 0.510269 0.117605 0.924914 0.621686 0.122701 0.857529 0.282224 0.387489 0.892997 0.837097 0.113070 0.118487 0.582579 0.667269 0.173610 0.119117
0.531522 0.765148 0.632441 0.433317 0.847214 0.433397 -0.014454 0.359721 0.572389 0.155472 0.974305 0.623224 -0.017560 0.841639 0.221284 0.477416 0.888714 0.729394 0.138282 0.107880 0.604928 0.756260 0.287779 0.215386
0.507108 0.916390 0.558693 0.355824 0.920371 0.449935 0.029352 0.344454 0.539103 0.111723 1.011519 0.622245 -0.010264 0.919318 0.267424 0.426145 0.939143 0.850994 0.057194 0.015058 0.574411 0.705168 0.206923 0.169896
0.556662 0.811009 0.547680 0.464028 0.991215 0.422206 -0.000731 0.311787 0.531273 0.044720 0.873365 0.597929 0.018498 0.874380 0.167103 0.416005 0.879262 0.738951 -0.026725 0.013451 0.556927 0.720614 0.349911 0.127548
0.461343 0.813108 0.653138 0.383130 0.947706 0.358575 -0.007655 0.371511 0.581849 0.115384 1.055916 0.541119 0.042241 0.873447 0.278967 0.427761 0.805600 0.789412 0.146167 0.160842 0.629420 0.720268 0.180111 0.141828
0.501375 0.891031 0.591176 0.480947 0.883885 0.416003 -0.023784 0.295224 0.597288 0.197861 0.903271 0.619873 -0.030709 0.909083 0.331423 0.420479 0.888851 0.752371 0.100013 0.021193 0.569947 0.787011 0.278177 0.148866
0.509759 0.811404 0.491093 0.432328 0.905839 0.330859 0.024235 0.412090 0.541019 0.010707 0.921584 0.673727 0.082384 0.854552 0.279206 0.320054 0.879186 0.744986 -0.033661 0.004550 0.530176 0.650487 0.268832 0.161250
0.531956 0.852861 0.567627 0.440365 1.029822 0.401523 0.036867 0.351034 0.581892 0.060917 0.929428 0.559404 0.033691 0.811895 0.201695 0.410927 0.883075 0.754527 0.078174 0.099967 0.633350 0.706697 0.305945 0.096403
0.547604 0.836351 0.555059 0.413266 0.995389 0.535292 0.065071 0.322753 0.537351 0.066445 0.939773 0.603092 0.031031 0.927027 0.281801 0.397920 0.839321 0.701397 0.065981 -0.019924 0.413188 0.670027 0.265607 0.146487
0.539534 0.813596 0.643098 0.397314 0.937857 0.429650 0.087179 0.382451 0.489717 0.024481 0.911070 0.601507 0.050787 0.916087 0.270936 0.368153 0.986814 0.860902 0.154731 0.022384 0.612847 0.782069 0.219484 0.234453
0.524682 0.763486 0.589927 0.403436 0.980032 0.460227 0.087697 0.435819 0.572465 0.092220 0.936154 0.618080 -0.074984 0.846504 0.222417 0.444221 0.836007 0.884219 0.066099 0.040753 0.514786 0.695648 0.207826 0.163819
0.591803 0.817196 0.576632 0.344479 1.013500 0.537821 0.026888 0.275425 0.511933 0.059430 0.913528 0.598024 0.045026 0.905052 0.213841 0.363641 0.818727 0.788171 0.199487 -0.032882 0.696880 0.665057 0.354733 0.185530
0.494914 0.832777 0.547781 0.400768 0.891630 0.442195 0.005941 0.381876 0.622311 0.096379 0.947954 0.632163 -0.001336 0.846189 0.250987 0.458777 0.851558 0.785634 0.162185 -0.001300 0.551228 0.558547 0.245498 0.166280
0.521622 0.795350 0.540204 0.465523 1.033098 0.479134 0.070799 0.370652 0.542050 0.079376 0.968048 0.576798 0.002774 0.866832 0.366128 0.462062 0.968869 0.827165 0.084447 0.090752 0.604652 0.695772 0.234459 0.167615
0.587780 0.823446 0.596675 0.418634 0.983820 0.455897 0.096990 0.445004 0.537292 0.169493 0.993306 0.530256 0.030521 0.910951 0.295408 0.437030 0.914707 0.796633 0.196748 -0.034498 0.611950 0.754517 0.307227 0.257019
0.514506 1.050282 0.618465 0.360347 0.923331 0.419769 -0.090225 0.332370 0.602315 0.088080 0.887017 0.584281 0.035480 0.908480 0.319498 0.397991 0.809993 0.777944 0.018758 0.040327 0.629927 0.718551 0.209145 0.181835
0.517979 0.900567 0.546832 0.374422 0.995106 0.402704 0.070254 0.423331 0.609556 0.095258 0.962219 0.612955 0.017473 0.922055 0.307661 0.398185 0.892172 0.748841 0.130736 0.067904 0.567234 0.654821 0.243376 0.222439
0.496463 0.867498 0.492164 0.446032 0.882402 0.581446 0.021282 0.313587 0.480864 0.078554 0.912357 0.548260 0.053449 0.869258 0.236165 0.436766 0.920594 0.777396 0.162145 0.094472 0.603746 0.671251 0.167373 0.196176
0.463587 0.769317 0.477247 0.397494 0.983722 0.575956 -0.022847 0.317843 0.531310 0.117696 0.955713 0.632163 -0.015447 0.868359 0.265301 0.425743 0.917139 0.768719 0.123747 0.077318 0.566054 0.706395 0.318869 0.157881
0.537930 0.869737 0.531118 0.340370 1.044514 0.469985 0.030669 0.401447 0.582945 0.045641 0.862207 0.611920 0.081818 0.831567 0.149852 0.398664 0.866331 0.808537 0.126510 0.111517 0.587911 0.660283 0.210848 0.203480
0.503858 0.756486 0.626458 0.339445 0.968854 0.370999 0.096751 0.367028 0.598123 -0.011110 0.953298 0.609037 -0.026953 0.903282 0.248556 0.445425 0.922308 0.778755 0.114952 -0.065108 0.571223 0.691722 0.272546 0.144120
0.654761 0.869897 0.616318 0.405855 0.921138 0.481492 0.075516 0.451119 0.592477 0.062408 0.984031 0.640415 0.109766 0.778596 0.329917 0.444709 0.973099 0.722909 0.079666 0.074370 0.616622 0.756283 0.206105 0.085302
0.494036 0.904284 0.648446 0.432575 0.965153 0.445533 -0.045156 0.335326 0.545670 0.053733 0.877848 0.565656 -0.015677 0.976143 0.246723 0.362580 0.880982 0.861804 0.130997 0.090817 0.632795 0.768978 0.153122 0.141102
0.503629 0.763039 0.589958 0.485022 0.918348 0.420805 -0.050063 0.363558 0.555847 0.135292 0.870512 0.657896 0.003324 0.899916 0.223826 0.389277 0.847139 0.845980 0.036506 0.144157 0.641645 0.615554 0.208222 0.148444
0.581796 0.758736 0.504392 0.319120 0.939502 0.452590 -0.020956 0.436135 0.621540 0.101651 0.916481 0.536013 0.067549 0.870220 0.234872 0.490796 0.898845 0.853577 0.182611 0.099375 0.587396 0.738819 0.161326 0.109093
0.478886 0.813147 0.616036 0.284128 0.915742 0.479810 0.055447 0.440535 0.550283 0.027293 0.908064 0.666515 0.003826 0.990932 0.273966 0.426980 0.965622 0.723736 0.058097 0.080319 0.517924 0.729514 0.200091 0.187171
0.491858 0.809782 0.513623 0.450116 0.944630 0.505623 0.068068 0.366473 0.632652 0.058548 0.944888 0.519301 0.081717 0.830602 0.145122 0.453966 0.779892 0.740483 0.052338 0.106036 0.534928 0.693076 0.239099 0.193342
0.508673 0.791570 0.493785 0.400523 0.937961 0.472020 -0.018357 0.364471 0.552864 0.144000 0.949775 0.627280 0.045515 0.978484 0.295560 0.448336 0.880596 0.747655 0.093622 -0.013273 0.546718 0.637309 0.252704 0.177679
0.567453 0.802397 0.599783 0.318572 0.824679 0.489650 0.074905 0.442862 0.591632 0.071175 0.868103 0.627630 0.065221 0.839517 0.261414 0.441276 0.830413 0.762301 0.200314 0.041963 0.639732 0.547248 0.220163 0.162554
0.597931 0.819194 0.555594 0.393825 0.844482 0.437889 0.030669 0.375054 0.548395 0.107800 0.893677 0.641504 -0.025016 0.925608 0.296862 0.321794 0.849069 0.668656 -0.082055 -0.026021 0.627044 0.568698 0.241273 0.073819
0.626507 0.828425 0.613119 0.337641 0.887764 0.459809 -0.089419 0.346558 0.512235 0.058716 0.949986 0.588849 0.049613 0.881139 0.283778 0.492120 0.809733 0.732446 0.110993 0.026210 0.566172 0.637518 0.339928 0.162517
0.588577 0.918408 0.645103 0.444940 0.852103 0.452591 0.079183 0.332712 0.487763 0.102938 0.956491 0.639134 0.080667 0.846522 0.248952 0.475385 0.831236 0.786206 0.079576 -0.049860 0.592555 0.786940 0.239435 0.160810
0.574977 0.831880 0.578003 0.381718 0.925895 0.475709 -0.010543 0.386079 0.585955 0.139159 0.941666 0.635860 0.038449 0.870481 0.217210 0.473835 0.842661 0.810771 0.198332 -0.012508 0.557763 0.786063 0.202717 0.153474
0.540463 0.802341 0.531907 0.397053 0.861204 0.455260 0.041861 0.366651 0.603105 0.069710 0.822946 0.600031 -0.062077 0.847818 0.306129 0.370013 0.912183 0.805745 0.083088 -0.004313 0.592049 0.616345 0.242714 0.083400
0.558830 0.837447 0.616916 0.417384 0.914423 0.484060 0.086302 0.403227 0.490047 0.182440 0.909605 0.563312 -0.002218 0.876189 0.233994 0.363447 0.871254 0.818613 0.083705 0.090107 0.529368 0.761887 0.235611 0.059524
0.516672 0.787088 0.559933 0.475449 0.949517 0.474639 -0.024071 0.352457 0.599348 0.114553 1.009383 0.625269 0.004217 0.968762 0.309980 0.479356 0.876457 0.765868 0.097762 0.030933 0.591199 0.711176 0.235494 0.139322
0.516483 0.876245 0.579060 0.366562 0.857226 0.446115 0.018400 0.403505 0.543807 0.115465 0.864878 0.690316 0.029504 0.843669 0.244436 0.458775 0.992404 0.787337 0.013435 0.099255 0.546718 0.715821 0.257735 0.104626
0.632523 0.856014 0.644726 0.422738 0.983202 0.457671 0.009572 0.414494 0.575387 0.025313 0.985134 0.607989 -0.020380 0.977947 0.347337 0.543344 0.917278 0.739903 0.055281 0.066623 0.604342 0.672397 0.249143 0.177778
0.502100 0.869103 0.540784 0.317453 0.993488 0.459369 0.023592 0.390308 0.543647 0.068500 0.964437 0.605887 -0.029417 0.926617 0.177839 0.542606 0.873731 0.869102 0.067378 0.040083 0.586442 0.637696 0.237377 0.167805
0.452249 0.787421 0.522979 0.404035 0.928380 0.400779 -0.076610 0.471863 0.560365 0.042384 1.008016 0.620658 0.075145 0.881116 0.237817 0.474007 0.726402 0.822871 0.077876 0.107324 0.496534 0.705185 0.220351 0.151956
0.559873 0.840584 0.473200 0.352253 0.944656 0.505029 0.079997 0.479396 0.510670 0.081004 1.070624 0.619232 0.074536 0.885035 0.213793 0.467048 0.872613 0.759015 0.066901 0.115182 0.573690 0.617294 0.214417 0.136218
0.499598 0.796724 0.562418 0.396331 0.946757 0.325272 0.007845 0.486929 0.531978 0.080447 0.857928 0.637654 -0.045200 0.784949 0.303561 0.404592 0.806082 0.751238 0.083042 0.041990 0.630910 0.747559 0.315695 0.074514
0.636957 0.900056 0.517527 0.415814 0.942635 0.338863 0.031261 0.370830 0.558594 -0.006044 0.940892 0.603878 0.013778 0.893893 0.410583 0.383148 0.826467 0.784375 0.112617 0.053576 0.554387 0.645700 0.183370 0.228735
0.501409 0.850229 0.597987 0.292243 0.921112 0.421208 0.025069 0.310775 0.591550 0.125397 0.990271 0.595397 0.008058 0.963269 0.230063 0.535572 0.928934 0.774094 0.103047 0.051602 0.609450 0.806770 0.262528 0.203467
0.525407 0.856767 0.626381 0.354767 0.969257 0.517375 0.004933 0.328895 0.477399 0.084815 1.052976 0.659606 0.120187 0.957338 0.264426 0.422791 0.893027 0.767664 0.112816 -0.031702 0.542535 0.655191 0.257451 0.105586
0.495475 0.849398 0.584087 0.387419 0.864775 0.489334 0.050239 0.326161 0.544833 0.142542 0.951995 0.626015 -0.015292 0.903972 0.209673 0.334867 1.010414 0.714730 0.117470 0.117925 0.600524 0.660474 0.315843 0.138105
0.544623 0.918261 0.586648 0.416598 0.928810 0.412654 0.010006 0.353574 0.584148 0.066030 0.989188 0.669565 0.093434 0.952600 0.182277 0.469293 0.907426 0.850401 0.048610 0.001236 0.560072 0.684349 0.266689 0.106993
0.582728 0.830581 0.486919 0.377994 0.967609 0.391177 0.053093 0.327075 0.535780 0.123064 0.969017 0.621390 0.005216 0.919118 0.214838 0.382581 0.910391 0.825694 0.059006 0.003171 0.621700 0.695411 0.289213 0.123068
0.620719 0.900940 0.580821 0.463418 0.973237 0.414446 -0.011219 0.372096 0.552819 0.212581 1.000956 0.680795 -0.034450 0.839558 0.240224 0.450807 0.829668 0.910085 0.075245 0.046216 0.530877 0.688134 0.219086 0.102472
0.606141 0.885242 0.584741 0.365393 1.033327 0.375071 0.024703 0.453456 0.557801 0.020092 1.002859 0.562999 0.062695 0.935885 0.254446 0.420262 0.811012 0.786560 0.110315 0.029756 0.590303 0.766288 0.237896 0.196582
0.474328 0.774419 0.615605 0.393647 0.909657 0.412989 0.010358 0.344312 0.690033 0.029838 0.957022 0.622566 0.041749 0.874751 0.280533 0.450212 0.880914 0.770435 0.148637 0.005205 0.583469 0.672625 0.256594 0.182912
0.596078 0.911943 0.524350 0.406003 1.042430 0.489519 0.105751 0.437271 0.556865 0.086865 0.789250 0.636207 -0.046450 0.801670 0.284173 0.419476 0.902920 0.742820 0.072559 0.064201 0.576611 0.762606 0.300235 0.100380
0.485416 0.856040 0.711539 0.370390 0.962620 0.476145 0.039164 0.323057 0.487250 0.047453 0.948278 0.628045 0.015729 0.901441 0.211820 0.390607 0.903697 0.846405 0.096604 0.116908 0.570847 0.687236 0.292292 0.119856
0.590772 0.870354 0.552674 0.469234 1.028384 0.422075 0.038668 0.340101 0.494616 0.135687 0.892863 0.669536 0.096122 0.850774 0.236812 0.423183 0.863753 0.737265 0.052298 0.026052 0.605771 0.701484 0.271049 0.141929
0.554029 0.754924 0.585005 0.396517 0.953922 0.517148 -0.009143 0.293465 0.566611 0.081655 0.876892 0.683361 0.003071 0.785963 0.305916 0.443312 0.749829 0.831203 -0.012059 0.031998 0.593799 0.707887 0.172737 0.066428
0.543037 0.829988 0.581856 0.330912 0.905187 0.474013 0.040097 0.330864 0.499294 0.176728 0.984272 0.651938 0.018353 0.816457 0.208220 0.534353 0.867152 0.761232 0.186432 0.032133 0.425956 0.729065 0.372011 0.135020
0.538988 0.877609 0.569597 0.395778 0.983488 0.457067 -0.003936 0.393276 0.545790 0.111918 0.909774 0.641205 0.079404 0.933033 0.260731 0.407776 0.899757 0.716221 0.153774 0.040289 0.614075 0.754650 0.183548 0.129497
0.642781 0.835835 0.518973 0.361708 1.019346 0.520420 0.005682 0.396647 0.554837 -0.057990 0.951265 0.709528 -0.070019 0.930039 0.306705 0.395920 0.875553 0.804327 0.133294 0.043977 0.598195 0.651624 0.279310 0.207526
0.479568 0.852050 0.598068 0.471565 0.923028 0.546444 -0.018254 0.380049 0.534164 0.022926 0.908824 0.552078 0.006693 0.901596 0.187536 0.473787 0.924707 0.836261 0.074629 0.082012 0.564615 0.595641 0.212680 0.052243
0.451672 0.753535 0.503675 0.407729 0.981577 0.365227 0.046256 0.426504 0.592323 0.033483 0.992554 0.559612 0.024226 0.893765 0.335373 0.428560 0.812820 0.817945 0.081885 0.045054 0.555410 0.703151 0.169598 0.269972
0.517077 0.788636 0.633755 0.423381 0.905888 0.414590 0.026120 0.426774 0.540286 0.127648 0.899314 0.659432 -0.002055 0.819823 0.191162 0.422475 0.961260 0.828211 0.172843 0.049169 0.561586 0.788252 0.262481 0.104032
0.560571 0.780606 0.564021 0.406666 0.975027 0.410555 0.005821 0.263660 0.385522 0.059780 0.981559 0.591862 0.032696 0.833341 0.190928 0.483470 1.012101 0.755522 0.067351 0.031719 0.511565 0.734597 0.212375 0.139542
0.621495 0.855118 0.554218 0.392343 0.884657 0.455933 0.046994 0.398215 0.495029 0.066894 0.899648 0.623070 0.080823 0.881338 0.240615 0.392106 0.962092 0.738650 0.040973 -0.003486 0.533139 0.676187 0.247962 0.114735
0.548988 0.745872 0.618481 0.461161 0.994745 0.395206 0.003400 0.379332 0.582370 0.031769 0.957200 0.586040 -0.039922 0.933733 0.233516 0.513392 0.935034 0.826057 0.116230 -0.034326 0.570492 0.749614 0.264201 0.128618
0.509911 0.828534 0.613944 0.392916 0.945960 0.424750 -0.035849 0.382056 0.512300 0.127040 1.004605 0.716174 0.088322 0.828680 0.302656 0.416314 0.836017 0.770193 0.049293 0.127787 0.563883 0.653362 0.320844 0.179052
0.437866 0.798757 0.583361 0.381571 0.864639 0.493721 -0.034801 0.394703 0.532164 0.120649 0.871044 0.566029 0.074432 0.825884 0.226852 0.375214 0.860144 0.768825 0.135776 0.109436 0.536550 0.648729 0.240909 0.214779
0.539761 0.761099 0.680276 0.407172 0.889472 0.496900 0.082685 0.399981 0.560514 0.056602 0.876168 0.596898 -0.083647 0.959738 0.234506 0.462378 0.811117 0.858101 0.040753 0.038273 0.493435 0.670019 0.309181 0.149573
0.499838 0.787987 0.596939 0.403260 0.946327 0.439478 0.026436 0.427192 0.504545 0.110200 0.915256 0.589796 0.087774 0.878498 0.325113 0.461723 0.949397 0.840462 0.025377 0.021204 0.695450 0.703113 0.194173 0.316728
0.609130 0.774141 0.561004 0.384892 0.855897 0.500966 0.052590 0.431497 0.604178 0.105481 0.862826 0.590921 -0.038113 0.896683 0.189004 0.392966 0.881299 0.746375 0.132929 -0.096688 0.588169 0.611182 0.158723 0.173337
0.544356 0.833511 0.555557 0.388262 0.950450 0.429691 0.044399 0.332096 0.517796 0.010935 0.940457 0.532797 0.009970 0.942765 0.120580 0.476347 0.875245 0.833915 0.108709 -0.006082 0.675014 0.757031 0.261155 0.135137
0.570849 0.857070 0.583155 0.469435 0.867296 0.427371 0.074450 0.438119 0.644834 0.121869 1.028693 0.608216 0.044677 0.911714 0.227612 0.445565 0.944871 0.686727 0.154854 0.098279 0.664665 0.741984 0.282968 0.097040
0.575307 0.831905 0.512801 0.341351 0.894380 0.533699 0.076890 0.383592 0.540903 0.142377 0.952956 0.576348 0.051256 1.047587 0.301630 0.486596 0.973705 0.809528 0.211094 -0.055101 0.540284 0.667218 0.187833 0.102104
0.468925 0.740390 0.574830 0.366801 0.951764 0.487223 -0.001419 0.327497 0.604566 0.143079 0.914233 0.565921 0.070414 0.949946 0.239641 0.469876 0.846296 0.772575 0.045136 0.085809 0.503052 0.648287 0.256859 0.178234
0.538672 0.819716 0.586432 0.448625 0.944397 0.464568 0.065063 0.312535 0.510135 0.127780 0.943649 0.591816 0.038543 0.885058 0.294462 0.455236 0.957093 0.762762 0.139262 0.030348 0.560004 0.621532 0.294994 0.217769
0.586123 0.809111 0.528592 0.392651 0.864357 0.489334 -0.003353 0.314946 0.594286 0.122588 0.988340 0.681663 0.065297 0.865154 0.201873 0.453368 0.796371 0.815084 0.153004 0.041957 0.617435 0.683143 0.224474 0.179799
0.470854 0.872502 0.635973 0.397134 0.885090 0.475159 -0.007886 0.350222 0.561053 0.072517 1.025499 0.595416 0.020623 0.979276 0.269069 0.376148 0.938667 0.719390 0.133700 0.096130 0.542571 0.604713 0.274520 0.111405
0.501475 0.947947 0.557663 0.404436 0.818512 0.419459 0.005547 0.381766 0.597958 0.115958 0.924060 0.610792 0.031859 0.918606 0.280039 0.449739 0.845946 0.768986 0.056541 0.069434 0.589420 0.703076 0.199915 0.144142
0.511956 0.867262 0.565535 0.365725 0.979556 0.525613 -0.018734 0.431400 0.536291 0.166097 0.983224 0.746811 0.015155 0.814869 0.275226 0.403779 0.812645 0.717909 0.182082 0.062423 0.646084 0.635140 0.161419 0.157416
0.568266 0.809564 0.586541 0.400802 0.970031 0.470011 0.061915 0.355101 0.559684 0.071842 0.889889 0.634576 -0.009921 0.848921 0.238757 0.392920 0.957976 0.747105 0.113358 0.111880 0.635382 0.707140 0.275992 0.164460
0.562840 0.827317 0.590187 0.398476 0.875589 0.517895 0.000509 0.390592 0.458411 0.173751 0.949669 0.590617 0.109630 0.910827 0.249179 0.399245 0.883824 0.778548 0.114657 0.045784 0.534952 0.671058 0.265097 0.155526
0.490961 0.888584 0.547828 0.384174 0.941634 0.515319 0.019544 0.433045 0.570063 -0.018473 0.920432 0.605725 0.042699 0.966952 0.206365 0.551935 0.953909 0.808523 0.042517 0.058274 0.588269 0.619541 0.364884 0.129059
0.536025 0.887193 0.503095 0.347530 0.937540 0.512568 0.130393 0.397457 0.450783 0.079736 0.928266 0.604317 0.022284 0.866675 0.257023 0.457761 0.864377 0.852450 0.268869 0.106331 0.546980 0.724615 0.177369 0.157343
0.439317 0.794990 0.576807 0.388311 0.853342 0.407496 -0.014736 0.360158 0.507061 -0.004190 0.919127 0.733007 0.070915 0.916133 0.166791 0.527334 0.911403 0.723644 0.093900 0.057965 0.667860 0.708984 0.226683 0.157551
0.511883 0.889675 0.500666 0.325804 0.942175 0.414387 0.092284 0.316435 0.607064 0.097685 0.963520 0.665903 0.102107 0.869461 0.316190 0.403290 0.893811 0.791147 0.050593 -0.030104 0.555554 0.683716 0.314445 0.228981
0.578660 0.786278 0.601903 0.507716 0.920624 0.448392 -0.015148 0.315349 0.597696 0.146121 0.960861 0.617295 0.005332 0.896077 0.287935 0.424932 0.844606 0.829664 0.158955 -0.033838 0.561633 0.659708 0.281491 0.216116
0.508685 0.814132 0.599569 0.360962 0.928141 0.437562 0.041902 0.351917 0.581015 0.124783 0.988839 0.649934 -0.040989 0.942241 0.263096 0.363982 0.872520 0.896227 0.042056 0.108255 0.555668 0.643284 0.214977 0.111458
0.550386 0.924403 0.668245 0.434618 0.906317 0.440983 0.040825 0.440021 0.543749 0.203049 0.953797 0.615335 0.020493 0.946069 0.266936 0.462805 0.969178 0.819559 0.054899 0.084776 0.631638 0.660798 0.209518 0.126155
0.573480 0.804969 0.638088 0.338197 0.974147 0.379171 -0.019448 0.350810 0.549146 0.070937 0.870154 0.617777 -0.057014 0.843154 0.303317 0.405871 0.849397 0.766340 0.050939 -0.059773 0.615119 0.657895 0.275572 0.122894
0.497684 0.756341 0.551113 0.392200 0.883245 0.424941 0.030551 0.357331 0.587352 0.164065 0.908273 0.596728 0.048509 0.907505 0.187961 0.355292 0.863213 0.794124 -0.015645 0.089533 0.614856 0.698364 0.245894 0.144051
0.533293 0.776118 0.627121 0.423495 0.874834 0.434526 -0.025114 0.292204 0.528789 0.196991 0.969370 0.557791 -0.012516 0.856656 0.284608 0.422234 0.839222 0.754514 0.071643 0.105600 0.541500 0.721697 0.275770 0.117848
0.556042 0.892329 0.505161 0.395823 0.933600 0.492216 0.073089 0.412496 0.641905 0.041064 0.930242 0.625440 0.126833 0.991191 0.321489 0.468385 0.807004 0.786472 0.165947 0.043103 0.582973 0.681419 0.180657 0.126361
0.443802 0.878945 0.537963 0.424447 0.938372 0.466411 0.047715 0.396068 0.571760 0.119112 0.839350 0.536518 -0.015313 0.858006 0.222858 0.426940 0.856774 0.775543 0.025983 0.082715 0.584457 0.721665 0.192911 0.093832
0.472751 0.882362 0.459959 0.376988 0.942393 0.348102 0.015067 0.456750 0.631479 0.022197 0.972059 0.731122 -0.005236 0.920422 0.307204 0.430369 0.904637 0.722189 0.087087 0.088555 0.585278 0.716736 0.214503 0.189952
0.537790 0.804363 0.638518 0.498408 0.905903 0.376867 0.042911 0.456788 0.519666 0.150736 0.972086 0.693228 0.026085 0.842843 0.210475 0.482627 0.829382 0.739206 0.010480 0.041974 0.508635 0.718116 0.271487 0.145568
0.509433 0.812670 0.642708 0.382401 0.888523 0.376006 0.025799 0.393728 0.623958 0.071390 0.914800 0.652481 0.095653 0.829189 0.268363 0.564336 0.817748 0.745375 0.019413 0.038703 0.570299 0.681733 0.202264 0.106878
0.455637 0.829288 0.579147 0.327347 0.925768 0.475920 0.023412 0.414958 0.479932 0.107014 0.907685 0.627708 0.045157 0.839298 0.195139 0.468830 0.845703 0.824143 0.077796 0.033714 0.594599 0.653830 0.244144 0.208250
0.406386 0.760653 0.548019 0.414046 0.887985 0.504877 -0.022412 0.329526 0.526431 0.073476 1.023158 0.632777 0.135280 0.888410 0.192054 0.456526 0.865384 0.833254 0.121042 0.072988 0.587315 0.719346 0.319602 0.066266
0.436358 0.833330 0.629119 0.399845 0.848114 0.457608 -0.015469 0.458989 0.509769 0.103268 0.854554 0.670377 0.009295 0.997686 0.253337 0.461521 0.835899 0.837140 0.129033 0.031598 0.621283 0.750298 0.183779 0.147088
0.587683 0.861543 0.553062 0.377857 0.828083 0.412939 -0.060775 0.357065 0.605769 0.109116 0.927848 0.609804 0.014062 0.888296 0.250048 0.339529 0.847013 0.795461 0.173621 0.010690 0.590208 0.691357 0.296698 0.195390
0.543698 0.814732 0.547763 0.397516 1.040667 0.428159 0.055064 0.390761 0.532460 0.095405 0.963029 0.681464 0.032840 0.901082 0.225289 0.436446 0.935178 0.743145 0.061305 0.045325 0.666777 0.707490 0.242439 0.126984
0.517127 0.786123 0.565557 0.346474 0.963671 0.545126 0.038839 0.321055 0.535530 0.132773 1.008329 0.665298 0.016263 0.899763 0.263203 0.440426 0.818443 0.702395 0.123631 -0.008490 0.592255 0.724546 0.279748 0.177398
0.579453 0.864670 0.589469 0.351716 0.995277 0.371014 -0.099927 0.414420 0.468995 0.033536 0.967091 0.621628 -0.009039 0.937533 0.218536 0.374287 0.847773 0.767024 0.150705 -0.004636 0.487575 0.722979 0.280214 0.105307
0.569752 0.855243 0.594876 0.370255 0.888159 0.489981 0.041059 0.417841 0.628695 0.052968 0.913099 0.597340 0.035181 0.928055 0.245835 0.483812 0.861659 0.759306 0.148373 0.087848 0.559644 0.689030 0.237824 0.166286
0.434728 0.827824 0.587377 0.386512 0.914584 0.398949 0.083119 0.428173 0.485262 0.022387 0.882378 0.581356 0.077445 0.897478 0.218328 0.455954 0.920613 0.831377 0.158319 0.097192 0.631832 0.721622 0.288955 0.127856
0.530235 0.868996 0.673794 0.335595 0.775181 0.436323 0.020245 0.448988 0.563261 0.123211 0.925426 0.602818 0.068494 0.903327 0.307138 0.440458 0.785383 0.842689 0.056840 0.004645 0.565896 0.710877 0.301108 0.140670
0.641278 0.794319 0.559735 0.435094 0.922383 0.386255 0.119124 0.390453 0.646621 0.160115 1.008679 0.533279 0.061418 0.900134 0.328914 0.494065 0.871932 0.764374 0.041618 0.051693 0.647642 0.654073 0.319446 0.225208
0.518413 0.853930 0.523927 0.461801 0.957405 0.462544 0.055559 0.413188 0.584253 0.093364 0.859845 0.682526 -0.022553 0.889961 0.286794 0.494982 0.863040 0.836238 0.100403 0.091199 0.621898 0.746562 0.233806 0.148400
0.545908 0.761123 0.567872 0.419440 0.993602 0.537835 0.045548 0.413441 0.458783 0.045557 0.935948 0.612157 -0.010382 0.920879 0.293845 0.388819 0.746124 0.744348 0.043732 0.044726 0.497920 0.739899 0.225688 0.073389
0.558441 0.730736 0.566243 0.388023 0.950766 0.396386 0.045141 0.377697 0.531032 0.057059 0.949233 0.637210 0.033347 0.918833 0.290558 0.414534 0.894445 0.765991 0.214477 -0.023607 0.682486 0.706588 0.199962 0.063484
0.532912 0.877495 0.528653 0.366176 0.987916 0.409707 -0.035571 0.320631 0.534075 0.143399 0.969382 0.697909 -0.048253 0.877809 0.231383 0.354833 0.878997 0.709513 0.110852 0.044506 0.538546 0.640258 0.219407 0.175570
0.564512 0.856102 0.623194 0.411207 0.885095 0.475358 0.035841 0.426041 0.567104 0.122741 0.890467 0.566281 -0.007491 0.850224 0.314997 0.414754 0.825975 0.848030 0.083320 -0.023550 0.609517 0.661186 0.235195 0.047755
0.536498 0.964294 0.555952 0.449705 0.965778 0.416809 0.005573 0.353323 0.584905 0.124010 0.940149 0.631637 0.026684 0.955720 0.244328 0.362974 0.849961 0.751146 0.105261 0.095610 0.535744 0.612405 0.212612 0.220194
0.590305 0.804388 0.592697 0.357390 0.949328 0.407820 0.039424 0.394264 0.521419 0.026126 0.955622 0.674338 -0.070567 0.879909 0.176859 0.475705 0.905560 0.706574 0.196129 -0.068805 0.580228 0.748791 0.290572 0.120086
0.604059 0.775261 0.472391 0.413818 0.988535 0.516937 0.049444 0.438120 0.598039 0.072285 0.972267 0.650865 0.103797 0.941645 0.322852 0.371263 0.933660 0.706478 0.087131 0.001832 0.540923 0.709207 0.241910 0.096831
0.606714 0.852527 0.546814 0.401161 0.883191 0.476373 0.001472 0.316622 0.563547 0.199246 0.935953 0.659841 0.015649 0.846397 0.271583 0.516839 0.835114 0.840444 0.096815 0.115631 0.543533 0.621644 0.248779 0.121818
0.484220 0.802451 0.646591 0.401617 0.962859 0.490313 0.012901 0.404202 0.551336 0.053563 0.898789 0.612113 -0.067905 0.860699 0.210850 0.420751 0.844306 0.734265 0.207181 0.035262 0.541711 0.680148 0.204695 0.172917
0.599148 0.854660 0.514448 0.388744 0.942213 0.444403 0.046370 0.338031 0.523041 0.083242 0.913951 0.728128 -0.084474 0.928736 0.337513 0.359669 0.840120 0.837953 0.123170 0.099104 0.654487 0.704855 0.260297 0.149340
0.522568 0.954991 0.594740 0.428431 0.996330 0.427513 0.092191 0.337747 0.553217 -0.005585 0.891797 0.650166 0.009225 0.848530 0.258199 0.458014 0.925616 0.845781 0.129264 -0.028580 0.544816 0.715879 0.288006 0.183462
0.565801 0.759564 0.597255 0.434238 0.980574 0.478296 0.011574 0.394165 0.622448 0.117325 0.949927 0.632598 0.010709 0.807467 0.231344 0.530719 0.906542 0.887435 0.104369 0.064352 0.536737 0.666383 0.215054 0.189397
0.669142 0.861330 0.584876 0.308129 0.886697 0.352971 0.108852 0.432172 0.543149 0.072185 0.975549 0.556474 -0.047326 0.818598 0.219440 0.406677 0.903673 0.820723 0.109998 0.054642 0.593095 0.682820 0.206300 0.109042
0.554865 0.783651 0.584722 0.381195 0.991346 0.496610 0.027571 0.380514 0.565869 0.115464 0.911612 0.629450 0.033208 0.944763 0.211466 0.464505 0.852405 0.779853 0.143561 -0.014593 0.600965 0.721224 0.263320 0.207684
0.573900 0.798925 0.583320 0.395469 0.856004 0.442226 -0.036352 0.452134 0.520876 0.044728 0.923972 0.598492 -0.008448 0.946480 0.204624 0.385607 0.931205 0.839324 0.100221 -0.028481 0.651643 0.724130 0.327935 0.121442
0.523344 0.836170 0.554569 0.483620 0.885451 0.460156 0.056426 0.299731 0.526478 0.044479 0.853384 0.655677 -0.036654 0.855996 0.259350 0.397467 0.852050 0.782386 0.181757 0.140573 0.596734 0.630000 0.140845 0.058109
0.534092 0.800537 0.564179 0.351460 0.932449 0.440768 -0.027945 0.365525 0.501927 0.093101 0.941894 0.616631 0.030497 0.952349 0.257166 0.426154 0.908714 0.853545 0.116749 0.008886 0.610498 0.608067 0.282937 0.079816
0.554148 0.814604 0.556633 0.447949 0.970425 0.453096 0.068555 0.356603 0.504966 -0.037177 0.944239 0.774039 0.089762 0.906324 0.269855 0.368551 0.951516 0.743402 0.195749 0.064843 0.568782 0.648855 0.213162 0.184127
0.574076 0.817482 0.683980 0.450898 0.956206 0.441725 0.082329 0.343643 0.573473 0.082422 0.938939 0.680749 0.060467 0.944950 0.317092 0.432751 0.956008 0.728630 0.199659 0.113142 0.524164 0.739843 0.192153 0.174566
0.543207 0.794905 0.536729 0.404559 0.959450 0.348899 0.068957 0.452971 0.552760 0.121676 0.971940 0.611077 0.002921 0.816612 0.236146 0.447872 0.930177 0.717974 0.129529 0.135213 0.542606 0.726241 0.281891 0.164417
0.490658 0.733365 0.583047 0.392670 0.904683 0.446058 -0.010158 0.390028 0.507410 0.077283 0.967208 0.654624 0.064830 0.890907 0.193045 0.509655 0.906283 0.759872 0.095496 0.056531 0.546857 0.651345 0.227750 0.178123
0.540064 0.775402 0.587156 0.433277 0.887748 0.461803 -0.054196 0.240601 0.547520 0.110205 1.006829 0.766619 -0.004203 0.879691 0.209372 0.473385 0.755632 0.806677 0.084747 0.087298 0.614448 0.686813 0.283683 0.239727
0.490057 0.872636 0.543345 0.432561 0.993574 0.449363 -0.036028 0.379280 0.556916 0.109946 1.059358 0.662504 0.022744 1.021520 0.345228 0.397983 0.893951 0.780390 0.143442 0.058423 0.572894 0.676970 0.243744 0.188557
0.471663 0.859667 0.556048 0.378758 0.901598 0.440767 0.033752 0.318615 0.680111 0.079410 0.939882 0.652192 0.021679 0.890982 0.337590 0.451808 0.935537 0.769774 0.140747 0.132249 0.642623 0.663289 0.257324 0.160821
0.503285 0.755430 0.620909 0.459536 0.873828 0.389833 -0.068823 0.429093 0.547450 0.011026 0.946457 0.640203 -0.019200 0.936775 0.171396 0.422520 0.818905 0.866967 0.109206 0.042006 0.643202 0.631042 0.242881 0.172235
0.584522 0.814992 0.586471 0.372361 0.920824 0.452208 -0.103052 0.321147 0.568536 0.004257 0.933693 0.614323 0.127177 0.887177 0.230707 0.336169 0.866559 0.666706 0.081867 0.078373 0.626057 0.649210 0.247322 0.146378
0.543387 0.826253 0.551372 0.280625 0.867308 0.407875 -0.046783 0.445473 0.570928 0.074240 0.882269 0.643649 0.032938 0.941031 0.272267 0.529339 0.852393 0.734290 0.095454 0.053990 0.625791 0.754729 0.169232 0.076325
0.557272 0.842574 0.551262 0.336627 1.001447 0.496524 0.002851 0.398483 0.537048 0.074858 0.950909 0.597119 0.017797 0.918441 0.176541 0.400664 0.868616 0.804358 0.098879 0.095192 0.549395 0.635587 0.290385 0.080024
0.565988 0.865955 0.607202 0.276694 0.871296 0.416289 0.028335 0.423551 0.623293 0.073814 0.885895 0.537094 -0.026300 0.917893 0.252015 0.400856 0.917335 0.896937 0.163660 0.031895 0.584674 0.717459 0.205279 0.194979
0.463522 0.861605 0.544598 0.416314 0.897344 0.473466 0.019249 0.354352 0.562193 0.112093 0.970473 0.649339 0.027823 1.007353 0.252198 0.455450 0.815204 0.803504 0.085178 0.072151 0.519468 0.640523 0.215738 0.257148
0.468025 0.800042 0.539403 0.381830 0.867515 0.403502 -0.004363 0.420628 0.531990 0.077360 1.029649 0.630661 0.078180 0.870163 0.164655 0.456753 0.917813 0.866578 0.188104 0.065187 0.545258 0.668775 0.297427 0.075650
0.491106 0.879637 0.518301 0.459150 0.991338 0.430582 0.039548 0.454467 0.501434 0.087694 0.867963 0.592329 0.065174 0.918813 0.196260 0.404166 0.878634 0.782019 0.051474 0.044599 0.641336 0.682814 0.287041 0.032446
0.545462 0.730358 0.551807 0.423979 0.959497 0.407357 -0.038087 0.354739 0.622120 0.092481 1.008014 0.603823 0.069100 0.941733 0.134253 0.324335 0.906492 0.849735 0.160160 0.130494 0.625489 0.663292 0.260951 0.059309
0.554807 0.809811 0.592299 0.428624 0.929379 0.315371 -0.044590 0.392285 0.483796 0.127861 0.914441 0.633575 0.081838 0.820537 0.295631 0.445757 0.874747 0.690503 0.095838 0.117634 0.544705 0.754475 0.264023 0.205705
0.532155 0.886165 0.620771 0.399688 0.991469 0.399171 -0.083993 0.367871 0.623281 0.084936 0.928653 0.583580 0.068556 0.912055 0.231595 0.475624 0.949386 0.704297 0.032102 -0.061802 0.595211 0.769960 0.219646 0.093266
0.546613 0.864667 0.718336 0.399413 0.924831 0.465455 0.036396 0.387731 0.621790 0.151505 0.996592 0.666535 0.075361 0.863064 0.202932 0.537584 0.937175 0.843699 0.086969 0.042549 0.595759 0.629154 0.162170 0.148304
0.563225 0.802804 0.631642 0.371952 0.913089 0.419690 0.089910 0.396282 0.562186 0.077622 0.856065 0.570441 0.086826 0.885061 0.321642 0.419696 0.859008 0.736054 0.146459 0.028282 0.584169 0.631789 0.236412 0.223598
0.456263 0.907190 0.544232 0.458381 0.926156 0.410919 0.030964 0.351038 0.515596 0.056442 0.968327 0.652410 -0.001090 0.856768 0.263406 0.467371 0.821159 0.795806 0.003330 0.084759 0.647988 0.653588 0.275363 0.123501
0.532729 0.830865 0.541510 0.364197 0.904455 0.421803 0.026375 0.483159 0.583808 0.019515 0.904552 0.636679 0.045955 0.907353 0.266891 0.377746 0.898712 0.847295 0.143534 -0.049594 0.622269 0.700893 0.127305 0.209900
0.515709 0.871253 0.623293 0.396438 0.874498 0.425407 0.049874 0.381734 0.559734 0.065397 0.879395 0.627686 0.027743 0.935282 0.218671 0.386533 0.869922 0.770406 0.121034 0.066943 0.568641 0.730530 0.251044 0.166798
0.515807 0.861668 0.477911 0.465842 0.975317 0.481041 -0.093653 0.379858 0.540226 0.166790 1.022740 0.621491 0.126943 0.875692 0.290504 0.400266 0.866865 0.762989 0.133094 0.088839 0.544794 0.777554 0.209138 0.193032
0.576545 0.978024 0.664822 0.323924 0.941721 0.392842 0.066811 0.378279 0.626668 0.087467 0.936222 0.664008 -0.008641 0.946165 0.254511 0.384328 0.941718 0.838568 0.124463 0.065606 0.636959 0.644652 0.224362 0.226580
0.607645 0.844418 0.488435 0.369990 0.998065 0.366325 -0.038676 0.409422 0.570468 0.170784 0.931384 0.589224 0.028429 0.914246 0.212415 0.490450 0.837659 0.796437 0.093444 0.055854 0.619435 0.718320 0.238431 0.165764
0.527381 0.773092 0.513100 0.456277 0.978482 0.422495 0.154077 0.435857 0.571614 0.055602 0.937656 0.615921 0.137906 0.929850 0.311628 0.436705 0.848640 0.870174 0.096794 0.101216 0.605058 0.674742 0.282267 0.105633
0.529170 0.806555 0.515075 0.323525 0.976214 0.433496 0.050389 0.363275 0.468442 0.051114 0.955729 0.551573 0.122534 0.896428 0.209757 0.371848 0.956836 0.849479 0.148431 0.073707 0.666104 0.683483 0.290610 0.126965
0.534372 0.874675 0.569228 0.385128 0.976415 0.449800 0.026643 0.377505 0.535602 0.143583 0.955054 0.530483 0.040217 0.785865 0.309526 0.519291 0.749758 0.740723 0.132257 -0.058676 0.603583 0.633876 0.230160 0.162555
0.478150 0.829641 0.617344 0.370044 0.813844 0.490885 0.094818 0.407932 0.553458 0.023757 1.055252 0.600841 0.113531 0.827158 0.263386 0.362423 0.903598 0.742783 0.017997 0.101629 0.584528 0.653797 0.253662 0.212789
0.512608 0.901499 0.547374 0.417164 0.939006 0.446694 0.097347 0.366711 0.552101 0.089937 0.949743 0.560635 0.062685 0.970893 0.269497 0.474737 0.853459 0.834341 0.141841 -0.000944 0.630894 0.658221 0.247736 0.142962
0.535052 0.801088 0.589997 0.392954 0.951235 0.470853 0.049920 0.434440 0.664531 0.076583 0.873956 0.635695 0.053868 0.902908 0.183341 0.520640 0.916902 0.752012 0.094654 0.000695 0.577455 0.662398 0.247570 0.082752
0.590926 0.826786 0.571233 0.398678 0.890854 0.448534 0.008740 0.405397 0.540773 0.169571 0.909397 0.609309 0.018887 0.919121 0.114762 0.392975 0.902589 0.806463 0.172552 0.105901 0.477922 0.684646 0.268023 0.281808
0.474240 0.776035 0.627608 0.354578 0.948440 0.414373 0.027070 0.322831 0.617399 -0.013269 0.922701 0.645159 0.053101 0.847140 0.279019 0.476161 0.820951 0.764164 0.015028 0.067380 0.563938 0.622935 0.261040 0.100049
0.519779 0.833652 0.529093 0.370202 0.842818 0.488079 -0.040717 0.313716 0.540870 0.006626 0.941124 0.565262 0.104286 0.918994 0.293773 0.372050 0.889648 0.793177 0.106899 -0.029723 0.659674 0.704591 0.281752 0.200754
0.550473 0.779213 0.553719 0.416498 0.920588 0.496670 0.068800 0.400239 0.562611 0.200997 0.940444 0.615379 0.111563 0.875244 0.242037 0.497258 0.945910 0.784679 0.061757 -0.009169 0.548727 0.671115 0.203545 0.147079
0.553206 0.791578 0.579046 0.277737 0.938514 0.433743 -0.005609 0.368387 0.623143 0.137532 0.897786 0.626337 0.026122 0.937159 0.215076 0.437282 0.827417 0.783960 0.032552 0.093461 0.563259 0.742210 0.317316 0.152252
0.555598 0.832524 0.607199 0.430480 0.943475 0.434951 0.086794 0.416458 0.606461 0.084578 0.985419 0.650676 -0.037675 0.771868 0.205181 0.292991 0.849815 0.800175 0.087670 0.131008 0.587035 0.672207 0.240286 0.039117
0.516667 0.851492 0.618327 0.434006 0.887879 0.440065 0.025859 0.386574 0.524421 0.109043 0.894231 0.698997 -0.029757 0.899275 0.198045 0.362222 0.972128 0.842153 0.079064 0.107559 0.565409 0.769636 0.270096 0.110159
0.517528 0.781901 0.543551 0.425361 0.934411 0.541974 0.050561 0.353496 0.537817 0.093326 0.962011 0.665489 0.039806 0.904845 0.238677 0.411824 0.811503 0.781050 0.089076 0.115757 0.570829 0.627695 0.284436 0.103265
0.588290 0.911870 0.637570 0.378779 0.898178 0.469893 0.010357 0.419434 0.563980 0.028442 0.924351 0.697961 0.020207 0.816212 0.307651 0.390114 0.791943 0.838364 -0.039989 0.032904 0.500642 0.627397 0.302330 0.142921
0.498245 0.877559 0.639429 0.441542 0.905439 0.368029 -0.017448 0.371712 0.528501 0.105997 0.865652 0.540712 0.003088 0.918230 0.286514 0.374990 0.867853 0.857827 0.081131 0.079963 0.511958 0.730059 0.337277 0.142018
0.518239 0.855554 0.612985 0.386941 0.995004 0.490608 0.075824 0.325812 0.583303 0.111095 0.987289 0.565796 0.072624 0.820606 0.305809 0.407247 0.858991 0.798170 0.121615 0.127971 0.581143 0.755789 0.341002 0.125572
0.467167 0.833794 0.571031 0.324892 0.927225 0.440032 0.033479 0.406391 0.627545 0.149837 0.899452 0.639078 0.030030 0.921100 0.226427 0.447938 0.871733 0.688517 0.068372 -0.055051 0.596858 0.659949 0.265381 0.110112
0.539430 0.881765 0.568371 0.373699 0.949368 0.470052 0.075957 0.280425 0.554097 0.038365 0.938249 0.600650 0.015072 0.924701 0.219998 0.412741 0.864803 0.828597 0.033457 -0.059285 0.652050 0.645797 0.239496 0.113692
0.452033 0.849676 0.563793 0.424504 0.966554 0.503644 0.008247 0.442241 0.521165 0.162669 0.886768 0.649673 0.016000 0.857878 0.245797 0.471318 0.867651 0.866303 0.094150 0.044477 0.624564 0.641408 0.217986 0.149412
0.562716 0.740264 0.550009 0.409270 0.873948 0.435812 -0.073007 0.344855 0.650288 0.199698 0.956542 0.635247 -0.013788 0.837018 0.260789 0.431535 0.984577 0.789780 -0.013967 0.091964 0.586026 0.734442 0.266221 0.199823
0.546377 0.794395 0.526683 0.401369 0.974734 0.423795 0.006803 0.396802 0.558232 0.127535 0.916575 0.604904 0.097259 0.794805 0.279665 0.504559 0.793289 0.707820 0.182659 -0.045292 0.521199 0.695204 0.323086 0.237136
0.493980 0.773903 0.567973 0.371550 0.868957 0.526418 0.026964 0.394723 0.493293 0.124535 0.826622 0.690517 0.075897 0.933183 0.186993 0.442098 0.810643 0.837638 0.033477 -0.050040 0.583549 0.736017 0.358782 0.227491
0.537585 0.785309 0.580201 0.427161 0.875356 0.493943 0.000404 0.358313 0.599622 0.116795 0.914262 0.522393 -0.094647 0.917613 0.139572 0.395543 0.860842 0.809947 0.124370 0.124898 0.557776 0.708084 0.216302 0.056989
0.527063 0.807984 0.586620 0.325548 1.000557 0.439259 0.040155 0.482274 0.658112 0.053180 1.055410 0.487081 0.015816 0.781086 0.291719 0.476333 0.854394 0.731273 0.191511 0.010688 0.579041 0.689125 0.235562 0.153195
0.535863 0.821186 0.509020 0.409618 0.892267 0.447982 0.015883 0.378897 0.565567 0.120038 0.961007 0.656446 0.069223 0.917222 0.165818 0.332348 0.889667 0.743304 0.193716 0.031838 0.567743 0.666863 0.285000 0.164939
0.521625 0.832213 0.603514 0.456063 0.869146 0.459322 0.051536 0.398597 0.493493 0.180375 0.996097 0.674314 -0.027849 0.919219 0.217262 0.456168 0.827023 0.829183 0.052471 0.090452 0.613441 0.778100 0.208450 0.140112
0.489130 0.785251 0.677625 0.388729 0.928548 0.440443 -0.001893 0.298349 0.518161 0.090685 0.964371 0.575369 -0.020134 0.874931 0.218652 0.450475 0.846687 0.772154 0.105160 0.048251 0.723659 0.700032 0.175018 0.148318
0.500034 0.789304 0.517998 0.374855 0.908403 0.543397 0.036098 0.481688 0.554891 0.105147 0.941956 0.651506 0.042686 0.931666 0.303342 0.445651 0.917648 0.795950 0.111466 0.054748 0.587324 0.678356 0.221251 0.088312
0.590665 0.786851 0.533480 0.425031 0.991622 0.410913 0.044448 0.365753 0.611794 0.073717 0.949366 0.632694 0.027742 0.892653 0.254450 0.417829 0.789392 0.785222 0.023484 0.029696 0.509682 0.710716 0.196657 0.106930
0.462124 0.843374 0.481134 0.474179 0.909619 0.383217 0.014885 0.347825 0.564440 0.099731 1.026013 0.550886 0.051790 0.784296 0.204374 0.372605 0.825464 0.894811 0.146466 0.072468 0.711033 0.699699 0.337865 0.198392
0.627197 0.864483 0.572783 0.370438 0.883232 0.441476 0.092336 0.351500 0.561348 0.112338 0.826123 0.640732 0.038401 0.869848 0.207801 0.530557 0.940290 0.798245 0.086969 0.046346 0.554060 0.660433 0.225718 0.137178
0.507733 0.912730 0.627379 0.441646 0.929517 0.449133 -0.063825 0.419781 0.595587 0.024507 0.936876 0.629037 -0.034704 0.884642 0.312664 0.424235 0.821614 0.834873 0.032818 0.050949 0.498184 0.623990 0.202733 0.123462
0.487030 0.869010 0.575600 0.365845 0.899811 0.366696 0.034668 0.366961 0.501300 0.127592 1.007351 0.639379 -0.040674 0.849418 0.247848 0.414932 0.920652 0.878963 0.162588 0.125229 0.533571 0.609857 0.174023 0.082244
0.531013 0.779966 0.570605 0.320410 0.868425 0.541096 -0.014804 0.404435 0.480128 0.105064 0.990744 0.692900 0.089731 0.856020 0.217693 0.435727 0.877427 0.817039 0.130646 0.071142 0.625676 0.676259 0.316878 0.116272
0.504747 0.887037 0.585946 0.369271 0.885619 0.444432 0.011624 0.509349 0.557439 0.127895 0.922368 0.595503 0.053985 0.827433 0.262630 0.399932 0.894503 0.770547 0.072159 0.113772 0.575961 0.705704 0.207759 0.114872
0.479018 0.754881 0.599693 0.412568 0.842436 0.449181 0.063509 0.354282 0.506421 0.264468 1.021570 0.701247 0.118091 0.952091 0.260510 0.460740 0.754973 0.787459 0.037978 0.111245 0.510513 0.716084 0.221174 0.260760
0.565468 0.823002 0.561192 0.431513 0.986256 0.349512 0.030922 0.391463 0.571064 0.217153 0.980505 0.575945 0.068181 0.823752 0.313916 0.364730 0.889282 0.792126 0.133655 0.046036 0.574053 0.713193 0.284941 0.174004
0.546876 0.756546 0.532806 0.426397 0.952833 0.387269 0.047287 0.414460 0.467788 0.052102 1.041455 0.602974 0.015001 0.882346 0.184236 0.358108 0.888024 0.837974 0.125436 0.067863 0.547757 0.733078 0.245969 0.155769
0.446562 0.797435 0.572480 0.445198 0.938084 0.425701 0.035219 0.449119 0.507681 0.062276 0.946975 0.675052 0.047367 0.982197 0.268104 0.443755 0.851245 0.805400 0.133634 0.082040 0.582044 0.763190 0.248663 0.156169
0.560120 0.856004 0.561949 0.290548 0.974352 0.451593 0.029203 0.337629 0.630024 0.113021 1.022521 0.666228 0.043373 0.835246 0.247028 0.362191 0.873806 0.840206 0.090734 0.119434 0.585814 0.789290 0.290785 0.168846
0.508313 0.879407 0.629237 0.351260 0.960544 0.450171 0.027501 0.364764 0.591545 0.086558 0.969345 0.573167 0.075979 0.831413 0.230452 0.439295 0.927669 0.762667 0.114031 0.150790 0.573983 0.674214 0.224764 0.151382
0.618320 0.879341 0.602224 0.362512 0.982497 0.529116 0.013088 0.333040 0.599034 0.089260 0.888136 0.660406 0.034523 0.866879 0.275810 0.466237 0.870391 0.800112 0.200515 0.014048 0.568067 0.730788 0.147725 0.171825
0.473362 0.899466 0.545662 0.422261 0.826434 0.388824 0.053108 0.423159 0.523136 0.085304 0.937640 0.661037 0.002145 0.920642 0.281181 0.363792 0.783137 0.761217 0.161167 0.040263 0.526064 0.736670 0.211499 0.130421
0.498629 0.807521 0.672874 0.417445 0.836632 0.417666 0.006685 0.269012 0.554901 0.157986 0.957720 0.572394 -0.011952 0.751174 0.271847 0.298406 0.926115 0.827418 0.043979 0.098479 0.626497 0.657042 0.203435 0.224159
0.500462 0.846338 0.595871 0.421623 0.858621 0.446936 0.075683 0.368441 0.541049 0.152690 0.931318 0.700909 0.033128 0.943565 0.312663 0.447893 0.910428 0.766718 0.057184 0.116609 0.619238 0.782695 0.287903 0.086714
0.540030 0.812961 0.605093 0.367229 0.883635 0.458143 0.095484 0.264559 0.458567 0.014546 0.893994 0.624991 0.048936 0.885437 0.310596 0.457513 0.909666 0.805045 0.107622 0.064865 0.612975 0.591429 0.184919 0.109299
0.505923 0.966306 0.584267 0.569334 0.920300 0.416570 0.064402 0.285965 0.533087 0.073871 0.916522 0.567728 -0.040602 0.879150 0.247337 0.459756 0.918678 0.843319 0.149353 0.048533 0.575658 0.729204 0.325782 0.205336
0.600867 0.807428 0.550197 0.379418 0.895893 0.429393 0.085133 0.398169 0.566154 0.150436 0.881571 0.579624 0.010957 0.966450 0.222960 0.412734 0.834785 0.796271 0.120374 0.063709 0.647730 0.688294 0.157779 0.196403
0.566758 0.805529 0.693163 0.368593 0.954689 0.436743 -0.033621 0.378251 0.554287 0.008893 1.031008 0.596230 0.041964 0.870527 0.208421 0.468995 0.867280 0.791093 0.039371 0.117224 0.581006 0.730492 0.256587 0.013827
0.493341 0.825167 0.563480 0.364648 0.929203 0.465698 -0.044075 0.371574 0.571796 0.064546 0.855559 0.575209 -0.118504 0.822244 0.277419 0.478395 0.900743 0.709702 0.098956 -0.003634 0.640940 0.661026 0.197208 0.111866
0.517627 0.839710 0.568881 0.320173 1.031625 0.396722 0.009518 0.297670 0.659454 -0.000201 0.845982 0.590842 0.043925 0.931836 0.326719 0.527047 0.910394 0.793864 0.116435 0.106963 0.478863 0.691485 0.299024 0.131561
0.572583 0.787426 0.619328 0.397069 0.867758 0.475684 -0.004075 0.423008 0.571113 0.094101 0.893797 0.665444 0.103303 0.861578 0.294147 0.353703 0.852511 0.762540 0.089848 0.090259 0.604694 0.671019 0.248426 0.113309
0.627723 0.858783 0.536248 0.452627 0.984158 0.513862 0.077615 0.417527 0.556567 0.194342 0.926657 0.621769 0.101034 0.835010 0.199304 0.462526 0.865390 0.809451 0.080752 -0.034960 0.591849 0.758304 0.234163 0.250348
0.540589 0.842468 0.619933 0.349474 0.921908 0.440929 -0.017055 0.452495 0.503177 0.061337 0.914605 0.608407 0.047969 0.803570 0.283036 0.421543 0.873123 0.793993 0.048835 0.057392 0.457610 0.737845 0.236158 0.193871
0.491469 0.819376 0.532891 0.325448 0.897178 0.511268 0.039946 0.384557 0.633579 0.123641 0.928382 0.599273 0.001449 0.855533 0.286380 0.447915 0.779116 0.789426 0.124982 -0.000725 0.618629 0.627130 0.283117 0.087047
0.620447 0.747508 0.660685 0.441628 0.900928 0.452759 0.043077 0.355440 0.542060 0.075716 0.956935 0.668176 -0.072285 0.866147 0.266067 0.416003 0.897302 0.788304 0.079195 0.001509 0.559400 0.741040 0.260920 0.070514
0.567676 0.843919 0.597601 0.373704 0.974156 0.400039 0.024131 0.352507 0.540731 -0.046651 0.913809 0.626684 0.058744 0.935180 0.259698 0.380319 0.874638 0.836529 0.115985 0.094744 0.598453 0.650796 0.322028 0.204335
0.530115 0.747617 0.582983 0.345299 0.826243 0.421211 0.061576 0.451450 0.527202 0.073681 0.972633 0.600915 -0.005370 0.896077 0.304297 0.390943 0.873873 0.745371 0.072565 -0.016346 0.615135 0.671761 0.207419 0.106867
0.553973 0.793369 0.514476 0.387637 0.866231 0.423636 -0.038203 0.347815 0.604803 0.176167 0.943874 0.586737 0.023561 0.850956 0.194584 0.464459 0.809840 0.783493 0.107147 0.001000 0.553431 0.743389 0.254151 0.109572
0.571499 0.835615 0.580736 0.369000 1.002270 0.487335 0.043853 0.341328 0.540255 0.075961 0.931090 0.555196 0.107254 0.892054 0.188953 0.523611 0.802550 0.803818 0.134831 0.036478 0.594059 0.665157 0.216216 0.227100
0.496049 0.793347 0.492731 0.356715 0.968274 0.425053 0.013355 0.374851 0.516063 0.094193 0.950844 0.613035 -0.034093 0.856832 0.262725 0.447164 0.925675 0.816137 0.086823 0.013149 0.549161 0.768197 0.271915 0.189645
0.537058 0.919551 0.567488 0.385230 0.880907 0.451155 0.013056 0.354009 0.545148 0.178518 0.931897 0.627461 -0.022371 0.862661 0.268532 0.404690 0.921558 0.884157 0.110915 0.085942 0.580195 0.685133 0.217495 0.154303
0.558564 0.890566 0.702038 0.465451 0.983227 0.439540 0.059492 0.423153 0.613281 0.115309 0.960148 0.596405 0.071223 0.935367 0.223229 0.409244 0.866457 0.786259 0.152860 0.067247 0.546424 0.669836 0.374720 0.098881
0.574513 0.862729 0.585429 0.449873 0.924976 0.469385 0.058583 0.385495 0.576757 0.166672 0.948384 0.572946 -0.014276 0.911790 0.199566 0.399250 0.877328 0.762003 0.181949 0.148756 0.571153 0.602303 0.226516 0.088340
0.486718 0.850040 0.630882 0.374854 0.993613 0.476961 0.051518 0.473580 0.514435 0.188868 0.956208 0.587447 0.109255 0.918493 0.215937 0.483325 0.916489 0.735365 0.138521 0.025017 0.590176 0.692402 0.310593 0.180737
0.480815 0.903486 0.477332 0.366652 0.977178 0.378688 0.026882 0.361826 0.545513 0.119235 0.930194 0.501310 0.016567 0.907264 0.265719 0.382315 0.816892 0.759778 0.075439 0.078756 0.564212 0.634416 0.252945 0.152573
0.587778 0.842046 0.561333 0.382171 0.980920 0.498687 -0.027531 0.346188 0.542438 0.153806 0.961068 0.559421 -0.019037 0.818333 0.252912 0.504217 0.879115 0.820178 0.082923 0.063222 0.520451 0.732644 0.218359 0.131901
0.505428 0.796303 0.592649 0.351698 0.865497 0.501044 0.044133 0.370593 0.585083 0.174179 0.961455 0.618952 0.041577 0.914002 0.227207 0.540291 0.790331 0.823222 0.027813 0.026827 0.640480 0.665094 0.314083 0.178946
0.537930 0.825314 0.565597 0.337440 0.983040 0.445156 0.009643 0.548919 0.489128 0.125800 0.937000 0.558575 0.084586 0.911087 0.245047 0.419511 0.867372 0.822336 -0.024904 -0.000228 0.635783 0.680740 0.327305 0.091177
0.479137 0.770600 0.664576 0.328008 0.921150 0.437430 0.002604 0.346456 0.535264 0.073209 0.955656 0.634845 -0.044485 0.854799 0.198607 0.412731 0.865374 0.792270 0.139852 0.056309 0.589482 0.714929 0.313760 0.122386
0.465476 0.790846 0.625039 0.336414 0.871114 0.477717 0.050961 0.455398 0.609403 0.038880 0.942782 0.671139 0.103133 0.898956 0.253756 0.437000 0.845669 0.762968 0.118250 0.107835 0.537874 0.514350 0.244956 0.105021
0.572917 0.852406 0.526271 0.395265 0.854725 0.385115 -0.023527 0.397447 0.603142 0.130058 0.938199 0.655978 0.078928 0.938227 0.221750 0.444138 0.881270 0.834409 0.154056 -0.018197 0.571258 0.726576 0.288078 0.162111
0.491349 0.817501 0.571638 0.348235 0.997899 0.468775 0.024806 0.310271 0.618705 0.120602 0.957252 0.628234 0.038442 0.842293 0.297628 0.377902 0.901624 0.733709 0.170232 0.024648 0.564738 0.664845 0.184045 0.066605
0.519420 0.816328 0.462394 0.317260 0.895742 0.392470 0.091979 0.453198 0.560813 0.154786 0.985295 0.564744 0.039762 0.844801 0.161255 0.366231 0.737855 0.815919 0.090112 0.080275 0.564171 0.680489 0.223791 0.207612
0.586531 0.778904 0.587723 0.339027 0.901701 0.348564 0.019299 0.414519 0.531825 0.042358 0.909387 0.589277 0.063423 0.969314 0.245429 0.458261 0.899933 0.792387 0.032297 0.076043 0.637489 0.617797 0.292329 0.199389
0.540739 0.837811 0.497510 0.312840 0.962678 0.436853 -0.037641 0.363790 0.546623 0.162372 0.903829 0.531495 -0.028030 0.916006 0.264890 0.466742 0.882265 0.911210 0.079501 0.042658 0.497397 0.776564 0.254107 0.161744
0.532142 0.841918 0.572399 0.347255 0.955376 0.366901 -0.035754 0.449559 0.626830 0.133061 0.879617 0.646767 0.062077 0.856642 0.209767 0.494395 0.867167 0.809334 0.084129 -0.025091 0.541073 0.685187 0.309194 0.161679
0.494139 0.738907 0.655948 0.331089 0.899028 0.466937 0.028660 0.399603 0.556627 0.110220 1.034811 0.551560 -0.021787 0.821203 0.221710 0.407610 0.910082 0.742294 0.039029 -0.003283 0.551307 0.730855 0.346187 0.107145
0.473913 0.817800 0.492639 0.482412 0.847181 0.370524 0.040541 0.323750 0.602724 0.103717 0.928957 0.582547 0.016523 0.921607 0.315963 0.486369 0.903640 0.807328 0.109218 0.036289 0.606318 0.617254 0.191770 0.181502
0.623772 0.830545 0.514845 0.348711 0.983812 0.466189 -0.028474 0.338760 0.510673 0.049683 0.987515 0.571475 0.007251 0.872972 0.189448 0.411369 0.996743 0.781832 0.052237 0.069391 0.649254 0.728637 0.217158 0.125015
0.550047 0.831185 0.622421 0.360283 0.906121 0.440678 0.031735 0.345712 0.567938 0.085791 0.875626 0.624681 0.048041 0.930163 0.293410 0.502964 0.921298 0.852536 0.163450 0.081301 0.588126 0.674591 0.232743 0.213761
0.597804 0.850297 0.570041 0.410348 0.933640 0.385021 0.043229 0.411544 0.470388 0.064485 0.936457 0.606262 -0.059833 0.912339 0.198858 0.422658 0.898905 0.765694 0.102127 0.026955 0.580093 0.650123 0.283685 0.164067
0.527419 0.775491 0.676540 0.310438 0.899185 0.406833 -0.008178 0.372928 0.540907 0.158086 0.895590 0.564988 0.041786 0.892753 0.237039 0.456765 0.870023 0.873686 0.145178 0.079617 0.599213 0.725463 0.367243 0.220883
0.495983 0.777859 0.544847 0.291649 0.903790 0.426653 -0.039492 0.404324 0.593549 0.078626 0.842776 0.543044 0.018220 0.921751 0.313305 0.426125 0.825402 0.776371 0.119351 -0.011195 0.536191 0.738320 0.165411 0.087437
0.662044 0.815093 0.569124 0.481208 0.947297 0.459103 0.060960 0.407977 0.565767 0.150362 0.902574 0.699574 -0.016354 0.833131 0.222290 0.390780 0.869302 0.762630 0.169500 0.122173 0.517446 0.692707 0.164156 0.131964
0.643928 0.771816 0.480639 0.296572 0.883963 0.510470 -0.000324 0.358776 0.562526 0.095377 1.024127 0.600619 0.098562 0.828056 0.196361 0.392371 0.791396 0.775842 0.015255 0.024699 0.619544 0.655886 0.225939 0.190665
0.556216 0.879036 0.656091 0.426866 0.886421 0.386480 -0.066180 0.308909 0.542299 0.058144 0.950610 0.675811 0.054669 0.875759 0.114723 0.432265 0.931654 0.764891 0.076713 -0.010316 0.640158 0.696523 0.241572 0.227850
0.603195 0.782574 0.481129 0.329284 0.895566 0.384266 -0.018876 0.348035 0.485991 0.104523 0.934855 0.624143 -0.001535 0.835499 0.167627 0.422206 0.913133 0.775084 0.043490 0.041199 0.506420 0.678842 0.336389 0.162050
0.512203 0.807652 0.569866 0.371289 1.027351 0.374027 0.026759 0.308292 0.556070 0.034393 0.953549 0.639979 0.016533 0.841856 0.156011 0.502715 0.905986 0.793430 0.055576 0.065996 0.659751 0.659316 0.378435 0.066325
0.499394 0.807492 0.671778 0.433545 0.884506 0.473179 0.063908 0.293910 0.592154 -0.004126 0.949534 0.592995 -0.034703 0.951282 0.236173 0.415420 0.791980 0.740747 0.092304 0.074448 0.575196 0.608789 0.208335 0.093085
0.505627 0.829638 0.557063 0.406317 0.893784 0.463325 0.035687 0.326898 0.546574 0.030688 1.001636 0.544503 0.079344 0.837461 0.248546 0.426542 0.845890 0.854801 0.073760 0.055347 0.636019 0.660058 0.220183 0.097512
0.600797 0.721186 0.547060 0.407113 0.979702 0.513985 0.016984 0.445155 0.643548 0.093642 0.952607 0.695576 0.048217 0.890381 0.287378 0.491979 0.851304 0.777758 0.048733 0.050739 0.528779 0.746074 0.272158 0.076050
0.545106 0.971011 0.547973 0.376345 0.916426 0.443514 0.019839 0.351767 0.608657 0.052257 0.907582 0.611978 0.055050 0.870148 0.232209 0.337836 0.769252 0.835488 0.123400 -0.002037 0.620039 0.600171 0.288172 0.064628
0.525620 0.834438 0.585940 0.421919 0.938326 0.445663 0.005645 0.343943 0.588932 0.078253 1.084094 0.559586 0.065009 0.892223 0.213636 0.468320 0.854228 0.743883 0.086206 0.139194 0.542390 0.671523 0.219037 0.154891
0.551592 0.907334 0.565740 0.366135 0.894447 0.373820 0.058389 0.346396 0.543769 0.088003 0.944214 0.548802 -0.063542 0.808439 0.250796 0.450147 0.905710 0.775129 0.055401 0.057042 0.556793 0.686565 0.236787 0.090402
0.641166 0.879006 0.574355 0.372642 0.896049 0.397029 0.013205 0.379933 0.564133 0.049843 0.900304 0.520196 0.047524 0.904087 0.210490 0.437349 0.830480 0.799197 0.083035 0.082763 0.609673 0.767219 0.343665 0.140757
