1000 12 50
0.441098 0.935941 0.027294 0.567635 0.353610 1.008751 0.698920 0.651233 0.460963 0.501987 0.210113 0.934968
0.391421 1.025265 0.057693 0.558593 0.435057 1.030791 0.635679 0.562019 0.446247 0.460756 0.119460 0.944923
0.445647 0.916786 0.028413 0.544016 0.362294 0.903871 0.678583 0.726434 0.362370 0.458275 0.177779 0.915399
0.441946 0.860726 -0.030772 0.581213 0.379377 1.012773 0.613967 0.637205 0.399541 0.433753 0.154630 0.996845
0.496461 0.894559 0.061650 0.557524 0.316324 1.005441 0.678056 0.722891 0.507749 0.498739 0.139981 0.951559
0.472368 0.866395 0.069778 0.495673 0.352232 1.044347 0.631257 0.694000 0.369482 0.480935 0.156721 0.993606
0.447786 0.822509 0.108611 0.567984 0.248045 0.934712 0.680419 0.695685 0.268465 0.485934 0.177061 0.927612
0.465400 0.894266 0.009616 0.509280 0.398168 1.060871 0.637212 0.774537 0.416462 0.397272 0.193242 0.935432
0.490840 0.920393 0.029591 0.613810 0.346157 0.930116 0.647392 0.669634 0.415827 0.401361 0.043573 0.928834
0.565090 0.846767 -0.003497 0.516767 0.408116 0.964156 0.687947 0.623291 0.339621 0.369752 0.163305 1.027406
0.577313 0.864579 0.081376 0.520130 0.396022 1.031000 0.623856 0.636935 0.453914 0.431191 0.160122 0.933188
0.533884 0.823332 -0.091777 0.539543 0.331494 0.904468 0.581905 0.752844 0.374388 0.465353 0.105918 0.941998
0.528837 0.820223 0.099052 0.521938 0.465160 0.952594 0.598797 0.641698 0.448906 0.345216 0.219994 0.927485
0.540670 0.863296 0.177685 0.504752 0.419953 0.962310 0.719139 0.708386 0.416490 0.350377 0.184045 0.934142
0.541704 0.851764 0.033533 0.442690 0.338092 0.968899 0.566293 0.677984 0.442679 0.590614 0.220518 1.022882
0.514416 0.786926 0.000320 0.528368 0.339732 1.131125 0.587939 0.643647 0.384595 0.391063 0.142523 0.954598
0.586077 0.818024 -0.088386 0.557627 0.319123 0.926999 0.616829 0.678749 0.397668 0.447570 0.054300 0.860334
0.485294 0.905249 0.010225 0.512879 0.484371 1.052006 0.687817 0.683148 0.515345 0.427753 0.152872 0.994497
0.487844 0.879580 0.140265 0.502225 0.381700 1.010290 0.683499 0.641637 0.413559 0.458009 0.119209 0.965521
0.443608 0.846433 0.066571 0.418086 0.376622 0.934905 0.544902 0.657022 0.398605 0.559319 0.140123 1.008756
0.511945 0.779815 0.043675 0.490838 0.390299 0.968735 0.671118 0.716043 0.395578 0.447814 0.131365 0.892112
0.459271 0.940112 0.003720 0.481206 0.468747 0.909705 0.574523 0.676848 0.331159 0.389165 0.158662 1.024041
0.529813 0.845134 -0.012792 0.489944 0.452662 0.969227 0.602340 0.627039 0.424068 0.483132 0.168553 0.901675
0.475665 0.849233 0.078970 0.486201 0.491946 1.005409 0.718002 0.589654 0.517288 0.478460 0.146293 0.955153
0.512092 0.876365 0.029234 0.495227 0.368628 0.994872 0.653130 0.650054 0.412419 0.464164 0.164121 0.931534
0.482379 0.871080 0.137488 0.586337 0.330261 0.935008 0.700532 0.684925 0.339332 0.429947 0.258357 1.067962
0.484251 0.812958 0.094267 0.524330 0.311703 0.987454 0.665547 0.709211 0.460019 0.442880 0.064776 0.941020
0.513212 0.852710 0.089697 0.562982 0.362213 1.095511 0.601417 0.691086 0.379035 0.385728 0.153980 0.914705
0.496250 0.922786 0.119477 0.633418 0.390526 1.026489 0.623453 0.647233 0.423082 0.405433 0.160105 1.044635
0.554468 0.862109 0.075104 0.470940 0.466866 1.010908 0.659234 0.652402 0.376251 0.427991 0.255890 0.919398
0.387215 0.777738 -0.015194 0.565772 0.455671 1.067907 0.728190 0.564852 0.414031 0.432607 0.102638 0.907559
0.491990 0.871849 -0.014293 0.534165 0.402632 1.098417 0.596506 0.593198 0.400969 0.398821 0.179286 0.924515
0.514547 0.836121 0.047066 0.437912 0.448721 1.059641 0.657242 0.661057 0.400119 0.518348 0.181047 0.973890
0.523928 0.814977 0.173272 0.585640 0.327552 0.998340 0.591772 0.638659 0.259834 0.400558 0.252137 0.933746
0.483281 0.980147 0.051918 0.541572 0.325302 1.025033 0.657096 0.694805 0.419050 0.431046 0.229905 0.873472
0.469850 0.801224 0.002165 0.449973 0.464784 0.939916 0.631144 0.683350 0.343094 0.472255 0.162122 0.992546
0.569094 0.920196 0.016640 0.552953 0.402252 0.912466 0.561557 0.675256 0.432213 0.476969 0.235206 0.954586
0.522756 0.836234 0.053201 0.447558 0.362359 1.029296 0.716826 0.635225 0.320664 0.510326 0.149162 0.842655
0.508329 0.929789 0.099289 0.482593 0.372357 0.926386 0.614509 0.588636 0.305962 0.347465 0.101042 0.969861
0.450329 0.868968 0.084142 0.577894 0.282419 0.981579 0.613158 0.587163 0.362340 0.412218 0.063412 1.035052
0.533539 0.865614 0.071995 0.566421 0.285046 0.955267 0.711435 0.593589 0.357047 0.491095 0.101438 0.911874
0.412617 0.871284 0.119337 0.558029 0.423653 0.939045 0.608483 0.672109 0.407612 0.408199 0.132475 0.900854
0.432871 0.885995 0.116268 0.549040 0.398663 1.016347 0.553300 0.648304 0.400868 0.487481 0.121138 0.980035
0.460899 0.831211 -0.010420 0.536611 0.316211 1.002859 0.693407 0.636199 0.374937 0.460710 0.135664 0.976771
0.620979 0.806961 0.086830 0.575346 0.394639 1.053626 0.633690 0.677050 0.439559 0.421824 0.120631 0.959093
0.395490 0.872073 0.034601 0.572665 0.346192 1.003131 0.675066 0.734904 0.368770 0.362971 0.143696 1.006997
0.515663 0.852197 0.002707 0.615954 0.375305 0.964786 0.625459 0.633722 0.496900 0.444096 0.203467 0.960641
0.423015 0.796210 0.051652 0.579373 0.414392 1.007203 0.643693 0.621116 0.453760 0.511715 0.179194 1.008365
0.431175 0.919980 0.098911 0.530349 0.275107 1.020358 0.710944 0.672838 0.464256 0.448672 0.195304 0.931807
0.500120 0.780849 0.043325 0.525402 0.343170 0.953864 0.660478 0.701864 0.428067 0.565024 0.183816 1.019527
0.517071 0.849003 0.072993 0.502792 0.358698 0.937449 0.630435 0.749789 0.326793 0.474348 0.187759 0.904571
0.561471 0.810199 0.042932 0.628939 0.347550 1.013538 0.670104 0.722212 0.448961 0.392842 0.104001 0.990420
0.506142 0.845933 0.036709 0.514168 0.337554 0.954474 0.678905 0.645338 0.390222 0.417332 0.080556 0.924465
0.471668 0.956110 0.005277 0.542764 0.388342 0.958451 0.644300 0.643242 0.437544 0.397025 0.207412 1.022199
0.571532 0.910062 0.091584 0.467550 0.341711 1.027560 0.681182 0.679225 0.473055 0.474320 0.091256 0.932705
0.469300 0.875722 0.049665 0.578649 0.357368 0.971003 0.603787 0.701655 0.390528 0.435242 0.180528 0.943144
0.554725 0.899028 0.041742 0.482808 0.340063 0.953462 0.607952 0.593515 0.361125 0.409463 0.115915 0.931922
0.470539 0.925252 0.090594 0.552858 0.327002 1.068623 0.650050 0.619413 0.576892 0.412212 0.174043 0.971664
0.508489 0.892267 0.062360 0.543938 0.263416 1.048727 0.661310 0.722345 0.445347 0.387507 0.077603 0.983939
0.490370 0.904512 0.102173 0.503734 0.342474 0.915251 0.682126 0.710744 0.342918 0.426472 0.086554 0.957208
0.544896 0.860842 0.043643 0.552569 0.324764 1.039267 0.569135 0.651351 0.371245 0.451737 0.090876 1.015322
0.539235 0.932981 0.017905 0.500044 0.379749 0.948678 0.602983 0.707843 0.407594 0.437001 0.143012 0.920072
0.522946 0.843138 0.106840 0.536447 0.304571 1.022448 0.649247 0.684758 0.316017 0.425089 0.114055 1.002019
0.502562 0.780126 -0.006444 0.536399 0.354351 0.979565 0.541692 0.671145 0.446742 0.449078 0.153907 0.970887
0.478665 0.817130 0.059530 0.518809 0.313831 1.009768 0.616883 0.714054 0.433566 0.365166 0.129282 0.965460
0.505565 0.767892 0.113915 0.499030 0.384587 0.942731 0.647749 0.672949 0.338271 0.390788 0.144778 0.986436
0.488978 0.809977 -0.031673 0.535409 0.271968 0.923147 0.585110 0.661708 0.435786 0.463815 0.094474 1.023394
0.566240 0.944861 0.079472 0.541015 0.479259 0.996655 0.641104 0.786146 0.424548 0.420864 0.202559 0.923564
0.547219 0.848294 0.080940 0.571655 0.393898 1.057369 0.668824 0.652415 0.411736 0.417680 0.172933 1.007128
0.428354 0.935817 0.084723 0.562859 0.348349 0.893473 0.694107 0.672067 0.393741 0.415039 0.132373 0.913644
0.418744 0.741224 0.033220 0.700636 0.320442 0.926816 0.601827 0.709967 0.386806 0.405397 0.180126 1.036459
0.489218 0.841519 0.042464 0.584472 0.411582 0.929285 0.619434 0.636422 0.364719 0.350403 0.156585 0.950186
0.508022 0.839140 0.042241 0.588785 0.388761 0.880692 0.603828 0.722017 0.392218 0.324833 0.172612 0.955350
0.469898 0.942416 0.049570 0.519325 0.354403 1.010664 0.665937 0.652556 0.464430 0.285893 0.143552 0.951618
0.371010 0.839066 0.019263 0.568796 0.307851 0.994104 0.718449 0.694096 0.435819 0.399796 0.030296 0.895489
0.548947 0.918817 0.131933 0.509169 0.321535 1.074172 0.582104 0.604220 0.508249 0.335471 0.173070 0.944655
0.481767 0.856913 0.081332 0.525301 0.307639 0.961836 0.694601 0.718686 0.512157 0.460827 0.160723 0.922266
0.547150 0.756900 0.069377 0.590608 0.311107 1.011896 0.625728 0.582204 0.353277 0.479843 0.257950 0.988651
0.423091 0.842047 0.078956 0.592564 0.402452 0.916038 0.634999 0.721687 0.389659 0.494780 0.088886 0.915898
0.406695 0.854978 0.105409 0.596610 0.438340 1.075391 0.606501 0.615828 0.455427 0.460448 0.190593 0.954314
0.463596 0.854779 0.097204 0.473231 0.399456 0.995046 0.633599 0.630342 0.478444 0.389168 0.147957 0.970082
0.510907 0.829862 0.002069 0.501179 0.366291 1.002791 0.585821 0.629282 0.450037 0.467054 0.108742 1.012979
0.497374 0.912908 0.088701 0.541503 0.385506 1.029368 0.605976 0.630082 0.370913 0.474703 0.175084 0.908280
0.441480 0.778438 0.001762 0.559563 0.330078 0.920852 0.627244 0.655959 0.395637 0.423193 0.161363 0.990126
0.475482 0.864760 0.146410 0.532572 0.372581 0.973744 0.621787 0.686102 0.416572 0.487549 0.186443 0.916521
0.433608 0.799725 0.042521 0.619753 0.395755 0.967566 0.557850 0.667712 0.492024 0.428797 0.069115 0.948866
0.544550 0.958507 0.057880 0.452530 0.496342 0.986105 0.584959 0.626048 0.402427 0.516980 0.118336 0.955402
0.494760 0.857810 0.075598 0.501242 0.329899 0.971618 0.667645 0.710463 0.430820 0.435477 0.142372 1.010977
0.466792 0.854190 -0.009293 0.504047 0.244939 1.054366 0.589522 0.729741 0.287233 0.383186 0.172531 1.008292
0.525611 0.917293 0.064311 0.473315 0.404693 1.018771 0.569114 0.632613 0.426829 0.423320 0.117302 0.961702
0.479136 0.809260 0.034879 0.472774 0.324368 0.960553 0.645392 0.603304 0.407060 0.406918 0.102234 0.954176
0.492735 0.793056 0.102708 0.605095 0.411451 0.974735 0.738828 0.679150 0.413348 0.387233 0.196625 0.923950
0.459891 0.895957 0.001656 0.585842 0.283230 0.984413 0.615516 0.662647 0.469958 0.454524 0.192875 0.901804
0.477084 0.893635 0.093733 0.628451 0.360604 1.022461 0.657019 0.650920 0.365798 0.535498 0.198667 0.962516
0.438519 0.832467 0.068766 0.534233 0.403651 1.020009 0.636632 0.586314 0.454002 0.434964 0.144751 1.026546
0.408325 0.896904 0.116626 0.507776 0.339199 0.978190 0.683732 0.703479 0.360607 0.485090 0.117268 1.052303
0.445597 0.857705 0.050578 0.483459 0.336010 1.106320 0.564372 0.710226 0.423912 0.364049 0.127036 0.847167
0.494938 0.836430 0.087796 0.572705 0.404008 0.956649 0.678626 0.646885 0.435732 0.391339 0.132212 0.915066
0.531108 0.745936 0.078085 0.518468 0.405328 0.968372 0.663361 0.726721 0.362739 0.520949 0.190780 1.072840
0.459806 0.894291 0.095547 0.521858 0.371730 0.927960 0.747341 0.655675 0.342827 0.466003 0.162437 0.874570
0.390788 0.919393 0.044884 0.419669 0.318141 1.012361 0.594059 0.711918 0.439560 0.506063 0.138122 0.960166
0.467698 0.855614 0.039694 0.575060 0.435328 1.026362 0.704747 0.730498 0.367846 0.471727 0.161314 0.948988
0.518344 0.902856 0.000414 0.554345 0.369314 0.975378 0.560035 0.706673 0.392704 0.495745 0.110104 0.981241
0.485457 0.822903 -0.024671 0.488759 0.418400 1.001979 0.661710 0.698062 0.407147 0.457057 0.118203 0.945403
0.557011 0.844854 0.108109 0.490862 0.362525 0.991984 0.685468 0.586609 0.252570 0.396024 0.149746 0.952656
0.455866 0.850776 0.002093 0.556051 0.460522 0.934596 0.752222 0.614278 0.486979 0.420266 0.185272 0.957769
0.521436 0.847117 0.038822 0.569353 0.360347 0.949351 0.590984 0.688000 0.443706 0.484547 0.126359 0.923148
0.496573 0.844841 -0.005251 0.583261 0.401274 0.921231 0.631421 0.678539 0.389406 0.376906 0.114492 0.954148
0.447002 0.813999 0.025021 0.551654 0.348671 0.977913 0.581019 0.605984 0.449337 0.486245 0.175246 0.969342
0.574719 0.868226 0.152492 0.534990 0.352483 0.911731 0.538248 0.621611 0.467990 0.388114 0.116295 0.978856
0.466144 0.911686 0.091137 0.539698 0.433178 0.944452 0.513556 0.616461 0.424820 0.387653 0.126469 0.935703
0.551251 0.865918 -0.010324 0.539907 0.345842 0.968894 0.678282 0.730600 0.344591 0.589743 0.156930 1.032932
0.546855 0.890318 0.047707 0.502850 0.326857 1.015015 0.605944 0.641917 0.456572 0.440890 0.172315 0.915581
0.511663 0.830452 0.058535 0.462055 0.463180 1.018289 0.626279 0.538191 0.376673 0.456291 0.168699 0.926194
0.453838 0.847162 0.001567 0.496493 0.490259 0.986068 0.573798 0.631623 0.387295 0.473186 0.070498 0.970044
0.447854 0.923247 0.074624 0.572995 0.395216 0.999876 0.654098 0.640289 0.394639 0.402983 0.154056 1.023308
0.582715 0.905138 0.064969 0.577720 0.376318 0.869718 0.591869 0.601105 0.336947 0.448775 0.158291 0.986329
0.533390 0.826888 0.030736 0.454943 0.385679 1.034154 0.719733 0.774247 0.453567 0.388736 0.088502 0.945508
0.568066 0.861856 0.052352 0.511827 0.296052 0.941048 0.594140 0.724449 0.360841 0.436149 0.193143 0.932221
0.471480 0.823155 -0.002148 0.520257 0.381190 0.911232 0.740315 0.711309 0.530475 0.481666 0.135877 0.957971
0.484101 0.802435 0.022789 0.511294 0.353558 1.042920 0.707116 0.718959 0.445891 0.455150 0.145470 0.891790
0.423939 0.937707 0.046595 0.532773 0.328571 0.953100 0.630720 0.639877 0.407175 0.387478 0.097075 0.973448
0.437779 0.785389 -0.021955 0.495317 0.372907 0.977758 0.652506 0.654501 0.430305 0.496764 0.100623 0.883888
0.504170 0.897400 0.106416 0.483742 0.387680 0.974255 0.569961 0.553640 0.415063 0.405671 0.113399 0.922959
0.492557 0.861239 0.085464 0.498977 0.332845 0.964817 0.650106 0.633630 0.377763 0.577501 0.061581 1.011960
0.383273 0.865363 0.028714 0.561022 0.306659 0.884158 0.663873 0.639842 0.395415 0.416713 0.160855 0.919515
0.590900 0.892694 0.043234 0.531773 0.370813 0.976675 0.637392 0.591414 0.413458 0.445891 0.183044 0.953730
0.485157 0.871261 0.086586 0.545425 0.342610 1.063231 0.603279 0.630122 0.463702 0.486039 0.155412 0.942499
0.468761 0.829535 0.083544 0.458148 0.346994 1.032672 0.636633 0.620016 0.447244 0.404727 0.115504 0.917618
0.564490 0.829234 0.101089 0.525197 0.391890 1.024567 0.711905 0.643772 0.487396 0.480820 0.184987 0.957206
0.587505 0.761865 0.084213 0.521677 0.400058 0.905298 0.643784 0.627708 0.462198 0.323142 0.192759 1.034926
0.457828 0.804570 0.138528 0.474110 0.275069 0.965074 0.642026 0.719553 0.392228 0.465436 0.093037 0.915869
0.516640 0.846712 0.055050 0.590814 0.281597 1.011080 0.641170 0.588117 0.433306 0.528268 0.156683 0.901777
0.409774 0.930495 0.041807 0.565185 0.537806 1.028973 0.594057 0.638007 0.307774 0.442983 0.198766 0.885720
0.454182 0.810190 0.063224 0.430909 0.278624 1.052260 0.571215 0.730577 0.447841 0.485895 0.109716 1.004592
0.490152 0.857780 0.057855 0.526153 0.321588 0.892414 0.623307 0.631288 0.368891 0.398672 0.140924 0.924460
0.594659 0.852454 0.124582 0.540443 0.372539 0.977128 0.595098 0.637381 0.327453 0.399308 0.149953 0.936238
0.560224 0.847302 0.152360 0.541850 0.325037 0.961567 0.744169 0.615944 0.461187 0.425263 0.148467 0.944815
0.465568 0.846773 0.053021 0.520637 0.337770 0.950921 0.670888 0.676901 0.376553 0.429653 0.139104 0.904862
0.465017 0.871527 0.112905 0.549763 0.343955 0.957640 0.634276 0.697607 0.480799 0.501514 0.213914 0.982497
0.479106 0.865581 0.025089 0.579430 0.349945 1.009791 0.620042 0.662494 0.355495 0.425840 0.078627 0.877334
0.481348 0.863292 0.087750 0.574792 0.400851 0.969487 0.688737 0.722815 0.336685 0.418488 0.091043 0.949616
0.520242 0.887548 0.077595 0.573936 0.367604 0.974389 0.702321 0.623543 0.397036 0.429747 0.164749 1.004554
0.489659 0.862640 -0.018082 0.556434 0.327652 0.858727 0.633609 0.699291 0.380293 0.428999 0.184312 0.971665
0.396775 0.852655 0.012275 0.515281 0.350789 1.047646 0.587552 0.653171 0.474995 0.487110 0.122518 0.929063
0.462563 0.889412 -0.040236 0.520345 0.393300 0.993649 0.667516 0.637121 0.505850 0.460400 0.063017 0.948904
0.378127 0.852412 0.143705 0.566844 0.381522 1.095344 0.668578 0.686594 0.355048 0.396447 0.174474 0.928420
0.511654 0.843412 0.057532 0.552766 0.424564 0.897174 0.644330 0.686811 0.393929 0.380403 0.187976 0.875681
0.487697 0.892282 0.020929 0.435696 0.404611 0.928394 0.681812 0.724430 0.425623 0.508238 0.161693 0.966021
0.442502 0.835081 0.054903 0.597956 0.472506 1.007658 0.639518 0.668080 0.404560 0.381078 0.107574 0.973358
0.493367 0.807806 0.122590 0.460105 0.309678 0.983714 0.696991 0.622799 0.341426 0.372615 0.146214 1.128679
0.501644 0.860837 0.040367 0.505183 0.300117 0.928295 0.733953 0.666683 0.394936 0.430655 0.102652 1.019908
0.596611 0.820594 0.044678 0.625220 0.355180 1.062590 0.625516 0.655359 0.483410 0.485127 0.149419 1.012976
0.495223 0.917892 0.152941 0.583409 0.399942 0.956248 0.621261 0.579860 0.451673 0.422319 0.211797 0.916404
0.411510 0.882524 0.150346 0.637099 0.364365 1.021626 0.678334 0.579140 0.353094 0.478416 0.155184 0.980022
0.507774 0.901949 0.124607 0.516611 0.374108 0.980311 0.664484 0.666316 0.311389 0.529403 0.152160 0.833274
0.544823 0.817637 0.055400 0.446470 0.305237 1.006552 0.600741 0.667253 0.391830 0.433262 0.079604 0.907253
0.441999 0.961279 0.036597 0.546667 0.430072 0.974925 0.616018 0.747126 0.402906 0.475239 0.116363 0.962130
0.476496 0.784306 0.053916 0.502159 0.388333 0.930842 0.584644 0.745000 0.421480 0.468022 0.130834 0.934350
0.432043 0.931516 0.067980 0.625698 0.312470 1.047462 0.636111 0.661985 0.342222 0.482952 0.110608 0.886638
0.494352 0.811397 0.025435 0.507173 0.368707 0.987512 0.705541 0.646556 0.495664 0.426154 0.201304 0.929405
0.530176 0.916292 -0.004734 0.527273 0.498472 0.996394 0.589074 0.722274 0.407550 0.486601 0.083116 1.036093
0.541739 0.922869 0.043121 0.560536 0.440475 1.066700 0.582870 0.650440 0.464887 0.440694 0.111952 0.878590
0.535006 0.800940 0.098961 0.603822 0.316097 0.990738 0.667459 0.593295 0.462716 0.467162 0.160114 1.029653
0.492283 0.810950 0.083348 0.556913 0.281397 0.943064 0.712773 0.607729 0.358034 0.477438 0.221289 0.883475
0.476524 0.876734 0.067135 0.560927 0.256915 0.996497 0.616270 0.791198 0.416137 0.452515 0.108987 0.897568
0.535867 0.864300 0.077694 0.541114 0.340471 1.013603 0.635314 0.699321 0.334422 0.314546 0.135833 0.981018
0.056415 0.401961 0.694696 0.490347 0.892907 0.991667 0.534657 0.503597 0.651681 0.192305 0.953795 0.866679
-0.015412 0.364725 0.702083 0.442390 0.964875 0.958613 0.620867 0.428305 0.478527 0.150916 0.795011 0.904047
-0.090695 0.414031 0.661229 0.478871 0.968348 0.949320 0.580147 0.470879 0.544230 0.213922 0.941035 0.845838
0.067200 0.454908 0.689774 0.475403 0.967408 0.946003 0.549985 0.450595 0.483552 0.250129 0.937299 0.852731
-0.012179 0.427059 0.670487 0.377143 1.038146 0.984502 0.616431 0.573717 0.611079 0.249033 1.005163 0.932528
-0.033667 0.337946 0.621769 0.448435 0.920044 0.977034 0.603091 0.466808 0.541364 0.137629 0.895965 0.898433
0.006546 0.472206 0.679878 0.358962 0.872322 0.987672 0.535979 0.485871 0.531281 0.273650 0.992392 0.858419
0.031724 0.478065 0.702815 0.451656 0.875847 0.999501 0.602937 0.428508 0.543220 0.240487 0.884251 0.866015
-0.014641 0.415294 0.604227 0.325009 0.862986 0.937547 0.626943 0.454227 0.593717 0.264150 0.987854 0.870934
0.030526 0.508630 0.657924 0.367423 0.909207 0.886568 0.510652 0.521640 0.488735 0.187582 0.925127 0.962541
0.086129 0.436382 0.682141 0.379635 0.830328 0.935070 0.550991 0.487768 0.471375 0.255512 0.952250 0.834250
0.080333 0.471662 0.649727 0.512045 0.928614 1.004976 0.514306 0.506875 0.459903 0.231548 0.926517 0.818015
-0.019365 0.500344 0.570987 0.428696 0.866976 0.887790 0.585518 0.487120 0.512865 0.229993 0.870749 0.905883
-0.002603 0.419481 0.596261 0.355839 0.898640 0.844363 0.648612 0.550691 0.541261 0.259970 0.957124 0.876089
-0.072193 0.534529 0.655178 0.454102 0.916310 0.992427 0.546416 0.432998 0.529853 0.203433 0.918956 0.926788
-0.014261 0.470973 0.779298 0.340126 0.972544 0.966744 0.548787 0.483712 0.556011 0.199017 0.924538 0.795657
-0.041646 0.504879 0.646072 0.418477 0.926241 1.039901 0.575340 0.498603 0.513213 0.346505 0.960192 0.890195
-0.015782 0.345055 0.593621 0.351813 0.855515 0.898126 0.559842 0.518217 0.570364 0.152631 0.932525 0.970114
0.025843 0.533435 0.668774 0.425480 0.927029 0.957622 0.594805 0.492177 0.488187 0.289515 0.896123 0.831347
-0.045687 0.472052 0.704487 0.355482 0.985025 1.005401 0.569599 0.449701 0.465042 0.234283 1.035503 0.953151
-0.005451 0.479244 0.649056 0.452238 1.065981 0.951323 0.630992 0.444589 0.508779 0.295228 0.848473 0.819786
0.083535 0.383447 0.675472 0.452481 0.889159 0.988401 0.637070 0.485116 0.485013 0.195366 1.021562 0.892007
0.028897 0.485834 0.690604 0.511023 0.977471 0.918713 0.599695 0.475477 0.529764 0.216066 0.925898 0.788657
0.067236 0.339692 0.701634 0.461001 0.901706 1.079719 0.532628 0.509072 0.471852 0.228742 0.926848 0.875732
0.091351 0.407962 0.688579 0.456749 0.939600 1.053094 0.617254 0.405804 0.462099 0.144200 0.906891 0.909321
-0.097936 0.360894 0.626197 0.425098 0.901238 0.896948 0.488178 0.433999 0.478293 0.120993 0.911476 0.786493
0.117052 0.396384 0.625423 0.369254 0.908041 0.952477 0.593304 0.599508 0.422622 0.147184 0.946202 0.881701
0.079456 0.449567 0.676619 0.402422 0.899858 0.960437 0.625745 0.489138 0.551485 0.223143 0.851979 0.983926
0.038265 0.386050 0.667725 0.259358 0.975989 0.943122 0.528387 0.483891 0.581950 0.135573 0.902075 0.849184
0.035112 0.543046 0.618327 0.355144 0.909067 0.939457 0.602800 0.452034 0.493697 0.151838 0.986716 0.847646
0.000360 0.570508 0.630965 0.388081 0.925316 1.015060 0.501365 0.472692 0.529957 0.215639 0.919447 0.918582
-0.061279 0.443427 0.621134 0.411859 0.922911 0.957645 0.601212 0.448933 0.418870 0.292986 0.892426 0.932587
0.092155 0.423451 0.606616 0.392000 0.914406 0.897771 0.651322 0.545591 0.508238 0.281330 0.979311 0.847775
-0.009286 0.411205 0.720156 0.488242 0.994153 0.965260 0.600703 0.576975 0.564143 0.262448 1.022815 0.840058
-0.028358 0.429965 0.680132 0.467145 0.902747 0.845389 0.662635 0.458277 0.598783 0.270325 0.944938 0.911700
0.033615 0.366418 0.570322 0.410024 1.007352 0.935911 0.617582 0.508005 0.584609 0.175421 0.978556 0.810195
0.086424 0.402314 0.676028 0.421229 0.945296 0.933972 0.497323 0.486776 0.552847 0.192770 1.028539 1.001370
-0.012381 0.507950 0.625894 0.391716 0.983759 0.942803 0.595844 0.404779 0.476738 0.241676 0.942624 0.810466
0.075669 0.469947 0.686481 0.424175 0.955597 0.889298 0.644404 0.452641 0.511317 0.295979 0.974024 0.879982
-0.001807 0.472881 0.612317 0.511630 0.911401 0.922600 0.549496 0.474400 0.470869 0.189449 0.897776 0.931682
-0.033649 0.478761 0.740687 0.412281 0.869235 0.860927 0.583591 0.478415 0.523432 0.220015 0.894937 0.910456
0.003106 0.439138 0.655632 0.377272 0.997367 0.998188 0.590854 0.390801 0.590436 0.269102 1.029461 0.862837
-0.012349 0.405767 0.693868 0.491518 0.985787 0.996108 0.526487 0.517448 0.508736 0.203688 0.988782 0.887812
0.119618 0.388580 0.696728 0.443731 0.960864 0.913056 0.569612 0.426128 0.468143 0.211056 0.963392 0.870668
0.035778 0.548656 0.687028 0.422009 0.925828 0.931864 0.602763 0.598920 0.576217 0.217750 0.962317 0.832483
0.017230 0.510288 0.656138 0.413269 0.862740 1.004643 0.619597 0.414667 0.435613 0.250330 0.924508 0.811236
0.085542 0.461014 0.788554 0.432638 0.954849 0.972016 0.566282 0.524362 0.584385 0.221462 0.999825 0.884013
0.058066 0.486596 0.666343 0.436332 0.977881 1.003275 0.673423 0.452339 0.563431 0.267124 0.887572 0.842752
0.024890 0.442087 0.610121 0.394998 0.939332 0.894505 0.530177 0.358471 0.540693 0.252579 1.059086 0.865900
0.070303 0.443243 0.583513 0.430625 0.985020 0.817845 0.581283 0.452199 0.587939 0.203978 0.975243 0.813568
-0.015196 0.394025 0.649908 0.417324 0.958426 0.936466 0.642750 0.463284 0.587013 0.174545 0.893654 0.834795
0.028789 0.431329 0.654386 0.458463 0.929145 0.972651 0.572772 0.419901 0.492902 0.242666 0.881278 0.807505
0.107821 0.354731 0.738070 0.430241 0.896170 1.021995 0.587730 0.530949 0.436748 0.227010 0.899753 0.823393
0.026111 0.478802 0.575684 0.429795 0.862326 1.072922 0.602372 0.554052 0.554173 0.143991 0.940876 0.910562
0.001606 0.406277 0.620333 0.392948 0.989042 1.061619 0.589019 0.539725 0.526027 0.190497 0.900420 0.848638
-0.050912 0.406988 0.619415 0.466332 0.891212 0.893679 0.677214 0.402650 0.534633 0.280608 0.861500 0.865082
0.037841 0.386232 0.620904 0.470302 0.845823 1.002020 0.608710 0.481545 0.492755 0.222019 0.975457 0.799106
0.012394 0.424488 0.656690 0.338243 0.942654 0.952211 0.509432 0.447745 0.541838 0.210613 0.793995 0.848712
-0.008289 0.378275 0.674323 0.448731 0.978041 0.967675 0.674285 0.483707 0.502798 0.197042 0.967780 0.874044
0.065255 0.483252 0.673955 0.434657 0.999776 1.064119 0.632383 0.378884 0.496073 0.198295 0.843913 0.954084
-0.048407 0.421791 0.630526 0.340982 0.947161 0.907745 0.585560 0.456090 0.559068 0.160135 0.936896 0.856079
0.034488 0.443587 0.655035 0.378991 0.841414 0.926648 0.533190 0.530655 0.518712 0.188927 0.924565 0.854774
-0.048480 0.450058 0.638546 0.375527 1.021386 0.957282 0.559049 0.536375 0.494416 0.244665 0.954561 0.804616
0.071675 0.437421 0.644070 0.507779 0.891968 0.913438 0.675494 0.492292 0.517748 0.176895 0.977084 0.894655
0.059227 0.502202 0.582496 0.341619 0.842078 0.976686 0.541304 0.509944 0.541830 0.194868 0.822504 0.769546
0.076043 0.467097 0.720436 0.450642 1.000765 0.920848 0.639194 0.560468 0.495817 0.209257 0.921523 0.826305
0.026154 0.354936 0.636551 0.452033 0.949624 0.989516 0.592278 0.452954 0.479805 0.215057 0.987558 0.868203
-0.043780 0.301529 0.637429 0.311792 1.006021 1.064466 0.617501 0.529423 0.469990 0.219601 1.033718 0.888489
0.004233 0.553501 0.754615 0.391316 0.981435 0.960708 0.641023 0.475831 0.397051 0.115438 1.015913 0.776931
0.078532 0.462552 0.686498 0.339436 0.882222 0.930671 0.611779 0.389898 0.471188 0.254743 0.880680 0.812795
0.028174 0.456909 0.656064 0.419326 0.878058 0.935352 0.550499 0.443505 0.577629 0.223312 0.912120 0.899203
0.031078 0.488266 0.577216 0.403470 0.914680 1.018803 0.612690 0.447300 0.622301 0.169580 0.986990 0.965289
0.137491 0.482574 0.642346 0.366391 0.880106 0.922579 0.551683 0.536894 0.557146 0.285024 0.978926 0.881039
0.035480 0.442602 0.662005 0.438024 0.862077 0.889695 0.579675 0.509298 0.563801 0.207016 0.918693 0.851780
-0.007361 0.493971 0.741703 0.478768 0.971797 1.005786 0.585198 0.421822 0.540782 0.273436 0.930248 0.812761
-0.123466 0.506122 0.686431 0.357667 0.988332 0.893036 0.585696 0.478612 0.485986 0.297158 0.973282 0.873793
0.014871 0.418650 0.677730 0.381581 0.899209 0.966789 0.619855 0.533420 0.541823 0.145316 0.895660 0.965353
0.053624 0.610451 0.760818 0.394495 1.005664 0.931081 0.541597 0.553294 0.479249 0.280581 1.034622 0.808377
0.027669 0.463564 0.614640 0.550631 0.892737 0.902180 0.585571 0.449464 0.517165 0.209103 0.904292 0.896334
-0.040674 0.429989 0.663147 0.452167 0.974892 0.999013 0.613238 0.427454 0.457065 0.253037 0.804427 0.801569
0.081489 0.475025 0.615017 0.483446 0.872466 0.962517 0.526178 0.459423 0.589722 0.248498 0.904399 0.895937
0.030756 0.507549 0.648365 0.514438 1.020945 0.988777 0.529495 0.325761 0.514238 0.186460 0.983197 0.927317
0.003509 0.397965 0.670885 0.396823 0.908079 1.008626 0.588382 0.386401 0.528919 0.227777 0.939645 0.853066
-0.052138 0.481359 0.670904 0.287102 0.862920 0.908375 0.436778 0.408077 0.590180 0.135573 1.073755 0.994973
0.018058 0.427225 0.682835 0.437279 0.922339 0.916317 0.545522 0.393671 0.542706 0.241874 0.957389 0.936928
-0.027354 0.458116 0.717499 0.472668 0.875276 0.884555 0.561168 0.436976 0.585408 0.255930 0.976112 0.928708
0.040795 0.392367 0.730447 0.366451 0.926671 0.944269 0.493564 0.495225 0.440609 0.239857 0.964151 0.907234
-0.013734 0.404847 0.599659 0.423527 0.947939 1.038271 0.604801 0.457978 0.528370 0.275597 0.918903 0.832883
0.053072 0.443668 0.656997 0.418508 0.913939 0.963431 0.556706 0.485014 0.534488 0.276430 0.892009 0.870208
0.018353 0.370124 0.651539 0.396350 0.891963 1.000006 0.690820 0.517883 0.528099 0.299525 0.884566 0.873393
0.097744 0.486593 0.687456 0.458203 0.898083 1.040252 0.674238 0.518996 0.562350 0.118267 0.982254 0.859994
-0.037590 0.461956 0.607729 0.425412 0.957939 0.973860 0.515266 0.515681 0.487390 0.243148 0.928155 0.834901
-0.023946 0.384668 0.608973 0.472098 0.873754 1.038512 0.560832 0.475213 0.512335 0.244705 0.913916 0.915116
0.096655 0.518995 0.668122 0.447741 0.956238 0.901480 0.596392 0.485616 0.552123 0.308567 0.962526 0.835059
0.044555 0.511789 0.757507 0.459328 0.970829 1.008216 0.618016 0.584831 0.459555 0.198148 0.931128 0.860654
0.014449 0.407390 0.661815 0.378049 0.852888 1.057392 0.605775 0.453890 0.492046 0.296252 0.894028 0.794557
-0.049505 0.531253 0.604963 0.364887 0.942208 0.956515 0.587140 0.465729 0.545779 0.237067 0.961702 0.934211
0.091969 0.519740 0.618045 0.454084 0.940918 0.903813 0.660004 0.475542 0.582408 0.276054 0.852837 0.908065
0.074932 0.404071 0.570774 0.422680 0.847008 0.924889 0.527693 0.471677 0.585060 0.209573 0.961462 0.801839
0.018010 0.465215 0.641229 0.432960 0.890633 0.838581 0.503268 0.394692 0.497044 0.160007 0.927451 0.888134
0.006165 0.458349 0.558192 0.372175 0.939800 1.025670 0.590643 0.380858 0.642974 0.178223 0.890145 0.896291
-0.024050 0.427959 0.663227 0.530220 0.960016 0.966245 0.543301 0.489849 0.530369 0.266751 0.914487 0.888387
0.016172 0.435738 0.636206 0.452358 0.914448 0.895311 0.563315 0.550374 0.547065 0.305627 0.878806 0.922278
-0.051660 0.453668 0.647601 0.412054 0.930099 0.936427 0.527764 0.476425 0.458296 0.247997 0.992598 0.867166
-0.037873 0.434465 0.653898 0.445830 0.901986 1.031409 0.545424 0.509518 0.501092 0.259927 0.905196 0.844501
0.085012 0.453780 0.741481 0.311804 0.962400 0.974580 0.507806 0.484141 0.575145 0.248939 0.904521 0.831545
-0.016622 0.452871 0.604233 0.488325 0.988255 0.993936 0.691059 0.497573 0.550278 0.173214 1.020479 0.893714
-0.025240 0.471148 0.629838 0.306594 0.976485 1.010438 0.582672 0.536221 0.425140 0.272024 0.882680 0.923571
-0.042866 0.382279 0.735680 0.384099 0.889285 0.969240 0.561270 0.443648 0.600432 0.217127 0.878326 0.875269
0.043914 0.538684 0.773562 0.478395 0.909886 0.948757 0.642147 0.523219 0.441953 0.187681 0.979990 0.859259
0.044416 0.421059 0.681416 0.484237 0.956207 0.928390 0.551598 0.383637 0.436839 0.239813 0.897069 0.874851
0.094995 0.492275 0.662104 0.428051 0.954296 0.971391 0.589795 0.542050 0.508618 0.154747 0.940625 0.856656
-0.024161 0.453683 0.682127 0.372081 0.958545 0.989492 0.670965 0.436042 0.459538 0.256825 0.934426 0.887586
0.026338 0.380530 0.687607 0.374522 0.892413 1.031158 0.686851 0.416308 0.576353 0.196896 0.858975 0.927793
0.101453 0.433293 0.662498 0.461358 0.876004 0.954761 0.493685 0.459945 0.488499 0.169629 0.902948 0.840126
-0.036620 0.493666 0.719353 0.439590 0.937530 0.867498 0.517425 0.401365 0.484748 0.217373 0.918523 0.814343
0.029024 0.471606 0.632867 0.519499 0.819958 0.920634 0.547914 0.447761 0.481265 0.167006 1.095176 0.957279
0.011508 0.406477 0.662806 0.394995 0.967703 0.927620 0.608579 0.492304 0.473822 0.234660 0.963500 0.774833
-0.001829 0.523086 0.655577 0.493165 0.928953 1.002309 0.593873 0.448708 0.559161 0.258976 0.906326 0.901770
0.029754 0.361307 0.679308 0.424975 0.813159 0.983341 0.640138 0.435678 0.486617 0.200774 1.000265 0.927222
0.077644 0.305258 0.640314 0.455661 0.939914 0.993204 0.595553 0.547253 0.504640 0.256683 0.921526 0.973611
-0.025368 0.365500 0.632853 0.380383 0.982204 0.929268 0.590311 0.470957 0.503531 0.241540 0.882617 0.839811
0.083502 0.521701 0.604753 0.279346 1.036835 1.047406 0.597373 0.454175 0.548180 0.195661 0.940370 0.840430
0.049510 0.357387 0.637845 0.445617 0.951707 0.921749 0.564642 0.367055 0.563640 0.301274 1.015929 0.977305
0.080412 0.366954 0.735299 0.402094 0.936797 1.016757 0.585760 0.495901 0.576337 0.245219 0.970049 0.880251
-0.005242 0.458009 0.671144 0.391910 0.927368 0.960606 0.582308 0.363731 0.492505 0.272346 0.830122 0.914732
-0.005742 0.497511 0.689480 0.422805 1.002989 0.993947 0.619993 0.497745 0.442178 0.173616 0.946791 0.827688
-0.018261 0.439670 0.644103 0.414762 0.889104 1.008405 0.522680 0.437505 0.381098 0.238340 0.931627 0.932270
-0.013703 0.400239 0.699772 0.439113 0.929758 0.943372 0.616569 0.468771 0.553283 0.221871 0.910882 0.947910
0.023481 0.499312 0.610535 0.361022 0.901820 0.876628 0.475800 0.534469 0.489143 0.205209 0.836977 0.855388
0.049960 0.447212 0.631350 0.413649 0.942494 0.935240 0.589787 0.402216 0.572849 0.226799 0.914791 0.880427
0.052829 0.421062 0.645417 0.426727 0.923701 1.018988 0.565907 0.496016 0.598293 0.368292 0.972887 0.832904
0.016064 0.415460 0.711229 0.449119 0.901769 0.929293 0.613545 0.432118 0.502291 0.171478 0.972295 0.848028
0.054373 0.446930 0.667730 0.433672 0.905375 0.910824 0.654262 0.517846 0.507617 0.262138 1.043071 0.965944
-0.015128 0.496085 0.607164 0.425740 0.955392 0.998993 0.527629 0.482039 0.446971 0.210432 0.869817 0.885307
0.042023 0.416275 0.599490 0.370151 0.932143 0.924010 0.581094 0.594588 0.575102 0.147737 0.868368 0.930332
0.050018 0.419106 0.630940 0.388111 0.977472 0.854263 0.559759 0.434798 0.542072 0.239270 0.942513 0.851245
-0.014681 0.472059 0.713615 0.489296 0.919342 1.027295 0.571820 0.431362 0.539478 0.146599 0.953154 0.825143
-0.003262 0.428245 0.663086 0.422852 0.972078 0.983057 0.590206 0.488224 0.555607 0.198474 0.964629 0.950006
0.012084 0.378720 0.751242 0.324307 1.035882 0.945522 0.640623 0.563933 0.528595 0.132074 1.018225 0.875729
-0.008134 0.502254 0.735126 0.367569 0.974014 0.963635 0.568761 0.489682 0.527781 0.267619 0.959559 0.883683
0.069241 0.429619 0.703998 0.406785 0.837753 0.980205 0.541361 0.473846 0.518185 0.229140 0.891582 0.954273
-0.055424 0.486703 0.592021 0.437907 0.929359 0.966945 0.495593 0.445229 0.534423 0.252102 0.898814 0.820125
-0.028594 0.485948 0.652213 0.339141 0.865557 0.971085 0.548894 0.432084 0.452303 0.267650 0.941581 0.852795
-0.011696 0.452237 0.676313 0.397141 0.904826 0.955928 0.636652 0.480109 0.487376 0.280109 0.991999 0.899620
0.064270 0.458855 0.746068 0.469226 0.857520 0.970754 0.588701 0.444774 0.565071 0.165549 0.901140 0.966456
-0.095260 0.419446 0.623034 0.415360 0.941552 0.936246 0.515546 0.446806 0.560493 0.233998 1.050609 0.835377
-0.021196 0.441622 0.629983 0.375404 0.911920 0.919489 0.624958 0.431762 0.455523 0.257338 0.906514 0.910764
-0.007681 0.524069 0.650266 0.419891 0.853256 0.931698 0.546394 0.532892 0.439562 0.272926 0.963107 0.830665
-0.078265 0.302994 0.633598 0.340324 0.908006 0.931517 0.519698 0.492337 0.489597 0.272695 0.998856 0.875824
0.064522 0.504526 0.655141 0.362697 1.030215 0.976665 0.571124 0.452463 0.603644 0.279763 0.903469 0.828948
0.100223 0.439984 0.725874 0.438584 0.971919 1.003539 0.604772 0.499313 0.502531 0.121864 1.065414 0.875988
0.060251 0.422353 0.703111 0.426498 0.999641 0.913245 0.659514 0.490504 0.445805 0.188307 0.942880 0.839374
0.034508 0.441261 0.644121 0.431498 0.982446 1.041295 0.604650 0.524324 0.566232 0.203821 0.951180 0.884268
0.005414 0.416719 0.727154 0.356021 1.000690 0.921439 0.594876 0.478971 0.548033 0.165111 1.054186 0.906637
0.062149 0.470564 0.615702 0.407985 0.838965 1.005916 0.578357 0.436747 0.494845 0.281481 0.915520 0.829503
0.005492 0.414238 0.640832 0.380059 0.883071 0.988596 0.578706 0.425331 0.512090 0.167448 0.939442 0.876701
0.145982 0.454823 0.644421 0.407063 0.991535 0.926501 0.591665 0.507342 0.446394 0.252606 0.882523 0.867115
0.013483 0.302276 0.622903 0.415916 0.948515 0.935402 0.569995 0.486693 0.431943 0.259846 0.858686 0.897845
0.077912 0.486099 0.645734 0.491269 0.919326 1.000583 0.622008 0.498521 0.513162 0.326998 0.894775 0.839403
-0.001910 0.428303 0.682686 0.466101 0.868656 0.913001 0.592151 0.524757 0.454524 0.255381 0.979799 0.890313
-0.025613 0.417841 0.636419 0.384631 0.995072 1.050198 0.481696 0.460738 0.498937 0.256145 0.871292 0.832658
-0.059127 0.484634 0.591310 0.355479 0.989471 0.940299 0.569893 0.436107 0.541471 0.241744 0.909271 0.896301
0.077526 0.496607 0.698930 0.422148 0.905615 0.927513 0.625144 0.422180 0.514426 0.224581 0.917279 0.928989
0.070903 0.502080 0.585962 0.342149 0.958078 0.950746 0.591693 0.493660 0.535303 0.144283 0.942483 0.899271
-0.013310 0.480036 0.727405 0.531029 0.984761 0.971825 0.563495 0.464857 0.474382 0.127104 1.001246 0.847031
0.016842 0.375039 0.725175 0.354877 0.828042 0.931576 0.503271 0.574355 0.512434 0.268165 0.979621 0.903232
-0.052494 0.523131 0.713003 0.472244 0.893515 0.875422 0.582113 0.427132 0.602220 0.293937 0.968818 0.899409
0.005423 0.432222 0.634543 0.446572 0.966285 0.897154 0.609377 0.568288 0.461404 0.224139 1.069379 0.851864
0.011149 0.398655 0.666233 0.475350 1.017592 1.043320 0.560160 0.485813 0.492299 0.251308 1.004353 0.986880
0.048521 0.464132 0.673118 0.349323 0.912917 1.006064 0.577743 0.461190 0.570787 0.178234 0.935177 0.852069
0.035634 0.435891 0.648399 0.444986 0.901529 1.041980 0.571340 0.430855 0.484815 0.150163 0.961068 0.836313
0.059135 0.452910 0.718911 0.452605 1.015579 0.969663 0.563507 0.511098 0.543265 0.298611 0.924699 0.891855
-0.024442 0.538358 0.695500 0.398331 0.811353 1.023405 0.534419 0.433113 0.585708 0.335661 0.948294 0.921641
0.033558 0.452490 0.659651 0.335031 0.940081 0.997578 0.665370 0.465980 0.466903 0.282388 0.944458 0.915483
-0.028254 0.405046 0.628496 0.400623 0.962145 0.950322 0.616362 0.491458 0.512362 0.212126 0.979148 0.852728
0.068759 0.403756 0.703799 0.379438 0.914341 0.980254 0.593559 0.545715 0.495307 0.164491 0.913059 0.866462
0.152573 0.470221 0.697434 0.390163 0.859233 0.905985 0.564929 0.414975 0.607333 0.228771 0.968424 0.900219
0.040807 0.593200 0.747811 0.405899 0.906796 0.988086 0.564738 0.438013 0.589686 0.241884 1.024415 0.884200
-0.033176 0.482526 0.705768 0.494866 0.888817 1.037206 0.455836 0.597955 0.630483 0.272734 0.999760 0.862694
-0.005244 0.449669 0.594154 0.431821 0.975941 0.906154 0.595156 0.494691 0.527402 0.188215 0.946981 0.786633
-0.014177 0.452476 0.706067 0.381257 0.925565 0.897445 0.594438 0.485214 0.558245 0.198454 0.973778 0.955494
-0.026749 0.488458 0.647415 0.484355 1.019509 1.055977 0.640628 0.382389 0.581163 0.216414 0.984939 0.930848
-0.045630 0.339129 0.682525 0.412765 0.984066 0.915637 0.725313 0.442635 0.429305 0.202261 0.923774 0.832600
0.026778 0.482391 0.649661 0.445112 0.874366 0.950026 0.686740 0.446640 0.587080 0.224287 0.858601 0.888084
0.072274 0.507778 0.712178 0.434387 0.912147 0.916592 0.565280 0.557273 0.473769 0.315835 0.976896 0.897200
-0.013088 0.445826 0.666114 0.439140 0.927758 0.915007 0.517790 0.486842 0.498120 0.281090 0.901709 0.940793
0.027164 0.428811 0.615444 0.412206 0.953262 0.922419 0.586995 0.437410 0.494462 0.157994 0.935273 0.814108
-0.031818 0.485505 0.664790 0.409878 0.991489 1.030849 0.547873 0.471065 0.496314 0.268392 0.921479 0.852870
0.033385 0.399401 0.647255 0.457874 0.912655 0.971403 0.607906 0.441866 0.601856 0.422580 1.026770 0.888776
0.111184 0.396075 0.640027 0.461279 0.992836 0.962849 0.638294 0.446359 0.540709 0.347637 0.965743 0.868082
0.016418 0.417280 0.755134 0.437312 0.948518 0.931440 0.533144 0.500392 0.548212 0.233011 1.042407 0.876823
0.080282 0.519585 0.571057 0.410601 0.869621 1.114454 0.603722 0.543574 0.552643 0.304106 0.975651 0.905783
0.057316 0.448321 0.617979 0.372979 1.015459 0.911915 0.557627 0.469166 0.487262 0.283142 1.017666 0.888113
0.087859 0.435732 0.572361 0.498574 0.956096 0.961468 0.680740 0.421576 0.492788 0.233060 0.895109 0.869859
0.012404 0.496632 0.608831 0.492108 0.994653 0.986223 0.568225 0.473388 0.501109 0.300095 1.004948 0.865584
0.053269 0.518246 0.583988 0.431503 0.933550 0.895177 0.624754 0.510577 0.572733 0.234072 1.062740 0.880986
-0.057536 0.466294 0.728986 0.408448 0.855065 0.985304 0.565546 0.405660 0.593917 0.205711 0.955068 0.871113
0.021623 0.457703 0.660579 0.462585 0.952537 0.932516 0.626868 0.503208 0.531029 0.265825 0.866721 0.801543
0.030287 0.354779 0.578698 0.364042 0.956238 0.981611 0.609070 0.489901 0.559886 0.283626 0.898186 0.901757
-0.013325 0.462399 0.730992 0.375092 0.891253 0.983531 0.590871 0.455550 0.629382 0.151782 0.898510 0.798690
0.056849 0.389809 0.642037 0.457118 1.005505 1.066618 0.579861 0.513726 0.498561 0.226881 0.971604 0.910729
0.008961 0.355323 0.677400 0.289079 0.993617 0.847415 0.514176 0.486869 0.593480 0.234158 0.958306 0.866461
0.093176 0.425684 0.661195 0.468668 1.048836 0.953238 0.567272 0.483830 0.464968 0.233477 0.894881 0.791178
-0.009593 0.475716 0.616081 0.391500 0.936731 1.035465 0.597248 0.423624 0.498995 0.260919 0.946964 0.923134
0.128010 0.545549 0.673711 0.345886 0.912857 0.931419 0.553149 0.464992 0.572317 0.238314 0.965072 0.896523
0.036068 0.446354 0.593640 0.354848 0.945306 0.993730 0.566333 0.494867 0.594748 0.217394 0.866953 0.842966
-0.030677 0.541229 0.604246 0.423581 0.925147 0.984455 0.558359 0.551770 0.501009 0.201527 1.021268 0.827898
-0.027451 0.465024 0.668469 0.410345 0.863986 0.891499 0.488028 0.445956 0.555396 0.239267 0.833347 0.962131
-0.028663 0.506012 0.670701 0.409872 0.949277 0.991638 0.608835 0.376846 0.544837 0.227731 0.979768 0.815602
0.056696 0.534192 0.697880 0.385571 0.931176 0.878487 0.577527 0.433182 0.572510 0.162314 0.914159 0.915158
-0.010445 0.476855 0.630904 0.456366 0.915681 0.926303 0.547516 0.400849 0.561959 0.277308 0.935416 0.851937
0.074521 0.419341 0.681455 0.395790 0.977300 0.964678 0.485157 0.476712 0.550456 0.252463 0.909244 0.861885
-0.014698 0.490243 0.666792 0.381871 1.013382 0.887013 0.577853 0.573498 0.538538 0.257923 0.929371 0.875795
0.119873 0.381504 0.741852 0.425640 0.982386 0.992071 0.521729 0.481782 0.522156 0.184866 0.889628 0.872691
-0.027391 0.343989 0.729304 0.436035 0.900473 0.982077 0.594087 0.461652 0.448838 0.169188 0.950915 0.856006
0.062558 0.436690 0.734150 0.434018 0.961906 0.956411 0.606067 0.456592 0.561589 0.188476 0.907804 0.845334
0.049103 0.571547 0.553258 0.508961 1.025714 1.003335 0.580480 0.541430 0.577874 0.159583 0.993589 0.812705
0.143434 0.400079 0.664626 0.335945 0.895457 0.956946 0.508367 0.443259 0.549476 0.280629 0.929547 0.782894
0.018438 0.431185 0.791430 0.510013 0.956202 0.980609 0.514723 0.466212 0.471426 0.229541 0.921920 0.910974
-0.048147 0.464295 0.612319 0.481629 0.882035 0.955642 0.592356 0.384451 0.570446 0.197523 0.874103 0.933839
-0.007395 0.446412 0.692468 0.429136 0.887539 0.968309 0.631272 0.509116 0.585735 0.216073 0.874092 0.860113
-0.023772 0.486243 0.626473 0.386771 0.900516 0.964605 0.536165 0.532126 0.559614 0.214931 0.996885 0.881387
-0.009409 0.404115 0.635641 0.493444 0.964699 1.017122 0.497092 0.466932 0.555130 0.265329 0.895523 0.776961
0.001402 0.435671 0.585644 0.458692 1.017268 0.892260 0.578679 0.433027 0.499655 0.239322 0.817683 0.925324
0.056418 0.437664 0.646257 0.364897 0.946303 1.030672 0.518478 0.430589 0.551299 0.247350 0.953613 0.913763
0.005810 0.464047 0.686430 0.441819 0.939599 0.907718 0.613886 0.513950 0.484244 0.268920 0.909865 0.879363
0.073993 0.414519 0.624021 0.411468 0.832646 0.949793 0.542987 0.401776 0.549987 0.119951 0.921127 0.750636
-0.133422 0.459492 0.690667 0.403449 1.046470 0.961403 0.647823 0.420109 0.538513 0.226403 0.922466 0.921991
0.038011 0.376496 0.633729 0.435983 0.925484 0.909388 0.613367 0.553405 0.551255 0.302271 0.985676 0.894425
0.039160 0.412553 0.589626 0.389662 0.855503 0.837419 0.570454 0.467189 0.504504 0.271597 0.968889 0.866057
0.019227 0.408765 0.658686 0.353158 0.903522 0.946873 0.556572 0.435487 0.535210 0.246392 0.926507 0.937460
0.079824 0.427855 0.673754 0.471474 1.018340 0.904211 0.561015 0.526092 0.541053 0.277828 0.930938 0.759406
0.080741 0.369059 0.598106 0.415736 0.895876 0.959479 0.529398 0.418404 0.516652 0.259779 0.943473 0.801346
-0.035339 0.513889 0.658035 0.320215 0.880194 0.879055 0.529288 0.527664 0.559308 0.215341 0.964987 0.858892
0.018046 0.414936 0.659535 0.339922 0.930829 0.842366 0.521797 0.500750 0.569695 0.248172 0.908748 0.875389
0.023527 0.425898 0.609723 0.377846 0.928206 0.871107 0.515068 0.500890 0.442773 0.140616 0.915035 0.867423
0.042720 0.451246 0.621542 0.398844 0.903627 0.868539 0.518555 0.571850 0.521434 0.293436 0.933755 0.820908
0.089045 0.444531 0.720998 0.464221 0.941732 0.860344 0.544424 0.499315 0.512965 0.236536 1.023305 0.866387
0.067173 0.441194 0.634508 0.347098 0.975729 0.969528 0.627456 0.472007 0.485839 0.242370 0.902563 0.800942
0.070603 0.447282 0.671635 0.447188 1.012346 0.992393 0.546965 0.495736 0.518817 0.213569 0.916570 0.912287
-0.126088 0.440921 0.674614 0.476433 0.940055 0.946108 0.490095 0.420600 0.550037 0.182477 0.960719 0.935118
-0.012499 0.507128 0.705720 0.392137 0.909430 0.964954 0.595607 0.525760 0.449639 0.169148 0.993974 0.880864
0.019463 0.400969 0.623952 0.421863 0.939264 0.895748 0.540598 0.513207 0.470340 0.234293 0.922889 0.877317
-0.052159 0.492166 0.737480 0.348978 0.974468 1.015934 0.577614 0.389271 0.550010 0.214436 0.893876 0.967632
0.036094 0.432889 0.627563 0.391107 0.914169 1.031297 0.624185 0.404079 0.567802 0.251176 0.961087 0.910414
0.125996 0.458426 0.664030 0.377697 0.862947 0.923848 0.508395 0.587239 0.582991 0.199501 0.874426 0.863132
-0.116159 0.437287 0.638677 0.410328 1.009899 0.972193 0.627183 0.431977 0.423650 0.166503 0.925237 0.937256
0.046002 0.436974 0.725435 0.386412 0.949448 0.971830 0.633006 0.447523 0.514660 0.302224 1.016591 0.849937
0.108486 0.523619 0.708257 0.344133 0.981635 0.935757 0.602856 0.448967 0.516164 0.188048 0.928033 0.847379
0.023961 0.519606 0.656559 0.353535 1.009755 1.010829 0.554142 0.515967 0.482014 0.205544 0.928343 0.791510
-0.020550 0.428044 0.667746 0.495935 0.909598 0.983819 0.612631 0.535713 0.531145 0.239052 0.972025 0.827720
0.085832 0.420791 0.638782 0.401970 1.003741 0.994932 0.623539 0.497007 0.577102 0.215654 0.967583 0.943878
0.092056 0.368948 0.720007 0.349842 0.930794 0.965687 0.569841 0.455143 0.510465 0.186928 1.033271 0.913820
0.007658 0.418245 0.591642 0.369077 0.860475 0.908438 0.556362 0.505320 0.455061 0.256279 0.979953 0.890140
0.010348 0.503833 0.631752 0.363633 0.985861 0.947859 0.615666 0.458054 0.530452 0.235442 0.972422 0.848684
-0.068920 0.378356 0.648310 0.469210 0.927099 1.020308 0.510670 0.484187 0.530544 0.139701 0.869376 0.807846
0.015943 0.468836 0.567125 0.483672 0.906588 0.957413 0.564377 0.386021 0.528901 0.234471 0.902363 0.806600
-0.069642 0.402943 0.727423 0.446418 0.915430 0.944469 0.575104 0.553970 0.555887 0.138499 0.968533 0.892952
0.065587 0.454723 0.632220 0.361891 0.953317 1.023339 0.615677 0.511262 0.450811 0.213218 0.898803 0.861372
0.008555 0.571768 0.596204 0.399889 0.870965 0.993356 0.552263 0.492287 0.590666 0.263246 0.998232 0.924100
0.034427 0.462681 0.598815 0.487460 1.022631 0.978278 0.642343 0.435851 0.507092 0.261386 0.976518 0.974181
0.034779 0.555324 0.626717 0.371061 1.059783 0.775024 0.622985 0.506709 0.518432 0.272912 0.896898 0.958988
-0.057658 0.452245 0.600477 0.388436 0.930520 0.900745 0.597401 0.488218 0.549292 0.138574 0.947715 0.958489
0.009673 0.483470 0.647105 0.334244 0.977567 1.050193 0.572776 0.446353 0.553460 0.303627 0.917281 0.823740
0.000267 0.442912 0.684458 0.393327 0.916578 1.061547 0.541971 0.438867 0.522615 0.235928 0.953090 0.921457
0.016382 0.541237 0.623878 0.407099 0.955440 0.936732 0.547473 0.509244 0.569046 0.183348 0.952575 0.915165
-0.081845 0.434302 0.650444 0.474283 0.953083 0.985181 0.595335 0.446206 0.555041 0.229849 0.905505 0.870631
0.032420 0.482336 0.750633 0.480684 0.901391 0.932238 0.588603 0.449424 0.500099 0.162232 0.966202 0.911273
0.016677 0.475573 0.729147 0.390054 0.974753 0.876926 0.661589 0.463214 0.514171 0.149336 0.913477 0.796353
0.045288 0.399829 0.650450 0.446185 0.953543 0.886852 0.676417 0.522316 0.482357 0.191147 0.862825 0.795058
0.024427 0.351258 0.612107 0.379986 0.893002 0.867438 0.555759 0.407566 0.609626 0.190418 0.894269 0.906813
-0.061933 0.465867 0.685984 0.467928 0.928319 0.999921 0.661599 0.464396 0.585028 0.265140 0.946957 0.889512
0.039787 0.403138 0.675167 0.407966 0.835789 0.991732 0.508839 0.513771 0.497170 0.210037 0.891370 0.895979
0.044423 0.389740 0.639969 0.468786 0.921817 0.922059 0.544886 0.483269 0.473468 0.192261 0.837220 0.890394
0.011081 0.406966 0.662517 0.429060 0.932356 0.916852 0.634526 0.514414 0.529896 0.186952 0.967468 0.869702
0.118660 0.427729 0.658846 0.421626 0.901593 1.033111 0.570915 0.480393 0.521469 0.320550 0.876796 0.889699
0.025745 0.406640 0.541492 0.362992 0.945716 0.939982 0.601268 0.451860 0.515450 0.219261 0.949294 0.847809
-0.057881 0.530339 0.625288 0.405938 0.931812 0.852968 0.544394 0.519680 0.506056 0.191654 0.958370 0.921920
0.104587 0.417268 0.591952 0.386473 0.955254 0.960389 0.581000 0.432646 0.488380 0.211888 0.996510 0.830503
0.168721 0.488337 0.604546 0.384892 0.858599 0.928159 0.642071 0.595843 0.627302 0.236234 0.979297 0.940208
0.070983 0.437464 0.562212 0.492414 0.895048 0.947794 0.562077 0.402458 0.393795 0.191455 0.903837 0.885204
0.045720 0.463209 0.652789 0.365055 0.945276 0.888275 0.607974 0.583473 0.572023 0.252477 0.974104 0.895751
0.051667 0.431281 0.535761 0.477796 1.022470 0.977806 0.510053 0.500986 0.562255 0.226012 0.910028 0.797680
0.031436 0.480963 0.662354 0.462483 0.869469 0.970907 0.564671 0.308868 0.595626 0.313465 0.935646 0.832713
0.053440 0.475544 0.622851 0.393956 1.003278 0.945024 0.609054 0.521385 0.442135 0.205751 1.012404 0.850229
0.031522 0.443396 0.736932 0.406714 0.919097 0.992554 0.483621 0.505822 0.493396 0.232093 0.936307 0.959310
0.090704 0.485889 0.664504 0.374027 0.925896 0.949393 0.620907 0.554524 0.539695 0.241643 0.998169 0.860593
0.001876 0.426204 0.607881 0.444853 0.894815 0.936469 0.648120 0.481968 0.501194 0.177217 0.886715 0.871124
0.086019 0.408779 0.621279 0.447667 0.848159 0.925178 0.562014 0.480093 0.579216 0.249843 0.960038 0.860329
-0.040165 0.405361 0.598496 0.449712 0.893045 0.996025 0.571054 0.472480 0.615292 0.204289 0.919944 0.821764
0.040272 0.468489 0.596421 0.490932 0.897573 0.932474 0.599787 0.455959 0.546638 0.227362 0.963291 0.844729
-0.017589 0.460624 0.673274 0.453748 0.949410 0.940407 0.528911 0.448072 0.397297 0.158677 0.831901 0.897800
-0.066009 0.467338 0.755860 0.360741 0.907870 1.026535 0.657233 0.380606 0.522583 0.197973 0.876982 0.894268
-0.033064 0.419378 0.670767 0.366604 1.028409 0.903029 0.545983 0.366482 0.545672 0.122528 0.938784 0.855690
0.074224 0.454004 0.677572 0.416215 1.025591 0.960446 0.642593 0.442112 0.465051 0.274946 0.962353 0.886760
0.025993 0.327883 0.568136 0.405733 0.911095 0.972581 0.609468 0.492502 0.502524 0.291909 0.917710 0.821012
0.029898 0.425514 0.742333 0.453798 0.971672 0.911421 0.632143 0.435105 0.495630 0.158602 0.954613 0.839044
0.110943 0.587378 0.624466 0.391642 0.870280 1.016453 0.545822 0.485984 0.512543 0.297030 0.984117 0.834564
0.035408 0.456239 0.622577 0.443551 0.819700 0.949027 0.543971 0.448646 0.495575 0.204276 0.934327 0.982637
-0.055210 0.484635 0.651964 0.427143 0.918225 0.878164 0.640089 0.395028 0.453070 0.255195 0.989923 0.933926
-0.035704 0.434814 0.613013 0.424975 0.900375 0.942712 0.635629 0.495244 0.496856 0.316073 0.916234 0.930837
0.067943 0.533460 0.667603 0.410429 0.978640 0.979986 0.525714 0.463291 0.498227 0.230648 0.940587 0.945359
-0.002638 0.448430 0.618679 0.405237 0.964812 1.016399 0.602188 0.476637 0.597562 0.293225 0.925174 0.941803
-0.011963 0.394061 0.658159 0.371510 0.851045 1.030118 0.561912 0.488142 0.522566 0.223877 0.912676 0.812339
0.024314 0.415767 0.621352 0.310618 0.997406 0.992145 0.509546 0.424385 0.481697 0.294217 0.917075 0.980482
0.001915 0.430615 0.609910 0.342009 0.865892 0.903729 0.559338 0.453543 0.490791 0.208656 0.908651 0.897403
0.079780 0.470522 0.678773 0.396696 0.973086 0.953592 0.529783 0.441274 0.516620 0.223772 0.904030 0.804098
-0.053705 0.455156 0.678522 0.463659 1.031747 0.990664 0.635175 0.452878 0.547563 0.162348 0.937676 0.902255
0.038926 0.354697 0.659033 0.395625 0.918067 0.950904 0.680968 0.417548 0.557888 0.315262 0.821142 0.846332
-0.015690 0.378909 0.588479 0.416143 0.879802 0.952165 0.610275 0.487846 0.459022 0.249051 0.980314 0.963465
-0.012110 0.431191 0.695403 0.419394 0.866523 1.018784 0.573500 0.468365 0.539283 0.204360 0.965979 0.878917
0.045109 0.637735 0.624750 0.474275 0.915360 0.905385 0.550069 0.464068 0.530853 0.206725 0.986042 0.837541
-0.090570 0.460617 0.668667 0.379839 0.903137 0.950116 0.548885 0.458962 0.573068 0.248123 1.014489 0.917459
0.017971 0.487542 0.788151 0.401468 0.933582 0.932537 0.552178 0.485288 0.551766 0.321644 0.917412 0.861212
-0.001968 0.425261 0.588309 0.427965 0.846016 1.019151 0.644039 0.420016 0.485036 0.240283 0.922355 0.910174
0.045823 0.436669 0.670536 0.486347 0.931650 0.987468 0.537639 0.481098 0.504212 0.261809 0.920535 0.832000
0.076675 0.469075 0.603146 0.366782 0.864456 0.897060 0.605468 0.474516 0.575299 0.176263 0.974836 0.847069
0.040225 0.414396 0.742368 0.481443 0.832832 1.060050 0.546115 0.513646 0.512287 0.192004 0.872927 0.759032
0.047682 0.463462 0.681059 0.415787 0.947270 0.936402 0.622659 0.525072 0.549126 0.251308 0.912932 0.929561
0.009791 0.399215 0.808855 0.410284 0.865620 0.935267 0.608093 0.421662 0.551393 0.274617 0.940328 0.919013
-0.054728 0.432854 0.686213 0.428673 0.890144 0.889343 0.547070 0.445284 0.507738 0.214144 0.918515 0.841213
0.007443 0.423800 0.635222 0.429804 0.942050 0.987576 0.536615 0.420961 0.580588 0.190276 0.954219 0.842912
0.051416 0.461075 0.651064 0.415847 0.958401 1.045226 0.648094 0.499952 0.509759 0.263316 0.874228 0.856171
0.048480 0.411176 0.737808 0.445589 0.924669 1.067928 0.565063 0.410663 0.618738 0.288181 0.982941 0.806881
0.102489 0.468696 0.689168 0.500091 0.936240 0.926514 0.625079 0.447343 0.541275 0.236581 0.931489 0.894734
-0.039272 0.387131 0.616384 0.425969 0.895258 0.999015 0.517786 0.465217 0.590765 0.255413 0.934006 0.878191
-0.066733 0.482311 0.762009 0.463429 0.908698 0.977204 0.509555 0.444574 0.584283 0.208590 0.900058 0.919086
0.037034 0.517198 0.576060 0.403050 0.924743 0.945666 0.615937 0.363101 0.522550 0.180124 0.910331 0.906884
-0.021349 0.414728 0.680240 0.396087 0.963758 1.017840 0.594082 0.497172 0.483113 0.302304 0.881405 0.825812
-0.011685 0.465794 0.693685 0.380279 0.948394 0.888268 0.680443 0.484710 0.488029 0.175184 0.976151 0.807492
0.075895 0.393904 0.548155 0.400306 0.889270 0.983053 0.680824 0.372010 0.554592 0.257379 0.959139 0.884148
0.106180 0.421905 0.747543 0.452513 0.915905 0.899111 0.550290 0.413953 0.510752 0.269177 0.954035 0.880354
0.005481 0.452348 0.696392 0.486515 1.037709 0.974566 0.505328 0.453268 0.557769 0.150138 0.919188 0.990795
0.984284 1.019395 0.508618 0.518215 0.593609 0.194137 0.043084 0.367441 0.363042 0.865064 0.504252 0.617337
1.016921 0.877742 0.487550 0.494209 0.651498 0.232955 0.030681 0.286950 0.377862 0.884209 0.492213 0.614332
0.909010 0.850145 0.546856 0.563865 0.637493 0.172537 -0.074085 0.271908 0.214925 0.766043 0.460846 0.553953
0.860931 0.896345 0.484505 0.517255 0.635182 0.254166 -0.031847 0.391969 0.342882 0.831337 0.522986 0.584696
1.060779 0.949670 0.498773 0.510244 0.733910 0.223740 0.048895 0.289013 0.362465 0.768808 0.524451 0.627693
0.966868 1.013268 0.538932 0.341997 0.645148 0.330703 0.045387 0.325397 0.328156 0.791859 0.550145 0.701545
0.942345 0.966828 0.594590 0.484863 0.764893 0.232884 0.020456 0.312225 0.265494 0.882139 0.465097 0.590310
0.978371 0.993160 0.494296 0.444686 0.619076 0.238219 -0.013895 0.335887 0.351369 0.788256 0.406673 0.551469
0.968811 0.989371 0.495983 0.502906 0.614095 0.236832 0.052736 0.347723 0.381348 0.711819 0.532360 0.609149
0.925088 0.923683 0.539212 0.564323 0.646753 0.277852 0.029412 0.377925 0.360544 0.878915 0.550736 0.583024
0.921738 0.935023 0.519582 0.437071 0.515389 0.221600 0.030482 0.308357 0.335340 0.805792 0.577706 0.621005
0.952582 0.869339 0.401704 0.443817 0.630019 0.228337 0.097677 0.318323 0.409096 0.908358 0.504812 0.566685
1.032383 0.911074 0.580941 0.513380 0.721378 0.220545 0.061877 0.401549 0.325222 0.750099 0.446260 0.625482
0.933318 1.043354 0.512663 0.594263 0.598153 0.324778 -0.035528 0.273503 0.319584 0.779348 0.452868 0.581172
0.948094 0.944335 0.521854 0.531464 0.617653 0.232150 0.094420 0.280221 0.380950 0.828472 0.484392 0.637997
0.836347 0.900245 0.448401 0.490115 0.732687 0.112438 0.051881 0.254483 0.358581 0.809724 0.539202 0.656149
0.989240 0.918657 0.553674 0.449276 0.721024 0.228807 0.007611 0.342460 0.285433 0.831147 0.548676 0.524612
0.913826 0.980226 0.433216 0.554139 0.645839 0.270361 0.000713 0.403554 0.389769 0.742973 0.517366 0.571924
0.962289 0.871122 0.523205 0.500936 0.622398 0.249857 -0.030873 0.410725 0.324494 0.807759 0.579095 0.676916
0.937517 0.925487 0.510807 0.440125 0.619585 0.282826 0.069822 0.291748 0.285705 0.817954 0.468356 0.631240
0.835338 1.009701 0.447246 0.603435 0.719759 0.195683 0.051950 0.328501 0.386116 0.864247 0.525687 0.635622
0.952126 0.943129 0.433404 0.436538 0.663031 0.217331 0.076022 0.295707 0.326492 0.747134 0.445841 0.606700
0.891134 0.873608 0.426742 0.463706 0.660176 0.243548 0.024199 0.210662 0.360520 0.783341 0.541912 0.615460
0.993503 0.919783 0.525106 0.462561 0.635877 0.336043 0.006094 0.314055 0.413177 0.800674 0.550340 0.560116
0.953169 1.029764 0.430796 0.472165 0.732583 0.197357 0.001917 0.229240 0.425722 0.870115 0.558569 0.602425
0.996921 0.933526 0.513041 0.555038 0.678857 0.207236 0.010944 0.245020 0.352303 0.916684 0.507386 0.610386
0.906655 0.948693 0.464779 0.581427 0.731610 0.179096 0.000344 0.210918 0.431171 0.789398 0.419972 0.683381
0.968055 0.934386 0.488690 0.412562 0.696857 0.188457 0.048035 0.355745 0.321325 0.852086 0.468735 0.634268
0.941202 0.959529 0.604697 0.554418 0.651438 0.284172 0.092959 0.321623 0.289931 0.815186 0.357990 0.584694
0.893952 0.827348 0.492139 0.440394 0.649873 0.180473 0.094783 0.348676 0.393459 0.898020 0.591208 0.599453
0.991714 0.963007 0.554835 0.441281 0.744224 0.183223 0.051122 0.227222 0.431649 0.744302 0.528560 0.623769
0.916737 0.965369 0.509149 0.531594 0.660168 0.256309 -0.024935 0.341814 0.297386 0.813415 0.472129 0.633271
0.893321 0.947975 0.392756 0.532513 0.715036 0.201098 0.041374 0.315082 0.362990 0.728083 0.439124 0.639305
0.864829 0.937842 0.439167 0.525357 0.627677 0.264044 0.045219 0.397791 0.378530 0.843741 0.562196 0.600741
0.981962 0.933506 0.570271 0.469417 0.730704 0.289277 0.009391 0.356719 0.327971 0.860161 0.556688 0.693770
0.978154 0.918491 0.430249 0.540885 0.674463 0.206275 -0.000137 0.417188 0.232600 0.795531 0.515158 0.605051
0.928275 0.969374 0.529594 0.539585 0.715328 0.224462 0.034488 0.351201 0.437858 0.795253 0.411148 0.573922
1.029455 0.893875 0.539407 0.531183 0.642169 0.249768 -0.006216 0.320798 0.343217 0.720931 0.487678 0.646741
1.071004 0.827798 0.486792 0.500836 0.570671 0.292986 0.028765 0.345050 0.297457 0.776727 0.596743 0.618413
0.994210 0.996838 0.398345 0.554843 0.638922 0.204051 0.020480 0.373790 0.322319 0.835889 0.511227 0.558693
0.999092 0.962994 0.450692 0.476671 0.549356 0.261903 -0.012274 0.340788 0.361587 0.874257 0.529485 0.635681
0.962002 0.947970 0.548598 0.479343 0.780300 0.261049 -0.037442 0.370895 0.431665 0.707618 0.489032 0.712903
0.999075 0.928135 0.496040 0.517841 0.697146 0.271987 -0.049376 0.305809 0.341334 0.733371 0.514732 0.592361
0.921021 0.930847 0.472004 0.464539 0.657318 0.273761 0.041211 0.326806 0.330386 0.908554 0.605962 0.572166
0.997513 0.938428 0.498025 0.436141 0.713132 0.229238 0.000111 0.393652 0.393339 0.842070 0.514080 0.602838
0.922337 0.942987 0.561922 0.616391 0.622982 0.244300 0.122021 0.290217 0.325030 0.798017 0.479645 0.682265
0.934767 0.907870 0.473043 0.485445 0.694671 0.331463 0.084981 0.378588 0.335709 0.790702 0.601670 0.532846
0.920125 0.865726 0.330479 0.534476 0.602268 0.321464 0.021050 0.358997 0.445345 0.758081 0.409552 0.591869
0.951829 0.904067 0.573900 0.461104 0.726032 0.198329 0.067134 0.367997 0.320500 0.867702 0.531123 0.554692
0.944649 0.900113 0.453448 0.515344 0.773777 0.291916 0.007096 0.308045 0.336496 0.852988 0.433194 0.516221
0.989958 0.918455 0.554223 0.386667 0.676902 0.279737 -0.048570 0.333550 0.368779 0.823320 0.467931 0.570632
1.019033 0.988463 0.474668 0.610801 0.621615 0.331782 0.032559 0.315777 0.304779 0.830889 0.552772 0.693203
1.025102 0.951000 0.515731 0.518315 0.653399 0.173051 0.042592 0.371494 0.382124 0.821860 0.560424 0.751537
0.970648 0.996552 0.545295 0.437864 0.598536 0.324217 0.032418 0.346122 0.390206 0.749254 0.464911 0.618871
1.007543 0.950128 0.533003 0.487917 0.704376 0.348105 0.070570 0.362962 0.383784 0.876649 0.574186 0.599657
0.930379 0.981685 0.473748 0.444710 0.637687 0.230798 0.022688 0.277187 0.349768 0.796036 0.550421 0.535572
0.967464 0.990047 0.507587 0.451666 0.638447 0.231667 0.038971 0.350954 0.454358 0.848045 0.481072 0.581409
0.944338 0.977909 0.504230 0.551209 0.659962 0.316795 0.047773 0.345833 0.359058 0.684443 0.523994 0.580578
0.999417 0.922328 0.596519 0.546979 0.682030 0.224589 -0.028577 0.359160 0.383086 0.858033 0.554923 0.647362
0.967482 0.934954 0.556921 0.559255 0.620512 0.177802 0.026346 0.388821 0.381955 0.788625 0.527933 0.642269
0.944428 0.972725 0.388376 0.515114 0.656980 0.288190 0.105158 0.366295 0.348258 0.894783 0.591865 0.666153
0.922811 1.031754 0.572973 0.455219 0.592709 0.244216 0.097580 0.283790 0.309227 0.802819 0.502684 0.488919
1.007302 0.908547 0.506604 0.421167 0.651286 0.256334 -0.007693 0.364825 0.370272 0.768071 0.524528 0.629332
0.951379 0.918981 0.492630 0.485847 0.703138 0.184533 0.056311 0.326175 0.320921 0.889670 0.617472 0.731377
1.004388 0.905156 0.467120 0.485827 0.723572 0.221503 -0.022081 0.334760 0.359280 0.741603 0.475896 0.601137
0.984994 0.977429 0.517023 0.411557 0.613844 0.202779 -0.108403 0.424895 0.472911 0.823607 0.494931 0.681601
0.955236 0.989382 0.502640 0.485582 0.658649 0.157176 -0.008263 0.439197 0.338943 0.771352 0.497302 0.656130
0.986281 0.852656 0.515585 0.500357 0.641841 0.304693 0.049622 0.304255 0.291584 0.821566 0.525902 0.605007
0.976924 0.852814 0.520757 0.512856 0.699568 0.260070 0.055222 0.274635 0.421842 0.776624 0.519468 0.604939
0.961888 0.938850 0.444882 0.505246 0.680593 0.197926 -0.017417 0.335470 0.349224 0.817237 0.532087 0.536156
1.004138 0.933493 0.443012 0.510718 0.643606 0.181449 -0.018278 0.396242 0.278324 0.764407 0.486695 0.615156
1.050585 0.998890 0.553929 0.464775 0.703590 0.254321 0.084637 0.324100 0.283794 0.778795 0.542423 0.659268
0.916127 1.006340 0.470283 0.447030 0.562153 0.272780 -0.050878 0.361127 0.318594 0.866433 0.585434 0.606146
0.878907 0.965579 0.505660 0.446358 0.641776 0.262836 0.100960 0.275403 0.329392 0.759171 0.501982 0.577550
0.979332 0.911092 0.532450 0.558719 0.514063 0.181019 0.056906 0.406567 0.315279 0.824574 0.440187 0.604127
0.953300 0.900165 0.493582 0.374311 0.620333 0.206389 0.007660 0.265175 0.329950 0.861464 0.582460 0.650918
1.045542 0.934723 0.546205 0.454988 0.710348 0.189887 -0.009304 0.283373 0.334494 0.821497 0.456003 0.597161
1.008368 0.969557 0.481562 0.537966 0.704880 0.180600 -0.041181 0.234582 0.327909 0.874688 0.460566 0.630191
0.951432 1.012991 0.573014 0.430103 0.638525 0.297837 0.106030 0.341986 0.372804 0.780753 0.438111 0.623150
1.043174 0.897689 0.472380 0.440778 0.702489 0.186828 -0.027951 0.232732 0.380043 0.830918 0.492672 0.610970
0.873747 0.859311 0.491453 0.488604 0.662676 0.237303 -0.085666 0.440656 0.384193 0.837184 0.486583 0.612210
1.032272 0.960510 0.486343 0.567102 0.751378 0.311775 -0.010046 0.292580 0.429135 0.748909 0.527081 0.548165
0.958778 0.907030 0.468448 0.406430 0.670951 0.279686 -0.062476 0.396712 0.315454 0.780325 0.542426 0.644408
0.907224 0.972835 0.524852 0.517366 0.711240 0.237459 0.044130 0.272471 0.342699 0.773069 0.641197 0.643813
0.946422 0.999118 0.541559 0.472874 0.603542 0.209923 0.083862 0.324221 0.351730 0.850882 0.532390 0.668121
0.964264 1.008200 0.481594 0.435771 0.760316 0.217320 -0.061874 0.339236 0.446852 0.820407 0.437353 0.642227
0.949432 0.935551 0.523024 0.420782 0.700501 0.271492 -0.008230 0.281650 0.463262 0.863621 0.444388 0.619877
0.829347 0.895585 0.486922 0.535451 0.663480 0.313064 0.041802 0.341518 0.272353 0.792165 0.515658 0.546150
0.882648 0.966726 0.480854 0.553855 0.660520 0.104040 0.015090 0.322969 0.392381 0.803958 0.522162 0.607823
0.905529 0.939249 0.437161 0.429384 0.649458 0.262453 0.014668 0.353146 0.355278 0.903566 0.358142 0.540522
0.931621 0.957127 0.479890 0.441139 0.618273 0.258716 -0.036361 0.372677 0.262917 0.824313 0.553241 0.596427
0.875298 0.873906 0.448804 0.516455 0.694436 0.306288 0.030359 0.347788 0.385712 0.736404 0.425081 0.631329
0.930196 0.971125 0.562327 0.553147 0.678886 0.161719 0.021478 0.334675 0.336332 0.849412 0.492741 0.667367
1.008971 0.891517 0.573308 0.488129 0.721710 0.205318 0.046220 0.376990 0.321421 0.820638 0.551420 0.704249
0.984800 0.927332 0.586061 0.474988 0.621596 0.240771 0.012784 0.356403 0.362983 0.780263 0.552004 0.578689
0.910096 0.926508 0.485741 0.518304 0.644500 0.278071 0.073724 0.337265 0.422744 0.700105 0.480114 0.606923
0.906610 0.958884 0.515311 0.517212 0.738549 0.200231 0.095586 0.340776 0.339999 0.811931 0.475463 0.707358
0.931189 0.936915 0.394356 0.482367 0.639061 0.264252 0.020394 0.395674 0.340351 0.862294 0.445136 0.564111
0.953873 0.933875 0.519742 0.505427 0.665024 0.277596 0.085836 0.322499 0.326155 0.815170 0.481244 0.594120
0.842653 0.930533 0.487117 0.497114 0.679319 0.326470 -0.042134 0.330554 0.333389 0.797757 0.513521 0.626475
0.951395 1.006551 0.573645 0.525569 0.720534 0.279421 0.042542 0.248338 0.357902 0.764989 0.524024 0.596644
0.995707 0.979511 0.575001 0.527802 0.662261 0.272724 0.034948 0.307034 0.298437 0.810315 0.495162 0.708082
0.956538 0.972957 0.497420 0.494867 0.633321 0.291832 0.037723 0.356931 0.378382 0.877492 0.466363 0.697498
0.919557 0.906450 0.505363 0.517872 0.664660 0.310902 -0.089294 0.356586 0.299262 0.768703 0.480073 0.690720
0.794108 1.007589 0.480038 0.401867 0.720133 0.321972 0.024024 0.286109 0.409833 0.825432 0.485661 0.582532
0.923768 0.963220 0.494343 0.541402 0.604814 0.202278 0.017922 0.427573 0.333127 0.891635 0.536426 0.579801
1.006366 0.968186 0.501009 0.447353 0.683637 0.190764 0.031035 0.442062 0.373002 0.884150 0.480342 0.621634
0.981225 0.913076 0.488935 0.539845 0.655105 0.211582 -0.055365 0.304104 0.319942 0.816881 0.443412 0.659742
0.866650 0.949040 0.556872 0.525600 0.665466 0.209064 0.058035 0.309417 0.475831 0.847192 0.549512 0.552778
0.935552 0.983689 0.541005 0.564538 0.726111 0.309665 0.014074 0.411075 0.385939 0.793805 0.460824 0.588813
0.928608 1.004942 0.392691 0.504447 0.634287 0.275192 -0.056823 0.380349 0.326346 0.860080 0.542656 0.559387
0.932995 0.917962 0.410041 0.435919 0.589850 0.316820 0.084360 0.262949 0.366368 0.758197 0.523387 0.593699
0.927252 0.876498 0.440342 0.470711 0.621656 0.220898 -0.053403 0.285265 0.333390 0.792854 0.553440 0.611985
1.005471 0.918388 0.492546 0.584853 0.721943 0.286747 0.022189 0.287575 0.342861 0.816056 0.487195 0.590873
1.008356 1.057426 0.421142 0.504918 0.612591 0.267864 -0.007245 0.292439 0.338100 0.807659 0.496844 0.651764
0.867877 0.966539 0.506475 0.524127 0.687489 0.247323 -0.006802 0.236925 0.271405 0.844954 0.562130 0.542443
0.966424 1.015327 0.440661 0.564102 0.643114 0.218418 -0.038268 0.338565 0.336340 0.858121 0.483428 0.612711
1.036146 0.909690 0.438756 0.500189 0.672101 0.236556 0.057635 0.295187 0.348986 0.810609 0.625564 0.642656
0.996382 0.942839 0.457709 0.565602 0.738106 0.272188 -0.002640 0.308639 0.252728 0.816196 0.505909 0.607726
0.908401 0.950475 0.461576 0.420589 0.644106 0.297205 -0.027471 0.314117 0.320411 0.798211 0.554007 0.587036
0.865402 0.924574 0.632217 0.417259 0.655038 0.243680 -0.057667 0.262033 0.387292 0.764392 0.431404 0.687520
0.900952 0.965804 0.422880 0.530928 0.545657 0.331815 0.026780 0.328755 0.382913 0.873014 0.500403 0.594402
0.927885 1.017876 0.610070 0.543497 0.620911 0.289440 -0.042516 0.372434 0.364528 0.819628 0.392140 0.654343
0.978005 0.912817 0.462059 0.461516 0.734157 0.254408 -0.035845 0.358726 0.400241 0.843263 0.527902 0.650329
0.894538 0.964575 0.425455 0.485036 0.665561 0.269471 -0.007062 0.335187 0.378665 0.813106 0.574027 0.609622
1.004527 0.925393 0.514830 0.376709 0.699652 0.230272 0.028183 0.320917 0.368078 0.783942 0.463746 0.582620
0.965418 1.009911 0.449188 0.458318 0.660281 0.282591 -0.022146 0.348800 0.291138 0.795844 0.485361 0.641135
1.004273 0.993107 0.462535 0.511230 0.774874 0.291937 0.091004 0.285168 0.259957 0.795042 0.567192 0.711958
0.868479 0.906022 0.469771 0.480583 0.658889 0.200303 0.013376 0.450577 0.361340 0.720420 0.613999 0.591257
0.853788 0.877220 0.570280 0.507002 0.695957 0.170085 0.060143 0.303978 0.308594 0.832903 0.474559 0.592288
0.984796 0.862010 0.508244 0.368243 0.635434 0.317774 -0.058578 0.422973 0.227499 0.751044 0.584642 0.712907
1.013149 0.961913 0.478779 0.522552 0.681667 0.230956 0.008580 0.366215 0.337201 0.822313 0.500423 0.691924
0.986124 0.957959 0.555119 0.590028 0.700534 0.283561 0.068657 0.422078 0.303688 0.887386 0.474500 0.646234
0.957243 0.870200 0.445686 0.607173 0.664485 0.266097 -0.068922 0.376325 0.333922 0.836000 0.423173 0.662536
0.930938 0.897946 0.588222 0.518622 0.611126 0.282650 -0.043718 0.312935 0.346391 0.826724 0.500661 0.584935
0.933281 0.916051 0.586145 0.521374 0.761020 0.259845 0.027370 0.345673 0.436896 0.852226 0.551930 0.597493
0.921385 0.976770 0.517675 0.529731 0.607738 0.232860 0.033652 0.210746 0.406679 0.766208 0.533218 0.631435
0.993021 0.989097 0.475923 0.553247 0.514433 0.271866 0.068037 0.263843 0.283132 0.797921 0.497497 0.653484
0.955779 0.952966 0.539690 0.477903 0.645059 0.107748 -0.050762 0.288895 0.327456 0.807877 0.445818 0.582916
0.934051 0.904106 0.504482 0.522585 0.603852 0.285646 0.129610 0.276362 0.200786 0.760977 0.512373 0.620607
0.859409 0.939036 0.569340 0.383235 0.674092 0.291817 -0.030085 0.298807 0.322117 0.747184 0.472078 0.580279
0.986663 0.946616 0.447860 0.434495 0.598616 0.302710 0.052563 0.313400 0.316452 0.825212 0.633763 0.604193
0.876437 0.913399 0.367596 0.514384 0.582364 0.159596 -0.035511 0.385191 0.443893 0.776060 0.528060 0.620008
0.871559 0.985103 0.471585 0.518650 0.652158 0.220759 0.005727 0.384214 0.263296 0.743756 0.509183 0.676349
0.921150 1.015130 0.513984 0.421752 0.698315 0.270127 0.007524 0.265048 0.342605 0.755250 0.495807 0.617270
0.898622 0.967580 0.477609 0.565216 0.641661 0.285467 -0.017254 0.407180 0.388917 0.872397 0.554794 0.644586
0.894772 0.868349 0.555073 0.435188 0.628669 0.289492 0.049245 0.338321 0.441771 0.764368 0.509293 0.613992
0.941695 1.017368 0.494718 0.600467 0.679205 0.204764 0.015088 0.412704 0.360147 0.815394 0.559195 0.642627
0.991246 1.036996 0.518264 0.439072 0.650556 0.319655 0.105328 0.323593 0.414315 0.860160 0.553937 0.567847
0.994066 0.915548 0.555408 0.422309 0.729378 0.304124 0.002763 0.353028 0.338877 0.763872 0.531464 0.572996
0.933951 0.925535 0.582744 0.637449 0.792499 0.327741 0.076541 0.253581 0.329161 0.901501 0.510536 0.600182
0.984637 0.925548 0.518958 0.544545 0.636109 0.200306 0.028953 0.518480 0.377677 0.870378 0.529465 0.623736
0.983331 0.950267 0.439717 0.483897 0.626798 0.177517 0.071211 0.385764 0.392742 0.869445 0.509969 0.684835
0.983546 0.866464 0.472921 0.475078 0.699730 0.231184 0.002215 0.333633 0.296321 0.871214 0.520627 0.614808
0.964425 0.896598 0.527512 0.535115 0.587216 0.300072 0.061389 0.340067 0.418654 0.830883 0.605081 0.639473
0.981187 1.030988 0.464455 0.527617 0.754601 0.211029 0.065730 0.330179 0.404409 0.764454 0.605810 0.496457
0.933140 0.943200 0.554244 0.447162 0.684438 0.369689 0.063812 0.308525 0.361275 0.779218 0.488796 0.635421
0.930083 0.944798 0.577265 0.496425 0.625162 0.272164 0.074298 0.235713 0.251867 0.870901 0.462674 0.610687
1.009976 0.853293 0.439163 0.466601 0.680567 0.338455 0.031987 0.381797 0.402039 0.888497 0.496442 0.597763
0.992695 0.910742 0.522638 0.525827 0.568775 0.225002 -0.030149 0.296032 0.341166 0.821629 0.594008 0.728180
1.056188 0.986632 0.505808 0.659981 0.550399 0.243988 0.021988 0.349242 0.342947 0.834644 0.555240 0.609492
0.960193 0.866399 0.487589 0.495284 0.615213 0.279004 0.066249 0.378326 0.285762 0.792044 0.562815 0.598049
1.085472 0.874123 0.507456 0.486760 0.659449 0.191349 -0.040412 0.348385 0.356767 0.762437 0.594618 0.631321
1.042936 0.898711 0.508760 0.583406 0.666702 0.244919 -0.051281 0.352080 0.389930 0.901957 0.559654 0.554455
0.974050 0.876614 0.619677 0.526398 0.660575 0.199586 0.071041 0.297466 0.304991 0.849147 0.592268 0.633097
0.891630 0.781566 0.550637 0.422979 0.600079 0.280104 0.049200 0.258732 0.342205 0.746907 0.499041 0.600155
0.964182 0.976956 0.501619 0.521652 0.724732 0.266170 0.018663 0.410169 0.338354 0.820376 0.508372 0.560470
0.040755 0.395988 0.657504 0.348774 0.897592 0.994755 0.600787 0.536550 0.550944 0.215825 0.795071 0.878666
-0.007858 0.464222 0.632004 0.513425 0.876753 0.943276 0.514800 0.464979 0.489948 0.290262 1.038373 0.856047
0.001933 0.488652 0.651675 0.413105 0.849398 0.919118 0.638649 0.493210 0.603055 0.254795 0.920411 0.898566
-0.040126 0.401725 0.624503 0.437192 0.883923 0.924890 0.567591 0.362724 0.449198 0.162733 0.875144 0.773014
-0.106084 0.451100 0.598777 0.381919 0.900228 0.984831 0.520016 0.481772 0.486478 0.307818 0.969022 0.956974
0.093611 0.432676 0.615253 0.434892 0.988896 0.993244 0.689121 0.546638 0.527108 0.183601 1.009700 0.831903
0.077488 0.426671 0.585109 0.422361 0.998952 0.994117 0.495932 0.488545 0.559893 0.202877 0.969653 0.829152
0.016144 0.456470 0.691589 0.387706 0.967189 0.952753 0.538329 0.509700 0.534695 0.210858 0.967946 0.909664
0.034832 0.519214 0.692236 0.363050 0.924651 0.888075 0.577547 0.447566 0.536101 0.114171 0.867193 0.838634
0.029651 0.514101 0.718319 0.379582 0.873176 1.019387 0.562206 0.494194 0.522185 0.283576 1.031910 0.849565
0.081573 0.364690 0.626914 0.383168 0.904376 0.940772 0.697924 0.530599 0.530838 0.174769 0.941303 0.931277
0.084122 0.461876 0.730009 0.452446 0.919725 0.967774 0.498812 0.495019 0.464872 0.265309 0.891539 0.848908
-0.018234 0.420509 0.680472 0.414812 0.924855 0.991836 0.553051 0.509566 0.513397 0.188215 0.943987 0.836996
0.033948 0.415150 0.661571 0.439817 0.948830 0.914660 0.559340 0.469046 0.491293 0.263224 0.850259 0.926461
0.014670 0.465210 0.686451 0.346680 0.945068 0.897470 0.580808 0.403290 0.486443 0.270180 1.010966 0.944779
0.012019 0.442142 0.716500 0.433899 0.842634 0.985080 0.575211 0.478718 0.453368 0.212738 1.027372 0.818798
0.077011 0.380047 0.671231 0.425353 0.940269 0.956860 0.548033 0.582494 0.500347 0.240237 0.954182 0.899542
0.039062 0.476496 0.692971 0.466834 0.916949 0.969203 0.558846 0.566621 0.539919 0.213857 0.986758 0.922225
-0.039256 0.437380 0.651474 0.421140 0.897250 1.001002 0.590964 0.449018 0.545285 0.215614 0.988206 0.878057
-0.006122 0.466664 0.596078 0.372775 0.957813 0.920711 0.588510 0.506197 0.453681 0.269117 1.009907 0.868724
-0.051600 0.406211 0.610491 0.436593 0.984219 0.987969 0.550624 0.518780 0.502218 0.114660 1.001414 0.893946
0.044787 0.493357 0.688555 0.354720 0.970245 1.078752 0.581359 0.508387 0.510834 0.242415 0.927283 0.908153
0.050995 0.470017 0.665541 0.469994 0.930365 0.962588 0.557190 0.439502 0.527785 0.152358 0.943925 0.806159
0.092108 0.436392 0.687668 0.417529 0.904121 0.952240 0.627939 0.476311 0.482260 0.172256 0.831686 0.930759
0.041819 0.467495 0.685067 0.370641 0.944423 0.982651 0.544297 0.417469 0.521333 0.281294 1.018825 0.848645
0.044771 0.395457 0.596589 0.453439 1.018902 0.970240 0.573343 0.492589 0.488807 0.196007 0.893028 0.776186
0.000348 0.505128 0.708043 0.343326 1.005127 0.978012 0.638126 0.474207 0.509499 0.178364 0.990344 0.940132
-0.090058 0.479430 0.614600 0.390328 0.877581 1.036698 0.554150 0.490287 0.483790 0.290594 0.913827 0.875106
0.026580 0.461049 0.678921 0.440392 0.973472 0.891264 0.656610 0.442819 0.494402 0.202297 1.002714 0.897127
0.040703 0.478102 0.641569 0.441032 1.016271 0.963440 0.521657 0.494910 0.580139 0.251322 1.013315 0.902245
-0.006713 0.415895 0.712506 0.383298 0.912643 1.005708 0.568363 0.458999 0.544778 0.172242 0.945334 0.847972
-0.013600 0.368008 0.682047 0.500361 0.891125 0.921304 0.547961 0.425099 0.594413 0.131627 1.005099 0.853269
-0.017681 0.461972 0.731244 0.396359 0.922178 0.945523 0.610360 0.427802 0.514781 0.222595 0.992743 0.946156
-0.036979 0.330629 0.682633 0.428752 0.899110 0.999735 0.549271 0.508421 0.485636 0.322968 0.955524 0.887039
0.040116 0.411799 0.695706 0.378404 0.965603 0.972562 0.531007 0.566246 0.476471 0.242842 0.927605 0.893736
0.003804 0.503289 0.614912 0.444708 0.915203 0.978776 0.591579 0.475786 0.514432 0.112928 0.886114 0.947930
0.098054 0.457966 0.632350 0.388123 0.921954 0.929875 0.653760 0.454272 0.494219 0.303986 0.867137 0.864668
-0.060026 0.487592 0.570660 0.433771 0.944293 0.951178 0.541389 0.449635 0.551490 0.153463 0.977243 0.909107
0.009366 0.384225 0.617895 0.435468 0.890006 0.966051 0.597998 0.395029 0.536630 0.254781 0.985478 0.906692
-0.003600 0.524838 0.684539 0.380253 0.978677 0.934281 0.512473 0.479417 0.577548 0.171251 0.920403 0.860305
0.003777 0.368110 0.688446 0.299433 0.942044 0.920214 0.569564 0.560013 0.521746 0.194932 0.936177 0.854095
0.049756 0.495429 0.737979 0.434030 0.911237 0.900075 0.575900 0.378070 0.578205 0.234811 0.953858 0.954752
-0.043027 0.494340 0.701850 0.403428 0.953129 0.962517 0.623840 0.437592 0.495762 0.276191 0.954848 0.810549
-0.033803 0.389423 0.646757 0.447429 0.924226 1.014930 0.690341 0.483008 0.535722 0.298021 0.881605 0.879280
-0.092759 0.484668 0.658119 0.398334 0.895254 0.865815 0.585710 0.553248 0.509343 0.209567 0.935725 0.987785
0.033764 0.470991 0.708511 0.416177 0.907685 1.062654 0.551541 0.366563 0.579242 0.144117 0.928621 0.826168
0.000973 0.428174 0.625590 0.447621 0.969867 0.860513 0.597480 0.503296 0.494705 0.175185 0.942103 0.955507
-0.004047 0.453509 0.669110 0.400244 0.923670 0.934337 0.618946 0.492079 0.578452 0.158490 0.921398 0.906743
0.070661 0.392194 0.622045 0.442935 0.854330 0.975445 0.588656 0.462436 0.614000 0.317840 0.924606 0.813396
0.058370 0.454106 0.717123 0.420366 0.967242 0.934839 0.544366 0.422296 0.566621 0.360587 0.998512 0.922329
-0.069029 0.413080 0.655864 0.447016 0.991017 0.912694 0.552291 0.522129 0.425786 0.161612 0.946002 0.886868
-0.044162 0.516964 0.640489 0.470294 0.911560 0.882094 0.657525 0.491605 0.452707 0.234544 0.858135 0.794835
-0.008621 0.394124 0.677905 0.386020 0.974480 0.934042 0.607027 0.539742 0.574093 0.158379 0.962615 0.972068
0.091881 0.383079 0.584397 0.473461 0.985254 0.988375 0.588784 0.454827 0.514997 0.217113 1.010342 0.904342
-0.054045 0.516376 0.667519 0.346527 0.908124 1.017044 0.526976 0.409825 0.557464 0.234876 0.975638 0.930721
-0.005643 0.465011 0.645825 0.450521 0.889476 0.989130 0.513327 0.504128 0.524764 0.196723 0.954241 0.894454
0.035928 0.425438 0.677194 0.383777 0.810938 0.861633 0.573323 0.518332 0.487162 0.176838 0.874527 0.916388
0.046430 0.421770 0.628095 0.325193 0.887971 0.897196 0.586088 0.417383 0.556676 0.186884 0.878092 0.875400
0.037888 0.494036 0.625536 0.374991 0.827248 0.969548 0.636191 0.575983 0.520545 0.195602 0.912133 0.824200
0.034464 0.515852 0.647537 0.467032 0.971926 0.968938 0.512269 0.451096 0.542748 0.150967 1.031454 0.894373
-0.008977 0.536697 0.652008 0.508856 0.967667 0.967555 0.532460 0.487332 0.539195 0.213114 1.000837 0.946620
-0.051170 0.389516 0.646677 0.426568 0.903769 1.000318 0.541308 0.529506 0.511279 0.155494 0.910707 0.826702
0.106933 0.528716 0.651609 0.375220 0.900595 0.924914 0.528671 0.458086 0.545234 0.298445 0.956774 0.867122
-0.082406 0.465969 0.650232 0.273879 0.886747 0.884809 0.643819 0.473847 0.551996 0.270782 0.903393 0.834784
0.042515 0.422341 0.670113 0.362217 0.935092 0.927620 0.586213 0.563302 0.537544 0.129246 0.861534 0.894301
0.058271 0.430842 0.681411 0.448751 0.943673 0.941112 0.590196 0.452001 0.477775 0.277294 0.855774 0.815301
0.045391 0.484807 0.685542 0.381032 0.866820 0.944806 0.509716 0.453940 0.562799 0.220570 0.984622 0.950073
0.004819 0.499586 0.633685 0.453374 0.840939 1.073030 0.593692 0.505936 0.543772 0.316422 0.849455 0.805922
-0.057528 0.461710 0.674913 0.423657 0.890767 0.965085 0.659361 0.481277 0.594532 0.267593 0.914951 0.870461
-0.032919 0.485112 0.674942 0.486083 0.881936 0.998906 0.678312 0.498618 0.495786 0.187605 0.962801 0.875836
-0.146980 0.409171 0.589990 0.394084 0.902230 0.983442 0.562807 0.471376 0.482805 0.204470 0.955863 0.900761
-0.012038 0.428210 0.677226 0.352728 0.872992 0.891172 0.498666 0.555671 0.628338 0.224227 0.955636 0.945281
0.022283 0.422975 0.694778 0.424795 0.914063 0.983681 0.623766 0.508113 0.617401 0.245004 0.887642 0.843362
-0.001021 0.469316 0.745769 0.421293 0.875016 0.998146 0.657567 0.445155 0.564947 0.271363 0.938341 0.907275
0.001702 0.443798 0.694190 0.489559 0.963726 0.889810 0.613652 0.482833 0.500982 0.257149 1.020918 0.922041
0.013771 0.449861 0.632251 0.355959 0.911087 0.896230 0.548697 0.517574 0.515485 0.255651 0.880029 0.907271
-0.009038 0.391807 0.697566 0.409226 0.901143 0.915717 0.569550 0.476784 0.579228 0.277242 1.003731 0.887270
0.075102 0.443797 0.503901 0.512007 0.851377 0.943698 0.667382 0.488988 0.655839 0.181319 0.848237 0.907962
0.041055 0.479990 0.677891 0.409815 0.892428 0.962072 0.562241 0.460241 0.459208 0.217843 1.025094 0.845356
0.016972 0.389295 0.728921 0.476617 0.957553 0.909580 0.631015 0.485892 0.471738 0.146937 0.916121 0.917042
0.019575 0.449078 0.615715 0.400899 0.933575 0.932592 0.526777 0.496598 0.476162 0.234683 0.916978 0.803706
-0.081361 0.516337 0.725639 0.486282 0.910859 0.930259 0.578597 0.500698 0.514556 0.202346 0.973278 0.907869
-0.050789 0.481485 0.645743 0.387143 0.917939 1.024547 0.515300 0.465170 0.412499 0.244142 0.990127 0.928500
0.106623 0.528527 0.728829 0.413250 0.870469 1.045414 0.552067 0.417876 0.549341 0.197249 0.933972 0.908990
0.050430 0.436798 0.684481 0.379670 0.804774 0.853839 0.670473 0.455760 0.531596 0.171556 0.922016 0.890236
0.128883 0.441687 0.741207 0.366883 0.854388 1.033678 0.609593 0.454779 0.532453 0.276122 0.970674 0.834815
0.033785 0.501332 0.645402 0.450007 0.841938 0.918396 0.547810 0.449977 0.520858 0.222717 0.923530 0.855400
0.023862 0.401804 0.647067 0.387262 1.000234 1.036471 0.621365 0.535000 0.513821 0.228300 0.868619 0.857907
0.000487 0.379310 0.575147 0.484603 0.955304 0.909419 0.622213 0.467213 0.575815 0.241112 0.867223 0.896738
0.015835 0.545864 0.555297 0.364579 0.874229 0.922534 0.567878 0.555499 0.507330 0.238532 0.983101 0.932328
-0.000780 0.515205 0.612889 0.354822 0.924874 0.934661 0.509964 0.475076 0.571987 0.234362 0.907314 0.936725
0.029241 0.473389 0.639781 0.474560 0.862074 0.958986 0.595533 0.515270 0.501216 0.285335 0.938721 0.849416
-0.019702 0.437125 0.707342 0.378309 0.940181 0.909941 0.561238 0.359835 0.638057 0.192876 0.910348 0.848649
-0.008629 0.408165 0.618331 0.398037 0.963172 0.880526 0.610457 0.596378 0.569219 0.252091 0.993292 0.823433
0.005792 0.389865 0.669947 0.433287 0.904656 0.916990 0.602825 0.551514 0.650365 0.235860 0.850936 0.917233
0.067569 0.466846 0.680421 0.465009 0.903701 0.894660 0.650174 0.506718 0.562293 0.195018 0.872549 0.949598
-0.014821 0.388411 0.590100 0.403917 0.950027 0.994279 0.605652 0.532991 0.503504 0.262795 0.968471 0.921164
0.037913 0.372367 0.727028 0.480176 0.975198 0.956286 0.617570 0.461761 0.505715 0.279541 0.918538 0.934833
0.047602 0.546228 0.647155 0.457697 0.898062 0.978108 0.614638 0.451951 0.439708 0.265397 0.942833 0.825169
-0.000894 0.535178 0.613067 0.407369 1.007972 0.872704 0.626402 0.437393 0.520777 0.233744 0.881653 0.890376
0.092079 0.455357 0.588259 0.465606 1.025402 0.885339 0.597808 0.467721 0.572237 0.211935 0.987401 0.905025
-0.000090 0.486895 0.615111 0.373788 0.953566 1.016111 0.504082 0.469294 0.459895 0.273224 0.947444 0.878562
0.039585 0.386074 0.618247 0.442148 0.899792 0.959218 0.499414 0.469169 0.535736 0.120287 0.932105 0.910978
0.062632 0.497238 0.572507 0.436934 0.862693 0.955536 0.634603 0.518395 0.493976 0.263135 0.948868 0.818249
0.036175 0.374710 0.691355 0.445031 0.905009 0.919030 0.666305 0.372486 0.556739 0.334550 0.941408 0.973881
0.086346 0.440475 0.736639 0.398907 0.915267 0.962621 0.624276 0.463033 0.525432 0.261288 1.025674 0.799868
-0.011086 0.509826 0.526435 0.389681 0.958387 0.874567 0.524328 0.464354 0.572442 0.286943 0.965549 0.875334
0.034012 0.441766 0.623438 0.348359 0.952871 0.876071 0.583088 0.472320 0.575215 0.223689 0.947738 0.879377
-0.035666 0.435544 0.657320 0.442142 0.962663 1.018795 0.482792 0.489879 0.547803 0.237207 0.835541 0.899288
-0.007690 0.417962 0.645005 0.445254 0.941127 0.949352 0.620965 0.495735 0.481018 0.303149 0.989223 0.894176
0.106639 0.468316 0.633908 0.437813 0.919212 0.955561 0.601964 0.499386 0.568548 0.264049 0.878493 0.879802
0.018440 0.357819 0.636317 0.386990 1.008682 0.996138 0.534488 0.378407 0.529643 0.208101 1.017460 0.905744
-0.012357 0.415027 0.689808 0.374255 0.966576 1.001032 0.586707 0.517141 0.555327 0.083644 0.995566 0.787045
0.023717 0.484342 0.633216 0.319397 0.948490 0.932218 0.594774 0.551000 0.496288 0.174943 0.905242 0.900377
0.036392 0.525570 0.705666 0.467803 0.968416 0.971029 0.622382 0.563863 0.556217 0.281540 0.930007 0.976869
0.096739 0.458890 0.649031 0.417270 0.876985 0.963737 0.606538 0.529130 0.478767 0.173509 1.015787 0.954679
-0.001369 0.479607 0.699817 0.450452 0.844847 0.975474 0.673754 0.402438 0.549219 0.246541 0.950935 0.930375
-0.020030 0.432277 0.619862 0.453678 0.909761 0.991327 0.644045 0.461620 0.537861 0.252930 0.912094 0.893147
-0.012490 0.414326 0.682234 0.353894 0.938989 0.874480 0.579581 0.411552 0.482829 0.174194 1.007722 0.972001
-0.002222 0.325885 0.684310 0.371258 1.012381 1.000411 0.617626 0.587950 0.509940 0.164877 0.854434 0.822446
0.015287 0.470078 0.596058 0.476432 0.868629 0.968439 0.574231 0.468524 0.487467 0.268052 0.924731 0.809628
-0.033755 0.472757 0.604804 0.456801 0.848490 1.008435 0.625095 0.354037 0.525495 0.226472 1.008141 0.962754
-0.055983 0.453426 0.739389 0.487143 0.833897 0.907677 0.529479 0.427600 0.528181 0.222428 0.951594 0.898562
0.043735 0.496181 0.628899 0.493936 0.890623 0.966886 0.623763 0.430249 0.530527 0.158667 0.891518 0.729035
-0.000705 0.443575 0.726734 0.431711 0.926792 0.924258 0.640009 0.506895 0.454849 0.193100 0.937444 0.847154
0.021626 0.529548 0.538171 0.406614 0.928911 1.051856 0.569007 0.417234 0.567899 0.196567 1.039859 0.824968
0.026991 0.495807 0.652680 0.384596 0.818598 0.849600 0.682309 0.501154 0.498364 0.107264 0.921213 0.909284
0.018197 0.404225 0.566736 0.419719 1.004967 0.933859 0.639994 0.647955 0.493642 0.206873 0.918816 0.909964
-0.007848 0.348847 0.611585 0.437583 0.922242 0.965565 0.535094 0.421734 0.494814 0.297331 0.946122 0.892751
-0.026578 0.412559 0.740241 0.405064 0.947686 0.978333 0.631884 0.479769 0.564705 0.183402 0.947130 0.787027
0.008075 0.503822 0.675535 0.429532 0.892615 1.055553 0.528694 0.430668 0.616115 0.236806 0.970103 0.884642
-0.099579 0.485871 0.731853 0.364723 1.011885 0.963082 0.560430 0.477338 0.535997 0.198011 0.881382 0.767660
0.020743 0.510923 0.723521 0.380882 0.832890 0.923066 0.642873 0.371293 0.603410 0.255737 0.948833 0.825801
-0.011623 0.408376 0.704221 0.410816 0.884883 0.859781 0.583914 0.380522 0.544846 0.258356 0.937620 0.873928
0.059234 0.441648 0.666726 0.466566 0.904794 0.981268 0.609295 0.483013 0.605344 0.112498 0.978855 0.834211
0.007990 0.347022 0.597356 0.457986 0.922254 0.986071 0.603766 0.459828 0.453689 0.205545 0.873407 0.939896
-0.035340 0.418457 0.678862 0.476878 0.811639 0.905309 0.506498 0.485256 0.465086 0.252615 0.896228 0.980986
0.075040 0.392442 0.674000 0.371496 0.963104 0.827835 0.506826 0.527009 0.486736 0.299437 0.954664 0.821570
-0.006283 0.458226 0.730573 0.369125 0.897757 0.971322 0.595785 0.501500 0.499489 0.276282 0.944998 0.832489
0.016636 0.473920 0.625136 0.429781 0.921723 0.963565 0.584354 0.478660 0.504504 0.239484 0.897541 0.859002
0.023508 0.409127 0.698873 0.465510 0.894725 1.005537 0.601110 0.434836 0.555192 0.231458 0.942096 0.856337
-0.006638 0.469149 0.634723 0.392222 0.866930 0.907167 0.544165 0.554885 0.487243 0.269945 0.919263 0.833207
-0.053485 0.456069 0.663559 0.397389 0.921316 0.911402 0.617014 0.505816 0.516848 0.257737 0.968312 0.878501
-0.034721 0.517494 0.735577 0.470435 0.885467 1.017986 0.559346 0.456141 0.517144 0.260628 0.903382 0.869949
0.001186 0.416358 0.676874 0.403885 0.982491 0.992684 0.593261 0.509355 0.512274 0.189157 0.953872 0.835040
0.095934 0.573650 0.674181 0.388789 0.966430 0.999841 0.564791 0.485349 0.587732 0.264568 1.083145 0.956532
0.040452 0.520484 0.649928 0.424799 0.918754 1.016520 0.608543 0.507528 0.540798 0.306292 0.919804 0.782291
0.011947 0.391463 0.679147 0.353957 0.938506 0.988297 0.557030 0.448964 0.504991 0.252377 0.920592 0.869407
0.092684 0.435753 0.644059 0.337233 0.981483 0.928420 0.539990 0.406100 0.503261 0.238459 0.972022 0.910484
0.012277 0.404966 0.653468 0.434097 0.908470 0.924078 0.536824 0.395969 0.595835 0.296993 0.908865 0.865739
0.082875 0.424771 0.555652 0.445170 0.913639 1.017675 0.630668 0.491301 0.588269 0.280165 0.911669 0.865120
0.028929 0.454315 0.650462 0.384613 0.885176 1.019593 0.530999 0.431160 0.488538 0.277964 0.908333 0.868463
0.023355 0.377607 0.681970 0.455869 0.980661 0.911585 0.629970 0.474358 0.515212 0.191778 0.979681 0.813599
0.085113 0.496994 0.645784 0.321679 0.872872 0.924964 0.596485 0.499445 0.440126 0.188713 0.971674 0.820436
0.074473 0.438922 0.683468 0.383347 0.861608 0.965771 0.597686 0.468997 0.569241 0.202857 0.979905 0.853548
0.022307 0.474350 0.623401 0.384689 0.871538 1.039360 0.526077 0.559802 0.475567 0.317156 0.991170 0.859142
0.048203 0.475087 0.665911 0.402130 0.974061 0.920531 0.540269 0.385430 0.602510 0.230865 0.990832 0.817358
-0.001475 0.383621 0.707719 0.468482 0.992703 0.991779 0.621454 0.538145 0.585386 0.168792 0.895647 0.857044
0.039012 0.371275 0.688246 0.450193 0.956247 1.002201 0.636749 0.407074 0.453495 0.242352 0.922720 0.861032
-0.092241 0.419245 0.699935 0.371703 0.962504 0.968251 0.608035 0.434449 0.547450 0.235521 0.874183 0.902808
0.063201 0.557198 0.711366 0.386142 0.879943 0.957380 0.583564 0.476748 0.578750 0.211797 0.951248 0.892766
-0.028775 0.474181 0.692346 0.444604 0.935296 0.938358 0.517061 0.437385 0.556112 0.282184 0.961639 0.831249
0.011248 0.456959 0.640903 0.475208 0.890606 0.977385 0.638913 0.484824 0.551773 0.194583 0.945870 0.842299
0.047535 0.521594 0.620145 0.368054 0.909577 0.890270 0.616673 0.611839 0.541255 0.215690 0.968560 0.929539
0.006738 0.442765 0.588537 0.374245 0.914978 1.045275 0.533057 0.516121 0.523001 0.260262 0.993292 0.789736
0.013056 0.488384 0.676361 0.467011 1.006937 0.918120 0.567220 0.534791 0.424384 0.128518 0.938297 0.895214
0.037803 0.420044 0.642330 0.416029 0.925144 1.050631 0.588667 0.520335 0.561653 0.218043 0.975324 0.839959
0.013456 0.463538 0.647347 0.409697 0.926000 1.026003 0.686382 0.474432 0.545126 0.221021 0.912286 0.861743
-0.016489 0.491392 0.667045 0.403967 0.913801 0.896169 0.533419 0.580996 0.534468 0.250744 0.857859 0.821693
-0.006194 0.465142 0.659642 0.374135 0.944616 0.961459 0.621873 0.322198 0.619021 0.186388 0.963465 0.864547
0.025091 0.402493 0.651976 0.418266 0.945885 0.937097 0.527116 0.482929 0.611040 0.206262 0.959084 0.936619
0.019325 0.556658 0.697613 0.459478 1.007543 0.974234 0.559620 0.345534 0.507472 0.258145 0.941762 0.766402
-0.001545 0.539700 0.683555 0.435699 0.872252 0.908730 0.511963 0.484007 0.620045 0.208376 0.907964 0.851997
0.041171 0.464793 0.591967 0.359550 0.915416 0.883655 0.527457 0.456789 0.462656 0.254101 0.950211 0.921325
0.096351 0.464170 0.642199 0.417357 0.846025 0.980729 0.575699 0.518683 0.590540 0.225549 0.917580 0.921497
0.003428 0.480996 0.704059 0.437858 0.941216 0.923502 0.515778 0.419642 0.468222 0.199752 0.867795 0.891555
0.113832 0.470221 0.625723 0.425609 0.892420 0.894740 0.644719 0.474470 0.525841 0.268094 0.974497 0.823748
0.058462 0.408248 0.690132 0.429157 0.958162 0.917409 0.597740 0.483246 0.474066 0.223892 0.937531 0.774499
-0.010101 0.450398 0.627988 0.470370 0.878440 0.894446 0.602445 0.436780 0.507661 0.203662 0.915616 0.880950
-0.083772 0.447543 0.645316 0.426818 0.950220 0.922597 0.590532 0.472740 0.599482 0.163280 0.994993 0.893362
0.006427 0.386386 0.665461 0.452096 0.947825 0.963628 0.555650 0.452719 0.508039 0.206772 1.014894 0.846203
-0.059973 0.379550 0.669378 0.449061 0.907976 0.905313 0.498288 0.497037 0.540376 0.268477 0.841992 0.825021
-0.030694 0.385079 0.595222 0.384791 0.899115 0.945197 0.615972 0.489352 0.493817 0.277035 0.960013 0.898934
0.070304 0.460683 0.745168 0.413017 0.892700 0.850462 0.582569 0.478945 0.494459 0.169720 0.938661 0.866054
-0.035876 0.400040 0.652437 0.512429 0.956645 0.936789 0.547535 0.447138 0.582577 0.138572 0.943095 0.869590
0.077145 0.447939 0.675888 0.335619 0.921110 0.967484 0.543077 0.544770 0.597190 0.255536 0.966453 0.982764
-0.061364 0.390342 0.597572 0.444327 0.888735 0.970408 0.501921 0.469849 0.523914 0.244376 0.967977 0.975463
0.023932 0.418042 0.694480 0.428283 0.859621 0.871267 0.550288 0.510486 0.491522 0.234685 0.906550 0.887195
0.031103 0.407800 0.719068 0.414996 0.875613 0.967784 0.636306 0.527827 0.549160 0.278745 0.971227 0.840386
0.067828 0.442038 0.723932 0.418168 0.892496 0.952415 0.546631 0.545935 0.552781 0.191045 0.857991 0.925502
0.073460 0.457175 0.737714 0.388072 1.026176 0.986099 0.629552 0.489499 0.507047 0.223636 0.905498 0.860903
0.046870 0.456154 0.591260 0.443696 0.943445 0.887812 0.531090 0.475462 0.517757 0.308202 0.923812 0.939789
-0.000001 0.450620 0.701615 0.361376 0.894658 0.918929 0.620093 0.486401 0.628263 0.264077 1.003371 0.805681
0.007168 0.514056 0.630264 0.401848 0.932323 0.949716 0.592133 0.452390 0.490683 0.225422 0.974580 0.873012
-0.028833 0.489067 0.600591 0.461855 0.892516 0.957580 0.504295 0.566532 0.570589 0.221578 0.951126 0.815199
-0.004083 0.459887 0.648956 0.455798 0.949918 0.896835 0.561911 0.465914 0.602359 0.266488 0.953941 0.838676
0.047235 0.415471 0.622286 0.365818 0.906560 0.886142 0.483184 0.418808 0.540713 0.252460 0.942990 0.753617
0.003610 0.416846 0.609500 0.427223 0.910464 0.936264 0.617770 0.513543 0.495545 0.304646 0.925502 0.819165
0.080932 0.450722 0.662555 0.392665 0.878259 0.972495 0.558083 0.459844 0.492100 0.195144 0.928343 0.921480
0.028809 0.348392 0.622236 0.416135 1.010110 0.851639 0.548119 0.445560 0.506881 0.220435 0.958359 0.858780
0.040877 0.447259 0.715365 0.397494 0.975706 0.969492 0.543055 0.472060 0.473566 0.224451 0.867981 0.804399
0.041017 0.401373 0.682023 0.468673 0.976759 0.911832 0.544066 0.483093 0.573283 0.268185 0.934480 0.850149
-0.079925 0.446413 0.628136 0.436302 0.934159 0.898838 0.596743 0.499772 0.615404 0.190468 0.915390 0.828594
-0.066397 0.423555 0.723807 0.395041 0.872536 0.942471 0.565155 0.529319 0.486285 0.170636 0.973551 0.847895
-0.048490 0.534252 0.606629 0.379168 1.043572 0.924249 0.642124 0.449116 0.490685 0.200279 0.932043 0.840674
-0.007105 0.452311 0.604694 0.398544 0.977882 1.001776 0.604606 0.475299 0.558722 0.276869 0.929679 0.905542
0.042891 0.381873 0.753486 0.343215 0.931055 0.935644 0.669723 0.542290 0.579329 0.230280 0.967408 0.889665
0.011300 0.517408 0.634612 0.436127 0.992431 1.013581 0.564797 0.507855 0.463298 0.236400 1.033064 0.944428
-0.013927 0.348721 0.665872 0.482034 0.947992 0.960837 0.696392 0.507118 0.512790 0.290867 0.886621 0.922424
-0.009609 0.494517 0.680712 0.364952 0.940230 0.926746 0.598592 0.472952 0.541805 0.191745 0.964714 0.869088
0.026350 0.442427 0.759728 0.380576 0.954457 0.994627 0.574282 0.533413 0.563086 0.258419 0.824982 0.857109
0.021473 0.483713 0.653592 0.498871 0.985207 0.920767 0.588549 0.542136 0.551934 0.153911 0.917958 0.957255
-0.021297 0.420961 0.741848 0.363798 0.782712 0.919365 0.516421 0.415127 0.563460 0.329146 0.966428 0.918459
-0.002943 0.404931 0.561669 0.320363 0.958723 0.940543 0.555137 0.437921 0.487949 0.163572 0.920633 0.853646
-0.115083 0.438744 0.712824 0.371835 0.994016 0.934045 0.574046 0.413297 0.484121 0.200088 0.949673 0.872649
0.011917 0.461556 0.642660 0.439684 0.964987 0.920114 0.580824 0.461360 0.517949 0.225503 0.991365 0.878165
0.005088 0.418112 0.706412 0.458075 0.949893 0.875214 0.462330 0.410396 0.445844 0.204962 0.951529 0.895685
0.057968 0.462588 0.754509 0.406014 0.971304 0.902138 0.577253 0.499645 0.505009 0.154714 1.012493 0.863989
0.004902 0.552929 0.590580 0.505409 0.887768 0.873564 0.538232 0.494557 0.494753 0.151032 0.874529 0.964884
-0.073895 0.505169 0.635938 0.378135 0.848362 0.981728 0.600343 0.460727 0.439717 0.191868 0.844322 0.856654
0.013264 0.393901 0.682174 0.381219 0.882165 0.943393 0.677637 0.494943 0.520731 0.277633 0.923291 0.839838
0.058497 0.437494 0.624757 0.405800 0.951464 0.964793 0.599077 0.431297 0.513364 0.141813 0.976149 0.859229
0.024800 0.458330 0.676311 0.414533 0.936750 1.087492 0.629910 0.449729 0.518884 0.204185 0.965409 0.927913
0.022225 0.470999 0.684944 0.354761 0.985636 0.993452 0.586535 0.450298 0.512506 0.256901 1.042924 0.885438
0.106801 0.411535 0.640388 0.348689 0.896418 0.971783 0.545164 0.480771 0.404162 0.102225 0.958944 0.843136
-0.023778 0.390335 0.589324 0.399134 0.901149 0.982976 0.566409 0.513099 0.555758 0.170884 0.937745 0.916502
-0.026725 0.450929 0.564843 0.409489 0.841671 0.963595 0.655255 0.471484 0.472971 0.147979 0.811671 0.920812
0.069751 0.442070 0.623350 0.425253 0.974441 0.903962 0.595747 0.386687 0.557186 0.219411 0.939697 0.858287
0.071101 0.363015 0.669282 0.286539 0.896681 0.922912 0.607247 0.477380 0.577269 0.202869 0.913979 0.963846
-0.063080 0.396415 0.649967 0.391099 1.039375 0.919385 0.609559 0.442647 0.516244 0.296709 0.826705 0.922043
0.010204 0.445741 0.705925 0.411040 0.867001 1.048305 0.502669 0.493660 0.478458 0.257326 1.049900 0.797417
-0.046672 0.426555 0.621548 0.506707 0.848932 0.966399 0.542573 0.452168 0.522244 0.101198 0.956914 0.891332
-0.059801 0.452665 0.701119 0.447649 0.975981 1.012946 0.572591 0.433647 0.545690 0.258933 1.003740 0.946001
0.063648 0.400111 0.653188 0.487757 1.003017 1.021937 0.666259 0.414826 0.558415 0.175938 0.891129 0.903373
0.042471 0.413782 0.614481 0.415867 0.856913 0.993177 0.595699 0.375024 0.602552 0.151756 0.993297 0.880199
0.051615 0.447521 0.638237 0.491708 0.861834 0.998000 0.578369 0.441719 0.529038 0.251548 0.903576 0.878084
0.044434 0.487449 0.685973 0.411166 0.932118 0.960209 0.652598 0.460596 0.503221 0.233601 0.930629 0.850436
0.012910 0.526337 0.633509 0.417821 0.894760 0.936387 0.654353 0.380859 0.568529 0.244363 0.902174 0.899503
0.055792 0.510437 0.642104 0.358831 0.964518 0.914834 0.561341 0.384564 0.443916 0.255110 0.983073 0.884635
0.013882 0.492620 0.610799 0.464307 0.877486 0.933725 0.572844 0.541145 0.502680 0.189763 0.918818 0.871488
0.124193 0.538201 0.582078 0.359144 0.946072 0.899923 0.481489 0.427581 0.544368 0.203200 0.983226 0.808914
0.012082 0.404461 0.684316 0.351978 0.997761 0.962124 0.591101 0.457832 0.570782 0.198291 1.033753 0.805935
0.042355 0.418313 0.632406 0.390089 0.931145 1.017967 0.584632 0.432889 0.595739 0.260282 0.914722 0.922634
-0.000264 0.473975 0.711794 0.366505 0.982669 0.900499 0.624786 0.487720 0.595119 0.179600 0.962185 0.922138
0.028009 0.442137 0.617732 0.487136 0.914958 0.992301 0.580276 0.387403 0.471794 0.237777 0.897441 0.921765
-0.029832 0.456000 0.713679 0.305188 1.002149 0.954090 0.570306 0.497309 0.495839 0.248615 0.894007 0.851154
0.073103 0.456289 0.672407 0.408098 0.905374 1.024474 0.642508 0.515449 0.465229 0.215844 1.035689 0.809620
-0.004232 0.492793 0.709052 0.409236 1.004727 0.981310 0.484718 0.467101 0.477267 0.253895 0.810498 0.896812
-0.018544 0.409669 0.703591 0.388012 0.821117 0.964005 0.593894 0.464820 0.534669 0.309744 0.986901 0.826689
0.073701 0.408816 0.591897 0.366895 0.942731 1.054225 0.586616 0.436067 0.433948 0.148582 0.962423 0.925555
-0.052071 0.439907 0.621621 0.390184 0.925889 0.926272 0.607266 0.517259 0.536133 0.210205 1.034634 0.949250
-0.022201 0.407778 0.741727 0.417175 0.932071 0.993059 0.556930 0.497310 0.437632 0.214798 0.960165 0.933015
0.068988 0.460039 0.671276 0.316478 0.834514 0.890793 0.442098 0.417510 0.468447 0.244002 0.933717 0.863505
-0.015825 0.469070 0.628499 0.490954 0.954385 0.984997 0.603457 0.373464 0.526013 0.206368 0.877492 0.813603
-0.077590 0.453167 0.609578 0.485798 0.941226 0.926340 0.605724 0.430115 0.509345 0.167890 0.878058 0.962582
0.001571 0.417383 0.653600 0.373817 0.909371 0.930654 0.583379 0.427922 0.468254 0.337472 0.914990 0.941891
0.009464 0.429471 0.704274 0.502106 0.991463 0.884473 0.553044 0.472301 0.546738 0.236237 0.979560 0.948512
0.110093 0.459275 0.649803 0.425114 0.946370 0.954261 0.553490 0.467527 0.557984 0.195177 1.025680 0.843242
0.010689 0.410475 0.672123 0.498459 0.958678 0.983299 0.528639 0.563382 0.612423 0.197625 0.957070 0.886183
-0.004643 0.378460 0.650917 0.423200 0.841239 1.014709 0.522229 0.420034 0.555049 0.202430 0.953877 0.899685
-0.022884 0.464458 0.651078 0.377939 1.032659 0.956419 0.629225 0.451887 0.513895 0.228772 0.978579 0.927685
-0.040550 0.439364 0.751063 0.371583 0.895064 0.919926 0.657233 0.467246 0.493347 0.267717 0.960885 0.802122
-0.097137 0.442891 0.661339 0.432377 0.883345 0.984738 0.633290 0.479330 0.550316 0.213837 0.932088 0.807018
0.049696 0.409553 0.671296 0.458875 0.906169 0.980093 0.600365 0.525497 0.556693 0.141080 0.922370 0.797983
0.021590 0.392225 0.654607 0.429024 0.912736 0.884634 0.643908 0.506223 0.457184 0.164986 1.013385 0.876576
0.023587 0.508997 0.670103 0.375018 1.001160 0.877428 0.733451 0.474611 0.441886 0.260729 0.878416 0.973324
0.036054 0.427597 0.667884 0.472945 0.940812 1.016678 0.506328 0.512912 0.494958 0.184523 0.988497 0.887266
0.037626 0.443717 0.657718 0.490865 0.886594 0.975514 0.553106 0.549962 0.572460 0.147624 0.868549 0.848103
0.001906 0.447698 0.638304 0.419435 0.892202 0.929557 0.605060 0.508886 0.554326 0.242123 0.886382 0.900704
-0.061633 0.416100 0.669703 0.430849 0.975052 0.999151 0.626287 0.532041 0.534442 0.217272 0.940012 0.902726
0.062918 0.516695 0.744144 0.348943 0.896383 1.038057 0.611273 0.587313 0.478239 0.219161 0.964253 0.771470
0.064406 0.450500 0.683352 0.355895 0.921605 0.970851 0.497038 0.527263 0.502178 0.147473 0.881497 0.936430
-0.004257 0.441946 0.623394 0.385149 0.946822 0.949533 0.516769 0.558275 0.538464 0.175069 0.886010 0.837069
0.041093 0.406631 0.697310 0.364951 0.884526 0.933534 0.564387 0.487285 0.422531 0.229623 0.920756 0.899356
0.018911 0.382216 0.648101 0.393887 0.995540 0.934799 0.597665 0.396982 0.594756 0.221242 0.929668 0.860406
-0.061756 0.474743 0.671085 0.355587 0.980408 0.913582 0.548638 0.589716 0.555273 0.325967 0.995386 0.879511
-0.086745 0.446707 0.605329 0.413946 0.942578 0.953180 0.664462 0.506232 0.553806 0.167004 0.940340 0.911214
0.010006 0.424907 0.710151 0.422048 0.932898 0.954870 0.566479 0.409732 0.492768 0.201338 1.000230 0.867525
0.003801 0.429420 0.654150 0.389745 0.968030 0.972340 0.524741 0.467228 0.525389 0.185881 0.975127 0.957176
0.008496 0.365127 0.659911 0.479367 0.946788 0.956260 0.587483 0.475955 0.478851 0.220408 1.012367 0.856667
0.120514 0.425192 0.749407 0.360627 0.969527 0.904356 0.590529 0.444111 0.588155 0.272226 0.988218 0.850479
0.014703 0.451665 0.681133 0.404851 0.899818 0.944862 0.528229 0.468112 0.462319 0.228013 0.877391 0.803474
-0.027674 0.423707 0.653922 0.438023 0.870246 0.927938 0.618336 0.544274 0.568180 0.257382 1.029145 0.919016
-0.063516 0.407029 0.663951 0.338988 0.886825 0.926073 0.597133 0.455257 0.470787 0.250912 1.020709 0.895026
0.009289 0.498399 0.668280 0.474427 0.866089 0.982167 0.438285 0.526275 0.585714 0.140351 0.959536 0.963035
0.013951 0.410258 0.635925 0.408712 0.988568 0.936092 0.587214 0.493721 0.537042 0.219482 0.988457 0.939527
0.012901 0.506091 0.661292 0.394842 0.955058 0.861428 0.557922 0.377411 0.400382 0.357906 0.960681 0.832475
-0.038628 0.395271 0.657527 0.358038 0.989459 0.925608 0.649705 0.479952 0.509628 0.177765 0.930045 0.883391
0.053721 0.432538 0.700823 0.457806 0.985677 0.957550 0.661641 0.451857 0.494239 0.256937 0.956442 0.879672
0.017149 0.421856 0.740523 0.491839 0.969942 1.047299 0.638550 0.485165 0.517358 0.189215 0.887622 0.897997
-0.043781 0.441823 0.684654 0.477657 0.970123 1.013236 0.597979 0.528360 0.440727 0.254474 0.937760 0.835455
0.022933 0.428467 0.516625 0.459766 0.904427 0.974975 0.588946 0.464335 0.532878 0.222958 0.877455 0.918987
0.012514 0.401016 0.672381 0.437952 0.820363 0.931900 0.546027 0.483778 0.502000 0.245089 0.916878 0.978618
-0.028643 0.421921 0.628084 0.428717 0.884502 0.947556 0.540218 0.482952 0.521783 0.250485 1.018811 0.976655
-0.030629 0.443763 0.775892 0.317483 0.845376 1.027102 0.636343 0.452534 0.480547 0.247273 0.899433 0.855139
-0.045552 0.535475 0.702864 0.358722 1.027334 1.007139 0.565514 0.481710 0.547105 0.269798 0.965842 0.867401
-0.030749 0.490052 0.699444 0.388400 1.070169 1.027173 0.609041 0.454271 0.466196 0.278508 1.025905 0.911484
0.010578 0.497430 0.651338 0.363013 0.868836 0.981298 0.533037 0.439063 0.563760 0.228534 0.897065 0.831619
0.021625 0.390829 0.718596 0.440751 0.927221 0.957273 0.499033 0.457383 0.529471 0.264272 0.855868 0.892899
-0.051509 0.463006 0.744037 0.397591 0.969275 0.988458 0.568232 0.492457 0.577290 0.297062 0.903796 0.855279
-0.011438 0.486682 0.624678 0.380621 0.892274 1.020600 0.558975 0.547164 0.453587 0.278799 0.908919 0.868693
-0.120370 0.580985 0.697860 0.326546 0.879211 1.070323 0.562227 0.477216 0.423662 0.216071 0.936967 0.873541
0.021198 0.414261 0.718695 0.342498 0.843125 0.979043 0.552086 0.503091 0.519080 0.329024 0.945679 0.850782
0.010852 0.386627 0.668907 0.386857 0.912694 0.962604 0.561758 0.452874 0.551369 0.170421 0.947957 0.763169
-0.021221 0.364390 0.642741 0.448142 0.946398 0.915708 0.526507 0.457501 0.491750 0.227173 0.945090 0.864138
0.057590 0.539813 0.630622 0.473370 0.894028 0.966583 0.660488 0.535138 0.559384 0.235763 0.922523 0.832114
0.023746 0.423641 0.716824 0.341073 0.912602 1.017861 0.611239 0.378549 0.512465 0.148459 0.914009 0.979240
0.036117 0.495820 0.654345 0.464042 0.918266 0.964469 0.623699 0.468113 0.494565 0.280724 0.977615 0.879217
0.003205 0.426146 0.646250 0.458019 0.973672 0.971565 0.571167 0.497591 0.561021 0.245510 1.019846 0.991727
0.034720 0.373769 0.659241 0.346291 0.963656 0.934571 0.584314 0.455202 0.500946 0.281118 0.965213 0.873740
0.099137 0.341523 0.676837 0.444402 0.898948 1.005940 0.561989 0.468434 0.683261 0.186774 0.992200 0.805085
-0.022941 0.458318 0.637258 0.412127 1.007592 0.954975 0.567990 0.462043 0.604653 0.159028 1.034481 0.842982
0.050345 0.390450 0.663000 0.428160 0.997738 0.920182 0.590527 0.527056 0.452839 0.159417 0.908898 0.860466
0.068829 0.463508 0.530420 0.379543 0.828049 0.937659 0.606083 0.530489 0.519086 0.280206 0.936752 0.927236
0.005836 0.396779 0.654270 0.476287 0.895302 0.951590 0.613266 0.540256 0.516829 0.187736 0.955076 0.867859
0.052438 0.468702 0.666060 0.422216 0.922754 1.001246 0.540454 0.429738 0.458792 0.245488 0.804383 0.857912
0.008872 0.453340 0.593811 0.439230 0.872593 0.927011 0.622427 0.502147 0.561413 0.284511 0.871492 0.856835
-0.020299 0.415459 0.683528 0.476679 0.948554 0.943238 0.552275 0.520310 0.555166 0.205726 0.845876 0.828326
0.130262 0.430945 0.671448 0.436473 0.857019 0.937667 0.432914 0.481012 0.549166 0.252598 0.963245 0.907527
0.021746 0.446078 0.651868 0.357105 0.932824 0.869449 0.590110 0.487542 0.553555 0.227096 0.864801 0.938938
-0.142712 0.480597 0.552144 0.429985 0.941897 0.956477 0.633256 0.480155 0.593191 0.251949 0.960034 0.807272
0.132245 0.428886 0.636420 0.493577 0.856047 0.902986 0.636634 0.442557 0.486476 0.242767 1.027609 0.841712
-0.022417 0.451879 0.654588 0.409784 0.833276 0.968853 0.602013 0.506551 0.525251 0.210237 0.943003 0.822586
0.054691 0.474742 0.647483 0.445919 1.004708 0.989111 0.609977 0.409738 0.635230 0.219489 0.902572 0.818866
0.032909 0.481712 0.653440 0.349930 0.981613 0.985806 0.553725 0.398611 0.521214 0.168849 0.944935 0.871268
0.017538 0.337275 0.668104 0.451599 0.959174 0.872269 0.640239 0.487396 0.494390 0.187172 0.908810 0.823013
-0.004328 0.437041 0.683664 0.444482 0.854829 0.921230 0.551795 0.563890 0.539981 0.144428 0.904260 0.833088
0.112537 0.497975 0.613271 0.349645 0.929375 0.960422 0.641131 0.416478 0.511018 0.194186 0.940222 0.846456
0.032306 0.417862 0.617386 0.368971 0.835675 1.031040 0.605982 0.385111 0.578770 0.258066 0.924813 0.991643
0.066374 0.448426 0.723932 0.405172 0.868660 0.990280 0.601469 0.487740 0.503129 0.241329 0.971787 0.783623
-0.051922 0.383292 0.713947 0.403102 0.816687 0.899696 0.560665 0.510462 0.578949 0.119535 1.005076 0.815644
0.054808 0.437354 0.606478 0.507901 0.908934 0.941146 0.608881 0.368878 0.587196 0.256870 0.968989 0.822139
