1500 12 750
0.825143 0.464030 0.087775 0.838965 0.129585 0.000824 0.477957 0.399943 0.850798 0.669411 0.584623 0.395065
0.771812 0.483829 0.033850 0.822859 0.108921 0.084312 0.449772 0.335338 0.852235 0.729025 0.569825 0.388590
0.787408 0.543412 0.090552 0.933506 0.069809 0.152959 0.327648 0.320175 0.878386 0.794497 0.663211 0.453345
0.839686 0.510816 0.103181 0.844247 0.172811 0.095632 0.390484 0.375012 0.854376 0.765019 0.675531 0.420191
0.890591 0.531228 0.073801 0.911101 0.146203 0.093893 0.488576 0.320300 0.866889 0.728692 0.690852 0.426096
0.880274 0.613772 0.025464 0.857539 0.113541 0.065094 0.503267 0.300464 0.821386 0.722937 0.524599 0.455880
0.759143 0.523857 0.109284 0.851503 0.190794 0.117518 0.401507 0.363820 0.845737 0.715598 0.621436 0.513386
0.774958 0.513151 0.103149 0.801417 0.117837 0.144398 0.486424 0.327783 0.951156 0.671765 0.645641 0.430175
0.753223 0.491827 0.061676 0.812085 0.051314 0.037821 0.435847 0.467381 0.900821 0.629814 0.586323 0.567342
0.720735 0.489922 0.072304 1.064798 0.138604 0.105548 0.454718 0.380013 0.819256 0.745541 0.581631 0.435172
0.753952 0.480012 0.132993 0.815703 0.133622 0.055421 0.436547 0.368052 0.912688 0.715269 0.554785 0.433600
0.770550 0.557060 0.158919 0.868786 0.098156 0.060205 0.448372 0.394791 0.906088 0.655716 0.619035 0.462078
0.758120 0.429923 0.053721 0.844986 0.155741 0.022364 0.422760 0.350097 0.865530 0.703093 0.636871 0.485971
0.743201 0.518818 0.076652 0.976819 0.060096 0.011183 0.389693 0.408110 0.796594 0.612848 0.579404 0.484900
0.795255 0.474489 0.127175 0.961308 0.163877 -0.059216 0.349046 0.410896 0.793473 0.707731 0.653537 0.409453
0.686893 0.564883 0.129436 0.864900 -0.020270 -0.006125 0.525783 0.317897 0.765139 0.742734 0.641609 0.397497
0.817757 0.560007 0.112554 0.879017 0.171041 0.148440 0.496824 0.291759 0.846535 0.618487 0.570274 0.445857
0.845669 0.539515 0.094793 0.859395 0.133931 0.133756 0.441561 0.369041 0.891046 0.592871 0.614577 0.440157
0.861025 0.544618 0.039201 0.874333 0.067208 0.029355 0.358334 0.295861 0.849702 0.655759 0.660231 0.404203
0.810600 0.618177 0.065741 0.816034 0.204299 0.028789 0.428836 0.362568 0.903923 0.667215 0.662742 0.446247
0.754973 0.572527 0.054840 0.909047 0.133776 -0.013227 0.377360 0.304790 0.884340 0.692394 0.547878 0.431907
0.804167 0.504486 0.046038 0.897953 0.075417 0.124151 0.402732 0.368212 0.844063 0.706021 0.528939 0.488971
0.834226 0.551269 0.122453 0.864189 -0.004077 0.118543 0.482055 0.339173 0.818308 0.677085 0.646200 0.377311
0.754842 0.584369 0.184867 0.807166 0.128789 0.128759 0.422674 0.372207 0.852130 0.673038 0.556373 0.560362
0.798570 0.539455 0.109849 0.952602 0.221814 -0.010366 0.406425 0.338060 0.920978 0.635996 0.546594 0.486909
0.770123 0.433812 0.139202 0.804817 0.126366 0.040079 0.403529 0.408248 0.840046 0.642896 0.684511 0.466969
0.777015 0.460311 0.076702 0.919834 -0.030833 0.056388 0.443250 0.423896 0.868072 0.641300 0.621063 0.436361
0.757543 0.592213 0.051766 0.849605 0.112857 0.013367 0.502083 0.386091 0.874770 0.643512 0.646894 0.443882
0.785526 0.458306 0.109564 0.839251 0.118415 0.091596 0.405508 0.331838 0.809738 0.616819 0.555480 0.465578
0.794645 0.540637 -0.014975 0.891117 0.069695 -0.005213 0.334119 0.342164 0.912134 0.623964 0.568910 0.378249
0.774498 0.656886 0.052816 0.900972 0.127331 0.166647 0.477695 0.375610 0.871609 0.718899 0.590289 0.578136
0.825072 0.561486 0.171357 0.948081 0.149601 0.000216 0.526624 0.351045 0.831550 0.651267 0.511104 0.445991
0.828784 0.553313 0.113593 0.860564 0.179533 0.067026 0.345809 0.328289 0.863439 0.630582 0.622614 0.419534
0.788607 0.562464 0.123023 0.951309 0.143237 0.063579 0.397302 0.386151 0.802421 0.766422 0.601696 0.499151
0.784810 0.491241 0.021816 0.850971 0.018690 -0.051937 0.461818 0.337876 0.785654 0.735953 0.601682 0.408170
0.743606 0.514870 0.037254 0.869910 0.108496 0.034241 0.454958 0.386716 0.954998 0.746214 0.578051 0.514813
0.737033 0.541760 0.134128 0.805897 0.053431 0.010275 0.420567 0.387197 0.814329 0.734505 0.621926 0.487112
0.828807 0.517709 0.060938 0.877568 0.069264 0.104962 0.392917 0.478511 0.926961 0.674026 0.651479 0.460347
0.762493 0.481748 0.006083 0.874570 0.058063 0.016096 0.413570 0.336750 0.859820 0.646185 0.579560 0.487296
0.751193 0.575892 0.170816 0.876953 0.053783 0.161512 0.419555 0.394031 0.841488 0.698077 0.610499 0.429037
0.782268 0.523755 0.146355 0.899533 0.057949 -0.057925 0.416477 0.447287 0.953379 0.717312 0.684690 0.517163
0.708772 0.434594 0.155331 0.908166 0.151856 -0.031589 0.400248 0.383160 0.921096 0.683168 0.610662 0.486967
0.822742 0.557850 0.029437 0.879071 0.116575 -0.090271 0.333217 0.424738 0.862551 0.647990 0.587702 0.437839
0.818047 0.556460 0.047965 0.878834 0.142527 0.027692 0.403663 0.378479 0.943631 0.726127 0.610536 0.468448
0.795307 0.534787 0.053725 0.849295 0.091898 0.002966 0.480319 0.343892 0.882911 0.698355 0.581555 0.462870
0.720326 0.577768 0.106238 0.855870 0.084763 0.078371 0.431098 0.338319 0.961006 0.567542 0.563301 0.413210
0.813478 0.533779 0.060949 0.945407 0.009617 0.026671 0.343500 0.360538 0.918249 0.637190 0.661675 0.443849
0.737788 0.466192 0.083536 0.989992 0.108545 0.018215 0.471018 0.367245 0.890117 0.605008 0.579318 0.485083
0.739619 0.571351 0.118047 0.878032 0.106357 0.083696 0.378674 0.345736 0.857600 0.720503 0.681024 0.510980
0.780912 0.559820 0.013681 0.732762 -0.023148 0.062128 0.379022 0.350297 0.824935 0.656907 0.637032 0.411961
0.758854 0.547283 0.039831 0.894338 0.085686 0.090047 0.417592 0.323138 0.934320 0.670388 0.621262 0.376414
0.671232 0.477561 0.056117 0.793938 0.080187 -0.001576 0.380898 0.394363 0.883176 0.610716 0.661029 0.492849
0.844791 0.574106 0.108779 0.846844 -0.020107 0.151051 0.418096 0.418002 0.921400 0.698328 0.583038 0.428609
0.800668 0.585181 0.065133 0.822320 0.079289 0.050887 0.418732 0.464487 0.882155 0.664219 0.640699 0.538146
0.716006 0.564022 0.077066 0.843972 0.123209 0.006170 0.353591 0.386182 0.912834 0.631949 0.609737 0.491829
0.787092 0.472990 0.054247 0.813807 0.064569 0.029352 0.443482 0.385484 0.794477 0.710728 0.618617 0.431842
0.734908 0.531662 0.023860 1.004630 0.106576 0.148528 0.432269 0.299981 0.884140 0.714309 0.602842 0.389239
0.849763 0.508406 0.140354 0.887977 0.006636 0.071922 0.473893 0.331025 0.823752 0.634742 0.646745 0.468878
0.825307 0.450693 0.059858 0.850295 0.081946 0.043052 0.366896 0.427246 0.760978 0.630750 0.549649 0.519367
0.815433 0.542489 0.091757 0.856125 0.038196 0.110887 0.430208 0.404451 0.849367 0.683213 0.686092 0.314324
0.818724 0.475361 0.007444 0.868017 0.078231 0.062010 0.368439 0.382985 0.914214 0.694342 0.619675 0.393284
0.738103 0.634985 0.052758 0.926940 0.070429 0.116522 0.329625 0.345988 0.893714 0.640482 0.608927 0.574047
0.799232 0.513484 0.018183 0.906332 0.135433 -0.006927 0.359916 0.352799 0.749977 0.714325 0.598645 0.473565
0.708758 0.592726 0.088995 0.918701 0.004622 -0.025226 0.421211 0.363990 1.006751 0.770355 0.590467 0.496948
0.759394 0.465031 0.103920 0.904445 0.054634 0.071184 0.415497 0.409961 0.877210 0.620521 0.561443 0.497627
0.669837 0.596278 0.168083 0.916815 0.075033 -0.059970 0.400217 0.394573 0.808887 0.672245 0.541771 0.490805
0.826869 0.493930 0.091728 0.958275 0.146206 0.019724 0.448567 0.372458 0.920736 0.669333 0.617799 0.509359
0.916491 0.557068 0.144682 0.779908 0.136697 0.027028 0.460622 0.346915 0.846331 0.716847 0.614547 0.506494
0.764764 0.439788 0.010432 0.921013 0.137990 0.062555 0.381417 0.388711 0.807731 0.641202 0.592023 0.508340
0.874603 0.559087 0.086898 0.769179 0.003895 -0.028458 0.382824 0.422105 0.804489 0.692728 0.645277 0.488113
0.898579 0.541796 0.052926 0.847968 0.188335 0.144714 0.417675 0.307320 0.914393 0.696680 0.629671 0.342055
0.771919 0.556215 0.088206 0.878513 0.065921 0.004173 0.339565 0.454562 0.817346 0.718694 0.564409 0.511924
0.807083 0.580847 0.051389 0.909357 0.083411 0.087549 0.422223 0.388503 0.811661 0.773822 0.548173 0.511130
0.801049 0.545929 0.061866 0.951111 0.008727 0.068138 0.424421 0.298282 0.880190 0.638416 0.568532 0.436445
0.811543 0.465333 0.045766 0.997220 0.210454 0.084654 0.331462 0.358441 0.862019 0.639405 0.586463 0.478239
0.749626 0.526371 0.138824 0.884826 0.025433 0.106593 0.478301 0.381822 0.891016 0.722261 0.520695 0.544306
0.847964 0.541171 0.135024 0.941022 0.074198 0.166494 0.356399 0.225897 0.852269 0.702573 0.579850 0.439575
0.741522 0.594520 0.047208 0.830277 0.049380 0.088218 0.480267 0.415512 0.894398 0.717443 0.688078 0.462643
0.750112 0.562136 0.087750 0.864675 0.116982 0.017870 0.313822 0.341654 0.804112 0.640857 0.601266 0.520426
0.844574 0.446865 -0.002399 0.893083 0.172268 0.000641 0.326126 0.437229 0.775075 0.747007 0.676971 0.520417
0.683362 0.524853 0.070360 0.832387 0.065768 0.038607 0.390457 0.365173 0.832388 0.687670 0.628818 0.524741
0.725835 0.519282 0.060580 0.880286 0.111049 0.032475 0.505412 0.279569 0.920894 0.637554 0.615194 0.464942
0.841334 0.541110 0.138028 0.894774 0.162502 0.103324 0.330834 0.326597 0.855211 0.655195 0.610117 0.446596
0.756504 0.585008 -0.003804 0.830001 0.107974 -0.026614 0.495138 0.330287 0.829360 0.669572 0.637209 0.430428
0.799868 0.535525 0.152992 0.855592 0.098100 0.040282 0.438844 0.357464 0.877290 0.692028 0.579782 0.496254
0.778977 0.558748 0.085810 0.889371 0.104966 0.093513 0.455121 0.331396 0.845703 0.640589 0.643197 0.407814
0.755245 0.501900 0.124090 0.904732 0.117868 -0.024421 0.441780 0.404038 0.836424 0.598290 0.588770 0.409124
0.715098 0.523864 0.025313 0.870257 0.241678 0.078316 0.432325 0.357835 0.888250 0.553356 0.662689 0.503780
0.801387 0.480788 0.015651 0.902606 0.138514 0.037974 0.488642 0.345815 0.871986 0.631011 0.671568 0.552385
0.855882 0.501698 0.117462 0.857568 0.136157 -0.025844 0.428895 0.297663 0.939484 0.662618 0.606856 0.537829
0.831405 0.528157 0.045164 0.885346 0.103684 0.065381 0.483126 0.386511 0.871076 0.754759 0.669986 0.433314
0.730056 0.469450 0.032342 0.816854 0.036780 -0.053602 0.335374 0.268388 0.892573 0.653699 0.670830 0.482004
0.835814 0.526964 0.057540 0.951304 0.163433 0.059058 0.432495 0.396669 0.900744 0.745230 0.456673 0.511896
0.729233 0.558843 0.004046 0.849488 0.068618 0.092789 0.490847 0.366675 0.837276 0.676935 0.650815 0.428744
0.796113 0.587760 0.174433 0.864760 0.108620 0.069741 0.318069 0.416942 0.828601 0.742514 0.629435 0.495292
0.812885 0.614187 0.111965 0.878945 0.147071 0.073202 0.426120 0.384314 0.909095 0.512159 0.612452 0.551711
0.826498 0.472589 0.042658 0.819264 0.088276 -0.038325 0.342643 0.391371 0.861936 0.672198 0.651047 0.485571
0.819221 0.521854 0.156066 0.851799 0.027447 0.102509 0.387644 0.356977 0.888027 0.677472 0.523055 0.424952
0.784815 0.499781 0.120902 0.877852 0.078904 0.028792 0.389352 0.410999 0.829051 0.637214 0.615124 0.485812
0.762382 0.576254 0.125055 0.934348 0.081030 0.039593 0.428777 0.337292 0.865877 0.727628 0.604875 0.451608
0.747285 0.527692 0.086302 0.904782 0.140817 0.038243 0.416112 0.308334 0.811919 0.651321 0.627764 0.513257
0.829659 0.535817 0.099752 0.879609 0.095866 0.043749 0.462324 0.335609 0.860264 0.611257 0.553251 0.500368
0.686595 0.599740 0.023580 0.898444 0.042717 0.080430 0.420078 0.405193 0.891970 0.679711 0.626829 0.482141
0.797285 0.548133 0.070453 0.859742 0.077311 0.098227 0.416764 0.394694 0.846570 0.636539 0.575957 0.537373
0.820858 0.626686 0.090674 0.880628 0.175075 0.122193 0.454626 0.437356 0.796044 0.716412 0.611046 0.431918
0.784671 0.473727 0.004581 0.879399 0.050354 0.034096 0.390085 0.409419 0.829871 0.673753 0.630577 0.492423
0.776618 0.584339 0.062628 0.868212 0.016001 0.066442 0.459386 0.346791 0.973102 0.638445 0.465254 0.450769
0.815900 0.547293 0.140703 0.914180 0.059386 0.053626 0.371995 0.381960 0.840732 0.643782 0.672656 0.552104
0.774665 0.549176 0.064339 0.892919 0.060546 0.091642 0.480247 0.341069 0.858615 0.631158 0.538570 0.428662
0.771500 0.557687 0.137406 0.789063 0.084074 0.091972 0.356601 0.423244 0.827285 0.662625 0.593847 0.439345
0.778632 0.547932 0.089198 0.843057 0.102585 0.096436 0.390934 0.366733 0.964866 0.685568 0.518017 0.495990
0.857266 0.551079 0.044754 0.892253 0.040232 0.081055 0.384722 0.340107 0.868244 0.583377 0.618501 0.480774
0.744634 0.492244 0.151528 0.904578 0.146195 0.024333 0.327744 0.240275 0.833158 0.647052 0.527678 0.482049
0.766529 0.476094 0.032550 0.868347 0.038946 0.013459 0.419812 0.413263 0.879048 0.679993 0.476577 0.445539
0.746613 0.450839 0.123238 0.955792 0.074317 -0.048310 0.407552 0.340253 0.849242 0.595749 0.572079 0.434627
0.748270 0.478859 0.129725 0.863880 0.130007 0.111423 0.508925 0.397425 0.815547 0.646459 0.548001 0.483695
0.763047 0.444008 0.059943 0.964070 0.121737 0.024288 0.556302 0.349188 0.962038 0.554350 0.530571 0.444593
0.763639 0.356141 0.102746 0.941468 0.142569 -0.011314 0.387538 0.340401 0.801674 0.660160 0.722741 0.389809
0.787322 0.534149 0.040059 0.796735 0.056632 0.006032 0.417863 0.380651 0.835577 0.726276 0.672450 0.486159
0.818610 0.511260 0.038952 0.813429 0.005728 0.099105 0.416368 0.304431 0.850147 0.705625 0.611283 0.429057
0.784772 0.585630 -0.002204 0.836044 0.209489 0.047232 0.401487 0.418511 0.819937 0.601085 0.572869 0.459310
0.786167 0.520238 0.042269 0.836129 0.117276 0.093736 0.358019 0.371136 0.808799 0.701521 0.588680 0.505857
0.748822 0.552429 0.066211 0.933666 0.113858 0.022706 0.422951 0.430795 0.808325 0.642005 0.726066 0.525825
0.799658 0.539642 0.044782 0.912536 0.140118 0.015307 0.444170 0.393796 0.817835 0.609776 0.622099 0.466247
0.777406 0.579961 0.127325 0.915571 0.081139 0.067970 0.478349 0.388147 0.861676 0.749317 0.561155 0.365662
0.794631 0.439619 0.040865 0.892379 0.091706 0.078056 0.400902 0.270669 0.934264 0.640302 0.652049 0.496849
0.705916 0.541319 0.112624 0.863189 0.072926 0.051551 0.353153 0.344572 0.935628 0.725387 0.622366 0.470469
0.859457 0.514048 0.169338 0.897596 0.179299 0.080639 0.360399 0.280572 0.799887 0.603977 0.581867 0.468421
0.829889 0.511118 0.132564 0.770163 -0.003699 0.062331 0.453687 0.360914 0.870866 0.667360 0.573320 0.469470
0.858979 0.548850 0.112191 0.936168 0.154252 -0.098212 0.384698 0.477018 0.798439 0.658303 0.626648 0.465499
0.771216 0.533637 0.069060 0.860732 0.144711 0.043828 0.450382 0.465741 0.777889 0.676456 0.583723 0.418202
0.755140 0.416202 0.066463 0.867758 0.067416 0.052348 0.407737 0.312512 0.801260 0.674000 0.635224 0.433619
0.745444 0.452379 0.017541 0.868336 0.107560 -0.026629 0.296074 0.368571 0.902939 0.691182 0.651451 0.524684
0.744698 0.510385 0.043804 0.869143 0.168406 -0.081590 0.448042 0.366295 0.915276 0.736822 0.630898 0.526814
0.762487 0.587173 0.217478 0.839459 0.166792 0.091789 0.333844 0.345280 0.845534 0.649334 0.631529 0.387112
0.798165 0.542645 0.066015 0.837621 -0.001300 -0.013451 0.419495 0.404586 0.855788 0.676584 0.556277 0.496701
0.828828 0.569027 0.123481 0.923551 0.084949 -0.026119 0.421755 0.402561 0.880094 0.624915 0.583040 0.467567
0.754845 0.574092 0.099119 0.958905 0.169618 0.021674 0.416130 0.383482 0.903407 0.693304 0.663190 0.550038
0.765606 0.482159 0.030624 0.766042 0.134458 0.040949 0.437006 0.357422 1.006478 0.754588 0.668581 0.444520
0.808117 0.547931 0.085171 0.873864 0.109195 0.022753 0.457126 0.462962 0.842606 0.724115 0.585188 0.420232
0.792513 0.490820 0.123554 0.774830 0.157770 0.024897 0.446787 0.392148 0.768153 0.628361 0.585448 0.488542
0.686239 0.586881 0.093813 0.823572 0.076528 0.123326 0.444825 0.369729 0.819411 0.636076 0.565945 0.572743
0.840892 0.502294 0.051293 0.886227 0.105717 0.085029 0.366281 0.385979 0.807894 0.693555 0.597760 0.499820
0.853641 0.539061 0.061849 0.927010 0.069250 0.023221 0.397757 0.287626 0.910203 0.681382 0.634378 0.520776
0.842148 0.551113 0.060850 0.837658 0.071426 0.065435 0.498033 0.314833 0.912425 0.652534 0.543255 0.454184
0.775009 0.619219 0.086922 0.858033 0.114227 0.077581 0.398396 0.350335 0.902164 0.684013 0.587016 0.580490
0.733824 0.592468 0.132533 0.886481 0.106302 0.095688 0.343695 0.480658 0.936086 0.708834 0.620481 0.426557
0.780688 0.460386 0.138312 0.839241 0.136128 0.054802 0.426405 0.416426 0.802131 0.768469 0.551316 0.428706
0.868050 0.566183 0.050472 0.908552 0.004333 0.057720 0.442478 0.351887 0.842808 0.673681 0.596136 0.585086
0.822305 0.614831 0.073057 0.805501 0.192477 0.072989 0.301627 0.400526 0.848393 0.696782 0.590911 0.414218
0.827694 0.490064 0.073733 0.839261 0.113492 0.119368 0.456756 0.396420 0.838873 0.671935 0.589787 0.405532
0.761575 0.463758 0.072956 0.829178 0.131674 0.015465 0.392515 0.431699 0.861316 0.770981 0.693550 0.543985
0.764194 0.515908 0.091177 0.877636 0.017992 0.024129 0.452567 0.353701 0.898499 0.714524 0.626688 0.420408
0.815391 0.568108 0.156639 0.833501 0.031895 0.090506 0.381707 0.428617 0.827918 0.632050 0.589485 0.490377
0.776185 0.525793 0.079559 0.788929 0.104295 0.051917 0.380943 0.412133 0.915724 0.715350 0.603750 0.444515
0.834580 0.558831 0.056358 1.017519 0.156562 0.081009 0.386372 0.431338 0.796156 0.664250 0.604498 0.537720
0.803483 0.535899 0.138022 0.939623 0.031803 0.122151 0.503366 0.368519 0.824088 0.639607 0.674503 0.410726
0.718859 0.514638 0.100544 0.897771 0.181273 -0.021857 0.387170 0.409183 0.873222 0.753795 0.590914 0.506582
0.794571 0.529488 0.159355 0.882723 0.157622 0.167683 0.426378 0.306335 0.834081 0.721800 0.618928 0.486420
0.779906 0.485710 0.021869 0.941866 0.000271 0.050111 0.446488 0.417109 0.987101 0.698230 0.611227 0.480386
0.863121 0.531302 0.039125 0.822488 0.133150 0.097923 0.466055 0.272620 0.854990 0.665906 0.630553 0.493229
0.785403 0.565009 0.141118 0.866770 0.027527 0.097258 0.333084 0.373419 0.799122 0.638634 0.516386 0.463599
0.865402 0.438968 0.116117 0.815199 0.130784 0.018119 0.480309 0.333999 0.885745 0.699390 0.580565 0.438223
0.726138 0.521900 0.056864 0.882112 0.113926 0.013228 0.367747 0.328415 0.822426 0.675092 0.624272 0.494364
0.848467 0.557248 0.038385 0.843061 0.098124 0.047154 0.460559 0.302797 0.806332 0.653788 0.643319 0.435195
0.755218 0.508436 0.125757 0.903491 0.022290 0.093353 0.318033 0.388792 0.884311 0.664543 0.581277 0.468367
0.783476 0.543453 0.187570 0.852252 0.125107 0.049024 0.433936 0.354558 0.923560 0.683626 0.468007 0.576371
0.768756 0.538775 0.053501 0.813007 0.116149 0.011342 0.399862 0.383989 0.913227 0.627494 0.656862 0.439529
0.757338 0.511208 0.019809 0.964149 0.033078 0.078449 0.486326 0.447415 0.854882 0.708784 0.617558 0.448511
0.778685 0.563152 0.131533 0.843309 0.130356 -0.025189 0.358323 0.390774 0.862003 0.686924 0.577984 0.466900
0.761693 0.567202 0.097501 0.852033 0.091877 -0.032748 0.474744 0.373216 0.848075 0.714572 0.618494 0.412689
0.792524 0.490558 0.011464 0.852772 0.147412 0.131855 0.474456 0.355840 0.968721 0.720959 0.660136 0.617373
0.925476 0.572950 -0.022385 0.900628 0.206798 0.069741 0.392504 0.401523 0.874156 0.615074 0.552103 0.512289
0.809306 0.512305 0.149391 0.876282 0.063913 0.039827 0.452568 0.351340 0.792550 0.675771 0.671428 0.487550
0.784208 0.555670 0.212747 0.876868 0.169826 -0.011857 0.429666 0.325723 0.803247 0.673409 0.695692 0.479355
0.809030 0.491021 0.132493 0.912045 0.088442 0.019246 0.435680 0.305038 0.764754 0.768401 0.593043 0.458409
0.770594 0.518763 0.042107 0.904503 0.115834 0.004972 0.454593 0.392817 0.798245 0.707450 0.609779 0.448038
0.818211 0.558952 0.108315 0.900535 0.076548 0.065010 0.321394 0.394156 0.887610 0.702421 0.646920 0.552325
0.846621 0.524734 0.115437 0.831578 0.098327 0.075125 0.436473 0.274135 0.894831 0.656484 0.675769 0.546790
0.791426 0.617437 0.037270 0.820829 0.122314 0.100782 0.429007 0.368583 0.867989 0.763206 0.548924 0.431523
0.818874 0.504051 0.063535 0.811586 0.107006 -0.005961 0.395191 0.374912 0.960625 0.561011 0.622404 0.394009
0.699279 0.530612 0.126688 0.845498 0.112523 0.111319 0.522160 0.377220 0.851852 0.685521 0.634621 0.479467
0.743645 0.570456 0.080387 0.843560 0.151483 0.105954 0.354284 0.313663 0.799504 0.607699 0.614372 0.554065
0.760245 0.411391 0.024881 0.948034 0.094243 0.044461 0.466433 0.432163 0.868662 0.727625 0.547607 0.435250
0.776259 0.549364 0.136862 0.811285 0.154360 0.164961 0.439396 0.335372 0.791289 0.665777 0.547153 0.561527
0.697790 0.487971 0.144186 0.878833 0.149079 -0.022892 0.416344 0.366055 0.819606 0.610537 0.618981 0.436299
0.799513 0.524257 0.138030 0.845413 0.086028 -0.033246 0.440863 0.312604 0.962991 0.763980 0.624919 0.439491
0.799039 0.468922 -0.002461 0.862841 0.104654 0.035091 0.385128 0.408637 0.830800 0.718005 0.626410 0.406904
0.693118 0.578177 0.007007 0.839656 0.147190 -0.014675 0.371363 0.349088 0.872475 0.682359 0.603729 0.461351
0.854644 0.541552 0.082254 0.795042 0.152879 0.035521 0.359586 0.469187 0.912157 0.676846 0.614572 0.498201
0.849143 0.512426 0.131961 0.943715 0.156596 0.066816 0.412547 0.424677 0.858644 0.684700 0.579899 0.482977
0.759313 0.560491 0.025404 0.769965 0.019779 0.014611 0.367372 0.480527 0.854265 0.732533 0.637139 0.425564
0.741854 0.462173 0.035134 0.861782 0.143632 0.097014 0.343674 0.418900 0.920903 0.764801 0.603907 0.402537
0.741346 0.539454 0.095429 0.869938 0.138839 0.010286 0.392486 0.395083 0.976292 0.674634 0.668869 0.345735
0.809590 0.617324 0.035788 0.869409 0.118765 -0.025126 0.404760 0.469516 0.861730 0.754031 0.636009 0.458695
0.882832 0.605725 0.040577 0.804281 0.089837 0.007737 0.329337 0.404900 0.796547 0.702925 0.639132 0.501979
0.754269 0.431057 0.054895 0.863421 0.081824 0.039248 0.395191 0.442953 0.870478 0.767013 0.638231 0.489693
0.814618 0.553583 0.156011 0.856256 0.107923 0.086702 0.379661 0.362582 0.785235 0.686572 0.571956 0.387252
0.824377 0.556726 -0.019619 0.776829 0.094520 0.037219 0.419025 0.403060 0.816064 0.690887 0.558615 0.493963
0.797059 0.589437 0.072482 0.935268 0.112417 0.066870 0.492818 0.343597 0.860626 0.649241 0.626828 0.511641
0.700583 0.514614 0.092258 0.876033 0.093353 0.058663 0.396872 0.394827 0.873502 0.678551 0.581247 0.560075
0.825980 0.594065 0.054900 0.859764 0.144470 0.086948 0.417888 0.453841 0.926631 0.663960 0.659198 0.429823
0.810685 0.546870 0.089413 0.922181 0.024346 0.023698 0.423889 0.387028 0.908637 0.725156 0.646309 0.449484
0.699342 0.486419 0.129463 0.845979 0.167043 0.030850 0.439373 0.392715 0.975658 0.609030 0.657590 0.428442
0.905452 0.578107 0.046271 0.994245 0.102718 0.117992 0.448872 0.429666 0.883885 0.638150 0.644122 0.487476
0.819414 0.527069 -0.033720 0.805398 0.172685 0.016600 0.401726 0.404379 0.876463 0.619161 0.467145 0.527243
0.768091 0.606177 0.032634 0.832678 0.082872 0.103221 0.446769 0.333295 0.895571 0.746498 0.665234 0.435506
0.805081 0.494938 0.173391 0.856714 0.061075 0.009236 0.329446 0.420133 0.815925 0.670399 0.688676 0.503499
0.799779 0.526313 0.065460 0.890082 0.081664 0.061306 0.430336 0.357922 0.832569 0.708342 0.598756 0.479821
0.785352 0.493891 0.067793 0.912449 0.059020 -0.005367 0.396842 0.485322 0.855061 0.655477 0.619141 0.503935
0.763039 0.564664 0.061185 0.823883 0.088590 0.077267 0.351330 0.375963 0.877707 0.675133 0.674304 0.487792
0.755517 0.528674 -0.024449 0.954219 0.143738 -0.029039 0.378462 0.394286 0.826451 0.684568 0.648737 0.417618
0.852393 0.530041 0.160518 0.969903 0.025198 0.111633 0.467490 0.340106 0.798255 0.769300 0.597437 0.412068
0.733220 0.418269 0.080582 0.832920 0.092288 -0.021865 0.462400 0.331932 0.934032 0.648304 0.608486 0.511805
0.837283 0.520226 0.111459 0.882080 0.227117 0.041978 0.465619 0.354701 0.819750 0.668040 0.579415 0.461584
0.788283 0.597394 0.075777 0.880009 0.085043 0.032986 0.387769 0.462393 0.950521 0.616307 0.672442 0.456748
0.825351 0.527587 0.069253 0.882915 0.047777 -0.046983 0.368484 0.392622 0.921290 0.706265 0.606741 0.521837
0.772082 0.582832 0.033675 0.898556 0.034538 0.042784 0.321267 0.331118 0.860849 0.743314 0.519618 0.518236
0.832469 0.522131 -0.016211 0.920142 0.082468 0.033645 0.391547 0.260597 0.977885 0.711259 0.638525 0.490564
0.765820 0.551062 0.013587 0.852011 0.087006 0.091209 0.403767 0.437697 0.879038 0.681987 0.618523 0.380605
0.822538 0.529715 0.138814 0.872058 0.062752 0.126220 0.317286 0.302622 0.914520 0.593129 0.569230 0.490060
0.837340 0.595532 0.136575 0.896096 0.202815 -0.005438 0.526556 0.351305 0.877099 0.735629 0.591520 0.456968
0.792991 0.481089 0.140923 0.925932 0.130014 0.084977 0.411984 0.397617 0.802601 0.703412 0.556123 0.414776
0.807208 0.528353 0.110573 0.888568 0.134239 0.090861 0.415469 0.402311 0.884363 0.588558 0.643450 0.551336
0.739490 0.570063 0.180537 0.829048 0.140285 0.096186 0.496891 0.393911 0.844585 0.608621 0.651105 0.475014
0.769781 0.548967 0.104558 0.833776 0.089859 0.104575 0.373854 0.466610 0.759427 0.662547 0.609763 0.384828
0.765716 0.572940 0.104682 0.876807 0.055985 0.011620 0.399406 0.394916 0.798699 0.564668 0.550002 0.436401
0.812304 0.569090 0.099620 0.926221 0.145478 0.056772 0.415757 0.356066 0.927811 0.663159 0.625116 0.488983
0.764690 0.547904 0.075689 0.894163 0.162874 -0.019968 0.384419 0.343430 0.903868 0.665820 0.613935 0.444020
0.807937 0.519575 -0.008455 0.970032 -0.006197 -0.021671 0.418725 0.341370 0.943712 0.670822 0.563043 0.420941
0.857293 0.566237 0.064834 0.836286 0.107578 0.075471 0.462612 0.414678 0.954237 0.699447 0.555679 0.406289
0.873194 0.548997 0.130840 0.911225 0.132010 0.055516 0.352059 0.486976 0.816298 0.774589 0.711280 0.492208
0.863407 0.496935 0.157758 0.946636 0.122545 0.095814 0.446730 0.365710 0.895465 0.758070 0.653935 0.436108
0.902277 0.616464 0.156471 0.834448 0.154449 0.061664 0.488366 0.323506 0.800074 0.629349 0.541261 0.469925
0.785643 0.593039 0.114054 0.918161 0.070177 0.131157 0.339395 0.325054 0.807757 0.645234 0.562413 0.409667
0.738023 0.579221 0.048775 0.862186 0.137932 -0.003658 0.523201 0.320181 0.870716 0.640201 0.609954 0.553137
0.774267 0.541698 0.014139 0.888225 0.141396 0.119635 0.391380 0.384776 0.846260 0.635291 0.512487 0.448500
0.777044 0.559791 0.124195 0.930948 0.094004 0.057521 0.380603 0.306371 0.846392 0.680271 0.536615 0.457364
0.857391 0.555413 0.137252 0.870734 0.088816 0.152717 0.378612 0.341594 0.925620 0.804487 0.574648 0.538070
0.778966 0.558554 0.158656 0.903377 0.097285 0.031751 0.357919 0.284636 0.815175 0.648128 0.599290 0.536924
0.733754 0.649857 0.139803 0.960062 0.111571 0.011457 0.369537 0.241874 0.854128 0.673737 0.627085 0.459763
0.771451 0.609216 0.093946 0.849710 0.144080 -0.030183 0.392697 0.303040 0.876951 0.679934 0.536428 0.425776
0.716396 0.582710 0.067137 0.884339 0.096942 0.085179 0.406392 0.380307 0.888949 0.720710 0.719438 0.448013
0.861645 0.569883 0.105550 0.893589 0.150577 0.028151 0.418905 0.461719 0.822139 0.593330 0.630562 0.446448
0.808930 0.569911 0.083043 0.872354 0.106192 0.070835 0.435370 0.360079 0.880239 0.606742 0.518717 0.427180
0.829956 0.523039 0.048314 0.907798 0.100465 0.058855 0.451260 0.470070 0.849867 0.765223 0.644882 0.446967
0.758559 0.603417 0.086574 0.943986 0.092243 0.089855 0.430879 0.357911 0.923401 0.592765 0.622255 0.441850
0.739269 0.482587 0.128669 0.853189 0.172524 -0.057489 0.421124 0.337039 0.860084 0.682247 0.649803 0.447799
0.757477 0.549139 0.063593 0.815590 0.188330 0.074226 0.395595 0.354850 0.699265 0.701347 0.628825 0.454840
0.729143 0.476841 0.112547 0.826516 0.179427 0.033045 0.393072 0.420538 0.897332 0.659912 0.590483 0.452035
0.050241 0.213915 0.255383 0.164952 0.224182 0.311190 0.461552 0.456004 0.350565 0.555636 0.314392 0.121569
0.192053 0.167772 0.316830 0.294815 0.177439 0.247860 0.519453 0.530976 0.222434 0.510039 0.263404 0.138240
0.239518 0.134676 0.260387 0.256348 0.237417 0.152129 0.548347 0.501168 0.227124 0.457679 0.253156 0.160422
0.207876 0.148569 0.336004 0.240315 0.215640 0.353526 0.554319 0.496732 0.271381 0.521298 0.279554 0.122973
0.175438 0.174309 0.346977 0.297057 0.158124 0.340515 0.618882 0.463179 0.395890 0.613581 0.363442 0.115876
0.135426 0.180161 0.294273 0.225564 0.151500 0.264091 0.548036 0.506812 0.244877 0.548217 0.157916 0.162069
0.307830 0.176512 0.354232 0.245485 0.141171 0.290106 0.547756 0.559201 0.323171 0.469100 0.234345 0.115792
0.186446 0.165032 0.339603 0.253942 0.146328 0.365262 0.577820 0.458723 0.293620 0.435994 0.307168 0.128918
0.204310 0.103526 0.409556 0.310195 0.141466 0.306228 0.566962 0.418379 0.178656 0.529510 0.257166 0.100550
0.262016 0.205097 0.333061 0.340424 0.248282 0.381256 0.556146 0.395521 0.197579 0.557796 0.207670 0.154842
0.197937 0.175253 0.251174 0.225413 0.197386 0.238435 0.559532 0.476589 0.338268 0.489334 0.255524 0.180450
0.185942 0.130496 0.272188 0.225487 0.146610 0.333518 0.491299 0.521954 0.250297 0.560159 0.215142 0.189735
0.172842 0.200520 0.293614 0.289096 0.231546 0.383020 0.590477 0.475062 0.313290 0.436083 0.307370 0.155358
0.223462 0.261491 0.315454 0.254322 0.121687 0.341955 0.485847 0.610544 0.296997 0.521558 0.305194 0.178537
0.192514 0.212380 0.267322 0.287286 0.167229 0.322780 0.589370 0.583429 0.219852 0.468631 0.307836 0.219674
0.259097 0.250213 0.280255 0.240196 0.212987 0.339332 0.493134 0.386676 0.306193 0.602604 0.209963 0.175521
0.183967 0.194614 0.224578 0.353239 0.172447 0.327003 0.525303 0.499633 0.314634 0.528998 0.284071 0.213524
0.254606 0.226965 0.234121 0.230166 0.225080 0.342405 0.525894 0.535950 0.316893 0.446711 0.301724 0.234296
0.105848 0.213676 0.268197 0.321959 0.173700 0.172730 0.487296 0.475544 0.324745 0.569641 0.184516 0.186413
0.175393 0.236596 0.287077 0.264000 0.212570 0.342548 0.544121 0.455496 0.209367 0.542892 0.269682 0.137323
0.158677 0.113138 0.389656 0.244592 0.221682 0.379374 0.518900 0.430790 0.342915 0.592545 0.174930 0.108716
0.226672 0.233246 0.248107 0.344470 0.257102 0.327328 0.447446 0.503021 0.287085 0.526083 0.216604 0.240563
0.253963 0.220517 0.359876 0.250989 0.245034 0.322799 0.420548 0.415984 0.324804 0.397719 0.302005 0.244219
0.195651 0.185746 0.266291 0.224722 0.188705 0.384238 0.556509 0.599969 0.289634 0.492700 0.351729 0.182174
0.154706 0.169280 0.340485 0.321012 0.339608 0.232175 0.490251 0.469791 0.352848 0.520234 0.307932 0.146090
0.168511 0.209503 0.347300 0.312674 0.139395 0.231718 0.539174 0.555509 0.338980 0.512192 0.350376 0.160497
0.139196 0.241945 0.282581 0.259417 0.228177 0.369712 0.596489 0.452438 0.361764 0.522653 0.191729 0.199843
0.187368 0.218263 0.244391 0.296119 0.233874 0.308223 0.559317 0.540126 0.284857 0.503926 0.249651 0.150149
0.221329 0.154434 0.300158 0.310081 0.188845 0.330219 0.550400 0.474844 0.229456 0.483766 0.178422 0.191065
0.162606 0.193380 0.267430 0.348652 0.181443 0.357677 0.518182 0.468847 0.286236 0.551915 0.289955 0.175321
0.116947 0.172773 0.264096 0.207175 0.172959 0.302369 0.549782 0.620522 0.290094 0.466434 0.159863 0.187737
0.244695 0.194900 0.257977 0.259516 0.255951 0.283997 0.552421 0.527184 0.245194 0.470557 0.322128 0.129546
0.149061 0.176165 0.306724 0.238605 0.185984 0.276121 0.547036 0.455035 0.257681 0.521372 0.323068 0.221212
0.213157 0.222309 0.249026 0.273864 0.168837 0.285673 0.612988 0.423368 0.260791 0.528433 0.280930 0.225768
0.178653 0.195182 0.304833 0.279781 0.253290 0.253063 0.521771 0.440268 0.225439 0.537099 0.205243 0.135655
0.203981 0.198961 0.287512 0.246666 0.197132 0.245523 0.529235 0.524435 0.296897 0.480143 0.278963 0.232121
0.160349 0.198266 0.305550 0.176083 0.118609 0.283533 0.592803 0.496046 0.263025 0.475296 0.305299 0.158498
0.232178 0.123915 0.278363 0.264623 0.206336 0.336758 0.562942 0.473462 0.269155 0.514603 0.275999 0.116895
0.290120 0.165669 0.216503 0.295448 0.165739 0.381217 0.586517 0.574516 0.247110 0.574548 0.349898 0.155017
0.161596 0.138164 0.334861 0.251358 0.293049 0.333675 0.498054 0.441111 0.309050 0.368926 0.251797 0.162583
0.172765 0.257465 0.317811 0.243154 0.136507 0.223716 0.508738 0.531904 0.337418 0.447621 0.301866 0.146194
0.252591 0.157702 0.247918 0.284817 0.137873 0.389133 0.550181 0.463205 0.232335 0.514976 0.224872 0.152875
0.200352 0.271149 0.283082 0.305649 0.188028 0.345436 0.540445 0.468178 0.324236 0.514546 0.230113 0.243294
0.158253 0.222586 0.342606 0.220560 0.205259 0.413826 0.566698 0.461387 0.321258 0.477865 0.329555 0.218924
0.175550 0.176125 0.305869 0.297418 0.314789 0.330151 0.542842 0.602611 0.304972 0.452712 0.304312 0.263277
0.192928 0.176886 0.284040 0.321004 0.164984 0.417486 0.486788 0.649604 0.344841 0.540416 0.195333 0.135346
0.244782 0.134512 0.361977 0.281884 0.218119 0.337047 0.538824 0.529111 0.357546 0.548345 0.245704 0.279604
0.288820 0.223381 0.350011 0.287500 0.202280 0.273992 0.564110 0.573254 0.157714 0.524862 0.257658 0.185330
0.114951 0.176544 0.231694 0.295759 0.213394 0.358690 0.548419 0.383531 0.312000 0.610908 0.258393 0.094531
0.184118 0.195923 0.296733 0.204635 0.172714 0.299644 0.547387 0.448912 0.276966 0.552175 0.360484 0.232155
0.206296 0.141527 0.296790 0.261162 0.178805 0.268264 0.520834 0.604990 0.225716 0.526070 0.260632 0.180671
0.229056 0.250852 0.273468 0.298295 0.184082 0.307328 0.609322 0.467292 0.245393 0.565349 0.256846 0.126894
0.162756 0.132686 0.293489 0.262495 0.175754 0.375214 0.595797 0.471412 0.313813 0.587455 0.191999 0.202717
0.158665 0.218631 0.355034 0.289337 0.115763 0.367400 0.625474 0.442079 0.196274 0.527715 0.231749 0.209059
0.217051 0.157827 0.301098 0.315518 0.161958 0.334078 0.553702 0.484521 0.241421 0.597279 0.306537 0.106786
0.142558 0.245042 0.307669 0.294822 0.214164 0.306271 0.596469 0.487893 0.233967 0.609665 0.217009 0.210150
0.204971 0.176767 0.387170 0.275121 0.175198 0.357818 0.501633 0.492226 0.289151 0.544862 0.180720 0.171831
0.149541 0.220797 0.317224 0.193566 0.235211 0.278795 0.576377 0.573344 0.311182 0.469036 0.326093 0.203899
0.166125 0.219511 0.279291 0.280599 0.226429 0.281253 0.503290 0.522788 0.286547 0.532456 0.268621 0.186827
0.145577 0.165965 0.275818 0.292216 0.154474 0.262105 0.577880 0.505547 0.331592 0.505205 0.274590 0.051280
0.255594 0.294798 0.268018 0.268955 0.152644 0.266227 0.472171 0.472110 0.248249 0.490865 0.275912 0.110253
0.206019 0.079049 0.318017 0.236062 0.148350 0.356187 0.542088 0.447862 0.218621 0.453688 0.231508 0.136392
0.213462 0.159410 0.326506 0.295381 0.102055 0.377351 0.599594 0.407555 0.264152 0.531867 0.289374 0.196861
0.331189 0.212717 0.269230 0.230989 0.167105 0.282993 0.572281 0.504856 0.376906 0.527079 0.200996 0.218532
0.280341 0.216847 0.276638 0.290110 0.177739 0.310600 0.542491 0.461943 0.281514 0.566999 0.261964 0.211649
0.233180 0.218799 0.330417 0.269342 0.234510 0.271873 0.525973 0.464483 0.296877 0.527812 0.296375 0.204464
0.049009 0.135344 0.234974 0.267145 0.177192 0.315711 0.537959 0.591080 0.289564 0.602396 0.264969 0.092160
0.213425 0.197648 0.210095 0.386310 0.169846 0.291610 0.530865 0.494477 0.286683 0.541818 0.310576 0.197094
0.260890 0.134389 0.233071 0.229988 0.234413 0.380531 0.582826 0.510256 0.258446 0.510984 0.251189 0.183500
0.218316 0.184704 0.332282 0.237888 0.196572 0.395546 0.534603 0.480783 0.175838 0.501113 0.169275 0.134399
0.243493 0.239367 0.258287 0.227925 0.147881 0.338871 0.504708 0.448051 0.246533 0.544245 0.303713 0.096846
0.250801 0.102886 0.247870 0.268572 0.225932 0.359048 0.516928 0.512577 0.371694 0.521362 0.249692 0.166137
0.199762 0.214852 0.253479 0.308122 0.198657 0.279307 0.624109 0.480125 0.251376 0.535105 0.241690 0.142076
0.097010 0.135671 0.293293 0.210608 0.079884 0.347858 0.545975 0.510285 0.248085 0.538030 0.239348 0.108015
0.221020 0.209590 0.291955 0.316776 0.248049 0.334569 0.473900 0.505457 0.306618 0.543869 0.287896 0.159071
0.212270 0.213520 0.228880 0.390055 0.205021 0.424220 0.641996 0.441133 0.282093 0.532297 0.215570 0.110848
0.228897 0.213957 0.273886 0.291371 0.129830 0.249455 0.628116 0.540753 0.245384 0.514079 0.208765 0.158272
0.273725 0.107842 0.273980 0.385880 0.237218 0.340752 0.586415 0.535497 0.189390 0.535848 0.264026 0.220320
0.190674 0.245330 0.313881 0.249655 0.145772 0.330247 0.520472 0.507894 0.256921 0.558571 0.248003 0.196144
0.095672 0.185711 0.387434 0.238757 0.116383 0.299395 0.556467 0.485971 0.332074 0.458441 0.209864 0.155542
0.152042 0.207365 0.249073 0.316727 0.181817 0.339434 0.489091 0.486918 0.213718 0.515716 0.163347 0.084872
0.213135 0.135127 0.288759 0.187755 0.179963 0.354963 0.545090 0.534204 0.344085 0.500509 0.294143 0.242911
0.175656 0.160587 0.285265 0.284067 0.185224 0.215937 0.593534 0.521634 0.230938 0.445710 0.285468 0.228479
0.253756 0.200333 0.281071 0.305701 0.206514 0.282894 0.524351 0.494046 0.282412 0.490434 0.301544 0.176937
0.192055 0.127931 0.164012 0.279589 0.211821 0.271523 0.622416 0.502714 0.296140 0.425236 0.167824 0.193444
0.180243 0.182273 0.428486 0.312870 0.207663 0.286880 0.493006 0.483733 0.310313 0.526936 0.282096 0.229796
0.210273 0.158634 0.274483 0.231482 0.120554 0.349776 0.562636 0.454187 0.275552 0.542273 0.297179 0.117564
0.168725 0.161985 0.299298 0.280601 0.195388 0.322798 0.631084 0.509233 0.303867 0.542528 0.232388 0.191848
0.217366 0.158656 0.330815 0.289694 0.183796 0.365109 0.543966 0.506628 0.279751 0.486471 0.322645 0.166142
0.209177 0.088457 0.301945 0.214725 0.176598 0.295060 0.624447 0.451581 0.239253 0.468235 0.181914 0.154865
0.207789 0.167881 0.274254 0.278564 0.166679 0.345123 0.551627 0.530460 0.309812 0.465550 0.241170 0.157034
0.203965 0.249143 0.276599 0.196840 0.232619 0.332952 0.581018 0.578127 0.216110 0.583884 0.332093 0.183238
0.245048 0.178127 0.368042 0.226790 0.160633 0.303503 0.569211 0.452079 0.222455 0.583493 0.210395 0.263197
0.156031 0.173155 0.336917 0.263896 0.201586 0.424369 0.463221 0.457833 0.273343 0.591959 0.218146 0.153303
0.227658 0.277670 0.276898 0.325946 0.151922 0.376880 0.596787 0.439206 0.377168 0.551605 0.276795 0.200537
0.152382 0.219079 0.378171 0.258295 0.180012 0.344137 0.562433 0.496927 0.345105 0.437688 0.206806 0.121010
0.107432 0.252767 0.242945 0.335801 0.071389 0.431971 0.468449 0.487507 0.267944 0.513383 0.297383 0.118638
0.308150 0.191844 0.209565 0.239904 0.115649 0.296470 0.498702 0.537360 0.206337 0.465646 0.272754 0.078685
0.149359 0.173673 0.270602 0.299697 0.202067 0.331826 0.494782 0.545316 0.311632 0.445608 0.335973 0.183870
0.258824 0.147515 0.266204 0.267306 0.178042 0.264518 0.651332 0.535436 0.165769 0.517919 0.247921 0.127863
0.216860 0.243171 0.225903 0.275729 0.238983 0.356189 0.531683 0.447809 0.292672 0.473179 0.201626 0.142114
0.173495 0.157530 0.253476 0.168012 0.171662 0.209619 0.431835 0.496686 0.208886 0.508801 0.219916 0.227215
0.150294 0.163621 0.312327 0.249413 0.154253 0.228032 0.478950 0.531679 0.279224 0.490852 0.289912 0.070763
0.149982 0.188439 0.235625 0.291654 0.203234 0.410285 0.512940 0.545571 0.180616 0.530593 0.231610 0.192979
0.182342 0.172263 0.258729 0.283839 0.160869 0.278196 0.475603 0.476412 0.350939 0.511419 0.235852 0.101762
0.197504 0.219871 0.317570 0.292839 0.098619 0.365155 0.573622 0.392595 0.313033 0.531557 0.244243 0.153151
0.198835 0.144107 0.321646 0.397594 0.173591 0.362559 0.595581 0.553780 0.262618 0.586959 0.292455 0.109559
0.179331 0.138494 0.301838 0.253140 0.229213 0.353962 0.582940 0.544251 0.269905 0.576356 0.278020 0.149631
0.151168 0.200393 0.316987 0.274804 0.207052 0.304082 0.464246 0.510529 0.255479 0.520412 0.313092 0.233884
0.186365 0.083262 0.273008 0.214434 0.203282 0.373915 0.540672 0.471755 0.305889 0.465580 0.336175 0.169644
0.189207 0.263601 0.333302 0.299524 0.149788 0.276145 0.530145 0.491624 0.215749 0.534514 0.222807 0.188538
0.194940 0.155033 0.244010 0.241593 0.229604 0.338932 0.493890 0.459364 0.249319 0.593847 0.203435 0.120688
0.268558 0.160708 0.255660 0.278182 0.186959 0.225935 0.516917 0.511368 0.286052 0.528694 0.243973 0.097543
0.243167 0.252974 0.345215 0.299474 0.286200 0.387423 0.459311 0.483865 0.302427 0.504508 0.331439 0.188504
0.135402 0.256188 0.311165 0.205979 0.172209 0.310305 0.497817 0.596429 0.281263 0.503322 0.328965 0.119750
0.222958 0.183138 0.361206 0.280106 0.232099 0.278710 0.577510 0.487206 0.349425 0.470804 0.284405 0.088282
0.130703 0.300901 0.219293 0.294139 0.195747 0.409506 0.571062 0.546349 0.282424 0.487076 0.297836 0.149053
0.216484 0.221169 0.270052 0.227644 0.231181 0.361663 0.521018 0.508046 0.231280 0.457825 0.237157 0.160659
0.230330 0.256840 0.320678 0.288889 0.272296 0.272667 0.496764 0.479286 0.285820 0.429852 0.227552 0.152482
0.139492 0.246282 0.347242 0.180996 0.170228 0.347867 0.572916 0.531243 0.277432 0.484133 0.330651 0.038492
0.168323 0.236932 0.300339 0.168351 0.123057 0.307384 0.535054 0.472975 0.316837 0.526887 0.260303 0.161075
0.206939 0.192980 0.316615 0.231411 0.199466 0.328783 0.590172 0.390380 0.280645 0.588626 0.280743 0.254670
0.222005 0.275849 0.371003 0.341414 0.194756 0.395311 0.523908 0.511909 0.267116 0.444966 0.135458 0.108935
0.268026 0.117036 0.311846 0.267627 0.150018 0.340842 0.514157 0.560591 0.299381 0.607798 0.266578 0.257748
0.186383 0.227543 0.263177 0.263703 0.161855 0.388854 0.536526 0.548868 0.311210 0.618912 0.318351 0.102537
0.241847 0.150486 0.271788 0.253103 0.193656 0.323730 0.550101 0.527364 0.253196 0.587893 0.273075 0.078798
0.231578 0.278954 0.324544 0.196871 0.215930 0.302941 0.542202 0.501940 0.151401 0.533401 0.176751 0.120398
0.254891 0.258708 0.214499 0.146571 0.206032 0.352008 0.528450 0.470251 0.289604 0.558499 0.186910 0.186568
0.171341 0.152287 0.382953 0.257875 0.207416 0.305515 0.525135 0.448181 0.306033 0.439644 0.244080 0.195457
0.189061 0.138492 0.253734 0.324612 0.199542 0.329325 0.603254 0.569813 0.268120 0.366349 0.248448 0.134665
0.263543 0.201452 0.305455 0.271148 0.218846 0.433956 0.504702 0.540373 0.259968 0.556147 0.265533 0.190923
0.192489 0.130833 0.329419 0.188410 0.203098 0.305294 0.505860 0.466143 0.319073 0.489577 0.216871 0.250076
0.188550 0.213576 0.284263 0.244208 0.193929 0.387394 0.613659 0.484789 0.230993 0.528730 0.158817 0.211129
0.245092 0.216788 0.267398 0.207817 0.225409 0.333629 0.578350 0.455007 0.359786 0.521182 0.222177 0.205044
0.172564 0.212406 0.325285 0.253092 0.219571 0.377645 0.570610 0.534210 0.264224 0.494386 0.362201 0.179881
0.164788 0.159586 0.286888 0.344288 0.159714 0.342105 0.474211 0.424135 0.338421 0.535093 0.299742 0.231937
0.115472 0.182289 0.308387 0.298897 0.255529 0.349177 0.524648 0.578790 0.313273 0.580190 0.291659 0.241719
0.201606 0.232990 0.262815 0.209957 0.173970 0.193021 0.595304 0.471414 0.331867 0.532281 0.245869 0.187353
0.131573 0.223331 0.332851 0.301879 0.304462 0.330590 0.489880 0.501088 0.215399 0.471564 0.258417 0.151819
0.130381 0.128647 0.360612 0.248148 0.277461 0.328403 0.508720 0.547239 0.325899 0.446392 0.226101 0.244369
0.163906 0.236691 0.278061 0.288210 0.202332 0.381925 0.559916 0.449199 0.296939 0.489442 0.239616 0.250849
0.228043 0.174539 0.311643 0.331590 0.214361 0.308295 0.543986 0.471593 0.251437 0.518052 0.226395 0.170870
0.158169 0.175097 0.331662 0.307165 0.280228 0.263337 0.602312 0.458387 0.249685 0.504888 0.226866 0.203908
0.208988 0.238038 0.207361 0.236195 0.131643 0.284382 0.565204 0.481965 0.338955 0.518571 0.301959 0.228239
0.164400 0.214101 0.253962 0.275108 0.196991 0.358005 0.613958 0.397916 0.232759 0.557059 0.226569 0.167842
0.147924 0.308200 0.276510 0.274069 0.206024 0.422836 0.611675 0.540811 0.201924 0.449225 0.265005 0.051685
0.131461 0.232640 0.285798 0.304785 0.236984 0.298229 0.559768 0.536027 0.244015 0.554691 0.321138 0.151841
0.109920 0.143244 0.317796 0.282526 0.213119 0.314600 0.531026 0.524825 0.283420 0.475354 0.252432 0.204775
0.259173 0.140033 0.260554 0.282765 0.203441 0.246813 0.545849 0.519194 0.258484 0.496640 0.255891 0.191038
0.322443 0.185050 0.311646 0.344355 0.152369 0.316700 0.564224 0.575928 0.252198 0.545048 0.259333 0.076466
0.190605 0.054615 0.376885 0.230457 0.165710 0.243710 0.552132 0.444521 0.208452 0.562823 0.283688 0.106602
0.195081 0.284941 0.329129 0.204327 0.262862 0.285247 0.597211 0.433705 0.301158 0.568935 0.179412 0.092233
0.142794 0.266388 0.279543 0.249153 0.190940 0.291751 0.469318 0.483413 0.224804 0.494722 0.250686 0.181247
0.280357 0.148880 0.297404 0.233225 0.094460 0.319811 0.641153 0.510620 0.250483 0.520648 0.264480 0.190125
0.295804 0.220998 0.298084 0.238586 0.199769 0.396488 0.471233 0.508565 0.308309 0.528755 0.326061 0.196131
0.135982 0.170581 0.347858 0.231462 0.062034 0.328338 0.666904 0.488094 0.149787 0.544137 0.253583 0.098307
0.118643 0.153517 0.278195 0.310059 0.223853 0.321593 0.557046 0.510019 0.233270 0.529854 0.206288 0.183415
0.167356 0.130521 0.311845 0.162317 0.181576 0.324721 0.533680 0.508524 0.214180 0.554575 0.292492 0.232555
0.230242 0.204473 0.259243 0.230148 0.263969 0.324057 0.485122 0.527671 0.399966 0.572493 0.235485 0.188364
0.264536 0.151098 0.364249 0.304406 0.232367 0.312048 0.563684 0.555559 0.242568 0.570414 0.292025 0.104253
0.221924 0.174747 0.274610 0.283014 0.193724 0.375629 0.672873 0.507682 0.188381 0.500988 0.282073 0.178756
0.176787 0.201930 0.283870 0.217590 0.296495 0.374041 0.600629 0.479265 0.285423 0.533201 0.272694 0.209393
0.098219 0.137822 0.325997 0.261651 0.131678 0.357151 0.528307 0.539818 0.260868 0.510375 0.191952 0.207607
0.194574 0.274578 0.319598 0.229752 0.130574 0.263937 0.394062 0.528448 0.224483 0.515794 0.254976 0.147127
0.142774 0.245865 0.304415 0.365369 0.238892 0.306418 0.539869 0.495160 0.245459 0.426532 0.239637 0.190524
0.191129 0.148671 0.244900 0.162517 0.188275 0.237153 0.589412 0.542832 0.275635 0.488054 0.292061 0.218719
0.233539 0.246411 0.293093 0.227504 0.172778 0.293901 0.612383 0.470634 0.283205 0.555282 0.202847 0.245856
0.219611 0.160161 0.312973 0.176090 0.226476 0.313925 0.511122 0.497798 0.290803 0.483900 0.339217 0.161449
0.107881 0.096664 0.345978 0.312385 0.248773 0.289527 0.513151 0.599222 0.360902 0.506224 0.302278 0.139038
0.240759 0.179713 0.272347 0.359264 0.281180 0.262115 0.472611 0.481121 0.354200 0.507244 0.273580 0.169880
0.168499 0.186200 0.394008 0.303423 0.240511 0.257023 0.546086 0.506261 0.298695 0.528109 0.319151 0.137556
0.216058 0.111359 0.305812 0.346734 0.235756 0.205497 0.572462 0.518507 0.302477 0.522633 0.275930 0.121901
0.219388 0.187361 0.297390 0.240030 0.204271 0.293887 0.527165 0.475706 0.142857 0.573951 0.260075 0.197964
0.323269 0.148773 0.316534 0.275868 0.241134 0.245313 0.498098 0.547102 0.283983 0.467581 0.106774 0.117290
0.221639 0.214747 0.317748 0.267084 0.273159 0.312039 0.561780 0.536547 0.206330 0.491150 0.175812 0.095146
0.222069 0.242167 0.156290 0.234585 0.245697 0.368560 0.527107 0.461227 0.234566 0.492369 0.163632 0.144344
0.183348 0.220819 0.414694 0.294030 0.162738 0.350253 0.462391 0.508872 0.372530 0.545508 0.268483 0.182583
0.222128 0.319904 0.354333 0.226134 0.173509 0.368960 0.600786 0.429565 0.272333 0.485966 0.183152 0.179030
0.206513 0.149024 0.229427 0.281297 0.195928 0.292482 0.566902 0.470063 0.347315 0.525116 0.307029 0.175786
0.196371 0.165371 0.232445 0.357194 0.268303 0.228679 0.583995 0.582365 0.265129 0.529908 0.293781 0.159756
0.216448 0.228600 0.270221 0.216749 0.184064 0.260889 0.508476 0.521243 0.272891 0.538882 0.255542 0.182027
0.232827 0.273662 0.378612 0.248056 0.167240 0.259828 0.555266 0.437138 0.315410 0.450293 0.269603 0.225380
0.253313 0.255091 0.305117 0.306750 0.201644 0.348817 0.586448 0.462819 0.261321 0.509722 0.231460 0.279562
0.247365 0.091137 0.284771 0.123890 0.225212 0.384285 0.574429 0.526210 0.455891 0.488421 0.238168 0.078276
0.222881 0.186007 0.327155 0.312797 0.314850 0.289001 0.521071 0.464426 0.238832 0.442352 0.353338 0.196536
0.250299 0.160060 0.274507 0.284087 0.302945 0.319437 0.550648 0.489222 0.265037 0.538728 0.279199 0.209083
0.169956 0.253457 0.273250 0.254951 0.187487 0.325843 0.532696 0.445870 0.309992 0.597914 0.191653 0.151379
0.264567 0.134339 0.345974 0.195190 0.183870 0.242057 0.559665 0.485354 0.284180 0.546214 0.290089 0.200176
0.207568 0.203616 0.270734 0.309219 0.107484 0.394133 0.514490 0.521176 0.301594 0.480970 0.225473 0.080860
0.370286 0.231045 0.225464 0.256116 0.152923 0.298538 0.539818 0.511536 0.268645 0.540069 0.295358 0.215391
0.229618 0.185169 0.240984 0.295350 0.242202 0.306030 0.583044 0.483608 0.230313 0.514710 0.169434 0.173339
0.254140 0.197213 0.258883 0.294696 0.184647 0.341355 0.597997 0.505006 0.346784 0.532006 0.227070 0.183638
0.239963 0.182899 0.265392 0.301908 0.115728 0.279490 0.569254 0.504627 0.228499 0.464985 0.250456 0.198285
0.081449 0.167440 0.303467 0.144142 0.230217 0.250056 0.472549 0.476066 0.220592 0.542028 0.300532 0.257373
0.211610 0.193557 0.320714 0.248146 0.253777 0.244326 0.501853 0.531438 0.297694 0.561265 0.227912 0.173944
0.131712 0.216090 0.239774 0.207716 0.181166 0.294880 0.650699 0.443745 0.253321 0.476056 0.191258 0.219193
0.251668 0.189066 0.289936 0.350404 0.261907 0.335210 0.556672 0.504147 0.287678 0.527051 0.231631 0.134263
0.201355 0.182017 0.351522 0.232089 0.265520 0.318953 0.461213 0.541660 0.291467 0.453202 0.282093 0.146897
0.274719 0.250300 0.275017 0.263573 0.285824 0.253851 0.527687 0.497012 0.364095 0.635644 0.259228 0.076091
0.174596 0.208503 0.370016 0.193569 0.125217 0.376539 0.550832 0.469699 0.367241 0.578992 0.250920 0.171724
0.179578 0.162963 0.270858 0.278984 0.173731 0.344156 0.377132 0.460219 0.289863 0.470130 0.278994 0.168786
0.192445 0.277397 0.229430 0.327032 0.205803 0.250911 0.550650 0.538408 0.296404 0.525181 0.253834 0.229054
0.170908 0.316633 0.295895 0.146301 0.220350 0.372164 0.559247 0.490264 0.343680 0.568630 0.252217 0.225604
0.182003 0.214576 0.243952 0.354425 0.230027 0.302529 0.497351 0.474565 0.262821 0.524144 0.291115 0.122295
0.240052 0.245084 0.335965 0.256537 0.158814 0.294073 0.510931 0.488638 0.340951 0.574882 0.283175 0.168462
0.139993 0.157864 0.290924 0.300966 0.162356 0.286770 0.627267 0.468943 0.312031 0.525589 0.237239 0.206124
0.212247 0.215620 0.351967 0.377073 0.135283 0.369979 0.537209 0.526761 0.323082 0.467765 0.193021 0.207553
0.236265 0.222588 0.291321 0.184709 0.140764 0.381240 0.466006 0.387406 0.404622 0.519652 0.239269 0.205544
0.177288 0.160367 0.360978 0.294357 0.203932 0.268935 0.569668 0.457123 0.289635 0.508950 0.275584 0.136466
0.097698 0.231404 0.391503 0.284725 0.181525 0.189683 0.599327 0.517807 0.303172 0.543469 0.299583 0.233197
0.140725 0.118743 0.246000 0.313515 0.233779 0.336083 0.644443 0.476675 0.321450 0.409497 0.237256 0.226672
0.135830 0.166037 0.251078 0.198659 0.238517 0.284397 0.555897 0.528611 0.245672 0.589251 0.323646 0.180157
0.178276 0.242460 0.348045 0.237915 0.138489 0.311852 0.524099 0.518570 0.287637 0.397335 0.224089 0.163221
0.156777 0.160578 0.207307 0.291835 0.223234 0.314247 0.598426 0.521838 0.314550 0.577319 0.302218 0.169723
0.220667 0.191429 0.350855 0.307868 0.152870 0.335564 0.452958 0.588444 0.242656 0.555505 0.265101 0.220245
0.184357 0.238134 0.313128 0.407319 0.145252 0.340525 0.559647 0.398140 0.200240 0.489948 0.283567 0.129928
0.227804 0.210460 0.277456 0.259778 0.203989 0.374167 0.475066 0.498039 0.238490 0.573431 0.271434 0.192893
0.220494 0.152349 0.239606 0.372983 0.209752 0.388813 0.570454 0.421855 0.298670 0.610456 0.206235 0.088506
0.248836 0.113485 0.256210 0.302303 0.258355 0.340078 0.543752 0.467105 0.325391 0.436803 0.267806 0.164383
0.205200 0.176803 0.263929 0.193701 0.199331 0.340119 0.561749 0.495093 0.293312 0.558979 0.346809 0.153868
0.259857 0.226254 0.257068 0.293336 0.222416 0.306260 0.509917 0.469124 0.226069 0.523961 0.221531 0.150500
0.253896 0.134303 0.242891 0.385918 0.196325 0.258413 0.538032 0.519805 0.280222 0.427647 0.335710 0.156010
0.249414 0.213215 0.346626 0.190482 0.150498 0.329904 0.549297 0.506089 0.221255 0.469527 0.292141 0.162561
0.223629 0.189326 0.258726 0.215876 0.103854 0.363291 0.590924 0.642554 0.230362 0.569158 0.262652 0.227137
0.166707 0.207239 0.259474 0.250717 0.207409 0.307370 0.559102 0.528765 0.308807 0.528045 0.261931 0.261185
0.207458 0.224362 0.191345 0.209909 0.257902 0.329554 0.499407 0.543144 0.232240 0.567183 0.272556 0.220823
0.131812 0.169138 0.398954 0.267805 0.183998 0.295129 0.610617 0.507225 0.353811 0.452723 0.281438 0.155268
0.230188 0.257648 0.375482 0.238912 0.188901 0.317348 0.488675 0.516986 0.377848 0.546481 0.381678 0.099508
0.189607 0.204340 0.313047 0.231939 0.197797 0.338281 0.516937 0.520757 0.305157 0.528907 0.275066 0.177721
0.208471 0.295515 0.245265 0.294401 0.191710 0.372720 0.564484 0.410098 0.275867 0.567310 0.196723 0.135236
0.127203 0.271639 0.296213 0.286146 0.160491 0.382840 0.498038 0.556626 0.336884 0.506768 0.277369 0.229009
0.249041 0.278116 0.305841 0.225920 0.177210 0.288759 0.567914 0.530466 0.291026 0.550433 0.191331 0.235059
0.223188 0.130590 0.264877 0.343927 0.163448 0.312677 0.538210 0.542411 0.285492 0.530195 0.305426 0.196383
0.243392 0.145886 0.399970 0.388310 0.176160 0.374815 0.548776 0.425246 0.357754 0.514236 0.265873 0.154129
0.168479 0.211966 0.352478 0.243738 0.193779 0.297315 0.536024 0.509891 0.305729 0.529374 0.271996 0.254934
0.164626 0.236267 0.357389 0.243617 0.165689 0.321108 0.528091 0.528936 0.350885 0.516285 0.158581 0.271585
0.215493 0.171666 0.329206 0.305379 0.197695 0.240159 0.556272 0.511132 0.223939 0.602623 0.289235 0.194623
0.223747 0.150282 0.245901 0.349078 0.130387 0.407044 0.507946 0.445833 0.298606 0.531866 0.256563 0.174778
0.271750 0.179836 0.260252 0.317793 0.200845 0.346832 0.506210 0.555691 0.302932 0.541296 0.241851 0.156582
0.226092 0.193807 0.275158 0.310685 0.212505 0.395709 0.493754 0.490027 0.267201 0.436233 0.126545 0.180378
0.169402 0.230254 0.386525 0.371672 0.208136 0.367753 0.536487 0.502893 0.207590 0.560453 0.215634 0.170158
0.143202 0.147201 0.332366 0.285374 0.202693 0.377475 0.585333 0.420558 0.339377 0.474821 0.183863 0.179305
0.174786 0.169746 0.338355 0.362263 0.227713 0.334338 0.547192 0.460405 0.358960 0.495480 0.322063 0.206712
0.140323 0.161554 0.235683 0.328117 0.160438 0.319246 0.594709 0.458401 0.235114 0.487703 0.353469 0.158763
0.196799 0.248460 0.343501 0.257754 0.128410 0.237431 0.495690 0.565765 0.249086 0.573274 0.280371 0.143107
0.141529 0.149470 0.280181 0.238223 0.187953 0.329606 0.505867 0.524330 0.274906 0.491557 0.317612 0.178461
0.248007 0.166923 0.291480 0.223746 0.161791 0.348263 0.550341 0.485541 0.303101 0.517605 0.365493 0.207139
0.085622 0.161478 0.321105 0.279470 0.214960 0.372173 0.523021 0.447662 0.223411 0.558509 0.278910 0.110159
0.202112 0.159712 0.372528 0.262979 0.261609 0.235095 0.564600 0.393203 0.295909 0.546108 0.293378 0.178026
0.214209 0.197090 0.215877 0.261679 0.226750 0.323355 0.531668 0.483165 0.303781 0.477020 0.243992 0.100962
0.076066 0.165774 0.356060 0.252106 0.123816 0.311073 0.504577 0.437702 0.241618 0.504168 0.228832 0.164924
0.194801 0.241817 0.319492 0.309183 0.191868 0.285673 0.491844 0.515404 0.232459 0.548769 0.232994 0.177841
0.245989 0.180436 0.238609 0.340742 0.203467 0.422597 0.529852 0.536044 0.243643 0.567192 0.197670 0.163260
0.115175 0.188913 0.286811 0.275783 0.214127 0.255735 0.568409 0.466052 0.341636 0.467323 0.214979 0.208198
0.181940 0.105799 0.324636 0.274720 0.178035 0.337791 0.574024 0.587446 0.237580 0.671252 0.259071 0.110527
0.264436 0.220348 0.296997 0.232485 0.265628 0.280760 0.548099 0.519504 0.353570 0.548495 0.292216 0.130832
0.241988 0.277314 0.317800 0.314435 0.212563 0.298863 0.547609 0.495891 0.279235 0.472779 0.278566 0.181022
0.210256 0.198700 0.331410 0.343888 0.110917 0.264881 0.456558 0.498949 0.311955 0.525153 0.300902 0.187203
0.195805 0.204685 0.439385 0.371938 0.172758 0.338459 0.540649 0.577227 0.343983 0.498708 0.153089 0.188060
0.150779 0.135057 0.314018 0.284046 0.261672 0.319237 0.565288 0.543317 0.332321 0.530493 0.236543 0.219237
0.223222 0.172692 0.313724 0.271783 0.180785 0.304253 0.586420 0.521401 0.304209 0.523726 0.215885 0.119934
0.247176 0.234795 0.339613 0.206704 0.200878 0.366167 0.513221 0.535916 0.231639 0.537862 0.263555 0.051871
0.142244 0.206908 0.338796 0.326572 0.163847 0.294744 0.567089 0.455581 0.301387 0.521918 0.231796 0.169732
0.175596 0.144716 0.336030 0.291518 0.148448 0.312372 0.558995 0.583598 0.368734 0.506176 0.150134 0.116432
0.194505 0.146646 0.371973 0.247421 0.170009 0.284279 0.492036 0.585528 0.254136 0.541907 0.206671 0.246867
0.203155 0.187704 0.338767 0.225009 0.122817 0.276903 0.514206 0.517302 0.255949 0.496756 0.189374 0.191350
0.220775 0.245395 0.227712 0.252333 0.157532 0.317017 0.538721 0.540551 0.343225 0.437070 0.248476 0.143742
0.186043 0.256546 0.388413 0.305157 0.142078 0.371280 0.504516 0.489912 0.286476 0.608233 0.323911 0.177409
0.207792 0.115065 0.269955 0.243169 0.273646 0.319511 0.447234 0.460173 0.223235 0.507949 0.257873 0.106775
0.086259 0.231093 0.318162 0.299907 0.241033 0.384261 0.567531 0.543765 0.221777 0.489928 0.138587 0.107445
0.154893 0.218145 0.343586 0.388695 0.168901 0.294499 0.533445 0.520204 0.306586 0.528475 0.277259 0.278337
0.131858 0.136077 0.239507 0.295751 0.171102 0.318050 0.536528 0.558250 0.316989 0.443220 0.241691 0.163049
0.242390 0.276947 0.273353 0.213628 0.211813 0.374524 0.516708 0.456863 0.283583 0.508172 0.282929 0.123954
0.346308 0.160937 0.257912 0.273317 0.277251 0.373169 0.566744 0.419261 0.304549 0.499557 0.318351 0.148368
0.188815 0.109889 0.323398 0.238614 0.117965 0.347948 0.583978 0.519771 0.261608 0.557887 0.224507 0.199071
0.169241 0.196924 0.280946 0.278211 0.193124 0.254666 0.519593 0.447054 0.264024 0.561453 0.240833 0.167908
0.220865 0.280646 0.305954 0.285052 0.189998 0.347250 0.622127 0.647706 0.313529 0.525968 0.203313 0.151020
0.348577 0.182244 0.390711 0.284205 0.198515 0.375786 0.543514 0.499470 0.369446 0.473772 0.305313 0.134140
0.245607 0.241828 0.391888 0.319085 0.271320 0.248095 0.570520 0.539273 0.225724 0.510504 0.303502 0.183413
0.148537 0.039073 0.296818 0.167701 0.240690 0.253185 0.580133 0.461968 0.355776 0.567552 0.253200 0.122029
0.123447 0.207330 0.357247 0.323837 0.139002 0.307144 0.510324 0.504653 0.295149 0.488515 0.195479 0.194059
0.170427 0.149144 0.285103 0.232268 0.250072 0.339113 0.624699 0.451785 0.234404 0.510639 0.316680 0.143959
0.153921 0.223382 0.229099 0.276185 0.202436 0.414348 0.504544 0.478258 0.323612 0.545426 0.215694 0.148541
0.193429 0.221214 0.310714 0.259176 0.210772 0.367612 0.494901 0.577809 0.253345 0.479714 0.139035 0.124826
0.228003 0.186443 0.334326 0.207839 0.226999 0.281268 0.496240 0.513825 0.350238 0.528720 0.228745 0.190811
0.233919 0.160303 0.374149 0.272557 0.291114 0.244603 0.581724 0.552860 0.296697 0.555098 0.324945 0.161308
0.209135 0.264758 0.291558 0.281725 0.111815 0.326743 0.612705 0.471769 0.289643 0.548150 0.261640 0.107183
0.241445 0.267125 0.374454 0.240804 0.073204 0.449158 0.537741 0.478621 0.257957 0.485440 0.267770 0.167338
0.162052 0.234274 0.313695 0.200828 0.234998 0.435829 0.557430 0.596822 0.212485 0.440152 0.342622 0.134367
0.186452 0.189229 0.315408 0.264741 0.285450 0.267785 0.576610 0.470064 0.279771 0.614709 0.317073 0.023509
0.228071 0.194704 0.340574 0.223490 0.199312 0.374850 0.555216 0.524132 0.292480 0.549652 0.303743 0.144645
0.230996 0.206132 0.237985 0.277244 0.223635 0.248594 0.559811 0.479499 0.253877 0.504857 0.199013 0.248455
0.160516 0.101885 0.385881 0.226842 0.224285 0.367888 0.532899 0.533490 0.229967 0.524218 0.274957 0.245703
0.254891 0.193612 0.303055 0.204413 0.173256 0.343215 0.530068 0.423492 0.243129 0.507891 0.211076 0.176681
0.241774 0.150509 0.348609 0.400037 0.097473 0.368913 0.518741 0.441766 0.336722 0.564735 0.197817 0.158959
0.147377 0.211748 0.329177 0.209155 0.181484 0.348901 0.532310 0.627448 0.247283 0.483871 0.200143 0.147228
0.180035 0.140391 0.268591 0.256042 0.184729 0.389047 0.575815 0.522256 0.211179 0.548630 0.298005 0.197625
0.156445 0.283541 0.315585 0.339964 0.211201 0.263007 0.460005 0.492152 0.244348 0.573580 0.255075 0.140039
0.133981 0.280013 0.239841 0.277603 0.103282 0.352689 0.581993 0.511815 0.341839 0.589512 0.276861 0.197919
0.183697 0.130777 0.302801 0.340341 0.140518 0.349491 0.451277 0.462031 0.234638 0.456895 0.211972 0.253412
0.251101 0.088228 0.304342 0.217790 0.208894 0.438922 0.576863 0.516374 0.296920 0.511394 0.305403 0.122217
0.264432 0.136189 0.278551 0.291540 0.212351 0.251788 0.610253 0.327829 0.340803 0.565252 0.426449 0.197175
0.130850 0.269314 0.325655 0.243059 0.109141 0.447426 0.499775 0.533100 0.270016 0.530187 0.295392 0.252358
0.189698 0.205150 0.200699 0.285534 0.120537 0.296527 0.522792 0.552381 0.203758 0.516185 0.327089 0.196281
0.161744 0.192533 0.256510 0.192437 0.183968 0.282476 0.535507 0.526542 0.386721 0.564180 0.253195 0.202190
0.179304 0.197435 0.408930 0.322879 0.226447 0.326809 0.523644 0.502880 0.309518 0.578883 0.253013 0.289146
0.187511 0.208701 0.279603 0.327510 0.161656 0.367017 0.527709 0.549154 0.220914 0.490337 0.171186 0.238966
0.156612 0.176287 0.238469 0.216467 0.162772 0.335284 0.507595 0.548882 0.254881 0.469564 0.294714 0.144909
0.072257 0.177364 0.315092 0.276240 0.185591 0.369673 0.456779 0.583057 0.306028 0.496188 0.217128 0.159460
0.186560 0.222669 0.323766 0.279704 0.252801 0.141209 0.541775 0.487571 0.233336 0.593075 0.280113 0.187650
0.161673 0.271183 0.269249 0.194706 0.133550 0.426092 0.446661 0.599317 0.169490 0.580559 0.305218 0.183957
0.277271 0.199663 0.346528 0.310796 0.261025 0.245815 0.556439 0.488917 0.176269 0.453028 0.311961 0.154836
0.167599 0.210904 0.327018 0.328163 0.133527 0.325487 0.452991 0.486312 0.319643 0.442312 0.239439 0.147450
0.196129 0.193447 0.296976 0.296400 0.208012 0.266446 0.512636 0.481828 0.284512 0.471223 0.286316 0.158979
0.191322 0.237360 0.238370 0.180135 0.236915 0.237359 0.554107 0.541508 0.325050 0.516130 0.178399 0.181898
0.197797 0.189456 0.280114 0.243478 0.218207 0.383841 0.578131 0.429010 0.289502 0.540424 0.239400 0.271623
0.184896 0.212468 0.217168 0.265393 0.184713 0.371156 0.564932 0.575857 0.298535 0.610997 0.298512 0.139562
0.293812 0.063785 0.323450 0.229419 0.203954 0.345646 0.547739 0.494576 0.182919 0.455346 0.263654 0.201668
0.247504 0.046059 0.278479 0.416659 0.300454 0.271315 0.461314 0.496472 0.298036 0.587569 0.255377 0.222578
0.212918 0.184336 0.316137 0.236241 0.189007 0.331480 0.630910 0.368376 0.236986 0.506142 0.265275 0.180236
0.228309 0.231711 0.236619 0.300342 0.179338 0.288482 0.546564 0.460827 0.239041 0.496879 0.345097 0.194793
0.175998 0.158328 0.191616 0.250698 0.227030 0.344568 0.466366 0.492972 0.319562 0.500302 0.268480 0.199420
0.190722 0.204153 0.238375 0.254172 0.155452 0.348413 0.569353 0.566888 0.308232 0.548796 0.337189 0.233061
0.258870 0.216405 0.296814 0.216550 0.177364 0.226310 0.552490 0.642783 0.201173 0.468837 0.221257 0.127333
0.162003 0.202404 0.301042 0.327465 0.229252 0.335215 0.553643 0.471185 0.250621 0.573399 0.258999 0.172076
0.192286 0.209543 0.266386 0.326102 0.131436 0.274641 0.643029 0.564382 0.288472 0.542092 0.310995 0.177272
0.233693 0.098271 0.243404 0.274619 0.121269 0.321725 0.558189 0.431829 0.335048 0.525852 0.233372 0.151744
0.206090 0.263116 0.313707 0.142806 0.276003 0.401842 0.528569 0.522556 0.248524 0.511411 0.200275 0.125076
0.171851 0.224950 0.290566 0.273570 0.095850 0.279818 0.522876 0.571153 0.360534 0.406792 0.243236 0.203686
0.249969 0.245146 0.324052 0.316028 0.238946 0.375236 0.573552 0.391282 0.331934 0.511519 0.243864 0.218754
0.176701 0.221917 0.237722 0.344201 0.181512 0.272108 0.564477 0.458296 0.267798 0.556259 0.217860 0.204516
0.208657 0.242889 0.324568 0.209512 0.138491 0.373605 0.577692 0.392088 0.317934 0.564032 0.263439 0.146109
0.209600 0.181521 0.316883 0.239117 0.245998 0.364383 0.448522 0.441025 0.290499 0.474852 0.206737 0.165492
0.250351 0.182782 0.312073 0.235069 0.175743 0.267721 0.499814 0.492812 0.257739 0.495441 0.243259 0.125131
0.247775 0.179084 0.306129 0.285948 0.239905 0.313910 0.495516 0.498495 0.278892 0.469612 0.237109 0.090979
0.179411 0.204268 0.340522 0.241950 0.222423 0.278393 0.551298 0.507329 0.377224 0.543297 0.254587 0.282625
0.297450 0.188778 0.276518 0.213564 0.219750 0.429795 0.541580 0.548577 0.194527 0.529651 0.294772 0.170799
0.291733 0.159352 0.290331 0.248606 0.230296 0.267117 0.513892 0.533034 0.348061 0.563198 0.310118 0.117471
0.276251 0.133138 0.284544 0.286431 0.265222 0.309442 0.545263 0.566007 0.310897 0.565280 0.242371 0.177398
0.259165 0.260257 0.315291 0.274644 0.245564 0.330362 0.493297 0.557344 0.247922 0.549095 0.323116 0.198695
0.215880 0.174372 0.337208 0.173337 0.148751 0.265223 0.560583 0.546503 0.366530 0.570765 0.140927 0.286801
0.236410 0.234075 0.303042 0.294393 0.208521 0.362745 0.484227 0.425712 0.255964 0.583193 0.289773 0.133829
0.145185 0.190672 0.304421 0.375741 0.124324 0.259676 0.566189 0.486119 0.241214 0.514529 0.322557 0.265666
0.151554 0.151655 0.300682 0.320276 0.214043 0.357444 0.504216 0.563959 0.249749 0.476221 0.360370 0.147894
0.182455 0.155105 0.353584 0.315284 0.267669 0.305460 0.516676 0.413535 0.310093 0.577629 0.246219 0.134884
0.142578 0.160954 0.320647 0.327772 0.274512 0.299004 0.556594 0.591023 0.260440 0.543114 0.270187 0.124901
0.164959 0.275503 0.330804 0.305670 0.132225 0.311069 0.498547 0.541788 0.278562 0.544188 0.206805 0.197306
0.187879 0.147747 0.252192 0.268855 0.121642 0.306919 0.551530 0.449948 0.291160 0.390438 0.165929 0.183603
0.200450 0.250596 0.237172 0.276686 0.187903 0.362122 0.537294 0.399203 0.318613 0.418780 0.321749 0.128299
0.185292 0.257078 0.379725 0.217646 0.159087 0.279342 0.598899 0.494992 0.327564 0.505345 0.290268 0.133969
0.254552 0.198424 0.277063 0.203516 0.157407 0.351671 0.552005 0.536311 0.283907 0.498931 0.335677 0.166569
0.109151 0.134781 0.314749 0.249976 0.186001 0.334222 0.521668 0.479893 0.284797 0.533213 0.215904 0.113841
0.221446 0.199819 0.258562 0.277219 0.182467 0.276070 0.639616 0.557538 0.244431 0.605789 0.165930 0.162960
0.215864 0.199088 0.229744 0.234857 0.146409 0.274531 0.529757 0.493666 0.233574 0.563295 0.278713 0.132453
0.258001 0.203334 0.347030 0.240535 0.184706 0.219720 0.528502 0.499711 0.316479 0.505949 0.112157 0.166674
0.270810 0.184715 0.231391 0.344294 0.181022 0.263321 0.560411 0.408618 0.252335 0.571376 0.332708 0.138611
0.113997 0.186154 0.262811 0.228404 0.120499 0.297019 0.723404 0.497672 0.315532 0.519613 0.254818 0.228719
0.224149 0.221508 0.295831 0.288488 0.212268 0.396238 0.539239 0.560891 0.339445 0.570656 0.234571 0.180433
0.268761 0.197382 0.335822 0.158001 0.152578 0.363279 0.545347 0.499494 0.323008 0.528889 0.214822 0.177362
0.208651 0.166641 0.357860 0.297279 0.122617 0.229293 0.588134 0.526688 0.295635 0.404504 0.223006 0.119483
0.176312 0.269424 0.329515 0.257345 0.178081 0.360693 0.515818 0.494990 0.240824 0.443447 0.327952 0.167977
0.230746 0.136555 0.273159 0.223413 0.227942 0.295279 0.525836 0.507167 0.307772 0.562125 0.267842 0.185664
0.151919 0.255046 0.317689 0.193278 0.219130 0.354758 0.552263 0.544994 0.288878 0.485598 0.342877 0.180269
0.151362 0.175324 0.232480 0.223612 0.213792 0.342750 0.581783 0.469298 0.241687 0.493623 0.256484 0.207872
0.111601 0.242063 0.318691 0.272756 0.158247 0.229858 0.534231 0.493504 0.258491 0.500304 0.312425 0.198794
0.212418 0.235357 0.242967 0.352333 0.326457 0.349269 0.558730 0.489832 0.250222 0.528155 0.229480 0.121742
0.280847 0.194069 0.281381 0.248763 0.112057 0.295119 0.508569 0.451846 0.329675 0.548625 0.240532 0.212013
0.202583 0.228044 0.320320 0.251671 0.232074 0.270614 0.501996 0.590653 0.320292 0.555476 0.282186 0.228072
0.157757 0.203392 0.309500 0.299790 0.275289 0.306066 0.600162 0.524151 0.279331 0.571516 0.280896 0.116736
0.223906 0.251152 0.242166 0.198388 0.185444 0.343163 0.573349 0.470385 0.352277 0.473774 0.260417 0.175495
0.236095 0.076045 0.334576 0.283539 0.174520 0.336402 0.483590 0.531389 0.165650 0.598561 0.239717 0.207591
0.259334 0.102401 0.225321 0.245009 0.183725 0.251635 0.496632 0.457244 0.332472 0.438078 0.288227 0.176634
0.204962 0.197468 0.292758 0.297611 0.115252 0.280395 0.531502 0.444482 0.277558 0.514711 0.282356 0.174373
0.215050 0.101926 0.289703 0.415427 0.245093 0.348164 0.571622 0.484752 0.341842 0.577607 0.241797 0.195537
0.248064 0.145759 0.251339 0.327877 0.168563 0.403898 0.538162 0.481160 0.258876 0.454098 0.179387 0.191005
0.258285 0.143065 0.404620 0.278801 0.219579 0.371714 0.578621 0.591128 0.286841 0.492213 0.270010 0.205660
0.248899 0.205052 0.224816 0.290959 0.242713 0.319471 0.537462 0.572781 0.187007 0.562466 0.228329 0.213993
0.188782 0.119572 0.217066 0.272524 0.205655 0.353520 0.600648 0.463095 0.319546 0.489175 0.266280 0.185285
0.117592 0.184121 0.334361 0.293028 0.230965 0.361398 0.527546 0.444109 0.359020 0.523452 0.257255 0.207983
0.199633 0.115610 0.322380 0.256044 0.178106 0.344080 0.621164 0.517879 0.342374 0.512596 0.225164 0.200311
0.185283 0.145026 0.273809 0.395160 0.199480 0.378619 0.566604 0.589903 0.297487 0.453874 0.239954 0.114024
0.190431 0.237405 0.249648 0.217130 0.188416 0.370431 0.549511 0.472952 0.254990 0.537476 0.314921 0.185324
0.105937 0.262950 0.247433 0.333976 0.099031 0.247089 0.523023 0.490841 0.375688 0.541594 0.323569 0.176925
0.246334 0.221080 0.313203 0.366317 0.151582 0.326155 0.512015 0.483365 0.348739 0.487475 0.292406 0.229534
0.091445 0.206796 0.281989 0.333804 0.143163 0.249996 0.598497 0.468244 0.215243 0.492443 0.231431 0.182091
0.233261 0.288694 0.270191 0.291297 0.088854 0.274000 0.544589 0.505292 0.218892 0.581865 0.282704 0.124120
0.217701 0.165384 0.248025 0.249012 0.306569 0.343342 0.562014 0.443223 0.339017 0.473108 0.241310 0.197518
0.190790 0.226358 0.263008 0.192769 0.127929 0.353426 0.533391 0.459923 0.266103 0.570707 0.342551 0.221821
0.203396 0.173483 0.314412 0.311908 0.210199 0.323514 0.465425 0.558277 0.232301 0.496140 0.361498 0.219823
0.194121 0.194521 0.292610 0.199005 0.216392 0.343502 0.502134 0.491228 0.176219 0.557044 0.200865 0.101700
0.154598 0.182555 0.274803 0.122915 0.237659 0.317157 0.543298 0.462160 0.299212 0.550692 0.259774 0.179658
0.201063 0.188428 0.236838 0.235431 0.187540 0.336805 0.621251 0.464942 0.201468 0.501637 0.305897 0.111535
0.192557 0.122424 0.261690 0.326505 0.217722 0.242177 0.573601 0.433463 0.281665 0.585809 0.265567 0.141042
0.215371 0.281384 0.285525 0.335440 0.194489 0.415248 0.566781 0.537659 0.269433 0.523456 0.254515 0.119422
0.159569 0.185659 0.369851 0.217830 0.258017 0.247113 0.507703 0.478204 0.262870 0.502865 0.215543 0.220963
0.204786 0.164355 0.299170 0.264213 0.252697 0.238483 0.527501 0.462289 0.249495 0.575967 0.189886 0.235421
0.242331 0.181446 0.300081 0.186066 0.182500 0.312303 0.583259 0.490127 0.295304 0.499384 0.302185 0.117182
0.161969 0.266541 0.233774 0.257088 0.181039 0.374855 0.546846 0.478375 0.279656 0.513650 0.311190 0.240541
0.208287 0.180541 0.378947 0.210281 0.237546 0.347426 0.433360 0.434681 0.288665 0.547314 0.314145 0.277943
0.213673 0.170387 0.330663 0.262057 0.213666 0.393169 0.449044 0.513275 0.230843 0.569020 0.266407 0.254540
0.277127 0.238650 0.275188 0.185158 0.211075 0.323119 0.525185 0.512527 0.175627 0.536773 0.298662 0.184304
0.225494 0.260381 0.315410 0.242978 0.266031 0.271414 0.591119 0.469740 0.381966 0.461064 0.270389 0.159064
0.244467 0.191504 0.264667 0.236815 0.159977 0.271008 0.464366 0.550335 0.263758 0.416568 0.235162 0.218069
0.247116 0.214126 0.209387 0.266560 0.195670 0.352382 0.602831 0.475339 0.302891 0.534605 0.262209 0.159734
0.216500 0.195474 0.189880 0.255812 0.117705 0.333989 0.488190 0.526538 0.324936 0.520768 0.294574 0.207900
0.217905 0.252305 0.301962 0.296131 0.065665 0.412651 0.577689 0.442823 0.207632 0.524116 0.412056 0.122114
0.230416 0.187053 0.344598 0.181830 0.190441 0.381537 0.478847 0.534139 0.257238 0.514353 0.256001 0.173669
0.235609 0.139723 0.345727 0.322575 0.223137 0.330664 0.550391 0.497890 0.305558 0.551635 0.228038 0.182633
0.180822 0.210903 0.285270 0.320463 0.162614 0.249916 0.556658 0.345540 0.266054 0.564626 0.327893 0.240628
0.234636 0.224237 0.265073 0.271043 0.196523 0.270755 0.478361 0.498227 0.254991 0.534763 0.229997 0.161360
0.190723 0.144992 0.300366 0.216160 0.207272 0.329141 0.602020 0.454028 0.296273 0.521912 0.275911 0.119549
0.210734 0.312911 0.357748 0.222295 0.325810 0.324573 0.542721 0.448556 0.216911 0.487986 0.301203 0.211058
0.233425 0.101635 0.357045 0.255915 0.163549 0.298874 0.600806 0.440770 0.243702 0.457731 0.302925 0.167873
0.143705 0.165356 0.216637 0.244949 0.211291 0.268435 0.568157 0.581887 0.175406 0.527686 0.245600 0.207434
0.256714 0.216423 0.164563 0.254172 0.214816 0.332340 0.484378 0.530706 0.212329 0.538395 0.229768 0.213773
0.227517 0.174950 0.257983 0.286554 0.171437 0.336530 0.576448 0.556745 0.233088 0.473377 0.285717 0.100158
0.185174 0.171948 0.239744 0.171391 0.264678 0.373750 0.558131 0.574521 0.262303 0.446461 0.220703 0.152082
0.194770 0.167973 0.255638 0.295298 0.235657 0.333995 0.544400 0.481101 0.296797 0.485366 0.332234 0.244195
0.131789 0.203896 0.305821 0.226332 0.166390 0.259372 0.517225 0.471423 0.165092 0.539997 0.264438 0.188528
0.206719 0.229490 0.234995 0.212430 0.170175 0.319288 0.552050 0.479395 0.279492 0.410940 0.208243 0.256221
0.194849 0.215775 0.268964 0.330793 0.222376 0.409487 0.567938 0.565071 0.294928 0.589502 0.260452 0.143659
0.131868 0.124683 0.372880 0.197638 0.197867 0.241855 0.507255 0.500168 0.315192 0.502337 0.212349 0.254021
0.179221 0.131069 0.250377 0.203875 0.139996 0.313456 0.531674 0.431050 0.214056 0.587720 0.245123 0.175090
0.163599 0.209505 0.268732 0.326006 0.138002 0.254371 0.582349 0.508058 0.256547 0.613140 0.253856 0.157472
0.229528 0.163929 0.227340 0.318322 0.200276 0.339936 0.481387 0.445675 0.299670 0.554371 0.286184 0.204640
0.244604 0.115688 0.350027 0.309414 0.286239 0.321237 0.586431 0.536137 0.321924 0.584303 0.273086 0.183138
0.121147 0.189006 0.335925 0.199693 0.215372 0.271281 0.494054 0.517043 0.329638 0.533014 0.273587 0.141367
0.150581 0.184264 0.265102 0.239841 0.131858 0.250986 0.530976 0.417303 0.256182 0.418607 0.323928 0.105919
0.231677 0.106142 0.259044 0.191280 0.175174 0.296826 0.562097 0.493346 0.201452 0.508426 0.318998 0.224054
0.163443 0.287712 0.394836 0.299475 0.160618 0.250807 0.598125 0.521424 0.275429 0.520874 0.255313 0.126535
0.224712 0.168775 0.205571 0.231224 0.237619 0.323044 0.602340 0.477056 0.248983 0.571551 0.383064 0.137864
0.202355 0.132602 0.303059 0.238886 0.202979 0.293901 0.534030 0.574169 0.331160 0.504297 0.255177 0.154429
0.161436 0.303052 0.229691 0.357553 0.246351 0.253544 0.599997 0.491192 0.190608 0.555783 0.278889 0.135561
0.284780 0.253043 0.259254 0.408245 0.136139 0.350999 0.492304 0.461651 0.405796 0.527068 0.264796 0.200861
0.241231 0.227733 0.314370 0.349232 0.305568 0.263850 0.615379 0.463659 0.232491 0.463993 0.229989 0.167915
0.201513 0.274274 0.327706 0.153582 0.197714 0.289119 0.502867 0.506297 0.227783 0.559583 0.330592 0.149306
0.218340 0.185594 0.269411 0.309841 0.197522 0.354922 0.534989 0.521827 0.343448 0.489221 0.243648 0.158943
0.151227 0.246549 0.228309 0.268219 0.201546 0.321558 0.571598 0.469392 0.312552 0.578396 0.262599 0.122472
0.302865 0.201660 0.250977 0.232874 0.153941 0.321955 0.536252 0.456696 0.224624 0.556238 0.295619 0.241843
0.296020 0.219030 0.274782 0.269998 0.119558 0.344071 0.553502 0.512237 0.326012 0.516933 0.315497 0.169669
0.207785 0.236258 0.367008 0.255411 0.251067 0.205722 0.554096 0.559452 0.242021 0.505282 0.358181 0.152705
0.222907 0.188347 0.289227 0.229207 0.244267 0.287416 0.529851 0.563173 0.253859 0.573921 0.324893 0.138177
0.220501 0.228672 0.245762 0.216543 0.208691 0.231022 0.451939 0.566904 0.245955 0.490864 0.234967 0.181309
0.221181 0.188899 0.333810 0.238833 0.169463 0.345758 0.546621 0.499237 0.358649 0.503114 0.174196 0.228683
0.215398 0.146063 0.291659 0.324827 0.241688 0.329224 0.554621 0.521976 0.275361 0.567259 0.253482 0.058386
0.189293 0.223415 0.238683 0.314706 0.184583 0.272188 0.565192 0.417168 0.301823 0.479787 0.324075 0.150597
0.140149 0.222812 0.364605 0.280863 0.184704 0.310486 0.564925 0.471864 0.292119 0.528932 0.243125 0.187180
0.221184 0.151740 0.218544 0.176150 0.196738 0.364810 0.539906 0.481462 0.288186 0.515209 0.227022 0.152721
0.182636 0.139958 0.315813 0.291267 0.116474 0.298055 0.489074 0.477166 0.392046 0.503681 0.306782 0.148703
0.202336 0.169831 0.315783 0.270369 0.107316 0.309143 0.559380 0.490777 0.244547 0.609862 0.305768 0.174738
0.227749 0.231173 0.349850 0.267066 0.087053 0.358142 0.462474 0.515499 0.293338 0.501257 0.217014 0.161073
0.231546 0.309269 0.337849 0.312450 0.217937 0.284161 0.496374 0.516078 0.269561 0.615161 0.205861 0.172429
0.203513 0.241951 0.322905 0.322790 0.178992 0.276387 0.570278 0.428846 0.252843 0.483307 0.256024 0.141604
0.134662 0.186514 0.317268 0.224020 0.258346 0.273096 0.479591 0.478258 0.319364 0.590583 0.241916 0.213891
0.218009 0.163123 0.259474 0.314124 0.136750 0.358868 0.630800 0.416944 0.219095 0.558239 0.235395 0.067613
0.170091 0.083092 0.278078 0.306217 0.155024 0.323894 0.483452 0.452591 0.292217 0.530384 0.270409 0.112805
0.237229 0.100130 0.357886 0.284870 0.143861 0.306902 0.494956 0.396955 0.239576 0.462282 0.222338 0.227140
0.156701 0.203753 0.356529 0.223666 0.275009 0.270519 0.507872 0.555734 0.264249 0.434600 0.353919 0.228342
0.254221 0.232675 0.246774 0.257076 0.140456 0.372197 0.564745 0.575369 0.345177 0.588665 0.317546 0.141743
0.196409 0.255922 0.294035 0.268081 0.219267 0.324801 0.542919 0.518263 0.320212 0.400972 0.244117 0.142120
0.161317 0.241304 0.228937 0.266626 0.251874 0.339243 0.520296 0.509765 0.198556 0.418680 0.285070 0.237148
0.219033 0.192463 0.362594 0.322590 0.210997 0.263633 0.544498 0.505208 0.310711 0.465812 0.151122 0.202799
0.269340 0.165761 0.387089 0.187604 0.251841 0.285431 0.534853 0.558689 0.246850 0.511166 0.333978 0.199145
0.221725 0.201188 0.222010 0.301989 0.197440 0.316026 0.545459 0.525280 0.314297 0.600266 0.128878 0.170595
0.182551 0.175765 0.332065 0.225049 0.169826 0.342636 0.653059 0.445817 0.346177 0.395836 0.236779 0.211469
0.278369 0.178120 0.210121 0.201776 0.185683 0.302368 0.599736 0.451149 0.290912 0.616999 0.237464 0.149242
0.271547 0.140648 0.361934 0.255173 0.231290 0.336855 0.510567 0.607998 0.255086 0.509842 0.205745 0.220807
0.212653 0.185908 0.256837 0.285212 0.152481 0.330991 0.603287 0.546875 0.258024 0.553662 0.283190 0.058640
0.193398 0.230658 0.291905 0.258038 0.163140 0.328013 0.559126 0.501368 0.260527 0.584936 0.176473 0.218020
0.159311 0.256725 0.311466 0.269924 0.176269 0.210824 0.527087 0.475273 0.354918 0.555399 0.251301 0.180263
0.204697 0.123732 0.335731 0.263519 0.168810 0.377620 0.533601 0.450352 0.352442 0.571163 0.297575 0.178385
0.240507 0.230664 0.294492 0.198714 0.079995 0.288125 0.426068 0.460590 0.298622 0.582116 0.253943 0.072185
0.188308 0.170452 0.307244 0.267993 0.165933 0.268756 0.573802 0.530123 0.265526 0.418591 0.299843 0.145679
0.231376 0.211769 0.240806 0.189824 0.228974 0.322008 0.515840 0.502248 0.202080 0.533453 0.247621 0.157718
0.294156 0.123045 0.336341 0.302154 0.180520 0.356499 0.557698 0.480756 0.252733 0.535815 0.230139 0.192831
0.199350 0.216277 0.293155 0.257793 0.175097 0.276078 0.520091 0.490733 0.325239 0.499166 0.217465 0.232234
0.202170 0.218037 0.384864 0.221357 0.253330 0.205820 0.500189 0.611856 0.232660 0.528471 0.274490 0.164236
0.224667 0.213086 0.356286 0.275296 0.191338 0.266457 0.588976 0.537266 0.209908 0.432894 0.314269 0.253406
0.167614 0.158294 0.339067 0.191822 0.138239 0.302311 0.553391 0.548985 0.259193 0.505086 0.303645 0.221076
0.218890 0.213716 0.318642 0.262939 0.188454 0.385494 0.593131 0.489444 0.316477 0.452135 0.213916 0.245696
0.173028 0.201272 0.323494 0.272865 0.140373 0.307419 0.620080 0.416522 0.257399 0.552160 0.285061 0.122680
0.189311 0.137646 0.211798 0.208008 0.164897 0.255776 0.554425 0.459321 0.303454 0.434781 0.272205 0.117367
0.196435 0.219187 0.281888 0.317631 0.191395 0.445488 0.549101 0.570041 0.217301 0.553239 0.322306 0.134489
0.219688 0.107339 0.436977 0.201962 0.165109 0.300749 0.577890 0.567095 0.321453 0.504340 0.344024 0.137860
0.256826 0.149879 0.323259 0.344190 0.126266 0.382363 0.591690 0.442403 0.273870 0.565170 0.189747 0.155921
0.217462 0.258658 0.343470 0.265681 0.271233 0.226317 0.562856 0.490489 0.254154 0.544557 0.289048 0.137867
0.281721 0.163857 0.188487 0.250929 0.194737 0.350150 0.473940 0.479123 0.325058 0.541450 0.260520 0.044513
0.141814 0.195817 0.303126 0.371040 0.200213 0.360104 0.444073 0.473015 0.240791 0.480171 0.262145 0.262732
0.214024 0.116011 0.278423 0.228469 0.226609 0.359748 0.544145 0.440737 0.192856 0.560773 0.353082 0.193423
0.238805 0.125368 0.307963 0.351823 0.227845 0.366226 0.589653 0.558146 0.243853 0.480948 0.306247 0.173061
0.190788 0.224192 0.239176 0.346260 0.118305 0.361872 0.584061 0.571311 0.378480 0.497730 0.298916 0.160020
0.183777 0.146736 0.299643 0.299861 0.196645 0.348213 0.542919 0.511667 0.223707 0.481975 0.216830 0.142013
0.267099 0.153181 0.312003 0.313964 0.202847 0.263437 0.554083 0.548292 0.266484 0.530859 0.260487 0.132734
0.237041 0.181078 0.353889 0.244542 0.140203 0.356591 0.515303 0.605722 0.247838 0.517375 0.296679 0.170019
0.263339 0.148684 0.366427 0.246178 0.139442 0.348914 0.613414 0.521815 0.302026 0.555125 0.248473 0.200176
0.288060 0.255553 0.255067 0.233373 0.217124 0.309890 0.506948 0.586789 0.256842 0.554001 0.222351 0.194026
0.196354 0.149228 0.312552 0.273906 0.266822 0.338962 0.555292 0.473472 0.244314 0.469612 0.266943 0.137749
0.204174 0.189767 0.380962 0.333857 0.261752 0.339560 0.559363 0.484931 0.248292 0.530310 0.340396 0.191276
0.120260 0.225139 0.285111 0.212978 0.181911 0.243922 0.636464 0.518870 0.279322 0.406271 0.261589 0.162085
0.194551 0.210627 0.226397 0.250198 0.187551 0.381574 0.535415 0.516300 0.298711 0.536293 0.229486 0.148137
0.990159 0.548033 0.847744 0.568504 0.035840 0.698508 0.195130 0.721305 0.518044 0.378157 0.729731 0.696491
0.950846 0.523603 0.967148 0.655729 0.175114 0.618839 0.221093 0.851295 0.488870 0.451728 0.796757 0.658550
0.986139 0.525230 0.879778 0.694770 0.233188 0.597145 0.249364 0.785348 0.504692 0.252565 0.849620 0.676527
1.004225 0.472521 0.830308 0.692992 0.208458 0.618097 0.276340 0.707160 0.575629 0.295139 0.855574 0.617971
0.920716 0.554213 0.911639 0.675656 0.191787 0.671746 0.195306 0.713254 0.568542 0.317624 0.744173 0.666618
1.037725 0.533451 1.009808 0.695051 0.146705 0.571054 0.195410 0.705954 0.559406 0.363591 0.823151 0.770614
1.013293 0.493620 0.919094 0.675976 0.181905 0.661412 0.235628 0.733029 0.517949 0.357387 0.785467 0.700762
0.904650 0.582275 0.933229 0.589238 0.261913 0.590262 0.259676 0.813327 0.519404 0.449059 0.825509 0.632973
0.909057 0.556088 0.874343 0.628657 0.173862 0.690915 0.193634 0.717109 0.506268 0.356832 0.765469 0.667018
0.911566 0.504363 0.907562 0.616825 0.217400 0.734695 0.187740 0.723555 0.510108 0.393772 0.868796 0.675548
0.979419 0.569557 0.891978 0.678786 0.186037 0.632759 0.180300 0.732178 0.435498 0.325928 0.822656 0.673171
1.019619 0.538426 0.914744 0.764237 0.142848 0.545314 0.205042 0.651092 0.450667 0.328532 0.807778 0.661244
0.982008 0.391464 0.943058 0.632240 0.167594 0.601028 0.118827 0.651197 0.505137 0.379809 0.849520 0.648192
0.955719 0.612480 0.876402 0.714165 0.178425 0.563416 0.218417 0.709263 0.511187 0.393302 0.899532 0.662916
0.989815 0.498332 0.889277 0.651698 0.319683 0.659546 0.277854 0.791805 0.426805 0.275633 0.838423 0.740276
1.039444 0.514375 0.862198 0.732924 0.117056 0.640211 0.277734 0.692403 0.460734 0.309420 0.790323 0.646729
0.955179 0.637536 0.900964 0.648176 0.202735 0.594566 0.200136 0.739831 0.520844 0.348128 0.826946 0.743096
1.036796 0.532962 0.949952 0.588277 0.173617 0.635278 0.253129 0.707160 0.516325 0.436061 0.834200 0.669191
0.987929 0.550354 0.832986 0.644991 0.189852 0.642070 0.229955 0.693664 0.481581 0.325524 0.741914 0.701981
0.930190 0.523223 0.892155 0.743559 0.168184 0.605385 0.235965 0.827215 0.539006 0.359292 0.764727 0.731870
0.974135 0.506749 0.840273 0.717120 0.176978 0.596785 0.304298 0.609901 0.463624 0.345167 0.770817 0.691810
0.991519 0.655031 0.888494 0.700112 0.247233 0.650250 0.232617 0.753038 0.564863 0.344495 0.787507 0.780448
1.049451 0.507982 0.845556 0.610097 0.159317 0.656814 0.221219 0.682775 0.575585 0.344806 0.833743 0.693461
0.966289 0.524818 0.925297 0.703079 0.094110 0.597113 0.183171 0.683820 0.583045 0.389050 0.808429 0.664560
0.904764 0.517523 0.842076 0.757606 0.183463 0.571861 0.188371 0.684334 0.568653 0.306449 0.829375 0.608687
0.940302 0.506075 0.864766 0.603226 0.235267 0.540627 0.186817 0.738695 0.461614 0.339058 0.788525 0.627716
0.977413 0.506056 0.885058 0.702745 0.180210 0.594009 0.244531 0.714497 0.521157 0.297298 0.904563 0.714558
0.964065 0.572817 0.881672 0.652039 0.175486 0.629766 0.221729 0.712094 0.531860 0.369720 0.827198 0.573899
0.981528 0.541307 0.805036 0.645689 0.133570 0.534281 0.205430 0.626600 0.533061 0.440841 0.779021 0.588877
1.027313 0.563215 0.825507 0.711893 0.188540 0.566125 0.170793 0.689889 0.574905 0.356846 0.785608 0.680388
0.986824 0.587128 0.898588 0.668620 0.183646 0.561680 0.202843 0.642638 0.605831 0.288111 0.812988 0.610225
0.979824 0.597605 0.893584 0.745079 0.272657 0.633179 0.262641 0.681076 0.602546 0.338580 0.773554 0.795326
1.009583 0.507493 0.877098 0.761654 0.208677 0.653698 0.198529 0.684432 0.444141 0.262313 0.857521 0.674808
1.025211 0.558829 0.933483 0.707806 0.132114 0.602847 0.176600 0.692174 0.540074 0.412877 0.762731 0.698439
0.879513 0.542218 0.930021 0.736134 0.255873 0.668061 0.219413 0.747263 0.493803 0.424283 0.843432 0.715985
0.930806 0.567859 0.855942 0.622316 0.212428 0.518565 0.189313 0.716841 0.457645 0.340252 0.843545 0.633931
0.978966 0.426343 0.888694 0.745744 0.273293 0.504853 0.281246 0.762346 0.553600 0.385358 0.861892 0.642629
0.982868 0.535248 0.858145 0.610321 0.216125 0.558697 0.268543 0.778079 0.546619 0.376351 0.878571 0.657255
0.993478 0.522934 0.931254 0.646228 0.204783 0.592445 0.185072 0.719672 0.549792 0.346496 0.865928 0.710356
0.915815 0.613470 0.860555 0.659784 0.228231 0.608205 0.263516 0.745645 0.468683 0.313408 0.742220 0.666032
1.010189 0.572870 0.890810 0.617605 0.257916 0.687821 0.143148 0.681201 0.563371 0.373687 0.802297 0.684351
1.097036 0.599829 0.861265 0.675090 0.286989 0.500590 0.121649 0.764414 0.582943 0.304381 0.763589 0.636546
0.913088 0.493293 0.980695 0.644119 0.215604 0.657711 0.305720 0.789819 0.547937 0.297093 0.769451 0.649747
0.924798 0.484099 0.908891 0.705132 0.106252 0.585889 0.304991 0.658434 0.588536 0.368861 0.823500 0.725665
0.955609 0.529511 0.869899 0.729973 0.179249 0.555533 0.292206 0.678493 0.537375 0.456624 0.711879 0.665949
0.887038 0.475793 0.887711 0.671881 0.265488 0.591168 0.215080 0.611872 0.512935 0.262699 0.810832 0.689677
0.988235 0.507605 0.992698 0.658062 0.319397 0.683567 0.214776 0.699456 0.588676 0.274752 0.844910 0.800027
1.088230 0.521987 0.767911 0.715654 0.238596 0.583049 0.216028 0.712158 0.484944 0.363081 0.883160 0.648132
0.970682 0.521067 0.899724 0.681861 0.287654 0.638534 0.156490 0.883896 0.471543 0.342066 0.818207 0.727331
0.904205 0.562281 0.924899 0.725615 0.222852 0.582873 0.275776 0.741543 0.513568 0.300169 0.815507 0.718910
0.949688 0.579493 0.898099 0.807301 0.106420 0.540843 0.164599 0.749408 0.439772 0.347154 0.797979 0.721219
0.889011 0.522530 0.917379 0.652855 0.181670 0.602278 0.245043 0.728040 0.558929 0.272224 0.858813 0.701132
0.918317 0.434991 0.965857 0.680130 0.185681 0.536136 0.148214 0.688271 0.503115 0.316008 0.829349 0.698234
0.911374 0.434022 0.926519 0.728689 0.141860 0.608903 0.205997 0.703968 0.516551 0.332809 0.826248 0.736507
0.957971 0.523612 0.866778 0.570007 0.191508 0.635784 0.297671 0.735418 0.586538 0.292485 0.796524 0.711812
0.954021 0.494376 0.945024 0.788696 0.104088 0.651560 0.241266 0.755592 0.399861 0.307648 0.784334 0.687201
1.044770 0.503372 0.864335 0.681811 0.232838 0.632532 0.275930 0.670428 0.637565 0.497056 0.864769 0.709165
0.975347 0.594459 0.876319 0.674459 0.130731 0.652754 0.172663 0.667060 0.490629 0.389525 0.714559 0.754439
1.053396 0.627983 1.008399 0.608448 0.251945 0.610344 0.192801 0.683500 0.511818 0.353980 0.805414 0.723581
0.967764 0.498089 0.935566 0.829074 0.230600 0.595507 0.279829 0.766279 0.523562 0.372295 0.829003 0.618229
0.939743 0.597593 0.827507 0.656517 0.261191 0.603473 0.251938 0.777520 0.478311 0.307801 0.703689 0.715974
0.972201 0.470111 0.814416 0.665427 0.293187 0.695426 0.231686 0.666736 0.557478 0.392108 0.862020 0.704196
0.978365 0.481818 0.972362 0.720851 0.228603 0.679744 0.166983 0.766581 0.478981 0.286528 0.844071 0.721522
1.014853 0.486271 0.937306 0.651474 0.194009 0.635937 0.343740 0.605926 0.394224 0.327287 0.779809 0.612097
1.058175 0.598937 0.882338 0.719255 0.095457 0.602154 0.202048 0.663835 0.454383 0.226806 0.763370 0.645227
0.964643 0.511577 0.904286 0.753844 0.134341 0.565510 0.222587 0.693210 0.545460 0.368155 0.883763 0.624748
1.023363 0.467219 0.954039 0.646278 0.261183 0.491378 0.188802 0.687116 0.481634 0.345907 0.912057 0.530696
0.920026 0.526274 0.868864 0.690941 0.243701 0.555559 0.256155 0.727167 0.484381 0.287765 0.820388 0.672035
0.890925 0.455620 0.944043 0.768146 0.260331 0.560234 0.271020 0.733111 0.597575 0.419454 0.800622 0.704320
0.941760 0.512503 0.948502 0.643787 0.248361 0.648098 0.183574 0.687496 0.482589 0.390003 0.903591 0.527481
0.960888 0.575199 0.897557 0.633451 0.146834 0.635465 0.212500 0.666114 0.586333 0.322385 0.805333 0.663787
0.997935 0.576689 0.856619 0.671092 0.149036 0.622603 0.132383 0.762950 0.534003 0.264322 0.815865 0.654489
0.984441 0.537584 0.915103 0.691655 0.244978 0.542961 0.085932 0.668328 0.511057 0.343471 0.949772 0.633187
1.004622 0.488112 0.897595 0.694505 0.094351 0.668421 0.193690 0.669107 0.443562 0.400613 0.906284 0.698871
0.961274 0.539280 0.902533 0.695494 0.205651 0.550442 0.221817 0.737572 0.493281 0.283959 0.831091 0.732469
1.015259 0.579381 0.963706 0.688344 0.215482 0.593866 0.222453 0.717126 0.553552 0.396251 0.811496 0.651075
0.973274 0.389232 0.995610 0.713004 0.289633 0.691848 0.165879 0.759084 0.486805 0.328335 0.878324 0.638582
1.041439 0.533371 0.783587 0.656678 0.224650 0.540415 0.205526 0.689945 0.535120 0.270003 0.834482 0.745736
0.940710 0.561808 0.924272 0.717213 0.203412 0.546542 0.223890 0.754208 0.503292 0.419417 0.806446 0.635904
0.893610 0.543220 0.922592 0.749849 0.165578 0.499495 0.253444 0.648536 0.535985 0.387920 0.858221 0.662163
1.049746 0.520305 0.925769 0.646737 0.139230 0.590584 0.198065 0.604973 0.533047 0.362530 0.861787 0.712889
0.987906 0.576587 0.985644 0.741652 0.168678 0.582867 0.215436 0.693361 0.561991 0.355862 0.812462 0.657875
1.008343 0.495070 0.883974 0.726353 0.242663 0.588711 0.158670 0.754582 0.555646 0.288783 0.763721 0.706706
1.054035 0.437044 0.806781 0.595588 0.257524 0.574110 0.134392 0.740344 0.597882 0.383224 0.832282 0.655486
0.976980 0.587726 0.893630 0.754089 0.152622 0.716182 0.161201 0.677556 0.512054 0.340260 0.815133 0.536299
0.995844 0.559035 0.876336 0.685656 0.195041 0.656610 0.172244 0.691603 0.559687 0.335471 0.808425 0.699237
0.968265 0.464519 0.887765 0.760576 0.215233 0.539875 0.191295 0.788159 0.480196 0.343613 0.888966 0.691476
0.919081 0.542697 0.910184 0.641974 0.261032 0.584893 0.268971 0.697412 0.525750 0.219370 0.733120 0.680418
0.967284 0.535981 0.924437 0.695081 0.222292 0.579828 0.274123 0.743055 0.542812 0.325033 0.829138 0.817251
0.994287 0.461322 0.873693 0.646229 0.159466 0.693263 0.202486 0.777260 0.515501 0.317383 0.771522 0.728902
0.918538 0.562357 0.924740 0.649288 0.123016 0.618655 0.235829 0.814567 0.421991 0.341087 0.865517 0.733622
0.960685 0.517482 0.974618 0.690465 0.162571 0.643559 0.118679 0.688370 0.479108 0.357188 0.902402 0.659589
1.024029 0.543512 0.965491 0.677766 0.254465 0.619869 0.147943 0.729679 0.540885 0.404371 0.882821 0.690925
0.936027 0.488308 0.891898 0.674122 0.205968 0.623758 0.270378 0.655203 0.583759 0.376956 0.831441 0.721516
0.886132 0.478966 0.831524 0.688281 0.181271 0.597415 0.252623 0.776373 0.456313 0.352315 0.833377 0.725177
0.908990 0.523881 0.914429 0.642194 0.120313 0.529303 0.227327 0.689805 0.593692 0.312601 0.749712 0.729614
0.984904 0.600785 0.909990 0.622425 0.229164 0.689474 0.155861 0.779758 0.524768 0.374222 0.741247 0.659397
0.902052 0.579751 0.862492 0.744736 0.206006 0.626919 0.218033 0.740604 0.588776 0.378505 0.779560 0.714750
0.957384 0.542014 0.866239 0.706070 0.270417 0.662017 0.242060 0.687618 0.585376 0.355418 0.785155 0.776970
0.960236 0.530178 0.958233 0.702649 0.234506 0.559668 0.257844 0.705292 0.516143 0.340835 0.844836 0.637365
0.940476 0.514727 0.960393 0.619750 0.262488 0.593651 0.220245 0.723158 0.513005 0.316175 0.780819 0.704157
0.947015 0.602394 0.950310 0.695907 0.245675 0.629973 0.174437 0.776802 0.387346 0.317130 0.823104 0.672349
0.936947 0.533898 0.948286 0.665100 0.137464 0.610014 0.213485 0.651880 0.580328 0.274455 0.719968 0.686414
1.014253 0.436596 0.899734 0.722753 0.212611 0.634743 0.233014 0.664517 0.515723 0.327086 0.790748 0.760418
1.000037 0.539671 0.898947 0.664869 0.146826 0.584098 0.218247 0.769645 0.540019 0.339459 0.840445 0.738795
1.046246 0.548971 0.891527 0.764348 0.212960 0.523797 0.175474 0.718235 0.540850 0.284145 0.802402 0.648135
0.961502 0.543942 0.825201 0.685398 0.155068 0.596361 0.120233 0.747129 0.532976 0.275219 0.850801 0.642789
0.984074 0.493163 0.905492 0.728832 0.209761 0.652069 0.095988 0.745778 0.577113 0.373705 0.888892 0.704043
1.008418 0.528495 0.945068 0.693587 0.226353 0.555000 0.308295 0.610293 0.509466 0.325700 0.864996 0.621115
1.030673 0.563205 0.831167 0.692652 0.217882 0.655167 0.220032 0.719285 0.506937 0.297204 0.820122 0.753996
0.938940 0.459881 0.939390 0.687254 0.258541 0.616639 0.101176 0.695745 0.437814 0.302705 0.843257 0.607467
1.031652 0.572526 0.856845 0.635560 0.254130 0.556766 0.255969 0.697030 0.571979 0.362324 0.841375 0.692371
1.031321 0.597621 0.885764 0.695505 0.214885 0.605097 0.232666 0.745063 0.532801 0.329084 0.788551 0.719379
0.986810 0.478417 0.937323 0.618508 0.172663 0.624874 0.218650 0.675115 0.532034 0.311383 0.818322 0.698963
0.900924 0.470087 0.831702 0.638768 0.150040 0.621932 0.178154 0.717164 0.581085 0.318691 0.840157 0.653571
0.972237 0.508282 0.926532 0.679009 0.208853 0.594625 0.282792 0.710476 0.494224 0.293428 0.835305 0.601094
0.965560 0.554017 0.841172 0.667259 0.197727 0.629297 0.213281 0.692950 0.574041 0.416290 0.832157 0.650790
0.984393 0.425479 0.856762 0.746270 0.224844 0.655369 0.199710 0.774818 0.573566 0.291433 0.765968 0.692955
1.034846 0.619126 0.950002 0.693143 0.157531 0.603960 0.266301 0.728739 0.512395 0.291504 0.744397 0.669030
0.955433 0.553582 0.888704 0.624066 0.167027 0.661070 0.246519 0.673616 0.508659 0.365605 0.830017 0.652846
1.070127 0.567247 0.815947 0.704140 0.145165 0.582274 0.254586 0.765665 0.545357 0.382055 0.825951 0.673117
0.938376 0.491083 0.963540 0.640344 0.198795 0.624960 0.184029 0.767330 0.553437 0.327231 0.809031 0.710452
1.011043 0.512834 0.966264 0.719160 0.259332 0.580393 0.225644 0.789951 0.508519 0.320803 0.852128 0.669026
0.931119 0.419428 0.874149 0.647388 0.191966 0.717715 0.196008 0.772415 0.575115 0.338995 0.886104 0.672427
1.075724 0.465371 0.893781 0.695994 0.121463 0.708980 0.136223 0.639880 0.553898 0.374904 0.714029 0.635998
1.011003 0.513443 0.874829 0.685989 0.131335 0.587297 0.320694 0.765029 0.572267 0.294946 0.798767 0.635751
0.987904 0.497281 0.867348 0.729220 0.217341 0.555220 0.276919 0.764680 0.556737 0.338692 0.899085 0.669682
0.948998 0.471274 0.835851 0.719288 0.140900 0.659645 0.215826 0.700083 0.508393 0.349697 0.863196 0.676309
0.947400 0.505192 0.965946 0.670279 0.171148 0.552320 0.240206 0.747322 0.577917 0.437653 0.799807 0.608768
0.932174 0.580771 0.902143 0.667489 0.225432 0.591773 0.188985 0.685511 0.586274 0.364810 0.853938 0.650672
1.004299 0.527448 0.947052 0.751047 0.132597 0.627256 0.268515 0.704294 0.488399 0.286778 0.850616 0.621415
0.893746 0.544734 0.948448 0.608433 0.119687 0.627180 0.267589 0.636041 0.556822 0.265039 0.799201 0.733687
0.930401 0.573041 0.973221 0.587476 0.187185 0.557765 0.267878 0.757131 0.571795 0.366130 0.829678 0.647460
0.874668 0.541165 0.871431 0.697011 0.143404 0.482155 0.132875 0.718093 0.534665 0.351437 0.890786 0.672977
1.009336 0.527579 0.814774 0.657587 0.177561 0.562033 0.223383 0.788304 0.457362 0.360070 0.865726 0.789135
0.894678 0.471418 0.939898 0.652256 0.170237 0.632242 0.236127 0.723111 0.539495 0.302717 0.868976 0.685056
0.984920 0.477478 0.889462 0.765499 0.202607 0.570313 0.228885 0.761453 0.468326 0.241883 0.764149 0.699111
1.011634 0.538867 1.003539 0.653063 0.183917 0.651600 0.197405 0.713121 0.559983 0.331071 0.842570 0.718809
0.941633 0.563607 0.866903 0.603925 0.189830 0.617534 0.235682 0.726532 0.498872 0.363360 0.811103 0.684992
1.045721 0.447101 0.982454 0.653500 0.148801 0.590154 0.192971 0.727873 0.566279 0.430605 0.827921 0.709884
1.040664 0.512805 0.902915 0.616762 0.172154 0.602886 0.195649 0.712276 0.527368 0.305629 0.786745 0.653400
1.077683 0.584528 0.868686 0.649747 0.164674 0.545312 0.222138 0.767717 0.548707 0.288130 0.825598 0.658483
0.968794 0.501136 0.831717 0.708527 0.236827 0.626443 0.222382 0.747652 0.590725 0.351264 0.807247 0.645484
0.912887 0.535231 0.893791 0.678618 0.309141 0.589115 0.167284 0.645152 0.418196 0.377678 0.841466 0.665721
0.867416 0.515822 0.936271 0.743416 0.148241 0.648432 0.163507 0.714801 0.578405 0.382845 0.715201 0.747913
0.981494 0.513902 0.892189 0.680111 0.296995 0.641487 0.171923 0.735651 0.565700 0.389224 0.825449 0.731888
0.895434 0.543348 1.007695 0.630959 0.220750 0.558893 0.332716 0.725017 0.468320 0.332893 0.854150 0.686166
0.939038 0.459625 0.908055 0.651248 0.202825 0.634560 0.251295 0.716029 0.528094 0.369199 0.854205 0.706094
0.923836 0.552708 0.989240 0.624486 0.193156 0.619799 0.232341 0.744270 0.487008 0.328754 0.810548 0.632702
0.953571 0.538106 0.843546 0.635238 0.239028 0.562157 0.192210 0.666370 0.445432 0.452962 0.841136 0.801814
0.972230 0.570314 0.856402 0.747765 0.208680 0.558672 0.335260 0.671203 0.488194 0.367030 0.849736 0.538100
1.008668 0.422592 0.853229 0.671711 0.252441 0.478167 0.243566 0.697059 0.573767 0.462372 0.677957 0.755392
0.898818 0.476996 0.871416 0.815133 0.128318 0.576291 0.228706 0.687294 0.504288 0.424059 0.877601 0.625607
0.980371 0.473524 0.893569 0.843868 0.243762 0.642705 0.165986 0.725864 0.581789 0.344790 0.874394 0.655535
1.040421 0.516581 0.854797 0.646618 0.193377 0.646348 0.191055 0.732450 0.467385 0.327489 0.848690 0.704297
0.953756 0.557578 0.863924 0.705740 0.183492 0.614317 0.086987 0.678767 0.511464 0.386763 0.827988 0.703375
1.095411 0.491362 0.875721 0.695318 0.186579 0.610746 0.278352 0.677331 0.560576 0.240043 0.790790 0.672002
0.933153 0.540866 0.942389 0.700490 0.210218 0.622903 0.317265 0.687124 0.581002 0.378940 0.770765 0.729336
0.878753 0.551338 0.899809 0.643982 0.250567 0.519544 0.172129 0.761136 0.584301 0.357002 0.920684 0.639355
0.885585 0.494344 0.883513 0.679164 0.189935 0.638586 0.274900 0.701165 0.589928 0.393404 0.879021 0.707129
0.986504 0.486150 0.855452 0.756701 0.334300 0.653640 0.209493 0.681764 0.446574 0.256592 0.776163 0.731040
1.097790 0.551340 0.874819 0.609724 0.160736 0.704171 0.209623 0.736233 0.520706 0.282426 0.918354 0.682645
1.112100 0.503352 0.867078 0.651214 0.170987 0.580920 0.142942 0.713856 0.515364 0.335725 0.928494 0.684147
0.871504 0.577683 0.864222 0.773453 0.194023 0.581079 0.196597 0.677518 0.619737 0.326679 0.842607 0.691196
0.869663 0.514132 0.896065 0.676969 0.210572 0.556528 0.296060 0.777100 0.451905 0.311543 0.846105 0.623330
1.072594 0.519913 0.859479 0.754541 0.212272 0.648860 0.167664 0.757993 0.431246 0.358519 0.864198 0.601718
0.993593 0.603203 0.954622 0.759023 0.157630 0.667167 0.189728 0.647543 0.414985 0.384228 0.867968 0.602544
0.961430 0.549726 0.903488 0.660671 0.141011 0.619652 0.260492 0.594576 0.523939 0.346604 0.880101 0.689806
0.917753 0.540742 1.008760 0.696891 0.278260 0.579669 0.171337 0.744730 0.585127 0.315493 0.744066 0.690044
0.952996 0.470816 0.921740 0.600224 0.115738 0.664955 0.240852 0.700181 0.502061 0.359820 0.893256 0.678882
0.911770 0.460383 0.779709 0.677572 0.113773 0.655062 0.245712 0.721147 0.516249 0.349906 0.849864 0.679434
1.004541 0.408989 0.859938 0.696189 0.194766 0.648989 0.224885 0.744137 0.545248 0.349420 0.892242 0.738035
0.917751 0.484868 0.895291 0.667346 0.135872 0.590703 0.140477 0.721053 0.509258 0.369860 0.856081 0.599124
0.971462 0.542479 0.910145 0.754344 0.289028 0.621692 0.203519 0.657640 0.560374 0.408774 0.855216 0.663588
1.028234 0.455300 0.915986 0.746907 0.186618 0.610354 0.209153 0.748738 0.574469 0.405544 0.748024 0.729838
0.945764 0.517328 0.835477 0.624571 0.215899 0.592718 0.295693 0.698037 0.526114 0.403857 0.889453 0.707437
1.056347 0.572454 0.879021 0.660964 0.191297 0.639502 0.230584 0.661218 0.455309 0.383724 0.773843 0.728652
0.946764 0.498258 0.907631 0.690462 0.128665 0.561236 0.206479 0.704915 0.491240 0.244401 0.893007 0.745689
0.975666 0.503249 0.941355 0.707855 0.252763 0.610555 0.203142 0.647677 0.548698 0.284211 0.820501 0.679257
0.910694 0.557737 1.022019 0.625954 0.169626 0.526582 0.157424 0.774831 0.594088 0.285165 0.848347 0.564758
1.039910 0.521747 1.070854 0.643650 0.226661 0.675032 0.287571 0.564051 0.466001 0.288143 0.778050 0.678716
0.961794 0.526535 0.932706 0.680779 0.164853 0.636572 0.270536 0.809979 0.557930 0.363618 0.915836 0.590360
1.034841 0.458824 0.866600 0.716617 0.216706 0.563635 0.191775 0.696424 0.644956 0.316061 0.834512 0.712630
0.954003 0.575054 0.923645 0.715511 0.195392 0.590024 0.225286 0.659569 0.609743 0.328656 0.845601 0.722867
0.955491 0.603329 0.898920 0.578480 0.224957 0.615150 0.249689 0.678109 0.482932 0.368790 0.823256 0.707054
1.018594 0.501331 0.812575 0.648254 0.242383 0.551151 0.294481 0.713278 0.534007 0.378738 0.816045 0.664142
1.034966 0.500162 0.931886 0.733765 0.251327 0.566962 0.293056 0.691197 0.531416 0.333124 0.912859 0.636232
0.881829 0.558521 0.827848 0.692548 0.214906 0.650728 0.273945 0.660663 0.554140 0.321921 0.792753 0.784399
0.971795 0.462751 0.812317 0.598159 0.186939 0.587424 0.221652 0.669719 0.555737 0.259943 0.797421 0.735880
1.001228 0.487236 0.951589 0.588489 0.263391 0.572549 0.170330 0.627285 0.504593 0.335475 0.816871 0.738309
0.948418 0.499950 0.850107 0.671765 0.195221 0.610900 0.337690 0.647531 0.508605 0.299950 0.818061 0.714525
1.074662 0.472679 0.841045 0.698825 0.138218 0.652935 0.083811 0.679119 0.569203 0.371412 0.812592 0.712382
0.970899 0.582837 0.864144 0.622971 0.132203 0.595048 0.205916 0.646276 0.481390 0.353963 0.829118 0.709432
1.010703 0.476997 0.814095 0.779435 0.191957 0.577757 0.275811 0.671154 0.504102 0.393423 0.812103 0.765796
0.944609 0.552936 0.881602 0.694799 0.252354 0.668306 0.318146 0.803525 0.512837 0.333772 0.748322 0.753626
0.916707 0.624914 0.932561 0.756124 0.167424 0.632568 0.261059 0.763982 0.548610 0.338277 0.815670 0.592320
0.926316 0.457130 0.813622 0.699480 0.253795 0.645103 0.243069 0.766609 0.531503 0.346477 0.738402 0.669499
1.019928 0.437002 0.822651 0.649326 0.227546 0.550584 0.290418 0.766872 0.474777 0.367958 0.737983 0.641632
0.983786 0.510447 0.925360 0.714826 0.150177 0.583686 0.201336 0.751663 0.454173 0.412498 0.801879 0.747873
1.021042 0.438499 0.833704 0.724196 0.226804 0.672260 0.168238 0.698924 0.541801 0.377371 0.808099 0.638340
1.042489 0.516804 0.897487 0.735847 0.129072 0.503171 0.178253 0.717883 0.514402 0.299452 0.860750 0.689862
0.895830 0.472768 0.895447 0.721883 0.132629 0.651703 0.286054 0.660354 0.538889 0.315025 0.857703 0.659383
0.936024 0.497167 0.917057 0.626706 0.132472 0.701642 0.163251 0.685658 0.516410 0.389193 0.915249 0.585109
1.023423 0.613035 0.985357 0.741082 0.279828 0.589322 0.286011 0.767263 0.439908 0.326499 0.705595 0.649030
1.014393 0.531548 0.868825 0.617328 0.185111 0.582245 0.243848 0.770679 0.574668 0.325643 0.742555 0.654870
0.900994 0.496346 0.897816 0.675892 0.099247 0.665535 0.195384 0.751813 0.465779 0.263341 0.868363 0.734159
0.897605 0.496445 0.898662 0.721487 0.203379 0.625482 0.184366 0.680660 0.528123 0.372687 0.914293 0.674325
0.993289 0.462562 0.892077 0.682386 0.209522 0.573858 0.174704 0.655412 0.566648 0.354415 0.906274 0.683012
0.996217 0.515981 0.943589 0.700576 0.276775 0.611661 0.168212 0.604917 0.462192 0.324839 0.771515 0.790155
0.994457 0.601895 0.968121 0.632432 0.324077 0.584434 0.136635 0.706462 0.501993 0.383490 0.774550 0.702094
0.987161 0.375720 0.953454 0.619351 0.300815 0.567783 0.241184 0.596836 0.451481 0.227104 0.871181 0.735708
1.000265 0.518261 0.911008 0.746727 0.248433 0.690921 0.212179 0.692730 0.474199 0.353193 0.898392 0.612040
0.986863 0.442996 0.851707 0.716406 0.219899 0.580458 0.162426 0.710393 0.495112 0.434305 0.761540 0.693276
0.945098 0.416637 0.957075 0.699939 0.242826 0.599359 0.190692 0.742299 0.517044 0.416926 0.836722 0.668969
0.939223 0.564814 0.912996 0.698660 0.220487 0.556427 0.275672 0.724992 0.387869 0.344691 0.757704 0.662911
0.891709 0.494509 0.877098 0.761332 0.235140 0.593738 0.194468 0.719193 0.481646 0.280127 0.793007 0.753770
0.945101 0.567449 0.811844 0.736674 0.104389 0.612300 0.285025 0.690411 0.514970 0.404716 0.805323 0.683586
0.966167 0.616252 0.868261 0.731746 0.205632 0.584747 0.246135 0.585429 0.524329 0.354923 0.866531 0.621264
0.961543 0.468158 0.853359 0.619384 0.184637 0.582797 0.152803 0.748250 0.465114 0.325759 0.778358 0.742197
0.933675 0.528923 0.880951 0.693280 0.215328 0.667710 0.267949 0.796632 0.482737 0.418588 0.784810 0.841318
0.941798 0.538595 0.827328 0.737958 0.256556 0.561043 0.196589 0.753181 0.476395 0.396114 0.879447 0.646100
0.937355 0.437047 0.929231 0.748409 0.170857 0.635206 0.256726 0.666031 0.602427 0.253553 0.811179 0.725445
0.989957 0.571674 0.936027 0.701041 0.172146 0.629228 0.234125 0.717709 0.494728 0.309686 0.839639 0.723018
0.883549 0.552477 0.864286 0.728877 0.113245 0.567089 0.152258 0.728665 0.587570 0.413621 0.865791 0.591191
0.974613 0.556197 0.808824 0.718573 0.124373 0.676214 0.204942 0.688584 0.591907 0.313320 0.806839 0.672195
0.967108 0.475064 0.848074 0.693804 0.191192 0.631325 0.187605 0.608429 0.553999 0.332033 0.846763 0.706950
0.914056 0.516289 0.854245 0.688657 0.141037 0.591253 0.222345 0.721748 0.637608 0.397255 0.776214 0.654447
0.929108 0.460819 0.852404 0.670563 0.207737 0.613964 0.174195 0.720643 0.448035 0.327574 0.792293 0.616773
1.085122 0.544364 0.897976 0.788347 0.133686 0.655217 0.142521 0.657630 0.574914 0.331399 0.758777 0.741258
0.929628 0.483546 0.930783 0.657739 0.092740 0.589901 0.168050 0.687171 0.569760 0.335086 0.839099 0.691600
0.953942 0.551860 0.894356 0.789355 0.226702 0.664103 0.132461 0.713054 0.518023 0.304865 0.720638 0.624316
0.927415 0.630468 0.994266 0.660268 0.185234 0.576788 0.188892 0.763521 0.490843 0.234979 0.774246 0.712523
0.970242 0.561239 0.924643 0.669080 0.199564 0.647745 0.256017 0.755356 0.552512 0.335303 0.878780 0.676611
0.887679 0.540978 0.822903 0.810793 0.142436 0.609884 0.209669 0.769546 0.521469 0.340382 0.798437 0.736581
0.831655 0.504149 0.944787 0.703410 0.220985 0.638224 0.229787 0.695659 0.549167 0.362094 0.729268 0.761177
0.891186 0.490204 0.811602 0.643770 0.278214 0.591400 0.194721 0.658612 0.528608 0.399535 0.737235 0.696249
0.989383 0.523234 0.917345 0.682763 0.117136 0.619405 0.224038 0.752806 0.446655 0.343104 0.812706 0.744423
0.975542 0.592536 0.896623 0.615676 0.257390 0.594166 0.249014 0.603251 0.566356 0.412848 0.853373 0.675688
0.954240 0.516057 0.993184 0.629925 0.271568 0.508470 0.173701 0.760411 0.511889 0.455558 0.853749 0.675784
0.938317 0.411656 0.913156 0.638373 0.188006 0.525570 0.302026 0.682159 0.495701 0.351115 0.847727 0.674909
0.997804 0.537467 0.921288 0.692395 0.152072 0.501310 0.154790 0.686099 0.495501 0.317142 0.835683 0.638341
1.031763 0.581841 0.894596 0.739942 0.274712 0.660587 0.227358 0.692657 0.560816 0.326192 0.941422 0.718543
1.015799 0.548215 0.929359 0.631601 0.171613 0.528913 0.201865 0.679535 0.531976 0.404087 0.917669 0.618757
1.014702 0.522645 0.860079 0.670071 0.135973 0.508356 0.220279 0.649657 0.452936 0.339518 0.825276 0.648948
0.933598 0.514390 0.825660 0.625018 0.134587 0.634251 0.162376 0.740310 0.542922 0.387164 0.787565 0.691399
0.998548 0.478966 0.877560 0.730398 0.209623 0.581719 0.230860 0.734710 0.522490 0.387827 0.733644 0.693783
0.930100 0.589926 0.868309 0.730975 0.170834 0.548728 0.197474 0.622481 0.482090 0.343805 0.850421 0.663526
0.927200 0.496762 0.928164 0.644280 0.205222 0.677103 0.160801 0.670633 0.542674 0.414336 0.790147 0.643315
0.974650 0.564616 0.972040 0.706476 0.186550 0.579052 0.285261 0.762796 0.608748 0.416677 0.743961 0.661468
0.930392 0.494361 0.844803 0.800797 0.210812 0.614729 0.202046 0.776881 0.495743 0.260524 0.842145 0.698046
0.158900 0.201780 0.178336 0.254048 0.215286 0.341997 0.526100 0.515654 0.255139 0.607081 0.186302 0.185644
0.152898 0.180208 0.363876 0.205956 0.215700 0.305483 0.563731 0.554488 0.343363 0.511234 0.083484 0.203336
0.218542 0.198032 0.268925 0.273826 0.104594 0.278841 0.477694 0.557334 0.297859 0.413248 0.179742 0.149602
0.268846 0.072032 0.206862 0.282574 0.148393 0.355634 0.525136 0.538052 0.185771 0.442604 0.331881 0.202001
0.227514 0.135178 0.311896 0.302592 0.208205 0.247545 0.488637 0.526390 0.229198 0.534367 0.244737 0.191417
0.186566 0.163492 0.278177 0.282532 0.220598 0.341490 0.488660 0.476202 0.283977 0.505829 0.241881 0.195852
0.181977 0.130163 0.328227 0.236428 0.108124 0.362614 0.501955 0.451781 0.327193 0.492420 0.254224 0.177211
0.172880 0.173593 0.224904 0.307432 0.166441 0.284858 0.574919 0.493407 0.253227 0.493155 0.246501 0.101322
0.232487 0.185249 0.298642 0.295400 0.212349 0.296343 0.563129 0.570632 0.268687 0.576358 0.290163 0.134511
0.143665 0.285716 0.324444 0.231897 0.126779 0.422880 0.549676 0.450109 0.286553 0.586839 0.294110 0.212901
0.178283 0.225941 0.290928 0.335609 0.222905 0.292923 0.584775 0.560694 0.312257 0.551345 0.236957 0.188610
0.262859 0.160408 0.198345 0.337690 0.168850 0.258602 0.538114 0.508753 0.234862 0.537273 0.324203 0.302121
0.247250 0.233859 0.295596 0.245388 0.168888 0.359519 0.452287 0.482459 0.293685 0.599858 0.213407 0.163792
0.291535 0.164373 0.337443 0.213072 0.153324 0.292763 0.589304 0.492057 0.233216 0.499008 0.276835 0.206665
0.178048 0.171885 0.275497 0.288921 0.041565 0.357331 0.487875 0.584986 0.274890 0.542592 0.305674 0.145070
0.255155 0.137581 0.220542 0.296700 0.105708 0.288840 0.583856 0.470225 0.300221 0.492377 0.283870 0.206866
0.161427 0.291326 0.337284 0.264149 0.242341 0.305664 0.552113 0.538420 0.321417 0.538289 0.184034 0.089665
0.108167 0.230927 0.258623 0.260338 0.214388 0.244667 0.578777 0.432793 0.284635 0.470975 0.256748 0.200898
0.175163 0.175933 0.307023 0.145142 0.198437 0.309014 0.513100 0.523647 0.309050 0.563931 0.283304 0.197793
0.132970 0.213207 0.318115 0.217248 0.184706 0.303064 0.479553 0.488176 0.325667 0.512552 0.209789 0.210347
0.212840 0.155030 0.214685 0.174137 0.227558 0.339266 0.499559 0.500944 0.313505 0.509247 0.284453 0.089842
0.163243 0.150623 0.293584 0.266343 0.230513 0.347330 0.522366 0.503229 0.256909 0.577970 0.257008 0.157286
0.170067 0.253599 0.297801 0.320584 0.204387 0.295200 0.563538 0.489260 0.368001 0.472780 0.264192 0.194807
0.232459 0.229174 0.303838 0.229774 0.146770 0.275471 0.548499 0.439189 0.326721 0.506950 0.261070 0.186256
0.082822 0.180807 0.330127 0.155927 0.171026 0.299993 0.542210 0.481144 0.342172 0.478790 0.223941 0.250776
0.171339 0.188750 0.261842 0.212671 0.139004 0.321627 0.548870 0.480752 0.242983 0.567628 0.184851 0.149355
0.174908 0.220262 0.236799 0.226002 0.222034 0.360399 0.485594 0.458244 0.273099 0.546271 0.147739 0.152713
0.203825 0.138428 0.264195 0.236495 0.189348 0.262270 0.536897 0.541165 0.268536 0.469831 0.205692 0.175767
0.160602 0.183985 0.339767 0.311252 0.172386 0.216745 0.486818 0.513010 0.274951 0.485295 0.223444 0.261577
0.205130 0.156801 0.325571 0.231051 0.230437 0.303596 0.640047 0.476889 0.303661 0.561673 0.336260 0.136536
0.226604 0.173421 0.338799 0.230130 0.191700 0.351632 0.526688 0.440827 0.313162 0.439490 0.360661 0.154006
0.255266 0.113472 0.297363 0.302166 0.172366 0.262872 0.538505 0.533324 0.289466 0.499495 0.188605 0.201244
0.292470 0.273080 0.262242 0.308439 0.274727 0.331610 0.561574 0.468472 0.210358 0.468576 0.202138 0.123761
0.179669 0.171514 0.324636 0.235423 0.165739 0.239357 0.601799 0.555936 0.204788 0.490988 0.315551 0.223649
0.144589 0.257580 0.341016 0.337234 0.167984 0.320803 0.502864 0.517883 0.326881 0.562968 0.265002 0.176335
0.269095 0.192660 0.257751 0.170621 0.202895 0.345149 0.508019 0.537854 0.335946 0.595614 0.288820 0.168845
0.269802 0.223382 0.302854 0.273798 0.185140 0.333973 0.564340 0.468685 0.282019 0.536331 0.347980 0.331062
0.189040 0.171196 0.307815 0.269710 0.193363 0.276381 0.568999 0.528500 0.315668 0.536446 0.288804 0.190119
0.193173 0.066623 0.247088 0.213684 0.218740 0.286711 0.536391 0.545344 0.245415 0.517254 0.280318 0.101289
0.232764 0.217761 0.324201 0.382042 0.125789 0.275420 0.509037 0.501005 0.290404 0.506396 0.235322 0.125451
0.098862 0.189838 0.205618 0.164856 0.158911 0.297797 0.551433 0.534269 0.207555 0.550383 0.356946 0.190756
0.307926 0.141653 0.274961 0.252415 0.154581 0.411039 0.635149 0.528246 0.297899 0.532189 0.310408 0.198639
0.218861 0.203853 0.318764 0.288971 0.190933 0.326903 0.524448 0.427476 0.306605 0.400770 0.269671 0.156386
0.134927 0.123122 0.284687 0.325336 0.120221 0.298906 0.480201 0.456823 0.346205 0.549815 0.311363 0.161832
0.137129 0.162206 0.278982 0.287568 0.127575 0.357377 0.577074 0.548853 0.269236 0.519793 0.205253 0.189217
0.165392 0.199336 0.309740 0.323823 0.113317 0.310363 0.574019 0.430408 0.243463 0.485526 0.343484 0.181129
0.224169 0.200145 0.261178 0.257313 0.230841 0.291042 0.526400 0.519738 0.297409 0.517983 0.192529 0.194932
0.200053 0.187392 0.280559 0.330311 0.202408 0.309284 0.562545 0.519007 0.217057 0.532322 0.375133 0.156684
0.129095 0.254672 0.307481 0.193422 0.273185 0.375053 0.536703 0.477410 0.213064 0.525387 0.290010 0.174915
0.215421 0.249697 0.338860 0.315329 0.243169 0.342981 0.614263 0.506891 0.314085 0.525666 0.215151 0.131823
0.141698 0.154959 0.288914 0.285464 0.105146 0.331091 0.396261 0.518306 0.364552 0.585886 0.192483 0.109029
0.224432 0.224444 0.325755 0.185535 0.152086 0.334576 0.511102 0.436652 0.215014 0.555867 0.293313 0.133172
0.254386 0.230727 0.357148 0.239538 0.156219 0.397396 0.517483 0.468081 0.147657 0.524964 0.232080 0.117401
0.214101 0.143496 0.352808 0.288322 0.326154 0.254125 0.612969 0.465564 0.240292 0.530132 0.248244 0.163474
0.260975 0.182377 0.298029 0.226895 0.154319 0.287962 0.527701 0.478235 0.382763 0.523533 0.161184 0.141102
0.228598 0.267198 0.268487 0.287917 0.280744 0.357166 0.603760 0.506077 0.264850 0.466991 0.224861 0.240246
0.164159 0.169101 0.244758 0.220524 0.221062 0.314300 0.537350 0.509714 0.282082 0.430745 0.230400 0.147588
0.228193 0.246723 0.256698 0.242929 0.182169 0.362684 0.535022 0.481162 0.261455 0.447582 0.308183 0.143686
0.201985 0.184070 0.204588 0.163311 0.158028 0.235815 0.489735 0.522372 0.296367 0.488408 0.123658 0.232809
0.184035 0.252355 0.209023 0.348288 0.110066 0.337729 0.577773 0.546562 0.254914 0.550695 0.292107 0.208364
0.110902 0.228582 0.298091 0.239564 0.143937 0.256258 0.520341 0.496714 0.250476 0.537820 0.293769 0.080164
0.220459 0.222655 0.317486 0.313077 0.193037 0.241494 0.459507 0.451277 0.305674 0.528698 0.300585 0.197852
0.213322 0.255084 0.378965 0.253004 0.241760 0.358184 0.530414 0.513821 0.271299 0.488825 0.199794 0.179944
0.143833 0.081598 0.317966 0.244963 0.246929 0.222959 0.589263 0.418462 0.306742 0.423222 0.197884 0.179698
0.240565 0.270753 0.279315 0.236504 0.150712 0.280309 0.478821 0.516972 0.303392 0.488686 0.218849 0.081879
0.178440 0.237393 0.278755 0.180986 0.157713 0.297889 0.555140 0.572872 0.233688 0.516366 0.282688 0.111837
0.196541 0.178035 0.290259 0.268390 0.198679 0.297840 0.504959 0.491242 0.221832 0.480831 0.299853 0.247046
0.199380 0.098501 0.276651 0.244634 0.211793 0.369323 0.556210 0.436526 0.341819 0.573346 0.325696 0.239784
0.328753 0.216113 0.276952 0.222881 0.226303 0.322928 0.586232 0.481173 0.316441 0.510572 0.255839 0.192740
0.161262 0.148994 0.261203 0.277447 0.198582 0.271379 0.467111 0.426516 0.341194 0.513253 0.251360 0.174333
0.265191 0.203611 0.161441 0.237183 0.157454 0.266277 0.478118 0.525462 0.334590 0.629930 0.326740 0.211127
0.223742 0.184680 0.310353 0.279263 0.223254 0.402366 0.542343 0.516938 0.282923 0.506782 0.282700 0.010163
0.276793 0.170256 0.309947 0.251091 0.189803 0.245430 0.625302 0.430740 0.294293 0.590327 0.279781 0.171555
0.174436 0.186695 0.290201 0.252860 0.250082 0.374879 0.516253 0.519890 0.233348 0.454124 0.298944 0.131144
0.222439 0.240885 0.292393 0.252312 0.262706 0.457298 0.504383 0.497198 0.300382 0.557625 0.300209 0.122865
0.159469 0.189668 0.228326 0.309795 0.141293 0.304336 0.590181 0.547760 0.327794 0.532120 0.243899 0.188265
0.254931 0.245471 0.303113 0.232350 0.219744 0.448154 0.608216 0.482823 0.207655 0.464758 0.290418 0.179177
0.151431 0.203362 0.220533 0.315116 0.208038 0.351212 0.589915 0.492387 0.270801 0.529275 0.278188 0.204345
0.108915 0.168260 0.332064 0.259721 0.257029 0.370886 0.519672 0.442540 0.353170 0.548207 0.290800 0.171647
0.222470 0.189061 0.337482 0.165503 0.206522 0.369485 0.550478 0.588538 0.317178 0.581489 0.207322 0.213846
0.218757 0.264009 0.169155 0.271230 0.133726 0.292111 0.558197 0.496492 0.304570 0.559404 0.253493 0.143983
0.166114 0.131318 0.289251 0.305982 0.142218 0.364256 0.482887 0.537533 0.370265 0.483531 0.364308 0.198354
0.265943 0.188966 0.422770 0.250937 0.175796 0.359024 0.440035 0.563350 0.334101 0.454611 0.226875 0.140675
0.209719 0.120969 0.366734 0.299171 0.194663 0.346542 0.515533 0.461531 0.255998 0.554013 0.288535 0.185391
0.322034 0.224539 0.295449 0.291828 0.159057 0.336482 0.580393 0.404159 0.328570 0.520686 0.326617 0.057418
0.192352 0.228641 0.289023 0.258138 0.123713 0.313100 0.684130 0.531427 0.181605 0.573242 0.267040 0.141865
0.270492 0.132333 0.291345 0.314250 0.173626 0.322008 0.616665 0.593820 0.284709 0.519321 0.247963 0.109880
0.187844 0.255655 0.318387 0.230872 0.231063 0.383152 0.587268 0.468088 0.190736 0.578788 0.399541 0.230652
0.201842 0.189643 0.323254 0.275405 0.170584 0.401467 0.624196 0.501631 0.249978 0.544941 0.278193 0.143807
0.164123 0.210907 0.206567 0.200388 0.190179 0.288981 0.591778 0.496541 0.351918 0.513549 0.249745 0.154614
0.285091 0.171776 0.299836 0.242686 0.168561 0.315982 0.609249 0.509147 0.280279 0.473436 0.251608 0.197930
0.127787 0.169973 0.336883 0.228084 0.143331 0.324469 0.556322 0.517467 0.314327 0.586255 0.233945 0.186340
0.262396 0.126602 0.283368 0.258382 0.279075 0.260479 0.569002 0.553077 0.345407 0.494413 0.217026 0.189466
0.161382 0.203901 0.331514 0.202164 0.200802 0.223320 0.452119 0.478214 0.337635 0.534539 0.235628 0.190857
0.216615 0.280795 0.321224 0.275687 0.195045 0.276370 0.627318 0.489018 0.271994 0.495447 0.323378 0.108286
0.310915 0.214889 0.266300 0.413594 0.128800 0.346304 0.517106 0.536282 0.248166 0.527643 0.194820 0.163027
0.150227 0.244191 0.241629 0.318319 0.202763 0.210517 0.471664 0.467662 0.260628 0.542907 0.255048 0.187448
0.094869 0.216682 0.276188 0.284892 0.215826 0.283964 0.598067 0.483232 0.280263 0.534704 0.301927 0.079282
0.154316 0.180980 0.328436 0.168379 0.233600 0.388041 0.488485 0.515203 0.299404 0.516791 0.256888 0.178036
0.200527 0.121412 0.286412 0.295940 0.163899 0.355739 0.491950 0.495508 0.192672 0.572074 0.247049 0.178984
0.253028 0.172338 0.274504 0.302482 0.183581 0.243591 0.465931 0.480877 0.217157 0.558523 0.203833 0.132527
0.167821 0.152583 0.362130 0.296482 0.195200 0.237139 0.516400 0.555912 0.332935 0.590144 0.315133 0.165395
0.210960 0.244669 0.200192 0.285408 0.208021 0.246268 0.511942 0.425217 0.287253 0.513462 0.167550 0.180373
0.226562 0.214459 0.352022 0.210025 0.149016 0.290915 0.596426 0.503871 0.256016 0.455001 0.218531 0.116211
0.203044 0.152343 0.207202 0.286785 0.273467 0.303045 0.585466 0.503306 0.306485 0.573331 0.254449 0.209200
0.139768 0.260528 0.343788 0.363856 0.282304 0.235438 0.590992 0.535265 0.291778 0.481473 0.242624 0.129614
0.173795 0.173865 0.269254 0.212179 0.185403 0.247279 0.611417 0.498433 0.293983 0.477729 0.263047 0.188556
0.106303 0.182326 0.286615 0.246908 0.285917 0.347974 0.547121 0.541625 0.312802 0.566950 0.235049 0.205520
0.319826 0.221844 0.232927 0.212403 0.174383 0.321114 0.582887 0.464092 0.265065 0.581194 0.310415 0.056187
0.242747 0.053557 0.321848 0.249841 0.144278 0.312603 0.577598 0.485132 0.350742 0.507190 0.266756 0.195994
0.274448 0.120482 0.265649 0.232773 0.227932 0.375946 0.555820 0.499606 0.388146 0.453123 0.283348 0.258710
0.285091 0.193046 0.387082 0.161579 0.164149 0.294389 0.510878 0.490967 0.315294 0.475324 0.297220 0.164214
0.263883 0.271338 0.335096 0.259571 0.185210 0.389932 0.517423 0.541869 0.305883 0.596366 0.279765 0.203884
0.178464 0.201744 0.298341 0.362297 0.290293 0.206168 0.513396 0.482964 0.286346 0.509258 0.291755 0.251351
0.218769 0.188274 0.292123 0.285376 0.173454 0.348629 0.485488 0.584611 0.328346 0.497712 0.220212 0.225799
0.199324 0.163643 0.319122 0.284881 0.207531 0.283292 0.467409 0.476054 0.251253 0.453492 0.223470 0.113019
0.123087 0.139971 0.352608 0.252612 0.171894 0.325375 0.497364 0.580790 0.303186 0.436205 0.279719 0.110195
0.314376 0.164694 0.217593 0.256683 0.139092 0.240966 0.492689 0.497065 0.168596 0.499967 0.238406 0.144227
0.256454 0.256441 0.244955 0.268989 0.195168 0.414572 0.495741 0.514395 0.158514 0.473425 0.266126 0.218507
0.235757 0.120370 0.354730 0.251159 0.201969 0.285945 0.510658 0.401569 0.211791 0.547390 0.268675 0.140961
0.250731 0.100115 0.389366 0.285788 0.201575 0.292583 0.629653 0.527212 0.244956 0.571903 0.257995 0.267879
0.133340 0.178347 0.298665 0.276662 0.153411 0.336342 0.597831 0.584154 0.354987 0.404821 0.276146 0.211825
0.240100 0.180315 0.255498 0.281041 0.216704 0.373283 0.483429 0.542894 0.320803 0.523402 0.226586 0.124199
0.281102 0.293186 0.275821 0.251945 0.210637 0.327201 0.543097 0.478337 0.230818 0.439973 0.156841 0.117787
0.160113 0.129187 0.271398 0.305158 0.096199 0.264609 0.488103 0.470202 0.305948 0.594535 0.238116 0.122344
0.284266 0.115391 0.346540 0.295853 0.201742 0.271773 0.503476 0.497858 0.282436 0.453436 0.241342 0.162200
0.210146 0.227883 0.315849 0.269960 0.117557 0.306157 0.605205 0.466503 0.249019 0.508579 0.229973 0.143928
0.218873 0.115131 0.329982 0.357050 0.215509 0.352470 0.521923 0.532350 0.192894 0.504070 0.263099 0.215826
0.201032 0.316381 0.304001 0.318847 0.129922 0.352352 0.537950 0.634383 0.361886 0.443969 0.296242 0.181806
0.310053 0.180191 0.310291 0.339993 0.212740 0.273226 0.605629 0.606871 0.290880 0.565548 0.224703 0.088138
0.179802 0.179990 0.322507 0.247718 0.220536 0.328199 0.549639 0.437781 0.239433 0.503398 0.293489 0.119797
0.157027 0.206781 0.219843 0.330140 0.250289 0.299281 0.468230 0.484636 0.285836 0.550636 0.216947 0.099753
0.265067 0.100552 0.281743 0.266202 0.260133 0.249929 0.477243 0.508769 0.306935 0.473249 0.259890 0.147032
0.211940 0.190338 0.382869 0.228561 0.226031 0.264948 0.480887 0.476505 0.301674 0.587545 0.347000 0.074377
0.150241 0.178527 0.356855 0.289183 0.200714 0.388888 0.552192 0.471297 0.282119 0.553636 0.276209 0.165936
0.207282 0.198736 0.287703 0.260385 0.303391 0.338878 0.617046 0.534806 0.295308 0.491238 0.256418 0.051884
0.161551 0.188139 0.339204 0.308476 0.257187 0.445869 0.514821 0.558249 0.371472 0.458664 0.237184 0.193237
0.167237 0.257116 0.359843 0.222445 0.212274 0.301542 0.543588 0.486665 0.285928 0.542770 0.222915 0.174392
0.165883 0.213903 0.282388 0.276836 0.254455 0.305600 0.443599 0.566280 0.276485 0.493742 0.192674 0.119715
0.119767 0.224041 0.319333 0.306601 0.290328 0.368349 0.466306 0.459734 0.206775 0.583369 0.228110 0.182951
0.253625 0.271481 0.371786 0.284154 0.162058 0.384372 0.584233 0.521384 0.253575 0.534185 0.242055 0.193018
0.213445 0.173692 0.270299 0.271395 0.299644 0.283406 0.509983 0.572568 0.354782 0.589982 0.349632 0.162862
0.180393 0.160080 0.251012 0.276790 0.183337 0.375910 0.554905 0.516789 0.284530 0.517831 0.300257 0.170296
0.215521 0.162602 0.283596 0.342645 0.197426 0.309199 0.576923 0.560948 0.373588 0.453263 0.292466 0.192517
0.176636 0.174700 0.319670 0.214522 0.187878 0.422340 0.613912 0.518766 0.209780 0.530201 0.232787 0.192688
0.210131 0.150305 0.243383 0.122636 0.187806 0.341471 0.595486 0.355130 0.246726 0.519086 0.191480 0.109097
0.100339 0.230627 0.283944 0.282873 0.253851 0.368557 0.531850 0.508764 0.316771 0.566336 0.234052 0.176620
0.216046 0.231434 0.232775 0.165501 0.307805 0.291222 0.514145 0.496513 0.326469 0.517964 0.333364 0.185315
0.209809 0.109521 0.258064 0.279804 0.096719 0.203124 0.566579 0.446241 0.290314 0.464612 0.272477 0.147257
0.122659 0.256386 0.270608 0.226759 0.206050 0.278557 0.580731 0.587177 0.362810 0.585917 0.356241 0.098342
0.271138 0.162162 0.258415 0.273554 0.189170 0.204192 0.533692 0.548635 0.292633 0.521716 0.209798 0.203414
0.220622 0.177757 0.301101 0.334999 0.240492 0.203010 0.614014 0.564137 0.301804 0.521534 0.205803 0.204365
0.233309 0.080820 0.329367 0.222423 0.086962 0.283412 0.430557 0.479948 0.315152 0.502890 0.340049 0.177294
0.165810 0.213188 0.302117 0.255881 0.150095 0.342746 0.539249 0.507623 0.217242 0.553480 0.317720 0.216428
0.236242 0.103177 0.289900 0.255243 0.184729 0.362074 0.564674 0.550094 0.318103 0.498988 0.236379 0.180126
0.235949 0.131029 0.343460 0.237696 0.233189 0.279534 0.574619 0.517358 0.323671 0.387516 0.251388 0.201871
0.213016 0.146673 0.251081 0.275980 0.288054 0.376850 0.491886 0.502408 0.345750 0.557217 0.251492 0.136327
0.198585 0.215262 0.239905 0.228710 0.168972 0.360832 0.523710 0.527124 0.231377 0.536212 0.281952 0.189307
0.183837 0.134493 0.224525 0.277541 0.113352 0.308368 0.600135 0.467090 0.264973 0.534138 0.294885 0.236092
0.203341 0.245722 0.240299 0.304393 0.264437 0.319313 0.559679 0.509669 0.258435 0.594406 0.188862 0.142153
0.162793 0.150623 0.231463 0.325785 0.245399 0.381819 0.581194 0.517664 0.217469 0.432314 0.306214 0.069936
0.183713 0.134416 0.250451 0.294237 0.184633 0.358263 0.547312 0.466355 0.326754 0.478183 0.401577 0.173859
0.203459 0.174977 0.326193 0.159576 0.188416 0.331032 0.580861 0.586276 0.215855 0.487380 0.249566 0.106230
0.209749 0.184417 0.306452 0.245354 0.192159 0.359896 0.480613 0.519356 0.264944 0.539791 0.161320 0.145467
0.219024 0.239337 0.396580 0.293001 0.169515 0.284122 0.545901 0.427122 0.277933 0.584350 0.273521 0.122313
0.141529 0.136232 0.253566 0.245031 0.142787 0.361335 0.535205 0.524212 0.252118 0.543075 0.171568 0.139814
0.190588 0.215229 0.320521 0.304775 0.264021 0.244808 0.524966 0.633094 0.238048 0.485380 0.230499 0.111142
0.226796 0.272294 0.398625 0.294911 0.198235 0.324335 0.583088 0.465867 0.247552 0.539063 0.279799 0.227489
0.279006 0.173908 0.270448 0.222741 0.186047 0.341710 0.540681 0.542220 0.264420 0.448923 0.263885 0.248609
0.134076 0.179530 0.300651 0.258186 0.196954 0.330670 0.490239 0.431960 0.342481 0.401411 0.296402 0.137400
0.148776 0.149048 0.218452 0.246584 0.215460 0.377748 0.515066 0.461072 0.292867 0.480231 0.339401 0.172652
0.191441 0.232300 0.332570 0.266873 0.184289 0.251227 0.488220 0.523739 0.242952 0.479439 0.232587 0.192267
0.092072 0.177003 0.223799 0.197679 0.211439 0.303774 0.624506 0.560771 0.252571 0.573215 0.313361 0.163913
0.284959 0.159536 0.246880 0.258618 0.237441 0.336596 0.591305 0.547631 0.268831 0.519071 0.317400 0.131322
0.288941 0.212342 0.264993 0.188430 0.146945 0.278201 0.465111 0.436946 0.271194 0.532258 0.228816 0.207688
0.262410 0.276849 0.295044 0.284254 0.247173 0.221312 0.541600 0.431879 0.241010 0.436440 0.302929 0.135776
0.202336 0.188179 0.352985 0.295803 0.180040 0.303944 0.534614 0.514577 0.354676 0.582714 0.184111 0.165095
0.193089 0.213912 0.239671 0.211667 0.205152 0.371031 0.483671 0.425295 0.263570 0.527164 0.236456 0.319923
0.158294 0.223521 0.295638 0.283851 0.116852 0.279233 0.607194 0.524680 0.315089 0.506856 0.111724 0.115800
0.261422 0.263813 0.204294 0.275431 0.087391 0.335806 0.645559 0.486514 0.309339 0.443944 0.183164 0.192723
0.229834 0.181994 0.246777 0.241457 0.313990 0.329048 0.521769 0.430687 0.288793 0.505176 0.232090 0.194509
0.144373 0.178709 0.336667 0.280436 0.114187 0.302008 0.482821 0.483430 0.292491 0.458600 0.295623 0.172568
0.153997 0.263739 0.330719 0.309335 0.199540 0.344113 0.606947 0.552828 0.298834 0.504200 0.278219 0.169615
0.156070 0.199176 0.305450 0.275029 0.200043 0.320282 0.590064 0.563143 0.275858 0.452620 0.235990 0.159575
0.248357 0.226094 0.251035 0.227444 0.202997 0.315625 0.533534 0.475899 0.230466 0.531413 0.211833 0.152473
0.144854 0.162301 0.315865 0.332944 0.090183 0.346922 0.430389 0.492107 0.224616 0.508831 0.255232 0.089908
0.261505 0.079892 0.289333 0.336405 0.149438 0.252478 0.513629 0.553020 0.215577 0.458332 0.251125 0.284040
0.140940 0.226273 0.303258 0.292425 0.144408 0.443911 0.607902 0.542292 0.245979 0.534030 0.291683 0.157646
0.239790 0.210163 0.233223 0.340512 0.167609 0.370327 0.536562 0.463165 0.191193 0.469714 0.331618 0.125676
0.253067 0.078975 0.326487 0.316393 0.343785 0.267728 0.576257 0.482562 0.318249 0.464983 0.298041 0.181857
0.233436 0.279983 0.194808 0.301359 0.279147 0.251836 0.534605 0.409186 0.268910 0.535061 0.214898 0.141764
0.155222 0.213062 0.367744 0.304787 0.160944 0.320499 0.535294 0.487148 0.286506 0.531413 0.260651 0.147791
0.216132 0.087288 0.276039 0.257585 0.183409 0.259096 0.551796 0.505491 0.339431 0.478252 0.298234 0.195707
0.293230 0.226283 0.296411 0.261424 0.237112 0.311059 0.586425 0.451558 0.219248 0.503686 0.208340 0.150768
0.076530 0.280234 0.313170 0.188105 0.144487 0.322498 0.497441 0.475894 0.364532 0.541445 0.264697 0.188503
0.192913 0.202102 0.304640 0.252750 0.209888 0.316285 0.522992 0.428128 0.429961 0.563740 0.259544 0.189099
0.194812 0.204690 0.262158 0.212006 0.143485 0.309273 0.634410 0.483493 0.269921 0.503017 0.192673 0.216037
0.252799 0.228030 0.246697 0.272439 0.129730 0.215850 0.548561 0.509760 0.295462 0.525321 0.253165 0.200177
0.235141 0.228182 0.248664 0.202804 0.303248 0.373380 0.495269 0.582336 0.255748 0.478267 0.346198 0.272002
0.276268 0.234791 0.277080 0.276549 0.204589 0.349657 0.541767 0.435831 0.292148 0.521841 0.205426 0.117043
0.218674 0.203046 0.328610 0.305370 0.281859 0.245888 0.485444 0.506633 0.337415 0.489663 0.308810 0.133226
0.195822 0.180052 0.336933 0.234969 0.220008 0.382157 0.653643 0.522630 0.225835 0.603320 0.229633 0.131640
0.155813 0.206149 0.301379 0.196368 0.250001 0.376285 0.510186 0.580952 0.344514 0.589596 0.246450 0.193051
0.165958 0.193180 0.274956 0.326806 0.181334 0.360489 0.535834 0.584078 0.275307 0.501148 0.253930 0.125614
0.187653 0.255078 0.238990 0.255685 0.222619 0.207277 0.534703 0.435430 0.247139 0.468799 0.247114 0.164462
0.278135 0.257253 0.314058 0.257494 0.195960 0.332751 0.524064 0.492236 0.256338 0.470271 0.361069 0.103924
0.235826 0.131893 0.210612 0.322075 0.136723 0.381816 0.498709 0.503281 0.304094 0.551209 0.192334 0.244773
0.136142 0.199664 0.420426 0.228107 0.199684 0.419368 0.568005 0.470393 0.331367 0.548122 0.290170 0.197940
0.166957 0.195294 0.291817 0.210841 0.179448 0.291065 0.407125 0.522461 0.216201 0.512693 0.281990 0.156621
0.144035 0.079223 0.334555 0.299508 0.249049 0.269352 0.527839 0.428129 0.279881 0.465408 0.233496 0.212590
0.221368 0.092960 0.365699 0.358615 0.194621 0.354896 0.507928 0.429893 0.343597 0.495089 0.274144 0.168645
0.152774 0.113503 0.391869 0.226459 0.254068 0.338085 0.522242 0.523082 0.216160 0.467997 0.334189 0.270666
0.114580 0.196269 0.272141 0.281588 0.172066 0.299743 0.471011 0.544066 0.266389 0.563564 0.249803 0.146649
0.178425 0.217089 0.309679 0.315039 0.180382 0.313476 0.491780 0.442609 0.287704 0.533898 0.259410 0.170513
0.120773 0.265839 0.358522 0.287618 0.239981 0.260932 0.541293 0.492428 0.238537 0.520413 0.277372 0.229402
0.177621 0.180484 0.277927 0.288773 0.203618 0.219150 0.521634 0.504026 0.263857 0.565240 0.308212 0.141065
0.240277 0.197087 0.297373 0.323488 0.226482 0.336347 0.531280 0.482580 0.310168 0.530661 0.309469 0.196053
0.166569 0.258690 0.301106 0.399539 0.180513 0.319120 0.548309 0.453570 0.263700 0.623217 0.265871 0.214756
0.250087 0.199934 0.276767 0.313305 0.196626 0.337004 0.559950 0.460807 0.309470 0.465154 0.224404 0.151919
0.118826 0.180353 0.295313 0.258301 0.235535 0.386305 0.542416 0.541211 0.310506 0.534432 0.291173 0.213048
0.189503 0.258708 0.192385 0.203629 0.195612 0.309824 0.629594 0.541431 0.295233 0.486538 0.318215 0.213663
0.194023 0.170510 0.374091 0.264608 0.247534 0.339613 0.405769 0.468676 0.204742 0.437576 0.334178 0.143941
0.231892 0.136107 0.290176 0.273173 0.196835 0.354904 0.560837 0.550898 0.264416 0.536600 0.294790 0.153754
0.280013 0.171830 0.264485 0.247998 0.225850 0.349090 0.602196 0.487156 0.243959 0.556138 0.191478 0.152125
0.113265 0.232772 0.300829 0.330887 0.195627 0.322168 0.478561 0.514197 0.247932 0.555756 0.212403 0.124560
0.153750 0.108519 0.309507 0.212658 0.181365 0.364883 0.547714 0.408787 0.248515 0.494706 0.239680 0.149759
0.259167 0.217917 0.229930 0.290772 0.220392 0.285445 0.533741 0.490889 0.378359 0.493437 0.297159 0.156496
0.226608 0.127142 0.239731 0.323856 0.155773 0.356101 0.449659 0.420978 0.275005 0.505912 0.312696 0.197152
0.214620 0.169733 0.278691 0.242365 0.194742 0.291281 0.592468 0.454225 0.294555 0.555203 0.290696 0.174757
0.227017 0.210826 0.173767 0.324818 0.226962 0.275135 0.502245 0.451926 0.280559 0.511299 0.186901 0.127539
0.201926 0.146745 0.236447 0.299851 0.289804 0.311240 0.542854 0.521692 0.206223 0.530686 0.226021 0.095681
0.217721 0.108407 0.199059 0.312928 0.120749 0.174231 0.486929 0.493169 0.273888 0.564569 0.383049 0.192510
0.245255 0.241715 0.405222 0.147512 0.102532 0.257137 0.548139 0.497708 0.220115 0.450236 0.224117 0.086268
0.196789 0.222819 0.326094 0.254740 0.214930 0.269925 0.483375 0.509242 0.339809 0.505503 0.358616 0.168922
0.160149 0.209014 0.281667 0.248924 0.216377 0.298932 0.510275 0.493153 0.318075 0.483503 0.283585 0.265495
0.174923 0.205882 0.251471 0.219551 0.182146 0.299124 0.644985 0.489027 0.255708 0.485848 0.303890 0.125413
0.115925 0.227978 0.188936 0.291770 0.169024 0.251934 0.512713 0.488138 0.300834 0.502800 0.312914 0.154448
0.137728 0.107361 0.331087 0.313076 0.255150 0.254529 0.560091 0.548350 0.215823 0.517327 0.294613 0.206218
0.189352 0.133562 0.235754 0.278889 0.174791 0.341301 0.468979 0.512113 0.325834 0.512268 0.339211 0.157136
0.222553 0.125820 0.309864 0.298325 0.113828 0.292589 0.545831 0.498399 0.238123 0.513773 0.271781 0.190778
0.213196 0.223032 0.261562 0.323635 0.199817 0.337204 0.509393 0.547879 0.286069 0.541254 0.172133 0.227633
0.276949 0.254041 0.310647 0.310362 0.210861 0.294395 0.434073 0.556221 0.289905 0.532860 0.344397 0.137324
0.250856 0.253121 0.348036 0.198310 0.178877 0.297051 0.578433 0.505309 0.326816 0.543297 0.272687 0.222480
0.264176 0.209415 0.275783 0.387341 0.235190 0.289010 0.562737 0.524113 0.292528 0.520499 0.160185 0.151309
0.224696 0.274842 0.330412 0.234725 0.192326 0.317504 0.582633 0.533469 0.216935 0.482464 0.318517 0.185943
0.216665 0.237129 0.278125 0.294271 0.120287 0.227462 0.568988 0.474778 0.263373 0.495503 0.288021 0.231799
0.167099 0.119624 0.267965 0.293355 0.222297 0.336631 0.580951 0.508130 0.281814 0.503760 0.345602 0.092727
0.197063 0.181775 0.290380 0.318723 0.254341 0.278330 0.512940 0.440835 0.353195 0.515817 0.236309 0.185094
0.206145 0.186749 0.263615 0.322487 0.238555 0.256288 0.623223 0.528194 0.238336 0.566015 0.232375 0.201447
0.227419 0.173163 0.325791 0.280217 0.167664 0.314919 0.605252 0.383645 0.310391 0.542515 0.227771 0.166028
0.264178 0.154204 0.240408 0.202297 0.200492 0.305420 0.620386 0.419500 0.182993 0.561078 0.242577 0.161963
0.196490 0.212552 0.313582 0.247992 0.259553 0.289088 0.559037 0.444927 0.217778 0.596184 0.308473 0.145647
0.270260 0.222137 0.286698 0.226052 0.228974 0.331309 0.459597 0.496614 0.277762 0.422205 0.224917 0.173093
0.145630 0.254196 0.299269 0.420766 0.193583 0.399333 0.527328 0.362795 0.375856 0.621125 0.354826 0.214224
0.165428 0.159212 0.315873 0.279065 0.132020 0.260086 0.541921 0.477430 0.220798 0.510053 0.319676 0.173283
0.238172 0.179410 0.294307 0.258168 0.197940 0.298884 0.478666 0.521799 0.290250 0.487735 0.267578 0.103965
0.197173 0.183935 0.239334 0.299401 0.214842 0.256148 0.578757 0.552759 0.356110 0.581668 0.298976 0.284031
0.253912 0.264608 0.299824 0.232899 0.196121 0.279779 0.486370 0.455294 0.351460 0.528009 0.211893 0.234000
0.238336 0.108006 0.337480 0.323428 0.139681 0.353072 0.619781 0.461891 0.318413 0.502840 0.237442 0.144870
0.103503 0.227546 0.305100 0.213112 0.211698 0.392562 0.532376 0.435330 0.281069 0.555683 0.298827 0.163307
0.138404 0.238112 0.256831 0.435289 0.175792 0.247439 0.615398 0.523407 0.189858 0.485000 0.276678 0.166606
0.127006 0.216236 0.265479 0.285594 0.076918 0.370684 0.518206 0.454747 0.318984 0.554777 0.219799 0.112700
0.159978 0.261319 0.261878 0.327930 0.181426 0.271797 0.569943 0.468069 0.284028 0.583713 0.284671 0.220953
0.153893 0.093617 0.353931 0.264960 0.126994 0.311365 0.616112 0.528470 0.285503 0.495243 0.225374 0.083925
0.148374 0.257266 0.336134 0.251560 0.197763 0.331083 0.515391 0.464535 0.312930 0.465769 0.327438 0.185951
0.231079 0.196444 0.302743 0.198933 0.116704 0.398942 0.566664 0.417974 0.322177 0.485021 0.278857 0.212439
0.158477 0.229717 0.373230 0.262006 0.242657 0.339791 0.586402 0.488364 0.272039 0.515801 0.299771 0.176452
0.162802 0.173546 0.338675 0.308421 0.199622 0.276160 0.529273 0.540560 0.291233 0.534059 0.225787 0.188168
0.245704 0.169466 0.305293 0.236209 0.240352 0.305746 0.625358 0.526854 0.243425 0.466042 0.220383 0.144552
0.222863 0.230888 0.273388 0.242494 0.234747 0.264715 0.556977 0.507322 0.291134 0.464273 0.241738 0.189671
0.178707 0.295227 0.265140 0.332465 0.205145 0.322836 0.574498 0.425665 0.233031 0.509420 0.240741 0.236268
0.179768 0.091938 0.365417 0.272235 0.136523 0.337133 0.561894 0.503978 0.313852 0.527337 0.187600 0.278893
0.180444 0.208208 0.231207 0.281550 0.139593 0.250574 0.534543 0.494142 0.311828 0.516891 0.266451 0.174985
0.235539 0.141944 0.398781 0.177268 0.134794 0.283611 0.576376 0.496287 0.224566 0.573604 0.300097 0.312148
0.255216 0.193019 0.293355 0.221154 0.213902 0.343290 0.539529 0.551280 0.232160 0.472852 0.259305 0.167548
0.111205 0.155587 0.367980 0.200195 0.149145 0.391793 0.549121 0.514813 0.210637 0.575688 0.271884 0.225386
0.143165 0.199795 0.333154 0.243399 0.297734 0.383791 0.619846 0.541096 0.288564 0.589760 0.206090 0.195721
0.193571 0.149474 0.271826 0.178731 0.157173 0.277812 0.549934 0.484186 0.376444 0.490815 0.324751 0.152597
0.146242 0.281729 0.274093 0.299221 0.091088 0.301177 0.553106 0.435970 0.145954 0.457205 0.279204 0.186960
0.216615 0.198477 0.378329 0.316548 0.177353 0.291104 0.564045 0.434395 0.329533 0.521362 0.241486 0.105134
0.143999 0.241081 0.343455 0.270649 0.202066 0.268738 0.560741 0.496412 0.300564 0.487819 0.301429 0.211284
0.212050 0.163305 0.260874 0.260501 0.174875 0.372946 0.542807 0.417978 0.313189 0.548734 0.336039 0.123650
0.195806 0.098843 0.222116 0.259571 0.212257 0.345449 0.485216 0.506830 0.269445 0.538802 0.308306 0.163492
0.148621 0.093294 0.325384 0.263617 0.143517 0.319094 0.615260 0.524790 0.279016 0.543003 0.224842 0.157491
0.204338 0.221561 0.249773 0.264938 0.214787 0.302301 0.576463 0.601534 0.249878 0.507001 0.276804 0.143274
0.225927 0.159029 0.295735 0.244296 0.250685 0.294531 0.622553 0.476227 0.305709 0.585905 0.312543 0.177490
0.134730 0.217444 0.258376 0.282970 0.152790 0.313309 0.533641 0.530268 0.283810 0.597526 0.319132 0.209507
0.179018 0.153798 0.231393 0.224231 0.213523 0.315315 0.615268 0.508518 0.242228 0.537658 0.351896 0.232909
0.195044 0.144562 0.291748 0.261935 0.210318 0.316867 0.514059 0.450675 0.279378 0.514720 0.244577 0.170122
0.260406 0.253620 0.318419 0.326754 0.194691 0.293508 0.523206 0.472921 0.327412 0.527308 0.294434 0.182838
0.192060 0.188870 0.367674 0.261601 0.306593 0.398171 0.508266 0.506914 0.187711 0.575000 0.363297 0.177429
0.179526 0.230147 0.416151 0.220864 0.128287 0.269260 0.545156 0.560217 0.218088 0.648920 0.248247 0.255820
0.190880 0.238098 0.292967 0.249862 0.308267 0.232555 0.524441 0.510983 0.345861 0.527730 0.343388 0.149294
0.185187 0.266559 0.346431 0.272479 0.211866 0.292175 0.454143 0.511222 0.222607 0.508372 0.248074 0.165445
0.292051 0.195135 0.258587 0.187103 0.110456 0.319903 0.548716 0.499044 0.221396 0.508219 0.201306 0.244096
0.218348 0.268237 0.262830 0.218669 0.161232 0.290345 0.507682 0.565573 0.351773 0.508775 0.217554 0.152556
0.212844 0.172535 0.299131 0.298250 0.100192 0.332391 0.603302 0.437486 0.187446 0.499324 0.229908 0.169474
0.191347 0.143867 0.322760 0.280157 0.137278 0.372410 0.623146 0.466585 0.261030 0.514725 0.383767 0.163286
0.134200 0.133896 0.259399 0.316990 0.198064 0.365643 0.555326 0.540810 0.274627 0.553205 0.283150 0.296625
0.228434 0.119872 0.270523 0.332960 0.163009 0.363641 0.514122 0.536642 0.346146 0.490671 0.276494 0.192371
0.302988 0.220156 0.229504 0.236724 0.198745 0.399478 0.460812 0.537244 0.266671 0.447995 0.217575 0.192607
0.285095 0.288196 0.364629 0.270871 0.142177 0.340288 0.544613 0.564455 0.231046 0.590291 0.282301 0.159655
0.172169 0.110715 0.228109 0.243766 0.123805 0.167175 0.462130 0.425884 0.226120 0.475041 0.225218 0.221155
0.120717 0.191357 0.354510 0.252034 0.182468 0.403174 0.491938 0.446177 0.385713 0.447155 0.224385 0.205282
0.298840 0.230328 0.367648 0.238676 0.214536 0.363471 0.627160 0.557212 0.253213 0.582575 0.258477 0.089957
0.217697 0.265565 0.321861 0.266149 0.147788 0.275141 0.588536 0.416509 0.286183 0.518435 0.256485 0.166981
0.230596 0.100453 0.287224 0.257286 0.263054 0.392954 0.539030 0.548874 0.212603 0.416560 0.331543 0.108225
0.144017 0.237978 0.291909 0.224311 0.147721 0.306145 0.543205 0.494855 0.317889 0.494030 0.311614 0.217543
0.184930 0.212479 0.236297 0.276617 0.132392 0.402182 0.573233 0.497348 0.285295 0.579007 0.295286 0.086102
0.274071 0.201582 0.288337 0.387490 0.187265 0.263186 0.492131 0.567090 0.180478 0.582333 0.340900 0.154431
0.085575 0.183066 0.262243 0.275774 0.214249 0.234008 0.588499 0.596785 0.343387 0.488664 0.352119 0.128932
0.163317 0.147989 0.221275 0.278722 0.056359 0.292720 0.482372 0.524318 0.293790 0.469569 0.335012 0.247561
0.060189 0.157260 0.301799 0.359339 0.112190 0.378777 0.513253 0.491610 0.275279 0.506822 0.159365 0.216644
0.201717 0.129875 0.276832 0.253320 0.221342 0.286802 0.554636 0.485038 0.263996 0.531655 0.354090 0.145345
0.147218 0.221356 0.347266 0.277260 0.188698 0.340077 0.542206 0.437086 0.318680 0.532084 0.264681 0.103078
0.226972 0.208926 0.279319 0.298420 0.227597 0.309305 0.560342 0.478562 0.289283 0.531865 0.331467 0.207309
0.203435 0.264023 0.394003 0.265749 0.228699 0.413250 0.577684 0.542480 0.233833 0.517920 0.176830 0.177828
0.219099 0.163436 0.351744 0.279637 0.286748 0.333296 0.516604 0.532480 0.359525 0.530433 0.246836 0.211390
0.216518 0.181233 0.347055 0.280625 0.225838 0.268660 0.492401 0.462748 0.308102 0.466956 0.150575 0.277716
0.296962 0.174608 0.295832 0.250434 0.229306 0.359681 0.648679 0.473873 0.347364 0.521271 0.233282 0.179431
0.269212 0.226633 0.336810 0.393794 0.120676 0.288062 0.571725 0.441566 0.363853 0.538289 0.252829 0.155060
0.249635 0.213469 0.331837 0.313023 0.171460 0.368835 0.449398 0.499114 0.282705 0.528769 0.253020 0.213841
0.186245 0.227051 0.295536 0.283724 0.234499 0.262114 0.526870 0.513075 0.246022 0.544689 0.229212 0.091107
0.210560 0.228521 0.249536 0.187894 0.217578 0.359987 0.408785 0.415080 0.293482 0.589121 0.258940 0.092568
0.102716 0.138834 0.323419 0.212979 0.132329 0.358086 0.482586 0.543853 0.315677 0.469590 0.205413 0.259789
0.127573 0.146491 0.260299 0.255512 0.155242 0.313099 0.569057 0.551629 0.300199 0.494759 0.260683 0.250543
0.225668 0.203392 0.231794 0.324880 0.103425 0.257761 0.595669 0.427079 0.278565 0.520724 0.196029 0.185438
0.303440 0.232666 0.439032 0.280221 0.145381 0.216372 0.569237 0.557654 0.312005 0.548545 0.201131 0.215796
0.239933 0.215282 0.377331 0.192188 0.118988 0.325984 0.504166 0.441283 0.279752 0.483202 0.294408 0.085232
0.253134 0.155730 0.313855 0.212043 0.143260 0.290685 0.597211 0.549398 0.274613 0.514640 0.278873 0.201072
0.198191 0.239041 0.266312 0.312092 0.160937 0.287661 0.636419 0.459443 0.247029 0.405228 0.294774 0.236147
0.146637 0.209950 0.291267 0.257840 0.107989 0.361935 0.593063 0.555614 0.275752 0.506253 0.274298 0.171782
0.228665 0.184587 0.283257 0.248324 0.281607 0.332566 0.583230 0.569656 0.281270 0.549091 0.309715 0.188809
0.234648 0.124288 0.332374 0.270629 0.153296 0.329679 0.548850 0.523065 0.196257 0.576296 0.359467 0.131608
0.246226 0.221942 0.316391 0.253672 0.132828 0.449252 0.566240 0.530912 0.261305 0.494543 0.235836 0.219254
0.190662 0.235418 0.237553 0.279237 0.249625 0.325869 0.581800 0.548506 0.175191 0.497013 0.196665 0.183921
0.257059 0.229230 0.305523 0.211507 0.111871 0.302795 0.546784 0.494986 0.277203 0.437642 0.329287 0.131929
0.197107 0.250529 0.346919 0.318033 0.205854 0.259844 0.432090 0.493928 0.342594 0.494224 0.247809 0.177415
0.103092 0.118272 0.286709 0.330372 0.158306 0.356343 0.635902 0.499494 0.305508 0.576407 0.242864 0.157610
0.149854 0.188130 0.358691 0.329003 0.140807 0.264607 0.545102 0.541266 0.337493 0.513181 0.317374 0.169884
0.203780 0.146160 0.270688 0.253074 0.204289 0.327228 0.528718 0.413266 0.168919 0.499102 0.193943 0.116529
0.299237 0.267777 0.236183 0.251876 0.246652 0.338521 0.467084 0.454086 0.341894 0.540447 0.258541 0.181847
0.269277 0.207248 0.311684 0.235778 0.239407 0.402810 0.549542 0.479304 0.240582 0.439104 0.279370 0.256675
0.238597 0.270587 0.257281 0.277621 0.240866 0.208753 0.523280 0.513522 0.322944 0.471782 0.247095 0.247730
0.227353 0.264571 0.335601 0.211888 0.247794 0.322770 0.585824 0.617555 0.325482 0.487317 0.231359 0.205529
0.245991 0.273960 0.291666 0.306090 0.136567 0.332460 0.575452 0.527415 0.366695 0.474512 0.299538 0.117864
0.108531 0.151315 0.263297 0.228798 0.214348 0.289105 0.578027 0.404624 0.247293 0.546254 0.317796 0.124109
0.191945 0.185927 0.318546 0.215574 0.177917 0.365291 0.478231 0.468012 0.342656 0.507578 0.261855 0.211933
0.222692 0.249493 0.322120 0.315988 0.157130 0.369280 0.549943 0.479604 0.280503 0.553288 0.237864 0.115397
0.234426 0.153609 0.248713 0.242145 0.223348 0.280488 0.518998 0.507033 0.214561 0.577425 0.306937 0.242388
0.215236 0.177988 0.361704 0.287249 0.267245 0.281073 0.609887 0.428671 0.155725 0.554547 0.223445 0.170130
0.233138 0.223634 0.273453 0.336102 0.154409 0.419329 0.596319 0.454719 0.207252 0.516823 0.261177 0.215353
0.138295 0.147261 0.260950 0.250046 0.170922 0.342247 0.567746 0.530508 0.270643 0.559779 0.222573 0.198100
0.136150 0.235171 0.389807 0.274645 0.276708 0.319031 0.579292 0.508174 0.213591 0.493423 0.232924 0.285913
0.281794 0.234087 0.236342 0.285824 0.174997 0.310270 0.543313 0.531742 0.247580 0.498126 0.214905 0.181504
0.150559 0.238343 0.312003 0.241558 0.337267 0.317361 0.549107 0.502561 0.327665 0.522866 0.248588 0.113466
0.130459 0.192060 0.332133 0.265906 0.263216 0.307173 0.506497 0.483287 0.298486 0.493932 0.270005 0.273474
0.159201 0.204475 0.274473 0.238701 0.220138 0.255447 0.525101 0.494711 0.175733 0.512145 0.319524 0.182617
0.268015 0.191516 0.340185 0.220810 0.267480 0.369622 0.585973 0.518617 0.232273 0.519738 0.177144 0.083050
0.261520 0.215118 0.295823 0.205046 0.202560 0.376233 0.551580 0.557404 0.212496 0.573284 0.203471 0.128651
0.226860 0.157664 0.207021 0.221861 0.231149 0.341051 0.556682 0.538559 0.295078 0.507386 0.247747 0.231954
0.192823 0.214969 0.346311 0.217804 0.192779 0.388754 0.494241 0.418092 0.357868 0.437612 0.240140 0.232421
0.136270 0.270796 0.277601 0.225462 0.166886 0.343528 0.602379 0.409682 0.284128 0.527335 0.330747 0.111804
0.193610 0.244008 0.256451 0.157501 0.120647 0.333270 0.539151 0.402564 0.248938 0.509215 0.203642 0.222668
0.162452 0.174198 0.251956 0.149524 0.128299 0.336388 0.582825 0.545804 0.365289 0.514331 0.288903 0.211400
0.218336 0.251037 0.334768 0.337783 0.123890 0.351202 0.555913 0.451450 0.336060 0.574720 0.293831 0.175281
0.202782 0.147671 0.270628 0.267535 0.249460 0.289615 0.592608 0.452035 0.280546 0.507355 0.261352 0.162335
0.281763 0.216620 0.320216 0.278818 0.167677 0.291483 0.596787 0.430466 0.259488 0.521572 0.205408 0.181716
0.156253 0.158092 0.334129 0.265049 0.204828 0.391141 0.555692 0.463064 0.263445 0.501384 0.214571 0.113923
0.241402 0.243253 0.307531 0.236952 0.205414 0.385726 0.503400 0.463885 0.228137 0.475884 0.272575 0.202655
0.184539 0.159460 0.232567 0.295496 0.299197 0.208059 0.525613 0.512041 0.321141 0.562762 0.314876 0.191127
0.265613 0.146741 0.294415 0.238945 0.216740 0.366911 0.583287 0.554198 0.270329 0.476920 0.298357 0.140257
0.185310 0.214768 0.339781 0.201183 0.258635 0.329312 0.544840 0.504662 0.231447 0.591455 0.288559 0.143358
0.234271 0.201042 0.266753 0.287594 0.218582 0.478357 0.611629 0.463481 0.302092 0.541756 0.248536 0.138689
0.266862 0.162544 0.386039 0.247394 0.167663 0.343347 0.579524 0.464561 0.271753 0.575873 0.184534 0.163343
0.263699 0.117087 0.339730 0.216349 0.110385 0.293807 0.561499 0.456916 0.217176 0.479423 0.297432 0.195629
0.191595 0.102387 0.394702 0.211762 0.218824 0.336335 0.591892 0.439652 0.368282 0.522242 0.308565 0.157242
0.199632 0.259963 0.259565 0.304457 0.219347 0.303284 0.445812 0.561679 0.380131 0.569848 0.219122 0.169920
0.162001 0.226191 0.273753 0.370825 0.160117 0.213080 0.556810 0.496931 0.238174 0.479699 0.340463 0.187803
0.183532 0.175973 0.372919 0.308798 0.179762 0.406523 0.603136 0.597603 0.270177 0.594972 0.302716 0.263869
0.161041 0.188705 0.312168 0.257035 0.213624 0.374347 0.535023 0.465615 0.311597 0.536448 0.279488 0.294570
0.121833 0.218377 0.339939 0.382506 0.226391 0.455756 0.564128 0.525558 0.285327 0.588032 0.249989 0.139103
0.183674 0.138494 0.362052 0.264418 0.166497 0.313496 0.556461 0.440579 0.312035 0.511071 0.240515 0.085874
0.232725 0.223006 0.305361 0.244690 0.082481 0.375101 0.525075 0.492629 0.215382 0.501604 0.185116 0.172648
0.222982 0.276960 0.389736 0.189719 0.170079 0.359824 0.517726 0.471972 0.356960 0.513629 0.260735 0.219195
0.198011 0.213239 0.388061 0.320398 0.106592 0.268654 0.541251 0.540614 0.292292 0.461891 0.245909 0.124639
0.181511 0.228366 0.253835 0.295243 0.272652 0.340318 0.576321 0.503072 0.256631 0.532422 0.315637 0.179346
0.209574 0.135241 0.302296 0.312742 0.293435 0.328617 0.560480 0.483456 0.393789 0.530762 0.238533 0.145330
0.182664 0.150754 0.310867 0.159816 0.202865 0.399358 0.552021 0.392014 0.272330 0.496177 0.158338 0.212958
0.246157 0.105457 0.289757 0.299584 0.214639 0.317372 0.557747 0.465036 0.261126 0.619447 0.240790 0.140318
0.162005 0.144656 0.341895 0.312377 0.136564 0.261346 0.588298 0.390415 0.267475 0.553954 0.234187 0.244907
0.287511 0.149287 0.318992 0.321752 0.122637 0.277304 0.519325 0.433970 0.322835 0.495289 0.285560 0.188354
0.188072 0.300542 0.279040 0.243114 0.165485 0.308268 0.616564 0.475648 0.351844 0.565104 0.215620 0.168309
0.174245 0.211210 0.254234 0.331243 0.238448 0.358753 0.567610 0.527897 0.220412 0.465603 0.265176 0.160383
0.228777 0.222784 0.362964 0.335354 0.104300 0.267260 0.520261 0.477038 0.317187 0.525897 0.280794 0.229929
0.150841 0.129575 0.331319 0.206992 0.177052 0.299222 0.520659 0.560027 0.210335 0.512725 0.294377 0.198973
0.127202 0.279588 0.376112 0.268291 0.058155 0.351521 0.569278 0.418126 0.235931 0.528586 0.247768 0.218685
0.238455 0.188091 0.302417 0.298188 0.199365 0.295110 0.621884 0.446505 0.227841 0.517357 0.231762 0.192672
0.254779 0.129454 0.228694 0.246435 0.191030 0.339556 0.619165 0.463222 0.327945 0.481601 0.243709 0.090492
0.238144 0.105783 0.308233 0.214950 0.219750 0.394727 0.556195 0.516624 0.353775 0.553212 0.241863 0.130315
0.153684 0.111688 0.360124 0.186483 0.210812 0.345614 0.491865 0.543440 0.307577 0.493928 0.313504 0.124662
0.200538 0.167213 0.307752 0.279485 0.196532 0.295162 0.485686 0.497578 0.179346 0.536024 0.264308 0.107551
0.156998 0.283688 0.275446 0.343798 0.305351 0.354033 0.631230 0.548952 0.324572 0.450733 0.194514 0.147013
0.209084 0.188363 0.275641 0.172624 0.170789 0.317051 0.634055 0.514977 0.244824 0.513655 0.249778 0.133860
0.246711 0.219071 0.300765 0.228392 0.146303 0.241340 0.436047 0.420699 0.243156 0.553465 0.311054 0.146626
0.196446 0.242173 0.303884 0.272128 0.284400 0.334731 0.584895 0.530223 0.298349 0.501636 0.206807 0.222212
0.290478 0.172903 0.346418 0.236668 0.207128 0.382966 0.520786 0.510286 0.221089 0.519766 0.304602 0.208464
0.185864 0.239109 0.361277 0.210283 0.284578 0.354126 0.472671 0.403157 0.177910 0.604422 0.213964 0.141566
0.172174 0.135026 0.439118 0.143805 0.214532 0.305365 0.604030 0.563491 0.251683 0.486441 0.295943 0.171215
0.147442 0.231501 0.356736 0.279025 0.151785 0.392209 0.424660 0.535365 0.367134 0.593206 0.270104 0.232765
0.225161 0.255192 0.396125 0.249079 0.267027 0.391541 0.504907 0.491735 0.406161 0.582285 0.170302 0.228538
0.159025 0.231651 0.403195 0.345993 0.179884 0.340169 0.430299 0.547482 0.367458 0.436691 0.284426 0.178489
0.143029 0.195929 0.331849 0.231833 0.093800 0.261442 0.552447 0.494964 0.312128 0.516988 0.276011 0.101668
0.189050 0.209258 0.250964 0.323692 0.204740 0.323267 0.530330 0.424260 0.274999 0.535193 0.277629 0.129475
0.198142 0.244738 0.386953 0.314931 0.144193 0.272719 0.591573 0.466729 0.303585 0.537578 0.274547 0.213691
0.190169 0.150399 0.306405 0.204348 0.209134 0.306666 0.503824 0.468728 0.302373 0.427426 0.295204 0.136366
0.156652 0.205440 0.338240 0.232812 0.189928 0.157495 0.493165 0.510762 0.262165 0.539388 0.133603 0.161638
0.236091 0.165751 0.340633 0.206909 0.247809 0.365865 0.575390 0.479550 0.210669 0.530835 0.309316 0.230248
0.197636 0.226851 0.324991 0.195135 0.197652 0.308435 0.471908 0.460757 0.203665 0.538975 0.328365 0.217122
0.214371 0.247334 0.340373 0.315011 0.184169 0.265565 0.544213 0.592514 0.263654 0.533975 0.205540 0.152890
0.208471 0.143151 0.349772 0.237114 0.195548 0.334901 0.530870 0.487996 0.295592 0.560276 0.286735 0.071322
0.265300 0.114581 0.337278 0.338053 0.183331 0.279117 0.535674 0.556566 0.135026 0.613529 0.269962 0.185882
0.148809 0.313152 0.296778 0.365148 0.233413 0.326310 0.625624 0.474040 0.315277 0.477107 0.229539 0.187305
0.339048 0.143252 0.304755 0.291666 0.204173 0.341128 0.703020 0.578310 0.334456 0.596131 0.271973 0.186694
0.279799 0.156695 0.386378 0.324598 0.126639 0.254448 0.558418 0.510833 0.321959 0.468595 0.305285 0.067822
0.281970 0.220564 0.256249 0.247223 0.216580 0.371885 0.531677 0.443430 0.292990 0.562378 0.280730 0.190541
0.132031 0.132327 0.243940 0.309850 0.176565 0.188885 0.506868 0.440522 0.290889 0.486342 0.178445 0.128446
0.143320 0.172726 0.211277 0.255072 0.156764 0.337915 0.491992 0.487683 0.251569 0.427131 0.219299 0.182086
0.216487 0.202278 0.328646 0.246273 0.220405 0.385446 0.479436 0.570691 0.390399 0.508493 0.269387 0.144072
0.192796 0.142672 0.361717 0.219341 0.193596 0.308778 0.595714 0.477982 0.277073 0.532658 0.219452 0.170595
0.124052 0.243273 0.257893 0.281003 0.160853 0.361560 0.446812 0.589967 0.255203 0.570914 0.256088 0.125569
0.258664 0.205385 0.370782 0.249252 0.236248 0.327772 0.593361 0.624223 0.255495 0.539221 0.202948 0.085873
0.136038 0.193315 0.206208 0.141940 0.194665 0.407915 0.555734 0.523550 0.296306 0.560308 0.258583 0.221536
0.222470 0.233848 0.279904 0.249667 0.168175 0.304973 0.545225 0.539314 0.237714 0.408884 0.387673 0.165702
0.214078 0.074605 0.273961 0.272593 0.145784 0.390880 0.508158 0.460143 0.277155 0.483793 0.329871 0.113074
0.241858 0.215179 0.277570 0.272817 0.055384 0.305880 0.592509 0.538649 0.318279 0.513788 0.191639 0.257378
0.096164 0.195195 0.378980 0.285823 0.159333 0.366784 0.524201 0.511012 0.286396 0.499803 0.304227 0.159606
0.300520 0.135116 0.240330 0.185670 0.208282 0.325463 0.543477 0.487260 0.252709 0.487318 0.280073 0.234155
0.329439 0.136402 0.322569 0.248587 0.237950 0.333756 0.627952 0.460709 0.390165 0.533751 0.258517 0.201130
0.226606 0.213861 0.265597 0.278662 0.137318 0.220469 0.472394 0.544113 0.287375 0.478409 0.238845 0.173580
0.190492 0.193774 0.306549 0.201296 0.207855 0.303408 0.545375 0.535732 0.312220 0.553378 0.314127 0.220689
0.207670 0.221172 0.268379 0.273428 0.226277 0.387528 0.507434 0.502323 0.298743 0.620735 0.290817 0.132364
0.175369 0.256110 0.352547 0.275500 0.239538 0.296360 0.564215 0.538040 0.154312 0.452385 0.247928 0.196308
0.196198 0.233700 0.350271 0.341059 0.112996 0.359940 0.602491 0.481193 0.361655 0.506025 0.250626 0.191134
0.155418 0.194023 0.335261 0.221313 0.172833 0.240214 0.564172 0.502224 0.303887 0.590602 0.202731 0.206927
0.121796 0.149803 0.293006 0.233027 0.193303 0.297806 0.489525 0.430892 0.289709 0.461834 0.243007 0.190627
0.222084 0.218679 0.376615 0.200293 0.196052 0.336466 0.562405 0.568395 0.356116 0.474233 0.288781 0.118713
0.234958 0.114241 0.316922 0.210978 0.211539 0.309698 0.505438 0.416451 0.292148 0.566782 0.324172 0.142466
0.153445 0.207283 0.294164 0.396940 0.226164 0.290523 0.576012 0.490552 0.227713 0.534857 0.259810 0.124820
0.166333 0.211275 0.338581 0.314414 0.170722 0.373138 0.571818 0.531000 0.300895 0.451811 0.291305 0.203919
0.251358 0.209168 0.290978 0.220965 0.237142 0.232069 0.496804 0.557674 0.277150 0.541242 0.319494 0.233530
0.223483 0.241978 0.230346 0.253986 0.207796 0.249659 0.515908 0.439672 0.309241 0.488969 0.199323 0.255493
0.241813 0.115854 0.369080 0.151002 0.152505 0.282453 0.625319 0.442413 0.254720 0.555956 0.146435 0.190952
0.115048 0.282574 0.252560 0.320735 0.205972 0.357181 0.578070 0.495838 0.272005 0.376598 0.321977 0.193079
0.118329 0.142616 0.337619 0.312728 0.240098 0.362342 0.605589 0.539483 0.327706 0.484693 0.261991 0.128012
0.133041 0.140512 0.252177 0.339815 0.209037 0.258620 0.564910 0.496326 0.301378 0.491879 0.281467 0.222412
0.217993 0.211659 0.310411 0.271535 0.220863 0.294470 0.507833 0.441130 0.321861 0.524537 0.196723 0.117593
0.172849 0.113658 0.369967 0.309173 0.138068 0.343650 0.524713 0.455626 0.209600 0.512705 0.279873 0.183057
0.178047 0.268353 0.232266 0.234138 0.166716 0.266431 0.613528 0.489194 0.292010 0.419336 0.316180 0.287997
0.228722 0.163312 0.362953 0.251038 0.285638 0.363421 0.598789 0.530952 0.279336 0.540416 0.298809 0.197503
0.100082 0.124453 0.318038 0.379904 0.228426 0.294553 0.559466 0.420778 0.373042 0.474712 0.322257 0.134036
0.220514 0.094393 0.292831 0.322010 0.174715 0.317855 0.478418 0.591174 0.257566 0.490147 0.141092 0.219681
0.208327 0.203131 0.320035 0.218542 0.230047 0.300251 0.504497 0.497864 0.298714 0.485921 0.285868 0.175885
0.130320 0.224705 0.316123 0.246344 0.166647 0.277577 0.542915 0.546427 0.302265 0.556594 0.285688 0.141033
0.112273 0.215893 0.398537 0.325684 0.209384 0.297184 0.526045 0.439238 0.303098 0.591613 0.213693 0.198750
0.246894 0.116571 0.244647 0.279107 0.271116 0.234842 0.584173 0.574012 0.326834 0.586907 0.236505 0.247475
0.225372 0.147825 0.234492 0.297571 0.164299 0.299468 0.623328 0.552221 0.286333 0.576007 0.230283 0.150958
0.304372 0.136296 0.325825 0.243665 0.228967 0.277489 0.550683 0.490239 0.293262 0.453385 0.293584 0.218279
0.092233 0.167059 0.296183 0.278757 0.325588 0.307996 0.485881 0.502082 0.297618 0.439995 0.229252 0.183694
0.187768 0.226281 0.256579 0.328616 0.181690 0.278074 0.590900 0.427667 0.318578 0.472065 0.173393 0.117604
0.195258 0.219421 0.372838 0.215922 0.149702 0.381857 0.578968 0.488527 0.244047 0.637681 0.319128 0.199362
0.214879 0.230511 0.267359 0.295700 0.211386 0.284216 0.572490 0.426863 0.267273 0.483155 0.310322 0.188526
0.188432 0.223199 0.262863 0.299647 0.207637 0.281408 0.545801 0.411346 0.314283 0.547305 0.207742 0.168594
0.209122 0.153505 0.299888 0.276934 0.107309 0.251932 0.471817 0.553381 0.311403 0.481833 0.270545 0.208343
0.216318 0.249016 0.246960 0.322526 0.247653 0.358866 0.597949 0.605330 0.244187 0.586125 0.316968 0.160034
0.203765 0.182177 0.265829 0.180994 0.219657 0.359544 0.629291 0.538031 0.187371 0.490553 0.298461 0.211445
0.163682 0.252277 0.218079 0.220660 0.159371 0.315699 0.516415 0.478655 0.202603 0.492994 0.181917 0.139915
0.152944 0.203677 0.336393 0.229772 0.137074 0.288600 0.481014 0.516570 0.361886 0.480023 0.321590 0.192434
0.204154 0.218628 0.324996 0.152313 0.172666 0.287414 0.541590 0.418108 0.250876 0.512433 0.281868 0.073868
0.273189 0.206928 0.318100 0.105086 0.314530 0.374183 0.507401 0.564648 0.253704 0.480706 0.338715 0.217302
0.212185 0.142429 0.355568 0.213643 0.165061 0.259019 0.561506 0.444233 0.307648 0.485089 0.297918 0.206853
0.263531 0.187009 0.346207 0.180456 0.222657 0.362304 0.576352 0.422902 0.281415 0.576698 0.285763 0.206977
0.188482 0.152264 0.293442 0.262269 0.204949 0.304633 0.552544 0.527077 0.295310 0.454879 0.246470 0.242781
0.249295 0.131903 0.296560 0.262240 0.177224 0.295062 0.530847 0.465526 0.300604 0.578676 0.258483 0.238591
0.173057 0.199536 0.312970 0.365472 0.312516 0.320719 0.596792 0.518330 0.216688 0.559447 0.262498 0.198279
0.158953 0.163303 0.287757 0.296876 0.130852 0.233416 0.525831 0.597538 0.249348 0.531470 0.204420 0.126456
0.214315 0.161852 0.283912 0.296878 0.239408 0.374702 0.670746 0.506522 0.313088 0.596998 0.284599 0.107494
0.140564 0.180230 0.386505 0.291501 0.229320 0.378983 0.557845 0.454501 0.278211 0.505470 0.229955 0.070433
0.161619 0.145223 0.260399 0.316093 0.223875 0.252942 0.618434 0.517690 0.227631 0.492869 0.216465 0.191434
0.269645 0.320232 0.296966 0.329631 0.181339 0.276206 0.448302 0.588575 0.232854 0.473122 0.311558 0.223555
0.107752 0.211729 0.274441 0.285811 0.202097 0.316340 0.544905 0.523731 0.240949 0.597342 0.290534 0.155452
0.228932 0.138512 0.295812 0.229457 0.163279 0.316684 0.482425 0.481884 0.248822 0.480962 0.342944 0.137009
0.239967 0.131451 0.279506 0.259675 0.214987 0.373471 0.546013 0.589979 0.311055 0.527280 0.316467 0.078120
0.188850 0.200298 0.204352 0.281345 0.148356 0.315043 0.542962 0.545722 0.328003 0.601129 0.262805 0.195842
0.219871 0.099353 0.266236 0.294328 0.248370 0.253122 0.534214 0.498367 0.230190 0.512113 0.266752 0.107489
0.177506 0.206828 0.218770 0.270876 0.223631 0.338532 0.511744 0.534706 0.247853 0.459831 0.317307 0.141311
0.292884 0.157390 0.256721 0.257997 0.276986 0.389139 0.449868 0.525337 0.271187 0.512731 0.273592 0.096438
0.165282 0.203006 0.270632 0.235403 0.095402 0.411511 0.569404 0.580602 0.392725 0.550615 0.328574 0.183014
0.166636 0.186735 0.288053 0.266292 0.139184 0.267837 0.675270 0.539659 0.228163 0.520747 0.192485 0.186707
0.268697 0.185251 0.354640 0.214985 0.168889 0.338193 0.671157 0.499553 0.338755 0.570044 0.222448 0.112500
