1000 12 100
0.446734 0.203828 0.230226 0.200691 0.118718 0.054082 0.049489 0.487588 0.873212 0.689637 0.894115 0.247311
0.453281 0.174535 0.260619 0.205517 0.202031 -0.019544 0.128353 0.398801 0.887637 0.827239 0.806953 0.170665
0.459352 0.220879 0.179630 0.146899 0.135086 -0.019282 0.101907 0.433848 0.895349 0.664592 0.813307 0.180400
0.445063 0.105307 0.296613 0.108355 0.120692 0.067554 0.059107 0.468152 0.789683 0.702217 0.794014 0.200186
0.387305 0.169570 0.130984 0.213127 0.199454 0.072684 0.001271 0.487366 0.919476 0.709051 0.829498 0.177107
0.451490 0.112177 0.124875 0.130992 0.163352 0.149583 0.121816 0.461635 0.887334 0.745775 0.926793 0.308123
0.453095 0.202595 0.253004 0.219159 0.195341 0.039023 0.034363 0.479307 0.889990 0.637377 0.901964 0.188424
0.410915 0.161115 0.180287 0.187455 0.138688 -0.029629 0.034090 0.504813 0.775239 0.648473 0.750288 0.259814
0.404496 0.161148 0.208245 0.142849 0.193367 0.034756 0.081055 0.364378 0.892822 0.699882 0.826916 0.310206
0.413998 0.131778 0.270520 0.240888 0.125284 0.146754 0.055429 0.391804 0.926400 0.647043 0.746083 0.279194
0.449545 0.238782 0.137143 0.131881 0.107268 0.037625 0.011741 0.386260 0.759125 0.711939 0.768344 0.223775
0.421993 0.151130 0.178352 0.181565 0.148349 0.024662 0.075874 0.327964 0.847199 0.681804 0.869934 0.240097
0.464308 0.177533 0.203595 0.150137 0.146800 0.035916 0.010635 0.479927 0.822796 0.687729 0.814894 0.129186
0.596358 0.153985 0.201340 0.106262 0.184482 -0.027149 0.127531 0.369379 0.864452 0.654521 0.803154 0.217997
0.389897 0.107470 0.201473 0.180977 0.242772 0.011870 0.147862 0.503382 0.865408 0.673198 0.763986 0.214083
0.445548 0.217100 0.163244 0.113338 0.166513 -0.020881 0.040612 0.433379 0.894233 0.684661 0.844756 0.187068
0.408698 0.128759 0.198686 0.161781 0.050635 0.061988 0.034911 0.379674 0.887964 0.800608 0.846316 0.229302
0.437909 0.186630 0.143470 0.054483 0.112429 0.055275 -0.021563 0.373752 0.928954 0.736470 0.811410 0.332190
0.483738 0.194996 0.195705 0.173623 0.154815 0.118720 0.144537 0.443463 0.882415 0.639940 0.871773 0.199383
0.552874 0.105389 0.216836 0.192932 0.184909 0.146303 0.042940 0.357076 0.830110 0.737992 0.852870 0.232009
0.454647 0.186280 0.253821 0.119264 0.201896 0.015708 0.010510 0.348849 0.841252 0.635578 0.796300 0.267500
0.487802 0.262337 0.239823 0.105410 0.200410 0.039289 0.065925 0.429447 0.778237 0.674091 0.812859 0.246523
0.395515 0.172876 0.199201 0.151250 0.186963 0.009058 0.098605 0.461806 0.839445 0.720816 0.867132 0.176384
0.491367 0.281062 0.146952 0.145531 0.208093 0.025086 0.118512 0.474754 0.887373 0.735718 0.810097 0.222847
0.497125 0.228145 0.268602 0.138249 0.082058 0.022224 0.016826 0.400389 0.821320 0.612119 0.870760 0.133029
0.433814 0.087146 0.194646 0.215709 0.164558 0.006042 -0.005944 0.417570 0.901627 0.757083 0.856763 0.315881
0.494072 0.183185 0.179646 0.216150 0.176183 0.024976 0.037961 0.369675 0.894367 0.636996 0.836592 0.259005
0.426874 0.183096 0.246473 0.099569 0.116278 0.044196 -0.000204 0.445689 0.836072 0.611854 0.744125 0.270318
0.475142 0.082179 0.217991 0.144655 0.138816 0.048982 -0.029543 0.373053 0.864527 0.692513 0.831584 0.268516
0.369446 0.170754 0.237100 0.216382 0.154257 0.049388 0.019889 0.445556 0.915221 0.642039 0.913151 0.190743
0.440773 0.292747 0.174183 0.238195 0.207933 0.100956 0.098083 0.402313 0.873685 0.745460 0.805626 0.226821
0.399115 0.266736 0.284276 0.185591 0.077894 0.045198 0.084071 0.458218 0.835416 0.663497 0.840504 0.279701
0.441809 0.134756 0.230586 0.198744 0.147929 -0.001630 0.075578 0.392170 0.899984 0.716365 0.863595 0.177259
0.442202 0.215745 0.167502 0.236328 0.040126 0.105959 0.033235 0.546725 0.864123 0.582104 0.767098 0.165757
0.512442 0.211633 0.185702 0.132842 0.176790 0.088551 -0.038247 0.360003 0.779178 0.710246 0.902468 0.182863
0.394785 0.112564 0.121181 0.111551 0.173029 -0.001554 0.057127 0.426174 0.843791 0.742375 0.876215 0.252848
0.464528 0.146699 0.192552 0.156560 0.146078 0.042155 0.082674 0.375354 0.864206 0.612208 0.805236 0.289840
0.514324 0.204060 0.203318 0.123695 0.261605 -0.027806 0.102244 0.403444 0.837843 0.719821 0.839225 0.214307
0.473664 0.201633 0.178853 0.141054 0.093402 0.019257 0.060513 0.431608 0.854098 0.682800 0.879670 0.317324
0.388894 0.159149 0.113887 0.167221 0.090263 0.023282 0.030933 0.366792 0.891748 0.766840 0.756733 0.200606
0.360975 0.103608 0.206283 0.214373 0.107091 0.058206 0.097664 0.390690 0.868543 0.694871 0.974588 0.252121
0.460003 0.175491 0.171346 0.195704 0.114369 0.036515 0.108499 0.410416 0.898900 0.710005 0.861064 0.299912
0.449760 0.239595 0.197667 0.183014 0.142829 0.015373 0.071720 0.439874 0.784482 0.747757 0.902251 0.272172
0.449504 0.251493 0.254583 0.313884 0.136687 0.022047 0.026207 0.465648 0.875284 0.625559 0.819426 0.332342
0.464394 0.192347 0.213215 0.063933 0.142016 -0.010424 0.041376 0.358523 0.833442 0.780229 0.876606 0.300757
0.430528 0.237219 0.279278 0.198736 0.139562 0.024843 0.095173 0.433012 0.873204 0.612338 0.811879 0.262083
0.363904 0.129746 0.224708 0.250598 0.134284 0.046499 0.062553 0.371452 0.879384 0.642069 0.758521 0.221461
0.445523 0.157550 0.217393 0.243886 0.163124 0.029420 0.137016 0.353567 0.846349 0.657002 0.892949 0.337403
0.535377 0.124711 0.246368 0.165038 0.165614 0.052892 0.055124 0.406037 0.890453 0.765346 0.827345 0.251550
0.495671 0.243517 0.159024 0.179222 0.095675 0.072251 0.004793 0.403133 0.865829 0.631974 0.847269 0.214277
0.484937 0.223457 0.246060 0.133087 0.240835 0.040397 0.043692 0.416157 0.905065 0.740993 0.865961 0.239780
0.489254 0.148550 0.252451 0.182237 0.112784 0.106363 0.074103 0.338228 0.884073 0.709044 0.779032 0.218227
0.322953 0.158034 0.275056 0.208728 0.172967 0.055094 0.083732 0.437398 0.908723 0.666660 0.863833 0.191809
0.500358 0.171081 0.182555 0.120335 0.125747 0.059820 0.042288 0.493276 0.824596 0.706510 0.876755 0.330167
0.432349 0.154376 0.157694 0.108134 0.141738 -0.053784 0.104684 0.487318 0.820570 0.630095 0.814172 0.249561
0.460745 0.162355 0.080784 0.108469 0.196635 0.007366 -0.009578 0.405552 0.855405 0.698848 0.917144 0.328739
0.434987 0.225129 0.244699 0.154101 0.214195 0.058882 0.038181 0.397692 0.798646 0.719211 0.933068 0.227432
0.499779 0.207952 0.161468 0.157806 0.157767 0.090361 0.096597 0.426003 0.844519 0.702831 0.848158 0.214753
0.458153 0.204166 0.174936 0.151869 0.218057 -0.000065 0.036234 0.392947 0.900549 0.722814 0.874012 0.249710
0.439732 0.143281 0.197231 0.234191 0.135821 0.034046 0.053126 0.417550 0.779580 0.703230 0.810772 0.218353
0.416629 0.156902 0.265378 0.104953 0.064729 0.072887 0.081531 0.398438 0.874467 0.705351 0.912850 0.228901
0.518449 0.117717 0.099430 0.117258 0.176658 0.077567 -0.018152 0.456630 0.838294 0.713036 0.795483 0.232596
0.406932 0.196189 0.205834 0.087059 0.173429 0.023278 0.136872 0.435118 0.902591 0.766808 0.827376 0.256547
0.460575 0.157018 0.192347 0.196952 0.165387 0.065685 0.068007 0.491426 0.843992 0.702626 0.817373 0.191673
0.466496 0.265248 0.138245 0.192916 0.228507 0.055937 0.116309 0.423859 0.875723 0.710299 0.811673 0.208762
0.401109 0.196751 0.224671 0.211862 0.183755 0.042645 -0.004402 0.491938 0.787590 0.759074 0.861298 0.212035
0.420271 0.248222 0.182770 0.233883 0.092396 0.069880 -0.007407 0.370746 0.810119 0.681607 0.835864 0.147323
0.492645 0.262870 0.218966 0.189187 0.165921 0.042044 0.078106 0.429852 0.844604 0.654511 0.829116 0.237718
0.470068 0.161730 0.202400 0.236188 0.234437 0.059470 0.055111 0.404026 0.908996 0.691873 0.788321 0.252871
0.546069 0.139612 0.245930 0.243815 0.146135 0.019062 0.060435 0.431815 0.830805 0.744684 0.856787 0.211426
0.478046 0.197230 0.155755 0.177682 0.125731 0.020589 0.042316 0.376093 0.819192 0.705641 0.878793 0.234215
0.492330 0.175048 0.187911 0.180768 0.118819 0.074343 0.074545 0.423478 0.730702 0.746220 0.893991 0.230411
0.480861 0.168107 0.306732 0.182915 0.187625 0.053642 0.122035 0.496897 0.880078 0.700220 0.833223 0.216054
0.471636 0.202279 0.139194 0.163485 0.184870 0.095787 0.046708 0.423370 0.791965 0.630088 0.905030 0.176919
0.382235 0.349279 0.162764 0.192274 0.158986 -0.012510 0.049801 0.312050 0.892594 0.695337 0.760292 0.401134
0.477481 0.050898 0.203211 0.121516 0.156569 -0.014046 0.000859 0.435505 0.810795 0.768966 0.885646 0.316535
0.423484 0.235321 0.218494 0.242101 0.104394 0.021355 0.005395 0.334344 0.816418 0.691269 0.737669 0.239633
0.438423 0.174318 0.177784 0.185473 0.125082 0.099637 0.117454 0.434921 0.843637 0.705889 0.781259 0.267190
0.452979 0.150475 0.155620 0.180318 0.209668 0.045682 0.021886 0.449679 0.861748 0.698700 0.778975 0.206305
0.407878 0.167051 0.191390 0.274135 0.249946 0.047288 0.125900 0.224553 0.912370 0.646723 0.788750 0.291120
0.529626 0.110575 0.200322 0.149106 0.156018 0.067194 0.061868 0.468207 0.747347 0.631106 0.680824 0.390130
0.461352 0.242303 0.162504 0.186316 0.134098 0.028856 -0.021131 0.485093 0.877440 0.673084 0.805530 0.305276
0.426165 0.111184 0.193411 0.076166 0.163561 0.055488 0.080348 0.482797 0.819283 0.708477 0.799388 0.171579
0.445392 0.236654 0.225314 0.164366 0.189541 0.097777 0.117651 0.459751 0.883276 0.678695 0.793192 0.165839
0.507235 0.148493 0.280126 0.182844 0.158958 0.114828 0.113436 0.511422 0.885840 0.730669 0.889451 0.282404
0.447388 0.222032 0.243525 0.129896 0.108549 0.021823 0.088022 0.461686 0.962941 0.692508 0.881060 0.258843
0.402744 0.242812 0.162919 0.163204 0.148021 0.037206 0.107707 0.415882 0.902971 0.726693 0.851472 0.221877
0.377378 0.150079 0.221782 0.151385 0.155511 0.047872 0.073723 0.359431 0.855176 0.727626 0.897752 0.233340
0.345870 0.151276 0.145905 0.190331 0.185506 0.063680 0.072249 0.528900 0.887309 0.592057 0.842096 0.226796
0.418849 0.136428 0.173595 0.220897 0.185422 0.060727 0.048888 0.411280 0.778430 0.708402 0.808792 0.205971
0.481010 0.137651 0.177920 0.244681 0.142095 0.088626 0.032217 0.428054 0.909581 0.697378 0.797195 0.224255
0.434133 0.246410 0.252330 0.249018 0.100862 0.059787 -0.050096 0.305089 0.913664 0.642292 0.842276 0.182542
0.413252 0.156436 0.256867 0.187928 0.104385 0.039947 0.019425 0.367290 0.750587 0.714491 0.820274 0.281023
0.461400 0.110752 0.159636 0.177605 0.110046 -0.031550 -0.005169 0.406501 0.935966 0.729190 0.900893 0.281946
0.334377 0.180719 0.122570 0.093420 0.117587 0.073989 0.032960 0.365738 0.794410 0.727591 0.831162 0.211060
0.437409 0.236566 0.207444 0.150675 0.254815 0.029936 0.090369 0.471360 0.859014 0.832558 0.799902 0.268196
0.478366 0.212637 0.241047 0.178999 0.148295 0.053330 -0.015483 0.395223 0.906170 0.694866 0.857476 0.229462
0.391420 0.054449 0.211601 0.137091 0.046174 0.045598 -0.030017 0.394064 0.880342 0.691066 0.817816 0.265643
0.419579 0.085233 0.222282 0.264179 0.148299 -0.043103 0.032558 0.362401 0.955251 0.694617 0.843607 0.243097
0.440963 0.139920 0.218415 0.100675 0.143410 0.072887 0.021679 0.385789 0.836435 0.724584 0.835562 0.202513
0.374053 0.155571 0.166178 0.210635 0.243785 0.093155 0.063407 0.436276 0.870308 0.756090 0.897654 0.254332
0.375757 0.153941 0.166902 0.219122 0.125836 0.075389 0.041442 0.426462 0.821270 0.714100 0.862073 0.185531
0.498335 0.181854 0.210270 0.122302 0.194861 0.024986 0.076637 0.413178 0.807542 0.718986 0.779929 0.220886
0.424091 0.102482 0.220337 0.094772 0.202654 0.101839 0.028670 0.435802 0.853545 0.734674 0.884139 0.298138
0.429623 0.177087 0.158363 0.193405 0.138271 0.104476 -0.022739 0.444151 0.925942 0.670546 0.918265 0.229444
0.416533 0.189568 0.251818 0.076756 0.206651 0.128322 0.100619 0.517275 0.892436 0.616171 0.811797 0.033182
0.447923 0.138388 0.129378 0.138146 0.116960 0.058338 0.048829 0.404272 0.935596 0.691853 0.809169 0.277236
0.373925 0.203311 0.205865 0.161427 0.157646 -0.030697 0.058343 0.370850 0.811634 0.660744 0.734912 0.288702
0.423508 0.215668 0.175419 0.130557 0.126421 0.029851 0.021229 0.339334 0.880562 0.617850 0.837468 0.290522
0.484696 0.218792 0.134835 0.167978 0.149343 -0.061095 0.041141 0.405861 0.813413 0.680014 0.840483 0.235354
0.421637 0.197544 0.211916 0.143871 0.133130 0.106849 0.128328 0.468740 0.849471 0.691534 0.911769 0.194596
0.470329 0.279546 0.160877 0.160456 0.163958 0.072697 0.059531 0.312158 0.868518 0.696509 0.883999 0.365499
0.393074 0.158371 0.230395 0.133702 0.127674 0.105368 0.001626 0.383638 0.912375 0.683012 0.877387 0.245103
0.336896 0.187133 0.193543 0.264342 0.134604 0.010195 0.032077 0.336947 0.871659 0.593825 0.870845 0.271821
0.410897 0.210355 0.179993 0.134529 0.102705 0.032596 0.079883 0.410084 0.790459 0.757207 0.788111 0.230136
0.487677 0.243679 0.142106 0.169644 0.179170 0.061486 0.009456 0.448557 0.791265 0.655275 0.753400 0.312448
0.452448 0.204612 0.206119 0.231951 0.141836 0.122352 0.068357 0.382702 0.890523 0.710105 0.837324 0.197579
0.432336 0.162139 0.121638 0.153718 0.212637 0.055212 0.037646 0.393563 0.978864 0.810563 0.876235 0.238805
0.434034 0.242998 0.224365 0.137611 0.099964 0.068497 0.101673 0.395744 0.801346 0.681501 0.890945 0.329099
0.471435 0.273364 0.217904 0.165244 0.171390 0.050669 0.091999 0.397110 0.723099 0.685647 0.830016 0.238380
0.408707 0.149125 0.215187 0.296854 0.225146 0.064745 0.068560 0.429151 0.835193 0.731287 0.792215 0.221638
0.418546 0.231460 0.184185 0.183342 0.187350 0.028907 0.066823 0.346517 0.885442 0.700816 0.835164 0.217887
0.371836 0.201981 0.189694 0.224812 0.026326 -0.059198 0.042429 0.481872 0.915757 0.624099 0.825262 0.326661
0.475808 0.187179 0.170014 0.155640 0.078950 0.111703 0.015851 0.408088 0.813154 0.741633 0.809992 0.257897
0.494378 0.161719 0.188573 0.233793 0.161579 0.118613 0.064064 0.336176 0.918512 0.855556 0.878896 0.274916
0.359070 0.215724 0.198253 0.133661 0.158842 -0.012364 0.090002 0.432288 0.875384 0.733244 0.843484 0.207455
0.462719 0.090454 0.262690 0.178536 0.094358 0.085714 0.134603 0.317743 0.890170 0.669387 0.832056 0.249326
0.419546 0.200241 0.216250 0.119834 0.038347 0.058196 0.078415 0.440310 0.852147 0.664321 0.801106 0.232659
0.392385 0.142998 0.162152 0.181175 0.178161 -0.016423 0.036771 0.464146 0.865379 0.664950 0.864983 0.347486
0.369260 0.200748 0.171618 0.070111 0.087006 -0.041012 0.033294 0.294951 0.922041 0.632066 0.867178 0.256494
0.295361 0.153119 0.192382 0.128870 0.181383 0.006543 0.134401 0.386887 0.823989 0.737305 0.884470 0.237876
0.401447 0.201146 0.188289 0.222318 0.178809 0.037815 0.078999 0.357356 0.847976 0.765008 0.719854 0.261918
0.479606 0.224586 0.156593 0.136627 0.177883 0.148112 0.074693 0.471035 0.812406 0.591895 0.821556 0.277006
0.516211 0.244212 0.280218 0.126604 0.148486 -0.002370 0.002874 0.409951 0.770122 0.674165 0.817600 0.269163
0.405234 0.203008 0.225303 0.189205 0.143114 0.028891 0.057422 0.403128 0.782522 0.707279 0.795461 0.215603
0.525814 0.238484 0.191007 0.166202 0.180430 0.063721 0.087315 0.494211 0.832773 0.761612 0.836575 0.220810
0.492391 0.073707 0.235580 0.220464 0.156144 0.043189 0.100103 0.398275 0.841952 0.749742 0.746353 0.168653
0.355492 0.218459 0.228370 0.161067 0.147467 -0.000304 -0.002631 0.467537 0.817460 0.688310 0.894570 0.273258
0.412477 0.207677 0.196719 0.141414 0.160541 0.077655 0.051816 0.436436 0.865889 0.754493 0.728707 0.305230
0.413246 0.128363 0.230299 0.164006 0.122907 0.107952 0.049653 0.343637 0.849318 0.644791 0.812099 0.221971
0.416674 0.210901 0.145390 0.173176 0.103746 0.095957 0.056754 0.417289 0.901049 0.754486 0.868049 0.330516
0.345415 0.129531 0.249971 0.244016 0.134074 0.084302 0.049943 0.432816 0.872989 0.706114 0.836901 0.254756
0.494466 0.210370 0.239278 0.214279 0.166858 0.062700 0.053212 0.376318 0.853199 0.642876 0.819147 0.149959
0.414095 0.158548 0.296268 0.219541 0.110786 0.043432 0.044820 0.433770 0.851287 0.732743 0.742488 0.280085
0.440157 0.203586 0.208003 0.111516 0.158483 0.061685 0.083138 0.409294 0.882787 0.807706 0.921430 0.273044
0.428504 0.105913 0.111852 0.147198 0.198532 0.092087 0.040979 0.401573 0.867500 0.638766 0.908525 0.180442
0.405724 0.128569 0.215776 0.214252 0.116661 0.033548 0.036744 0.324794 0.916808 0.662189 0.776289 0.163801
0.546798 0.140286 0.110476 0.237946 0.142025 0.122749 0.045020 0.436513 0.830222 0.691884 0.767617 0.187982
0.479221 0.171927 0.139111 0.100199 0.069754 0.169074 0.010245 0.402006 0.806381 0.725712 0.915785 0.108135
0.399888 0.176583 0.209328 0.217055 0.257632 0.005118 0.002601 0.465606 0.832953 0.749432 0.884053 0.214593
0.455306 0.223299 0.177888 0.174513 0.148677 0.045009 -0.033865 0.399039 0.832228 0.685984 0.801368 0.297517
0.533688 0.095501 0.206206 0.131487 0.263458 0.114641 0.080402 0.357507 0.860226 0.715347 0.814154 0.306277
0.310517 0.108163 0.209141 0.165150 0.113920 0.012733 0.057162 0.380140 0.877826 0.664238 0.827243 0.274628
0.488001 0.224586 0.223123 0.307139 0.222248 -0.004011 0.012886 0.432000 0.780437 0.771653 0.872300 0.224384
0.410972 0.205436 0.232583 0.166629 0.153912 0.004042 0.055964 0.382255 0.908063 0.743101 0.776875 0.246829
0.440098 0.265498 0.207410 0.192830 0.179002 -0.002722 0.030255 0.368352 0.952346 0.659639 0.849090 0.286111
0.503371 0.239823 0.206571 0.289987 0.176327 0.029811 0.030279 0.433155 0.811947 0.682845 0.797880 0.271969
0.428437 0.154311 0.157393 0.101404 0.129324 0.003977 0.085556 0.382800 0.836268 0.633732 0.739303 0.251441
0.424358 0.115862 0.219294 0.157066 0.178888 0.050763 0.112310 0.489390 0.838292 0.685431 0.807076 0.144456
0.440101 0.122950 0.260743 0.127445 0.172428 0.104318 0.038016 0.396973 0.792727 0.710951 0.843880 0.214540
0.488719 0.226234 0.190083 0.199251 0.232276 0.104548 0.065463 0.338245 0.826285 0.627593 0.905318 0.215093
0.491687 0.162715 0.227879 0.216996 0.126372 0.033162 0.062278 0.366860 0.820911 0.638817 0.799112 0.241256
0.463539 0.176904 0.182367 0.239856 0.213228 0.025064 0.124274 0.379595 0.748065 0.678124 0.835614 0.268937
0.438728 0.135166 0.256036 0.177271 0.203423 -0.017920 0.090776 0.415579 0.850521 0.707022 0.849792 0.212299
0.417282 0.151402 0.195098 0.243417 0.131002 0.065357 0.036307 0.408333 0.828969 0.664213 0.816440 0.231669
0.402817 0.215070 0.232693 0.215065 0.161472 0.029371 0.044850 0.419756 0.852074 0.623395 0.804868 0.226911
0.429824 0.119677 0.220085 0.121629 0.116950 0.021743 0.021837 0.431999 0.791183 0.765486 0.874156 0.266651
0.646000 0.171039 0.521119 0.119532 0.573519 0.560605 0.370888 0.113343 0.839065 0.967731 0.011348 0.983108
0.646177 0.280061 0.469159 0.296274 0.583441 0.484439 0.385345 0.140048 0.702320 1.061060 0.057882 0.981788
0.632947 0.232922 0.440267 0.237672 0.549726 0.431026 0.353822 0.125974 0.847438 0.921407 -0.024036 0.977981
0.689891 0.201846 0.543478 0.240858 0.666349 0.531876 0.265842 0.148009 0.877873 0.949059 -0.018536 0.971044
0.640592 0.238643 0.484884 0.110580 0.691161 0.477539 0.331902 0.094647 0.844316 0.945948 -0.011861 0.952475
0.656650 0.157813 0.476047 0.156680 0.593686 0.559535 0.305443 0.143393 0.778047 0.970623 -0.072128 0.942484
0.717116 0.213499 0.442789 0.125383 0.646670 0.523097 0.277171 0.194472 0.782199 0.997228 -0.065986 0.981547
0.685780 0.257399 0.545237 0.228117 0.557689 0.495051 0.314636 0.123925 0.849812 0.876970 0.054267 1.012879
0.602183 0.189456 0.565462 0.221334 0.606955 0.524019 0.411997 0.158266 0.837411 0.964271 -0.003996 0.957342
0.642234 0.228919 0.394343 0.162739 0.599550 0.475452 0.342243 0.184822 0.882646 1.056957 -0.028091 0.968397
0.585618 0.193912 0.469493 0.087394 0.638778 0.509733 0.404786 0.175769 0.803522 0.980649 0.042135 1.039133
0.678476 0.143119 0.508078 0.195160 0.583948 0.511568 0.327607 0.099953 0.772580 1.030031 0.040550 0.989756
0.671686 0.194527 0.505093 0.242426 0.629233 0.585233 0.316206 0.073823 0.841107 0.971871 -0.016237 0.889263
0.745661 0.197614 0.585401 0.247076 0.638933 0.489440 0.247865 0.184708 0.847090 0.940034 0.072166 1.051759
0.569277 0.271493 0.438050 0.157468 0.609862 0.532694 0.328787 0.134905 0.761072 0.959560 0.035049 0.937351
0.706955 0.212150 0.544311 0.213108 0.631796 0.499935 0.310420 0.096497 0.821113 0.869707 0.024053 0.994234
0.571280 0.087646 0.600887 0.245859 0.644046 0.483111 0.358914 0.125872 0.895053 0.949071 0.022749 0.998028
0.589120 0.282476 0.544612 0.272782 0.593506 0.516188 0.274081 0.192597 0.798950 0.984327 0.001787 0.943599
0.536209 0.158023 0.562618 0.125882 0.593806 0.534833 0.268968 0.159537 0.882386 0.977843 -0.013925 0.953072
0.574793 0.224890 0.525612 0.184381 0.597616 0.489075 0.287993 0.243135 0.955767 0.867517 -0.057094 0.962175
0.721768 0.179213 0.608395 0.242792 0.577918 0.488602 0.381438 0.220727 0.849450 0.997032 0.183004 1.026421
0.614689 0.202757 0.461969 0.228490 0.563577 0.413552 0.389829 0.208780 0.876586 0.984111 -0.073855 0.898261
0.728370 0.266739 0.587926 0.251010 0.608341 0.475857 0.413249 0.117453 0.805091 0.889692 0.046379 0.964017
0.589835 0.190223 0.509614 0.190054 0.571145 0.501435 0.240399 0.090291 0.868464 1.039869 0.090218 0.937622
0.585471 0.124096 0.455672 0.249636 0.592855 0.533770 0.323208 0.210278 0.835103 0.939425 -0.011427 0.997518
0.556267 0.224242 0.450551 0.310313 0.620073 0.566894 0.314975 0.092130 0.830967 0.950775 0.150014 0.939917
0.634374 0.188431 0.565315 0.304479 0.643778 0.530286 0.322078 0.083196 0.872582 0.893333 0.057199 0.925716
0.675351 0.154560 0.482356 0.154186 0.640387 0.644632 0.313160 0.200766 0.857226 1.054039 0.063438 1.035678
0.644664 0.225224 0.608716 0.284098 0.524701 0.568250 0.324848 0.134874 0.855033 0.966700 0.055077 0.925530
0.658530 0.147006 0.528116 0.235598 0.586953 0.485348 0.252500 0.111666 0.877695 0.971704 0.001722 0.945728
0.682251 0.259567 0.537857 0.293607 0.581876 0.570696 0.317641 0.220404 0.834281 0.903680 -0.021471 0.952935
0.631802 0.209544 0.527177 0.222994 0.643553 0.553241 0.242358 0.186212 0.825136 1.002616 -0.011971 0.978208
0.677928 0.338403 0.615033 0.212614 0.591964 0.480751 0.261395 0.082350 0.851057 1.033256 -0.013470 0.961384
0.617764 0.207101 0.581605 0.224371 0.570965 0.430787 0.289033 0.178026 0.867999 1.064409 0.057257 0.907270
0.523636 0.233909 0.557543 0.152256 0.709441 0.578856 0.403422 0.174184 0.752271 0.966071 0.051669 0.984094
0.571706 0.211613 0.517728 0.229830 0.559381 0.485740 0.217624 0.132657 0.927575 1.019625 0.054129 1.023600
0.667446 0.127212 0.519686 0.282250 0.600832 0.427947 0.335851 0.111214 0.787039 0.987323 0.059820 1.064106
0.690122 0.256085 0.544391 0.175530 0.592149 0.505884 0.344981 0.186525 0.870534 1.030924 -0.032581 0.961880
0.627548 0.230152 0.506582 0.235312 0.625931 0.588950 0.298777 0.174528 0.653932 1.017506 0.091355 0.872147
0.654148 0.189719 0.522204 0.180212 0.623133 0.513283 0.276361 0.134388 0.824780 1.033874 -0.010021 0.956578
0.648984 0.253013 0.534256 0.279702 0.547496 0.531210 0.253888 0.142265 0.789778 0.980275 0.075219 0.910906
0.709386 0.178428 0.485593 0.144117 0.609228 0.530285 0.351383 0.080024 0.834896 0.997578 0.104757 0.975166
0.606975 0.258460 0.534489 0.260171 0.588136 0.363795 0.231768 0.154192 0.868308 0.994293 0.027324 1.096910
0.605129 0.274351 0.548147 0.233667 0.657495 0.536236 0.220360 0.128468 0.921365 1.042535 0.089578 1.044987
0.610076 0.217073 0.425702 0.215041 0.587264 0.538509 0.305673 0.154888 0.866397 1.032241 0.063221 0.872019
0.526823 0.206573 0.387747 0.171133 0.572774 0.519265 0.384942 0.216559 0.952051 1.041292 0.085044 1.057623
0.688146 0.145918 0.551508 0.178719 0.640433 0.405648 0.274839 0.173827 0.801220 0.895649 0.113731 0.990960
0.661754 0.258521 0.547718 0.236014 0.621487 0.515431 0.315144 0.220023 0.898070 0.923439 0.084224 1.093440
0.573347 0.235238 0.487642 0.252074 0.632688 0.515099 0.374611 0.080744 0.854634 0.938262 0.122246 0.890538
0.610154 0.227272 0.574435 0.229438 0.547748 0.528783 0.340717 0.132940 0.848888 1.042716 0.014594 0.930611
0.631763 0.157934 0.474346 0.100337 0.598672 0.501578 0.345477 0.079058 0.806175 1.063403 -0.002086 1.109730
0.663430 0.258049 0.525424 0.254848 0.651221 0.533904 0.297845 0.201560 0.744088 0.944644 0.109742 0.870913
0.582365 0.288886 0.537199 0.166713 0.591316 0.549751 0.306977 0.230462 0.885577 0.970933 0.085009 1.021360
0.682681 0.174093 0.517220 0.226266 0.508168 0.546742 0.307605 0.210990 0.849653 1.033073 0.116333 1.016421
0.595769 0.169819 0.588639 0.137694 0.593154 0.523390 0.304652 0.149485 0.813994 1.025979 0.017038 0.973700
0.674241 0.296565 0.565141 0.268163 0.589104 0.555356 0.250415 0.205213 0.846403 1.046712 0.088257 0.983072
0.684014 0.179126 0.558497 0.250058 0.615663 0.436763 0.320305 0.176760 0.900226 1.000180 0.008994 0.877472
0.697626 0.241925 0.506323 0.305044 0.577688 0.476166 0.331765 0.101717 0.806274 0.991274 0.071858 0.991802
0.613141 0.201526 0.460300 0.133820 0.650629 0.527128 0.272574 0.201987 0.773114 0.916106 -0.055654 0.965977
0.557764 0.173501 0.491894 0.270667 0.560723 0.534898 0.218102 0.247849 0.872067 0.993460 -0.028094 0.941084
0.671791 0.228003 0.483147 0.146749 0.554595 0.521674 0.361878 0.161264 0.829715 1.037786 0.035107 0.969963
0.632898 0.195897 0.532149 0.273007 0.526940 0.571914 0.305068 0.290366 0.843674 0.906737 -0.014292 1.002490
0.617355 0.187637 0.573530 0.231488 0.702655 0.459527 0.273951 0.138755 0.836725 1.055440 0.034543 1.017331
0.723897 0.280140 0.410231 0.234552 0.473232 0.471845 0.202646 0.077971 0.841550 0.957363 0.028087 0.923902
0.575402 0.258229 0.512827 0.230126 0.650623 0.591495 0.372739 0.157462 0.785988 0.972529 0.006769 0.914459
0.632740 0.180537 0.515418 0.256908 0.616526 0.543236 0.320721 0.069692 0.835104 1.081648 -0.069072 0.974941
0.658031 0.264213 0.505623 0.241310 0.535189 0.463487 0.253249 0.125145 0.874170 0.988489 0.050246 0.965563
0.663263 0.165928 0.521864 0.261427 0.543047 0.485703 0.360141 0.082841 0.746950 1.062852 0.040651 1.090670
0.664674 0.181881 0.526378 0.292062 0.587782 0.549076 0.243043 0.200204 0.725263 0.958210 0.022618 0.981127
0.602507 0.238557 0.535295 0.211729 0.534602 0.527175 0.350062 0.185853 0.838860 1.004680 0.050252 1.017387
0.693224 0.198634 0.544209 0.225410 0.639016 0.548024 0.324498 0.134229 0.890048 1.005109 0.101432 0.999258
0.611951 0.275238 0.474219 0.241646 0.594082 0.551151 0.386005 0.134528 0.702210 0.999996 0.092144 1.011228
0.601492 0.233508 0.593774 0.196982 0.659493 0.495997 0.199617 0.138698 0.833938 0.920472 -0.000929 1.017740
0.800663 0.247199 0.549236 0.218663 0.555887 0.512209 0.391523 0.183986 0.777853 1.043558 0.095222 0.885021
0.630451 0.217095 0.471130 0.313487 0.634449 0.642986 0.270019 0.124669 0.741725 0.948880 0.082928 0.971376
0.675588 0.187955 0.487267 0.258008 0.715506 0.565582 0.306753 0.055354 0.838480 1.049426 0.003134 0.864779
0.665975 0.233027 0.518907 0.271455 0.549791 0.500061 0.298909 0.041843 0.849561 1.009065 0.038742 0.998060
0.684489 0.213366 0.459791 0.207178 0.633732 0.563672 0.252759 0.105229 0.858641 1.043141 -0.021986 1.026824
0.581183 0.287445 0.455420 0.252251 0.656838 0.485730 0.367654 0.158061 0.990078 0.977442 0.075849 0.924400
0.626463 0.226711 0.568830 0.242241 0.733969 0.492841 0.352619 0.185352 0.898255 0.978474 -0.009490 0.974602
0.493709 0.132693 0.497516 0.223028 0.750122 0.487153 0.322666 0.187404 0.817650 0.992777 0.064036 0.973615
0.721641 0.173042 0.501532 0.263781 0.559944 0.467529 0.349983 0.106743 0.824925 0.983981 0.050342 0.897794
0.720017 0.195421 0.481794 0.251660 0.718571 0.550246 0.231852 0.202535 0.832386 0.949913 0.013016 0.951958
0.593643 0.256328 0.541092 0.138130 0.690712 0.333876 0.278934 0.193075 0.793983 0.958730 0.020585 0.943346
0.660548 0.260707 0.527758 0.219279 0.624430 0.406881 0.246742 0.109528 0.852223 0.902077 0.048671 0.984284
0.618088 0.229244 0.539198 0.186705 0.625975 0.543178 0.364872 0.127832 0.769241 0.901206 0.024853 0.940566
0.587457 0.331808 0.458249 0.280981 0.650712 0.588140 0.343430 0.222515 0.784845 1.055105 -0.015531 0.974463
0.691461 0.172674 0.572331 0.156943 0.531718 0.316435 0.269700 0.133738 0.880080 1.020472 0.096561 0.971553
0.612364 0.096572 0.531022 0.224244 0.646063 0.580952 0.341088 0.180968 0.823069 0.907378 0.094016 0.962522
0.562124 0.300058 0.542922 0.222329 0.681053 0.576810 0.312053 0.141806 0.912621 0.933324 0.092369 0.949331
0.557588 0.132627 0.572402 0.286963 0.642093 0.569730 0.300292 0.171241 0.876730 1.026965 0.092041 0.993096
0.597575 0.200642 0.495912 0.164823 0.637449 0.583055 0.332842 0.089931 0.854481 1.069339 -0.004424 1.033926
0.705731 0.215465 0.539793 0.190004 0.604698 0.461075 0.275008 0.211666 0.836374 0.889091 0.003200 0.880707
0.739405 0.241171 0.599056 0.178187 0.693239 0.546920 0.307644 0.229515 0.856873 0.978953 0.142105 0.959744
0.611020 0.240339 0.612433 0.152753 0.626943 0.490435 0.348710 0.122140 0.813880 0.970425 -0.007814 1.002499
0.667946 0.213743 0.513618 0.266350 0.557837 0.500682 0.301001 0.149866 0.775755 0.918133 0.045557 0.926619
0.682851 0.195767 0.551185 0.212132 0.597345 0.470433 0.318135 0.203780 0.808021 1.015437 -0.005866 0.932500
0.591678 0.218496 0.479528 0.191849 0.524182 0.467913 0.254716 0.144288 0.836050 0.909744 0.052366 1.025866
0.622915 0.231711 0.479836 0.284851 0.654183 0.570962 0.268277 0.149580 0.804436 1.040336 0.070151 0.995971
0.644321 0.261915 0.553576 0.225072 0.568297 0.590345 0.279360 0.134526 0.811240 0.952120 -0.003754 1.008672
0.683005 0.218814 0.647523 0.220503 0.664700 0.542820 0.283795 0.148972 0.883341 1.004190 0.050455 1.039918
0.660449 0.178176 0.466200 0.285425 0.564981 0.467881 0.222247 0.153360 0.795916 1.007059 0.066518 0.914813
0.607268 0.294805 0.557568 0.162605 0.546149 0.566011 0.258132 0.161007 0.855682 0.847510 0.056298 0.946031
0.656406 0.174727 0.491374 0.216697 0.661863 0.446349 0.381154 0.242954 0.857955 0.950944 0.011541 0.935372
0.667571 0.174271 0.483431 0.221206 0.612263 0.446063 0.333239 0.136197 0.850955 1.038194 0.021560 0.963818
0.704041 0.220630 0.508282 0.199364 0.653327 0.565457 0.279445 0.166277 0.770902 1.062032 0.068172 0.961291
0.640447 0.234745 0.633119 0.175238 0.552160 0.559705 0.400851 0.192936 0.836588 1.009445 0.043290 0.929684
0.709981 0.263316 0.580665 0.116770 0.539126 0.578582 0.336552 0.091816 0.880998 0.973197 0.035750 0.988599
0.591794 0.200006 0.479719 0.187504 0.587609 0.519191 0.252894 0.172525 0.926467 0.920268 0.078867 0.993255
0.639478 0.200519 0.568306 0.216467 0.566219 0.612037 0.279577 0.100734 0.856799 0.990754 -0.035594 0.951370
0.642550 0.205559 0.489515 0.130608 0.618787 0.583963 0.352237 0.151013 0.829464 0.900237 0.166025 1.042498
0.587652 0.099038 0.586629 0.288217 0.651168 0.442672 0.299394 0.171799 0.886042 0.913950 0.081701 0.984945
0.552966 0.183631 0.599359 0.276007 0.637721 0.498234 0.295053 0.268492 0.820268 0.965745 -0.045089 0.991731
0.527620 0.196498 0.569322 0.270111 0.697220 0.498965 0.250402 0.127402 0.940505 0.956162 0.067480 0.930850
0.739745 0.245173 0.522188 0.218022 0.702175 0.489123 0.374485 0.204160 0.825992 1.006296 0.036108 1.101182
0.699671 0.234336 0.432281 0.196417 0.570021 0.554162 0.268145 0.149895 0.972693 0.985431 0.020833 1.003792
0.654953 0.203048 0.566904 0.280076 0.616811 0.487295 0.274949 0.108912 0.810022 1.028122 -0.001272 0.948845
0.566304 0.117875 0.420397 0.172157 0.619388 0.520353 0.354949 0.233184 0.669172 0.989639 0.048894 0.906511
0.667518 0.206246 0.544161 0.254796 0.593552 0.653760 0.349209 0.259695 0.864212 0.964300 -0.001971 1.056540
0.666120 0.208029 0.472626 0.191921 0.573523 0.518009 0.308042 0.089452 0.833243 1.063329 0.019385 1.044783
0.638418 0.302336 0.463706 0.145515 0.614068 0.442181 0.333879 0.213332 0.829513 0.972350 0.047864 0.973393
0.597878 0.171522 0.597589 0.242393 0.609733 0.546371 0.251965 0.181531 0.831658 0.990762 0.146876 0.891923
0.701510 0.166647 0.472438 0.214017 0.616938 0.523530 0.375423 0.079108 0.920846 0.996884 0.112987 0.968944
0.576547 0.207257 0.511049 0.277042 0.662137 0.494618 0.220534 0.176800 0.777257 0.985427 0.050183 0.954769
0.659247 0.230764 0.557345 0.041305 0.617252 0.418826 0.331241 0.209564 0.851855 0.905444 0.010998 0.925817
0.599258 0.249058 0.474135 0.305586 0.558390 0.520007 0.271974 0.180635 0.883310 1.036849 0.141951 0.859794
0.676224 0.126010 0.437717 0.205275 0.591035 0.472400 0.277333 0.052786 0.748608 0.957093 0.040000 0.929331
0.659979 0.135787 0.550819 0.300465 0.543159 0.522211 0.266503 0.145251 0.784683 0.935852 0.069962 0.932986
0.580580 0.175182 0.559693 0.171739 0.545201 0.466079 0.327842 0.151227 0.860841 0.890816 0.029994 0.996584
0.586225 0.223059 0.499245 0.074582 0.563834 0.547306 0.373228 0.093843 0.947448 1.038309 0.058858 0.913424
0.663262 0.266195 0.504504 0.265830 0.641586 0.510282 0.348638 0.092835 0.819648 1.069968 0.122467 1.064561
0.594803 0.133280 0.519820 0.276636 0.587473 0.516551 0.194229 0.157038 0.951655 1.016744 0.060344 0.978968
0.659325 0.237991 0.501304 0.272626 0.549601 0.431511 0.349496 0.134992 0.825726 0.945487 0.124479 0.945862
0.556223 0.249573 0.529552 0.135353 0.617177 0.464163 0.284743 0.154187 0.831542 1.120680 0.079086 0.942504
0.700773 0.262947 0.429412 0.068985 0.700635 0.565153 0.247336 0.119043 0.795191 1.065369 0.129623 1.001661
0.579036 0.220043 0.575738 0.147108 0.507691 0.511001 0.261900 0.135035 0.760133 0.903989 0.003027 0.983974
0.702708 0.159012 0.565360 0.202265 0.522816 0.477062 0.356308 0.172980 0.874831 0.979466 0.029483 1.001252
0.722287 0.237549 0.548706 0.242430 0.604956 0.640204 0.373610 0.147543 0.885742 1.005295 -0.056374 0.981053
0.575991 0.177562 0.511492 0.223107 0.557392 0.493287 0.335761 0.229353 0.747851 1.001131 0.154045 0.988555
0.724990 0.263752 0.558820 0.255030 0.625787 0.600682 0.413707 0.215646 0.859856 1.010901 0.072710 0.882974
0.784393 0.218589 0.483048 0.223695 0.597207 0.409912 0.378944 0.206110 0.934010 1.004937 0.104097 0.998679
0.549784 0.303684 0.422889 0.241522 0.642921 0.513233 0.348459 0.089509 0.798467 0.907167 0.124090 0.916688
0.600100 0.275732 0.499184 0.201093 0.564472 0.567258 0.203959 0.049935 0.831335 0.989889 0.067269 0.895128
0.654877 0.298641 0.569363 0.146114 0.532485 0.556325 0.292915 0.169591 0.731669 1.031830 0.070014 1.018077
0.653969 0.188091 0.450959 0.248364 0.632146 0.474828 0.334976 0.225637 0.909158 0.995850 0.020978 0.972396
0.627764 0.310730 0.554370 0.223443 0.612729 0.423362 0.262795 0.230337 0.842759 0.948454 0.032500 0.979799
0.613512 0.157460 0.530203 0.246157 0.594933 0.556857 0.302387 0.177447 0.857524 0.957469 0.089380 0.992989
0.536602 0.239508 0.515022 0.253044 0.605203 0.597039 0.344006 0.073588 0.751220 1.012506 0.031528 0.994929
0.538980 0.276118 0.536473 0.255303 0.646120 0.511704 0.275086 0.185983 0.933286 0.974412 -0.013651 0.973750
0.619429 0.213254 0.405551 0.288657 0.653241 0.519815 0.318857 0.137389 0.921768 0.911861 -0.052626 0.909900
0.526960 0.185442 0.504499 0.213525 0.540445 0.445961 0.310015 0.130848 0.801381 1.026509 0.028652 0.981244
0.740038 0.294150 0.420770 0.242774 0.622169 0.621687 0.373136 0.185246 0.862714 0.944163 0.061575 0.979910
0.674275 0.251416 0.511342 0.230476 0.590584 0.494621 0.279008 0.153169 0.871277 1.045177 0.073131 0.927647
0.660120 0.304936 0.416091 0.183110 0.632971 0.589407 0.347112 0.134383 0.914328 0.951620 0.020766 1.022051
0.626308 0.190129 0.487357 0.173929 0.596772 0.545389 0.340554 0.127269 0.823501 1.033947 0.032520 0.979114
0.635461 0.134431 0.520106 0.223068 0.621069 0.482377 0.288704 0.097563 0.894630 0.976585 0.110399 0.971025
0.692231 0.276490 0.421558 0.259698 0.548510 0.591036 0.324155 0.152475 0.908017 1.092826 0.014061 0.918319
0.666546 0.190242 0.520631 0.248091 0.572806 0.555015 0.398295 0.177388 0.892855 1.011081 0.087625 0.990294
0.660597 0.136023 0.482966 0.247916 0.523416 0.546706 0.337202 0.161541 0.881179 0.966003 -0.115258 1.031632
0.650506 0.189935 0.537426 0.253787 0.616512 0.607972 0.312419 0.024229 0.795806 0.925347 0.014091 1.035659
0.732755 0.186553 0.578909 0.242862 0.578979 0.501890 0.218876 0.145132 0.784431 0.943722 -0.101241 0.892109
0.644595 0.174763 0.558397 0.206499 0.669944 0.609847 0.285682 0.160732 0.787376 0.957866 0.067604 0.902684
0.546203 0.269761 0.370683 0.285710 0.654932 0.468319 0.377720 0.133535 0.836823 0.919894 0.053646 1.042001
0.729744 0.203067 0.510931 0.341499 0.677650 0.487247 0.435505 0.156174 0.819479 0.996849 0.066136 0.994512
0.700136 0.210038 0.418382 0.220419 0.607759 0.480276 0.305882 0.125404 0.834355 0.963098 -0.017654 0.907097
0.645588 0.238949 0.501304 0.225936 0.632837 0.585222 0.369664 0.207494 0.755762 1.029023 -0.028972 0.896747
0.707928 0.266627 0.475777 0.156884 0.703904 0.512442 0.206256 0.085943 0.822618 0.978062 0.133955 0.926759
0.674004 0.175462 0.532754 0.286560 0.675835 0.481424 0.377087 0.190195 0.968132 1.020171 0.021131 0.981548
0.669393 0.254736 0.533161 0.259704 0.617566 0.524762 0.219544 0.135242 0.862938 0.998776 -0.003494 0.987625
0.537684 0.283904 0.576828 0.224515 0.515930 0.465242 0.358186 0.170056 0.820413 0.934624 0.034011 0.981636
0.636666 0.292119 0.484122 0.194900 0.651035 0.661384 0.329016 0.157710 0.823094 0.942595 -0.055200 1.034755
0.661756 0.243765 0.444580 0.180395 0.605079 0.469458 0.332192 0.164109 0.777700 1.018756 0.116422 0.929883
0.595694 0.365061 0.459650 0.239893 0.633071 0.494447 0.234708 0.144555 0.868594 1.015835 0.043487 0.939107
0.771326 0.240810 0.540149 0.229169 0.561791 0.601309 0.237786 0.144429 0.927756 1.013454 0.044766 1.047269
0.601774 0.356387 0.485184 0.174793 0.656350 0.483766 0.379388 0.116778 0.788698 0.986109 -0.057511 0.939916
0.684867 0.247084 0.500169 0.138920 0.690245 0.527973 0.264715 0.161651 0.820485 1.019576 0.044347 1.006537
0.774910 0.306574 0.476419 0.207811 0.643782 0.579974 0.202729 0.161515 0.824453 1.014369 0.027491 1.074260
0.627209 0.246937 0.536260 0.272290 0.625218 0.513378 0.282285 0.154044 0.771187 0.994649 0.073659 1.028614
0.655240 0.213574 0.522420 0.257577 0.517726 0.561326 0.213165 0.159013 0.860105 1.017297 0.083035 0.931713
0.666540 0.247193 0.515468 0.243882 0.532942 0.483469 0.337399 0.155560 0.842435 1.075896 0.069037 0.956833
0.519436 0.220936 0.496959 0.177699 0.697572 0.524202 0.351285 0.152753 0.879331 0.978991 0.023425 0.962014
0.600233 0.260729 0.466862 0.265128 0.674259 0.574111 0.336980 0.215538 0.837168 1.018805 0.080387 0.951690
0.625527 0.276445 0.513877 0.170594 0.577714 0.591907 0.326475 0.125500 0.855796 0.945634 0.082598 0.968267
0.634016 0.223442 0.392928 0.266658 0.642352 0.669373 0.344141 0.144547 0.841482 1.024654 0.037946 1.033168
0.677073 0.250565 0.477861 0.176678 0.579433 0.409662 0.302061 0.188956 0.856349 1.044762 0.065850 1.085025
0.536404 0.290183 0.473596 0.158193 0.583787 0.437871 0.299390 0.078686 0.877777 0.929774 0.062379 0.968345
0.584377 0.257015 0.471214 0.182685 0.608908 0.454275 0.342799 0.186146 0.808505 1.007768 0.016628 0.977623
0.635793 0.224639 0.519317 0.263052 0.589845 0.505507 0.259532 0.148356 0.918441 1.008706 -0.022183 0.933931
0.608189 0.228260 0.540243 0.239853 0.564408 0.502415 0.295319 0.206780 0.909635 0.967347 0.017581 0.968916
0.592636 0.248536 0.497892 0.199459 0.693257 0.565009 0.261756 0.167040 0.811544 1.015414 0.003773 0.937903
0.705542 0.189658 0.540100 0.130516 0.557579 0.526914 0.297972 0.110800 0.884340 0.949699 0.009673 0.903290
0.591811 0.229256 0.474659 0.141138 0.620470 0.515423 0.262391 0.190052 0.840518 0.987532 0.014962 1.052318
0.709223 0.223354 0.494219 0.203073 0.486504 0.542182 0.343629 0.235186 0.869328 1.000657 0.067653 1.063719
0.611623 0.261904 0.497606 0.239630 0.617744 0.607303 0.306724 0.191152 0.853736 0.966633 0.046154 0.976769
0.547241 0.172117 0.528506 0.156538 0.604715 0.550093 0.360696 0.081166 0.858831 1.017544 0.066619 1.032174
0.630597 0.161122 0.465599 0.173486 0.630437 0.508654 0.300007 0.204880 0.915171 0.955832 -0.035327 1.046319
0.705252 0.166531 0.552017 0.198238 0.581208 0.495034 0.215461 0.200522 0.870607 0.812951 -0.014482 0.965474
0.682750 0.196214 0.553789 0.147168 0.602348 0.550954 0.333482 0.158053 0.761128 0.971545 0.058912 0.988614
0.624377 0.169348 0.611281 0.211841 0.578690 0.498447 0.277827 0.189200 0.836253 1.017193 -0.014127 0.931500
0.561322 0.268381 0.593012 0.228567 0.663683 0.501296 0.256944 0.187735 0.873536 0.977924 0.011565 0.950263
0.597197 0.275209 0.575247 0.190879 0.673455 0.600187 0.263822 0.135818 0.765984 1.023559 0.042997 0.978127
0.582102 0.184457 0.504557 0.240677 0.659951 0.589954 0.306448 0.130168 0.772963 0.900225 0.054969 0.973585
0.654393 0.188660 0.553987 0.246048 0.601833 0.505611 0.246946 0.134607 0.778637 1.090936 0.012596 1.033744
0.649353 0.263849 0.583280 0.201941 0.585017 0.505489 0.328312 0.168852 0.905790 1.071483 0.074065 0.994059
0.630747 0.188678 0.636467 0.189181 0.547231 0.486058 0.280060 0.154047 0.788989 1.041474 0.040588 0.901859
0.643189 0.158585 0.523860 0.286835 0.593855 0.563521 0.216330 0.174793 0.874068 0.929136 0.049704 0.989637
0.620775 0.249735 0.479798 0.206288 0.564849 0.507566 0.312434 0.278856 0.832898 1.032509 -0.015958 0.985720
0.641391 0.331697 0.461263 0.218959 0.546005 0.511911 0.264249 0.166976 0.789247 0.939631 -0.002428 0.963936
0.566056 0.192173 0.494414 0.272610 0.549045 0.607335 0.296911 0.220387 0.900744 0.980304 0.037345 0.943570
0.660470 0.253178 0.563311 0.211006 0.732102 0.491678 0.266722 0.098692 0.838702 1.004561 0.004911 1.037032
0.695755 0.221949 0.520675 0.220390 0.661347 0.489886 0.224530 0.186094 0.835242 0.989724 0.045113 0.950251
0.611944 0.251277 0.522680 0.197473 0.619478 0.549562 0.298374 0.115401 0.805825 0.987620 0.076848 1.045866
0.718137 0.271375 0.542615 0.255153 0.639101 0.518514 0.311908 0.074358 0.792074 1.023810 0.006516 0.952793
0.551251 0.228863 0.504829 0.200596 0.655933 0.590021 0.286372 0.167905 0.746991 0.963160 0.092317 0.965493
0.690748 0.265311 0.589029 0.182701 0.527856 0.555691 0.234678 0.136419 0.806571 1.022406 0.031261 1.044004
0.641662 0.256718 0.581772 0.215427 0.620702 0.575643 0.304043 0.112494 0.776132 0.937628 0.017784 0.847914
0.595963 0.209268 0.532077 0.174267 0.613018 0.487045 0.342114 0.123338 0.848196 0.949722 -0.023246 0.923377
0.615002 0.194714 0.577259 0.263878 0.641297 0.575655 0.359555 0.132054 0.761515 1.016681 0.102450 1.035984
0.668554 0.226536 0.501795 0.202363 0.627575 0.523370 0.266131 0.132091 0.772425 0.986604 0.004114 0.913459
0.691549 0.154349 0.590743 0.227169 0.585609 0.494746 0.430641 0.196575 0.715849 1.055732 0.064039 0.858187
0.624385 0.187353 0.486949 0.245396 0.658258 0.560124 0.380737 0.242698 0.799822 0.971263 0.064460 0.981579
0.663659 0.190802 0.464094 0.210548 0.657866 0.465322 0.303611 0.286148 0.889626 0.938475 0.071607 0.918969
0.672734 0.227785 0.456378 0.246854 0.687428 0.520919 0.285672 0.075246 0.913264 1.017768 0.121185 0.985387
0.639797 0.231550 0.487733 0.189071 0.677445 0.593671 0.336509 0.244841 0.905583 1.024832 -0.005061 0.970015
0.620839 0.329683 0.490807 0.249213 0.606487 0.535065 0.395327 0.147038 0.768056 0.902603 0.056665 0.964674
0.602301 0.234579 0.554525 0.137210 0.573947 0.500531 0.355262 0.178570 0.801710 0.922237 0.007483 1.027666
0.670986 0.225656 0.486567 0.171231 0.548124 0.423275 0.282322 0.225268 0.824495 0.873326 0.020414 1.048876
0.632884 0.067130 0.458135 0.157857 0.594931 0.604684 0.325869 0.247863 0.869605 1.009227 0.032500 1.010051
0.639253 0.344206 0.509349 0.213462 0.544408 0.436387 0.292840 0.168257 0.745522 1.001211 0.116415 0.969828
0.663901 0.153061 0.527610 0.198229 0.540539 0.444483 0.260002 0.170152 0.863327 0.926341 -0.027536 0.972656
0.628190 0.250464 0.509076 0.188370 0.576955 0.505398 0.270948 0.118766 0.831149 1.008925 0.037167 0.967851
0.647452 0.202154 0.516044 0.151433 0.696886 0.597126 0.299276 0.177717 0.796359 0.950650 0.074388 0.967255
0.626087 0.274085 0.541564 0.191598 0.618010 0.446014 0.366640 0.167625 0.812856 1.009233 -0.066590 0.941726
0.636234 0.207176 0.526881 0.225819 0.662003 0.590880 0.390444 0.112099 0.868897 1.056672 0.021841 0.970737
0.694569 0.141183 0.547980 0.196858 0.566771 0.595860 0.348770 0.188386 0.873943 0.950941 0.084193 0.885228
0.612700 0.204884 0.545449 0.243843 0.570435 0.628955 0.282375 0.174547 0.759545 0.967617 0.056877 0.971771
0.620075 0.165639 0.487547 0.256314 0.655084 0.490344 0.391157 0.155465 0.814820 1.018166 0.052259 0.883995
0.624666 0.245682 0.466575 0.213398 0.779197 0.485499 0.390661 0.065597 0.840934 0.946181 0.087246 0.918218
0.668844 0.161294 0.514482 0.238895 0.651810 0.541906 0.269034 0.143917 0.760429 0.951850 0.111671 0.948595
0.529689 0.251500 0.500630 0.112360 0.607752 0.547214 0.366347 0.218735 0.776847 0.999910 0.051133 0.992459
0.657531 0.263520 0.451612 0.211543 0.537242 0.404840 0.300900 0.140535 0.796171 1.038299 0.033419 1.058862
0.593292 0.209688 0.504848 0.299897 0.650352 0.540493 0.415409 0.203138 0.841375 1.026339 0.064147 0.984792
0.649584 0.212369 0.571200 0.211686 0.649478 0.556172 0.266641 0.070666 0.781323 0.921949 0.004689 1.010543
0.702239 0.244832 0.541658 0.272639 0.492020 0.610301 0.383992 0.110823 0.802568 1.011124 -0.072235 0.957119
0.603980 0.150668 0.497428 0.231102 0.658741 0.526992 0.378567 0.139779 0.877016 0.993355 0.013897 0.992729
0.690332 0.182459 0.563405 0.271500 0.633611 0.477726 0.237910 0.160235 0.859501 1.011865 0.029794 1.037088
0.673117 0.287954 0.536213 0.157721 0.610963 0.636994 0.280075 0.193589 0.870330 0.958216 0.119503 0.875548
0.657306 0.195705 0.512699 0.225587 0.600532 0.510728 0.311206 0.107433 0.797137 0.893708 0.093267 0.996836
0.553138 0.233252 0.471893 0.148289 0.581528 0.444769 0.385325 0.170318 0.814686 0.963184 0.031664 1.002491
0.670102 0.273074 0.493592 0.191940 0.546878 0.588655 0.392309 0.101260 0.814503 0.973673 -0.028722 0.923534
0.631950 0.239773 0.472890 0.204882 0.657404 0.537881 0.287890 0.097605 0.835260 1.041993 0.092776 0.904590
0.536676 0.199280 0.552333 0.215211 0.615920 0.514309 0.383616 0.130549 0.820901 0.957162 0.005233 0.966074
0.702721 0.259095 0.552426 0.212911 0.582854 0.575573 0.252951 0.269042 0.858860 1.062631 0.113107 0.935062
0.603439 0.218415 0.411371 0.291052 0.628435 0.595376 0.287551 0.095473 0.906148 0.954406 0.083855 0.968938
0.678264 0.290812 0.460561 0.289312 0.638267 0.434026 0.217356 0.154100 0.881749 0.998732 -0.019594 1.025747
0.647986 0.316090 0.543136 0.280487 0.631713 0.596928 0.375663 0.192934 0.843819 0.979715 0.002502 0.978699
0.529101 0.187975 0.474076 0.267853 0.553110 0.536972 0.370791 0.131866 0.858204 1.003286 0.041903 0.974043
0.597042 0.214710 0.453204 0.125332 0.548388 0.510355 0.377194 0.226957 0.792376 0.978730 -0.028417 0.945274
0.586309 0.167239 0.626472 0.261066 0.660007 0.447688 0.316244 0.195453 0.778973 1.050817 0.048539 1.069111
0.674604 0.204865 0.532116 0.228775 0.574591 0.521166 0.341475 0.072356 0.743834 0.900093 0.093146 0.892553
0.591296 0.157863 0.456287 0.299790 0.574200 0.534715 0.312668 0.079914 0.786637 1.016740 0.058640 0.971767
0.638758 0.313264 0.527071 0.218999 0.653772 0.608338 0.258531 0.152783 0.785178 0.972239 0.079058 1.004693
0.630389 0.110793 0.566709 0.149575 0.490392 0.528026 0.258888 0.147960 0.785132 0.865487 -0.048287 0.940327
0.657719 0.215049 0.480340 0.238628 0.664826 0.570313 0.246891 0.149754 0.754721 0.982835 0.110348 0.951391
0.584132 0.264446 0.535515 0.151024 0.604073 0.488393 0.334862 0.148865 0.820750 1.067588 -0.052273 0.967152
0.611934 0.267230 0.581691 0.173741 0.633550 0.551458 0.338065 0.152686 0.862178 0.963638 0.069134 1.002926
0.621941 0.222346 0.455204 0.177599 0.660925 0.535976 0.422278 0.226553 0.818184 0.922326 0.021173 1.023258
0.615982 0.177476 0.486758 0.190558 0.554816 0.502809 0.271833 0.190773 0.782087 1.047833 0.103054 0.988597
0.755453 0.299856 0.563264 0.233054 0.587143 0.489518 0.385697 0.165958 0.848667 0.926855 0.008261 1.008910
0.702077 0.223717 0.382121 0.178269 0.555268 0.571177 0.339915 0.205769 0.815295 1.018076 0.003671 0.929225
0.666628 0.209466 0.478495 0.158786 0.651527 0.543749 0.244672 0.155964 0.809098 0.968183 -0.005962 0.988843
0.621973 0.196764 0.483500 0.220071 0.509451 0.535716 0.262149 0.069915 0.896426 1.002854 0.092783 0.948225
0.602847 0.123116 0.458012 0.205383 0.583231 0.537142 0.301835 0.115765 0.854800 0.968985 -0.037209 0.878491
0.666436 0.223397 0.529633 0.163297 0.708499 0.585533 0.347134 0.156390 0.863718 0.907051 0.098631 1.060165
0.573116 0.265191 0.511431 0.183997 0.631949 0.558585 0.326322 0.178467 0.840902 0.931363 0.126944 0.978789
0.627309 0.177203 0.582375 0.281982 0.575065 0.538120 0.276079 0.083431 0.844672 1.021663 0.068238 0.994428
0.677715 0.175081 0.567871 0.229976 0.646168 0.431004 0.339465 0.197151 0.825795 0.913957 0.068231 0.943187
0.719761 0.221671 0.536465 0.177246 0.478456 0.513137 0.381195 0.094775 0.909686 0.968544 0.118897 1.012208
0.716970 0.247247 0.495759 0.155293 0.583071 0.448399 0.303708 0.167334 0.835700 1.033688 0.125427 0.980427
0.585380 0.208417 0.461723 0.175740 0.645877 0.483175 0.233751 0.135042 0.871105 0.940677 0.079552 1.050123
0.607858 0.159496 0.469444 0.234163 0.611372 0.671085 0.315875 0.081615 0.851201 1.072169 0.023167 0.948416
0.617912 0.253269 0.576885 0.198224 0.560859 0.544984 0.285529 0.158725 0.814408 0.978140 0.056345 0.936486
0.627083 0.272121 0.471324 0.210663 0.577554 0.551973 0.280272 0.136559 0.826440 1.064098 -0.096383 0.957132
0.580233 0.258955 0.501728 0.223073 0.608062 0.564622 0.344969 0.200307 0.913236 0.978767 0.014362 0.898162
0.702445 0.265963 0.489932 0.225895 0.667529 0.417586 0.378156 0.216841 0.797670 0.982205 0.022187 0.946889
0.735663 0.289952 0.519716 0.208305 0.575505 0.551751 0.261970 0.143362 0.864700 0.950004 0.105463 0.981532
0.577288 0.148782 0.516817 0.304162 0.544389 0.473215 0.312137 0.186446 0.818603 1.062702 0.125732 0.958954
0.642046 0.237990 0.455941 0.191032 0.596671 0.569416 0.350689 0.207679 0.850634 0.955815 0.062861 0.914627
0.670544 0.232037 0.481308 0.126842 0.622377 0.480161 0.371180 0.111111 0.898502 0.994385 0.044896 0.904436
0.673995 0.213117 0.528643 0.272972 0.582703 0.573817 0.426045 0.182613 0.926919 0.952355 0.039525 0.948597
0.707936 0.196619 0.502144 0.228776 0.562729 0.544182 0.257981 0.202638 0.891697 1.032394 0.081194 0.887599
0.547928 0.266178 0.549190 0.269172 0.554682 0.528976 0.319188 0.126078 0.831980 1.047278 0.022356 1.071813
0.718703 0.202205 0.479552 0.241865 0.521116 0.497812 0.278736 0.077412 0.742574 1.019447 -0.008224 0.962999
0.592223 0.290757 0.489993 0.201411 0.582002 0.530016 0.384088 0.267707 0.805384 0.877332 0.050158 0.934305
0.634075 0.284134 0.471784 0.180849 0.589256 0.574196 0.345944 0.133744 0.780349 0.958223 0.050591 1.013113
0.538664 0.129094 0.457406 0.162684 0.559308 0.470771 0.237110 0.096718 0.767415 1.042247 -0.023208 0.900778
0.631794 0.234684 0.478536 0.139738 0.558383 0.446139 0.317736 0.133593 0.904351 0.923731 0.097010 0.912429
0.666060 0.228739 0.553448 0.225665 0.585195 0.529434 0.226346 0.175589 0.974554 0.937841 0.069142 0.918169
0.714279 0.281671 0.482660 0.249055 0.557569 0.493935 0.352474 0.174032 0.814259 0.981539 0.119728 0.987411
0.634822 0.279877 0.559763 0.237890 0.563218 0.500830 0.379619 0.096801 0.807068 0.945431 0.006055 0.901386
0.574040 0.197266 0.553530 0.236733 0.501995 0.477017 0.331859 0.148699 0.812527 0.967371 0.044415 0.954303
0.706306 0.161559 0.549166 0.200339 0.579514 0.486338 0.287792 0.161838 0.892884 0.917701 0.019994 1.009250
0.680630 0.217757 0.507316 0.226638 0.586910 0.466844 0.290787 0.132582 0.839070 1.005618 0.116466 0.941382
0.601926 0.250519 0.554648 0.209187 0.515558 0.474429 0.331071 0.198922 0.860562 0.944021 -0.071832 0.852396
0.630816 0.282092 0.502952 0.224380 0.698480 0.577406 0.199364 0.173306 0.883230 1.001553 -0.077829 0.976011
0.633791 0.203508 0.518860 0.199110 0.654305 0.621750 0.350639 0.157068 0.767539 1.025623 0.129918 0.954206
0.582814 0.132753 0.501072 0.241343 0.613656 0.492271 0.239121 0.064441 0.848781 1.051800 0.127691 1.024378
0.687777 0.163161 0.566100 0.186310 0.605340 0.550343 0.221450 0.100509 0.938065 0.928500 0.113919 0.928795
0.590362 0.207042 0.481453 0.191541 0.542671 0.466345 0.273741 0.109031 0.806665 0.964122 0.002656 0.965590
0.619283 0.127203 0.498512 0.195829 0.634653 0.527961 0.173053 0.135779 0.866647 0.942803 0.055830 0.874973
0.599548 0.141627 0.494078 0.226117 0.615380 0.501454 0.330510 0.143647 0.899381 0.949238 0.081851 0.956592
0.622581 0.156063 0.441336 0.163635 0.627765 0.462196 0.308910 0.145300 0.743941 0.908983 0.039707 0.975128
0.669725 0.212937 0.480761 0.192417 0.660229 0.518806 0.333285 0.081644 0.831889 0.916893 0.082263 0.986688
0.640205 0.279303 0.531051 0.188052 0.639566 0.627918 0.361532 0.150208 0.924927 0.815588 0.043957 0.930809
0.536654 0.289081 0.542544 0.225062 0.622340 0.668388 0.369689 0.127997 0.936332 0.902965 0.117727 0.995354
0.598562 0.261927 0.532930 0.192840 0.640136 0.590029 0.293878 0.194078 0.760608 1.073098 0.027267 1.020636
0.633026 0.229869 0.476704 0.195368 0.610883 0.439046 0.300222 0.178609 0.906237 0.959216 0.132602 0.967841
0.665357 0.149165 0.599757 0.196281 0.633502 0.513604 0.355619 0.122671 0.893770 0.998969 0.051163 0.911023
0.612763 0.140144 0.533903 0.276684 0.611148 0.544591 0.331070 0.037492 0.723587 1.017733 0.006705 0.933436
0.597661 0.260094 0.514244 0.252913 0.601755 0.594533 0.235533 0.223190 0.828357 0.933704 0.077562 0.977981
0.643800 0.214152 0.550472 0.258333 0.650711 0.496147 0.289282 0.172440 0.911891 0.960462 0.023670 0.879237
0.646753 0.150502 0.474356 0.231886 0.570500 0.508958 0.284717 0.194628 0.803119 1.039865 0.083012 0.958195
0.627753 0.200993 0.546511 0.213602 0.724966 0.522152 0.271520 0.118485 0.709550 0.938862 0.051842 0.975042
0.635993 0.195383 0.483457 0.179260 0.554798 0.447508 0.279614 0.139358 0.782901 1.002468 0.074563 0.983090
0.715537 0.173533 0.556272 0.197187 0.678554 0.518094 0.356869 0.109651 0.684812 1.007663 0.033753 0.975131
0.679262 0.267708 0.496188 0.181815 0.648160 0.592857 0.334848 0.300184 0.845901 0.979416 0.043142 1.030867
0.649236 0.216466 0.518049 0.214448 0.550213 0.576949 0.392906 0.177530 0.884459 0.927313 0.102974 1.034608
0.687700 0.195656 0.499168 0.275635 0.503135 0.553656 0.299129 0.131157 0.754422 0.910020 -0.021944 0.986311
0.580747 0.176138 0.540986 0.117877 0.575630 0.524315 0.260355 0.040238 0.870543 1.013338 -0.050023 1.002331
0.617787 0.247374 0.430857 0.168624 0.631069 0.437955 0.286815 0.125453 0.771715 1.034767 0.036108 0.995526
0.618501 0.083786 0.517545 0.186879 0.629007 0.493226 0.328357 0.103869 0.808852 0.959191 0.123363 0.967647
0.747954 0.215685 0.491684 0.157387 0.632388 0.482369 0.374494 0.153949 0.881332 0.984107 0.002412 0.979624
0.633009 0.188536 0.583028 0.295203 0.617864 0.512327 0.283619 0.160162 0.882450 0.967936 0.065589 1.031140
0.674071 0.212856 0.524390 0.167809 0.610400 0.574419 0.247153 0.235131 0.870122 1.015154 0.036037 1.041421
0.584053 0.286210 0.207409 0.921854 0.777387 0.480024 0.554810 0.973143 0.406699 0.239860 0.509276 1.000687
0.679991 0.313318 0.183459 0.887928 0.741819 0.483390 0.650200 0.938575 0.404054 0.282831 0.486602 1.046726
0.709302 0.241272 0.188504 0.952870 0.752896 0.566444 0.619180 0.931652 0.490408 0.309043 0.529549 0.990860
0.697232 0.205427 0.185471 0.864755 0.771549 0.514258 0.703479 0.985274 0.445350 0.231413 0.463841 0.975680
0.738126 0.204337 0.144559 0.989844 0.666372 0.456589 0.585593 0.984902 0.413059 0.293784 0.397171 1.003613
0.667635 0.239514 0.209291 0.884323 0.722767 0.610253 0.654243 1.011481 0.342860 0.308900 0.390437 0.892132
0.741126 0.183124 0.081584 0.978001 0.621563 0.584391 0.577881 1.107375 0.485356 0.245747 0.420757 0.859400
0.610841 0.272746 0.241229 0.941756 0.777442 0.595399 0.626206 0.924731 0.456209 0.235859 0.418963 0.942534
0.618255 0.360619 0.121435 0.932089 0.680555 0.571061 0.606985 1.013208 0.380533 0.260723 0.474270 0.943146
0.729464 0.292984 0.119079 0.916773 0.651247 0.452420 0.632544 1.011640 0.496778 0.327078 0.465422 0.979216
0.692103 0.341834 0.073638 1.006900 0.694220 0.517524 0.638482 0.999701 0.426949 0.316864 0.532989 1.008134
0.644047 0.287844 0.156226 0.854009 0.720908 0.587345 0.557821 0.960532 0.409076 0.206512 0.457079 0.942675
0.610970 0.279962 0.091449 0.965515 0.669481 0.585547 0.657881 0.930288 0.393045 0.218940 0.500764 1.015491
0.592627 0.319859 0.203925 0.888138 0.797741 0.477889 0.620287 1.084358 0.477150 0.303564 0.520663 0.971162
0.705947 0.273979 0.068325 0.856995 0.738914 0.515674 0.663388 0.958617 0.376827 0.348228 0.434855 0.917362
0.632349 0.357582 0.183784 0.982405 0.718829 0.479236 0.620355 0.992946 0.421107 0.243016 0.441639 0.969605
0.661632 0.324859 0.145180 0.911724 0.656589 0.546666 0.534040 1.005888 0.449246 0.302814 0.466906 0.990584
0.713475 0.233706 0.154109 0.895673 0.689267 0.551109 0.599891 1.098786 0.509151 0.236451 0.418760 0.978196
0.679746 0.254322 0.202369 0.842676 0.710873 0.484998 0.614456 0.958571 0.401215 0.233681 0.436020 0.929419
0.549230 0.208224 0.231138 0.913082 0.656962 0.490594 0.622258 1.044169 0.381823 0.145990 0.460145 0.993984
0.723656 0.228134 0.181052 1.043316 0.674703 0.550423 0.652980 0.955749 0.481545 0.288854 0.465736 1.011995
0.730946 0.305357 0.160576 0.954999 0.655175 0.533200 0.522558 0.986938 0.426546 0.212348 0.528647 0.922405
0.783007 0.266079 0.162618 0.962106 0.644087 0.455550 0.594691 0.993682 0.452943 0.223409 0.476120 1.015026
0.602005 0.309208 0.089726 0.879763 0.667378 0.515592 0.557556 1.027885 0.467742 0.269278 0.465415 0.971705
0.654488 0.192767 0.200555 0.931558 0.824853 0.522284 0.536482 1.009826 0.413093 0.265554 0.442241 0.978317
0.621614 0.231161 0.098644 0.964760 0.726878 0.509548 0.625310 0.960081 0.425165 0.230041 0.430318 0.941235
0.700563 0.293270 0.208009 1.046651 0.691202 0.573180 0.621561 0.980395 0.559143 0.241809 0.535587 0.917203
0.633159 0.339399 0.194833 0.907131 0.693880 0.492580 0.542210 1.001609 0.513036 0.262270 0.349055 0.930879
0.777719 0.248376 0.135437 0.983302 0.669996 0.473867 0.566036 0.943232 0.419516 0.171122 0.417350 1.050586
0.578697 0.324752 0.155413 0.982992 0.711718 0.558239 0.613716 1.039393 0.438775 0.260089 0.539050 0.997505
0.672951 0.258166 0.207867 0.913259 0.743299 0.571781 0.629617 0.993323 0.412639 0.254116 0.417433 0.900185
0.674825 0.261121 0.157150 0.899670 0.700333 0.525011 0.594713 0.937298 0.408292 0.191276 0.434899 0.997118
0.550270 0.275876 0.208650 0.972150 0.719955 0.551356 0.651733 0.971893 0.447405 0.281690 0.452284 0.924962
0.674730 0.248338 0.033678 0.853333 0.697670 0.555392 0.622626 1.033121 0.405041 0.247373 0.419775 0.958116
0.686854 0.339090 0.157914 0.999174 0.590520 0.544819 0.627003 0.985220 0.472042 0.222451 0.486814 1.066973
0.707330 0.215085 0.186469 0.894725 0.742427 0.398219 0.605358 0.946308 0.406257 0.323195 0.456663 0.941871
0.561192 0.308387 0.160020 0.885954 0.721961 0.481740 0.653268 0.976487 0.486159 0.250590 0.479718 0.961689
0.709238 0.251412 0.135946 0.914016 0.673754 0.610891 0.719782 0.949570 0.338524 0.303241 0.458666 0.933297
0.576606 0.223812 0.079744 0.904222 0.679721 0.553759 0.593422 0.898804 0.474428 0.289917 0.474362 1.024719
0.657908 0.271542 0.129575 0.951776 0.761417 0.500070 0.609451 0.957471 0.429373 0.198313 0.439226 0.989836
0.676079 0.306322 0.139355 0.823643 0.658136 0.649076 0.541092 0.988550 0.478902 0.246583 0.439954 1.030639
0.550176 0.335024 0.110133 0.889906 0.748114 0.528165 0.666880 1.015006 0.481078 0.291312 0.497862 0.966107
0.680279 0.283544 0.162922 0.812547 0.727367 0.420477 0.601747 0.982137 0.435586 0.192034 0.504401 0.919647
0.678288 0.181866 0.123737 0.994411 0.762518 0.557590 0.626297 0.904641 0.319565 0.303676 0.446283 0.981316
0.674009 0.256167 0.138299 0.841799 0.758082 0.539848 0.673616 0.967992 0.364304 0.297281 0.393989 0.947511
0.677050 0.257326 0.170010 0.908498 0.707580 0.533698 0.709999 0.960119 0.421490 0.304946 0.434684 0.979096
0.646293 0.261253 0.119562 0.962470 0.682753 0.548328 0.655437 0.877178 0.494763 0.304557 0.430945 0.949028
0.626830 0.242006 0.061947 0.934960 0.701084 0.586651 0.534653 0.968846 0.373167 0.272617 0.431732 0.937405
0.659854 0.208173 0.163863 0.972484 0.690554 0.557753 0.588665 1.006390 0.517903 0.279753 0.498176 0.954409
0.644008 0.304344 0.165431 0.949685 0.654304 0.610734 0.624059 0.915756 0.454804 0.245687 0.481253 0.982734
0.615265 0.319538 0.168794 0.944556 0.707236 0.533661 0.686412 1.003540 0.301759 0.259009 0.496196 0.954152
0.581474 0.180215 0.181097 0.927785 0.771210 0.557952 0.560188 1.001751 0.475495 0.308552 0.451732 0.930877
0.658157 0.277745 0.168154 0.861952 0.702082 0.532236 0.692949 1.088816 0.432282 0.240594 0.419141 1.062952
0.624330 0.261282 0.201126 0.906927 0.668435 0.474921 0.646893 1.020473 0.473356 0.295343 0.433795 0.912153
0.601933 0.227965 0.134654 0.857079 0.808980 0.527348 0.634972 1.050057 0.379957 0.275276 0.594746 0.943296
0.699314 0.244910 0.171809 0.870474 0.777502 0.501829 0.609141 0.964021 0.456272 0.333416 0.481896 0.887487
0.619484 0.266535 0.224255 0.868910 0.740956 0.505536 0.639710 0.990272 0.436158 0.334300 0.494049 0.840642
0.674528 0.140455 0.258288 0.961756 0.693497 0.531227 0.628041 0.916596 0.423984 0.367482 0.386087 1.035584
0.715117 0.257200 0.074497 0.955401 0.682893 0.501063 0.618720 0.996576 0.465527 0.204071 0.494946 0.942874
0.706157 0.375390 0.135888 0.933842 0.742502 0.507709 0.582753 0.982313 0.427671 0.366012 0.480923 0.896237
0.741459 0.180839 0.113699 0.889659 0.672417 0.562587 0.693214 1.048605 0.376304 0.250147 0.447872 1.090904
0.548655 0.289262 0.144501 0.920479 0.720242 0.532018 0.684484 0.915891 0.405904 0.183531 0.531883 0.874506
0.694126 0.374098 0.096468 0.952908 0.688082 0.484753 0.661285 1.079054 0.427868 0.253692 0.533541 0.953790
0.640059 0.277007 0.134047 0.852556 0.703103 0.636372 0.607043 0.949823 0.504930 0.257945 0.455501 0.918636
0.648624 0.237109 0.112434 0.871861 0.670892 0.484936 0.577345 1.037574 0.454601 0.196804 0.491719 0.935377
0.590071 0.377105 0.228706 0.882008 0.670585 0.556556 0.543128 0.967577 0.449225 0.292290 0.382835 0.991950
0.676775 0.283485 0.189611 0.885118 0.674774 0.546690 0.602192 0.921361 0.476184 0.276867 0.473523 0.993036
0.611496 0.280643 0.186246 0.891303 0.684580 0.548274 0.613303 0.932139 0.415624 0.272578 0.546834 0.924987
0.632876 0.296759 0.197403 0.848142 0.714317 0.533696 0.591190 0.950425 0.439949 0.218934 0.480596 0.967968
0.676584 0.239789 0.125478 0.993600 0.701200 0.547092 0.711880 0.947506 0.460105 0.221822 0.479495 1.090603
0.662301 0.249852 0.168494 0.849878 0.762898 0.517264 0.535824 1.025942 0.504097 0.216871 0.494144 0.983747
0.601420 0.278649 0.088443 0.948899 0.662864 0.520481 0.641118 0.889510 0.412728 0.244114 0.468594 1.001012
0.573793 0.211988 0.071414 0.987899 0.671724 0.579802 0.629311 0.988575 0.395068 0.263624 0.526298 0.912938
0.612176 0.246611 0.120083 0.878533 0.638246 0.486721 0.583894 0.967847 0.470520 0.194206 0.405859 0.974992
0.707314 0.303005 0.161948 0.842064 0.686972 0.534192 0.606035 0.918328 0.380382 0.231851 0.510575 0.909432
0.658793 0.312766 0.155077 0.814484 0.714665 0.518086 0.591775 0.965117 0.416062 0.230992 0.453346 0.922284
0.726827 0.231047 0.144262 0.929569 0.619031 0.498159 0.619240 1.038474 0.398059 0.253216 0.454723 0.932503
0.611467 0.290573 0.079903 0.830119 0.642719 0.549048 0.739662 0.947551 0.359152 0.322743 0.425544 0.939034
0.604915 0.291104 0.158819 0.894705 0.663059 0.530215 0.613636 1.013726 0.404406 0.258347 0.542280 0.947353
0.652603 0.269934 0.140667 0.842974 0.671724 0.565420 0.664779 0.923195 0.419985 0.316769 0.475460 1.009639
0.644106 0.255523 0.190814 0.874508 0.663679 0.495822 0.671857 0.973991 0.446985 0.240476 0.442273 0.887984
0.723853 0.293722 0.187515 0.952059 0.724019 0.552557 0.649554 0.932599 0.446197 0.282872 0.486915 0.969619
0.633576 0.308231 0.159950 0.930965 0.707090 0.482608 0.583591 1.017916 0.467174 0.312412 0.451367 1.020162
0.685027 0.235195 0.112584 0.840391 0.794781 0.430426 0.675012 0.937211 0.518763 0.206522 0.376783 1.056260
0.643941 0.229994 0.243406 0.959516 0.773208 0.567235 0.698424 0.981018 0.436186 0.203509 0.489447 0.945590
0.705921 0.305585 0.158578 0.838846 0.735116 0.525358 0.680583 0.944630 0.344184 0.203299 0.509866 0.968759
0.719684 0.224501 0.082395 0.961429 0.734908 0.522921 0.633458 1.018975 0.392680 0.295763 0.439272 0.956654
0.694660 0.256201 0.115608 0.863987 0.648974 0.540794 0.597720 0.951352 0.450679 0.196736 0.485314 0.934597
0.667886 0.310608 0.120574 0.982140 0.644988 0.421318 0.688804 0.981001 0.382493 0.274076 0.401204 0.978790
0.595556 0.281912 0.101952 0.960429 0.712645 0.549730 0.685604 0.998512 0.373163 0.307440 0.569077 1.024908
0.624978 0.319953 0.040600 0.890665 0.791018 0.502774 0.644926 0.935083 0.414185 0.288548 0.478222 0.943370
0.635293 0.332275 0.116113 0.901422 0.568537 0.544930 0.659906 0.962012 0.369426 0.353428 0.517257 0.831773
0.626123 0.295348 0.168920 0.944182 0.759295 0.522637 0.665432 0.945366 0.399046 0.215749 0.547480 0.928307
0.658138 0.255495 0.175793 0.977473 0.682815 0.601000 0.561561 1.044742 0.510896 0.270262 0.430492 0.963593
0.642163 0.226862 0.195091 0.880353 0.650667 0.538351 0.670730 0.946661 0.414669 0.199335 0.498430 1.057905
0.650997 0.271934 0.126205 0.904099 0.670227 0.522379 0.600724 1.040640 0.422611 0.270797 0.470055 0.980144
0.582612 0.229605 0.140125 0.985417 0.591178 0.523202 0.589309 0.950308 0.504078 0.313848 0.392584 0.931607
0.768254 0.226337 0.215257 0.919982 0.646463 0.508531 0.662838 1.012848 0.522342 0.262482 0.626476 0.873085
0.654372 0.260889 0.183818 0.957970 0.704085 0.486506 0.653965 0.990254 0.373262 0.229160 0.451143 0.916424
0.640453 0.222719 0.227498 0.825702 0.637213 0.523294 0.618733 1.030400 0.390722 0.348370 0.491407 0.861796
0.677234 0.352293 0.108063 0.951839 0.659443 0.528813 0.640367 0.963244 0.450794 0.212983 0.451207 0.893008
0.628514 0.238411 0.080360 0.925055 0.718522 0.450290 0.632436 0.973868 0.472675 0.188362 0.515128 1.044923
0.727229 0.297259 0.034139 0.950914 0.698329 0.511487 0.631947 0.922070 0.399888 0.323279 0.419805 0.990964
0.678128 0.275148 0.179885 0.901655 0.652035 0.544857 0.580495 0.944156 0.386668 0.190440 0.446554 0.910664
0.573138 0.301853 0.240231 0.937607 0.716659 0.546344 0.613227 0.933576 0.371751 0.264686 0.478460 0.980133
0.726406 0.198168 0.297732 0.977322 0.712308 0.596264 0.609187 1.040518 0.412721 0.148226 0.540488 0.907624
0.611918 0.227905 0.111623 0.898610 0.779058 0.450886 0.608268 0.967562 0.386621 0.286359 0.462161 0.947816
0.640049 0.270959 0.130494 0.855188 0.716815 0.599320 0.613037 1.010590 0.449433 0.193692 0.459607 0.967699
0.597608 0.323015 0.165163 0.858050 0.691591 0.481107 0.626625 0.924447 0.363495 0.297445 0.489451 0.967523
0.583866 0.247879 0.091030 0.929010 0.694306 0.535818 0.575415 0.973006 0.370120 0.360998 0.444607 0.876500
0.613645 0.244002 0.122383 0.891683 0.720124 0.543511 0.510580 1.095573 0.467369 0.299874 0.487401 0.945359
0.645706 0.228658 0.071934 0.937219 0.684957 0.506372 0.581604 0.884282 0.484046 0.336368 0.390342 0.953738
0.662436 0.237800 0.098373 0.829035 0.702990 0.552347 0.600954 0.916986 0.464696 0.181522 0.472843 0.949972
0.544653 0.183974 0.265450 0.835522 0.592851 0.463471 0.621965 0.967047 0.429704 0.256996 0.479239 0.987265
0.659090 0.358754 0.193936 0.972843 0.631061 0.546188 0.670007 1.000984 0.457507 0.265593 0.497220 0.939226
0.706932 0.185740 0.096408 0.877112 0.826903 0.491913 0.620869 1.025290 0.467175 0.312636 0.496585 0.928230
0.628198 0.254555 0.084108 0.958478 0.656138 0.460296 0.587898 0.985421 0.431536 0.335062 0.411783 0.984480
0.768015 0.175452 0.190023 0.876909 0.629309 0.582012 0.584337 0.976594 0.357774 0.257164 0.542954 0.946491
0.628823 0.247376 0.092634 0.915302 0.725819 0.508941 0.637994 0.890174 0.446194 0.347630 0.517158 0.998710
0.682298 0.302933 0.121868 0.825446 0.747736 0.546950 0.584093 0.989705 0.394438 0.241656 0.517762 0.931901
0.645142 0.265734 0.096480 0.942470 0.692094 0.594145 0.741435 0.932648 0.444540 0.335190 0.474080 0.904640
0.557091 0.238416 0.259243 0.862255 0.741522 0.527189 0.679332 0.988793 0.381899 0.275327 0.369450 0.954174
0.611149 0.250125 0.166188 0.912624 0.711491 0.549853 0.765564 0.899807 0.440213 0.289053 0.441278 0.940092
0.628101 0.240463 0.197651 0.919645 0.757962 0.462689 0.705881 0.946732 0.336710 0.289046 0.486069 0.991682
0.656303 0.260562 0.121734 0.967058 0.699830 0.516836 0.629291 0.998549 0.398087 0.195441 0.515777 0.944279
0.720452 0.305271 0.141240 0.914649 0.735002 0.549887 0.611844 1.021058 0.448798 0.287592 0.505033 1.036275
0.721069 0.280458 0.160460 0.923325 0.732063 0.566605 0.555709 0.977403 0.387775 0.164260 0.406496 0.934464
0.686567 0.263159 0.134362 0.820716 0.680621 0.570067 0.660358 0.952054 0.450154 0.210586 0.486722 0.963576
0.593118 0.341920 0.167017 0.779875 0.668604 0.569403 0.666241 0.993017 0.486632 0.276616 0.442221 0.978872
0.627506 0.268339 0.161815 0.926010 0.724258 0.580140 0.632099 0.969083 0.379830 0.284720 0.517414 0.933919
0.693569 0.160769 0.118501 0.871731 0.774532 0.587557 0.514727 1.001066 0.451636 0.328891 0.416023 1.062020
0.657488 0.223128 0.100820 0.933234 0.754106 0.537456 0.590588 1.012898 0.401907 0.310464 0.406726 0.998029
0.740553 0.196781 0.237981 0.927947 0.659609 0.469309 0.639222 0.974690 0.528551 0.269583 0.491202 0.995390
0.673334 0.280284 0.177482 0.905510 0.662551 0.501134 0.589229 1.013913 0.380352 0.268938 0.510488 0.985012
0.692818 0.281910 0.136895 0.845020 0.676044 0.550052 0.671856 0.945309 0.482164 0.303638 0.524931 0.887179
0.653357 0.302932 0.102611 0.809913 0.753066 0.505281 0.554779 0.886691 0.430450 0.281001 0.415405 1.017891
0.670412 0.176296 0.180116 0.921538 0.714781 0.489461 0.679172 0.933269 0.463954 0.209528 0.523903 0.933220
0.718020 0.270651 0.073465 0.949753 0.676834 0.516663 0.600314 0.991729 0.463957 0.283064 0.395501 0.940106
0.642561 0.219223 0.164205 0.926458 0.659205 0.595163 0.720800 1.026712 0.404138 0.354672 0.497761 0.940464
0.749733 0.253778 0.079562 0.834682 0.748527 0.424339 0.677155 1.030993 0.460778 0.238079 0.472730 1.085449
0.654891 0.230545 0.138767 0.939890 0.727223 0.490036 0.717860 0.980595 0.426320 0.230415 0.508236 0.949491
0.611878 0.246126 0.120905 0.841164 0.673240 0.588046 0.619728 0.904751 0.512298 0.271400 0.363063 0.917224
0.638532 0.234218 0.158003 0.970016 0.689009 0.516448 0.648970 1.049274 0.403421 0.311997 0.359122 0.977830
0.644479 0.264151 0.179702 0.919257 0.705168 0.540085 0.631889 0.942113 0.437966 0.196125 0.511322 0.958721
0.644439 0.207923 0.079131 0.842047 0.648466 0.477895 0.655963 0.946037 0.400708 0.269954 0.558329 0.967603
0.627379 0.257226 0.130839 0.976251 0.642332 0.495634 0.653696 1.011072 0.406897 0.306854 0.477786 1.026570
0.618181 0.270700 0.138476 0.856862 0.669304 0.527177 0.540882 1.026987 0.364644 0.236175 0.437219 0.974288
0.602521 0.254594 0.116783 0.961542 0.657688 0.587626 0.634287 0.935154 0.328026 0.225913 0.428953 1.012959
0.566648 0.284849 0.182112 0.780683 0.767139 0.641067 0.502455 1.019817 0.513807 0.342046 0.448165 0.957851
0.684416 0.249981 0.224973 0.928377 0.712301 0.551627 0.638552 0.923922 0.389993 0.221409 0.447523 0.915510
0.665836 0.315956 0.129838 0.980521 0.763650 0.536694 0.648421 0.974991 0.369092 0.267801 0.489593 0.934327
0.651551 0.169327 0.129085 0.968384 0.683102 0.558227 0.595174 0.997207 0.433745 0.245607 0.493279 1.037629
0.681392 0.298575 0.039450 0.896254 0.734368 0.532280 0.540307 0.859764 0.373880 0.178678 0.383659 0.979193
0.612345 0.280774 0.107064 0.902471 0.720888 0.533888 0.573970 0.969788 0.445062 0.193298 0.460404 0.991133
0.680034 0.290317 0.105814 0.852810 0.623707 0.614470 0.552525 0.966842 0.392206 0.294925 0.439406 0.899151
0.612985 0.351356 0.185773 0.885468 0.793262 0.498799 0.605134 0.990264 0.458373 0.287935 0.458813 0.960599
0.700251 0.194385 0.137178 0.848062 0.685991 0.537968 0.628455 0.842365 0.515365 0.198194 0.455920 0.971182
0.612676 0.357393 0.169719 0.969052 0.774172 0.463149 0.625283 1.009615 0.447584 0.225563 0.498969 0.965213
0.661351 0.268204 0.141341 0.982438 0.675419 0.516871 0.716597 0.963223 0.455410 0.283445 0.429313 0.951253
0.719562 0.281124 0.174853 1.005321 0.760877 0.492049 0.635552 0.956794 0.461272 0.302784 0.403098 0.991085
0.703869 0.261410 0.084328 0.928116 0.647703 0.500027 0.667695 0.917557 0.427115 0.254843 0.438464 0.957001
0.623829 0.251857 0.155744 0.969835 0.639859 0.416395 0.542760 0.924286 0.410260 0.286519 0.414102 0.922737
0.726463 0.322557 0.234247 0.937558 0.607801 0.497166 0.628778 0.965853 0.311427 0.213303 0.470779 0.892235
0.587579 0.288363 0.115077 0.923613 0.686700 0.531434 0.655808 0.858871 0.536041 0.266359 0.430077 1.013324
0.692220 0.178210 0.149326 0.895742 0.643152 0.450063 0.671488 0.971785 0.401229 0.298420 0.438834 1.000681
0.634088 0.251807 0.192661 0.933183 0.656142 0.520645 0.723235 1.016432 0.425996 0.256615 0.440822 1.015620
0.607941 0.178219 0.132217 0.908445 0.653184 0.608142 0.606124 0.981014 0.439289 0.226298 0.494700 0.870843
0.601856 0.277416 0.436363 0.198412 0.611717 0.498266 0.221159 0.233873 0.807314 1.036218 0.092414 1.047420
0.667381 0.228066 0.497686 0.317206 0.618018 0.544033 0.261790 0.208288 0.930428 0.967221 0.029913 1.007707
0.701184 0.235198 0.424117 0.158958 0.598549 0.568631 0.379449 0.084640 0.880880 0.916226 0.019795 1.062462
0.734522 0.182760 0.495991 0.183516 0.573607 0.598573 0.317500 0.120833 0.733131 0.938022 0.085087 1.031232
0.605506 0.125803 0.574475 0.205475 0.579392 0.490419 0.394599 0.108330 0.845303 0.972616 0.047575 0.947901
0.623026 0.203878 0.458236 0.200639 0.554928 0.497095 0.252663 0.126884 0.865126 0.941441 0.014850 0.897181
0.603797 0.217073 0.542107 0.214169 0.648504 0.552737 0.293526 0.139360 0.803005 1.022675 0.025970 1.008872
0.584668 0.245920 0.517254 0.266371 0.616565 0.428232 0.299426 0.148828 0.837043 0.966582 0.102239 0.947917
0.652482 0.176611 0.509229 0.327666 0.664405 0.535272 0.352858 0.072344 0.771612 0.999993 0.102533 0.944385
0.655079 0.244104 0.530895 0.202100 0.575233 0.476045 0.341747 0.147420 0.800669 0.949994 0.028947 0.947854
0.643312 0.165422 0.488561 0.301315 0.605574 0.479174 0.187775 0.119731 0.854900 1.010756 0.103788 1.019787
0.634558 0.241176 0.442691 0.173944 0.638333 0.579183 0.330120 0.218728 0.764906 1.033552 0.020172 0.964660
0.657391 0.187913 0.509054 0.196058 0.606790 0.573411 0.337752 0.202055 0.903252 0.977385 0.017719 0.995736
0.605619 0.232610 0.489063 0.277752 0.560835 0.475279 0.329591 0.181058 0.857207 0.941294 0.072593 0.968139
0.600330 0.225553 0.561582 0.191870 0.714913 0.500924 0.183255 0.150958 0.824566 1.020743 0.025392 1.053728
0.615124 0.193334 0.500308 0.169111 0.550495 0.586629 0.375295 0.205769 0.847267 0.970923 0.049755 1.016037
0.568803 0.246677 0.481508 0.234669 0.557800 0.586246 0.230157 0.206696 0.818326 0.968636 0.019880 0.951336
0.642259 0.256256 0.484870 0.237840 0.612218 0.474664 0.375074 0.203841 0.856815 0.990293 0.067738 0.894839
0.659982 0.264934 0.526960 0.170735 0.682647 0.546658 0.250271 0.170710 0.789159 0.996250 0.063032 0.894046
0.672589 0.282246 0.473965 0.204411 0.581313 0.615531 0.224539 0.158965 0.886236 0.947294 0.070233 0.975572
0.625460 0.211793 0.543443 0.231647 0.624942 0.594570 0.371974 0.181324 0.877285 1.046140 0.035225 0.999642
0.712422 0.219903 0.457629 0.239427 0.635948 0.515722 0.330852 0.174899 0.899724 0.969189 0.020106 0.950025
0.630479 0.216969 0.526499 0.210252 0.661663 0.519870 0.308186 0.184104 0.722738 0.917523 0.041970 0.943529
0.627026 0.291736 0.545355 0.157704 0.531297 0.512239 0.323858 0.158863 0.709240 0.957329 0.068081 0.964976
0.587789 0.273238 0.540471 0.263312 0.681120 0.519998 0.290029 0.163952 0.912125 0.971386 0.010176 0.925409
0.610023 0.252032 0.528347 0.268973 0.605155 0.668615 0.320352 0.142102 0.815426 1.048622 0.062633 1.009731
0.656236 0.194143 0.526403 0.209670 0.626269 0.510698 0.368746 0.132785 0.864345 0.954747 0.010834 0.999151
0.658603 0.121875 0.532915 0.139811 0.556244 0.516073 0.260997 0.218294 0.845212 1.003360 0.100977 0.927728
0.657625 0.248467 0.528335 0.238995 0.650781 0.516526 0.319033 0.191645 0.789145 1.039959 0.100644 0.920162
0.577415 0.234217 0.473398 0.148754 0.586777 0.461392 0.258548 0.029799 0.916974 0.985187 0.060883 1.013155
0.720997 0.135433 0.559620 0.215327 0.604983 0.627603 0.391378 0.179503 0.911262 1.017257 -0.024172 1.044553
0.552081 0.187814 0.570526 0.212832 0.592271 0.541746 0.204347 0.170594 0.823514 0.994525 0.036929 0.931702
0.637629 0.191129 0.591718 0.109009 0.574008 0.522129 0.351966 0.071063 0.833940 1.020901 0.064859 0.951127
0.708890 0.222340 0.498770 0.181933 0.583225 0.550003 0.235638 0.210940 0.714589 1.060703 -0.092531 0.983628
0.591059 0.227283 0.474344 0.219881 0.574336 0.510692 0.349460 0.249023 0.801906 0.925549 -0.014109 1.020551
0.619356 0.126531 0.547207 0.140110 0.645458 0.505343 0.179003 0.186249 0.864174 0.980200 0.072340 0.955811
0.630198 0.263090 0.544684 0.161841 0.569386 0.532242 0.314008 0.139207 0.725594 0.954237 -0.003742 0.974067
0.634969 0.183453 0.617664 0.180254 0.670088 0.402728 0.400458 0.220015 0.727345 0.969654 -0.042007 0.924722
0.717951 0.266781 0.576471 0.261639 0.588751 0.580998 0.372722 0.273887 0.801578 0.950730 0.101594 0.979912
0.619712 0.154941 0.502505 0.212901 0.674855 0.533901 0.240622 0.162215 0.843388 1.002897 0.036434 0.950751
0.691529 0.211161 0.547006 0.231499 0.691876 0.441908 0.269755 0.081718 0.862430 0.978995 0.116926 0.990220
0.675560 0.177075 0.528011 0.184573 0.578963 0.592120 0.327102 0.254030 0.847442 1.043743 0.047646 0.994758
0.665365 0.126062 0.471315 0.156267 0.605835 0.576146 0.304913 0.169859 0.832868 0.966712 0.002156 0.920265
0.628782 0.223563 0.470108 0.241625 0.560352 0.511084 0.351876 0.155146 0.879767 1.028487 0.081393 0.945087
0.691997 0.143146 0.542689 0.294361 0.516182 0.452521 0.218841 0.114263 0.821793 1.003231 0.095197 0.939989
0.581811 0.292645 0.504018 0.198734 0.551100 0.540521 0.250618 0.207107 0.801402 1.024432 0.004677 0.962397
0.669660 0.195017 0.499452 0.156076 0.704768 0.574666 0.364085 0.164454 0.787658 1.073968 0.102764 0.909430
0.698965 0.097896 0.514191 0.199095 0.657689 0.530903 0.299127 -0.000189 0.876760 0.983931 0.108816 0.981934
0.588081 0.275692 0.496403 0.153765 0.626728 0.428645 0.297037 0.203105 0.857030 0.959193 0.116357 1.018248
0.607167 0.257097 0.584288 0.266544 0.542194 0.513627 0.232561 0.186971 0.790105 1.015242 0.069501 1.022575
0.668412 0.254222 0.527468 0.192142 0.578630 0.523254 0.306233 0.174017 0.823462 0.937447 0.011679 0.966977
0.661332 0.231360 0.465150 0.222382 0.590697 0.538821 0.294428 0.206821 0.952903 0.883522 -0.045441 0.992162
0.661147 0.158732 0.442183 0.160240 0.581986 0.497216 0.323776 0.143770 0.771760 0.902460 0.002816 1.057515
0.584521 0.229303 0.445905 0.169769 0.677548 0.535530 0.317154 0.063312 0.792127 1.027283 -0.004657 0.966608
0.691468 0.225481 0.430278 0.162195 0.649120 0.473570 0.281953 0.168894 0.745580 0.988561 0.080151 0.970652
0.596904 0.241967 0.458194 0.167379 0.652657 0.553164 0.268232 0.075858 0.892513 0.981827 0.110628 0.953386
0.713954 0.213192 0.519148 0.209216 0.608324 0.529058 0.285502 0.026646 0.885182 0.987350 0.010151 0.938370
0.718441 0.259479 0.531968 0.327208 0.581678 0.478474 0.377953 0.140411 0.719285 0.999605 0.065371 0.973336
0.686283 0.140395 0.494806 0.147637 0.564236 0.527492 0.303957 0.175664 0.817532 0.941022 0.013645 0.896757
0.588005 0.250323 0.471991 0.202129 0.557832 0.582638 0.338764 0.114617 0.809724 0.954387 0.014795 0.981055
0.650922 0.281168 0.621599 0.227744 0.588194 0.592204 0.248634 0.197606 0.883832 1.006210 -0.013803 0.970575
0.575438 0.196773 0.530441 0.228264 0.637377 0.540808 0.304421 0.125226 0.799541 1.022727 0.061974 0.942699
0.598111 0.272308 0.469241 0.350091 0.529259 0.503812 0.341877 0.127790 0.761996 1.030537 0.116799 1.076690
0.606988 0.270618 0.474086 0.165628 0.544782 0.591120 0.258414 0.055265 0.860683 1.026861 -0.024773 0.965315
0.664669 0.187667 0.499007 0.229401 0.607936 0.597859 0.189782 0.076550 0.951625 0.922068 0.111262 0.930109
0.671018 0.226235 0.574649 0.320334 0.599966 0.568610 0.256608 0.138804 0.828450 0.958202 -0.024455 0.898848
0.603579 0.185474 0.441753 0.180343 0.658550 0.530283 0.336510 0.103607 0.792106 0.974454 -0.000122 0.893428
0.665939 0.275158 0.483106 0.216584 0.696705 0.440050 0.269688 0.145688 0.878468 1.043236 0.069592 0.922527
0.620864 0.280246 0.549707 0.134835 0.782989 0.595449 0.377558 0.142514 0.768608 0.970859 0.078580 0.843647
0.610633 0.226902 0.472344 0.249011 0.630655 0.594293 0.322473 0.188633 0.823803 1.053363 0.113906 0.924589
0.580568 0.205208 0.521283 0.283220 0.591960 0.505456 0.300709 0.134024 0.773551 1.072730 0.072172 0.975208
0.527196 0.228811 0.519666 0.250795 0.588816 0.478857 0.307721 0.226381 0.821772 1.039896 -0.000413 0.935492
0.639524 0.220176 0.448333 0.242717 0.557155 0.461756 0.243766 0.123429 0.774787 1.031252 0.071077 1.035010
0.744482 0.233210 0.439809 0.183244 0.720740 0.522706 0.429591 0.098993 0.876364 0.869338 -0.008078 1.006346
0.493929 0.246951 0.507395 0.228602 0.579369 0.510596 0.273902 0.153202 0.854259 1.031362 0.042454 0.965959
0.634553 0.208464 0.493670 0.202299 0.662498 0.489062 0.322053 0.172770 0.808289 1.043909 0.092281 0.927508
0.683960 0.250153 0.553910 0.288444 0.494119 0.594714 0.246317 0.165275 0.922700 1.054517 -0.045771 0.990156
0.630880 0.235009 0.537854 0.195684 0.622513 0.344274 0.333276 0.069058 0.819791 0.980777 0.066118 0.984913
0.599671 0.177325 0.535339 0.250576 0.541836 0.509920 0.287630 0.166442 0.875119 1.016278 0.039213 0.905132
0.661127 0.186513 0.518463 0.204731 0.580579 0.573120 0.316312 0.265843 0.880351 1.031474 0.053240 0.954033
0.696411 0.102727 0.502091 0.283466 0.536642 0.460241 0.351108 0.149333 0.771228 1.006057 -0.025704 0.889769
0.595767 0.244556 0.443357 0.285036 0.646976 0.586241 0.212610 0.124623 0.800104 1.010221 -0.042723 0.968454
0.616054 0.334379 0.550642 0.231213 0.649413 0.476553 0.344551 0.160675 0.835423 0.974527 0.087487 0.972080
0.633498 0.252575 0.550496 0.206461 0.592912 0.443260 0.286023 0.275178 0.870047 0.924693 0.058127 0.963772
0.586488 0.228212 0.559668 0.194476 0.613319 0.577863 0.307256 0.169261 0.848353 0.969074 0.036421 1.003341
0.649002 0.083798 0.515722 0.224280 0.637132 0.557306 0.298963 0.055429 0.805678 0.996352 0.018472 0.982740
0.623460 0.242236 0.502049 0.218445 0.640061 0.475390 0.404014 0.168777 0.799192 1.045402 0.078510 0.953058
0.663020 0.225042 0.423781 0.317727 0.614821 0.531632 0.289128 0.147780 0.871975 0.869256 -0.013113 1.001937
0.634459 0.281843 0.485966 0.279981 0.634706 0.525141 0.340618 0.151952 0.819897 1.024775 0.041773 0.986686
0.620368 0.275020 0.462928 0.223693 0.488622 0.495880 0.351997 0.077897 0.811937 0.982285 0.000380 0.988230
0.676057 0.122401 0.541420 0.220681 0.560769 0.555068 0.344418 0.116108 0.749010 0.986775 -0.017291 0.979676
0.634470 0.249350 0.518175 0.252389 0.578166 0.519854 0.363737 0.152325 0.869122 1.017636 0.007166 0.932425
0.580089 0.253884 0.463970 0.196549 0.669563 0.531057 0.367929 0.076576 0.789130 1.042998 0.121949 0.999593
0.665943 0.222705 0.556692 0.216297 0.602910 0.542002 0.293427 0.141140 0.824007 1.011327 0.054833 1.013312
0.646669 0.235667 0.487472 0.204520 0.696146 0.599591 0.337513 0.157331 0.815870 1.066601 0.048793 1.049119
0.743865 0.251824 0.588664 0.252668 0.561084 0.500650 0.360765 0.164196 0.855433 0.990821 0.027572 0.855171
0.652827 0.243094 0.487569 0.238020 0.596045 0.491097 0.267655 0.179862 0.781062 1.026076 0.070207 1.052475
0.655067 0.228676 0.522759 0.243685 0.560912 0.506840 0.313777 0.147670 0.820936 1.001867 0.027238 0.957410
0.654505 0.182288 0.524691 0.228053 0.632986 0.457924 0.321290 0.148512 0.838622 0.959771 0.040015 0.906937
0.592461 0.214273 0.488518 0.255799 0.665261 0.508802 0.285078 0.082319 0.831441 0.991483 0.063910 1.010734
0.655292 0.257445 0.554994 0.190722 0.600173 0.485384 0.330828 0.149410 0.785332 1.004453 0.009839 1.059020
0.547631 0.278962 0.625746 0.194822 0.614126 0.499540 0.207520 0.215008 0.780845 0.995674 0.087273 0.944666
0.694809 0.323376 0.519740 0.293418 0.627558 0.528889 0.192296 0.173633 0.782404 0.889857 0.055709 0.888516
0.568060 0.292284 0.523080 0.141616 0.499861 0.544816 0.191520 0.117119 0.850135 0.919315 0.031805 1.015475
0.542632 0.173454 0.439375 0.269648 0.618947 0.610881 0.280828 0.116808 0.831154 0.971660 0.023586 0.936112
0.706080 0.202523 0.443364 0.196731 0.632141 0.546762 0.310434 0.176176 0.829383 0.858284 0.057583 0.904890
0.650771 0.255144 0.419910 0.251618 0.644876 0.553274 0.230089 0.235726 0.807434 0.881438 0.091259 0.934301
0.611646 0.249186 0.473901 0.169343 0.691824 0.493112 0.308927 0.150068 0.885030 1.017428 0.073481 0.987464
0.658045 0.186842 0.402796 0.330446 0.683229 0.555068 0.374033 0.174945 0.880628 0.978288 0.125378 0.986191
0.623248 0.188545 0.523678 0.195042 0.622698 0.540652 0.265168 0.074857 0.811508 1.098760 -0.006588 0.973329
0.706550 0.174934 0.576306 0.194292 0.612236 0.577868 0.360496 0.051115 0.838351 1.078526 0.010391 1.006608
0.646734 0.257910 0.652236 0.261106 0.623491 0.468377 0.329970 0.137446 0.838671 0.944553 0.066630 0.985478
0.614931 0.228242 0.492268 0.293085 0.523722 0.508889 0.376572 0.153780 0.843297 0.980506 0.061427 0.978374
0.580254 0.211635 0.450119 0.228226 0.547747 0.561500 0.340179 0.105200 0.908335 1.018494 -0.014871 0.906617
0.672800 0.273400 0.540595 0.237396 0.584414 0.407383 0.290256 0.051478 0.802781 0.969543 0.044530 0.989001
0.621034 0.310327 0.399875 0.175360 0.644369 0.507676 0.288676 0.157118 0.827828 0.960937 0.061663 0.993065
0.588246 0.226180 0.437812 0.195435 0.691318 0.528620 0.221968 0.187187 0.806162 0.968931 0.022089 1.028664
0.725678 0.202738 0.571365 0.260685 0.566123 0.585060 0.226339 0.203547 0.817302 0.965821 0.085105 1.027541
0.641340 0.243396 0.493509 0.129239 0.665680 0.527379 0.275368 0.098018 0.866150 0.867269 0.041370 1.019086
0.659420 0.164754 0.492706 0.256189 0.629601 0.523568 0.246800 0.013160 0.873633 1.106977 -0.037275 1.028631
0.617489 0.242251 0.548035 0.307407 0.499306 0.573793 0.227183 0.170062 0.826080 0.995348 -0.041741 0.988562
0.706652 0.219345 0.414698 0.188242 0.561009 0.548469 0.260818 0.212381 0.776359 1.051633 -0.022601 0.919891
0.594060 0.233356 0.426935 0.319015 0.687038 0.514636 0.314698 0.204352 0.789392 0.920280 -0.026015 0.971391
0.624906 0.192575 0.516620 0.203707 0.531410 0.668269 0.220856 0.117160 0.811854 1.033014 0.023353 0.909806
0.619108 0.211465 0.525537 0.171752 0.623162 0.491691 0.313367 0.230622 0.887840 0.945751 0.075448 0.891668
0.587620 0.187804 0.593172 0.223808 0.578032 0.560619 0.389483 0.107255 0.793025 0.948083 -0.019508 0.957049
0.565230 0.202718 0.538770 0.206234 0.517647 0.590389 0.281609 0.129707 0.811739 1.000012 0.005316 0.966379
0.597679 0.211750 0.438290 0.257411 0.598255 0.513804 0.244684 0.107776 0.802767 1.026648 0.100880 0.948017
0.520852 0.184222 0.530283 0.226559 0.680699 0.538950 0.350895 0.055536 0.786785 1.041828 0.060147 1.026828
0.624221 0.290435 0.479200 0.257153 0.681413 0.550648 0.331401 0.121217 0.757821 0.992861 0.019994 0.982512
0.590607 0.200646 0.556663 0.237206 0.656135 0.585058 0.349095 0.135728 0.722070 0.990526 0.086984 0.975563
0.566375 0.219708 0.521115 0.256092 0.559012 0.566501 0.311088 0.187141 0.876054 0.896351 -0.052425 1.012850
0.681307 0.186311 0.534849 0.254124 0.573128 0.587564 0.232863 0.071654 0.866945 1.103163 0.105345 1.069254
0.580983 0.185105 0.476012 0.272157 0.674131 0.522858 0.291055 0.122145 0.846196 1.025174 -0.060365 1.029141
0.565296 0.267470 0.555502 0.159681 0.559003 0.513846 0.263948 0.180162 0.879048 0.986246 0.053663 0.979508
0.629360 0.149297 0.506465 0.161326 0.596002 0.612591 0.230445 0.190633 0.890949 0.945246 0.094785 0.878289
0.618620 0.302663 0.475139 0.160859 0.558688 0.548877 0.272546 0.210971 0.883370 1.062628 0.064584 1.009196
0.581506 0.166467 0.520560 0.142473 0.645921 0.526390 0.281360 0.301022 0.780204 0.943725 -0.040743 1.034099
0.580196 0.227903 0.550099 0.282996 0.614069 0.517957 0.397372 0.166300 0.812994 0.980469 0.103877 0.893791
0.725588 0.269297 0.547640 0.161164 0.561619 0.635593 0.335104 0.243741 0.748771 1.032695 0.058189 0.959061
0.597723 0.230267 0.567250 0.209786 0.523422 0.453402 0.301801 0.211685 0.890579 0.928352 0.044079 0.954356
0.617824 0.274501 0.434388 0.204249 0.619221 0.564824 0.286168 0.057656 0.799308 0.996232 -0.034420 0.937184
0.666912 0.192504 0.502987 0.238219 0.643704 0.520051 0.279787 0.117179 0.779396 1.076662 0.047796 0.924065
0.660715 0.163930 0.554413 0.279126 0.599404 0.436015 0.368921 0.099449 0.843529 0.976474 0.082160 0.958507
0.627313 0.175416 0.463681 0.165541 0.589727 0.521569 0.295308 0.136991 0.862824 1.045717 0.062026 0.924022
0.694337 0.236904 0.501954 0.212061 0.632441 0.588839 0.226324 0.202756 0.858279 0.964383 0.018348 0.916820
0.673688 0.179639 0.521374 0.180299 0.612925 0.527930 0.342965 0.166169 0.827633 0.950019 0.049816 0.939718
0.573269 0.212407 0.523979 0.272405 0.575477 0.544592 0.300622 0.223046 0.854313 1.025092 0.075706 0.990669
0.678479 0.250503 0.524467 0.239448 0.596543 0.468181 0.325718 0.100792 0.875650 1.058165 -0.010021 1.021833
0.627549 0.134756 0.523531 0.237876 0.571587 0.562206 0.326070 0.148234 0.760615 1.023649 -0.009070 0.909649
0.647894 0.131107 0.498948 0.203900 0.697611 0.605544 0.395111 0.118888 0.806288 1.016333 -0.000580 0.985873
0.670512 0.121512 0.496069 0.264081 0.664809 0.545371 0.284388 0.205299 0.824769 0.914786 -0.004824 1.020374
0.606618 0.214185 0.550324 0.230840 0.573747 0.523751 0.285995 0.140354 0.856110 0.982045 0.120937 1.005683
0.681163 0.198678 0.513337 0.240413 0.657766 0.508185 0.278271 0.123498 0.742398 1.066069 0.037212 0.997592
0.652907 0.192572 0.569805 0.221682 0.544638 0.570679 0.314234 0.076723 0.870654 0.902547 0.026711 0.986918
0.737266 0.246745 0.511612 0.190189 0.627347 0.468928 0.306557 0.099428 0.862437 0.938941 -0.006981 0.991823
0.684766 0.217691 0.562459 0.289121 0.646851 0.530856 0.248994 0.000947 0.905692 0.999061 -0.008901 0.935109
0.631217 0.095750 0.480183 0.159706 0.655236 0.548364 0.340431 0.212263 0.864554 1.030499 0.044270 0.962701
0.638833 0.273491 0.545061 0.192388 0.647849 0.502926 0.333679 0.054892 0.887210 1.061153 0.103843 0.959258
0.601090 0.318978 0.585701 0.236259 0.610164 0.666422 0.215279 0.071736 0.845286 0.919275 0.032344 0.970602
0.659270 0.295280 0.469353 0.187289 0.584366 0.554985 0.225014 0.144121 0.857570 1.098192 0.110962 0.986845
0.761153 0.306691 0.479755 0.212503 0.479898 0.559299 0.221885 0.156289 0.810845 0.995386 0.059185 0.981243
0.661308 0.113473 0.495664 0.203085 0.545074 0.586688 0.327229 0.232863 0.818395 1.032248 0.000865 0.978468
0.592113 0.290853 0.450211 0.181400 0.678302 0.603164 0.344854 0.131015 0.803978 0.949866 0.010849 1.007303
0.543030 0.171562 0.445147 0.206175 0.601371 0.625221 0.235429 0.157455 0.795304 0.999028 0.059471 0.970002
0.546716 0.233386 0.615237 0.288118 0.548465 0.531251 0.317192 0.270238 0.821553 0.981197 -0.025564 0.983784
0.638151 0.155931 0.548294 0.251755 0.677827 0.565201 0.362217 0.019930 0.813854 0.948371 0.033231 1.028583
0.575444 0.210603 0.511091 0.327808 0.592385 0.619759 0.370505 0.152147 0.818780 0.946491 -0.028069 0.930466
0.626867 0.106310 0.553784 0.190769 0.616748 0.471069 0.307308 0.166291 0.783159 1.013682 0.024673 0.959493
0.654529 0.305356 0.481262 0.174903 0.511921 0.484295 0.265379 0.209477 0.785266 0.977652 0.031950 0.886254
0.631213 0.202775 0.500107 0.229668 0.743905 0.555148 0.283336 0.084228 0.824201 0.902878 0.005923 1.032313
0.612080 0.186578 0.519677 0.167821 0.525067 0.571388 0.288762 0.166002 0.842005 1.000409 0.074523 0.948571
0.637239 0.223255 0.519233 0.223315 0.654432 0.517232 0.338217 0.186892 0.783347 0.926134 0.048480 0.887421
0.636592 0.209388 0.634355 0.196957 0.597477 0.518604 0.252639 0.169759 0.870668 0.931004 -0.007996 0.896898
0.610438 0.153760 0.462729 0.211278 0.635909 0.595792 0.343561 0.190811 0.841272 0.911571 0.017626 0.908249
0.739259 0.285241 0.620244 0.283910 0.529873 0.515532 0.285771 0.035391 0.747993 0.972450 0.102958 0.936692
0.644723 0.229451 0.460559 0.242914 0.666553 0.582857 0.368987 0.214142 0.864720 1.018890 -0.030009 1.042400
0.654824 0.301418 0.511576 0.215831 0.656468 0.539924 0.360530 0.114836 0.809322 0.936214 -0.117165 1.136992
0.630918 0.194807 0.587742 0.212900 0.541694 0.443702 0.355735 0.118700 0.818675 0.975826 -0.005724 0.937056
0.578847 0.199302 0.488991 0.236065 0.596099 0.432411 0.388350 0.213020 0.902819 0.991786 -0.091450 0.903603
0.690473 0.239657 0.592081 0.156226 0.591490 0.470561 0.177960 0.172964 0.762334 0.965153 0.059128 0.959108
0.667798 0.222914 0.497673 0.299981 0.590086 0.510209 0.408609 0.193821 0.888961 0.957898 0.071732 0.966798
0.629063 0.254821 0.538957 0.234146 0.560097 0.565283 0.217050 0.183654 0.817059 0.936497 0.013535 1.010806
0.677833 0.263006 0.579317 0.162576 0.613774 0.543131 0.282889 0.109400 0.805109 1.044535 0.067407 0.979176
0.663037 0.287929 0.523144 0.268308 0.597635 0.471609 0.238843 0.162501 0.823544 1.027887 0.029749 1.070429
0.663837 0.303536 0.550272 0.219803 0.550616 0.500222 0.221304 0.129274 0.846088 0.992985 0.028830 1.022788
0.653676 0.163771 0.427066 0.191044 0.456909 0.491112 0.343763 0.166024 0.840186 0.992193 0.075560 0.908761
0.660879 0.232088 0.511382 0.224851 0.516930 0.554891 0.267071 0.192459 0.841750 0.940670 0.024713 0.883889
0.685926 0.190564 0.583762 0.210568 0.636632 0.519971 0.273212 0.208419 0.789773 1.006155 0.091752 0.893773
0.617816 0.197298 0.516074 0.200601 0.555464 0.450321 0.213551 0.075939 0.823728 0.912751 0.086102 0.977004
0.591801 0.252320 0.520242 0.250455 0.487777 0.538441 0.269357 0.159623 0.802929 0.933504 0.059257 1.000124
0.559582 0.296316 0.494418 0.177894 0.681209 0.439569 0.340730 0.120103 0.924589 1.017360 0.002193 0.935222
0.627765 0.299411 0.462641 0.360278 0.583470 0.491048 0.240857 0.248961 0.808769 0.962744 -0.034673 0.922915
0.695797 0.174269 0.517297 0.242540 0.598057 0.548210 0.276945 0.097708 0.904288 0.899428 0.028999 0.932037
0.667140 0.292466 0.435936 0.169733 0.569514 0.402617 0.272324 0.070739 0.780528 0.997656 0.082638 0.985022
0.621420 0.272120 0.542328 0.183049 0.591691 0.453038 0.292000 0.219487 0.803143 0.968161 0.007636 1.042344
0.633101 0.216521 0.527322 0.126324 0.697515 0.447028 0.391503 0.142844 0.845334 0.917770 0.110533 0.910554
0.596588 0.171852 0.422550 0.187797 0.701976 0.529881 0.299929 0.188453 0.824543 0.986223 0.076358 0.930016
0.596799 0.155912 0.486677 0.239273 0.616761 0.489769 0.304170 0.183322 0.850206 0.870257 -0.027307 0.981871
0.628349 0.261842 0.519774 0.202091 0.497799 0.494293 0.295371 0.217564 0.832383 1.037144 -0.014143 0.943369
0.689528 0.192809 0.469064 0.215459 0.564478 0.495358 0.338028 0.163541 0.835375 0.974158 0.050011 0.980413
0.618370 0.264874 0.525084 0.265987 0.646649 0.502567 0.284979 0.109097 0.783633 0.968765 0.084170 0.874866
0.539461 0.298039 0.588701 0.202831 0.624265 0.528299 0.258469 0.076798 0.849606 1.004456 0.064430 0.916164
0.531786 0.212815 0.607603 0.155039 0.530969 0.586511 0.235254 0.166588 0.888146 0.973912 0.055750 0.912213
0.584293 0.278993 0.417941 0.287529 0.627037 0.487500 0.224660 0.091865 0.799519 0.898183 -0.054091 0.987054
0.631561 0.252078 0.542256 0.156950 0.594713 0.483269 0.303669 0.200281 0.886611 0.979094 0.067469 0.888040
0.598272 0.160406 0.542632 0.162834 0.611624 0.559225 0.353138 0.148821 0.805152 0.959650 0.006396 0.895767
0.649724 0.344399 0.462975 0.252842 0.628843 0.559950 0.310451 0.130759 0.797533 0.932915 0.035990 1.055298
0.631483 0.267976 0.499318 0.326232 0.570735 0.459936 0.242135 0.191153 0.847657 0.971409 0.035562 0.968866
0.662652 0.244705 0.462125 0.223452 0.591711 0.581935 0.303611 0.207987 0.842892 1.010879 0.031838 0.963658
0.691941 0.166791 0.521746 0.149546 0.664304 0.422092 0.307058 0.094813 0.816694 1.028799 -0.001462 1.014155
0.671917 0.231053 0.496857 0.255025 0.620056 0.523570 0.298844 0.145743 0.834019 0.988738 0.010651 1.005908
0.602823 0.205291 0.584292 0.294089 0.575826 0.538280 0.269039 0.172131 0.786537 0.942609 0.112730 0.942335
0.675330 0.277424 0.498975 0.192047 0.576137 0.462174 0.203597 0.161882 0.880210 0.898506 0.068426 0.934716
0.712065 0.232795 0.548987 0.229580 0.594482 0.462135 0.293150 0.091765 0.815329 0.883166 0.017846 0.985353
0.705532 0.252490 0.522536 0.240201 0.682585 0.548159 0.234502 0.156641 0.877720 1.064955 0.063824 0.928367
0.673502 0.226650 0.467445 0.184284 0.595420 0.514889 0.309819 0.198553 0.825597 1.116261 0.032819 1.016217
0.660483 0.172286 0.493288 0.174628 0.659622 0.468499 0.263553 0.125272 0.831233 1.004598 0.074805 0.927850
0.549815 0.192598 0.536209 0.231165 0.606364 0.647282 0.296079 0.119596 0.935895 0.958666 0.041873 0.991295
0.702756 0.285631 0.446954 0.259386 0.526473 0.495592 0.345472 0.204673 0.835686 0.916658 0.017273 1.021469
0.626319 0.222056 0.422976 0.234970 0.602273 0.530165 0.335052 0.142122 0.775610 0.897478 0.057942 0.982073
0.671749 0.261870 0.529984 0.190953 0.565542 0.557506 0.354586 0.177007 0.916887 0.929631 0.064759 0.992227
0.610284 0.174411 0.492242 0.237517 0.632734 0.506450 0.356733 0.121255 0.847090 0.961520 0.051629 0.996459
0.561641 0.190215 0.529704 0.174115 0.587622 0.535500 0.326939 0.234051 0.896728 1.022455 -0.000618 0.939249
0.649679 0.211856 0.455634 0.232751 0.585985 0.543095 0.389555 0.184108 0.888315 0.999544 0.097783 0.973724
0.700279 0.172550 0.545598 0.173715 0.611386 0.491798 0.332870 0.092974 0.882948 0.962028 0.047107 0.956847
0.668860 0.175798 0.514518 0.224756 0.678271 0.491103 0.257925 0.150235 0.835610 1.011522 -0.022148 1.008477
0.666141 0.227954 0.511363 0.203636 0.680940 0.569554 0.303632 0.191459 0.801890 0.929443 0.013126 1.013660
0.655301 0.222276 0.469962 0.183191 0.591490 0.537617 0.268640 0.180273 0.834681 1.061687 0.010505 0.932937
0.590864 0.177085 0.583642 0.245131 0.584345 0.488966 0.250967 0.063458 0.901268 0.975241 0.042347 0.912233
0.640533 0.188010 0.470121 0.144535 0.662387 0.493363 0.264328 0.116060 0.827138 1.070279 0.053749 0.919252
0.729809 0.180145 0.530872 0.159252 0.575152 0.502673 0.347829 0.093852 0.811740 0.942781 0.040999 0.967340
0.623264 0.201657 0.531713 0.239358 0.616406 0.443631 0.322441 0.152818 0.859045 0.983004 0.020093 0.933327
0.591824 0.181682 0.516697 0.253629 0.641427 0.517282 0.367924 0.215538 0.840865 0.980215 0.075305 0.967627
0.682956 0.195197 0.570070 0.169573 0.658579 0.530578 0.301095 0.114230 0.814383 0.878253 0.101125 0.901355
0.641386 0.202572 0.458108 0.136650 0.535571 0.577757 0.392339 0.241180 0.812706 0.941791 0.064723 1.050068
0.593746 0.228179 0.506175 0.167487 0.595554 0.617226 0.364920 0.124585 0.816442 1.019906 0.055049 0.923694
0.590605 0.158658 0.555274 0.199322 0.548231 0.462513 0.281972 0.143030 0.842462 1.000394 0.081826 0.945237
0.630719 0.280564 0.482723 0.276759 0.592926 0.522152 0.235661 0.071039 0.875960 1.039776 0.015355 1.038875
0.647976 0.283440 0.541768 0.306674 0.586049 0.490881 0.290559 0.139307 0.875395 0.972401 0.071917 0.967654
0.549660 0.237950 0.521409 0.270845 0.536552 0.610891 0.253092 0.251318 0.883410 0.996719 0.007271 0.834532
0.668151 0.233374 0.539773 0.133058 0.512819 0.564650 0.274360 0.079174 0.769395 0.982531 0.081186 0.984737
0.624072 0.207019 0.611053 0.227947 0.596077 0.546018 0.300732 0.131608 0.797053 0.971132 0.141439 0.996196
0.654467 0.198364 0.538751 0.170705 0.628145 0.536597 0.320261 0.136166 0.749268 1.033005 0.002874 0.984261
0.581235 0.185272 0.511743 0.239614 0.627204 0.470714 0.336090 0.086416 0.894174 1.094355 0.121603 0.898809
0.694863 0.226095 0.641078 0.273499 0.656310 0.576107 0.293550 0.236383 0.789861 0.975618 0.134959 0.893139
0.664887 0.261979 0.512067 0.245112 0.552893 0.539370 0.253424 0.147721 0.706539 1.042190 0.055824 0.982616
0.608154 0.238198 0.490534 0.262499 0.595735 0.445211 0.256419 0.207198 0.778577 0.916731 0.021523 1.081211
0.734736 0.281103 0.577479 0.169460 0.594936 0.613805 0.328207 0.023976 0.858579 0.934062 0.083188 0.983574
0.722200 0.268794 0.457583 0.150442 0.661613 0.548550 0.300654 0.120411 0.843487 0.855460 0.130294 0.948314
0.609214 0.280934 0.540257 0.200164 0.599969 0.508327 0.306143 0.093229 0.821007 1.021289 0.059117 0.972050
0.619981 0.213949 0.454851 0.176635 0.553112 0.581903 0.379985 0.107542 0.816942 0.981887 -0.092494 0.922444
0.642933 0.225791 0.567183 0.212813 0.606350 0.507471 0.254231 0.138965 0.874576 0.968562 0.074470 0.988423
0.641146 0.197630 0.516601 0.174914 0.679074 0.454805 0.351808 0.088440 0.772028 0.957555 0.018642 0.924925
0.566125 0.271008 0.443187 0.097667 0.632942 0.553122 0.324655 0.199584 0.939203 1.110573 0.086967 1.023389
0.529363 0.154883 0.478269 0.224266 0.609470 0.452168 0.264463 0.194800 0.800514 1.019512 0.004780 0.944764
0.636263 0.212269 0.506937 0.202204 0.574622 0.621466 0.369213 0.132135 0.829618 0.987049 0.119328 0.989189
0.502340 0.228692 0.509379 0.211984 0.585144 0.523420 0.271729 0.154232 0.885962 0.972444 0.103106 0.888282
0.595751 0.210518 0.567129 0.153743 0.569853 0.612399 0.289131 0.134954 0.796451 1.008596 -0.040136 1.025858
0.613633 0.223917 0.451954 0.227947 0.637238 0.489308 0.382776 0.195424 0.769776 0.975153 0.028577 0.885772
0.593301 0.292374 0.536302 0.168967 0.581285 0.539375 0.222608 0.187487 0.875838 1.027793 0.050775 0.913698
0.686430 0.268972 0.454204 0.236216 0.599998 0.570951 0.283373 0.222385 0.837591 0.967160 0.085835 0.971430
0.590740 0.131332 0.534389 0.180135 0.636615 0.570535 0.310012 0.193074 0.877866 1.064376 0.008629 1.046841
0.578175 0.216571 0.499920 0.244550 0.594109 0.508553 0.308924 0.114294 0.817081 1.031925 0.077003 0.972304
0.619460 0.275973 0.454184 0.236311 0.550120 0.513334 0.319597 0.127975 0.885883 1.126012 0.023774 0.869836
0.578559 0.241914 0.525440 0.172212 0.582982 0.479389 0.211275 0.125603 0.828860 0.899780 0.140537 0.976592
0.653975 0.221610 0.497689 0.193481 0.578996 0.453512 0.287651 0.187310 0.891100 0.922627 -0.031124 0.918370
0.637599 0.240286 0.618130 0.226064 0.635850 0.485399 0.320169 0.137381 0.796775 1.065370 0.062002 0.933981
0.677017 0.204318 0.528234 0.156155 0.635123 0.563681 0.329453 0.183770 0.790779 0.945503 0.135052 0.968878
0.671474 0.180917 0.434263 0.257928 0.659581 0.530843 0.327810 0.119209 0.785741 0.976852 -0.056462 1.057710
0.544990 0.293643 0.549546 0.220652 0.620982 0.498928 0.338600 0.089242 0.856856 0.886940 0.074929 0.988445
0.702440 0.229453 0.473895 0.197410 0.499557 0.494589 0.294054 0.146616 0.839872 1.024599 0.088885 1.039125
0.671376 0.188630 0.589135 0.155958 0.633474 0.542016 0.253120 0.150090 0.837944 0.946769 0.022805 0.893295
0.576528 0.283117 0.520470 0.210039 0.649521 0.539695 0.355756 0.183693 0.852605 1.020625 0.022551 0.971190
0.582165 0.240048 0.577039 0.255354 0.541550 0.641587 0.348950 0.117737 0.789620 1.110015 0.002435 0.946902
0.596773 0.237785 0.392144 0.219808 0.538550 0.535830 0.371174 0.197016 0.837551 0.951734 0.037223 0.979500
0.573185 0.190911 0.524038 0.057898 0.623369 0.515287 0.299123 0.142865 0.762968 1.099082 0.091419 1.032908
0.560966 0.229922 0.573583 0.230979 0.595593 0.517436 0.319782 0.092242 0.840479 0.987579 0.064964 0.995175
0.639659 0.276465 0.479053 0.234672 0.580415 0.529992 0.350104 0.131732 0.786419 0.936758 0.001667 0.983694
0.545452 0.144835 0.525101 0.217654 0.487778 0.568882 0.284968 0.149359 0.753717 0.922573 0.136572 0.924524
0.613002 0.253385 0.538811 0.235767 0.696164 0.449733 0.238276 0.187577 0.877968 0.968375 0.041842 0.968566
0.630813 0.197780 0.563874 0.135310 0.569658 0.609131 0.260522 0.142182 0.852153 0.971335 0.050737 1.009501
0.694464 0.261840 0.528199 0.236237 0.534564 0.522902 0.340214 0.148473 0.809726 0.978795 -0.009990 0.965037
0.577975 0.155984 0.541323 0.286943 0.468307 0.573336 0.266204 0.233072 0.843825 1.043456 0.074994 1.089587
0.640529 0.261557 0.488471 0.171303 0.568681 0.477056 0.363521 0.085591 0.836922 1.008176 -0.019278 0.976823
0.674929 0.269334 0.422133 0.210247 0.559727 0.504627 0.254075 0.179021 0.876359 0.930530 0.032312 1.061370
0.671350 0.284730 0.525363 0.256282 0.593414 0.603021 0.282341 0.216542 0.749647 1.030894 -0.036167 1.027916
0.585350 0.189698 0.607229 0.244852 0.627521 0.418350 0.307001 0.203720 0.856968 1.041103 0.067247 1.014381
0.655583 0.247056 0.553462 0.199492 0.530668 0.522109 0.290774 0.180848 0.846084 1.031679 0.064306 0.956793
0.670182 0.314576 0.581926 0.200367 0.588075 0.576668 0.388672 0.135949 0.845361 0.937685 0.024279 0.979609
0.644253 0.302648 0.504070 0.232864 0.704836 0.446735 0.304582 0.177223 0.846907 0.922730 -0.001759 1.026322
0.589792 0.187221 0.367970 0.178115 0.584786 0.427491 0.239343 0.066980 0.878176 0.954496 0.039484 1.005466
0.680603 0.277744 0.515556 0.188215 0.547884 0.463274 0.278443 0.175145 0.919329 1.002027 -0.021386 0.997904
0.686135 0.243571 0.465388 0.236083 0.509593 0.485439 0.333843 0.136382 0.778309 1.018712 0.040031 0.934166
0.709142 0.232534 0.487830 0.211999 0.573625 0.493266 0.317580 0.093817 0.870672 0.973408 -0.126130 0.895275
0.635321 0.176078 0.471828 0.232084 0.592208 0.555158 0.316712 0.216951 0.833784 1.025262 0.035212 0.958640
0.586882 0.200169 0.502654 0.199884 0.641175 0.588733 0.216646 0.245721 0.816706 0.965777 0.010203 0.912401
0.611429 0.246629 0.481575 0.247482 0.655179 0.482456 0.255042 0.204419 0.867972 1.040913 0.047932 1.051244
0.555980 0.159518 0.507973 0.140859 0.672598 0.569085 0.334628 0.132415 0.795292 0.987750 0.059439 0.952674
0.593854 0.257000 0.605621 0.195141 0.599637 0.511954 0.383909 0.187438 0.822623 0.945024 0.011038 0.902008
0.541227 0.256514 0.570775 0.213476 0.683053 0.432786 0.319374 0.176694 0.798147 1.096643 0.040499 0.858884
0.662250 0.150217 0.441226 0.277748 0.568763 0.463058 0.327359 0.136000 0.855769 1.015802 0.058015 0.937741
0.604621 0.244081 0.481885 0.262540 0.644014 0.568309 0.288380 0.279537 0.843440 0.949019 0.071681 0.982116
0.557236 0.272945 0.387852 0.267083 0.554048 0.605684 0.370379 0.074666 0.838350 0.883827 0.108776 0.895383
0.592852 0.194577 0.507979 0.271928 0.709415 0.503256 0.313313 0.200026 0.846425 1.005560 0.015469 0.938994
0.652005 0.226541 0.573890 0.201154 0.627778 0.550151 0.435660 0.115388 0.810938 1.070334 -0.023021 0.955826
0.523009 0.247890 0.512565 0.234306 0.641451 0.474970 0.317803 0.181716 0.850645 1.006594 0.044187 1.008296
0.659406 0.164536 0.412157 0.117232 0.685036 0.590563 0.352946 0.131866 0.867923 0.929150 0.000950 0.913751
0.672332 0.120784 0.435761 0.209508 0.619869 0.485124 0.272149 0.212848 0.843245 0.988698 0.048872 0.846357
0.632707 0.150890 0.529794 0.219339 0.633385 0.606341 0.362962 0.182086 0.813288 1.020137 -0.014327 0.975450
0.624083 0.217252 0.479199 0.176731 0.590780 0.487480 0.255864 0.061625 0.736848 0.977040 -0.070088 1.002983
0.629267 0.233398 0.524029 0.198483 0.620417 0.568568 0.370754 0.203489 0.849670 0.967925 0.068090 0.942296
0.608884 0.179225 0.551246 0.150046 0.673465 0.574955 0.273854 0.124512 0.885587 0.995356 0.010647 0.957044
0.699589 0.176563 0.522163 0.250524 0.612950 0.579676 0.294472 0.227179 0.936824 0.975942 0.050721 0.998712
0.606816 0.180949 0.574197 0.229226 0.631093 0.636530 0.342092 0.168416 0.804728 0.999328 -0.001763 0.991666
0.685350 0.288430 0.567779 0.215172 0.630680 0.537783 0.306869 0.144361 0.810877 1.020175 0.043210 1.017121
0.626373 0.154099 0.594259 0.207292 0.635247 0.606299 0.330810 0.147428 0.882475 0.978194 0.025429 1.044400
0.613731 0.235122 0.426477 0.173781 0.569785 0.502139 0.253823 0.140618 0.952557 0.899168 0.034682 0.953175
0.551336 0.286463 0.565521 0.226532 0.513411 0.576749 0.357124 0.017274 0.839527 0.965071 -0.004121 0.844197
0.574295 0.200495 0.510585 0.253602 0.563894 0.420236 0.281273 0.141208 0.821445 0.999045 0.075530 0.939523
0.644005 0.263015 0.478273 0.201939 0.652924 0.494093 0.263138 0.220938 0.785496 1.016884 -0.040116 1.046942
0.530278 0.193194 0.506743 0.186256 0.657043 0.463884 0.293987 0.180691 0.794343 0.980320 -0.002421 1.033930
0.619650 0.132645 0.541556 0.171761 0.555341 0.593269 0.403694 0.192306 0.826159 1.042446 -0.017858 0.989635
0.685654 0.273789 0.487191 0.173138 0.523486 0.529006 0.215749 0.142765 0.847074 0.937379 0.047944 1.011545
0.611849 0.136270 0.460986 0.180801 0.575669 0.487050 0.173884 0.139425 0.814063 1.016262 0.065242 0.931291
0.632786 0.191076 0.579461 0.272483 0.626868 0.472559 0.261538 0.111874 0.803110 0.948286 0.048380 0.952830
0.574146 0.196880 0.536969 0.177391 0.627369 0.564318 0.271222 0.129519 0.820444 0.975163 0.032387 1.043321
0.582690 0.294554 0.454398 0.156686 0.628478 0.566447 0.382997 0.166636 0.872329 1.018326 0.084394 1.003698
0.596206 0.286875 0.478324 0.259236 0.597824 0.559630 0.238772 0.129481 0.876868 0.938942 0.022432 0.977478
0.596904 0.273591 0.437643 0.202218 0.602332 0.549684 0.366114 0.049025 0.818472 0.938966 0.029090 0.964864
0.597573 0.243477 0.568398 0.239505 0.513645 0.563516 0.434240 0.082203 0.854313 0.972444 -0.004992 0.920253
0.588716 0.183503 0.433544 0.090709 0.539261 0.469772 0.392065 0.188642 0.803181 1.071897 0.057417 0.951277
