1000 32 500
0.409061 0.027632 0.104950 0.435617 0.696799 0.416794 0.076789 -0.010161 0.539390 0.830336 0.715709 0.145757 0.225174 1.031301 0.366505 0.252394 0.434161 0.128097 0.217070 0.142356 0.088414 0.212385 0.915058 0.713203 0.188225 0.205102 0.840200 0.461108 0.733182 0.472231 0.625391 0.078632
0.271620 0.032097 0.142956 0.532930 0.674167 0.468721 0.083325 -0.035028 0.643466 0.930311 0.719690 0.170633 0.188058 0.976133 0.415661 0.306416 0.398716 0.067436 0.203755 0.059022 0.139194 0.174102 0.882194 0.802351 0.276249 0.244006 0.951808 0.416374 0.708133 0.541365 0.539718 0.045119
0.235114 0.081818 0.048225 0.506059 0.781873 0.325061 0.126409 -0.009540 0.618142 0.877539 0.686649 0.168269 0.181023 1.001708 0.467558 0.429543 0.412972 0.201435 0.164862 0.169916 0.038584 0.200730 0.925073 0.769765 0.371472 0.131786 0.854238 0.423717 0.653731 0.457736 0.536954 0.045294
0.304929 0.042873 0.083449 0.490732 0.716058 0.381249 0.098049 0.031898 0.550051 0.777292 0.728287 0.129575 0.214362 0.988495 0.400194 0.349257 0.363992 0.266986 0.185123 0.085841 0.052339 0.198127 0.951906 0.800221 0.216901 0.249539 0.807898 0.403744 0.571343 0.476934 0.555413 0.064494
0.295448 0.001656 0.039845 0.448865 0.723186 0.452966 -0.061812 0.011883 0.594846 0.883486 0.685126 0.044628 0.218813 1.064600 0.435256 0.365640 0.378474 0.085961 0.207676 0.075941 0.013998 0.181320 0.869486 0.675711 0.386227 0.235498 0.790572 0.423282 0.703684 0.366745 0.538470 0.095947
0.356477 0.066943 0.072832 0.506139 0.693737 0.329165 0.028411 -0.056779 0.486129 0.909202 0.673522 0.127612 0.186094 1.029426 0.458043 0.376928 0.433343 0.148239 0.185411 0.123684 0.065187 0.262635 0.879193 0.721696 0.238437 0.249012 0.856662 0.400111 0.773699 0.418699 0.505700 0.112123
0.303896 0.077428 0.127772 0.479308 0.798607 0.471686 0.025973 -0.021845 0.618123 0.950929 0.734110 0.130344 0.236844 1.031470 0.431513 0.331923 0.400416 0.210453 0.105873 0.143764 0.116100 0.057988 0.828078 0.756534 0.228858 0.220244 0.870553 0.369509 0.759633 0.450399 0.594109 0.109570
0.233199 0.082385 0.103993 0.453320 0.708578 0.425191 0.040546 -0.053570 0.565090 0.941340 0.690415 0.126311 0.224701 0.882965 0.394112 0.392779 0.391824 0.128242 0.252169 0.066592 -0.022560 0.322947 0.872861 0.790305 0.146061 0.208313 0.785773 0.420372 0.697401 0.382466 0.531447 0.091205
0.298436 0.005935 0.132975 0.533113 0.704774 0.356852 0.001419 0.035272 0.540120 0.811607 0.673721 0.166000 0.137401 1.083938 0.387202 0.383058 0.461879 0.209085 0.215883 0.135020 0.068974 0.343447 0.850463 0.767404 0.361875 0.213017 0.825616 0.400478 0.682755 0.595325 0.573308 0.089685
0.340571 0.031039 0.077245 0.409192 0.694364 0.314739 0.001243 -0.030823 0.591268 0.870996 0.733063 0.085374 0.177631 1.155362 0.380228 0.286786 0.466445 0.145804 0.225983 0.171779 0.002190 0.121288 0.913985 0.688150 0.242752 0.156232 0.901095 0.290453 0.723205 0.495121 0.604686 0.050310
0.205684 0.094657 0.103234 0.463276 0.691868 0.365210 0.053129 0.015347 0.486895 0.891227 0.806945 0.139108 0.242496 1.109005 0.455174 0.349912 0.411435 0.080442 0.226100 0.101242 -0.005458 0.248874 0.837702 0.805935 0.232143 0.246752 0.972205 0.476442 0.742977 0.365296 0.588284 0.130120
0.335430 0.135607 0.139157 0.429426 0.776867 0.552254 0.036024 -0.041145 0.629899 0.901698 0.767770 0.145910 0.212855 1.000063 0.407366 0.311369 0.513064 0.179605 0.188492 0.081271 0.037243 0.213061 0.890914 0.799918 0.196985 0.207530 0.917028 0.314649 0.663213 0.478605 0.496108 0.078218
0.349876 -0.008853 0.053488 0.489012 0.718501 0.437578 0.016689 0.077735 0.550489 0.802230 0.729562 0.037457 0.253049 0.969193 0.323548 0.399157 0.294747 0.046373 0.307591 0.051338 0.010063 0.169075 0.874816 0.781118 0.224963 0.232860 0.842054 0.362310 0.642789 0.452809 0.583087 0.002827
0.286691 0.064374 0.147364 0.457820 0.717223 0.376544 0.065944 -0.096177 0.467604 0.850512 0.689609 0.042128 0.270824 0.971530 0.306778 0.406742 0.402694 0.108998 0.207519 0.039169 0.100411 0.228167 0.872050 0.715454 0.219198 0.225528 0.855279 0.430296 0.744172 0.510360 0.599219 0.079108
0.324619 0.064242 0.138198 0.475344 0.714304 0.429433 0.047498 -0.004084 0.533164 0.893051 0.754521 0.150603 0.274922 1.017692 0.327830 0.370600 0.512452 0.079404 0.089642 0.186839 -0.014212 0.220185 0.816915 0.752370 0.206684 0.268106 0.895045 0.488661 0.712879 0.555767 0.564654 0.113383
0.252861 0.055826 0.045088 0.424523 0.739457 0.366729 0.071135 0.009186 0.614389 0.819234 0.736880 0.040137 0.264128 0.962620 0.547591 0.402229 0.410936 0.119869 0.257208 0.123591 0.048440 0.178841 0.828252 0.777109 0.265259 0.281890 0.825505 0.390189 0.648353 0.422020 0.597183 0.090545
0.331393 0.118114 0.148828 0.486469 0.721326 0.447341 0.113383 -0.055658 0.576480 0.815499 0.685467 0.118562 0.208724 0.920089 0.403086 0.360989 0.417785 0.189493 0.145186 0.104662 0.050631 0.237837 0.885958 0.701919 0.195781 0.320013 0.902294 0.427773 0.702279 0.505301 0.538424 0.183359
0.245789 0.176083 0.059986 0.513680 0.608531 0.353704 -0.003276 -0.043816 0.620124 0.863418 0.780539 0.114523 0.135630 1.033330 0.345544 0.419102 0.433015 0.105402 0.318511 0.043154 0.048356 0.197731 0.851532 0.660680 0.268151 0.159016 0.794893 0.461722 0.730539 0.517705 0.569604 0.050146
0.326203 0.106951 0.003076 0.455485 0.844723 0.429766 0.072931 0.005350 0.569345 0.844703 0.730180 0.094138 0.181038 0.938796 0.371229 0.303684 0.453217 0.050960 0.221150 0.026975 -0.039070 0.216473 0.867289 0.746918 0.141911 0.267562 0.775511 0.343179 0.714929 0.475301 0.551877 0.108434
0.386700 0.056911 0.009095 0.515668 0.803887 0.388058 0.062656 -0.017500 0.478559 0.835691 0.724389 0.116090 0.235153 1.000096 0.463136 0.376051 0.455565 0.066814 0.261089 0.201113 0.061689 0.154537 0.935854 0.740793 0.183178 0.226617 0.898659 0.361348 0.706238 0.420240 0.567547 0.112366
0.332404 0.085347 0.101435 0.468586 0.615201 0.438376 0.032865 0.019424 0.585421 0.856810 0.779037 0.148826 0.181509 1.060912 0.454699 0.384474 0.394286 0.188170 0.307907 0.081950 0.072662 0.206042 0.866464 0.825489 0.239483 0.199849 0.876939 0.452649 0.687985 0.524552 0.571334 0.041411
0.245530 0.038048 0.085486 0.602220 0.779316 0.404944 0.047013 0.056851 0.581238 0.735765 0.708179 0.040164 0.178070 1.037781 0.398418 0.274277 0.323126 0.091349 0.196700 0.069241 0.042112 0.239715 0.942542 0.751972 0.214110 0.257066 0.997719 0.434105 0.746834 0.470841 0.549537 0.115642
0.298382 0.094735 0.116799 0.480586 0.746498 0.434613 0.078457 -0.037936 0.511198 0.834074 0.678954 0.014511 0.132489 0.984355 0.371665 0.354791 0.498670 0.145549 0.120583 0.102861 -0.006047 0.182534 0.894928 0.791715 0.284075 0.172410 0.851186 0.403591 0.703932 0.545852 0.514077 0.023774
0.391338 -0.015398 0.018556 0.497343 0.651211 0.444331 0.084641 -0.042280 0.471588 0.862547 0.697765 0.096059 0.186888 1.069993 0.485012 0.410110 0.386582 0.238472 0.277732 0.172440 0.009672 0.169686 0.906367 0.678119 0.335382 0.238324 0.775325 0.385678 0.674783 0.442980 0.549888 0.050098
0.253098 0.055454 0.126692 0.425917 0.738673 0.365757 0.103392 -0.026800 0.552467 0.838243 0.723953 0.070814 0.220044 1.041989 0.363285 0.321323 0.369567 0.147960 0.169649 0.141478 -0.014220 0.147954 0.804966 0.787492 0.261929 0.170729 0.886766 0.381266 0.702028 0.480864 0.545427 0.048327
0.336144 0.092187 0.178570 0.481228 0.688259 0.426737 0.068013 0.044396 0.568106 0.826630 0.828792 0.204909 0.263472 1.016490 0.363210 0.354911 0.396085 0.149812 0.221190 0.135210 0.049215 0.195287 0.830705 0.791843 0.140742 0.226169 0.857126 0.413729 0.656581 0.459604 0.545508 0.033939
0.310467 0.060499 0.163857 0.448204 0.741462 0.425485 0.115103 -0.033759 0.586716 0.899236 0.749271 0.075586 0.196565 0.941072 0.399191 0.365372 0.369591 0.121300 0.079181 0.142697 -0.047324 0.237186 0.873230 0.729009 0.226721 0.198497 0.780216 0.391497 0.682246 0.504173 0.597787 0.094225
0.318774 0.104343 0.155453 0.539209 0.772135 0.337427 0.086054 -0.054216 0.534567 0.854297 0.675435 0.078499 0.197062 0.995788 0.408913 0.380612 0.402679 0.105319 0.201404 0.111294 0.057035 0.208688 0.806521 0.686314 0.274662 0.173758 0.763654 0.423125 0.743331 0.399658 0.654256 0.086800
0.350413 0.020729 0.147229 0.533344 0.686563 0.436860 0.015061 0.017610 0.568053 0.884994 0.789976 0.221648 0.244078 1.059986 0.422247 0.436436 0.339186 0.046147 0.258540 0.101025 0.024441 0.197085 0.960200 0.681408 0.269010 0.150900 0.877717 0.343305 0.786430 0.526223 0.666216 0.087961
0.306895 0.004277 0.092942 0.464602 0.715300 0.335469 0.077471 -0.055811 0.648183 0.846139 0.767089 0.169733 0.227165 1.020605 0.508682 0.210675 0.504655 0.179190 0.213936 0.046451 0.037420 0.213021 0.944293 0.806557 0.251256 0.144332 0.842475 0.379984 0.619462 0.493014 0.549605 0.037483
0.317970 -0.022806 0.150782 0.500000 0.678219 0.407899 0.011519 -0.044187 0.555910 0.882025 0.787249 0.063397 0.161089 1.032038 0.391250 0.310549 0.357168 0.167547 0.176976 0.075265 0.110497 0.185220 0.897498 0.714961 0.365917 0.166716 0.743758 0.452339 0.700829 0.496344 0.603547 0.144014
0.231375 0.070297 0.055573 0.435647 0.756831 0.412528 0.126123 0.031469 0.647190 0.840295 0.676062 0.048535 0.229718 1.003745 0.413206 0.344454 0.356258 0.185562 0.218628 0.179273 -0.002173 0.178588 0.830565 0.741576 0.203127 0.246525 0.813399 0.477427 0.674424 0.512909 0.597415 0.092121
0.301604 0.071699 -0.005914 0.466031 0.776503 0.358092 0.037307 0.002608 0.553236 0.962423 0.700178 0.151791 0.267922 1.036776 0.424085 0.343699 0.451438 0.182687 0.230438 0.170163 0.078332 0.272688 0.911774 0.733185 0.280452 0.124988 0.879088 0.396922 0.631503 0.444434 0.547844 0.039929
0.263472 0.112205 0.120950 0.478001 0.625353 0.401647 0.044004 0.024584 0.596079 0.878801 0.675799 0.213333 0.209960 0.958177 0.482570 0.357424 0.385396 0.060813 0.293080 0.036999 0.028889 0.190129 0.901234 0.743405 0.270360 0.236806 0.816727 0.424191 0.688558 0.442390 0.541185 0.064244
0.224455 0.084585 0.108508 0.465943 0.814269 0.347411 -0.014092 -0.017185 0.538580 0.846267 0.792934 0.066189 0.244477 1.016346 0.377871 0.336569 0.331860 0.094826 0.239270 0.095778 -0.076839 0.204961 0.917075 0.809332 0.247438 0.306964 0.941592 0.437102 0.587521 0.474784 0.589910 0.026564
0.265261 -0.005785 0.095481 0.445165 0.738545 0.442239 0.014418 -0.017470 0.685417 0.966936 0.785190 -0.011753 0.195138 1.054407 0.450413 0.398573 0.444031 0.122285 0.240006 0.217964 -0.055678 0.179047 0.818263 0.717635 0.276343 0.267279 0.874917 0.380693 0.624702 0.382978 0.515823 0.015149
0.236194 0.101141 0.050059 0.402027 0.767148 0.488389 0.037333 -0.052746 0.579609 0.899622 0.721902 0.108990 0.237093 0.998717 0.383675 0.309398 0.404503 0.155735 0.257847 0.110057 0.066774 0.173615 0.899334 0.716829 0.188879 0.089255 0.812537 0.378783 0.646552 0.469604 0.550938 0.063540
0.355812 0.055751 0.031635 0.493874 0.839729 0.363248 0.074817 -0.028005 0.491956 0.836273 0.727515 0.044149 0.170417 1.024287 0.419759 0.299994 0.481032 0.084248 0.228216 0.091829 0.119445 0.236912 0.860084 0.725570 0.233557 0.188851 0.833321 0.315946 0.632471 0.488244 0.623117 0.121661
0.240197 0.037126 0.074042 0.464842 0.724727 0.307329 0.118589 0.018581 0.492599 0.885761 0.767722 0.050971 0.280150 0.979546 0.419671 0.300639 0.414200 0.225805 0.205898 0.072170 0.060700 0.258462 0.861465 0.672143 0.282713 0.266271 0.859162 0.398839 0.713258 0.491901 0.592490 0.067317
0.245488 0.035497 0.141363 0.495236 0.826204 0.388364 -0.049311 0.002341 0.570781 0.883512 0.793498 0.154108 0.179456 0.938412 0.382953 0.359468 0.451683 0.265558 0.212311 0.133088 -0.022148 0.156279 0.823747 0.736695 0.326841 0.163496 0.882911 0.368446 0.743927 0.489300 0.476401 0.070655
0.319896 0.057382 0.000270 0.483544 0.676302 0.426532 -0.015507 0.117442 0.559582 0.856826 0.778073 0.087692 0.285969 1.002186 0.416386 0.295796 0.408894 0.058106 0.230644 0.072611 -0.022673 0.121233 0.938034 0.839059 0.231140 0.211411 0.875827 0.490283 0.661590 0.597132 0.543685 0.146493
0.258759 -0.000886 0.072326 0.389035 0.636725 0.422327 0.048650 -0.076794 0.640963 0.912031 0.702134 0.086485 0.296785 1.000742 0.372936 0.339609 0.409303 0.151771 0.204685 0.172149 -0.046268 0.198483 0.902399 0.755579 0.219937 0.242355 0.844302 0.369758 0.742628 0.511320 0.594362 0.049369
0.267104 0.026443 0.082466 0.507262 0.706553 0.377324 0.080947 0.057720 0.579798 0.891424 0.688545 0.192889 0.192729 0.939475 0.363536 0.360115 0.342139 0.147991 0.214505 0.078160 -0.000126 0.214228 0.831246 0.810481 0.167718 0.093019 0.835722 0.398559 0.731102 0.445301 0.499934 0.044294
0.324472 0.082757 0.107241 0.546664 0.666709 0.426784 0.001741 -0.072174 0.597426 0.802321 0.789708 0.120021 0.201028 1.012429 0.341355 0.290795 0.440796 0.084644 0.099375 0.120176 0.046446 0.231460 0.851988 0.762646 0.275912 0.195958 0.830908 0.418199 0.736938 0.474063 0.529152 0.018673
0.258533 0.138606 0.125864 0.488718 0.673712 0.352370 -0.041508 -0.111301 0.591745 0.821801 0.711535 0.097586 0.312063 1.001740 0.389099 0.280802 0.470392 0.075030 0.197197 0.167189 -0.017730 0.120875 0.876657 0.740814 0.310347 0.210481 0.879889 0.343834 0.743167 0.464045 0.693143 0.053963
0.204587 0.072134 0.028613 0.408928 0.641845 0.398245 0.053407 0.079342 0.561976 0.910062 0.653989 0.010044 0.161596 1.006366 0.308091 0.385299 0.417713 0.149732 0.190251 -0.044616 -0.005994 0.172937 0.841818 0.807922 0.206834 0.198598 0.883897 0.345237 0.658343 0.478497 0.503227 0.116193
0.338023 0.099238 0.189093 0.426472 0.708941 0.469983 0.067658 0.059448 0.563401 0.877945 0.788819 0.007578 0.262302 1.027372 0.433341 0.383128 0.316906 0.159715 0.113749 0.080202 -0.050005 0.213061 0.898970 0.725242 0.338754 0.209376 0.866076 0.380506 0.672529 0.443643 0.635743 0.056913
0.292387 0.096005 0.234180 0.543858 0.765556 0.424943 0.124996 0.007784 0.570812 0.905558 0.704246 0.141552 0.157504 1.012426 0.413333 0.359938 0.362679 0.117336 0.172699 0.043134 0.007776 0.199204 0.869064 0.779871 0.303545 0.190457 0.938611 0.440356 0.683420 0.512470 0.466191 0.041115
0.389203 0.053413 0.095568 0.485928 0.731760 0.380376 0.021722 -0.015964 0.519919 0.832328 0.713162 0.093460 0.189199 1.071246 0.345669 0.296580 0.507480 0.113326 0.273753 0.210114 0.030553 0.147613 0.901403 0.663818 0.214715 0.210707 0.880766 0.439800 0.678009 0.429063 0.583498 0.048997
0.314243 0.107386 0.058917 0.532417 0.740063 0.417592 0.140990 0.047095 0.673880 0.899515 0.619026 0.105411 0.262851 0.982273 0.412186 0.249951 0.462102 0.094962 0.263045 0.128056 -0.006277 0.164330 0.872919 0.645845 0.248770 0.236222 0.897984 0.400950 0.686953 0.446516 0.653889 0.058376
0.259060 0.127536 -0.032765 0.567009 0.681426 0.443271 0.019829 0.018500 0.618287 0.928020 0.690721 0.096318 0.207000 0.908365 0.434724 0.253597 0.380605 0.159272 0.171648 0.214308 0.050639 0.235666 0.838677 0.749376 0.294206 0.224423 0.837958 0.354678 0.685979 0.459273 0.491637 0.010801
0.410848 0.077961 0.141413 0.493709 0.723252 0.479705 0.050514 -0.003979 0.632332 0.954110 0.765019 0.067659 0.160919 0.980007 0.408539 0.344937 0.343340 0.119477 0.277521 0.103343 -0.067878 0.217092 0.876676 0.751583 0.376655 0.250529 0.852727 0.422559 0.714690 0.501616 0.534516 0.123028
0.300205 0.024771 0.096510 0.464472 0.786438 0.329090 0.051852 -0.040270 0.534663 0.871385 0.706334 0.126909 0.198674 0.987547 0.391296 0.334147 0.461842 0.105776 0.181510 0.085218 0.078377 0.187400 0.830438 0.726869 0.270759 0.244021 0.864043 0.419455 0.644565 0.444980 0.522029 0.024616
0.245059 0.104473 0.112367 0.435799 0.644079 0.438506 0.035305 0.018216 0.549745 0.903192 0.645007 0.105259 0.242062 1.005050 0.424395 0.348162 0.428103 0.133200 0.211139 0.114290 0.034447 0.212846 0.913352 0.672649 0.239350 0.180422 0.823176 0.474138 0.800059 0.490661 0.599173 0.087398
0.292310 -0.026681 0.147198 0.528342 0.702575 0.437262 0.019280 0.023237 0.587846 0.871197 0.737630 0.042589 0.151300 0.935834 0.373433 0.324830 0.510353 0.131654 0.265671 0.076572 -0.017363 0.133355 0.852907 0.693951 0.356400 0.258646 0.859812 0.391466 0.709094 0.484528 0.578763 0.112802
0.332616 0.018505 0.001108 0.529381 0.703517 0.463468 0.068479 0.014400 0.572890 0.852746 0.737884 0.109180 0.288477 0.933876 0.352424 0.259471 0.332998 0.208349 0.241592 0.162434 0.067710 0.159434 0.872352 0.704427 0.313966 0.238525 0.874017 0.375589 0.636501 0.446346 0.516184 0.046888
0.313698 0.123391 0.080794 0.500291 0.733039 0.452147 0.025644 0.083249 0.591783 0.781511 0.785375 0.123231 0.251242 0.934235 0.424579 0.350586 0.395966 0.088461 0.153971 0.118121 0.087823 0.165945 0.906620 0.777903 0.270899 0.174809 0.898134 0.406855 0.546381 0.579010 0.549260 -0.021969
0.350275 0.047358 0.113102 0.388041 0.696432 0.377740 0.104785 -0.122672 0.556914 0.924946 0.770287 0.124772 0.259593 0.979183 0.415579 0.322786 0.457170 0.116593 0.229172 0.105733 -0.038867 0.252601 0.870429 0.754393 0.270547 0.265911 0.784518 0.514992 0.695591 0.496933 0.483964 0.000559
0.326443 0.065815 -0.048986 0.504815 0.662094 0.412054 0.046830 0.018536 0.583303 0.812021 0.749887 0.094907 0.307176 1.064223 0.417244 0.380994 0.414098 0.170039 0.214334 0.100567 0.067342 0.215390 0.823072 0.798000 0.318287 0.264676 0.922768 0.451801 0.734270 0.342254 0.546587 0.076673
0.333411 0.136746 0.082317 0.451223 0.723642 0.365543 0.090639 0.071323 0.510430 0.794668 0.674688 0.145513 0.186393 1.059720 0.431663 0.371830 0.397739 0.201545 0.160633 0.065808 0.009287 0.129893 0.843317 0.735179 0.276556 0.201944 0.835456 0.375675 0.637273 0.541006 0.519792 0.090795
0.272526 0.022382 0.124670 0.477591 0.786350 0.372005 0.103895 -0.006081 0.565055 0.895791 0.688927 0.163921 0.213280 0.988666 0.383244 0.423858 0.409881 0.113999 0.125459 0.141648 0.060611 0.290312 0.808341 0.748463 0.200742 0.253380 0.985725 0.419704 0.704221 0.461090 0.617810 0.166811
0.228505 0.076353 0.154226 0.449778 0.605306 0.389891 0.134197 0.095827 0.574695 0.826119 0.694930 0.117701 0.194992 0.987108 0.422484 0.311729 0.396240 0.072509 0.147899 0.094312 0.124533 0.195975 0.889234 0.766903 0.186379 0.163232 0.922260 0.344879 0.794415 0.566300 0.543299 0.036836
0.333204 0.044171 0.087923 0.536684 0.700619 0.402901 0.036111 0.006428 0.601439 0.806509 0.680315 0.110211 0.267390 1.066587 0.363229 0.331209 0.434342 0.135542 0.206930 0.135502 -0.010191 0.227832 0.863897 0.638094 0.262019 0.274080 0.887147 0.420539 0.767828 0.428943 0.564788 0.051728
0.332849 0.123500 0.036520 0.489635 0.642547 0.331488 0.063394 0.024351 0.619108 0.912139 0.680383 0.095646 0.208333 1.038321 0.436645 0.401568 0.316201 0.110907 0.198766 0.086112 -0.031777 0.203651 0.874998 0.751804 0.269973 0.250671 0.847230 0.425552 0.697943 0.426123 0.617413 0.133073
0.288498 0.096993 0.072993 0.471862 0.760445 0.377927 0.093791 -0.089900 0.621849 0.869194 0.779755 0.082151 0.272602 0.993742 0.330108 0.320868 0.362471 0.127262 0.223400 0.163026 0.023790 0.152103 0.925100 0.737317 0.207880 0.181013 0.950322 0.430623 0.689619 0.507695 0.527215 0.120240
0.245553 0.068417 -0.015350 0.495514 0.721985 0.430191 0.076834 0.047707 0.603608 0.921253 0.778180 0.133960 0.252468 1.018866 0.446749 0.360159 0.417216 0.130526 0.215488 0.095169 0.068107 0.191070 0.951792 0.761112 0.201944 0.201997 0.859018 0.382368 0.715266 0.439026 0.657579 0.068573
0.260323 0.081743 0.095813 0.447273 0.772489 0.414949 0.079180 -0.008988 0.658211 0.858974 0.735933 0.099822 0.211149 0.974888 0.475992 0.333828 0.369442 0.118969 0.228881 0.142101 -0.007278 0.142101 0.878786 0.754867 0.126049 0.125787 0.836522 0.467141 0.694345 0.482532 0.505906 0.093800
0.298534 0.064860 0.148787 0.451134 0.631452 0.438206 0.008643 0.056060 0.550322 0.811956 0.777596 0.222308 0.219589 0.993404 0.365315 0.378001 0.396029 0.090588 0.193140 0.095745 0.008605 0.146555 0.888987 0.808113 0.317928 0.155451 0.863537 0.410340 0.787752 0.519269 0.586322 0.120156
0.333427 0.055075 0.116417 0.420617 0.746093 0.430474 0.055860 0.037854 0.676644 0.816366 0.703019 0.024184 0.155131 0.925598 0.386837 0.306389 0.450732 0.205623 0.153068 0.068314 -0.032214 0.179513 0.856580 0.705948 0.185335 0.241302 0.772461 0.408978 0.673368 0.546641 0.578513 0.077865
0.256912 0.099954 0.166409 0.552132 0.637911 0.317645 0.011418 -0.046316 0.527472 0.871693 0.699527 0.059241 0.226377 1.039226 0.373971 0.274672 0.346872 0.164907 0.342301 0.143751 0.001884 0.245476 0.874238 0.691569 0.294908 0.235136 0.968054 0.373064 0.604255 0.572986 0.515993 0.114464
0.180199 0.094296 0.073673 0.495704 0.679233 0.422752 0.082553 -0.037290 0.593101 0.841203 0.646193 0.083891 0.206729 0.958910 0.394343 0.403220 0.440193 0.192479 0.291984 0.127750 0.007492 0.233204 0.879139 0.783433 0.181857 0.177593 0.940797 0.426935 0.693286 0.516904 0.450730 0.071328
0.275511 0.098787 0.056551 0.511618 0.640676 0.332273 -0.003773 -0.031249 0.526133 0.879102 0.726661 0.110148 0.194318 0.971578 0.417611 0.290435 0.400208 0.120533 0.250881 0.145450 -0.008132 0.208001 0.904511 0.752206 0.304225 0.219232 0.927289 0.390237 0.686711 0.484513 0.678857 0.128921
0.375501 0.156110 0.055654 0.482606 0.705162 0.394804 0.034530 0.057449 0.521838 0.827822 0.770682 0.080501 0.183259 1.043594 0.412255 0.267176 0.394804 0.078905 0.210908 0.074868 0.030956 0.193486 0.879897 0.761432 0.207687 0.297171 0.871328 0.364810 0.734707 0.487255 0.585945 0.076004
0.311773 0.108630 0.066811 0.322282 0.784846 0.245874 -0.007038 0.050083 0.531189 0.901276 0.751795 0.019692 0.283903 1.023593 0.451082 0.299356 0.389019 0.258402 0.293053 0.062595 0.018004 0.261750 0.832759 0.646578 0.173180 0.165674 0.758886 0.435386 0.704542 0.543806 0.674078 0.112509
0.304622 0.100011 0.117997 0.470099 0.748839 0.303305 0.067375 -0.019266 0.543545 0.837742 0.624510 0.078619 0.373367 1.028211 0.396595 0.302954 0.456998 0.122475 0.265771 0.140223 0.035307 0.150175 0.859612 0.705052 0.188711 0.174049 0.839143 0.420998 0.759819 0.544856 0.486708 0.084684
0.322164 0.030013 0.071416 0.510167 0.732892 0.428452 -0.014720 -0.005057 0.617973 0.770255 0.657690 0.083935 0.166084 0.980037 0.281740 0.369226 0.451812 0.167153 0.216201 0.107168 0.016811 0.287358 0.842782 0.750249 0.388511 0.167212 0.869896 0.431282 0.683012 0.528602 0.579136 -0.020621
0.287733 0.119609 0.106936 0.594688 0.797851 0.444916 0.068561 -0.028525 0.657287 0.860963 0.710518 0.072746 0.186494 1.020366 0.296411 0.458357 0.326388 0.195357 0.209807 0.163959 0.071909 0.210626 0.882768 0.713819 0.320587 0.328632 0.834591 0.365879 0.677720 0.518157 0.687681 0.130754
0.288375 0.129981 0.078887 0.435100 0.602920 0.395208 0.005525 0.051643 0.600400 0.859321 0.739407 0.125222 0.192576 0.964868 0.387293 0.389575 0.373640 0.158656 0.200117 0.115129 -0.043970 0.176723 0.876786 0.810277 0.223795 0.115810 0.877487 0.508701 0.794936 0.481122 0.632934 0.070714
0.333245 0.016198 0.071076 0.552802 0.789338 0.339692 0.030248 -0.013386 0.489271 0.975365 0.659454 0.087821 0.253668 0.959543 0.428261 0.405787 0.398496 0.071845 0.161768 0.097990 -0.006977 0.147046 0.827357 0.744121 0.191620 0.214583 0.796281 0.418497 0.761575 0.464886 0.613639 0.100605
0.277667 0.061559 -0.003871 0.449287 0.778107 0.344210 0.023668 -0.012750 0.607372 0.835450 0.678498 0.132836 0.208503 1.033982 0.339073 0.362735 0.417831 0.131958 0.135105 0.156800 -0.019670 0.268686 0.946439 0.726199 0.272828 0.193394 0.866304 0.388102 0.701995 0.521036 0.514038 0.030986
0.321849 -0.036582 -0.016167 0.439453 0.669977 0.398387 0.022782 -0.021846 0.694857 0.930178 0.731546 0.180490 0.233102 0.977740 0.468986 0.267887 0.381626 0.099998 0.185557 0.108991 -0.000768 0.170313 0.843876 0.799357 0.238067 0.203384 0.915927 0.362009 0.691305 0.477965 0.623388 0.044285
0.269017 0.113977 0.102942 0.465949 0.763372 0.448878 0.073595 -0.000293 0.522167 0.833227 0.749035 0.065742 0.292072 0.935164 0.422461 0.316073 0.370872 0.153500 0.137138 -0.011778 0.069659 0.154099 0.879813 0.714828 0.334707 0.167729 0.842750 0.453605 0.728644 0.385094 0.573154 0.050900
0.306598 -0.059778 0.090523 0.474522 0.756959 0.433300 0.093137 0.019276 0.503236 0.809432 0.772023 0.101451 0.197873 1.072352 0.390662 0.380944 0.389234 0.140292 0.201457 0.134648 0.036321 0.105911 0.794026 0.830082 0.257017 0.279179 0.741041 0.298544 0.746576 0.500721 0.647603 0.109459
0.341559 0.100136 0.045558 0.437907 0.640858 0.441916 0.025086 -0.010701 0.649812 0.801709 0.714325 0.111439 0.299526 0.870714 0.325817 0.398709 0.443698 0.071673 0.245664 0.070905 -0.073550 0.126977 0.854290 0.713176 0.253612 0.249464 0.698374 0.443697 0.762761 0.494758 0.581367 0.132881
0.334879 0.097215 0.032884 0.465074 0.721069 0.346438 -0.074478 0.026203 0.538366 0.780814 0.721120 0.144654 0.215196 0.928400 0.356227 0.360485 0.406531 0.158138 0.232883 0.186688 0.037104 0.144982 0.798382 0.689335 0.269067 0.266826 0.953056 0.451885 0.698904 0.487559 0.588384 0.109904
0.231131 -0.020998 0.140899 0.487122 0.736316 0.354299 0.019016 -0.078446 0.640713 0.853197 0.840792 0.114812 0.287140 0.929316 0.449642 0.375502 0.343903 0.136449 0.218734 0.166493 0.001208 0.196936 0.940899 0.679174 0.268539 0.288592 0.875881 0.472124 0.704701 0.436017 0.552146 0.089253
0.232184 0.076552 0.069875 0.444248 0.745530 0.403956 0.064610 -0.066261 0.534997 0.796246 0.756043 0.162123 0.256902 0.946147 0.312200 0.323526 0.373840 0.113080 0.196383 0.050326 0.107769 0.224061 0.781676 0.724181 0.258846 0.193421 0.881182 0.423232 0.844602 0.462387 0.592685 0.056657
0.387814 0.041689 0.075787 0.477729 0.758818 0.408103 0.139419 -0.051047 0.563871 0.844824 0.688091 0.106394 0.238164 0.991135 0.421060 0.336080 0.450694 0.187710 0.245449 0.060916 0.042669 0.209427 0.884167 0.825903 0.235279 0.070448 0.834623 0.349065 0.707359 0.491850 0.616027 0.042573
0.227853 -0.007467 0.082100 0.484916 0.752909 0.457522 -0.013204 0.059885 0.573675 0.871224 0.749154 0.201787 0.182808 0.911447 0.479365 0.324722 0.405142 0.092087 0.172051 0.159581 0.004963 0.156963 0.943121 0.730573 0.259817 0.221129 0.874665 0.374732 0.675999 0.493574 0.517884 0.079538
0.333286 -0.017494 0.079102 0.497310 0.696686 0.420243 0.052362 -0.002785 0.556324 0.825317 0.729588 0.132395 0.145120 0.952903 0.408751 0.316900 0.428624 0.111052 0.249918 0.104598 0.071010 0.204832 0.824264 0.660781 0.220594 0.263917 0.832401 0.327022 0.761004 0.498571 0.570665 0.079100
0.338838 0.019484 0.118406 0.582073 0.676438 0.327785 0.042175 0.049401 0.510386 0.736123 0.752849 0.127174 0.252838 1.012728 0.274055 0.322181 0.294626 0.125479 0.211491 0.167901 0.027477 0.189327 0.852092 0.791907 0.226471 0.291726 0.865150 0.440834 0.654016 0.448806 0.668113 0.117461
0.362276 0.035169 0.123581 0.366862 0.768306 0.468783 0.062183 -0.093889 0.630526 0.765088 0.685869 0.124863 0.208026 0.971204 0.359937 0.353043 0.441517 0.183644 0.265966 0.044566 0.030304 0.239176 0.897462 0.735618 0.268579 0.211402 0.911575 0.411495 0.767584 0.514105 0.653847 0.126271
0.275592 0.027593 0.033296 0.418206 0.742437 0.405688 0.004426 0.051552 0.562760 0.808768 0.694490 0.134466 0.185019 0.991045 0.473389 0.396809 0.433644 0.171085 0.224737 0.063036 0.008896 0.156766 0.937852 0.644539 0.215204 0.237989 0.838997 0.357767 0.690129 0.401619 0.497332 -0.043910
0.226637 0.048436 0.086149 0.464229 0.704136 0.370536 0.014176 -0.014102 0.636719 0.795533 0.711951 0.113282 0.247819 0.991670 0.364725 0.364643 0.448145 0.194463 0.151073 0.066510 0.085341 0.188299 0.891535 0.785017 0.267855 0.216224 0.895775 0.432790 0.663049 0.538583 0.545745 0.063044
0.302063 0.086058 0.065350 0.425452 0.779652 0.481842 0.021151 0.003089 0.644847 0.831827 0.771812 0.204640 0.210345 0.961684 0.454785 0.303084 0.316365 0.104366 0.193726 0.081625 0.075916 0.195548 0.840486 0.766278 0.200887 0.328414 0.873764 0.360131 0.725715 0.518884 0.560001 0.009419
0.263457 0.100476 0.138483 0.461177 0.721782 0.416966 0.080758 0.039775 0.660396 0.781115 0.663997 0.101804 0.216874 1.014164 0.320497 0.430025 0.300468 0.112121 0.226219 0.145863 0.069823 0.186166 0.889363 0.741671 0.225882 0.251119 0.795380 0.381121 0.699391 0.479789 0.633995 0.027750
0.325555 0.064887 0.106202 0.446133 0.748574 0.331745 0.085846 0.033396 0.607304 0.871668 0.734941 0.016771 0.215894 0.966436 0.395053 0.331491 0.385375 0.188796 0.167355 0.134002 0.061991 0.225338 0.925505 0.809216 0.308705 0.085273 0.878282 0.405797 0.673017 0.582213 0.551993 -0.011512
0.352783 0.092414 0.134235 0.453946 0.762726 0.421539 -0.050221 0.105607 0.523862 0.930891 0.688592 0.146495 0.315289 1.053227 0.320165 0.351538 0.407559 0.090738 0.291190 0.156544 0.008189 0.122533 0.927424 0.682926 0.185156 0.181705 0.838409 0.413121 0.596974 0.375259 0.617340 0.055443
0.295211 0.091520 0.026236 0.442701 0.750476 0.412978 0.082359 -0.004425 0.563764 0.840649 0.730441 0.112309 0.239488 1.004885 0.325480 0.403855 0.465100 0.123542 0.164882 0.067651 0.020820 0.180612 0.776940 0.654406 0.240505 0.156637 0.890026 0.390025 0.632535 0.479129 0.527050 0.035263
0.284042 0.051017 0.092221 0.503481 0.785014 0.503065 0.068150 0.036864 0.553515 0.779008 0.712367 0.089908 0.194243 0.953707 0.456696 0.305314 0.390383 0.175793 0.220569 0.171546 0.058065 0.032646 0.909111 0.707227 0.235307 0.168928 0.888969 0.438739 0.684670 0.434508 0.541361 0.150690
0.260039 0.152226 0.163790 0.494216 0.707524 0.447979 0.070661 -0.127598 0.541397 0.852505 0.703007 0.164128 0.213493 1.024127 0.426895 0.328827 0.458669 0.189006 0.233574 0.110813 -0.027744 0.238894 0.953459 0.779794 0.224300 0.254144 0.775562 0.463438 0.740779 0.430035 0.518101 0.009864
0.365743 0.129972 0.022935 0.483969 0.670496 0.407411 0.114726 0.044731 0.642546 0.848534 0.688999 0.098816 0.242139 1.019942 0.353468 0.298138 0.388749 0.184713 0.180953 0.075527 0.108136 0.221462 0.822776 0.753489 0.243372 0.181672 0.852546 0.428248 0.736798 0.423088 0.639968 0.039744
0.217804 0.200718 0.169519 0.486541 0.654345 0.442725 0.073436 0.102372 0.552784 0.839766 0.708893 0.074688 0.261854 0.940339 0.428143 0.350150 0.398824 0.013926 0.130594 0.111800 0.064803 0.193740 0.895459 0.708051 0.198183 0.183763 0.895885 0.367260 0.756453 0.477181 0.583828 0.040655
0.364670 0.095274 0.012340 0.425106 0.782384 0.504579 0.038632 0.006873 0.500373 0.897952 0.707611 0.204837 0.195885 0.997309 0.415513 0.311087 0.452916 0.157558 0.169827 0.122446 0.040930 0.178395 0.878255 0.773103 0.281820 0.269938 0.874999 0.432007 0.698062 0.492580 0.558420 0.137228
0.326212 0.024904 0.066301 0.462072 0.752236 0.371124 0.086732 -0.014424 0.615618 0.879158 0.686603 -0.001126 0.128900 0.932405 0.459381 0.402713 0.427854 0.173187 0.197142 0.090022 -0.083428 0.238233 0.870185 0.690597 0.330880 0.247051 0.882163 0.312975 0.608706 0.537711 0.527545 0.015435
0.327909 0.101918 0.146687 0.450395 0.756335 0.369035 0.075972 0.000226 0.617139 0.900141 0.675218 0.210508 0.150712 0.956131 0.376744 0.390786 0.407647 0.117761 0.222386 0.104600 0.015170 0.198310 0.843460 0.786362 0.154103 0.202857 0.843245 0.417852 0.733708 0.461535 0.590620 0.123868
0.233333 0.064427 0.120692 0.515403 0.707429 0.331806 0.025170 0.026885 0.564769 0.895119 0.744513 0.058344 0.207381 1.140792 0.538055 0.364517 0.374246 0.091269 0.246985 0.159993 0.049261 0.164201 0.818512 0.703887 0.178508 0.167200 0.906645 0.384473 0.640450 0.483250 0.480349 0.080054
0.233163 -0.028298 0.152721 0.473321 0.704565 0.454384 0.052543 0.012270 0.536062 0.777196 0.689506 0.032988 0.198237 1.034888 0.413300 0.285926 0.396401 0.060847 0.232898 0.113433 0.096873 0.157387 0.861236 0.779598 0.183107 0.245350 0.825437 0.287272 0.820789 0.547860 0.467388 0.106336
0.356333 0.037275 0.058562 0.521525 0.809618 0.467002 0.115439 0.027080 0.559663 0.854530 0.778169 0.132562 0.293398 1.024523 0.433954 0.408360 0.470086 0.149237 0.182088 0.088544 0.009589 0.122951 0.839651 0.778687 0.234725 0.165772 0.781735 0.450133 0.692892 0.494671 0.538858 0.149476
0.265367 0.061888 0.046736 0.469030 0.769903 0.411363 0.048772 0.076574 0.676816 0.929299 0.761333 0.082031 0.268937 0.988045 0.484995 0.397171 0.532102 0.196281 0.231447 0.120724 0.001699 0.186535 0.840690 0.754822 0.237644 0.318219 0.887939 0.395325 0.738737 0.423165 0.656017 0.086205
0.354285 0.097248 0.093136 0.465581 0.717624 0.378503 0.044781 0.077306 0.585885 0.818822 0.676185 0.097969 0.278889 1.008479 0.445045 0.406347 0.384115 0.198108 0.262899 0.111506 0.092023 0.184893 0.801930 0.664189 0.249041 0.387558 0.950095 0.422461 0.607910 0.427592 0.610439 0.021518
0.334862 0.079299 0.080431 0.403288 0.684442 0.411825 0.069073 -0.009710 0.569211 0.894799 0.687402 0.080444 0.322251 1.015645 0.356382 0.406189 0.507688 0.073313 0.127381 0.091771 -0.074747 0.199955 0.882667 0.724520 0.255574 0.186669 0.796645 0.389437 0.696152 0.614196 0.533929 0.002463
0.294472 0.006553 0.086923 0.424327 0.752474 0.406038 0.072961 -0.004502 0.496556 0.901354 0.682864 0.072310 0.187935 0.903690 0.422009 0.320021 0.374563 0.079145 0.291070 0.134887 -0.033021 0.191018 0.853865 0.826339 0.202879 0.236113 0.947648 0.407885 0.757040 0.447143 0.496217 0.082877
0.298167 0.068246 0.074523 0.437823 0.851663 0.465173 0.104728 -0.119511 0.599991 0.865730 0.734667 0.123771 0.234899 0.979182 0.388714 0.386793 0.445844 0.090950 0.143987 0.163757 0.014375 0.198598 0.899727 0.768207 0.297942 0.194951 0.961247 0.429845 0.689840 0.368421 0.566941 0.058191
0.375739 0.129887 0.156397 0.403219 0.697608 0.370961 0.061216 0.004090 0.605468 0.922386 0.716943 0.062868 0.149190 1.046528 0.438767 0.313895 0.427741 0.114088 0.213989 0.194019 0.004714 0.231371 0.947616 0.783097 0.168718 0.331835 0.859594 0.371883 0.731913 0.486632 0.591402 0.158655
0.300772 0.043167 0.030121 0.472403 0.695225 0.360205 0.067308 0.056937 0.512975 0.882354 0.708006 0.144311 0.205412 1.018479 0.412317 0.418603 0.427724 0.054491 0.268264 0.205286 -0.018987 0.245361 0.851121 0.731388 0.278131 0.246324 0.869374 0.303952 0.697156 0.498320 0.586960 0.021773
0.262300 -0.003753 0.174762 0.427049 0.618461 0.422059 0.120783 0.058836 0.626487 0.813781 0.753183 0.148431 0.217278 0.929142 0.387496 0.266946 0.331481 0.134074 0.101835 0.178132 0.038514 0.226883 0.885759 0.730267 0.254869 0.217022 0.887102 0.370472 0.733792 0.556197 0.696007 0.046967
0.345742 0.003809 0.075849 0.467974 0.692507 0.383870 0.027023 0.035137 0.557802 0.846592 0.657616 0.054847 0.204520 1.006718 0.468428 0.433962 0.372129 0.164900 0.287071 0.098865 0.074127 0.210968 0.905006 0.746204 0.229217 0.257127 0.814777 0.425911 0.712126 0.476664 0.594321 0.066748
0.276714 -0.007961 0.152095 0.571846 0.697934 0.373792 0.037872 0.006048 0.491818 0.851179 0.777879 0.143794 0.212653 1.040445 0.335339 0.305810 0.331685 0.166743 0.172054 0.161822 -0.049054 0.163265 0.809726 0.859333 0.276724 0.233945 0.896671 0.406477 0.657834 0.435232 0.580225 0.118057
0.300502 0.078685 0.037548 0.528149 0.676070 0.370211 0.017911 0.032123 0.592949 0.897480 0.737032 0.116060 0.171452 0.964499 0.349549 0.350823 0.458369 0.179299 0.163254 0.128822 0.135658 0.170773 0.908590 0.766201 0.274748 0.312116 0.864026 0.397948 0.671987 0.443967 0.606601 0.108230
0.320612 0.080665 0.156823 0.536529 0.818363 0.458644 0.039825 0.025573 0.541168 0.819516 0.804700 0.075890 0.230041 1.026494 0.455074 0.326299 0.353111 0.104090 0.214973 0.080426 0.062096 0.212549 0.821989 0.723584 0.239539 0.312922 0.950357 0.417011 0.817150 0.471381 0.483858 0.160998
0.242529 0.101095 0.112133 0.516058 0.715377 0.419453 0.069586 0.073687 0.544504 0.956648 0.711849 0.049214 0.215522 1.061497 0.354053 0.392160 0.317823 0.195497 0.218849 0.154669 0.027408 0.193321 0.811762 0.747706 0.192660 0.246985 0.891195 0.443746 0.694660 0.466793 0.502155 0.050162
0.288443 0.076275 0.111322 0.515218 0.719430 0.420406 -0.000918 0.031489 0.604113 0.860203 0.661424 0.050658 0.303176 0.940204 0.327993 0.238668 0.385832 0.101324 0.221952 0.082683 -0.023198 0.159305 0.899687 0.744479 0.288775 0.209051 0.778692 0.359572 0.684506 0.402883 0.548392 0.016761
0.326628 0.080809 0.192221 0.438413 0.687067 0.369746 0.077223 -0.028733 0.533568 0.940847 0.610675 0.044547 0.285005 1.073997 0.492254 0.391453 0.427046 0.062082 0.231226 0.178359 0.010003 0.199215 0.865770 0.694575 0.199859 0.246923 0.888769 0.430405 0.734622 0.583027 0.586812 0.100242
0.334860 0.071857 0.089885 0.443674 0.788087 0.431835 0.071440 0.038271 0.556782 0.833313 0.723920 0.050541 0.242963 1.003973 0.335306 0.380471 0.373898 0.081506 0.173664 0.110317 0.043152 0.253586 0.891225 0.698372 0.290059 0.201275 0.829028 0.525821 0.674866 0.453512 0.546288 -0.037373
0.223614 0.089028 -0.026559 0.391011 0.759115 0.401565 0.139181 0.024160 0.544891 0.812386 0.596375 0.036175 0.255838 0.980984 0.413580 0.337351 0.445618 0.185523 0.198131 0.160162 0.010854 0.185464 0.895635 0.698634 0.263822 0.236652 0.887835 0.456340 0.784034 0.542458 0.543803 0.035528
0.350875 0.086382 0.108362 0.501025 0.746001 0.348726 0.078561 -0.006566 0.508502 0.802196 0.748208 0.035023 0.147706 1.024406 0.446816 0.374781 0.414036 0.096259 0.220235 0.054271 0.017775 0.272897 0.842718 0.699119 0.313818 0.223042 0.930811 0.337518 0.664703 0.469362 0.527936 0.094076
0.423780 0.054817 0.135530 0.509374 0.811338 0.382054 -0.023379 -0.005515 0.553590 0.828327 0.686308 0.074832 0.198728 1.006453 0.365503 0.367817 0.335344 0.165358 0.173134 0.183995 0.005072 0.220158 0.942755 0.868945 0.262635 0.125263 0.844257 0.356696 0.748547 0.502689 0.496836 0.075781
0.383031 0.192927 -0.049382 0.498622 0.730924 0.367389 -0.016025 0.006813 0.498730 0.872082 0.657005 0.116974 0.273720 1.018846 0.373585 0.343802 0.354282 0.201737 0.230403 0.102366 0.016173 0.272441 0.908187 0.682804 0.174204 0.247228 0.877303 0.383909 0.711655 0.545382 0.575013 -0.020087
0.236997 0.088656 0.017014 0.464970 0.674045 0.376758 0.089125 -0.083086 0.525151 0.841728 0.679830 0.144298 0.143594 1.063019 0.375117 0.334713 0.399644 0.138113 0.147646 0.113963 -0.062413 0.155061 0.934286 0.763834 0.300323 0.318862 0.784189 0.388401 0.735467 0.458421 0.627142 0.114663
0.297449 0.046361 0.087765 0.477711 0.625973 0.410416 0.094495 0.025639 0.554906 0.821607 0.752245 0.131215 0.137451 1.065216 0.404196 0.380052 0.477723 0.191642 0.243272 0.102108 0.019887 0.153655 0.825543 0.648624 0.195371 0.235210 0.800569 0.416596 0.744103 0.455059 0.528807 0.064605
0.331296 0.065193 0.020276 0.480232 0.753914 0.438937 0.007311 -0.082656 0.591661 0.874521 0.750173 0.077300 0.276940 1.015451 0.396161 0.366951 0.425303 0.104150 0.253693 0.124060 0.049429 0.251986 0.899137 0.683157 0.226720 0.229951 0.896578 0.522159 0.745829 0.455745 0.544106 0.050831
0.357490 0.116713 0.199183 0.598884 0.825035 0.388256 0.053311 0.052826 0.640123 0.858560 0.714284 0.143722 0.224980 0.934193 0.436687 0.267641 0.338091 0.080034 0.235685 0.161980 -0.029459 0.181429 0.944807 0.743670 0.221649 0.198285 0.845960 0.359039 0.717903 0.550602 0.553566 0.083188
0.264004 0.136253 0.148944 0.541703 0.694286 0.510445 0.150509 -0.018398 0.534064 0.825092 0.735464 0.036769 0.224398 1.092164 0.409232 0.364112 0.417613 0.101112 0.264591 0.147343 0.022081 0.187035 0.903644 0.810737 0.195567 0.239446 0.970700 0.433648 0.725708 0.358379 0.654159 0.091838
0.374094 0.092677 0.044191 0.541447 0.702674 0.330905 -0.074611 0.039101 0.672459 0.876077 0.768511 0.098375 0.199592 0.888377 0.382446 0.279306 0.419078 0.155535 0.223244 0.161788 0.128823 0.191692 0.952749 0.808753 0.247928 0.252017 0.914724 0.370516 0.615474 0.422421 0.593314 0.051369
0.309909 0.107100 0.107727 0.525353 0.694843 0.417615 0.142856 0.078186 0.541356 0.761980 0.703815 0.153809 0.156515 1.085848 0.358120 0.356228 0.371567 0.159645 0.095366 0.106411 0.108571 0.227171 0.979757 0.694071 0.259485 0.153686 0.810171 0.425578 0.708779 0.452695 0.541863 0.054807
0.256476 0.174771 0.052257 0.478291 0.687689 0.470494 0.087062 -0.104132 0.533119 0.846574 0.831702 0.065703 0.127579 1.020298 0.347816 0.383871 0.467225 0.113522 0.159963 0.136169 0.045277 0.351189 0.848008 0.748467 0.136049 0.251660 0.871572 0.390534 0.647554 0.463911 0.516413 0.099030
0.314009 0.000493 0.116341 0.488376 0.765784 0.389667 0.064402 -0.016897 0.515522 0.803689 0.735243 0.117457 0.287572 0.972618 0.449646 0.205758 0.351483 0.104514 0.209333 0.155084 0.049641 0.233541 0.853005 0.716305 0.229794 0.218511 0.795240 0.342011 0.737703 0.447111 0.587568 0.174358
0.266519 0.065661 0.012720 0.497602 0.761084 0.422055 0.064331 0.047008 0.626124 0.872376 0.749163 0.157166 0.124339 1.004060 0.373654 0.288290 0.463916 0.192017 0.318249 0.083657 0.011049 0.225165 0.815516 0.774980 0.259026 0.216068 0.844315 0.421932 0.754970 0.572577 0.587683 -0.008628
0.339046 -0.054288 0.048316 0.409474 0.702608 0.390269 0.049625 0.081154 0.548030 0.821811 0.653818 0.135263 0.214588 0.968861 0.315346 0.386714 0.304059 0.171044 0.230510 0.102640 -0.018134 0.179333 0.856720 0.714166 0.206652 0.204257 0.901862 0.343593 0.750768 0.495768 0.556586 0.096023
0.284755 -0.073169 0.131555 0.486051 0.756525 0.443281 0.045178 0.064974 0.546252 0.821847 0.748040 0.115911 0.319400 1.021065 0.362583 0.321141 0.352173 0.146630 0.227466 0.098001 -0.086976 0.158019 0.852157 0.762730 0.188820 0.228406 0.832492 0.412435 0.747872 0.450805 0.613014 0.150276
0.227508 0.177970 0.177461 0.456183 0.782052 0.466693 0.013106 -0.002741 0.535359 0.885434 0.670455 0.153624 0.310034 0.971513 0.427586 0.258996 0.408926 0.067352 0.171427 0.114460 0.052537 0.289404 0.883515 0.742507 0.238641 0.276087 0.881868 0.460559 0.630153 0.519165 0.587050 -0.015276
0.343257 0.126323 0.028931 0.427058 0.685642 0.340586 0.043778 0.084437 0.590037 0.840759 0.691000 0.141366 0.244669 0.924317 0.367422 0.231684 0.370149 0.075922 0.251983 0.117293 -0.015767 0.196389 0.910851 0.766369 0.326228 0.171172 0.841036 0.457185 0.733636 0.508002 0.520393 0.124690
0.306202 0.073412 0.156407 0.459077 0.765165 0.353473 0.016450 -0.084231 0.537145 0.919250 0.744040 0.088478 0.153236 0.988310 0.435240 0.258127 0.343788 0.181028 0.127786 0.037134 0.094754 0.215370 0.861979 0.783086 0.222622 0.219767 0.884460 0.327180 0.667196 0.482064 0.578988 0.130642
0.267815 0.094832 0.041963 0.530791 0.783696 0.382844 0.112679 0.024044 0.611137 0.851057 0.724141 0.132164 0.142313 0.860294 0.405586 0.320499 0.456873 0.057551 0.167725 0.143948 -0.037931 0.188604 0.953460 0.760616 0.211219 0.212592 0.834467 0.367951 0.730584 0.438480 0.622332 0.058661
0.263473 0.066107 0.072594 0.463794 0.833185 0.371881 0.020085 -0.006100 0.547822 0.815258 0.797023 0.088486 0.175824 0.970080 0.381657 0.266616 0.493584 0.126127 0.302170 0.118698 -0.040658 0.177722 0.906512 0.753470 0.197316 0.203957 0.835092 0.512901 0.576704 0.523776 0.639418 0.072073
0.341339 0.056544 0.084601 0.515010 0.628073 0.352604 0.010842 0.007587 0.523351 0.781418 0.735845 0.122552 0.215265 0.936335 0.375488 0.278249 0.400033 0.231995 0.205095 0.117915 -0.006738 0.218743 0.892320 0.713113 0.193468 0.273208 0.848445 0.369337 0.729822 0.483810 0.556341 0.015767
0.285444 -0.068296 0.106903 0.514988 0.671896 0.423806 -0.014501 0.000425 0.599607 0.868580 0.705004 0.105516 0.290472 0.958903 0.378033 0.328812 0.422327 0.087890 0.210924 0.112638 0.007111 0.260931 0.864132 0.746053 0.290779 0.199258 0.888139 0.407858 0.748493 0.461717 0.626586 0.074199
0.346398 0.072347 0.098669 0.461714 0.678200 0.445715 0.040443 0.040477 0.614715 0.871561 0.675628 0.090653 0.199291 1.004532 0.441401 0.286831 0.405951 0.098288 0.236350 0.042100 0.049193 0.216875 0.864256 0.881214 0.244969 0.180557 0.808338 0.374655 0.626211 0.586050 0.551372 0.094778
0.318766 -0.013516 0.061785 0.442845 0.672113 0.436006 0.114910 -0.018646 0.629748 0.887105 0.701549 0.063366 0.304827 1.089555 0.412470 0.250052 0.418685 0.202888 0.211843 0.086679 0.018840 0.223888 0.882277 0.637028 0.345755 0.191305 0.891241 0.461550 0.806443 0.499195 0.470664 0.159509
0.349034 0.061396 0.088192 0.449102 0.828257 0.267695 0.022531 0.053297 0.574751 0.832080 0.634989 0.066400 0.253949 0.973946 0.361466 0.344625 0.392261 0.209840 0.228347 0.142770 0.085932 0.217500 0.887263 0.685286 0.221756 0.213769 0.792851 0.481822 0.768282 0.487811 0.573710 0.085472
0.220769 0.106434 0.094280 0.505194 0.761033 0.379485 0.211611 0.047229 0.578889 0.899596 0.631524 0.089906 0.209978 1.091678 0.424716 0.237273 0.394246 0.137555 0.235908 0.104922 0.029987 0.171520 0.878677 0.775473 0.164324 0.210281 0.876106 0.395539 0.685255 0.481778 0.481194 0.038396
0.311602 0.016824 0.024292 0.519421 0.704170 0.495103 0.074632 0.050705 0.609284 0.824200 0.743605 0.047770 0.281148 0.970098 0.354749 0.377533 0.523412 0.227522 0.195070 0.207431 0.020289 0.137244 0.953814 0.795222 0.243187 0.197526 0.830246 0.358512 0.638651 0.507674 0.543438 0.048876
0.349945 0.111878 0.179207 0.494488 0.828440 0.268914 0.105384 -0.009582 0.597416 0.781994 0.823811 0.128156 0.137050 0.918808 0.377408 0.446305 0.379217 0.149110 0.135785 0.114412 0.017778 0.246139 0.918114 0.730810 0.308784 0.186191 0.799781 0.350573 0.727504 0.515860 0.603911 0.057186
0.224939 -0.010038 0.062504 0.389014 0.772878 0.418804 0.034218 0.063029 0.549389 0.888826 0.678482 0.048616 0.141705 0.986516 0.537231 0.286210 0.458290 0.110371 0.230506 0.129489 0.031547 0.224752 0.861342 0.782051 0.298951 0.198846 0.781181 0.466403 0.687656 0.539340 0.601388 0.075217
0.284022 0.096524 0.059826 0.554301 0.690936 0.383467 0.080733 0.087482 0.638366 0.813019 0.728215 0.060819 0.230881 1.129321 0.375245 0.394707 0.440700 0.074759 0.245629 0.103182 -0.086498 0.272021 0.911639 0.813487 0.216524 0.251723 0.849535 0.349654 0.748744 0.515247 0.514520 0.082311
0.328371 0.116799 0.101643 0.398101 0.630874 0.318978 0.054688 0.015074 0.546393 0.866112 0.661196 0.123422 0.187295 1.020708 0.370342 0.274897 0.412618 0.163367 0.181683 0.164470 0.048920 0.219861 0.787195 0.724190 0.146709 0.198873 0.893005 0.450261 0.656519 0.503161 0.626100 0.004279
0.209914 0.008037 0.082755 0.485212 0.777617 0.349029 0.036619 0.044207 0.641543 0.906799 0.735128 0.204826 0.185377 1.031314 0.431484 0.315641 0.388471 0.194203 0.229232 0.155597 -0.018369 0.184050 0.845275 0.805839 0.312876 0.198875 0.824261 0.284463 0.679293 0.480462 0.580917 0.100823
0.264470 0.037216 0.067245 0.356642 0.700680 0.361914 0.077463 -0.093975 0.568565 0.846894 0.813016 0.055814 0.258413 1.001162 0.399629 0.324823 0.441273 0.159840 0.133201 0.098135 -0.041817 0.206476 0.822008 0.763689 0.251949 0.198074 0.769346 0.437133 0.675143 0.500732 0.529641 0.169300
0.357826 0.006220 0.122162 0.557124 0.670101 0.291612 0.069934 0.017876 0.598380 0.897950 0.719952 0.156424 0.361032 1.058454 0.399002 0.263084 0.471133 0.144609 0.327425 0.078997 0.061280 0.184914 0.851405 0.770943 0.296587 0.283301 0.808329 0.367662 0.718346 0.441711 0.591762 0.066016
0.270875 0.085889 0.125772 0.515996 0.642662 0.383630 0.086912 0.009732 0.634610 0.793229 0.626518 0.101944 0.271016 1.044557 0.371548 0.325078 0.366070 0.127721 0.164238 0.182707 -0.028368 0.212326 0.897234 0.714119 0.265733 0.282662 0.768739 0.451797 0.733728 0.440374 0.492617 0.057271
0.240927 0.045674 0.044898 0.444973 0.711786 0.462983 0.031351 -0.001487 0.576448 0.852071 0.692270 0.050884 0.233668 0.982171 0.448272 0.355716 0.503801 0.166313 0.302155 0.032119 -0.023362 0.171122 0.785027 0.710114 0.342102 0.187658 0.867459 0.415965 0.725782 0.523766 0.587421 0.068347
0.261253 0.103614 0.058170 0.501652 0.832941 0.373564 0.027828 -0.048455 0.573013 0.906986 0.768367 0.061495 0.159595 0.956175 0.427972 0.401631 0.421394 0.160063 0.223028 0.067118 0.059332 0.163263 0.901284 0.776384 0.297658 0.178713 0.839305 0.341765 0.841702 0.485329 0.546194 0.188320
0.373757 0.070694 0.195551 0.460903 0.759952 0.316873 0.003722 -0.031057 0.552893 0.826229 0.710886 0.154885 0.146743 1.030226 0.380811 0.270328 0.488033 0.225761 0.215822 0.003792 0.019618 0.220088 0.941565 0.765297 0.226811 0.201561 0.867535 0.325527 0.668824 0.402078 0.489532 0.107193
0.272125 0.090471 0.055524 0.381213 0.740271 0.441521 0.016991 -0.040652 0.537521 0.916713 0.609013 0.154180 0.187566 1.023528 0.388583 0.321275 0.441069 0.126185 0.204009 0.049777 0.006908 0.263337 0.833013 0.681419 0.223642 0.336723 0.892697 0.407698 0.708848 0.488289 0.647715 0.158720
0.357350 0.010227 0.071990 0.434558 0.637414 0.478518 0.085637 0.135670 0.563938 0.822196 0.664049 0.131949 0.245034 1.037659 0.377414 0.443143 0.343917 0.068592 0.258401 0.139172 0.020148 0.182840 0.784740 0.686186 0.320949 0.201713 0.883022 0.424345 0.694471 0.503008 0.581290 0.036291
0.406071 0.098834 0.112081 0.498256 0.765274 0.434897 -0.007455 -0.024856 0.591148 0.812845 0.684611 0.201254 0.241339 1.009201 0.439129 0.326855 0.386409 0.049903 0.096750 0.146443 -0.050714 0.213473 0.855536 0.692193 0.344874 0.217438 0.820938 0.399024 0.657616 0.616217 0.565528 0.039982
0.329061 0.835020 0.552569 0.098883 0.376157 -0.019991 0.747659 0.660814 0.491060 0.074258 0.426151 0.938502 0.350662 0.967672 0.775158 0.913678 0.639291 0.536599 0.282215 -0.009305 0.788784 0.756953 0.769583 0.024016 0.414009 0.396225 0.075403 0.739947 0.223625 0.738913 0.245492 0.710579
0.401457 0.871484 0.678880 0.134113 0.432678 -0.005344 0.690986 0.706559 0.464351 0.085257 0.445470 1.048844 0.351833 0.892664 0.876693 0.893556 0.605728 0.478188 0.311472 -0.003141 0.781398 0.820404 0.702352 -0.033506 0.398881 0.397594 0.015472 0.700669 0.339271 0.777446 0.205126 0.567724
0.396561 0.903288 0.648469 0.081036 0.414185 0.125021 0.723759 0.666204 0.397743 0.028375 0.346943 0.988840 0.362783 1.036124 0.659502 0.950783 0.682465 0.409884 0.306075 -0.040333 0.847884 0.803523 0.776828 -0.049241 0.399970 0.308054 0.043461 0.796976 0.260332 0.676976 0.115611 0.753306
0.330069 0.912374 0.752729 0.173118 0.367220 0.021596 0.784890 0.695746 0.391696 0.046803 0.322358 0.930966 0.372056 0.964167 0.731747 0.946627 0.650134 0.545530 0.279616 -0.022048 0.799245 0.738227 0.782744 0.076782 0.313034 0.317579 0.105845 0.745545 0.281391 0.714092 0.294738 0.675918
0.305569 0.846079 0.639831 0.197313 0.368783 0.047913 0.775066 0.676895 0.435086 0.031984 0.357062 0.948292 0.390178 1.060686 0.716566 0.870618 0.658446 0.484819 0.314612 -0.016074 0.914136 0.804167 0.729061 0.017665 0.412303 0.348671 0.072042 0.703317 0.253352 0.724852 0.294077 0.648784
0.418170 0.906473 0.652153 0.082566 0.363081 -0.017572 0.742649 0.652714 0.471835 -0.032830 0.496765 0.945100 0.325709 0.985415 0.730140 0.902476 0.635555 0.455048 0.285539 -0.002628 0.874638 0.780468 0.745266 -0.032099 0.318986 0.357698 -0.020579 0.683017 0.234196 0.729724 0.245335 0.669203
0.306344 0.765126 0.665436 0.121651 0.350542 0.036486 0.661487 0.696533 0.473755 -0.022410 0.458774 0.932205 0.431641 0.994070 0.714491 0.885576 0.627205 0.552959 0.273906 0.056120 0.935974 0.720315 0.699803 0.041847 0.441246 0.275377 0.006620 0.711091 0.261586 0.672442 0.258922 0.508991
0.354614 0.848850 0.680806 0.085071 0.386667 0.042336 0.723842 0.703558 0.411758 -0.023653 0.387758 0.963898 0.420507 1.000252 0.680667 0.921053 0.676340 0.480674 0.214397 -0.024471 0.776474 0.763329 0.683984 -0.044382 0.288568 0.333461 0.081139 0.900777 0.274442 0.695042 0.245670 0.634756
0.310003 0.885568 0.686834 0.097584 0.469164 0.069246 0.704031 0.650133 0.529056 0.002227 0.337439 0.941712 0.422908 0.943083 0.702143 0.896752 0.656672 0.513866 0.263139 -0.079570 0.775706 0.707631 0.733406 -0.025136 0.410740 0.303019 0.006741 0.689652 0.205864 0.821441 0.251272 0.540695
0.393545 0.906451 0.664060 0.127695 0.327276 -0.051259 0.665753 0.701177 0.456950 -0.006342 0.434843 0.956823 0.360283 0.945268 0.730221 0.857710 0.599184 0.550043 0.333323 -0.066452 0.773664 0.746015 0.827564 0.000844 0.382115 0.337038 0.143654 0.818534 0.202454 0.791185 0.224830 0.597220
0.318067 0.883928 0.680119 0.109314 0.382271 -0.007290 0.795297 0.685520 0.476345 -0.043955 0.347512 0.896208 0.388276 1.006962 0.695220 0.907909 0.637287 0.548438 0.311642 0.050606 0.893786 0.707031 0.717694 0.005183 0.460336 0.379888 -0.007580 0.745538 0.276445 0.832169 0.212724 0.654244
0.386085 0.892828 0.660135 0.177006 0.427789 0.060750 0.724691 0.735401 0.491349 0.027955 0.433123 0.956846 0.391321 1.011465 0.640089 1.011709 0.703210 0.479510 0.275763 0.023158 0.809753 0.799562 0.742226 -0.023573 0.347907 0.365409 0.009361 0.658085 0.295757 0.690006 0.239407 0.667771
0.374873 0.801254 0.700941 0.181292 0.448905 -0.039857 0.755750 0.630603 0.447119 0.027558 0.426487 0.929589 0.375912 1.022495 0.712852 0.929527 0.620251 0.510413 0.352623 0.078800 0.821161 0.821206 0.818362 0.033977 0.391713 0.298276 -0.068006 0.774026 0.329798 0.764823 0.252212 0.642812
0.405029 0.851344 0.643259 0.138470 0.380749 0.011448 0.818197 0.757462 0.447076 0.028743 0.418996 0.979783 0.352260 0.995713 0.705007 0.937536 0.613181 0.587467 0.327604 0.054213 0.776370 0.582222 0.809900 -0.059204 0.407432 0.334639 0.128480 0.753471 0.221525 0.724925 0.249649 0.610969
0.415080 0.869416 0.589509 0.073483 0.519944 0.066595 0.623306 0.755556 0.499381 -0.009786 0.323107 0.926695 0.431431 1.032908 0.758231 0.906016 0.747847 0.402859 0.279858 0.036967 0.800809 0.749715 0.678164 0.012805 0.361821 0.298806 0.037877 0.639695 0.282949 0.712795 0.222812 0.599823
0.365347 0.885039 0.620292 0.074016 0.423237 -0.011674 0.709708 0.805696 0.464364 -0.068988 0.337869 0.914285 0.367223 0.925569 0.723728 0.925448 0.657458 0.462726 0.264584 0.113105 0.829572 0.696494 0.814026 -0.007321 0.385042 0.260210 0.027629 0.654705 0.297014 0.736592 0.218781 0.676996
0.362313 0.833022 0.757942 0.103376 0.439526 0.141103 0.795469 0.582755 0.489085 0.017201 0.427749 0.978960 0.423342 1.046344 0.652669 0.983524 0.585026 0.558991 0.324115 -0.056273 0.763263 0.753331 0.807229 -0.003476 0.349147 0.350343 0.111678 0.638839 0.255793 0.816236 0.217660 0.633552
0.364253 0.803552 0.659579 0.099338 0.403360 -0.000250 0.697517 0.743650 0.401179 -0.126115 0.400300 0.955181 0.401354 1.050383 0.765631 1.005657 0.751967 0.601023 0.333639 -0.041922 0.777001 0.728189 0.646733 0.010559 0.345963 0.286246 -0.050505 0.672716 0.334228 0.718595 0.243123 0.695298
0.396192 0.863594 0.678450 0.142228 0.426601 0.034274 0.732310 0.652796 0.427289 -0.049051 0.469358 0.964303 0.333007 1.089703 0.719736 0.847994 0.696771 0.629788 0.144807 0.130848 0.821856 0.752744 0.831784 -0.035458 0.339873 0.380945 0.058860 0.762934 0.154645 0.757086 0.145999 0.584267
0.347936 0.710250 0.657123 0.150213 0.454454 0.094078 0.736467 0.718243 0.442445 -0.010247 0.533944 0.914637 0.399913 0.966360 0.754893 0.908874 0.670200 0.467229 0.268404 0.064293 0.801934 0.765161 0.732926 0.005334 0.380068 0.240688 0.071952 0.637974 0.225275 0.617906 0.152103 0.660252
0.293977 0.885953 0.656666 0.162331 0.402818 -0.019256 0.684147 0.670398 0.476135 0.028325 0.359560 0.978088 0.340694 0.979035 0.825975 0.868038 0.623218 0.542307 0.224264 0.054443 0.795605 0.690166 0.694760 0.038469 0.280402 0.393712 0.016086 0.685644 0.244118 0.787022 0.226450 0.628136
0.308018 0.881838 0.593492 0.208182 0.451577 0.054369 0.691210 0.661388 0.401879 -0.030982 0.386059 1.036460 0.288342 1.012816 0.728791 0.845328 0.622356 0.510894 0.266999 0.006911 0.852123 0.806510 0.804121 0.020615 0.258464 0.278638 0.109357 0.840123 0.209252 0.786692 0.347300 0.733386
0.295783 0.817852 0.692890 0.147727 0.480500 0.010645 0.705837 0.794502 0.532705 0.056044 0.490096 0.954268 0.353882 0.935052 0.801325 0.913842 0.685214 0.538417 0.190237 0.004342 0.880798 0.764225 0.817193 0.001696 0.349446 0.313106 0.025890 0.765823 0.278261 0.666632 0.212134 0.696250
0.396658 0.913112 0.743338 0.242263 0.449367 0.106020 0.684499 0.741887 0.475067 0.054141 0.410425 0.917020 0.367519 0.985568 0.757111 0.928468 0.614460 0.546532 0.263956 0.074058 0.759742 0.794612 0.695701 0.017866 0.362752 0.377030 -0.059422 0.697333 0.262192 0.760571 0.256793 0.657741
0.333266 0.955858 0.694039 0.233770 0.425695 0.007980 0.715808 0.697799 0.451513 -0.011125 0.389111 0.887919 0.309420 0.919774 0.748148 0.961054 0.710212 0.502162 0.286791 0.034468 0.922341 0.813738 0.736172 0.071397 0.381337 0.389132 0.027051 0.750258 0.131767 0.664996 0.215096 0.688591
0.445828 0.814595 0.645384 0.234236 0.322279 0.109012 0.774560 0.697167 0.462535 -0.021237 0.482211 1.005130 0.400664 0.974669 0.757161 0.954806 0.752844 0.520013 0.255392 0.017251 0.836088 0.745570 0.734888 -0.016622 0.364640 0.320396 -0.003909 0.783311 0.250621 0.714642 0.242532 0.618027
0.327984 0.905462 0.570409 0.175485 0.440873 -0.015324 0.665188 0.807099 0.443742 0.071907 0.398367 0.936527 0.356580 0.976927 0.802041 0.859648 0.693098 0.508468 0.177753 0.013555 0.866523 0.772211 0.777620 -0.020727 0.320772 0.341810 0.067629 0.714196 0.249111 0.778521 0.196945 0.660292
0.420108 0.844942 0.726242 0.084360 0.419795 -0.005244 0.760344 0.725659 0.447824 -0.051003 0.406229 0.976304 0.358799 1.005956 0.647111 0.928284 0.655373 0.458001 0.318684 -0.019623 0.858480 0.835626 0.651066 -0.090206 0.357512 0.404164 -0.031990 0.693112 0.268362 0.674071 0.255101 0.756545
0.405878 0.830414 0.724136 0.068010 0.266250 0.095436 0.715763 0.671456 0.376572 -0.014982 0.424113 0.916444 0.330690 0.938159 0.883070 0.942296 0.662203 0.547689 0.315036 0.093678 0.846836 0.804011 0.776675 0.047373 0.441534 0.373752 0.074183 0.715536 0.228171 0.788895 0.172782 0.649641
0.354708 0.872741 0.636891 0.279288 0.338928 0.053432 0.791820 0.687192 0.529518 -0.062286 0.398993 0.988883 0.322084 0.981652 0.712720 0.897745 0.709668 0.406735 0.228819 0.000736 0.842516 0.697068 0.727032 0.088567 0.402288 0.341184 0.009453 0.769021 0.249792 0.697017 0.300803 0.662256
0.460221 0.890772 0.655956 0.234910 0.360284 0.113809 0.786997 0.708718 0.447978 -0.016988 0.464017 0.905187 0.409252 1.031164 0.756551 0.993169 0.698572 0.433540 0.279105 0.011876 0.774384 0.791477 0.789910 0.048757 0.361227 0.355700 -0.002667 0.725309 0.319995 0.696737 0.240215 0.662243
0.502727 0.806699 0.691629 0.254548 0.337710 0.039005 0.748584 0.753723 0.483223 -0.056780 0.404650 0.914893 0.402712 0.977786 0.764512 0.944676 0.726400 0.502717 0.255363 0.018538 0.753646 0.790971 0.777106 0.013120 0.405876 0.310585 0.033042 0.756376 0.157429 0.867489 0.126394 0.652252
0.367257 0.765824 0.636967 0.154023 0.427507 -0.012087 0.664956 0.729039 0.444478 0.015260 0.429852 1.015970 0.354664 0.992217 0.712620 0.948214 0.596161 0.536651 0.279798 0.024296 0.820100 0.661116 0.797813 0.052602 0.363814 0.346284 0.088948 0.634295 0.353230 0.743916 0.287111 0.601664
0.327121 0.849353 0.605156 0.208542 0.394929 -0.002953 0.781057 0.756538 0.453411 -0.017817 0.470352 0.954280 0.246317 0.858265 0.714611 0.958184 0.639253 0.602720 0.329256 -0.076191 0.730019 0.766635 0.618028 -0.067363 0.382150 0.350979 0.009262 0.648763 0.242621 0.692347 0.148440 0.645203
0.376650 0.849624 0.656465 0.085088 0.377039 0.044851 0.804541 0.714167 0.415715 -0.029996 0.410356 0.941452 0.322476 0.951628 0.719286 0.906949 0.708610 0.463282 0.266964 0.022041 0.835604 0.758272 0.725157 -0.067044 0.341349 0.314096 0.011206 0.816625 0.266258 0.697358 0.179062 0.628370
0.438866 0.840452 0.643334 0.174938 0.401444 0.101926 0.744731 0.714430 0.445071 0.031239 0.428416 0.994542 0.398255 0.943146 0.755644 0.946308 0.646458 0.570277 0.189854 0.008282 0.804736 0.787791 0.757067 0.023621 0.395900 0.379672 0.056041 0.699521 0.194510 0.727935 0.232768 0.739961
0.393843 0.862364 0.655945 0.090759 0.354437 0.025477 0.750082 0.756617 0.488205 -0.011307 0.354812 1.037083 0.386997 0.954503 0.757947 1.027702 0.612468 0.616090 0.328405 0.112119 0.791414 0.691342 0.773246 -0.052591 0.297619 0.358797 0.163559 0.702826 0.338553 0.719840 0.181657 0.685493
0.364918 0.806504 0.628484 0.130063 0.383215 0.082389 0.797532 0.719031 0.501715 -0.049585 0.327011 0.929553 0.479024 0.962453 0.724285 0.936993 0.619407 0.557249 0.312603 0.025517 0.781501 0.748924 0.741450 0.017350 0.409835 0.338788 0.096297 0.741183 0.297532 0.682103 0.198064 0.664840
0.285741 0.874222 0.652088 0.063059 0.436582 0.055342 0.633031 0.726604 0.439409 0.055481 0.411899 0.940717 0.206389 0.908428 0.759310 0.957937 0.657710 0.520264 0.254614 -0.007227 0.771031 0.785337 0.741889 0.028668 0.284016 0.346106 0.094523 0.679619 0.225245 0.693350 0.282061 0.663665
0.347931 0.935303 0.708397 0.127836 0.391672 -0.049590 0.763535 0.687289 0.434373 -0.063659 0.402888 1.023114 0.389420 1.003575 0.693357 0.892909 0.691802 0.522517 0.287682 0.034238 0.910390 0.697950 0.706462 0.000824 0.355596 0.393654 0.083061 0.685513 0.300733 0.772302 0.248066 0.614536
0.395446 0.888271 0.757841 0.156595 0.381364 0.041356 0.622348 0.698131 0.445843 0.091340 0.388819 0.912180 0.388325 0.941081 0.677322 0.882764 0.673112 0.453745 0.282032 0.080967 0.890442 0.677864 0.656645 -0.042079 0.320768 0.325394 0.045554 0.703356 0.355154 0.763722 0.209545 0.610463
0.397651 0.819199 0.578625 0.077936 0.421429 0.026772 0.629210 0.708325 0.526092 -0.010337 0.372386 0.921983 0.368021 0.905682 0.714730 0.843874 0.697157 0.494089 0.262899 0.032366 0.791409 0.687150 0.781253 0.089488 0.307485 0.472011 0.073981 0.755014 0.226406 0.858135 0.234965 0.643502
0.343455 0.930685 0.629881 0.105251 0.334351 0.070017 0.738868 0.691375 0.436413 -0.004259 0.366062 0.924762 0.355316 0.846959 0.760119 0.892945 0.627476 0.541558 0.304916 0.016980 0.808665 0.755575 0.792767 0.001150 0.412334 0.347183 0.062593 0.720703 0.239381 0.719584 0.244291 0.677142
0.263995 0.876991 0.624153 0.103835 0.343968 -0.073002 0.663577 0.707374 0.382416 0.030593 0.390751 0.920724 0.410295 0.947799 0.675713 0.860828 0.670468 0.476033 0.239463 -0.049574 0.815531 0.613611 0.754187 -0.026443 0.263689 0.280249 0.035622 0.707473 0.322252 0.697537 0.321092 0.623670
0.398773 0.854681 0.721623 0.179823 0.388900 0.039986 0.674657 0.731605 0.435142 0.062530 0.389485 0.990233 0.360406 1.012847 0.771067 0.948876 0.680711 0.440454 0.224648 0.096191 0.883607 0.758666 0.780394 0.035495 0.312581 0.216376 0.026755 0.653874 0.331257 0.691612 0.295519 0.645729
0.484854 0.860482 0.718732 0.212375 0.450309 0.034880 0.660275 0.651046 0.498689 0.019768 0.325465 0.955537 0.377079 1.032553 0.737097 1.009500 0.709704 0.538675 0.219616 0.060736 0.809532 0.705387 0.736504 0.065477 0.349589 0.349292 0.018423 0.655401 0.253879 0.713197 0.224452 0.659147
0.376680 0.867309 0.681393 0.185644 0.266758 0.102664 0.761886 0.720064 0.482566 -0.005275 0.426552 0.938491 0.391512 0.981906 0.694128 0.973484 0.645451 0.493699 0.258440 0.032172 0.871488 0.795623 0.694900 -0.036643 0.355732 0.325319 0.094573 0.693633 0.272256 0.701068 0.253378 0.671333
0.404128 0.852685 0.673943 0.130383 0.506309 0.061111 0.764664 0.776797 0.465709 -0.020085 0.319681 1.006565 0.350625 0.979206 0.613633 0.999400 0.620073 0.584298 0.301630 0.025300 0.739551 0.749423 0.793719 0.067568 0.320695 0.275384 0.033464 0.711440 0.212237 0.754076 0.177737 0.705665
0.428359 0.866278 0.668900 0.155084 0.409285 0.029488 0.727370 0.720010 0.481294 0.084874 0.399129 0.951504 0.436524 0.997741 0.663160 0.904923 0.672976 0.491613 0.236082 0.011380 0.831186 0.768269 0.849701 0.019014 0.349962 0.383206 0.012851 0.763586 0.279377 0.731973 0.227489 0.679087
0.423409 0.842410 0.634511 0.146055 0.388137 0.020648 0.765725 0.778700 0.403536 -0.021608 0.356419 0.976497 0.324277 0.960825 0.822451 0.962179 0.680510 0.504816 0.255169 0.007861 0.761143 0.713063 0.747011 0.069472 0.395489 0.359615 0.117416 0.682315 0.177158 0.739570 0.182102 0.702945
0.446854 0.858881 0.736626 0.206910 0.453316 -0.001444 0.759949 0.776980 0.464886 0.089574 0.462832 0.912956 0.381758 1.023373 0.720115 0.968864 0.696461 0.478845 0.246851 0.005522 0.906559 0.738407 0.805369 0.024065 0.340500 0.402198 -0.003289 0.730936 0.292660 0.734921 0.159120 0.544057
0.315186 0.760200 0.623135 0.205313 0.332563 0.031303 0.838362 0.637900 0.434719 -0.021144 0.438011 0.879023 0.341253 0.911248 0.686514 0.902883 0.614486 0.557355 0.308343 -0.022727 0.821786 0.721770 0.704260 -0.058239 0.335427 0.354957 0.174103 0.722238 0.344312 0.763834 0.227548 0.622585
0.411056 0.901631 0.719138 0.186969 0.338530 0.007539 0.782289 0.782992 0.400937 -0.024251 0.398525 0.879916 0.357026 0.983470 0.718283 0.907999 0.663625 0.423357 0.333075 0.069104 0.823409 0.743415 0.783218 0.044305 0.413778 0.228233 0.055106 0.753998 0.228298 0.716582 0.269323 0.602335
0.411796 0.756942 0.696847 0.147425 0.357557 0.057092 0.710856 0.681030 0.425008 0.070535 0.431219 0.956988 0.412083 0.983518 0.757474 0.932931 0.676375 0.666512 0.286582 -0.098016 0.718223 0.668874 0.756422 0.080962 0.321626 0.352601 0.066689 0.704734 0.236894 0.757160 0.194628 0.634921
0.314409 0.847898 0.666659 0.263664 0.405818 0.004039 0.745994 0.657949 0.438298 0.019206 0.399139 1.028698 0.378817 0.887700 0.657168 0.853690 0.677468 0.492690 0.255036 0.033271 0.764462 0.768048 0.824003 0.093113 0.423591 0.334820 0.036089 0.719205 0.230585 0.806164 0.231303 0.563112
0.490645 0.828051 0.639824 0.152455 0.382542 -0.011892 0.768923 0.642894 0.368424 0.006283 0.390420 0.949210 0.355751 1.003460 0.731691 0.968629 0.719988 0.537435 0.283155 0.025939 0.800526 0.846479 0.768772 -0.058634 0.339759 0.285863 0.105232 0.752274 0.283644 0.771717 0.347662 0.669704
0.425164 0.933786 0.702267 0.102479 0.423396 -0.047588 0.772124 0.775391 0.425165 0.003626 0.451872 0.933085 0.355776 0.845258 0.719374 0.946213 0.700043 0.548640 0.297819 0.028715 0.864029 0.680350 0.770628 -0.045632 0.389700 0.275587 0.090660 0.736058 0.258550 0.732182 0.201331 0.630757
0.419898 0.787474 0.641476 0.205465 0.469888 0.006078 0.808928 0.686231 0.421544 -0.062842 0.429329 0.892565 0.317000 0.955445 0.703102 0.797252 0.676482 0.555301 0.145068 0.052810 0.856332 0.717566 0.714017 -0.073239 0.436435 0.381441 -0.008636 0.762134 0.315503 0.662162 0.221395 0.677207
0.345291 0.876017 0.636361 0.225076 0.367540 0.053310 0.739064 0.794074 0.486798 -0.021661 0.429370 0.973067 0.351088 0.978465 0.735032 0.884393 0.692104 0.487327 0.299983 0.037400 0.856384 0.676407 0.802326 -0.021046 0.244464 0.305227 0.019450 0.635566 0.270897 0.734986 0.236784 0.599154
0.461504 0.788268 0.628942 0.081046 0.314631 0.096125 0.713148 0.702810 0.527170 0.042513 0.392738 0.892916 0.390931 0.992585 0.696058 0.827801 0.645315 0.556537 0.268216 0.084489 0.752519 0.750804 0.834589 -0.021719 0.390567 0.338259 0.033230 0.697746 0.326588 0.714792 0.222849 0.686261
0.343490 0.908251 0.635754 0.159379 0.407776 0.031338 0.778532 0.683919 0.469468 0.131285 0.480461 0.947817 0.402932 0.935799 0.668654 0.916866 0.657853 0.493227 0.207987 -0.005872 0.814733 0.783991 0.836380 0.021284 0.339474 0.328038 -0.026405 0.835197 0.251581 0.712404 0.151357 0.723331
0.263487 0.872287 0.601166 0.128963 0.431441 0.004262 0.727585 0.681933 0.444969 -0.020306 0.353450 0.922786 0.426464 1.021992 0.776158 0.897353 0.734682 0.604274 0.179212 -0.009803 0.796150 0.742096 0.746567 -0.011966 0.316970 0.247099 0.051005 0.780724 0.260130 0.720075 0.250567 0.684450
0.334890 0.892798 0.635027 0.141946 0.396321 0.000324 0.741408 0.645974 0.376992 0.053280 0.404182 0.919644 0.437546 0.919711 0.778664 0.980651 0.679848 0.546112 0.388798 0.038033 0.865762 0.795058 0.875942 0.053509 0.363264 0.345103 0.005240 0.663670 0.296823 0.759041 0.212492 0.720577
0.394573 0.871373 0.735088 0.214961 0.403776 -0.003995 0.708120 0.707338 0.327806 -0.002378 0.360754 0.939508 0.410461 0.957065 0.720019 0.898357 0.731209 0.489111 0.236276 0.017577 0.866107 0.822379 0.799491 0.056529 0.431280 0.264075 0.029122 0.757656 0.245644 0.764048 0.228177 0.598664
0.383734 0.823220 0.653486 0.121962 0.359106 -0.089924 0.800054 0.760886 0.475695 0.007807 0.388145 0.883218 0.387457 1.055426 0.740399 0.958134 0.674159 0.496583 0.267052 0.019188 0.860998 0.697585 0.736309 0.068440 0.295553 0.318051 0.019051 0.802061 0.396440 0.782274 0.278285 0.674997
0.320585 0.775987 0.594615 0.099880 0.321069 0.016857 0.745364 0.661249 0.403850 -0.042267 0.308498 0.904686 0.414074 1.030344 0.740860 0.952521 0.706944 0.570803 0.234908 0.042111 0.709083 0.798943 0.803576 0.020356 0.412324 0.411524 0.026298 0.738190 0.360001 0.706382 0.226550 0.562428
0.361783 0.868435 0.687533 0.102031 0.402487 0.079189 0.721284 0.690806 0.517932 -0.022613 0.418081 0.922414 0.417471 1.013945 0.801782 0.951435 0.624572 0.483978 0.284552 -0.034838 0.846151 0.699071 0.752518 -0.010582 0.371225 0.305781 -0.005894 0.782773 0.278466 0.738552 0.180009 0.662742
0.277011 0.829902 0.646698 0.112395 0.411179 -0.058100 0.632757 0.721976 0.582168 0.001463 0.315442 0.861911 0.405864 1.000976 0.691995 0.941614 0.639736 0.523138 0.264489 -0.016731 0.798652 0.766033 0.848898 -0.031614 0.298379 0.303476 0.052720 0.786290 0.299825 0.728747 0.230323 0.603715
0.375056 0.884175 0.686810 0.136773 0.394186 0.039883 0.780940 0.713283 0.432692 0.008239 0.280392 0.946531 0.336015 1.014424 0.695903 0.906657 0.703221 0.551723 0.331441 0.050229 0.815017 0.638645 0.666923 0.073638 0.342848 0.377747 0.169661 0.705545 0.253711 0.812120 0.283669 0.738708
0.277493 0.829648 0.614045 0.157001 0.371185 0.022099 0.762288 0.703169 0.491092 -0.061737 0.319849 0.944113 0.388827 0.934689 0.778583 1.011344 0.653236 0.506859 0.305525 0.003639 0.803759 0.688402 0.697736 0.047064 0.351837 0.293475 0.053504 0.709621 0.329652 0.775118 0.258023 0.654883
0.460999 0.962351 0.569730 0.135405 0.426054 0.081211 0.667642 0.642916 0.505481 -0.039668 0.499856 0.986606 0.351778 0.979562 0.685373 0.946243 0.689188 0.544168 0.230920 0.109560 0.830760 0.807086 0.763969 0.045272 0.333263 0.339511 0.064326 0.667709 0.344524 0.857400 0.266617 0.634694
0.340139 0.852370 0.673028 0.093814 0.407856 0.119474 0.728191 0.666649 0.510625 0.003245 0.498373 1.045238 0.438701 0.995352 0.658691 0.923389 0.673469 0.533209 0.249890 -0.052517 0.836584 0.662611 0.738967 0.042702 0.275622 0.318912 0.098341 0.766934 0.242193 0.824773 0.172559 0.707756
0.401868 0.892675 0.551443 0.214320 0.426097 -0.011584 0.698272 0.753392 0.433900 0.041821 0.430361 0.932673 0.393481 0.993386 0.697349 0.940788 0.694806 0.571225 0.330913 0.031767 0.845114 0.690354 0.745533 0.043676 0.259473 0.294339 0.172398 0.708495 0.258027 0.772249 0.182599 0.719227
0.428643 0.923205 0.696812 0.140481 0.434096 -0.099524 0.723714 0.713174 0.475892 0.095029 0.450712 0.878134 0.375155 0.945499 0.657125 0.916443 0.665838 0.575163 0.183552 0.062750 0.862426 0.747709 0.788082 -0.026177 0.362614 0.401690 -0.029751 0.818954 0.365890 0.768456 0.294633 0.607724
0.439955 0.851167 0.675155 0.150545 0.380755 0.053354 0.677267 0.776425 0.465213 0.026438 0.462586 0.880992 0.281610 0.894837 0.785727 0.977098 0.624690 0.508084 0.362299 0.041499 0.838216 0.758225 0.672420 -0.020689 0.319182 0.339712 0.026704 0.736742 0.374577 0.770143 0.333223 0.741734
0.390252 0.876823 0.722486 0.248975 0.412633 -0.061986 0.713228 0.774145 0.471912 -0.065103 0.339666 0.962564 0.357814 0.886696 0.642494 0.924230 0.753767 0.438720 0.332909 0.038399 0.747193 0.728467 0.728511 -0.052981 0.295424 0.321129 0.056174 0.687055 0.235317 0.701729 0.220913 0.598200
0.403970 0.866993 0.609706 0.153817 0.353413 -0.098220 0.801234 0.699026 0.485179 0.084322 0.366195 0.911779 0.416814 0.908366 0.696382 0.926184 0.662158 0.484347 0.214905 -0.045629 0.852363 0.729416 0.700581 -0.054442 0.480054 0.386849 0.062809 0.711438 0.293140 0.756570 0.186568 0.596215
0.365246 0.916767 0.595005 0.148120 0.450014 0.058929 0.794852 0.800072 0.475002 -0.061792 0.487906 0.869372 0.431222 0.976321 0.800109 0.921904 0.653986 0.596036 0.298696 -0.051720 0.788645 0.790963 0.803180 0.098996 0.294956 0.318393 0.139047 0.664248 0.233598 0.748307 0.264365 0.686371
0.359642 0.960914 0.724609 0.126432 0.430237 0.105604 0.705761 0.746532 0.468758 -0.072668 0.360811 0.870600 0.324231 0.978824 0.696989 0.978993 0.612144 0.533358 0.271549 0.003738 0.878714 0.757185 0.658021 -0.017157 0.266585 0.386960 0.019641 0.673832 0.173542 0.739658 0.295193 0.718945
0.454115 0.986748 0.596401 0.071291 0.429668 -0.028219 0.751951 0.659227 0.488725 0.025043 0.398275 0.840148 0.311152 0.918440 0.696133 0.970211 0.645613 0.560526 0.249695 0.076257 0.781731 0.798880 0.822735 -0.038657 0.444271 0.305251 -0.033242 0.754300 0.225702 0.765261 0.309252 0.661128
0.350760 0.861473 0.724224 0.171117 0.392790 0.016682 0.822412 0.637742 0.430479 0.065415 0.391767 0.946584 0.357894 0.993759 0.833951 0.980626 0.565773 0.490211 0.321395 0.042476 0.738707 0.684423 0.701766 0.024442 0.395062 0.319444 0.074781 0.822605 0.271925 0.771173 0.216718 0.713076
0.395469 0.879317 0.635888 0.158656 0.420264 0.000255 0.681698 0.771720 0.460945 0.040010 0.377471 0.935634 0.298817 0.974784 0.736889 1.036370 0.692356 0.554369 0.207523 0.090986 0.774380 0.681132 0.884680 -0.025357 0.347013 0.280291 0.018676 0.770114 0.232348 0.769675 0.232019 0.692976
0.371811 0.862925 0.567298 0.158335 0.415107 0.021775 0.786569 0.716508 0.446707 -0.031019 0.430716 0.944734 0.380188 0.930114 0.667283 0.928668 0.728745 0.584089 0.174599 -0.012426 0.841028 0.674930 0.748794 -0.007127 0.318443 0.284223 0.016022 0.779882 0.293204 0.630594 0.206306 0.719433
0.366976 0.843347 0.557161 0.211477 0.306079 0.069428 0.824421 0.700380 0.443273 -0.139577 0.345849 0.989433 0.358245 0.957077 0.709905 1.006061 0.606628 0.605515 0.297131 0.051621 0.858278 0.746148 0.722986 -0.023901 0.337813 0.319252 0.089949 0.723279 0.238465 0.720624 0.294130 0.715010
0.361627 0.852460 0.726516 0.178447 0.391188 -0.028375 0.726510 0.714167 0.452725 -0.065194 0.412909 0.970674 0.411278 1.008062 0.731220 1.003552 0.792880 0.421328 0.293108 0.085165 0.786142 0.706380 0.796825 0.012733 0.421562 0.400238 0.108819 0.863113 0.315580 0.742044 0.239140 0.721923
0.356691 0.841993 0.669855 0.181668 0.391587 -0.026089 0.634617 0.653196 0.452671 0.066519 0.402950 0.983466 0.346058 0.906296 0.720701 0.977941 0.638677 0.568865 0.380451 -0.019597 0.837986 0.789407 0.801090 0.006852 0.317421 0.325642 -0.015737 0.782163 0.261840 0.749248 0.263862 0.678918
0.351815 0.745669 0.593517 0.155529 0.346682 0.011049 0.751996 0.747135 0.505579 -0.006899 0.315298 1.004744 0.434233 0.932151 0.681087 0.907473 0.653003 0.583535 0.236856 0.016027 0.875585 0.713314 0.793258 -0.037096 0.397760 0.385214 0.016474 0.730028 0.163963 0.715528 0.238455 0.749275
0.454192 0.797677 0.723691 0.223037 0.400259 -0.032022 0.686040 0.750713 0.448384 -0.084607 0.336296 0.963465 0.405586 0.989507 0.710285 0.910147 0.710465 0.558826 0.302693 0.122701 0.771855 0.680025 0.768428 -0.110830 0.300493 0.357866 0.096784 0.737054 0.301568 0.776866 0.242913 0.643968
0.392546 0.877405 0.630905 0.150704 0.446698 0.115613 0.718718 0.728730 0.485834 -0.003466 0.440377 0.913090 0.381120 0.989389 0.725891 0.932478 0.643356 0.521336 0.334937 0.072388 0.735784 0.718203 0.820328 -0.066856 0.380090 0.396385 0.055436 0.767359 0.267332 0.741083 0.226065 0.609387
0.355861 0.894053 0.653500 0.149394 0.410173 0.091027 0.712961 0.729630 0.469777 0.084452 0.342569 0.972109 0.349648 0.972172 0.734281 0.789072 0.689789 0.601896 0.224275 0.006951 0.848180 0.747832 0.812358 0.012949 0.324912 0.401934 0.154786 0.730136 0.290519 0.759406 0.207418 0.582775
0.394123 0.831144 0.632313 0.194737 0.433066 -0.062770 0.583124 0.638329 0.370628 -0.005492 0.394875 0.983864 0.323580 0.859373 0.818201 0.848472 0.743412 0.571874 0.264371 0.019386 0.915862 0.726967 0.758035 0.032769 0.350156 0.340629 0.085980 0.756068 0.279518 0.746316 0.249925 0.673478
0.422389 0.812874 0.603538 0.215225 0.349233 -0.042580 0.720950 0.704125 0.538370 -0.015125 0.398114 0.987542 0.438147 1.029365 0.728821 0.943081 0.643923 0.528979 0.245227 0.030328 0.895296 0.738523 0.699306 0.011286 0.366487 0.422970 0.110907 0.700086 0.197704 0.720880 0.311148 0.601802
0.326895 0.819013 0.661085 0.150306 0.418922 0.105829 0.754286 0.704008 0.511279 -0.026695 0.471495 0.961754 0.365817 1.007897 0.746757 0.934852 0.682546 0.545363 0.342438 0.098500 0.842090 0.757822 0.729884 0.032123 0.425558 0.311524 0.045607 0.660870 0.302723 0.732605 0.204491 0.593174
0.376378 0.884620 0.692454 0.180902 0.416105 0.119711 0.787176 0.756436 0.422184 0.029105 0.442756 1.007263 0.346964 0.887059 0.694889 0.967227 0.621906 0.507054 0.231875 -0.036587 0.783788 0.744881 0.763597 0.016684 0.401762 0.298841 0.095814 0.757126 0.240134 0.695789 0.251970 0.581108
0.396180 0.917233 0.654386 0.172108 0.391733 -0.045999 0.708481 0.709968 0.376882 0.056252 0.423827 0.944498 0.410870 0.963738 0.701814 0.992947 0.648567 0.561351 0.240060 0.068258 0.828128 0.705978 0.761277 0.045240 0.308137 0.317516 0.103885 0.694852 0.253294 0.690224 0.187275 0.721578
0.375260 0.865179 0.641953 0.080703 0.421392 0.049977 0.684672 0.752238 0.462378 -0.019074 0.414743 0.990233 0.318560 0.940108 0.734105 0.958352 0.675145 0.445256 0.203590 -0.004915 0.805610 0.728033 0.772701 0.023004 0.331940 0.301019 0.068444 0.683465 0.306149 0.756409 0.289798 0.649341
0.389857 0.881092 0.629853 0.167760 0.349241 0.077011 0.663306 0.619087 0.493270 -0.045946 0.367316 0.954742 0.303023 1.047261 0.735853 0.922886 0.605151 0.417129 0.219501 0.169788 0.901244 0.712873 0.792053 -0.041846 0.375824 0.352413 0.081574 0.689792 0.313196 0.683198 0.362376 0.629762
0.464819 0.860068 0.564984 0.121132 0.450070 0.018860 0.831061 0.703642 0.500177 0.064511 0.321792 0.962939 0.341038 1.046448 0.710515 0.934688 0.703488 0.495914 0.266764 0.020168 0.745135 0.632447 0.762015 -0.000521 0.293193 0.382832 0.096602 0.754623 0.294528 0.814582 0.243922 0.659806
0.396298 0.816548 0.614468 0.106305 0.450706 0.064860 0.746818 0.676915 0.487387 -0.046711 0.338188 0.945953 0.377139 0.996698 0.734422 0.874141 0.676587 0.485625 0.300568 0.039172 0.843073 0.814714 0.719159 0.019587 0.276924 0.393012 0.037126 0.736989 0.167323 0.663085 0.239760 0.595149
0.409858 0.807065 0.669138 0.111151 0.411190 -0.032944 0.837474 0.713848 0.497902 0.087330 0.435850 0.970319 0.267610 0.925712 0.791211 0.898148 0.700320 0.464299 0.267745 0.019923 0.872147 0.795043 0.746296 -0.053227 0.365421 0.362867 0.124305 0.791791 0.373839 0.863614 0.344965 0.710379
0.388763 0.883516 0.706378 0.130243 0.347548 0.015148 0.742171 0.696062 0.417053 -0.005419 0.315218 0.937874 0.315484 0.999890 0.675850 0.828365 0.720040 0.388570 0.264788 -0.082418 0.775613 0.807407 0.782157 0.008926 0.427185 0.452537 0.013653 0.787150 0.247883 0.678273 0.245329 0.591946
0.420582 0.898959 0.707773 0.149282 0.378851 -0.003400 0.682146 0.733679 0.440920 -0.015550 0.333309 0.923422 0.363502 1.014430 0.665247 1.024642 0.725550 0.468689 0.247628 0.050077 0.813898 0.809079 0.756626 -0.055562 0.396623 0.302834 0.070270 0.709172 0.276538 0.687721 0.128030 0.621641
0.420311 0.914571 0.684945 0.269019 0.439314 -0.023697 0.765262 0.815320 0.448117 -0.055397 0.382345 1.011248 0.357318 1.039031 0.762938 0.889763 0.741524 0.507139 0.213986 0.087476 0.831455 0.786316 0.725015 0.013723 0.458746 0.304659 0.092503 0.753935 0.287399 0.643858 0.251776 0.628627
0.385170 0.873811 0.691469 0.088494 0.417934 0.084162 0.660996 0.725842 0.482877 -0.024090 0.402427 0.940365 0.357875 0.958272 0.695660 0.941235 0.693846 0.494280 0.153944 0.078858 0.842377 0.722636 0.771118 0.101833 0.317295 0.317118 0.054310 0.668068 0.252128 0.708950 0.151599 0.724792
0.395293 0.870026 0.655950 0.147579 0.437103 0.082513 0.708922 0.710399 0.421170 0.090010 0.372914 0.902565 0.284745 1.021838 0.723153 0.981322 0.683697 0.451981 0.329900 -0.028185 0.816606 0.781748 0.771854 0.024940 0.309018 0.288085 0.038546 0.783658 0.158850 0.793216 0.313496 0.627073
0.410790 0.866973 0.548267 0.197187 0.384296 -0.009660 0.828583 0.618051 0.433340 -0.069960 0.327924 0.917635 0.411136 0.915957 0.757448 0.960721 0.636197 0.585393 0.283533 0.027168 0.691788 0.774031 0.633817 -0.035685 0.311773 0.351303 0.004245 0.800352 0.248982 0.854202 0.297627 0.605382
0.404126 0.843949 0.672720 0.149913 0.434822 -0.003407 0.765665 0.721475 0.424868 0.020291 0.430427 1.002337 0.360691 1.028412 0.642583 0.913112 0.689811 0.493356 0.318694 0.048240 0.791737 0.670777 0.786394 0.080510 0.354321 0.460838 0.085117 0.741758 0.315310 0.690865 0.235245 0.751140
0.465610 0.834537 0.648621 0.126483 0.422937 0.019853 0.680863 0.760509 0.476034 0.006764 0.414071 1.045296 0.392346 1.010561 0.706348 1.021308 0.658245 0.412110 0.304103 0.032868 0.793452 0.657390 0.777118 -0.008053 0.392127 0.341303 0.084800 0.742041 0.402323 0.669979 0.262948 0.603300
0.347093 0.937494 0.647553 0.150639 0.365194 0.027308 0.703770 0.741503 0.473316 0.048690 0.416275 0.962472 0.399064 1.105621 0.682104 1.029371 0.664782 0.516871 0.245814 0.022431 0.813805 0.648854 0.796222 0.120880 0.461836 0.343341 -0.003727 0.738880 0.312678 0.716065 0.293107 0.502347
0.322946 0.834955 0.615212 0.182145 0.403551 -0.030666 0.705959 0.698371 0.509843 -0.038913 0.438460 0.895883 0.442895 1.004811 0.757581 0.952890 0.642902 0.614131 0.259858 0.024861 0.795039 0.692789 0.759062 -0.089786 0.316183 0.268355 0.075126 0.740542 0.214372 0.725518 0.248736 0.684222
0.407765 0.908026 0.715465 0.205946 0.412828 0.025093 0.732281 0.734232 0.394226 0.055303 0.460035 0.920504 0.353038 0.939190 0.698957 0.857927 0.717763 0.586628 0.300515 0.056616 0.825829 0.817998 0.805508 -0.080170 0.253953 0.342533 0.077074 0.785907 0.271025 0.828447 0.129810 0.613684
0.394928 0.805410 0.638931 0.216438 0.323027 0.101458 0.769447 0.611104 0.464877 -0.020599 0.418090 0.908469 0.458711 0.922022 0.706418 0.931433 0.738863 0.566189 0.271024 0.109766 0.937581 0.855912 0.749097 -0.076896 0.427790 0.284513 0.056399 0.676620 0.307527 0.772980 0.261911 0.647941
0.402264 0.845787 0.618547 0.136996 0.490402 0.045262 0.726511 0.729586 0.480286 -0.028890 0.396782 1.029160 0.440073 1.010726 0.601045 0.918679 0.692584 0.514943 0.312317 0.056031 0.777706 0.742009 0.697546 0.138612 0.454976 0.278868 0.115549 0.728743 0.288935 0.804457 0.230543 0.669025
0.303852 0.928509 0.668948 0.210883 0.374798 0.022828 0.776066 0.688587 0.383240 0.036277 0.354852 0.956364 0.379791 0.946495 0.761100 0.834999 0.722399 0.597466 0.192688 0.062152 0.857085 0.807215 0.765079 0.062950 0.385699 0.251293 0.134816 0.648970 0.276864 0.794425 0.189538 0.644548
0.359357 0.947265 0.630248 0.174834 0.322123 0.003698 0.725387 0.671368 0.484016 -0.065087 0.370520 0.890663 0.355106 0.993638 0.737906 0.910371 0.713865 0.466082 0.277663 0.085610 0.811411 0.811942 0.773520 0.079609 0.312142 0.428508 0.040193 0.753164 0.214302 0.705267 0.219826 0.651007
0.473296 0.820889 0.674497 0.181827 0.315313 -0.054716 0.706617 0.675638 0.381132 0.042643 0.478798 1.011823 0.304384 1.020486 0.812314 0.953673 0.686014 0.539152 0.263907 -0.008035 0.825471 0.708721 0.707714 0.030447 0.413507 0.262619 -0.018804 0.761623 0.348696 0.773852 0.325158 0.777806
0.476557 0.888033 0.711158 0.109558 0.394894 0.086142 0.779186 0.626761 0.520244 -0.108382 0.415478 1.082000 0.344331 0.970092 0.816230 0.906887 0.700408 0.539620 0.348523 -0.011301 0.930240 0.757069 0.781730 -0.032327 0.332828 0.270702 0.054817 0.710664 0.323400 0.717332 0.228699 0.548751
0.384796 0.806099 0.667055 0.184329 0.412735 0.008576 0.653787 0.715536 0.438756 0.065665 0.361397 0.981744 0.325346 0.993466 0.755355 0.959356 0.653576 0.534609 0.222045 -0.029926 0.843301 0.749257 0.743949 -0.021610 0.399994 0.397435 0.165520 0.749249 0.198649 0.749655 0.207009 0.704578
0.388058 0.832454 0.778627 0.124726 0.480385 0.096120 0.770459 0.816688 0.428549 -0.045425 0.333576 0.924558 0.392117 0.922805 0.765940 0.922500 0.685963 0.462811 0.239325 0.023292 0.879479 0.704295 0.788285 -0.025666 0.332472 0.311724 0.089379 0.741098 0.279467 0.696732 0.176851 0.603784
0.393501 0.888277 0.631143 0.134966 0.382456 0.011866 0.708280 0.739080 0.405112 0.015310 0.417475 1.025137 0.306160 1.007491 0.738649 0.937844 0.672711 0.548628 0.345626 0.048860 0.786832 0.835389 0.683579 0.032733 0.327622 0.265698 0.038596 0.778014 0.296188 0.710735 0.210594 0.679539
0.384113 0.850947 0.652692 0.082923 0.400507 0.082798 0.751665 0.795164 0.457351 0.048983 0.395225 1.000425 0.349361 1.030715 0.763952 0.917924 0.657913 0.487520 0.201719 0.088139 0.904635 0.735074 0.831649 0.050748 0.430083 0.350070 0.089815 0.724156 0.328980 0.786734 0.300983 0.645148
0.343429 0.886599 0.599403 0.116142 0.414239 -0.038831 0.749955 0.814551 0.467989 -0.068992 0.411208 0.932183 0.375761 0.932963 0.779348 0.950469 0.640589 0.428859 0.266149 -0.007573 0.753204 0.838765 0.742081 -0.106307 0.326891 0.333395 0.093442 0.783959 0.178332 0.778679 0.281103 0.669271
0.337656 0.882559 0.718104 0.114283 0.351285 0.101107 0.715892 0.620543 0.455020 -0.079473 0.381487 0.969301 0.290042 0.990774 0.804608 0.938168 0.605397 0.425790 0.227136 0.082956 0.904496 0.670863 0.689080 -0.123596 0.399704 0.282111 -0.003925 0.714897 0.314924 0.782042 0.233181 0.549332
0.351381 0.814800 0.653489 0.149892 0.427058 0.062456 0.757031 0.662996 0.451373 0.029472 0.326464 1.015087 0.488900 0.956869 0.702656 0.972580 0.588090 0.475230 0.281170 0.051980 0.818880 0.765213 0.774430 0.031539 0.299604 0.387349 0.019671 0.716263 0.299812 0.771052 0.158469 0.682209
0.309062 0.771328 0.751638 0.177055 0.373726 -0.064377 0.757734 0.660335 0.439897 -0.070746 0.351522 0.939570 0.345342 1.030745 0.681334 0.889082 0.679874 0.572493 0.305627 0.069254 0.867857 0.724080 0.767877 -0.020692 0.400708 0.312974 -0.044847 0.673942 0.259808 0.800915 0.270409 0.555801
0.356037 0.852300 0.720667 0.061181 0.389680 -0.024997 0.684076 0.630670 0.451886 -0.061135 0.387824 0.924440 0.311371 0.982785 0.686780 0.893360 0.654551 0.432902 0.251506 0.138964 0.832707 0.839202 0.749479 0.025465 0.353615 0.245037 -0.035327 0.722052 0.302564 0.680965 0.258760 0.620364
0.364550 0.881449 0.635057 0.051955 0.402224 0.096713 0.783236 0.661795 0.464677 -0.103907 0.315703 0.950408 0.335860 0.965735 0.691759 0.870160 0.694241 0.497458 0.248664 0.012016 0.742209 0.732453 0.705873 -0.032852 0.403409 0.333084 0.123463 0.650669 0.280848 0.729891 0.234791 0.661152
0.391816 0.876671 0.666749 0.151644 0.459919 0.071946 0.767831 0.694205 0.442764 -0.027177 0.423982 1.028167 0.365316 0.965968 0.779137 0.935294 0.655755 0.536865 0.306422 0.011297 0.908628 0.729650 0.736313 0.049334 0.329668 0.265571 0.134047 0.780758 0.190207 0.733570 0.109602 0.622261
0.370245 0.959479 0.599768 0.171203 0.425544 0.062687 0.696849 0.759130 0.426966 -0.019303 0.494896 0.905500 0.281527 0.947779 0.681137 0.940620 0.630173 0.506294 0.255571 0.044426 0.842336 0.734605 0.782527 0.053434 0.373749 0.373966 0.063150 0.702133 0.270093 0.719178 0.262180 0.683094
0.406732 0.797129 0.601572 0.101393 0.449446 0.093042 0.759692 0.693800 0.395390 -0.013985 0.428597 1.041195 0.377035 0.812079 0.715377 1.005089 0.691695 0.567681 0.219005 0.009890 0.889027 0.639821 0.820907 0.027613 0.380698 0.258472 0.032966 0.780476 0.316057 0.681264 0.303566 0.683387
0.487694 0.804659 0.654081 0.226063 0.360574 -0.081072 0.740624 0.675127 0.442999 0.080173 0.414531 0.981647 0.370858 0.998904 0.709476 0.997651 0.634032 0.517617 0.252882 -0.028970 0.865397 0.736206 0.767151 0.033863 0.353553 0.370205 0.040246 0.654135 0.192801 0.692875 0.154154 0.673232
0.411781 0.902595 0.602471 0.178977 0.412640 -0.006452 0.772759 0.678529 0.461572 0.016494 0.369276 0.958063 0.401822 0.888777 0.702694 0.900466 0.541557 0.499098 0.217127 -0.010852 0.842617 0.773731 0.804947 -0.025624 0.296621 0.331763 0.079273 0.693916 0.228162 0.737401 0.275474 0.707262
0.315766 0.801482 0.597518 0.195754 0.341059 -0.012353 0.664108 0.725762 0.457568 -0.027043 0.409829 0.965693 0.289814 0.870984 0.790537 0.932907 0.678373 0.494240 0.232002 0.010379 0.801725 0.701499 0.772152 -0.019891 0.334208 0.282689 0.059143 0.732940 0.295945 0.789285 0.211114 0.675076
0.400040 0.898266 0.646454 0.108377 0.396558 -0.004042 0.735549 0.724785 0.438524 0.000959 0.354088 0.950055 0.363898 0.935057 0.735928 1.033406 0.610670 0.564363 0.330391 0.006189 0.811757 0.706390 0.724769 -0.004209 0.382940 0.345415 0.018322 0.701307 0.238292 0.759832 0.373232 0.705748
0.408073 0.964182 0.665576 0.073631 0.458590 0.063101 0.837749 0.634625 0.413402 -0.028016 0.362707 1.107736 0.308750 0.987765 0.822471 0.953774 0.740343 0.672669 0.225941 0.056214 0.822607 0.806683 0.677117 -0.005304 0.388761 0.439823 0.028306 0.740661 0.306093 0.754336 0.248245 0.682801
0.285204 0.834424 0.575894 0.103339 0.450687 0.032931 0.718910 0.736466 0.551894 0.004115 0.416235 0.890512 0.359579 0.999757 0.767806 0.877264 0.696691 0.559177 0.241938 0.012324 0.750511 0.767094 0.679629 0.006697 0.429462 0.288681 0.008530 0.657499 0.223410 0.830582 0.265082 0.641095
0.345703 0.810307 0.596337 0.257913 0.512146 0.029086 0.707200 0.743993 0.428091 0.056238 0.436354 0.947041 0.327948 0.899048 0.749177 0.887917 0.686782 0.542037 0.294027 0.030345 0.809471 0.771441 0.721643 -0.039903 0.456923 0.288952 0.064355 0.663813 0.382189 0.758645 0.206255 0.654763
0.385713 0.854039 0.741559 0.112201 0.396372 0.086965 0.774433 0.698112 0.443698 -0.071304 0.469234 1.009052 0.350492 1.085354 0.743055 0.944639 0.696581 0.494270 0.340591 0.139789 0.787281 0.793239 0.743321 -0.022844 0.378981 0.390284 0.054802 0.681346 0.281353 0.733078 0.254069 0.619610
0.433594 0.842575 0.566864 0.287224 0.440409 0.078180 0.792782 0.589446 0.573279 -0.032393 0.313515 0.961304 0.360964 1.011433 0.670211 0.938528 0.661295 0.533859 0.228224 0.048371 0.905785 0.757820 0.794084 -0.015077 0.336688 0.314418 0.063101 0.798036 0.292198 0.770646 0.206715 0.605126
0.501096 0.847530 0.735196 0.116728 0.400231 0.041102 0.749004 0.566459 0.505783 -0.066439 0.367942 0.878160 0.427455 0.979147 0.714311 0.984201 0.638828 0.578236 0.328985 0.061476 0.830807 0.720944 0.778604 0.003557 0.437946 0.350009 0.091096 0.722507 0.235067 0.762806 0.300591 0.637756
0.484940 0.896729 0.640307 0.247628 0.331727 -0.022741 0.706188 0.722563 0.452093 -0.027645 0.405153 0.889708 0.368627 0.959821 0.783283 1.004017 0.644807 0.524457 0.218398 0.116657 0.821156 0.739905 0.764855 0.007932 0.466674 0.241364 0.053797 0.740221 0.214124 0.734196 0.212746 0.556569
0.447378 0.876668 0.572637 0.227564 0.369331 -0.039940 0.769900 0.696563 0.473207 0.032927 0.447239 0.944232 0.376051 1.043788 0.687107 0.944716 0.631479 0.562691 0.207950 0.070570 0.816660 0.712939 0.829011 0.026897 0.398704 0.305622 0.049431 0.634045 0.241860 0.646420 0.221567 0.632734
0.387568 0.928336 0.638565 0.122012 0.481496 0.023673 0.660008 0.570777 0.476314 0.061931 0.424589 0.942612 0.363793 0.988810 0.733687 0.896812 0.706736 0.492882 0.309976 0.084567 0.856988 0.774742 0.741467 0.003884 0.357004 0.315887 -0.015374 0.676197 0.127946 0.772468 0.127341 0.615570
0.523410 0.877594 0.712787 0.140345 0.435060 -0.045829 0.728965 0.652114 0.429272 0.009143 0.488082 0.946346 0.371895 1.022336 0.707081 1.019292 0.589518 0.650013 0.286306 0.007618 0.821034 0.731046 0.897194 -0.006584 0.290133 0.407340 0.025214 0.665021 0.295354 0.795048 0.244747 0.650235
0.370323 0.836477 0.629523 0.179829 0.414945 0.032812 0.649922 0.797655 0.448119 0.003624 0.429320 1.013846 0.318984 0.949422 0.792472 0.922805 0.655705 0.626434 0.151475 -0.024417 0.713899 0.674104 0.687810 -0.083147 0.446445 0.311092 0.071332 0.632910 0.288730 0.733510 0.333232 0.636588
0.440570 0.847986 0.663969 0.256813 0.393367 -0.009878 0.744189 0.617340 0.379263 -0.016371 0.441603 0.920398 0.408753 0.940379 0.805095 0.926989 0.644757 0.522078 0.196495 -0.031967 0.786474 0.707143 0.778720 0.032702 0.416920 0.345103 0.096026 0.630590 0.321669 0.714205 0.225145 0.667195
0.334672 0.850338 0.680891 0.157341 0.369578 -0.048872 0.731630 0.721663 0.406090 0.033935 0.265324 0.908062 0.452006 0.900739 0.693744 0.976360 0.713933 0.540407 0.264966 -0.016291 0.832041 0.744085 0.761737 -0.018038 0.351544 0.380519 -0.025240 0.782437 0.320079 0.751732 0.196855 0.566345
0.414165 0.881951 0.676512 0.206616 0.348915 0.065140 0.764511 0.689670 0.399880 -0.007302 0.333411 1.008359 0.410196 0.977010 0.785738 0.907805 0.759879 0.510982 0.233106 0.023304 0.810349 0.644171 0.835554 -0.046765 0.365041 0.364266 0.034316 0.685125 0.289173 0.700676 0.247670 0.594518
0.414044 0.941738 0.632404 0.112764 0.451552 0.040078 0.772605 0.753259 0.491623 0.045606 0.410179 0.878617 0.294760 0.858009 0.756241 0.975925 0.721334 0.510105 0.273858 0.043638 0.797498 0.789343 0.735524 0.086701 0.361911 0.307740 0.106035 0.779040 0.300451 0.750884 0.321108 0.621368
0.369744 0.877120 0.644218 0.133941 0.346406 -0.062158 0.824623 0.694897 0.360947 0.041017 0.361563 0.944094 0.309486 0.978798 0.764130 0.923564 0.713629 0.420136 0.244330 -0.025364 0.890810 0.783927 0.684486 -0.072771 0.395603 0.332612 0.043371 0.755617 0.271517 0.694419 0.265391 0.676794
0.370553 0.940508 0.703974 0.103578 0.434382 0.147049 0.738517 0.669095 0.412594 -0.005503 0.359019 1.004187 0.381317 1.070829 0.752163 0.937479 0.727112 0.445943 0.279334 0.037877 0.798811 0.880874 0.695189 0.033927 0.286632 0.387443 0.071537 0.651442 0.303077 0.811451 0.278913 0.553472
0.316988 0.891213 0.671226 0.176283 0.409402 0.071554 0.783809 0.743642 0.410689 -0.058050 0.350129 1.005702 0.364379 0.999537 0.750016 0.918964 0.618006 0.526781 0.291371 0.020233 0.800915 0.729910 0.798808 0.082906 0.340673 0.343277 0.106641 0.744151 0.238447 0.815064 0.223264 0.715786
0.379483 0.859057 0.682995 0.127873 0.463693 0.140323 0.730348 0.720241 0.497188 -0.025921 0.356535 0.925786 0.406027 0.928777 0.678007 0.902301 0.626542 0.490716 0.295495 0.003268 0.879596 0.791938 0.783210 -0.075061 0.249471 0.316324 0.047522 0.777719 0.276022 0.691676 0.259534 0.670545
0.322279 0.822003 0.480269 0.085792 0.451447 0.009537 0.651397 0.650423 0.502811 0.045829 0.409237 0.941437 0.353776 0.954958 0.702037 0.880926 0.737091 0.493541 0.283870 0.051516 0.818323 0.729855 0.786309 0.093512 0.296455 0.325548 0.127105 0.757119 0.301687 0.744764 0.203788 0.651151
0.365555 0.889776 0.612967 0.150035 0.505281 -0.072201 0.740427 0.716492 0.391151 0.138932 0.512871 0.949828 0.407150 0.978586 0.687155 0.930578 0.682633 0.477664 0.243167 0.036655 0.813647 0.683419 0.689281 0.084153 0.416102 0.290845 -0.032553 0.719928 0.253469 0.727234 0.193859 0.599062
0.421530 0.868967 0.653129 0.184548 0.337801 0.080679 0.702585 0.665703 0.384329 -0.050250 0.394328 1.033187 0.434215 0.973569 0.842890 0.939883 0.782205 0.447593 0.287740 -0.027514 0.881768 0.768222 0.791336 0.063376 0.227765 0.305145 0.027993 0.646081 0.278530 0.712713 0.208333 0.676376
0.325583 0.867591 0.619407 0.097233 0.430066 0.010119 0.698785 0.711360 0.434847 -0.037265 0.431810 0.958478 0.351018 1.045082 0.834288 0.896523 0.699370 0.448601 0.268481 0.049244 0.816323 0.756096 0.832255 0.062237 0.439059 0.397373 0.056673 0.636706 0.287684 0.787781 0.299209 0.657374
0.361877 0.834944 0.688009 0.161693 0.402764 0.027478 0.738581 0.781905 0.479320 -0.056834 0.402381 0.978136 0.415594 0.985026 0.718720 0.956890 0.664622 0.497915 0.237716 -0.020310 0.765722 0.752579 0.859061 0.085289 0.387395 0.355770 0.006648 0.739584 0.300582 0.773037 0.271090 0.656510
0.301179 0.860426 0.593367 0.119119 0.380916 0.013946 0.789795 0.730935 0.498783 0.043984 0.310344 0.908663 0.378153 0.964254 0.743514 0.947732 0.664101 0.539379 0.289875 0.041660 0.789144 0.719401 0.771544 0.043266 0.339535 0.312743 0.048918 0.681161 0.227227 0.798629 0.144335 0.637298
0.389929 0.841814 0.647464 0.214334 0.492512 0.028398 0.819304 0.617851 0.382504 0.071259 0.402459 0.981302 0.354086 1.053890 0.642216 0.929963 0.679347 0.567091 0.299676 0.061403 0.815512 0.605045 0.785480 0.045711 0.362913 0.320101 -0.003393 0.661255 0.397103 0.706625 0.264513 0.662015
0.290487 0.834086 0.590664 0.155333 0.451703 0.018738 0.765906 0.738768 0.499158 0.018432 0.462644 0.907471 0.283073 0.891583 0.743300 0.975840 0.649157 0.541414 0.220048 0.075824 0.790207 0.792839 0.861697 0.049310 0.369191 0.270351 0.114268 0.751454 0.325970 0.743777 0.227085 0.538066
0.450153 0.835606 0.581985 0.149388 0.441382 -0.043507 0.784306 0.681762 0.401550 0.007015 0.437699 0.984077 0.413950 1.024575 0.696582 0.880292 0.624873 0.522645 0.271387 0.004666 0.808959 0.767436 0.708007 0.001920 0.390257 0.297151 0.093106 0.814040 0.256742 0.768027 0.253710 0.631808
0.411957 0.847682 0.802046 0.208852 0.357259 0.033212 0.721417 0.738293 0.463498 0.031573 0.337347 0.955950 0.422203 0.981751 0.757800 0.863196 0.656485 0.498236 0.293587 0.100689 0.786085 0.794640 0.736240 0.003504 0.328825 0.270640 0.051702 0.741497 0.291099 0.645229 0.214930 0.687719
0.323643 0.876122 0.628366 0.261694 0.440328 0.042740 0.732380 0.651932 0.416423 -0.028967 0.311918 0.846491 0.350934 1.022594 0.768295 0.875427 0.600869 0.607999 0.287556 -0.048538 0.831234 0.684998 0.721242 -0.035782 0.335763 0.347602 0.170595 0.689395 0.279692 0.739208 0.230200 0.658387
0.395385 0.907634 0.682268 0.155024 0.454109 -0.002583 0.720981 0.662616 0.366837 -0.048722 0.472196 1.034912 0.347877 0.947848 0.738762 0.930159 0.610319 0.465285 0.232525 0.000043 0.868461 0.814310 0.789332 0.127704 0.286933 0.381015 0.028228 0.693464 0.175813 0.750109 0.261936 0.563553
0.495745 0.863650 0.553285 0.127181 0.465267 0.008259 0.653639 0.603011 0.522579 0.091090 0.335662 0.940790 0.348858 0.938102 0.805334 0.918475 0.674144 0.575856 0.229091 0.015112 0.851845 0.705671 0.713557 -0.011532 0.337010 0.411936 0.068914 0.708360 0.311907 0.736585 0.207326 0.636440
0.376904 0.909218 0.638861 0.123454 0.411702 0.050416 0.721452 0.701214 0.579285 -0.030676 0.320021 1.007506 0.381530 1.013747 0.680593 0.981315 0.734558 0.533758 0.277531 -0.062490 0.784510 0.830987 0.748570 -0.036522 0.376027 0.372750 0.052611 0.644371 0.248914 0.710348 0.293066 0.685318
0.458328 0.787604 0.715605 0.193411 0.370247 0.054684 0.771182 0.719889 0.370746 0.015663 0.318033 0.909956 0.330937 0.938436 0.765402 0.945744 0.637137 0.441433 0.258995 0.060958 0.750272 0.719364 0.747067 0.114079 0.438920 0.330310 0.089682 0.755225 0.243300 0.837615 0.224299 0.572780
0.396657 0.892968 0.736373 0.153938 0.374308 -0.020739 0.778546 0.681178 0.504974 0.065960 0.467572 0.924840 0.374185 0.920569 0.716990 0.925104 0.563007 0.537279 0.281947 0.052251 0.795141 0.685508 0.789853 0.047005 0.397313 0.267399 -0.008703 0.699337 0.252596 0.788040 0.194873 0.567638
0.399056 0.804507 0.597907 0.128745 0.427263 0.023912 0.707780 0.690597 0.488950 0.010471 0.396175 0.835739 0.411702 0.925916 0.787211 0.905018 0.714192 0.582144 0.294986 0.018552 0.829599 0.685969 0.702752 0.045548 0.323359 0.257433 0.050420 0.767715 0.372542 0.771744 0.235908 0.561545
0.414813 0.889464 0.684106 0.099579 0.359471 -0.015068 0.787611 0.627877 0.466644 -0.066980 0.301867 0.953840 0.421119 0.979513 0.717116 0.898764 0.655117 0.562545 0.224820 0.078368 0.843967 0.709954 0.763126 0.036375 0.424117 0.247055 0.041619 0.746891 0.242175 0.657155 0.279605 0.689230
0.432436 0.877717 0.783244 0.166802 0.430115 0.082878 0.743741 0.628027 0.528281 0.118373 0.433652 0.892576 0.352031 0.992033 0.707859 0.966438 0.694834 0.532824 0.275814 0.168921 0.846160 0.715405 0.788858 0.035539 0.376013 0.421866 -0.025935 0.768553 0.305654 0.724290 0.117915 0.560124
0.367869 0.898846 0.623676 0.199296 0.474779 0.012924 0.746498 0.672758 0.406097 0.048261 0.430907 0.943684 0.337403 0.969953 0.715775 0.898295 0.638276 0.432503 0.293261 0.082526 0.770280 0.753221 0.691740 0.040226 0.440248 0.201631 -0.017049 0.736494 0.226625 0.775159 0.189327 0.639623
0.301875 0.862564 0.590942 0.121235 0.294795 0.073114 0.698622 0.764766 0.436791 -0.008914 0.397179 0.964837 0.351711 0.976072 0.712172 0.985092 0.611325 0.526107 0.177220 0.028848 0.859987 0.650320 0.741400 0.019633 0.413333 0.348653 0.140132 0.765131 0.351679 0.763148 0.301609 0.595080
0.362526 0.865427 0.579833 0.113056 0.485512 0.002343 0.697454 0.705253 0.415520 0.035515 0.431666 0.985506 0.300976 1.009243 0.733322 0.960660 0.660417 0.493516 0.221353 0.046373 0.795410 0.733897 0.767523 -0.036375 0.378994 0.274383 0.030234 0.678716 0.322913 0.683355 0.254141 0.698771
0.356707 0.843126 0.656825 0.153795 0.384895 -0.004007 0.724069 0.736908 0.399473 0.032629 0.366578 0.905068 0.391694 0.896062 0.743168 0.806819 0.712564 0.515423 0.251820 0.060622 0.767591 0.724163 0.736530 -0.016490 0.298489 0.347631 0.052734 0.795589 0.219090 0.788771 0.181388 0.628335
0.343862 0.832025 0.611405 0.099854 0.417512 0.027442 0.759604 0.606807 0.425147 0.049846 0.423001 0.933439 0.370007 1.004726 0.727910 0.912434 0.609174 0.560872 0.362421 0.035424 0.865396 0.810071 0.859392 -0.013521 0.483834 0.320847 0.083278 0.595930 0.331602 0.723172 0.311301 0.726892
0.364378 0.933006 0.582002 0.137328 0.374423 -0.102661 0.830140 0.666134 0.431190 0.015679 0.395879 0.919335 0.376378 1.016971 0.776220 0.880640 0.658008 0.502682 0.261406 0.012889 0.806963 0.828766 0.759684 0.018496 0.411957 0.323598 0.043197 0.732934 0.233472 0.715075 0.274233 0.686394
0.293654 0.861497 0.626814 0.200943 0.428696 0.081200 0.715851 0.675047 0.406166 0.035240 0.384194 0.965700 0.318564 1.005076 0.706518 0.875233 0.651527 0.502540 0.277328 0.168361 0.810969 0.771426 0.774624 0.065564 0.323835 0.289071 0.059588 0.750131 0.261081 0.788742 0.224394 0.623222
0.295068 0.863657 0.627995 0.069066 0.383201 0.071820 0.685532 0.608451 0.523028 -0.065483 0.361660 1.026539 0.477480 0.946846 0.716277 1.006241 0.608856 0.560781 0.243466 0.001286 0.896703 0.803479 0.821475 -0.014715 0.373506 0.387237 -0.038854 0.790532 0.273109 0.792654 0.277032 0.531672
0.369005 0.862929 0.625775 0.163132 0.407271 -0.063892 0.782447 0.690018 0.475788 0.042814 0.359548 0.963242 0.523385 1.030757 0.793221 0.913304 0.798491 0.569522 0.273146 0.037882 0.763110 0.816043 0.594237 -0.009757 0.305102 0.316408 0.031151 0.672876 0.422044 0.759259 0.293321 0.628096
0.319645 0.937176 0.723654 0.038382 0.473183 0.035823 0.744589 0.742573 0.402925 -0.008438 0.442972 1.020634 0.410475 1.035340 0.738342 0.926588 0.658663 0.588642 0.325632 0.012460 0.849061 0.808230 0.755433 0.008780 0.400937 0.298162 0.059914 0.574908 0.307493 0.731678 0.299429 0.652244
0.420018 0.837183 0.669540 0.194999 0.389689 0.075551 0.741973 0.728421 0.481539 0.016598 0.367151 0.888050 0.437704 0.885339 0.764305 1.010040 0.690044 0.460377 0.259894 0.033322 0.838846 0.739549 0.787476 0.030490 0.482086 0.379349 0.023236 0.739400 0.220569 0.670872 0.235758 0.639844
0.413618 0.869635 0.705850 0.173032 0.439584 0.074444 0.745943 0.663552 0.498924 -0.061373 0.431786 0.970242 0.289069 0.972059 0.764553 0.880675 0.616898 0.429962 0.280055 0.040575 0.843764 0.793319 0.741172 -0.022375 0.314685 0.284765 -0.019102 0.770267 0.260483 0.725721 0.285389 0.716580
0.361331 0.890241 0.564532 0.175833 0.330915 0.071037 0.766356 0.649703 0.432617 -0.067870 0.329942 0.907986 0.502824 0.972814 0.619944 0.971173 0.746063 0.485884 0.272618 -0.015115 0.762753 0.684920 0.840773 -0.008595 0.358366 0.302496 0.069048 0.691939 0.346930 0.774339 0.223364 0.745632
0.433593 0.891025 0.538531 0.158916 0.398059 -0.022010 0.676948 0.611212 0.480305 -0.022730 0.432740 0.899017 0.347778 1.045590 0.784357 0.942718 0.568001 0.501894 0.254285 0.012461 0.810156 0.718446 0.786206 -0.002782 0.343316 0.343082 0.104431 0.731483 0.244202 0.781931 0.316859 0.705385
0.402819 0.881229 0.589072 0.115329 0.450801 -0.100235 0.738557 0.682590 0.306349 -0.010387 0.315498 0.981719 0.305515 0.892639 0.749093 0.918900 0.661272 0.485712 0.233214 0.024958 0.885843 0.756295 0.803784 0.000288 0.341305 0.334893 -0.040701 0.677135 0.369136 0.732168 0.111536 0.708870
0.367959 0.858792 0.605878 0.053799 0.295322 0.076045 0.772295 0.749558 0.423617 -0.046027 0.374026 0.996469 0.324251 1.024967 0.701941 0.893539 0.693507 0.630670 0.270017 -0.004231 0.873769 0.710663 0.722263 -0.107135 0.327989 0.350506 0.123324 0.766124 0.313922 0.719853 0.375628 0.678862
0.427683 0.901383 0.621157 0.208365 0.485353 -0.015623 0.810201 0.652408 0.512986 0.043308 0.450641 0.937207 0.534662 0.958557 0.834692 0.880048 0.600013 0.471238 0.242357 0.052596 0.735507 0.682219 0.753989 -0.014907 0.346099 0.380738 0.043333 0.688873 0.263406 0.743216 0.292471 0.634475
0.394355 0.888966 0.596240 0.149192 0.476797 -0.019443 0.745514 0.628013 0.476121 0.084595 0.319776 1.042520 0.391103 0.961697 0.762119 0.896299 0.596518 0.590058 0.256889 0.092841 0.755553 0.689817 0.755995 -0.045002 0.386678 0.244587 0.039609 0.730868 0.280906 0.775133 0.336313 0.506596
0.341258 0.841047 0.686757 0.089444 0.431215 -0.049560 0.718947 0.727542 0.435229 0.023336 0.240038 0.954088 0.385800 1.008961 0.641935 0.992914 0.577819 0.485388 0.238540 -0.020643 0.799107 0.653303 0.822970 -0.059043 0.397584 0.387133 -0.030619 0.649460 0.269467 0.690799 0.162308 0.656634
0.411860 0.788556 0.669561 0.220600 0.472850 0.024460 0.777772 0.719199 0.484736 0.061875 0.433914 0.940706 0.397548 0.941936 0.772546 0.879835 0.691167 0.523396 0.315492 0.088440 0.791216 0.733278 0.822156 0.014082 0.371566 0.412388 0.053750 0.705914 0.252694 0.707195 0.285237 0.618294
0.366555 0.886098 0.770044 0.091373 0.305261 0.043509 0.738967 0.658507 0.451461 -0.001767 0.379904 0.922536 0.322868 0.983100 0.696436 0.971034 0.723491 0.534759 0.269043 0.025629 0.816819 0.686018 0.804316 0.017420 0.269999 0.334854 0.077277 0.710525 0.323924 0.733737 0.271475 0.635167
0.415022 0.828592 0.629508 0.194434 0.418712 0.062228 0.634696 0.708999 0.482054 -0.080890 0.459191 0.946245 0.413744 0.947883 0.727166 0.979010 0.784731 0.550104 0.299239 0.032453 0.897716 0.722375 0.768989 0.001058 0.371151 0.270299 0.115949 0.630328 0.192550 0.820333 0.202781 0.666825
0.325521 0.863410 0.559774 0.160007 0.378705 -0.015376 0.703827 0.736173 0.469122 0.063409 0.342700 1.008189 0.468278 0.985998 0.705668 0.968287 0.668258 0.560281 0.244629 0.002907 0.875238 0.728194 0.916629 0.016684 0.320426 0.340160 0.110116 0.805889 0.243450 0.776751 0.245462 0.659055
0.384606 0.841919 0.570838 0.184328 0.431166 0.036628 0.728252 0.664195 0.424513 0.066455 0.351551 0.930497 0.306922 0.917746 0.739748 0.835670 0.686691 0.510908 0.202520 0.067397 0.768652 0.749102 0.795178 -0.013276 0.282514 0.352764 -0.088976 0.672386 0.308796 0.694850 0.170327 0.642095
0.328954 0.836077 0.607904 0.170311 0.381520 0.097593 0.736063 0.699175 0.543092 -0.032288 0.370447 0.920864 0.368272 1.040965 0.726669 0.958251 0.685459 0.495444 0.288374 -0.020782 0.778471 0.732716 0.764972 0.058167 0.432360 0.293025 0.078562 0.703856 0.320807 0.735890 0.321219 0.584268
0.507358 0.792810 0.764654 0.233006 0.386835 0.044297 0.695803 0.674079 0.497594 0.054123 0.436629 0.925173 0.305516 0.977713 0.745804 0.899956 0.615037 0.472897 0.229503 0.007421 0.735804 0.744283 0.753267 -0.103665 0.383833 0.354348 -0.006591 0.715864 0.339771 0.730117 0.249207 0.620477
0.375973 0.880959 0.621156 0.242878 0.388149 0.085367 0.726843 0.639097 0.424564 0.003358 0.384316 0.982824 0.399472 1.017534 0.742682 0.901898 0.559373 0.597716 0.238683 0.028139 0.874985 0.691348 0.741025 0.044384 0.291960 0.306130 0.074746 0.797608 0.268468 0.754246 0.321479 0.746941
0.415103 0.926262 0.620907 0.151015 0.463734 -0.099411 0.767661 0.729567 0.554033 0.021974 0.442089 0.974058 0.318041 0.916378 0.748875 0.925638 0.580807 0.519012 0.279177 0.090971 0.822310 0.611273 0.750805 0.071895 0.223070 0.228759 0.022753 0.774531 0.230662 0.679324 0.225791 0.639789
0.320959 0.878375 0.682672 0.100007 0.373582 -0.034804 0.762819 0.779099 0.461244 0.042651 0.395426 0.920401 0.425567 0.992596 0.775764 0.959085 0.594374 0.580809 0.242266 0.066978 0.800195 0.802853 0.805727 0.049718 0.356381 0.346183 0.029568 0.755760 0.198845 0.762730 0.169670 0.604861
0.437893 0.883337 0.693779 0.108674 0.445327 0.009004 0.707991 0.719644 0.379533 -0.000048 0.367093 0.989604 0.366004 1.019179 0.718053 0.993308 0.586124 0.680021 0.183109 -0.012425 0.816057 0.712656 0.839896 0.056986 0.361430 0.303689 -0.020319 0.643310 0.291393 0.681697 0.358410 0.633460
0.414696 0.904533 0.726781 0.085489 0.381049 -0.052443 0.723603 0.592383 0.466584 -0.071242 0.349001 0.937656 0.431852 0.997246 0.753621 0.833446 0.721503 0.487767 0.267685 0.114860 0.776331 0.672631 0.721419 0.083741 0.436906 0.274551 0.034529 0.703282 0.280163 0.684460 0.240422 0.672227
0.350077 0.758542 0.672982 0.120182 0.337400 0.012145 0.738665 0.726693 0.397769 0.038183 0.432647 0.957229 0.303953 1.011895 0.758692 0.945319 0.684888 0.481152 0.276154 0.089918 0.814167 0.777035 0.839007 -0.016940 0.328158 0.320066 -0.081600 0.706577 0.298274 0.668247 0.261201 0.704001
0.381885 0.940913 0.637814 0.198610 0.480400 0.024209 0.796112 0.737331 0.451294 -0.048123 0.373032 0.860107 0.419476 0.929056 0.700310 0.978465 0.666874 0.444676 0.278981 0.070666 0.896584 0.788170 0.835580 -0.031954 0.277233 0.380247 0.021613 0.740314 0.287137 0.697509 0.225908 0.610121
0.406153 0.914255 0.598089 0.244422 0.392038 0.016733 0.737824 0.654594 0.415425 0.091755 0.399025 0.963973 0.294678 0.942560 0.906880 0.964497 0.656593 0.586261 0.229484 0.098138 0.811156 0.733575 0.825672 -0.022204 0.398819 0.291973 0.039024 0.675222 0.226017 0.759342 0.269271 0.664254
0.204657 0.852884 0.682733 0.112100 0.447853 0.037073 0.731809 0.664286 0.462459 -0.063654 0.439825 0.833801 0.303802 0.981970 0.762816 0.955936 0.682999 0.502385 0.227364 -0.016846 0.804121 0.764548 0.703029 0.024611 0.429914 0.238351 0.034149 0.749103 0.207487 0.718297 0.198977 0.676418
0.391557 0.893768 0.588585 0.162422 0.377909 -0.092025 0.679034 0.730889 0.399121 0.072877 0.373790 0.954862 0.404494 1.011720 0.827970 0.924828 0.740575 0.546934 0.306419 0.032698 0.757047 0.680476 0.775472 -0.006185 0.257520 0.333065 0.113617 0.766108 0.338769 0.711259 0.225165 0.646833
0.454346 0.802288 0.563994 0.118692 0.421411 0.015713 0.766881 0.721391 0.499948 -0.046127 0.424475 1.038194 0.368682 0.959151 0.722784 0.860011 0.807997 0.543845 0.270670 0.026634 0.771724 0.740578 0.754427 -0.004907 0.330762 0.385609 0.048018 0.747547 0.305755 0.746495 0.213636 0.675503
0.295169 0.874348 0.744112 0.074695 0.411804 0.024887 0.707670 0.692423 0.377116 0.027985 0.342357 0.991880 0.372435 0.976601 0.824286 0.944475 0.589525 0.517061 0.285924 0.093411 0.806482 0.730878 0.714197 -0.006419 0.354721 0.252020 0.071817 0.753434 0.275400 0.690465 0.272630 0.646092
0.445143 0.908835 0.640926 0.150931 0.384283 0.017126 0.793190 0.726926 0.400095 -0.003683 0.383605 0.952828 0.373790 1.035873 0.758865 0.925478 0.686125 0.487747 0.265834 0.013449 0.800394 0.747632 0.730055 0.102579 0.353410 0.348055 0.028419 0.726340 0.316671 0.795646 0.267931 0.693368
0.410651 0.882107 0.633395 0.239331 0.336008 0.041014 0.768177 0.629076 0.437556 -0.065816 0.469103 0.876016 0.394051 0.981617 0.799669 0.969423 0.642139 0.648475 0.287791 0.012159 0.841960 0.758318 0.753835 -0.005041 0.313125 0.318537 0.113374 0.818986 0.310945 0.709629 0.211526 0.758692
0.429714 0.877355 0.630538 0.118478 0.339953 0.123336 0.740523 0.734096 0.443207 -0.046744 0.396687 0.968743 0.376776 1.052661 0.656537 0.928282 0.718281 0.550336 0.282162 0.067620 0.835383 0.766750 0.784499 0.042901 0.309399 0.466651 0.094637 0.696262 0.352375 0.719499 0.269263 0.676464
0.424802 0.871529 0.708368 0.170226 0.451119 0.063904 0.731518 0.722803 0.463489 -0.045450 0.443128 1.003995 0.439969 1.053214 0.790839 0.901859 0.619860 0.503165 0.296211 -0.038104 0.840073 0.765478 0.701381 0.051790 0.417689 0.360731 0.092200 0.673922 0.267956 0.801732 0.255706 0.685086
0.424848 0.879304 0.768985 0.182526 0.513256 0.020148 0.824839 0.618712 0.529458 -0.011700 0.429859 0.986117 0.389410 0.988993 0.665171 0.984579 0.710095 0.446165 0.291719 0.025731 0.796823 0.717979 0.810293 0.088698 0.357294 0.244390 0.059727 0.721543 0.309099 0.736535 0.174399 0.622163
0.461312 0.871015 0.715318 0.140237 0.372718 0.099529 0.736482 0.661922 0.459862 -0.020743 0.399962 0.912264 0.403553 1.048324 0.750747 0.892866 0.635473 0.579881 0.250588 0.110030 0.667257 0.733794 0.837053 -0.045037 0.381226 0.286410 0.064271 0.684295 0.250410 0.718819 0.189822 0.727748
0.406220 0.821353 0.569972 0.145346 0.358484 -0.058717 0.694532 0.763207 0.452419 0.024610 0.302214 1.005798 0.440327 1.016923 0.706432 0.891937 0.671938 0.560326 0.223219 0.063946 0.782183 0.749830 0.820174 -0.007156 0.417116 0.350296 0.028064 0.768900 0.168685 0.712239 0.264989 0.602062
0.382973 0.883296 0.768043 0.139352 0.459082 0.022606 0.685892 0.667451 0.418858 0.045712 0.401181 0.987796 0.349440 1.061612 0.723961 0.918544 0.718652 0.486585 0.201820 0.011655 0.811724 0.703345 0.749327 -0.005347 0.368148 0.366500 0.024085 0.708082 0.224490 0.694143 0.205708 0.637798
0.505642 0.829085 0.641605 0.205177 0.344165 -0.047453 0.724636 0.704445 0.532288 -0.030078 0.345310 0.921693 0.273779 0.929603 0.631113 0.896815 0.682720 0.587310 0.291325 0.081090 0.813934 0.802282 0.723045 -0.048593 0.474729 0.269966 0.152899 0.751009 0.263904 0.705058 0.311768 0.749014
0.395798 0.852933 0.591275 0.207345 0.436921 -0.086299 0.650775 0.706671 0.437786 -0.076645 0.421347 0.995841 0.496689 0.945049 0.727711 0.959736 0.679954 0.486133 0.197889 0.045852 0.925448 0.750105 0.773223 0.044823 0.314360 0.258662 0.080496 0.654676 0.263332 0.789597 0.373399 0.699176
0.379346 0.921111 0.687893 0.139030 0.468154 -0.000333 0.687640 0.684871 0.405438 -0.056793 0.424255 0.987224 0.416037 0.931421 0.726438 0.945323 0.632913 0.501583 0.222177 -0.043833 0.848001 0.766932 0.765495 0.068298 0.345953 0.349574 0.050173 0.662762 0.291379 0.745067 0.157810 0.698332
0.310577 0.893817 0.626506 0.084596 0.487104 0.023312 0.762323 0.705691 0.484167 -0.043351 0.367133 0.958053 0.355725 0.942288 0.714837 0.909407 0.727700 0.577704 0.337282 0.061605 0.836784 0.773099 0.782633 -0.010652 0.368434 0.338883 -0.053503 0.767675 0.297394 0.699045 0.203456 0.588775
0.373479 0.963449 0.645556 0.157668 0.404858 0.032835 0.789739 0.793580 0.464676 0.034375 0.383965 0.957099 0.369144 0.924872 0.772446 0.874098 0.793844 0.557442 0.284956 0.048592 0.837417 0.783436 0.802529 -0.012901 0.301268 0.304617 -0.015747 0.755148 0.198966 0.763230 0.200438 0.677617
0.407719 0.888734 0.604829 0.270000 0.431565 0.004454 0.609416 0.759332 0.408829 0.008333 0.339179 1.015176 0.374984 0.975548 0.687353 0.978856 0.773802 0.619638 0.235507 0.012682 0.811755 0.744778 0.636383 -0.058476 0.444703 0.336231 0.099324 0.784450 0.300071 0.746265 0.185173 0.601307
0.404447 0.876530 0.664092 0.158453 0.411042 -0.003857 0.667944 0.668063 0.555002 -0.050386 0.411045 0.998434 0.414279 1.044815 0.756949 0.928405 0.617606 0.536084 0.344988 0.007021 0.789451 0.858212 0.786077 0.065850 0.413738 0.338409 0.019926 0.688240 0.309243 0.747214 0.159948 0.591974
0.331175 0.908150 0.608082 0.150503 0.434591 -0.102698 0.787747 0.733227 0.465543 -0.006984 0.432514 1.019540 0.481057 0.910012 0.697735 0.944155 0.606841 0.486605 0.383825 0.159552 0.797174 0.819301 0.639483 0.051418 0.364632 0.350307 0.176824 0.766154 0.359474 0.775939 0.249243 0.586367
0.387089 0.833557 0.760219 0.148672 0.400722 -0.016895 0.769912 0.611706 0.518934 -0.022279 0.443506 0.898873 0.282913 0.918313 0.716863 0.981222 0.674354 0.473241 0.300741 -0.055724 0.853438 0.720861 0.755840 -0.062221 0.340987 0.366197 -0.000113 0.708452 0.272229 0.664401 0.309596 0.671394
0.357055 0.762899 0.606651 0.146355 0.391773 0.053969 0.550585 0.675669 0.519956 -0.021101 0.313061 1.021430 0.416250 0.938650 0.653776 0.915942 0.649716 0.471573 0.213074 -0.010213 0.867592 0.664348 0.754420 -0.030179 0.437432 0.358052 -0.013831 0.755041 0.333834 0.737494 0.243167 0.637997
0.335446 0.876794 0.703218 0.145003 0.377303 0.031480 0.760203 0.770643 0.479307 -0.014994 0.327004 1.007190 0.339169 1.033944 0.623657 0.944828 0.624881 0.479742 0.227603 0.002237 0.842160 0.695416 0.866689 -0.002358 0.302500 0.308674 0.047003 0.699084 0.249405 0.720974 0.211509 0.669615
0.454086 0.875567 0.685340 0.097156 0.438153 0.015431 0.727000 0.745685 0.442122 0.099119 0.398384 0.917627 0.462637 0.953505 0.732664 0.956321 0.592213 0.606648 0.185126 0.050967 0.799113 0.754531 0.674427 0.057911 0.314409 0.339248 0.069975 0.744528 0.254128 0.745028 0.249761 0.644774
0.411731 0.842295 0.667544 0.181836 0.348536 0.012483 0.754337 0.636699 0.363149 0.087719 0.406661 0.979087 0.385961 0.999287 0.762889 0.919323 0.711651 0.600122 0.260794 0.035288 0.865137 0.819342 0.794627 -0.040800 0.338411 0.342032 0.007061 0.802966 0.240395 0.815916 0.171946 0.605643
0.370124 0.802146 0.597871 0.291016 0.441975 -0.036464 0.685586 0.699341 0.443747 0.030251 0.408139 0.857995 0.383662 0.932577 0.725503 0.986658 0.744130 0.505810 0.273418 0.014863 0.898860 0.680733 0.715075 0.045259 0.363666 0.335724 0.023498 0.772587 0.326788 0.737372 0.274251 0.682674
0.435753 0.847208 0.677880 0.129612 0.442134 0.041335 0.741720 0.691324 0.461857 -0.064011 0.377571 1.036223 0.524349 0.891954 0.719221 0.870516 0.634854 0.507220 0.272983 0.149320 0.861112 0.708551 0.780084 0.007778 0.411189 0.325409 0.108163 0.815962 0.313886 0.714448 0.249606 0.603837
0.405471 0.923985 0.634930 0.123206 0.465699 -0.016329 0.652479 0.588919 0.440849 -0.011857 0.390285 0.946885 0.374034 0.958939 0.758991 0.931152 0.649919 0.545251 0.287278 0.079551 0.843583 0.640328 0.747982 0.116321 0.316207 0.415651 0.077045 0.682542 0.239577 0.726477 0.219497 0.546136
0.377003 0.795981 0.679476 0.119980 0.414690 -0.013001 0.681982 0.711300 0.544372 -0.012976 0.442647 1.015208 0.349706 0.947780 0.766288 0.928150 0.700419 0.533509 0.341032 -0.062851 0.784169 0.717617 0.748716 0.047935 0.292825 0.303355 0.071260 0.718904 0.274066 0.754980 0.210575 0.661495
0.354916 0.871547 0.662262 0.165963 0.418516 0.042228 0.612865 0.763375 0.418316 0.002762 0.390639 0.913529 0.353109 0.998616 0.735396 0.975393 0.664938 0.531167 0.204683 -0.028548 0.849784 0.693007 0.733744 0.101677 0.387975 0.339892 0.135674 0.668861 0.303873 0.698944 0.230432 0.519242
0.344112 0.944327 0.597001 0.083198 0.427439 0.046956 0.753496 0.720149 0.545348 0.084036 0.319055 1.009241 0.390515 0.979158 0.727623 0.942182 0.775128 0.534178 0.205630 0.022475 0.714953 0.707687 0.747134 -0.106509 0.342257 0.321232 0.062149 0.636424 0.255537 0.851150 0.209654 0.637434
0.409011 0.797248 0.743665 0.216614 0.382076 -0.018592 0.717327 0.666639 0.443303 0.037024 0.410482 0.944588 0.375514 0.933111 0.728127 0.925985 0.781964 0.483826 0.263194 0.071569 0.733010 0.732943 0.835025 0.086425 0.398823 0.365234 0.105207 0.700162 0.325848 0.760503 0.216389 0.646481
0.385171 0.871138 0.599254 0.077777 0.475261 -0.003803 0.729139 0.726329 0.500783 -0.080020 0.386055 0.874659 0.409616 1.039918 0.656704 0.939095 0.678639 0.510203 0.283167 -0.022638 0.805638 0.754927 0.810688 0.020938 0.367676 0.399462 0.042481 0.778168 0.258962 0.768235 0.253040 0.653764
0.241833 0.869785 0.531956 0.085457 0.427135 0.012209 0.665254 0.722531 0.501910 -0.008907 0.317631 0.930419 0.336053 1.042168 0.751548 0.952726 0.755654 0.581743 0.264504 0.075751 0.794042 0.726505 0.680180 0.059823 0.395365 0.341150 0.039313 0.687796 0.265896 0.725912 0.227850 0.622906
0.333301 0.856510 0.630097 0.280813 0.370610 -0.092428 0.615468 0.639991 0.482136 -0.005392 0.416715 1.040812 0.460667 0.986784 0.755305 0.950351 0.628036 0.575017 0.283368 -0.041495 0.774732 0.697304 0.719059 0.039957 0.383309 0.363588 -0.005701 0.778417 0.331206 0.744302 0.280336 0.590562
0.396406 0.765075 0.644378 0.176683 0.387697 -0.011132 0.599042 0.602870 0.487029 0.033125 0.396755 0.989649 0.329534 0.912577 0.781446 0.921381 0.657943 0.543318 0.173526 -0.057734 0.772671 0.697552 0.810214 -0.006893 0.345481 0.250301 0.003722 0.789734 0.238795 0.761144 0.194212 0.641274
0.261357 0.889019 0.676045 0.056384 0.389337 -0.033782 0.704792 0.743115 0.501498 0.045721 0.516156 0.978107 0.362769 0.922006 0.760120 0.982419 0.672782 0.577769 0.264514 0.028883 0.800093 0.826200 0.737491 0.102710 0.304558 0.315826 0.178683 0.748360 0.292515 0.790038 0.210299 0.628280
0.442217 0.821351 0.743706 0.185554 0.397996 -0.008403 0.726881 0.720572 0.475907 -0.003285 0.409984 0.973631 0.302217 0.906503 0.683159 0.856408 0.626375 0.509592 0.229247 0.015732 0.820174 0.771731 0.866296 -0.069796 0.410353 0.408051 -0.011327 0.764600 0.264618 0.753542 0.183767 0.632909
0.380698 0.826393 0.579310 0.144856 0.424686 0.021187 0.745294 0.778518 0.438202 -0.050492 0.333054 0.908287 0.305580 0.967785 0.727426 0.921528 0.720555 0.532622 0.194981 0.099340 0.817200 0.730937 0.712703 0.073104 0.341995 0.282857 0.139637 0.737345 0.254870 0.749597 0.236760 0.659269
0.447565 0.918355 0.565389 0.127908 0.382740 0.013302 0.778611 0.659227 0.450580 -0.067659 0.342826 0.968428 0.391190 1.013235 0.721189 0.844451 0.671167 0.487095 0.228553 0.043214 0.810113 0.772025 0.773395 -0.072826 0.373925 0.404760 0.088132 0.754260 0.191184 0.722338 0.294254 0.691105
0.381564 0.798054 0.510948 0.259990 0.398835 -0.015397 0.788637 0.658586 0.482007 -0.026094 0.410975 0.982843 0.274672 0.947879 0.722618 0.813756 0.662200 0.515362 0.278363 0.014009 0.724462 0.686238 0.722464 0.021236 0.347230 0.232922 0.086523 0.695342 0.267325 0.712121 0.234589 0.660001
0.371162 0.830003 0.580170 0.175303 0.417201 0.092434 0.714000 0.724041 0.461241 -0.079055 0.356089 0.962268 0.384431 1.095793 0.642514 0.880811 0.695084 0.544400 0.245741 -0.079698 0.907186 0.765344 0.814417 -0.029802 0.417006 0.416359 0.084389 0.773245 0.274591 0.840974 0.280732 0.640259
0.395410 0.862236 0.560023 0.220925 0.462497 0.013677 0.758458 0.631553 0.478010 -0.039564 0.348700 0.884450 0.348487 0.952334 0.709530 0.881466 0.776120 0.581169 0.256285 0.096868 0.794798 0.680268 0.801561 0.084050 0.359131 0.298260 0.011956 0.718390 0.237914 0.711544 0.327613 0.554850
0.340332 0.834575 0.714382 0.133824 0.448356 0.060808 0.710705 0.696009 0.488669 -0.058737 0.367958 0.990105 0.318758 1.009215 0.695228 0.944761 0.588256 0.529212 0.243668 0.060167 0.847080 0.780827 0.820549 0.025313 0.398131 0.312063 0.023161 0.792237 0.319210 0.751724 0.126490 0.675645
0.427019 0.865670 0.657858 0.142377 0.464492 0.041952 0.770366 0.684862 0.443501 -0.015708 0.369608 0.971188 0.330270 0.895010 0.655184 0.887527 0.717415 0.502096 0.285536 -0.043285 0.900489 0.717726 0.759292 -0.114978 0.400592 0.308465 0.018217 0.792712 0.259248 0.758435 0.272083 0.564963
0.306024 0.879776 0.635822 0.117369 0.441270 0.024965 0.710919 0.640627 0.458623 -0.016692 0.327068 0.997201 0.389159 0.920262 0.725742 0.996711 0.605648 0.532873 0.184372 0.044199 0.853554 0.739156 0.733375 0.038319 0.354154 0.303167 0.062320 0.608039 0.366783 0.810356 0.212967 0.654232
0.344891 0.837144 0.654616 0.191225 0.379937 0.061116 0.640480 0.671849 0.449391 0.020385 0.364988 0.975492 0.353385 0.959016 0.755697 0.902410 0.715664 0.483451 0.261995 0.104077 0.833345 0.860413 0.800687 0.061694 0.342336 0.294497 0.067250 0.816078 0.245154 0.761922 0.205664 0.687609
0.426568 0.833704 0.693808 0.165039 0.404725 -0.001080 0.782509 0.704293 0.488052 0.085457 0.362533 0.979853 0.334351 0.914966 0.740184 0.946467 0.687475 0.557533 0.332899 0.047290 0.806047 0.711064 0.751106 0.036492 0.340516 0.269714 0.130452 0.644947 0.260228 0.774352 0.170064 0.692079
0.430514 0.819352 0.716394 0.162595 0.442522 -0.022087 0.781954 0.754526 0.503021 -0.036163 0.401177 1.031462 0.340291 0.974244 0.703796 0.844917 0.633757 0.607075 0.282699 0.071107 0.887528 0.766416 0.776762 0.058794 0.352178 0.333161 0.097296 0.726765 0.301593 0.722793 0.157055 0.670482
0.362222 0.918067 0.699018 0.093412 0.383644 -0.043473 0.685356 0.732077 0.411054 0.069848 0.303101 0.915681 0.364099 0.974951 0.765527 0.946971 0.585451 0.526040 0.273268 0.103870 0.814050 0.681695 0.799075 -0.021625 0.296165 0.408265 0.130951 0.793479 0.261335 0.811082 0.283725 0.482727
0.416641 0.924184 0.627939 0.192885 0.423260 0.047378 0.851716 0.728095 0.424250 0.052976 0.387289 1.038734 0.340636 0.934962 0.665408 0.887585 0.577065 0.521608 0.290784 0.125792 0.813879 0.758348 0.762028 0.075202 0.380739 0.326983 0.033396 0.684219 0.370269 0.757412 0.338060 0.600946
0.440964 0.956731 0.653419 0.103777 0.435756 0.096678 0.739628 0.741776 0.475318 -0.029505 0.403690 0.953279 0.438738 1.031562 0.626685 0.909090 0.670085 0.488123 0.278444 0.097719 0.783360 0.739554 0.740891 0.113876 0.368043 0.266010 0.047277 0.742447 0.187158 0.729496 0.296037 0.556558
0.315838 0.896164 0.725498 0.181564 0.370053 -0.031904 0.750313 0.739546 0.506652 0.092003 0.398572 0.990405 0.405102 1.069160 0.639997 0.903163 0.536652 0.481631 0.219813 0.063072 0.794906 0.731605 0.714518 0.022118 0.443112 0.269861 -0.002188 0.720656 0.277126 0.737355 0.238946 0.698999
0.373839 0.785749 0.633409 0.177175 0.410087 0.041075 0.810283 0.749581 0.400640 -0.006980 0.427428 0.963000 0.400742 0.979686 0.792703 0.942016 0.562347 0.590505 0.309553 0.005934 0.858912 0.710712 0.727237 -0.016636 0.415199 0.284101 0.022448 0.757751 0.229167 0.737988 0.205766 0.586070
0.358979 0.889959 0.657765 0.224016 0.368391 0.110673 0.726649 0.644055 0.355452 -0.043704 0.506603 0.988853 0.364861 0.914143 0.682149 0.867224 0.725113 0.506809 0.219639 0.044166 0.853772 0.678528 0.759313 0.013433 0.416503 0.348681 0.095559 0.733336 0.190691 0.741707 0.250913 0.658835
0.347694 0.760854 0.697120 0.130235 0.449550 0.020478 0.730963 0.671984 0.341764 0.072589 0.447217 1.021721 0.303383 0.975077 0.685355 0.989210 0.665919 0.468202 0.256078 0.063256 0.997515 0.756356 0.817863 0.085953 0.371058 0.314333 0.138821 0.822218 0.217700 0.730752 0.296324 0.657322
0.397600 0.805611 0.626581 0.173961 0.465895 0.072747 0.679573 0.642883 0.446653 -0.020017 0.351508 0.843578 0.375858 0.942018 0.691101 0.983000 0.689253 0.558779 0.269611 -0.030451 0.883765 0.739989 0.839712 0.006650 0.319934 0.350779 0.001430 0.737817 0.266256 0.755712 0.183296 0.619944
0.414819 0.912756 0.672135 0.199668 0.377410 0.087554 0.739348 0.618738 0.390015 -0.030561 0.367372 0.860419 0.366224 1.014924 0.758908 0.831746 0.678402 0.511402 0.277276 -0.019244 0.784856 0.770506 0.735776 0.077264 0.316697 0.403560 0.127993 0.753843 0.217171 0.714583 0.301558 0.650252
0.417116 0.831598 0.733236 0.104255 0.341580 0.060946 0.776014 0.705195 0.410112 0.030660 0.374452 0.969077 0.476501 0.996886 0.687255 1.009481 0.645722 0.608590 0.290068 0.000011 0.820878 0.729815 0.718175 0.014435 0.280876 0.357701 0.099883 0.634681 0.344459 0.761990 0.226547 0.656053
0.291781 0.942950 0.755102 0.164775 0.419192 -0.005473 0.687637 0.705210 0.396309 0.049414 0.389123 0.992148 0.345990 0.957746 0.718024 0.926099 0.607203 0.479680 0.322982 0.167289 0.791457 0.761349 0.796720 0.020976 0.296577 0.261905 0.095928 0.806983 0.220834 0.724452 0.299615 0.704533
0.326337 0.898822 0.698792 0.185880 0.401661 -0.029592 0.662826 0.700429 0.433162 -0.017976 0.374046 0.952616 0.349336 0.956291 0.735465 0.950951 0.610038 0.460424 0.175273 0.020831 0.787909 0.758067 0.731401 0.002283 0.375261 0.300793 0.053050 0.648832 0.304108 0.670917 0.238527 0.661547
0.449972 0.815289 0.675035 0.099043 0.438450 -0.060185 0.732384 0.714227 0.477172 0.029203 0.420966 0.942693 0.416888 0.942616 0.704615 0.978012 0.631775 0.530864 0.296774 -0.003229 0.792773 0.727124 0.724717 -0.022758 0.340245 0.295424 0.066950 0.631623 0.268069 0.667478 0.175854 0.636780
0.389548 0.846304 0.634142 0.187242 0.403688 0.033588 0.751639 0.656593 0.452896 -0.001824 0.381621 0.958432 0.289516 1.101859 0.730111 0.939287 0.704000 0.618873 0.347800 0.082036 0.898652 0.759484 0.708193 0.013728 0.385645 0.292394 0.000840 0.734488 0.274204 0.735068 0.259373 0.688455
0.422101 0.885495 0.537015 0.250140 0.387823 0.059309 0.725104 0.625975 0.398413 0.060301 0.378672 0.934638 0.392675 0.992218 0.763414 0.811400 0.717513 0.542369 0.275072 0.022465 0.789087 0.701893 0.751380 0.061191 0.373240 0.339394 0.028347 0.632255 0.277359 0.696905 0.162614 0.629346
0.448689 0.871953 0.551726 0.103745 0.433836 -0.013487 0.717166 0.659136 0.372664 0.059592 0.381355 0.958152 0.230281 0.949496 0.702529 0.970670 0.678759 0.560574 0.338210 0.056969 0.806777 0.807185 0.737442 -0.022031 0.364714 0.233019 0.076383 0.709732 0.221133 0.706005 0.150953 0.721457
0.450237 0.901523 0.606189 0.058772 0.416138 0.019919 0.646763 0.636057 0.428583 0.073412 0.384028 1.012476 0.358156 1.010263 0.750018 0.963858 0.593943 0.523475 0.284421 0.059482 0.852863 0.712264 0.800945 -0.015179 0.373109 0.297776 0.090612 0.751935 0.222852 0.730258 0.237775 0.544727
0.369443 0.888425 0.631740 0.165893 0.463682 0.047929 0.728794 0.672621 0.542471 0.018856 0.376408 0.830061 0.388974 0.941149 0.826587 0.899286 0.635035 0.570494 0.363308 0.001408 0.837623 0.673163 0.762998 0.058903 0.470220 0.282624 0.105950 0.774432 0.286629 0.728969 0.229212 0.643424
0.342493 0.906036 0.666814 0.035613 0.488113 0.003288 0.713559 0.719679 0.471645 -0.030528 0.279814 0.928569 0.367757 1.008651 0.676104 0.931764 0.664796 0.464615 0.166213 -0.053847 0.820030 0.780153 0.708522 0.044325 0.316899 0.277251 0.024470 0.632836 0.290164 0.762034 0.305639 0.605630
0.305802 0.889038 0.674936 0.159654 0.421623 0.029269 0.784934 0.634141 0.477606 -0.036723 0.384100 0.941525 0.353006 0.973439 0.736903 0.948509 0.659335 0.540368 0.320583 -0.014156 0.828466 0.656096 0.700383 -0.000150 0.383925 0.338719 -0.036427 0.800793 0.273216 0.727200 0.141270 0.640372
0.349516 0.898270 0.666951 0.093227 0.317889 0.000624 0.755651 0.675456 0.505640 0.010557 0.482615 0.977480 0.330634 0.944563 0.721758 0.881077 0.787392 0.535123 0.273451 0.010746 0.798547 0.794731 0.714075 -0.022719 0.370770 0.221671 0.028984 0.674593 0.251671 0.708206 0.262412 0.686017
0.385606 0.911403 0.653370 -0.032757 0.453518 0.078281 0.668266 0.663884 0.457451 0.043923 0.435603 0.922645 0.316026 0.924394 0.712758 0.924536 0.720948 0.529406 0.270468 0.114511 0.863434 0.775247 0.819085 0.010064 0.442020 0.384590 0.036516 0.794696 0.364839 0.687824 0.191274 0.674253
0.314457 0.921864 0.668020 0.183614 0.429296 0.021283 0.790894 0.527028 0.504315 0.002240 0.382301 0.997613 0.427582 0.980866 0.728971 0.909451 0.667636 0.569937 0.231693 -0.009370 0.866877 0.739149 0.718943 0.014798 0.344825 0.320348 -0.007208 0.701259 0.245892 0.722357 0.267200 0.645362
0.346974 0.808367 0.667839 0.117989 0.330393 0.026241 0.709812 0.566510 0.393766 -0.089174 0.415819 0.905427 0.407979 0.893309 0.804238 0.897752 0.668417 0.559378 0.270370 0.014603 0.885386 0.720235 0.864344 0.060578 0.282467 0.328949 0.004091 0.826907 0.310744 0.767961 0.318688 0.694894
0.391242 0.772886 0.610808 0.159516 0.472563 -0.042524 0.664079 0.688414 0.471829 -0.025252 0.351713 1.015441 0.407271 0.905850 0.706423 0.907227 0.635597 0.546779 0.274357 0.117819 0.819218 0.688008 0.795031 -0.055106 0.398707 0.352957 0.086868 0.709333 0.276300 0.712350 0.311096 0.654331
0.395236 0.828769 0.778770 0.123812 0.418119 0.042273 0.738880 0.722931 0.387189 0.051117 0.329709 0.870396 0.350429 1.050326 0.756392 0.934890 0.720272 0.443801 0.270415 0.024942 0.858186 0.741931 0.644265 -0.042994 0.358224 0.435153 0.056258 0.777792 0.328953 0.744778 0.283529 0.687104
0.338266 0.835330 0.593416 0.159459 0.414704 0.080116 0.736502 0.711588 0.546287 -0.004657 0.477904 0.969412 0.323418 0.932790 0.771278 0.980233 0.681837 0.586739 0.202897 0.003174 0.799746 0.706638 0.731236 -0.019504 0.489473 0.380874 0.095085 0.670531 0.273918 0.695829 0.233217 0.630709
0.421402 0.848519 0.600081 0.210617 0.400167 0.039598 0.770301 0.672746 0.500310 0.016610 0.368400 0.964368 0.386330 1.010716 0.738451 1.047355 0.720347 0.547954 0.286187 0.051664 0.844737 0.742087 0.725375 0.008117 0.357474 0.278695 0.112199 0.655220 0.362008 0.854901 0.277803 0.604998
0.423435 0.774066 0.695875 0.114509 0.391635 -0.028611 0.715477 0.753475 0.515311 0.081499 0.388718 0.993288 0.280243 0.925626 0.687119 1.021048 0.626859 0.460062 0.387085 0.050035 0.861896 0.699469 0.738134 -0.005247 0.383856 0.314476 0.036678 0.761678 0.283218 0.725900 0.257127 0.694038
0.358670 0.941963 0.659560 0.169508 0.339148 0.015685 0.700254 0.721274 0.405024 0.081105 0.347902 0.980873 0.389438 1.046624 0.720462 0.934589 0.655100 0.521810 0.243986 0.077094 0.812295 0.781964 0.720862 0.048021 0.367899 0.378330 0.054584 0.653028 0.265456 0.674041 0.266208 0.681396
0.376073 0.929538 0.638294 0.160806 0.387181 0.127342 0.672266 0.647492 0.477623 0.067593 0.365128 0.873581 0.319165 0.962851 0.655648 0.879665 0.628641 0.451312 0.277119 0.008189 0.861954 0.641347 0.793195 -0.005025 0.272431 0.377414 0.088316 0.750462 0.298127 0.730663 0.206181 0.561220
0.374258 0.789170 0.562989 0.156019 0.404417 0.007735 0.739308 0.741502 0.420494 0.056210 0.347995 0.937913 0.456427 0.985205 0.665136 1.010141 0.643180 0.568490 0.290757 0.033213 0.782098 0.800681 0.755302 -0.051536 0.361866 0.318433 0.039305 0.797670 0.353684 0.691656 0.228312 0.561258
0.437737 0.804654 0.618772 0.190022 0.371841 -0.058820 0.793252 0.756299 0.447966 -0.024594 0.442603 0.952759 0.316295 1.002300 0.742659 0.961905 0.688950 0.562231 0.181858 0.030906 0.847752 0.712555 0.702941 0.141590 0.359905 0.294706 0.066660 0.757571 0.257432 0.820411 0.225409 0.657882
0.424551 0.891264 0.644945 0.176753 0.347466 0.100461 0.730370 0.624286 0.502472 -0.000856 0.407931 0.927576 0.331286 1.107860 0.704136 0.947701 0.636268 0.586958 0.296788 0.041406 0.895982 0.767702 0.644392 -0.045808 0.274300 0.218837 0.127752 0.718213 0.243480 0.768876 0.285628 0.702233
0.345704 0.829846 0.631951 0.133223 0.431885 -0.039464 0.711634 0.634204 0.519779 -0.016996 0.481491 0.981461 0.283842 0.974471 0.747737 0.954454 0.624063 0.533051 0.276168 -0.016768 0.826061 0.797620 0.779830 -0.096197 0.401624 0.318121 0.040587 0.664059 0.305238 0.662858 0.200332 0.761799
0.359646 0.843612 0.634153 0.211086 0.468166 0.086937 0.649153 0.683272 0.470067 -0.059613 0.340811 0.943070 0.350960 1.047180 0.767378 0.863155 0.670436 0.501912 0.288202 0.014914 0.826956 0.730985 0.777552 0.024072 0.417855 0.366627 0.028414 0.781131 0.160958 0.743635 0.136008 0.683321
0.489316 0.827041 0.596254 0.141025 0.471858 0.114731 0.735151 0.699939 0.552369 0.086748 0.434830 0.952090 0.331968 1.074714 0.708889 0.987376 0.643057 0.623721 0.281389 0.075256 0.858128 0.726724 0.806920 -0.042721 0.308948 0.351437 0.038500 0.747470 0.255780 0.768432 0.190379 0.597627
0.457251 0.734605 0.657410 0.159363 0.401635 0.075137 0.654100 0.663308 0.464769 0.058187 0.467826 0.976710 0.332201 0.931594 0.723126 0.958212 0.661870 0.557251 0.251417 0.046689 0.724319 0.732562 0.719959 0.107505 0.343602 0.407226 0.080434 0.896809 0.269116 0.662952 0.314896 0.593317
0.328366 0.793243 0.623733 0.048335 0.342208 0.081897 0.767294 0.687132 0.404144 0.003817 0.391687 0.953488 0.420603 1.011534 0.775024 0.884029 0.626384 0.491104 0.197322 0.023395 0.803307 0.787323 0.758844 0.004203 0.306304 0.277338 0.091952 0.812669 0.296586 0.767234 0.233144 0.682878
0.320631 0.826513 0.733588 0.090097 0.352742 -0.011798 0.710989 0.685519 0.438241 -0.016663 0.401755 0.921380 0.365163 1.060148 0.705163 0.880878 0.664976 0.557511 0.299347 -0.046521 0.830513 0.699600 0.760577 0.030035 0.379645 0.387619 0.113949 0.761013 0.257006 0.694958 0.184059 0.669765
0.420667 0.793096 0.603518 0.134937 0.464469 0.006626 0.654804 0.700610 0.350799 0.036876 0.397934 0.864171 0.275106 0.958496 0.653701 0.906165 0.709778 0.568462 0.283748 -0.025533 0.854667 0.707047 0.779416 -0.064152 0.415977 0.356994 0.032530 0.791158 0.340576 0.753649 0.299455 0.681731
0.336777 0.872417 0.670709 0.217822 0.308971 0.105006 0.738998 0.749856 0.372458 -0.024940 0.483984 0.909555 0.299921 1.039301 0.737446 0.882394 0.664480 0.556811 0.262734 0.037512 0.829386 0.737594 0.728946 0.005853 0.410323 0.283613 0.086574 0.807775 0.220265 0.754744 0.163845 0.612768
0.461173 0.970653 0.596576 0.100540 0.435278 -0.019228 0.743297 0.687476 0.391284 -0.021712 0.413265 0.984417 0.414062 0.992031 0.778140 0.890678 0.631961 0.517564 0.307248 0.040937 0.776819 0.774674 0.767448 -0.020998 0.310714 0.391744 0.078830 0.778194 0.325999 0.675812 0.267233 0.653225
0.332585 0.956206 0.684166 0.131625 0.397162 0.009249 0.698748 0.742576 0.496848 -0.028857 0.365439 0.925546 0.420373 0.975855 0.745563 1.068487 0.644877 0.593154 0.214544 -0.062379 0.776424 0.785480 0.849910 -0.063499 0.321388 0.428290 0.131132 0.722466 0.261193 0.739330 0.243560 0.578663
0.377618 0.882834 0.628843 0.147987 0.566272 0.052142 0.785430 0.673892 0.500111 0.030165 0.439424 1.026309 0.367446 0.978797 0.769686 0.887181 0.681938 0.536249 0.165050 0.084320 0.760194 0.812654 0.752085 -0.026404 0.300898 0.342198 0.116560 0.704133 0.304524 0.766672 0.252827 0.710255
0.464128 0.865396 0.673312 0.107121 0.382239 0.075289 0.747964 0.803258 0.500405 0.061709 0.372662 0.930632 0.366265 0.987357 0.796504 0.875228 0.626475 0.531655 0.198843 0.033613 0.848953 0.682762 0.835989 0.067522 0.248000 0.380545 0.075190 0.675067 0.287240 0.702290 0.234283 0.641322
0.414803 0.753795 0.598674 0.055477 0.418056 0.064211 0.757034 0.722483 0.448581 0.063493 0.456414 0.920050 0.346590 1.049652 0.790577 0.956451 0.603601 0.516593 0.214974 -0.077090 0.893247 0.710903 0.826410 0.085625 0.308291 0.336909 0.068148 0.792487 0.224757 0.854981 0.190488 0.656233
0.409829 0.800409 0.632988 0.145624 0.421486 -0.026165 0.742766 0.806552 0.464510 -0.092277 0.497067 0.939067 0.329345 0.985861 0.684894 0.914941 0.722668 0.461091 0.259250 0.014666 0.847708 0.760668 0.710511 0.011644 0.303391 0.399711 0.036706 0.732666 0.320535 0.683743 0.179950 0.559429
0.423941 0.880928 0.638644 0.255730 0.489689 -0.022431 0.810745 0.697684 0.469461 -0.034196 0.416747 0.939234 0.327518 1.038998 0.790493 0.867908 0.575943 0.437679 0.288079 0.040364 0.735014 0.660718 0.687063 -0.023040 0.346228 0.352554 0.070287 0.822447 0.259316 0.654202 0.228614 0.651540
0.355096 0.786735 0.650043 0.197595 0.375451 -0.004324 0.778019 0.681955 0.447094 0.010355 0.359351 0.981471 0.484712 1.118273 0.672779 0.844640 0.652433 0.513139 0.332761 0.031052 0.840611 0.815760 0.719833 0.011501 0.337610 0.397617 0.088762 0.692784 0.354460 0.746081 0.210376 0.598531
0.465225 0.853917 0.634058 0.135327 0.491258 0.068076 0.758095 0.713370 0.451729 -0.016889 0.364858 1.029674 0.375233 1.033186 0.808658 0.970824 0.703453 0.454489 0.265228 -0.009102 0.815801 0.708684 0.819231 0.026865 0.461089 0.296423 0.143470 0.764533 0.252137 0.731865 0.245700 0.591855
0.411662 0.836225 0.613211 0.156354 0.394457 -0.042235 0.722728 0.637885 0.485513 -0.010302 0.461050 0.914192 0.385240 1.024067 0.772949 0.940252 0.657297 0.511187 0.287573 0.084376 0.763617 0.737278 0.798882 0.041126 0.280583 0.280712 0.028014 0.683992 0.275886 0.687645 0.309708 0.678344
0.315378 0.869276 0.633388 0.089721 0.347174 0.036566 0.736557 0.666235 0.458681 0.108393 0.400255 0.999713 0.330813 0.952456 0.719782 0.898626 0.698090 0.539130 0.304446 0.029350 0.811081 0.711718 0.707084 0.008764 0.361706 0.289426 0.046807 0.706341 0.238729 0.749329 0.262642 0.611709
0.342094 0.853093 0.573671 0.150812 0.396816 -0.045769 0.771290 0.783398 0.551879 -0.032103 0.474514 0.944494 0.394235 1.056433 0.699548 0.830198 0.675487 0.508998 0.219402 0.062037 0.728338 0.745212 0.734059 0.047001 0.375928 0.298286 0.139863 0.778710 0.260370 0.707991 0.176562 0.618319
0.411415 0.863065 0.561791 0.211808 0.371560 -0.105280 0.752919 0.788115 0.424438 -0.102165 0.403349 0.978989 0.305955 0.973708 0.693750 0.922913 0.658126 0.527862 0.233714 0.012636 0.795060 0.660694 0.745249 -0.044971 0.364301 0.302252 0.128684 0.708362 0.287397 0.833648 0.240100 0.600923
0.376061 0.842367 0.656885 0.158484 0.431498 0.037900 0.721884 0.709330 0.359717 0.045757 0.437175 1.000045 0.370055 1.006426 0.809161 0.900307 0.673543 0.522771 0.131016 -0.005080 0.810528 0.779320 0.823400 0.083494 0.407010 0.288645 0.074657 0.673705 0.207389 0.700419 0.255207 0.673670
0.370501 0.819563 0.616106 0.222866 0.415904 -0.045429 0.717351 0.666924 0.426089 -0.001520 0.407463 0.987983 0.367218 0.934048 0.698951 0.943888 0.702864 0.462664 0.167246 -0.043753 0.786165 0.689779 0.799013 -0.085897 0.340736 0.318023 0.064322 0.738879 0.315899 0.734664 0.102256 0.615132
0.359704 0.914311 0.681153 0.193366 0.325826 0.014387 0.706744 0.641200 0.521140 -0.020007 0.386604 0.863429 0.373465 1.048479 0.721072 0.874190 0.721466 0.495097 0.332709 0.061091 0.893172 0.702316 0.811650 -0.030376 0.331727 0.338278 0.033661 0.678198 0.297299 0.754034 0.166820 0.703793
0.391213 0.785679 0.621248 0.073043 0.428487 -0.033247 0.717332 0.740683 0.511368 -0.019449 0.426189 0.858176 0.357720 0.969987 0.788011 0.934394 0.715388 0.496479 0.289324 0.080784 0.706554 0.740500 0.795019 0.049614 0.298904 0.354238 0.042845 0.744296 0.299866 0.817071 0.159888 0.713440
0.320534 0.887046 0.720459 0.154092 0.391155 0.022911 0.721575 0.694405 0.517607 0.084514 0.373582 1.021504 0.366641 1.005531 0.726859 0.944432 0.602534 0.567688 0.223514 0.050298 0.821669 0.784928 0.651365 -0.023316 0.363807 0.230915 0.038761 0.777609 0.241116 0.755694 0.191732 0.727681
0.323608 0.851417 0.696092 0.075652 0.317990 -0.014673 0.758006 0.672624 0.461902 0.052911 0.384319 0.979445 0.299543 1.035937 0.679209 0.864389 0.616853 0.564334 0.237948 0.016503 0.817749 0.795296 0.847336 0.096436 0.385332 0.343866 0.042434 0.763419 0.235500 0.748307 0.212423 0.585128
0.384244 0.748758 0.635310 0.060216 0.426671 -0.043658 0.723616 0.831922 0.450451 0.005352 0.355301 0.995972 0.435285 0.969295 0.759006 0.907590 0.592061 0.552433 0.222604 0.013621 0.793380 0.712034 0.798504 -0.010192 0.394579 0.316950 0.096472 0.719383 0.269267 0.760243 0.170738 0.665792
0.407355 0.898959 0.666319 0.221716 0.385993 -0.012457 0.681660 0.735442 0.378359 0.045220 0.327547 1.030612 0.382886 0.986712 0.711331 0.982107 0.621908 0.499096 0.294144 -0.047882 0.807981 0.740003 0.719792 0.011974 0.429263 0.340247 0.090103 0.731301 0.335632 0.718749 0.165500 0.685291
0.289744 0.879280 0.645679 0.201352 0.390243 0.001543 0.685243 0.728990 0.476652 0.041014 0.402002 0.946744 0.320924 1.030754 0.706226 0.780608 0.669866 0.518168 0.246506 0.083604 0.831960 0.836017 0.762963 -0.014503 0.366657 0.379793 0.022736 0.789168 0.233067 0.744693 0.152254 0.652962
0.385656 0.808824 0.611804 0.132746 0.401625 0.063334 0.713455 0.742310 0.373407 -0.047706 0.331680 0.860874 0.379482 0.903657 0.811382 0.900911 0.634179 0.516961 0.265885 0.101406 0.832252 0.742768 0.726729 -0.050581 0.387277 0.265715 0.024336 0.664499 0.234672 0.811070 0.325508 0.714902
0.367039 0.847215 0.680409 0.167815 0.328980 0.010193 0.761024 0.701733 0.375451 -0.046448 0.479384 1.011808 0.345770 0.971765 0.710893 0.938463 0.685578 0.572085 0.235344 0.060070 0.876305 0.640282 0.763617 -0.046922 0.347310 0.340923 0.068841 0.687669 0.220085 0.697243 0.329518 0.619906
0.430235 0.844083 0.638270 0.115338 0.526164 -0.054556 0.653954 0.747895 0.478802 0.059724 0.344426 0.943403 0.449389 0.969082 0.717469 0.983803 0.618129 0.524855 0.343663 0.045993 0.802996 0.657534 0.778557 -0.102840 0.331261 0.315359 -0.026874 0.666238 0.273324 0.666308 0.202443 0.709948
0.377686 0.859536 0.662726 0.243508 0.423534 0.004440 0.677016 0.768437 0.385406 -0.006244 0.434440 0.907236 0.331630 0.928204 0.744945 1.002891 0.708008 0.496190 0.268862 -0.042872 0.876521 0.776645 0.717140 -0.027048 0.333385 0.302690 0.086017 0.796019 0.238954 0.787076 0.204514 0.697109
0.410589 0.898574 0.665353 0.241417 0.407613 -0.023802 0.798550 0.714128 0.434423 0.068611 0.475708 0.951549 0.363838 0.865832 0.745990 0.915126 0.573813 0.564359 0.227750 0.079371 0.737118 0.743179 0.677338 0.027461 0.369430 0.303919 0.011591 0.723073 0.341915 0.828147 0.225174 0.631106
0.440614 0.816858 0.675412 0.223843 0.407715 0.156080 0.690500 0.800308 0.391512 -0.027923 0.460878 0.971118 0.333326 0.922509 0.710982 0.887576 0.678296 0.518197 0.288643 -0.035151 0.849341 0.799877 0.765256 -0.030539 0.369116 0.271722 0.146083 0.683425 0.223196 0.662668 0.248906 0.668440
0.444378 0.833590 0.709337 0.180059 0.473494 -0.019900 0.775779 0.658294 0.392363 -0.109014 0.488057 1.028862 0.431207 0.898977 0.845634 1.045156 0.642118 0.525641 0.278457 0.046821 0.810354 0.659449 0.709331 -0.042976 0.354070 0.338694 0.112600 0.672467 0.335223 0.720046 0.231944 0.607086
0.377921 0.986256 0.670724 0.208179 0.383523 -0.003435 0.707857 0.735715 0.575565 0.089149 0.504714 0.993832 0.349307 1.036914 0.734807 0.872347 0.832388 0.592758 0.231351 0.033475 0.871558 0.858445 0.771751 -0.006892 0.402843 0.292846 0.176860 0.675465 0.352767 0.733585 0.134004 0.758813
0.452680 0.885900 0.607827 0.164523 0.480703 0.101586 0.702203 0.642715 0.456302 0.014824 0.332613 0.935454 0.330949 1.048493 0.857066 0.925113 0.621061 0.450432 0.221794 0.040507 0.752070 0.686319 0.671730 -0.061984 0.358302 0.361324 0.031372 0.721095 0.233218 0.778066 0.223595 0.621661
0.467617 0.890038 0.623556 0.156768 0.475074 0.112801 0.812874 0.628128 0.379851 0.003687 0.378192 0.947453 0.345403 1.030917 0.696526 0.874092 0.692693 0.491518 0.281204 0.060251 0.815510 0.742759 0.810090 -0.059220 0.360517 0.410376 0.050633 0.750380 0.260301 0.720636 0.209539 0.657790
0.419135 0.892341 0.651700 0.126877 0.402089 0.070960 0.706110 0.705271 0.387024 0.009276 0.363585 0.958327 0.382980 0.969235 0.739037 0.994001 0.672949 0.542810 0.264310 0.036073 0.815950 0.725794 0.689699 0.060971 0.311387 0.260866 0.067953 0.746114 0.192528 0.800754 0.199328 0.723743
0.376370 0.840195 0.621972 0.019867 0.323543 -0.015012 0.729126 0.724256 0.437456 -0.037404 0.336021 0.956348 0.411435 0.986831 0.782598 0.951341 0.756673 0.489413 0.270433 0.069219 0.748697 0.821825 0.841485 0.025808 0.367458 0.217858 0.027257 0.689849 0.248670 0.722884 0.259816 0.606115
0.382211 0.836216 0.680519 0.185362 0.353356 0.061068 0.679453 0.668809 0.475596 0.019604 0.454268 0.834172 0.327620 0.936729 0.743771 0.917966 0.701064 0.536914 0.298425 -0.047269 0.809815 0.715112 0.682847 0.012140 0.292025 0.302186 0.084657 0.617008 0.270565 0.700549 0.197489 0.698819
0.264341 0.859601 0.662453 0.110205 0.361246 -0.079776 0.749084 0.667409 0.424683 0.047651 0.408593 0.961629 0.328498 0.901829 0.695055 0.987865 0.754121 0.488337 0.255081 0.022230 0.757019 0.688847 0.750044 -0.007584 0.362312 0.329254 0.020603 0.803840 0.225660 0.681666 0.188162 0.656096
0.385732 0.864015 0.700034 0.102714 0.395112 0.022285 0.738479 0.754202 0.363613 -0.075588 0.366362 0.966720 0.345493 0.896539 0.799704 0.897771 0.665599 0.556776 0.260767 0.049457 0.867304 0.742564 0.740958 0.104644 0.337508 0.310140 0.068761 0.702022 0.247955 0.758298 0.245996 0.612583
0.479148 0.573693 0.189313 0.467595 0.291048 0.099459 0.333056 1.041127 0.458395 0.161984 0.903473 0.426569 0.673713 0.487977 0.548178 0.755616 0.421846 0.224998 0.952334 0.307195 0.134660 0.956184 0.407390 0.238772 0.298517 0.546871 0.169606 0.375735 0.699651 0.347516 0.032323 0.763408
0.395544 0.523241 0.030870 0.462714 0.351827 0.026562 0.344818 1.093219 0.413310 0.220198 0.866350 0.369218 0.751606 0.472274 0.547653 0.788912 0.370943 0.293103 0.903639 0.266730 0.201985 0.967560 0.451808 0.220961 0.356063 0.580933 0.203823 0.302019 0.690356 0.332650 0.190597 0.790258
0.468858 0.628679 0.006771 0.404844 0.378250 0.089427 0.163498 1.015922 0.441076 0.181994 0.925941 0.490253 0.698029 0.492631 0.544851 0.737986 0.358436 0.283485 0.943484 0.429735 0.188395 0.866837 0.315785 0.328918 0.357620 0.492886 0.150829 0.372163 0.690193 0.362086 0.066404 0.867218
0.547220 0.545795 0.099192 0.461220 0.258613 0.107643 0.236549 1.154628 0.441761 0.191463 0.936709 0.548360 0.632023 0.514880 0.495034 0.765889 0.310206 0.289187 0.850195 0.416957 0.176653 0.831365 0.470970 0.303346 0.268303 0.552818 0.278697 0.348660 0.617179 0.295346 0.058070 0.846665
0.433474 0.530171 0.079811 0.426402 0.295077 0.148654 0.249610 1.115520 0.505196 0.156568 0.903193 0.470074 0.708707 0.577502 0.483847 0.725870 0.405705 0.171625 0.907871 0.337467 0.158724 1.031270 0.362749 0.366018 0.319433 0.500675 0.084976 0.238484 0.691515 0.187762 0.128823 0.757932
0.398925 0.557274 0.158253 0.434547 0.304754 0.197498 0.351894 0.962898 0.490024 0.168137 0.952477 0.380655 0.701539 0.479748 0.586294 0.825090 0.427587 0.326716 0.958926 0.360641 0.147356 0.902552 0.442188 0.278738 0.327404 0.485282 0.110940 0.253450 0.665248 0.312634 0.130733 0.796046
0.469156 0.632829 0.075460 0.479099 0.224703 0.036276 0.298831 1.028374 0.388142 0.160723 0.989857 0.526852 0.779587 0.505160 0.541743 0.752847 0.378698 0.152195 0.901418 0.380223 0.159400 0.953730 0.401126 0.204127 0.314796 0.460982 0.156693 0.285837 0.694602 0.330141 0.042166 0.781021
0.359795 0.432421 0.099091 0.492750 0.353227 0.195441 0.383530 1.070178 0.468074 0.201527 0.989425 0.565990 0.650266 0.532244 0.484014 0.818014 0.404722 0.195108 0.933131 0.432741 0.202315 0.937815 0.334761 0.231291 0.403129 0.464382 0.214749 0.386990 0.672710 0.299329 0.150826 0.750738
0.563241 0.478213 0.052775 0.368414 0.282350 0.011564 0.335906 0.985027 0.483708 0.165552 0.929260 0.513521 0.670988 0.496918 0.562449 0.797885 0.372966 0.122633 0.944895 0.342117 0.163260 0.967152 0.275774 0.210227 0.290842 0.472138 0.241972 0.321358 0.529184 0.347913 0.087827 0.784631
0.392637 0.505704 0.086125 0.493030 0.239049 0.108439 0.291400 0.983353 0.463582 0.199077 0.874843 0.410399 0.708521 0.518184 0.593732 0.806833 0.343242 0.244174 0.920790 0.340704 0.221048 0.971788 0.381391 0.328811 0.340671 0.503680 0.266328 0.464268 0.678218 0.397942 0.121201 0.681482
0.397576 0.567219 0.077486 0.414879 0.346933 0.053342 0.242513 0.919163 0.390092 0.289876 0.886108 0.501297 0.804116 0.448696 0.588724 0.850082 0.362835 0.185521 0.869921 0.416357 0.182041 0.960048 0.426809 0.263634 0.352606 0.455719 0.229937 0.364185 0.669334 0.223447 0.093433 0.757571
0.372103 0.528909 0.008381 0.465167 0.314278 0.038320 0.314196 0.914523 0.532798 0.187413 0.916143 0.539590 0.638784 0.444737 0.578310 0.679305 0.464422 0.181196 0.939565 0.394107 0.178169 0.880422 0.355655 0.301210 0.251840 0.442658 0.168102 0.291412 0.671696 0.238987 0.105877 0.792189
0.491578 0.492514 0.043351 0.491631 0.270286 0.089728 0.282508 0.999740 0.458294 0.261667 0.814687 0.597575 0.803951 0.359459 0.536725 0.775082 0.362325 0.154950 0.912363 0.298525 0.213585 0.942527 0.412944 0.367834 0.273038 0.481374 0.211528 0.326218 0.710711 0.231252 0.083066 0.820643
0.457121 0.679877 0.153005 0.501859 0.342528 0.097626 0.361283 0.957539 0.471023 0.241569 0.924913 0.479341 0.683560 0.512799 0.467684 0.699219 0.394794 0.213041 0.933515 0.309914 0.251207 0.902426 0.447881 0.240494 0.254222 0.525580 0.151334 0.291084 0.746873 0.281780 -0.015392 0.644489
0.513175 0.572049 0.087628 0.399428 0.274693 0.083022 0.278006 0.980687 0.418282 0.240117 0.811169 0.504031 0.732728 0.420820 0.613875 0.782036 0.335247 0.286457 0.836798 0.375199 0.180052 0.972003 0.422821 0.333427 0.307428 0.472420 0.186676 0.264965 0.655921 0.309496 0.102625 0.856860
0.431995 0.537663 0.120990 0.501945 0.265759 0.025576 0.267357 1.000077 0.563516 0.251196 0.867767 0.453768 0.691332 0.468370 0.571926 0.778718 0.452660 0.236021 0.906355 0.419722 0.181821 0.870226 0.422401 0.225043 0.371977 0.459569 0.217431 0.318288 0.645504 0.351657 0.084539 0.729617
0.468388 0.574697 0.107928 0.438471 0.298793 0.126475 0.339392 0.949422 0.447709 0.275348 0.927174 0.432885 0.762237 0.464545 0.577800 0.748509 0.399789 0.275253 0.801503 0.376238 0.244803 0.896735 0.292785 0.226156 0.345156 0.452311 0.181141 0.316246 0.715042 0.263840 0.108980 0.752602
0.454512 0.571943 0.197964 0.408298 0.375262 0.046272 0.271616 0.989782 0.543164 0.191534 0.883996 0.506555 0.709479 0.517427 0.452288 0.748841 0.349801 0.147642 0.961422 0.309120 0.276354 0.927232 0.401671 0.348022 0.377328 0.370784 0.097062 0.276349 0.769354 0.253121 -0.040533 0.695675
0.447671 0.494646 0.238975 0.499733 0.279499 0.179386 0.277110 1.029196 0.514571 0.200358 0.867450 0.430639 0.772145 0.478738 0.474298 0.832644 0.412887 0.299746 0.961775 0.363616 0.211274 0.902449 0.382056 0.299176 0.270767 0.482435 0.196682 0.324234 0.621948 0.276981 0.239915 0.704936
0.473208 0.513835 0.072440 0.441802 0.280513 0.034788 0.351858 0.984327 0.511402 0.057534 0.821975 0.402301 0.756030 0.488575 0.529401 0.864567 0.326561 0.328270 0.913248 0.374771 0.113356 0.923286 0.382748 0.306191 0.266760 0.404128 0.104427 0.321041 0.660896 0.299196 0.200207 0.749225
0.508528 0.470054 0.058521 0.412592 0.290200 0.111282 0.344582 1.002932 0.513068 0.152885 0.929949 0.485720 0.641231 0.434848 0.488909 0.698808 0.393240 0.208776 0.855562 0.323223 0.246922 0.937219 0.462824 0.319129 0.324094 0.417903 0.181573 0.342088 0.604480 0.370350 0.120444 0.646932
0.546677 0.512742 0.018858 0.367481 0.311428 0.146508 0.287375 0.981920 0.444489 0.268711 0.885328 0.553303 0.762588 0.483940 0.544146 0.789507 0.307113 0.228629 0.974705 0.403310 0.302128 0.874688 0.426258 0.265936 0.174703 0.420242 0.202670 0.384204 0.680909 0.302624 0.045456 0.738771
0.431878 0.490285 0.096414 0.413408 0.370769 0.093925 0.257819 0.975531 0.414065 0.108273 0.922464 0.462544 0.722534 0.517430 0.539534 0.800381 0.456925 0.176157 0.914582 0.305503 0.200004 0.926978 0.331366 0.273510 0.300248 0.436003 0.121034 0.282560 0.661472 0.191172 0.089402 0.811861
0.442617 0.583162 0.185779 0.493692 0.297359 0.027529 0.340058 0.951145 0.480980 0.210685 0.872595 0.423048 0.716231 0.515138 0.483155 0.810716 0.383336 0.245685 0.876952 0.410824 0.264073 0.924172 0.396742 0.230432 0.337503 0.565364 0.275485 0.244210 0.578003 0.304020 0.084151 0.762694
0.466214 0.482502 0.121306 0.499247 0.317048 0.068447 0.360480 1.001528 0.515141 0.150778 0.832835 0.540845 0.691808 0.499428 0.574188 0.777515 0.391843 0.182476 0.953442 0.310315 0.184872 0.938849 0.408429 0.339446 0.309409 0.499124 0.161625 0.255837 0.556745 0.254920 0.185964 0.833076
0.398357 0.476347 0.125470 0.406794 0.241595 0.085153 0.332249 0.981154 0.477712 0.165382 0.871121 0.405300 0.736460 0.493706 0.606594 0.664668 0.356532 0.270391 0.932302 0.256483 0.130218 0.900624 0.358974 0.248088 0.230597 0.468348 0.178308 0.320164 0.612458 0.327123 0.163808 0.775506
0.436525 0.469147 0.096789 0.411811 0.308287 0.072480 0.292345 0.982581 0.505588 0.252274 0.922585 0.415818 0.628266 0.480655 0.512292 0.810411 0.365277 0.213760 0.949829 0.243620 0.120542 0.909672 0.384883 0.207836 0.377734 0.452146 0.201508 0.264644 0.648621 0.228760 0.199163 0.796872
0.461855 0.518645 0.245801 0.453593 0.311343 0.173169 0.312847 0.892997 0.584747 0.163553 0.924049 0.443706 0.650211 0.531643 0.577803 0.786866 0.446705 0.197732 0.872463 0.302213 0.106574 0.870393 0.408126 0.304237 0.271155 0.430381 0.269219 0.320813 0.701407 0.272534 0.111309 0.765795
0.582562 0.471006 0.239377 0.500470 0.383700 0.078737 0.386635 0.972321 0.453585 0.108765 0.889105 0.439852 0.796888 0.486984 0.596089 0.831372 0.396148 0.248467 0.961331 0.326522 0.099480 0.911502 0.391526 0.327505 0.207027 0.494457 0.264530 0.252071 0.616229 0.335047 0.052464 0.735982
0.404771 0.560187 0.107048 0.467495 0.255354 0.104209 0.348836 0.914361 0.508207 0.155316 0.866064 0.474541 0.780426 0.515585 0.517331 0.726786 0.366478 0.170364 0.852056 0.367072 0.174177 0.896046 0.326348 0.263828 0.429497 0.424670 0.228780 0.359065 0.661827 0.265292 0.016319 0.790369
0.488017 0.509736 0.160163 0.441801 0.360525 0.162550 0.293979 1.109171 0.405010 0.269001 0.945251 0.461832 0.647299 0.441375 0.499932 0.737148 0.353835 0.235528 0.874222 0.422254 0.251265 0.864744 0.387796 0.317639 0.356902 0.479437 0.185955 0.333104 0.647543 0.313625 0.076981 0.749692
0.447470 0.571916 0.138126 0.465759 0.256694 0.013022 0.306860 1.003039 0.416219 0.202547 0.893729 0.539820 0.761720 0.465573 0.530404 0.722704 0.412608 0.248029 0.842194 0.240928 0.226003 0.945356 0.376229 0.324406 0.330840 0.514509 0.163669 0.277552 0.660636 0.228054 0.097572 0.846969
0.443553 0.457710 0.144026 0.431693 0.312418 0.120238 0.179710 1.000496 0.465829 0.122146 0.981100 0.486265 0.704689 0.535308 0.515837 0.870267 0.353938 0.259435 0.895283 0.342901 0.253099 1.009037 0.370178 0.296150 0.312165 0.418075 0.238861 0.283659 0.669039 0.260947 0.103768 0.715758
0.428231 0.523046 0.109840 0.567298 0.317141 0.002211 0.166263 0.955063 0.416589 0.193850 0.917034 0.537403 0.766246 0.407166 0.553457 0.705578 0.383728 0.311625 0.887650 0.315126 0.092107 0.953443 0.409176 0.192324 0.282571 0.464445 0.149569 0.236812 0.655591 0.304996 0.083702 0.716044
0.479331 0.576213 0.043786 0.468332 0.326635 0.035928 0.373115 1.024424 0.568793 0.243532 0.920094 0.513102 0.671944 0.436819 0.603528 0.864170 0.397315 0.200042 0.919053 0.385940 0.194256 0.949237 0.472279 0.314322 0.320667 0.528672 0.209221 0.331933 0.596720 0.333863 0.142552 0.697874
0.436074 0.532182 0.083359 0.480929 0.307202 0.105447 0.374160 1.068367 0.492794 0.181351 0.955937 0.453887 0.772867 0.545342 0.430760 0.729298 0.472961 0.168076 0.922402 0.385617 0.222458 0.909295 0.426023 0.369630 0.250037 0.426025 0.164109 0.345004 0.651640 0.318221 0.193046 0.740031
0.492875 0.501127 0.018492 0.455833 0.391451 0.023704 0.269137 0.979924 0.484681 0.283826 0.923835 0.423365 0.753571 0.455622 0.500287 0.774358 0.373751 0.250616 0.906208 0.360584 0.206258 0.901389 0.322768 0.286066 0.245115 0.410172 0.120015 0.324900 0.716669 0.361972 0.101265 0.802995
0.422983 0.566047 -0.006586 0.528379 0.272884 0.037819 0.266518 0.990133 0.436395 0.157890 0.940690 0.475537 0.698818 0.460692 0.538504 0.834068 0.362752 0.188277 0.885601 0.364219 0.189256 0.983036 0.353288 0.232319 0.275584 0.418207 0.181461 0.273255 0.781048 0.339519 0.100093 0.677442
0.447727 0.601385 0.092460 0.414570 0.263692 0.072742 0.217399 1.036028 0.501233 0.286005 0.957636 0.487090 0.744188 0.383212 0.513258 0.681437 0.338456 0.154329 0.971768 0.290153 0.165674 0.933158 0.406521 0.402730 0.284382 0.353646 0.204363 0.317028 0.638318 0.254460 0.075640 0.807302
0.474391 0.558691 0.094540 0.453173 0.362101 0.130328 0.304098 0.921307 0.516822 0.177137 0.884604 0.528185 0.721777 0.507495 0.559488 0.800764 0.341790 0.154821 1.024970 0.327121 0.257440 0.939359 0.368675 0.259217 0.310910 0.524414 0.227021 0.293944 0.610528 0.397842 0.154087 0.749102
0.447682 0.592453 0.046606 0.521101 0.267026 0.126006 0.266168 1.011461 0.456531 0.158425 0.848928 0.465816 0.774668 0.445580 0.539831 0.712782 0.373248 0.124627 1.000907 0.451363 0.204140 0.910046 0.399631 0.215013 0.281308 0.460101 0.254055 0.365915 0.763452 0.320772 0.061449 0.731866
0.404127 0.556711 0.148753 0.462772 0.289071 0.081958 0.382479 0.934249 0.421722 0.176966 0.986212 0.540010 0.732977 0.510204 0.503239 0.830186 0.411443 0.152492 0.891382 0.397722 0.244519 0.869683 0.389570 0.322453 0.372574 0.482561 0.210790 0.318787 0.672492 0.359512 0.128611 0.760918
0.551839 0.534963 0.152756 0.451612 0.297139 0.143137 0.300297 0.961400 0.450984 0.187578 0.823592 0.468835 0.699947 0.484164 0.567325 0.702023 0.376395 0.267861 0.897134 0.362926 0.121166 0.861119 0.383851 0.367881 0.334091 0.483639 0.273447 0.250399 0.645190 0.295482 0.007141 0.817875
0.476482 0.562557 0.069250 0.549845 0.325930 0.109546 0.366924 0.982534 0.498902 0.136118 0.874477 0.357570 0.700689 0.475979 0.552534 0.713116 0.407394 0.163785 0.907596 0.328924 0.184817 0.859657 0.343790 0.320698 0.245582 0.418463 0.208656 0.328431 0.634244 0.203122 0.142879 0.736837
0.505421 0.539521 0.168889 0.529452 0.252246 0.042573 0.321882 0.998101 0.512414 0.181312 0.850189 0.450123 0.715773 0.392631 0.557232 0.817183 0.338942 0.222989 0.947469 0.289408 0.188069 0.927909 0.419757 0.271272 0.430307 0.437531 0.219037 0.383967 0.667421 0.278913 0.119991 0.746200
0.501311 0.541131 0.099290 0.385698 0.307320 0.137867 0.376618 0.996793 0.481614 0.235884 1.019820 0.447690 0.734232 0.416467 0.653062 0.770838 0.428639 0.226906 0.954355 0.388764 0.169286 1.004858 0.373812 0.361698 0.376128 0.402367 0.205492 0.091796 0.641011 0.289483 0.091118 0.743531
0.452123 0.522142 0.181093 0.498103 0.315090 0.060282 0.266237 0.998054 0.464695 0.241292 0.879421 0.439342 0.738201 0.467249 0.473202 0.838383 0.388696 0.195247 0.937323 0.369222 0.188492 0.802282 0.427576 0.312632 0.293320 0.473051 0.239368 0.297516 0.697556 0.344974 0.044629 0.746302
0.437866 0.564062 0.117094 0.447908 0.354500 0.053846 0.314583 0.980789 0.489644 0.141348 0.954688 0.494221 0.743576 0.394878 0.481627 0.838242 0.349378 0.273624 0.923195 0.385479 0.223548 0.957463 0.381296 0.218301 0.353082 0.507140 0.141260 0.325815 0.687040 0.227299 0.094644 0.703085
0.476854 0.467200 0.179306 0.389262 0.286526 0.052472 0.308682 1.067921 0.454625 0.171362 0.840655 0.474733 0.707761 0.552948 0.508942 0.748669 0.482804 0.182132 0.850335 0.234789 0.211520 0.986407 0.453406 0.314858 0.308029 0.462190 0.160705 0.343282 0.632694 0.290303 0.109020 0.769028
0.371614 0.558907 0.057398 0.453600 0.236103 0.094349 0.165998 0.944904 0.465777 0.134599 0.887072 0.363331 0.674653 0.461304 0.602396 0.793264 0.334716 0.167486 0.905345 0.384505 0.105001 0.828554 0.421091 0.246714 0.311084 0.491145 0.245883 0.287859 0.769245 0.302816 0.036396 0.785825
0.425373 0.505158 0.143795 0.398282 0.294378 0.206145 0.363934 1.044429 0.452054 0.244624 0.831519 0.543963 0.817573 0.475665 0.528052 0.749670 0.451868 0.268665 0.841975 0.319354 0.211458 0.912401 0.454096 0.324913 0.250053 0.569149 0.198529 0.302171 0.696237 0.217767 0.141289 0.731090
0.421962 0.550564 0.077398 0.368291 0.158673 0.090100 0.283652 1.066316 0.491395 0.224466 0.813038 0.460953 0.614724 0.515881 0.471720 0.800351 0.359116 0.253455 0.867225 0.359565 0.115359 0.949894 0.364473 0.259454 0.309696 0.491733 0.220661 0.376692 0.659207 0.323262 0.101229 0.769896
0.385113 0.469373 0.071370 0.487470 0.287181 -0.021151 0.188158 0.938147 0.564449 0.210683 0.896308 0.496586 0.780649 0.398494 0.511037 0.773437 0.444959 0.196109 0.954398 0.298583 0.202906 0.925900 0.347658 0.366810 0.326564 0.511275 0.127730 0.236986 0.670827 0.251244 0.187376 0.734425
0.429723 0.509634 0.073361 0.431684 0.167797 0.070759 0.298407 0.866535 0.486221 0.182888 0.900056 0.444111 0.739965 0.441029 0.472753 0.836329 0.363373 0.240882 0.912665 0.249456 0.176707 0.857577 0.348352 0.249225 0.306547 0.428660 0.148189 0.386561 0.603109 0.398029 0.086054 0.763177
0.486490 0.580777 0.021932 0.494465 0.352295 0.080119 0.293514 0.942538 0.439720 0.224954 0.940048 0.548684 0.654259 0.472047 0.590262 0.830283 0.431768 0.227691 0.913762 0.391541 0.237205 0.952396 0.404025 0.222654 0.365998 0.547193 0.196319 0.244842 0.671863 0.219950 -0.011953 0.753183
0.519689 0.473792 0.217309 0.464300 0.278842 0.001955 0.287244 0.965065 0.384591 0.213755 0.956561 0.452963 0.671370 0.545995 0.542348 0.728675 0.366985 0.180530 0.884234 0.414353 0.163211 0.927911 0.395078 0.281561 0.397331 0.496496 0.127384 0.288604 0.724340 0.244183 0.167624 0.774817
0.460930 0.457229 0.133698 0.446698 0.304613 0.121596 0.352743 0.989365 0.460449 0.251085 0.908659 0.384709 0.837146 0.409021 0.568620 0.818584 0.437425 0.235102 0.956550 0.328819 0.184387 0.934167 0.364007 0.304223 0.241050 0.367841 0.117426 0.195149 0.672157 0.214200 0.132001 0.717543
0.428483 0.670480 0.122058 0.372407 0.338665 0.148639 0.316413 1.018421 0.454092 0.163085 0.827689 0.494677 0.707331 0.584317 0.573474 0.781086 0.376188 0.233200 0.935875 0.218057 0.204427 0.917216 0.433492 0.334355 0.266990 0.424759 0.187938 0.299343 0.648972 0.286246 0.186874 0.764611
0.503534 0.536659 0.186612 0.451143 0.304252 0.168569 0.222857 1.083860 0.512893 0.205869 1.025645 0.475859 0.747661 0.535955 0.534510 0.724430 0.503475 0.266327 0.971321 0.311542 0.215541 0.985997 0.450391 0.189530 0.348861 0.374480 0.119565 0.315774 0.639258 0.317148 0.020702 0.677424
0.431785 0.483454 0.181474 0.452385 0.365370 0.053675 0.284186 1.014020 0.401884 0.129144 0.897065 0.485709 0.785591 0.475317 0.609435 0.816296 0.429282 0.188474 0.960886 0.324358 0.168103 0.834284 0.358454 0.267075 0.256645 0.424377 0.243500 0.330411 0.669823 0.309638 0.091203 0.760711
0.485259 0.515581 0.109540 0.548327 0.306913 0.066871 0.270574 0.851700 0.544783 0.169081 0.909882 0.532657 0.642910 0.555330 0.545826 0.788500 0.458013 0.154536 0.847627 0.390167 0.229239 0.955914 0.383793 0.374448 0.336047 0.504756 0.165431 0.329847 0.682303 0.229660 0.196443 0.634039
0.398591 0.491396 0.067745 0.388113 0.307298 0.085914 0.346997 1.027330 0.472463 0.235119 0.934221 0.534771 0.687394 0.524562 0.434180 0.833734 0.434492 0.305146 0.955869 0.366640 0.084903 0.915447 0.308423 0.290330 0.335366 0.538398 0.063431 0.299654 0.621633 0.262733 0.110876 0.753344
0.447037 0.538631 0.180692 0.528982 0.185854 0.082162 0.289779 0.948915 0.374836 0.099779 0.941603 0.426664 0.633291 0.470076 0.519300 0.756077 0.429142 0.197947 0.844046 0.371662 0.190160 0.969846 0.365216 0.260135 0.323026 0.557044 0.163649 0.236052 0.709846 0.344312 0.026292 0.716993
0.476600 0.553366 0.036810 0.475433 0.313718 0.080239 0.302423 0.941159 0.418626 0.220857 0.901828 0.472305 0.655827 0.535756 0.532844 0.747506 0.396286 0.152619 0.910746 0.346330 0.230138 0.889795 0.468517 0.347899 0.422539 0.474116 0.172072 0.267910 0.675252 0.283346 0.139142 0.754693
0.428819 0.499425 0.075197 0.478199 0.329929 0.002476 0.299139 1.061282 0.569809 0.168435 0.961042 0.504070 0.700538 0.472043 0.595110 0.742283 0.404667 0.207949 0.959713 0.353170 0.175799 0.922887 0.369953 0.189026 0.278910 0.622400 0.234686 0.247278 0.701954 0.316001 0.080587 0.767706
0.447741 0.498595 0.123011 0.442695 0.324510 0.048639 0.321502 0.977917 0.651160 0.134768 0.837127 0.506577 0.712324 0.494794 0.439619 0.826932 0.430065 0.254007 0.857662 0.343422 0.168581 0.841403 0.518878 0.313086 0.300413 0.425042 0.181705 0.255568 0.719624 0.231483 0.139860 0.792882
0.405462 0.562719 0.112104 0.458601 0.262589 0.058805 0.245246 1.023884 0.508662 0.157880 0.900366 0.523453 0.777739 0.541625 0.580198 0.753081 0.464894 0.201566 0.845193 0.362436 0.224689 0.858716 0.429377 0.348028 0.324887 0.405132 0.236904 0.436857 0.703401 0.265964 0.104306 0.779636
0.520480 0.586701 0.156355 0.446289 0.226395 0.006425 0.345006 1.004205 0.464719 0.170179 0.919064 0.485566 0.744791 0.541397 0.503948 0.783436 0.332390 0.203717 0.815619 0.413591 0.156171 0.921374 0.364194 0.230529 0.316531 0.378681 0.286663 0.295488 0.719788 0.298304 0.046910 0.716950
0.486600 0.385008 0.090479 0.414686 0.363953 0.087020 0.264690 1.030178 0.532255 0.240237 0.924951 0.540836 0.782528 0.467004 0.561188 0.707693 0.320454 0.271261 0.964405 0.304244 0.118714 0.929388 0.403900 0.193007 0.309524 0.501063 0.239198 0.363951 0.646453 0.289624 0.035592 0.816320
0.445466 0.550985 0.131035 0.489207 0.331245 0.008759 0.197712 0.910082 0.419951 0.122799 0.871789 0.499716 0.640397 0.553696 0.601822 0.727629 0.395342 0.236889 0.857354 0.214170 0.241919 0.874979 0.393361 0.257548 0.294197 0.488790 0.224034 0.278176 0.642452 0.304067 0.068143 0.872913
0.502638 0.526601 0.131161 0.477996 0.281276 0.179293 0.413187 1.018550 0.450669 0.159932 0.883726 0.498140 0.716312 0.544139 0.422698 0.863480 0.427042 0.162584 0.883117 0.347157 0.268691 0.899025 0.391669 0.271959 0.320405 0.451516 0.204217 0.273311 0.590583 0.332095 0.082689 0.753050
0.513513 0.563297 0.074724 0.318489 0.279526 0.151014 0.296391 1.045290 0.440670 0.170390 0.930425 0.525352 0.699859 0.428946 0.577539 0.823185 0.426333 0.146407 0.838737 0.274187 0.224640 0.974480 0.324318 0.322107 0.234337 0.450490 0.137739 0.361684 0.683163 0.325272 0.119971 0.737472
0.386430 0.485656 0.142926 0.539761 0.290845 0.101719 0.276870 1.092903 0.340217 0.154008 0.890549 0.491408 0.802267 0.418230 0.504832 0.795959 0.310544 0.249158 0.867989 0.330196 0.176684 0.880428 0.418500 0.333183 0.294419 0.452227 0.117080 0.353173 0.561713 0.358934 0.106558 0.848841
0.478749 0.559870 0.062695 0.564483 0.270529 0.061766 0.354946 1.058146 0.481895 0.216912 0.847128 0.434315 0.794219 0.426071 0.572597 0.784362 0.438899 0.183619 0.870325 0.244936 0.152348 0.895188 0.354322 0.288370 0.295645 0.500589 0.234779 0.388683 0.707295 0.307120 0.021654 0.855122
0.517949 0.524612 0.119421 0.368555 0.341596 -0.052582 0.252333 1.051392 0.492363 0.186433 0.936070 0.432390 0.686037 0.454132 0.530045 0.775405 0.344888 0.259155 0.921744 0.365763 0.180955 0.831928 0.363405 0.296178 0.270540 0.490128 0.217500 0.297200 0.702878 0.337272 0.112396 0.759776
0.491383 0.554086 0.085815 0.499657 0.330006 0.154014 0.279192 1.093498 0.553817 0.244653 0.871814 0.453123 0.682905 0.489379 0.435553 0.777745 0.349480 0.177950 0.866153 0.355144 0.258886 0.880640 0.377230 0.374431 0.253524 0.413765 0.250018 0.305712 0.706907 0.337403 0.056904 0.745491
0.455873 0.501492 0.088369 0.519439 0.251557 0.117183 0.313594 1.010903 0.484487 0.194700 0.874981 0.460761 0.696772 0.512110 0.439735 0.678310 0.406705 0.192833 0.823642 0.295592 0.238283 0.901044 0.436930 0.291647 0.284371 0.431716 0.272905 0.297605 0.723092 0.415327 0.189422 0.726634
0.421840 0.543554 0.006741 0.375864 0.283976 0.106923 0.285708 0.944164 0.543970 0.149064 0.858097 0.503440 0.748198 0.456737 0.496713 0.777633 0.391666 0.157390 0.921905 0.345349 0.284780 0.966345 0.360831 0.353224 0.356182 0.476345 0.227008 0.331528 0.626712 0.335426 0.078775 0.846802
0.449032 0.497138 0.089487 0.338822 0.272958 0.094136 0.263767 0.967405 0.487364 0.217018 0.873223 0.417680 0.698329 0.442387 0.529139 0.788147 0.384860 0.133417 0.935389 0.311656 0.204772 0.929627 0.343930 0.245204 0.317400 0.445524 0.159485 0.303992 0.717325 0.283080 0.197038 0.765180
0.397374 0.489335 0.175506 0.481552 0.289291 -0.008670 0.329347 0.983536 0.477023 0.192785 0.901798 0.420968 0.704409 0.454213 0.539228 0.809991 0.312063 0.207799 0.928998 0.328194 0.117959 0.932631 0.386674 0.202244 0.289043 0.427685 0.271336 0.324100 0.575914 0.301185 0.046302 0.666327
0.512527 0.592400 0.162304 0.437025 0.351120 0.053685 0.358228 1.067812 0.514337 0.171277 0.905626 0.528167 0.719883 0.455243 0.509651 0.747611 0.407997 0.188132 0.977687 0.354954 0.267240 0.996642 0.358952 0.221380 0.328727 0.433837 0.188764 0.372398 0.656785 0.314933 0.139951 0.752153
0.404437 0.514853 0.136649 0.512345 0.190112 0.093566 0.355803 0.934717 0.540170 0.165947 0.898169 0.491948 0.631847 0.462887 0.571102 0.788963 0.459389 0.225937 0.958995 0.262441 0.222156 0.895977 0.417473 0.311748 0.275873 0.525454 0.333712 0.301881 0.606039 0.194384 0.200494 0.680290
0.438916 0.510047 0.106475 0.330546 0.221429 0.104094 0.342381 1.058491 0.456967 0.156028 0.936701 0.564220 0.761351 0.502882 0.526227 0.722657 0.473337 0.135381 0.985582 0.317517 0.117492 0.917705 0.455204 0.213021 0.255737 0.442075 0.246660 0.331084 0.508262 0.248254 0.133321 0.717932
0.478445 0.497563 0.138697 0.392023 0.217449 0.093291 0.242311 0.893061 0.384713 0.192105 1.006580 0.490391 0.688017 0.576375 0.492785 0.726919 0.362099 0.234561 0.889971 0.412246 0.175152 0.874892 0.465929 0.237579 0.349817 0.628364 0.240400 0.352262 0.652164 0.332772 0.117834 0.810774
0.462331 0.593983 0.021019 0.502767 0.255124 0.055963 0.340826 1.085494 0.455665 0.159999 0.958213 0.432260 0.654143 0.403553 0.581221 0.730523 0.405125 0.161881 0.924568 0.381007 0.179782 0.955894 0.409122 0.328840 0.326987 0.397787 0.200338 0.317482 0.582246 0.337715 0.056412 0.652040
0.473278 0.531928 0.040303 0.485511 0.307371 0.147075 0.383519 0.982894 0.444365 0.190180 0.939951 0.515722 0.678752 0.496982 0.534030 0.723626 0.363764 0.114376 0.947989 0.290127 0.179776 0.825074 0.409046 0.234575 0.231812 0.408866 0.232968 0.403286 0.661831 0.374154 0.050232 0.791702
0.530298 0.508239 0.079695 0.518249 0.336700 0.088356 0.285845 1.008188 0.442747 0.174986 0.899111 0.573945 0.728212 0.432522 0.466616 0.878976 0.350063 0.268011 0.956415 0.323581 0.147264 0.956951 0.362045 0.266901 0.338635 0.495577 0.246831 0.274171 0.626299 0.232009 0.088884 0.800653
0.413176 0.460364 0.123367 0.488061 0.292911 -0.001761 0.263159 0.958921 0.519759 0.234367 0.952255 0.446762 0.706550 0.447888 0.533029 0.780702 0.397125 0.306354 0.970040 0.274759 0.164094 0.946465 0.474106 0.291267 0.332295 0.406441 0.228094 0.297968 0.630073 0.333984 0.074872 0.815087
0.350329 0.486291 0.006182 0.426440 0.275512 0.047870 0.319372 0.965860 0.514107 0.247409 0.961937 0.503969 0.716155 0.431537 0.540264 0.700724 0.395381 0.176655 0.911546 0.324435 0.170158 0.893374 0.490799 0.324829 0.278643 0.453980 0.170914 0.365143 0.664341 0.230092 0.201113 0.773322
0.390166 0.541290 0.089684 0.492614 0.308071 0.088719 0.262378 0.899124 0.535780 0.146772 0.846568 0.409880 0.751668 0.510923 0.559832 0.856288 0.440840 0.198488 0.815033 0.357065 0.277061 0.933070 0.352993 0.356067 0.279246 0.389852 0.152873 0.323850 0.711095 0.335837 0.016939 0.813949
0.390736 0.418648 0.130190 0.467021 0.318491 0.064064 0.344448 1.024437 0.396340 0.088096 1.008433 0.578520 0.725704 0.509583 0.600435 0.695068 0.360544 0.155626 0.903222 0.397094 0.232211 1.008397 0.418336 0.316903 0.331940 0.447776 0.256109 0.278746 0.677229 0.348434 0.205318 0.787262
0.436639 0.548065 0.064763 0.478016 0.348310 0.080849 0.292492 0.983487 0.489230 0.167578 0.976128 0.446820 0.713315 0.507059 0.513916 0.649849 0.373489 0.268721 0.971738 0.321955 0.255543 0.933095 0.440040 0.312891 0.303766 0.415385 0.206289 0.330210 0.628113 0.351459 0.074811 0.736393
0.472483 0.432890 0.112975 0.390533 0.262110 0.096362 0.353365 1.024808 0.430019 0.289228 0.931065 0.405942 0.694977 0.483417 0.462890 0.804461 0.372657 0.214769 0.958555 0.479217 0.242533 0.864882 0.364668 0.234303 0.271695 0.480297 0.206094 0.353181 0.703265 0.242362 0.197767 0.840540
0.491566 0.581240 0.121762 0.443177 0.304665 0.056415 0.315407 0.984317 0.386415 0.207876 0.924037 0.516616 0.596048 0.561227 0.514861 0.805037 0.455691 0.209660 0.926222 0.287677 0.274778 0.882700 0.479882 0.306445 0.281411 0.502160 0.188578 0.310581 0.692443 0.242363 0.206821 0.782286
0.441058 0.593182 0.121026 0.455232 0.224185 0.155411 0.248485 1.088668 0.429568 0.247978 0.858621 0.567904 0.645304 0.497679 0.526528 0.791680 0.354063 0.267065 0.919760 0.264097 0.158827 0.932803 0.448803 0.221936 0.294262 0.533047 0.177777 0.349443 0.636315 0.417928 0.179344 0.778291
0.477799 0.424092 0.155702 0.460327 0.338671 0.032253 0.333268 0.923494 0.501779 0.275717 0.880582 0.528618 0.842474 0.505513 0.455114 0.763670 0.347431 0.182518 0.906915 0.379634 0.094122 0.926286 0.380824 0.239762 0.230821 0.410926 0.204828 0.364863 0.633855 0.353523 0.032849 0.832918
0.500731 0.661925 0.119093 0.521041 0.219976 0.126363 0.314083 0.990737 0.438879 0.206140 0.921408 0.423608 0.748412 0.496749 0.492563 0.767356 0.439379 0.214711 0.865097 0.353580 0.175043 0.916177 0.440517 0.225476 0.284558 0.468029 0.149427 0.424683 0.770459 0.261791 -0.003559 0.853402
0.424866 0.551645 0.135602 0.454902 0.264340 0.068264 0.410576 1.115680 0.498684 0.159741 0.852598 0.497346 0.707729 0.483804 0.587442 0.688030 0.372692 0.233155 0.926759 0.361319 0.136537 0.898808 0.306481 0.317708 0.298841 0.454212 0.157357 0.321077 0.590747 0.334384 0.090964 0.784336
0.453120 0.590240 0.092581 0.347267 0.322172 0.063050 0.323574 1.018561 0.427710 0.224157 0.932597 0.459123 0.680825 0.523310 0.489353 0.845091 0.331683 0.227662 0.939720 0.374641 0.179760 0.952004 0.416108 0.277591 0.403498 0.453295 0.239153 0.340425 0.645091 0.306011 0.048055 0.869607
0.513144 0.511327 0.052769 0.496736 0.210521 0.005388 0.277410 0.949601 0.541809 0.180788 0.886222 0.526847 0.762971 0.486082 0.562204 0.788407 0.512634 0.216219 0.974794 0.328658 0.219339 0.981789 0.392168 0.258857 0.278126 0.387996 0.140020 0.352164 0.686160 0.352942 0.052857 0.815623
0.430332 0.498828 0.169849 0.515612 0.333900 0.126400 0.308671 1.015604 0.488103 0.135220 0.879176 0.507081 0.745086 0.448200 0.543257 0.806391 0.374595 0.148588 0.932596 0.353032 0.250528 0.875009 0.406902 0.211694 0.358187 0.346224 0.224153 0.316665 0.742358 0.253166 0.103945 0.865083
0.412523 0.475663 0.146143 0.414556 0.300196 0.086104 0.244919 0.999460 0.470967 0.158226 0.827674 0.549126 0.710145 0.505651 0.586307 0.842696 0.423489 0.290387 0.930262 0.301692 0.162967 0.942954 0.375215 0.294493 0.256546 0.487973 0.120599 0.345013 0.643429 0.227346 0.125623 0.779044
0.460897 0.689077 0.129648 0.419834 0.418924 0.080937 0.291435 1.012821 0.489824 0.283417 0.899562 0.602440 0.717335 0.423202 0.561491 0.729873 0.308930 0.274331 0.868996 0.226595 0.214347 0.948232 0.449858 0.310902 0.284691 0.476628 0.158807 0.357383 0.627223 0.356738 0.150192 0.801515
0.423297 0.520491 0.103939 0.515827 0.309389 0.104230 0.351813 1.000109 0.372545 0.142046 0.870869 0.407739 0.712045 0.505531 0.495529 0.798077 0.358346 0.196328 0.857842 0.250957 0.118281 0.993616 0.533435 0.333628 0.279898 0.422133 0.180973 0.238074 0.654201 0.258009 0.030995 0.732530
0.429112 0.556902 0.155205 0.416402 0.272606 0.027797 0.221877 0.998229 0.575350 0.171628 0.920640 0.541088 0.742649 0.528766 0.589905 0.803985 0.303557 0.165521 0.947724 0.300692 0.189938 0.973185 0.430176 0.272799 0.312542 0.461916 0.173100 0.274583 0.759233 0.269499 0.119078 0.782275
0.481885 0.623227 0.091852 0.419147 0.355357 0.058452 0.228904 0.926435 0.468002 0.162501 0.858368 0.477660 0.739925 0.422169 0.477444 0.740448 0.397242 0.232382 0.906792 0.409788 0.080939 0.915227 0.307068 0.210989 0.293987 0.448429 0.207863 0.268997 0.650730 0.324903 0.057975 0.871681
0.587776 0.616891 0.125942 0.497526 0.242446 0.102508 0.360492 0.899459 0.467081 0.155131 0.975670 0.530048 0.712659 0.437169 0.628532 0.703799 0.476085 0.193167 0.854090 0.292324 0.188171 0.849240 0.380144 0.261446 0.226970 0.462021 0.210560 0.238708 0.696282 0.282848 0.090307 0.760011
0.413716 0.500840 0.041574 0.381183 0.302759 0.092840 0.417763 0.977123 0.452968 0.163471 0.853807 0.493516 0.717534 0.534672 0.453533 0.824989 0.364840 0.226143 0.951819 0.390209 0.205829 0.926191 0.413531 0.380052 0.360341 0.557722 0.172733 0.420283 0.641091 0.135073 0.096573 0.780765
0.525635 0.455963 0.174177 0.506910 0.353454 0.073504 0.278089 1.033977 0.572715 0.214329 0.896509 0.507339 0.721438 0.469456 0.576405 0.721683 0.334437 0.169693 0.991610 0.290579 0.200821 1.032042 0.427859 0.210597 0.344562 0.452757 0.201681 0.184272 0.705736 0.319822 0.140089 0.773125
0.443708 0.564815 0.117256 0.457879 0.270161 0.141055 0.291083 0.972827 0.553843 0.138519 0.791471 0.466096 0.688332 0.554759 0.465343 0.808012 0.429323 0.200195 0.877516 0.349152 0.264066 0.915531 0.405391 0.340541 0.299017 0.519113 0.171693 0.374453 0.664355 0.273000 0.062164 0.782653
0.398193 0.505798 0.163813 0.532552 0.323613 -0.010016 0.280082 1.059864 0.534213 0.204818 0.970715 0.429727 0.711355 0.508561 0.497089 0.813604 0.311487 0.233739 0.895490 0.274910 0.190066 0.930921 0.399331 0.249400 0.294983 0.470745 0.122211 0.277123 0.702700 0.307870 0.049180 0.811617
0.528529 0.527516 -0.006959 0.499774 0.308382 0.027723 0.343797 1.089374 0.478212 0.175916 0.907935 0.534675 0.580463 0.526898 0.509694 0.671028 0.414970 0.323489 0.924091 0.369966 0.078282 0.853468 0.363736 0.254560 0.208676 0.455018 0.240253 0.295183 0.542538 0.268100 0.192353 0.761226
0.393691 0.546301 0.134497 0.401162 0.280526 0.071377 0.218702 1.025974 0.407024 0.111447 0.943941 0.484706 0.718139 0.521366 0.546606 0.812138 0.365621 0.157289 0.913515 0.457680 0.171805 0.956538 0.347539 0.331232 0.344597 0.531898 0.282122 0.383108 0.757648 0.311083 0.125789 0.772842
0.519163 0.489285 0.134401 0.421800 0.297147 0.071274 0.248075 0.956572 0.429774 0.216154 0.793139 0.506769 0.769684 0.417738 0.533038 0.731651 0.353948 0.184226 0.785211 0.381181 0.225353 0.834794 0.350909 0.393087 0.326575 0.443076 0.163684 0.304600 0.655689 0.345154 0.081698 0.771178
0.419524 0.522925 0.128608 0.485939 0.348015 0.074690 0.330654 0.991863 0.508069 0.194315 0.892447 0.510145 0.664385 0.463452 0.509383 0.784124 0.343549 0.168158 0.948379 0.277491 0.138420 0.945251 0.369780 0.194716 0.340197 0.587331 0.191342 0.374253 0.717417 0.266387 0.083548 0.677751
0.488508 0.525411 0.080213 0.522208 0.307296 0.181851 0.201184 0.994564 0.580734 0.087708 0.919836 0.611872 0.783030 0.475857 0.608267 0.757374 0.432785 0.262594 0.894084 0.357360 0.117631 0.838410 0.327095 0.331762 0.392210 0.573324 0.159345 0.362665 0.692021 0.333227 0.067910 0.756669
0.501864 0.528673 0.106749 0.468255 0.269157 -0.036093 0.253793 0.878527 0.464790 0.178226 0.917558 0.607231 0.788962 0.512224 0.472248 0.656592 0.432844 0.182101 0.915611 0.289555 0.251311 0.935500 0.462790 0.357399 0.304115 0.532075 0.198279 0.313226 0.637285 0.320371 0.121433 0.827246
0.512750 0.521220 0.165926 0.496143 0.306699 0.086249 0.323068 0.969181 0.519915 0.175520 0.890713 0.379194 0.674828 0.465552 0.619822 0.828069 0.492748 0.224473 1.008515 0.351114 0.171260 0.870122 0.412694 0.253651 0.342564 0.435926 0.095018 0.406375 0.723612 0.404034 0.078884 0.790210
0.431388 0.470387 0.148290 0.443098 0.222011 0.027085 0.341954 0.942193 0.551015 0.166930 0.913117 0.451385 0.791442 0.477874 0.568968 0.829218 0.348118 0.232752 0.967076 0.205214 0.201796 0.936338 0.419063 0.237033 0.288374 0.465083 0.157932 0.387697 0.749332 0.256490 0.099352 0.842467
0.427120 0.420317 0.143348 0.473464 0.383782 0.127538 0.283522 1.071179 0.495339 0.231277 0.953168 0.522636 0.731973 0.477708 0.437820 0.754074 0.309339 0.282828 0.887140 0.396270 0.199200 0.966113 0.436461 0.349020 0.259293 0.463055 0.184879 0.304190 0.683191 0.211273 0.103396 0.756161
0.405225 0.474282 0.114906 0.510012 0.198727 0.139437 0.319858 0.913561 0.413133 0.152443 0.883115 0.436722 0.726215 0.462776 0.617681 0.763371 0.420109 0.209431 0.829343 0.341905 0.179713 0.927334 0.445324 0.231202 0.373050 0.481694 0.213050 0.327219 0.680768 0.292284 0.009114 0.800978
0.423414 0.517009 0.094307 0.424351 0.318847 0.090485 0.293616 0.962135 0.503006 0.252324 0.879249 0.558174 0.725829 0.426872 0.529262 0.815566 0.347229 0.261159 0.938491 0.277309 0.186814 0.930635 0.419311 0.301937 0.311200 0.496183 0.254750 0.273021 0.764999 0.266071 0.116176 0.759666
0.433607 0.496962 0.087102 0.535058 0.287374 0.080382 0.251807 0.951593 0.458063 0.177619 0.866115 0.510930 0.686547 0.399982 0.542488 0.830864 0.430556 0.208320 0.913459 0.328182 0.198556 0.975554 0.380937 0.307880 0.265045 0.433476 0.156469 0.329512 0.576898 0.399030 0.146762 0.793458
0.456028 0.461660 0.255768 0.536362 0.373933 0.119850 0.354007 0.968548 0.511182 0.198360 0.892253 0.452016 0.765529 0.469039 0.437858 0.771030 0.356037 0.192310 0.852223 0.332182 0.184889 0.948110 0.406652 0.305336 0.300644 0.509706 0.122343 0.338053 0.700125 0.222532 0.054798 0.750358
0.483940 0.510680 0.028529 0.443253 0.222985 0.105990 0.313341 1.021977 0.403675 0.199917 0.844327 0.538470 0.755018 0.495656 0.551106 0.783123 0.441408 0.273009 0.940314 0.312972 0.251638 0.960574 0.457370 0.309107 0.382560 0.400757 0.195199 0.259990 0.750683 0.320500 0.087978 0.729572
0.479844 0.529418 0.122651 0.485909 0.313532 0.114388 0.391139 0.990103 0.483364 0.166219 0.859052 0.434401 0.727460 0.527921 0.500370 0.878401 0.289151 0.221758 0.894702 0.333592 0.210088 0.915917 0.356308 0.287405 0.288279 0.417359 0.209765 0.260700 0.728588 0.373776 0.039199 0.831033
0.571786 0.471306 0.018222 0.309992 0.265447 0.021545 0.209160 1.020170 0.546207 0.215464 0.917556 0.464630 0.729964 0.518939 0.461932 0.796459 0.453092 0.361928 0.952159 0.396376 0.192014 0.923667 0.415859 0.318460 0.244207 0.364326 0.171205 0.355406 0.688653 0.292878 0.091277 0.721656
0.420281 0.513663 0.134059 0.484374 0.288624 0.126514 0.247441 1.088367 0.462329 0.133929 0.845850 0.547143 0.703162 0.458908 0.525611 0.900752 0.343531 0.142128 0.924905 0.405139 0.234239 0.804119 0.364847 0.270219 0.274105 0.444566 0.102254 0.291036 0.650793 0.235095 0.194954 0.772842
0.379736 0.596832 0.179472 0.556004 0.289616 0.074693 0.287196 0.959870 0.521351 0.166173 0.792695 0.438839 0.658008 0.586997 0.485653 0.776830 0.359613 0.213777 0.921403 0.353090 0.161089 0.873139 0.260546 0.374769 0.283281 0.537040 0.247678 0.271185 0.640306 0.267558 0.117580 0.803549
0.371521 0.509178 0.150620 0.527866 0.250357 0.046864 0.310515 0.917549 0.407086 0.140458 0.860162 0.596696 0.788678 0.464929 0.507496 0.779342 0.368216 0.226845 0.999511 0.270840 0.208813 0.860019 0.315034 0.237423 0.304561 0.451850 0.168664 0.300200 0.632720 0.297885 0.207026 0.716094
0.477365 0.442009 0.102735 0.431524 0.233381 0.096520 0.302848 0.998606 0.437732 0.237446 0.856353 0.491209 0.628992 0.477264 0.512702 0.780601 0.453565 0.278780 0.894755 0.358754 0.185427 0.918264 0.380601 0.403427 0.233924 0.497134 0.204400 0.322055 0.688847 0.284581 0.088367 0.760582
0.435195 0.493664 0.067381 0.485423 0.369491 0.095024 0.227286 1.004367 0.472462 0.137642 0.909689 0.546621 0.704829 0.417750 0.515917 0.740880 0.412834 0.196997 0.928422 0.378616 0.194887 0.872527 0.416774 0.217925 0.373548 0.524878 0.159991 0.306789 0.620552 0.291935 0.102355 0.831876
0.420596 0.505482 0.040623 0.511022 0.228475 0.072244 0.300963 1.057406 0.463069 0.164519 0.921863 0.506726 0.758970 0.502888 0.499501 0.791173 0.423374 0.171269 0.959283 0.303926 0.174349 0.826928 0.420326 0.286636 0.240748 0.380265 0.322653 0.337541 0.694108 0.327325 0.068720 0.733219
0.457118 0.555225 0.110965 0.398392 0.275128 0.086985 0.287180 0.991464 0.433377 0.231365 0.846051 0.526241 0.666520 0.433212 0.426581 0.734399 0.383363 0.172895 0.895630 0.345975 0.169998 0.911092 0.305258 0.307073 0.253074 0.461696 0.103873 0.291082 0.664928 0.354011 0.147431 0.857590
0.455007 0.505089 -0.003451 0.541387 0.286341 0.124422 0.422353 0.999065 0.443831 0.204937 0.912149 0.505952 0.684813 0.439223 0.453593 0.783882 0.335692 0.199310 0.900245 0.359317 0.124647 0.855553 0.499389 0.435132 0.291050 0.448947 0.176839 0.290877 0.693708 0.304188 0.118741 0.795105
0.451969 0.539955 0.149302 0.486024 0.301772 0.068094 0.310810 0.980330 0.409847 0.185183 0.980933 0.503064 0.747159 0.408829 0.545882 0.741031 0.362779 0.141392 0.961968 0.294831 0.250342 0.929164 0.357436 0.281619 0.276005 0.469374 0.293147 0.399041 0.703759 0.336318 0.106329 0.746443
0.422921 0.480826 0.046371 0.480779 0.315673 0.007026 0.353730 0.911521 0.441830 0.172421 0.968939 0.421161 0.743944 0.491272 0.445133 0.716686 0.316938 0.214099 0.938517 0.308388 0.190554 0.878954 0.264031 0.329013 0.320015 0.466387 0.134077 0.361852 0.651946 0.265261 0.115061 0.743739
0.423155 0.508845 0.070608 0.486563 0.295064 0.021163 0.381186 1.023057 0.444430 0.059155 0.848463 0.561066 0.718766 0.430383 0.427753 0.856339 0.391145 0.311663 0.957244 0.350927 0.060223 0.931323 0.398697 0.308043 0.398633 0.466058 0.164064 0.331542 0.700734 0.361044 0.126795 0.800298
0.397842 0.565284 0.190525 0.477389 0.345529 0.130843 0.233669 1.056438 0.527470 0.152207 0.978568 0.455161 0.724880 0.505012 0.590079 0.728188 0.416853 0.128275 0.904631 0.382743 0.178037 0.918107 0.357436 0.346709 0.321650 0.474610 0.248161 0.232300 0.676123 0.312532 0.159901 0.816223
0.406741 0.503019 0.036248 0.368266 0.304287 0.066032 0.331689 0.985906 0.514307 0.132624 0.930168 0.454877 0.711944 0.439844 0.465915 0.814849 0.370854 0.234139 0.918048 0.262243 0.201130 0.934233 0.465826 0.320569 0.268748 0.373921 0.206691 0.343284 0.717324 0.277714 0.185417 0.760546
0.466917 0.439386 0.162321 0.410752 0.223378 0.034390 0.296274 0.911662 0.396435 0.147304 0.831031 0.458992 0.666848 0.522063 0.448551 0.781490 0.405223 0.158778 0.938346 0.251482 0.315207 0.889256 0.427931 0.413535 0.409701 0.386702 0.065831 0.324923 0.657499 0.303243 0.028285 0.739070
0.461674 0.473417 0.111588 0.604532 0.313080 0.069954 0.240874 1.019290 0.398305 0.190917 0.872408 0.391592 0.767267 0.381746 0.408716 0.751522 0.368778 0.180828 0.881585 0.350138 0.174989 1.009033 0.406137 0.387100 0.295731 0.425284 0.199873 0.260555 0.675804 0.349910 0.098273 0.799727
0.408524 0.469042 0.070444 0.449623 0.247389 0.207391 0.276997 0.978079 0.515475 0.203341 0.832184 0.482199 0.742906 0.403827 0.503190 0.860316 0.371472 0.223584 0.936198 0.351755 0.144036 0.998707 0.339821 0.287922 0.251340 0.542872 0.183563 0.283161 0.561244 0.285778 0.053427 0.796399
0.410420 0.499329 0.059062 0.458260 0.322146 0.060757 0.284481 1.054229 0.383587 0.166486 0.906953 0.495135 0.735111 0.530680 0.505819 0.816473 0.432996 0.206292 0.918446 0.344046 0.171070 1.002883 0.342239 0.314369 0.300764 0.474878 0.188497 0.341770 0.685853 0.300561 0.066218 0.695211
0.426531 0.419977 0.046470 0.444789 0.406954 0.080946 0.275975 0.947078 0.414926 0.212249 0.878602 0.528217 0.702668 0.541020 0.556017 0.824026 0.438803 0.307547 0.874373 0.323992 0.137691 0.985246 0.319913 0.340425 0.319634 0.515290 0.174523 0.296463 0.561578 0.265919 0.098253 0.767555
0.460829 0.556451 0.078523 0.403923 0.309983 0.017273 0.371662 0.898506 0.554116 0.149713 1.006334 0.513404 0.744260 0.583557 0.537378 0.861401 0.398643 0.259178 0.864394 0.410551 0.224277 0.909962 0.304210 0.175184 0.348995 0.499517 0.162189 0.289889 0.645592 0.307026 0.221171 0.767410
0.485852 0.515953 0.098563 0.393927 0.290614 0.005684 0.356340 1.036478 0.443257 0.158136 0.982848 0.472862 0.727226 0.579037 0.569530 0.856867 0.432173 0.138351 0.956135 0.340573 0.113297 0.981380 0.431082 0.317887 0.346562 0.440629 0.145214 0.302035 0.701836 0.265777 0.083386 0.722845
0.451025 0.510012 0.011440 0.476540 0.382550 0.032330 0.287986 0.939155 0.469739 0.277205 0.883214 0.445451 0.730706 0.485319 0.491009 0.746857 0.434892 0.180152 0.897909 0.361725 0.243400 0.916975 0.393641 0.306730 0.323032 0.443981 0.246845 0.236571 0.633617 0.208710 0.067120 0.745328
0.340287 0.530947 0.129398 0.469957 0.303579 0.123913 0.301718 0.983999 0.497674 0.167591 0.875637 0.472778 0.811987 0.498160 0.537916 0.703405 0.577455 0.237299 0.975198 0.328722 0.158653 0.982307 0.296786 0.251391 0.368463 0.573744 0.203957 0.378885 0.694863 0.268541 0.098569 0.740723
0.499585 0.492787 0.159836 0.389940 0.356623 0.006990 0.349818 0.988210 0.563556 0.098929 0.831507 0.448195 0.731559 0.476868 0.535339 0.815660 0.468395 0.276059 0.959562 0.308189 0.241711 0.965382 0.385982 0.359812 0.233024 0.548020 0.200567 0.252096 0.704113 0.322398 0.120259 0.758303
0.365995 0.523873 0.114280 0.419816 0.225221 -0.019798 0.316080 0.973502 0.385284 0.211974 0.882051 0.495996 0.584554 0.508267 0.556641 0.762695 0.322341 0.201745 0.882124 0.293881 0.216507 0.958029 0.392800 0.296314 0.330155 0.480521 0.121813 0.221574 0.677911 0.383035 0.084232 0.751612
0.497724 0.623358 0.110461 0.478187 0.314795 -0.000441 0.315142 1.080865 0.414189 0.197587 0.857378 0.536777 0.746416 0.496570 0.560284 0.690598 0.477905 0.259505 0.976298 0.318985 0.196780 0.938034 0.436704 0.320689 0.295979 0.462890 0.248502 0.287281 0.739300 0.363012 0.023346 0.825849
0.489615 0.457725 0.137474 0.473320 0.451136 0.118021 0.304382 0.979313 0.460743 0.281964 0.900652 0.516112 0.668383 0.500124 0.506919 0.846016 0.483357 0.208723 0.927310 0.392210 0.204016 0.898487 0.363498 0.338271 0.291277 0.409821 0.180711 0.355473 0.667654 0.341696 0.104115 0.803958
0.406092 0.555627 0.145810 0.510155 0.361426 0.075324 0.327133 0.998222 0.484703 0.267349 0.837052 0.492435 0.774139 0.374441 0.517700 0.781024 0.374048 0.226904 0.949250 0.358843 0.205688 0.878396 0.381084 0.402132 0.288288 0.434593 0.325629 0.303097 0.777368 0.258688 0.093123 0.774779
0.425635 0.579518 0.012251 0.388454 0.338279 0.047773 0.314143 1.074025 0.468774 0.174270 0.903953 0.541911 0.658267 0.503097 0.565711 0.731858 0.417099 0.336592 0.966967 0.344385 0.126133 0.939067 0.422726 0.259227 0.277968 0.526311 0.284186 0.323341 0.717817 0.299043 0.090032 0.789263
0.396128 0.433082 0.092455 0.405615 0.365083 0.133016 0.289661 0.960393 0.444956 0.188934 0.965577 0.493950 0.703736 0.434966 0.566969 0.790143 0.413757 0.223869 0.952936 0.298499 0.215776 0.986618 0.382143 0.237152 0.288815 0.543663 0.183855 0.302727 0.664388 0.284213 0.120416 0.795873
0.344909 0.431473 0.084892 0.431015 0.284346 0.157219 0.344666 0.946835 0.511313 0.204711 0.916616 0.529256 0.667629 0.458561 0.558246 0.810079 0.391915 0.224469 0.922258 0.353639 0.212627 0.873503 0.400833 0.300443 0.320829 0.454773 0.191150 0.380461 0.653101 0.350494 0.149796 0.730801
0.430162 0.479685 0.107765 0.476796 0.350502 0.111385 0.231962 0.972878 0.462107 0.159639 0.921615 0.387866 0.671234 0.516551 0.547288 0.809227 0.363363 0.140009 0.943780 0.304296 0.189085 0.970634 0.410176 0.378607 0.306914 0.433958 0.266128 0.350452 0.685717 0.335221 0.055014 0.815284
0.542551 0.461014 0.155973 0.389792 0.171755 0.162947 0.322830 0.955014 0.398088 0.211618 0.953914 0.521618 0.747599 0.533295 0.538992 0.763941 0.451984 0.270011 0.886084 0.260527 0.145368 0.763320 0.424174 0.326729 0.288957 0.446719 0.297263 0.301989 0.592757 0.344365 0.064209 0.770217
0.474693 0.488360 0.091272 0.431868 0.293010 0.059090 0.291306 1.063799 0.519755 0.241117 0.959783 0.466507 0.653192 0.493168 0.491708 0.877878 0.458453 0.318846 0.968437 0.447798 0.252228 0.986314 0.369866 0.382152 0.283602 0.427530 0.151497 0.238449 0.568976 0.363810 0.117150 0.814056
0.477095 0.500803 0.054395 0.388408 0.163996 0.016799 0.246864 0.950320 0.454946 0.194688 0.967048 0.478844 0.738261 0.389085 0.526742 0.813585 0.380452 0.236054 0.798343 0.306768 0.158961 0.841290 0.443031 0.284898 0.358666 0.429958 0.178324 0.304868 0.745099 0.276437 0.060014 0.765215
0.427342 0.445216 0.219974 0.378222 0.337901 0.045516 0.311257 0.946983 0.471822 0.192979 0.898595 0.537497 0.718067 0.450123 0.579356 0.797816 0.406495 0.294154 0.901807 0.296433 0.240379 0.946668 0.383618 0.292149 0.346749 0.390121 0.215731 0.354337 0.599850 0.254164 0.194961 0.744198
0.471597 0.453429 0.185476 0.431672 0.276245 0.054865 0.227019 0.927327 0.481927 0.214747 0.910873 0.509567 0.703865 0.519661 0.512037 0.793000 0.518690 0.219229 0.878064 0.323215 0.272381 0.944996 0.423154 0.301368 0.309143 0.505822 0.128008 0.305642 0.582465 0.302460 0.131960 0.841018
0.403498 0.562916 0.028397 0.420436 0.275711 0.087942 0.394006 1.016973 0.435213 0.179877 0.950506 0.531546 0.651049 0.441701 0.523178 0.776795 0.390564 0.179739 0.895129 0.386654 0.207662 1.038383 0.416173 0.200628 0.336380 0.460702 0.217178 0.276421 0.728220 0.392041 0.136693 0.790913
0.480478 0.537382 0.039077 0.399563 0.234991 0.067909 0.300793 0.989361 0.450175 0.238461 0.858105 0.515833 0.766289 0.525138 0.593714 0.788840 0.384305 0.128485 0.932230 0.379960 0.242440 0.934050 0.449055 0.401737 0.285539 0.471355 0.173341 0.303924 0.731633 0.338814 0.115573 0.833537
0.465173 0.485598 0.196845 0.521131 0.274175 0.117981 0.241502 0.985019 0.515412 0.285112 0.864841 0.567103 0.689931 0.436545 0.571881 0.838533 0.382704 0.358987 0.968538 0.310409 0.225522 0.889713 0.458053 0.404263 0.350254 0.508393 0.264082 0.305572 0.724657 0.294066 0.151667 0.749158
0.416734 0.548278 0.110013 0.501311 0.257439 0.076425 0.323499 0.990995 0.458697 0.180148 0.867748 0.471674 0.897443 0.492532 0.483276 0.805587 0.471615 0.266032 0.851213 0.399070 0.233137 0.953576 0.331260 0.294833 0.250195 0.499370 0.200574 0.344421 0.680853 0.251936 0.175039 0.738832
0.364093 0.888438 0.682462 0.190553 0.435644 -0.020371 0.759699 0.751618 0.461627 -0.029273 0.337777 1.004986 0.296846 0.996741 0.725618 0.918004 0.631081 0.502996 0.306187 0.089132 0.810680 0.735601 0.853789 0.012702 0.405968 0.352684 0.018442 0.729594 0.307120 0.739548 0.191185 0.579766
0.316106 0.852206 0.670452 0.244425 0.355112 0.031251 0.760423 0.688374 0.366259 0.015778 0.427621 0.852379 0.513881 0.992616 0.676516 0.951963 0.653140 0.505037 0.282999 0.092092 0.923915 0.785121 0.760635 0.085782 0.447778 0.344554 0.053129 0.696663 0.238650 0.702469 0.309333 0.517571
0.344797 0.932416 0.551514 0.230600 0.354196 0.043588 0.748865 0.689978 0.513872 0.042864 0.367047 0.938403 0.375186 0.858558 0.720389 0.900403 0.747595 0.502290 0.246711 0.068806 0.818228 0.690609 0.755786 0.109075 0.423758 0.305481 0.094793 0.757930 0.308038 0.775261 0.268260 0.595154
0.370503 0.872562 0.624525 0.145283 0.385915 0.026778 0.779760 0.763054 0.500954 -0.013045 0.296300 0.972727 0.408175 0.966337 0.633162 0.906995 0.651348 0.451401 0.198080 0.067948 0.758749 0.817140 0.748676 -0.008287 0.334979 0.373511 0.117138 0.720029 0.177769 0.784378 0.270615 0.756561
0.357640 0.861867 0.637401 0.117818 0.397691 0.023158 0.772424 0.628933 0.525741 -0.007705 0.346074 0.977437 0.281112 1.057566 0.705704 1.047243 0.643462 0.622075 0.296055 0.170066 0.789105 0.667414 0.827142 -0.047015 0.397404 0.284266 0.099610 0.790226 0.297505 0.761617 0.283625 0.690147
0.423692 0.849404 0.690012 0.145940 0.490512 0.036806 0.651132 0.747152 0.480035 0.046938 0.464666 1.028299 0.391524 0.964975 0.810818 0.885247 0.719142 0.644605 0.297530 -0.047739 0.873046 0.788797 0.745418 -0.010217 0.335342 0.205687 0.101806 0.594470 0.315089 0.724892 0.249087 0.597087
0.402553 0.859474 0.604323 0.220858 0.343930 0.079943 0.735117 0.725011 0.510761 -0.004961 0.502657 0.865205 0.456774 1.008855 0.660942 0.892686 0.670150 0.509393 0.242120 0.084348 0.839674 0.636914 0.783044 0.075783 0.424636 0.258005 0.022437 0.752954 0.262134 0.646286 0.189628 0.669626
0.370855 0.947315 0.622718 0.183137 0.523156 -0.002577 0.663099 0.664638 0.495805 0.042332 0.428221 0.925685 0.473476 0.908259 0.732329 0.871628 0.598079 0.544921 0.183535 -0.031646 0.852854 0.727934 0.709820 -0.017049 0.275618 0.320822 -0.000664 0.743459 0.273321 0.723893 0.162707 0.704982
0.424309 0.848949 0.613547 0.109309 0.391899 0.072682 0.691672 0.730205 0.428148 -0.051969 0.371126 0.872836 0.416336 0.940573 0.651379 0.871951 0.747384 0.581400 0.346607 0.001018 0.835649 0.742661 0.773993 -0.098234 0.373154 0.296874 0.122175 0.622531 0.254647 0.732665 0.344653 0.590566
0.422370 0.856675 0.556039 0.242893 0.337517 0.032508 0.658335 0.767072 0.379196 -0.039892 0.384474 0.879264 0.333935 0.948686 0.693332 0.964484 0.732767 0.452669 0.253869 -0.036318 0.819354 0.734410 0.661771 0.107958 0.391988 0.331277 0.034837 0.689434 0.258072 0.693104 0.284147 0.681097
0.380513 0.812905 0.641187 0.114234 0.438957 0.084715 0.785977 0.703144 0.440770 -0.033463 0.325930 0.866079 0.338824 0.942586 0.711089 0.905143 0.635607 0.561882 0.247282 0.010963 0.769632 0.710132 0.708188 -0.035277 0.326614 0.364815 0.109594 0.627069 0.329522 0.666344 0.268944 0.686941
0.316413 0.861503 0.643542 0.139828 0.343872 -0.016477 0.759569 0.711457 0.504836 -0.014404 0.356266 0.989823 0.481182 0.888874 0.736519 0.851389 0.585971 0.437117 0.214912 0.077006 0.802598 0.729721 0.800118 0.066108 0.357120 0.362119 0.075134 0.672094 0.367382 0.760320 0.159526 0.595027
0.314325 0.945164 0.705305 0.246736 0.374398 0.026421 0.707766 0.628868 0.468401 0.065124 0.470863 1.025982 0.394629 0.997127 0.688303 0.897239 0.752831 0.482972 0.245623 -0.022623 0.772192 0.730480 0.738946 -0.030991 0.397309 0.304183 0.019022 0.785601 0.193514 0.699565 0.171964 0.683127
0.402100 0.854747 0.591025 0.154982 0.335145 0.076391 0.798777 0.733024 0.516886 -0.061813 0.391312 0.895904 0.267209 0.962049 0.772250 0.830874 0.839009 0.478689 0.223849 0.040018 0.723996 0.682051 0.790566 -0.042838 0.405664 0.399099 -0.003807 0.770365 0.266597 0.659568 0.217749 0.607345
0.422207 0.772541 0.670532 0.201323 0.430494 0.038479 0.750197 0.716511 0.396826 0.084158 0.450327 0.954987 0.298896 1.045494 0.751279 0.912785 0.623622 0.554112 0.252066 0.044970 0.845617 0.806409 0.749781 0.075339 0.384615 0.371461 0.114470 0.703401 0.290166 0.700084 0.257430 0.672131
0.404006 0.859628 0.660436 0.156989 0.431486 0.063992 0.752799 0.727826 0.482152 0.011833 0.387467 0.995384 0.371752 0.941031 0.864281 0.922997 0.712689 0.479131 0.272619 -0.019344 0.794414 0.772856 0.790982 0.032520 0.432918 0.243601 -0.019291 0.739847 0.236421 0.732010 0.328224 0.631897
0.374577 0.908147 0.627174 0.047003 0.385792 -0.093319 0.706825 0.734747 0.434879 -0.012630 0.364899 1.036416 0.414801 0.880920 0.706167 0.896068 0.631145 0.442012 0.189261 0.071810 0.795835 0.760348 0.819950 -0.049781 0.262795 0.342694 0.047424 0.791997 0.260209 0.795209 0.363053 0.543213
0.394722 0.853648 0.644984 0.135559 0.422598 0.002458 0.736003 0.672841 0.435050 0.020296 0.424400 0.945783 0.344018 1.017564 0.812311 0.926261 0.689479 0.498592 0.197767 -0.019250 0.776503 0.752534 0.702424 -0.082544 0.245849 0.346882 0.048925 0.627166 0.236956 0.767574 0.244406 0.635783
0.260703 0.835398 0.643373 0.266022 0.381560 0.049614 0.739286 0.693670 0.504528 0.043593 0.492810 0.985910 0.457530 0.936804 0.740957 0.973847 0.666268 0.599985 0.234312 -0.011957 0.819074 0.716734 0.669781 -0.026941 0.368273 0.248821 -0.025188 0.706179 0.192534 0.749891 0.205980 0.727151
0.400990 0.787987 0.687464 0.165377 0.419197 0.004005 0.781457 0.715189 0.455655 0.057303 0.351139 0.958176 0.342589 0.935358 0.673015 0.828947 0.612912 0.505050 0.351540 0.088036 0.766004 0.821743 0.749753 -0.022949 0.272222 0.272754 0.092072 0.740918 0.324203 0.691754 0.182325 0.634172
0.327917 0.809781 0.698845 0.087841 0.348064 -0.009590 0.702673 0.761686 0.520093 0.019951 0.391494 0.915068 0.382911 0.947143 0.724610 0.905608 0.804214 0.540259 0.280179 0.042713 0.859006 0.752821 0.791778 0.065437 0.307360 0.335147 0.042559 0.679667 0.283342 0.659073 0.262111 0.742130
0.413715 0.842987 0.652390 0.181121 0.395202 0.099455 0.728674 0.619391 0.410161 0.012882 0.327737 1.026934 0.335388 0.979114 0.856913 0.982093 0.652843 0.596914 0.263121 0.069112 0.778903 0.806388 0.818152 -0.102994 0.363546 0.256499 0.061075 0.730322 0.225089 0.733546 0.304634 0.731974
0.430807 0.797502 0.659661 0.151428 0.462126 0.017473 0.775806 0.790390 0.480847 -0.052164 0.449377 1.012941 0.436787 0.950946 0.744998 0.962743 0.644324 0.526685 0.342617 0.075132 0.939995 0.746929 0.728015 -0.039978 0.408374 0.297012 0.116475 0.685835 0.345488 0.740087 0.248010 0.707305
0.341789 0.851680 0.659049 0.169323 0.428849 0.029156 0.791333 0.782492 0.413393 -0.030458 0.449274 0.954126 0.307974 0.931625 0.780278 0.998895 0.697439 0.605708 0.260267 -0.008395 0.815673 0.701967 0.835916 0.033219 0.253313 0.363425 0.008764 0.710489 0.330808 0.733274 0.238069 0.674788
0.340699 0.864364 0.570704 0.107075 0.358345 0.042938 0.652144 0.670255 0.388576 0.042718 0.436560 0.969334 0.428312 1.013577 0.789981 0.951478 0.700013 0.601617 0.354248 -0.006611 0.790855 0.748315 0.766471 0.005219 0.338378 0.250658 0.063298 0.716175 0.359181 0.717221 0.216406 0.605005
0.395801 0.862923 0.570736 0.125282 0.337886 0.023770 0.763690 0.669474 0.451142 -0.076348 0.393872 0.825787 0.353808 0.885428 0.646676 0.885285 0.712793 0.535873 0.303259 0.038906 0.806824 0.756909 0.819810 -0.011909 0.405231 0.328186 0.058151 0.704019 0.276499 0.641482 0.278393 0.630492
0.308006 0.921469 0.667710 0.188037 0.375773 0.053284 0.721931 0.723918 0.388470 -0.064868 0.442483 0.887610 0.394659 1.013110 0.676786 1.033710 0.673984 0.543787 0.207235 -0.038419 0.738683 0.747161 0.694077 -0.055567 0.377077 0.327628 0.045047 0.796109 0.259852 0.627574 0.234240 0.643921
0.414153 0.851724 0.695456 0.198828 0.377035 0.020648 0.782543 0.698679 0.548004 0.054590 0.321889 1.010810 0.351435 0.943123 0.785422 0.901632 0.805805 0.579365 0.300770 0.067889 0.965869 0.701767 0.767982 0.066882 0.358203 0.318203 -0.005465 0.729889 0.328509 0.717560 0.168509 0.710794
0.379506 0.829008 0.629270 0.170217 0.427209 0.052479 0.669814 0.707054 0.503011 -0.067419 0.337431 0.938709 0.369883 1.014553 0.770426 0.969808 0.667069 0.426169 0.295390 0.009253 0.903548 0.823447 0.778710 -0.027406 0.450161 0.251486 0.016631 0.810013 0.193575 0.808157 0.239643 0.621887
0.340820 0.874953 0.624932 0.173727 0.337752 0.010786 0.788349 0.697866 0.445059 0.032301 0.405572 0.933441 0.382712 0.918964 0.694713 0.857102 0.678774 0.488809 0.297478 0.057963 0.833839 0.716278 0.767971 0.085354 0.306513 0.390454 -0.011863 0.753206 0.282726 0.673128 0.209089 0.596289
0.398211 0.829590 0.534345 0.149105 0.418515 0.082580 0.692884 0.717068 0.515142 -0.048358 0.379732 0.987892 0.396618 1.004505 0.669998 0.937221 0.675356 0.535683 0.344580 0.008796 0.821600 0.718128 0.745812 0.053070 0.318339 0.352901 -0.012648 0.704362 0.261587 0.802134 0.154375 0.676626
0.412124 0.924343 0.592080 0.134559 0.541267 -0.023964 0.653263 0.655856 0.499172 0.012282 0.327420 0.938670 0.364001 0.931705 0.775387 0.975937 0.783350 0.498425 0.175387 0.030684 0.802170 0.703503 0.787742 -0.018442 0.329264 0.277244 0.022778 0.744334 0.304199 0.702324 0.163823 0.687824
0.400079 0.887282 0.681883 0.148409 0.399797 0.039869 0.732751 0.724540 0.456383 -0.016950 0.462618 0.890493 0.386437 0.989991 0.746849 0.990447 0.657922 0.510104 0.307569 0.211200 0.788809 0.726563 0.757063 -0.018685 0.217640 0.340957 0.072281 0.688777 0.192961 0.773898 0.211849 0.681165
0.334618 0.746579 0.619466 0.054414 0.440344 -0.046723 0.684066 0.621850 0.351727 0.003375 0.387046 0.965341 0.387327 1.021293 0.729882 0.843418 0.715862 0.552390 0.299876 -0.039748 0.858529 0.712846 0.735927 0.030095 0.449874 0.400616 -0.064844 0.794493 0.271074 0.735535 0.266986 0.585169
0.380409 0.889184 0.687432 0.108741 0.453957 0.005299 0.701394 0.713009 0.451625 0.033645 0.333514 0.946661 0.410690 1.051884 0.689915 0.993998 0.532514 0.458707 0.224305 0.063689 0.830648 0.748851 0.699804 0.059202 0.369038 0.337960 0.094614 0.774598 0.270218 0.670618 0.323264 0.657044
0.430746 0.894029 0.624439 0.128231 0.439590 0.043304 0.692167 0.766629 0.435272 0.095580 0.348508 0.991112 0.303512 0.913654 0.631762 0.927835 0.625340 0.566311 0.222125 -0.041492 0.888073 0.767693 0.681932 0.094773 0.366360 0.357360 -0.000532 0.658825 0.288206 0.681554 0.199327 0.591501
0.438193 0.866811 0.703504 0.157438 0.355174 0.066808 0.782041 0.738641 0.436485 -0.004290 0.376449 0.941073 0.387322 1.061059 0.684996 0.913724 0.695574 0.585845 0.232369 0.097826 0.785934 0.749134 0.741115 0.101850 0.332383 0.325135 -0.041315 0.750962 0.353252 0.829418 0.295716 0.540425
0.416649 0.816888 0.709119 0.191701 0.481688 0.091087 0.771659 0.627236 0.546666 0.025780 0.369084 1.042031 0.417980 0.984923 0.737188 1.055505 0.716066 0.516317 0.358220 0.047302 0.915792 0.762084 0.784657 0.002962 0.396751 0.354158 0.065688 0.749065 0.267995 0.727416 0.223502 0.674032
0.444256 0.893379 0.665144 0.129441 0.402437 0.069951 0.669528 0.624590 0.526234 0.074039 0.378969 1.038539 0.410890 1.003423 0.707978 0.834168 0.751650 0.492930 0.287919 0.007798 0.802641 0.829577 0.814707 0.020917 0.379173 0.257769 0.066513 0.781360 0.223333 0.783009 0.156618 0.658170
0.326127 0.822079 0.659208 0.200824 0.471574 -0.026052 0.720585 0.629966 0.426428 -0.020487 0.437916 0.878802 0.336585 0.935679 0.768899 0.907361 0.704113 0.521160 0.218908 0.043241 0.717680 0.734619 0.756021 -0.010564 0.373515 0.286267 -0.040662 0.677824 0.189572 0.682265 0.163979 0.561697
0.425148 0.814466 0.651383 0.235309 0.380110 -0.032672 0.705066 0.712672 0.470619 0.016619 0.340800 0.934096 0.379352 1.018247 0.820952 0.932927 0.703699 0.556448 0.239072 -0.030867 0.761565 0.752760 0.719426 -0.079383 0.420553 0.353942 0.003825 0.739412 0.228498 0.674280 0.200565 0.717996
0.391748 0.826671 0.679569 0.182727 0.423904 -0.040948 0.753109 0.696686 0.512689 -0.087408 0.386059 0.913820 0.415370 0.953459 0.807937 0.877326 0.638727 0.503459 0.229533 0.057036 0.719956 0.743830 0.690558 0.036113 0.351532 0.221826 0.067971 0.686452 0.202571 0.760420 0.181987 0.701082
0.391344 0.948572 0.631373 0.150691 0.425978 0.081701 0.681759 0.726893 0.388062 0.027246 0.376379 0.869250 0.467579 1.029779 0.719001 0.925554 0.653567 0.545357 0.186461 0.027890 0.836531 0.728937 0.674358 -0.016808 0.344648 0.347004 0.071994 0.743308 0.256734 0.733046 0.214802 0.684444
0.303878 0.860957 0.698319 0.130738 0.376977 0.018501 0.778025 0.701117 0.514484 0.072357 0.508625 1.011694 0.385492 0.951268 0.697947 0.966272 0.621967 0.535724 0.271628 0.021606 0.812723 0.688651 0.760360 0.026958 0.486117 0.358575 -0.002004 0.591878 0.224085 0.781473 0.206167 0.666080
0.401778 0.773312 0.720768 0.065279 0.378501 -0.003007 0.670677 0.654509 0.428079 0.016433 0.406417 0.999711 0.434475 0.932591 0.719165 0.886263 0.701826 0.503084 0.266236 0.017557 0.805922 0.805960 0.702603 0.072851 0.234458 0.363648 0.047650 0.701991 0.254668 0.692837 0.294212 0.567452
0.427509 0.904166 0.734375 0.185435 0.420075 0.077040 0.659400 0.727842 0.493731 0.014231 0.399714 0.978537 0.377921 0.944791 0.775267 0.996133 0.670061 0.558038 0.297033 0.025249 0.847810 0.720863 0.715959 -0.003052 0.334450 0.371481 0.018945 0.699005 0.236017 0.793564 0.150615 0.698441
0.397926 0.829768 0.651930 0.088131 0.366861 -0.024498 0.718039 0.710850 0.610639 0.098529 0.375801 0.982847 0.420885 0.972222 0.745741 0.952978 0.614349 0.612643 0.124135 0.067752 0.826775 0.720340 0.785701 0.124599 0.274431 0.413318 0.061039 0.736476 0.334820 0.721821 0.276923 0.730933
0.345770 0.889163 0.656892 0.134096 0.391025 0.015539 0.727302 0.774018 0.447602 -0.012481 0.405190 1.033296 0.376810 0.982396 0.652356 0.908735 0.616591 0.507234 0.249017 0.018078 0.772340 0.742651 0.807301 -0.108023 0.330152 0.377259 0.070511 0.700507 0.319745 0.841345 0.213236 0.655126
0.381646 0.821473 0.575670 0.059573 0.465180 -0.027060 0.777071 0.725788 0.479157 0.060399 0.473351 0.982549 0.377825 1.049619 0.716962 0.902472 0.684663 0.505334 0.161829 0.072025 0.851926 0.747363 0.786563 0.001684 0.391718 0.311678 0.057212 0.701198 0.335153 0.777853 0.285735 0.617888
0.406523 0.763809 0.652042 0.128793 0.456089 0.058958 0.745755 0.703447 0.415802 -0.037777 0.440106 1.004017 0.331328 1.003187 0.761525 0.955339 0.652851 0.551780 0.319909 0.087926 0.844128 0.734107 0.695762 -0.073657 0.463998 0.398792 0.071342 0.721216 0.225028 0.797221 0.173442 0.612345
0.385590 0.886932 0.586787 0.112153 0.298188 0.050067 0.749765 0.651220 0.536759 -0.051977 0.468392 0.913410 0.386658 0.884013 0.752427 0.960609 0.679710 0.518834 0.289286 0.133013 0.779717 0.714087 0.738609 0.082192 0.393883 0.311947 -0.032307 0.712885 0.227131 0.761568 0.261676 0.642244
0.325713 0.758858 0.594595 0.122000 0.395925 0.124739 0.709921 0.782231 0.444357 -0.045142 0.401547 0.969364 0.329641 0.969564 0.664602 0.826659 0.643544 0.546512 0.278428 0.040334 0.762688 0.681674 0.798545 0.030657 0.423673 0.239028 0.133425 0.800891 0.272395 0.788638 0.293717 0.652651
0.216880 0.865705 0.647979 0.163824 0.376881 0.059909 0.797995 0.740628 0.451006 0.003717 0.397051 0.925149 0.320602 1.077759 0.710241 0.906773 0.695028 0.564104 0.226022 0.033162 0.825076 0.815360 0.763029 -0.004627 0.395737 0.301628 -0.017399 0.764263 0.330574 0.742960 0.218143 0.628767
0.432196 0.889237 0.628946 0.147220 0.378762 -0.036311 0.806470 0.661965 0.410876 0.014001 0.393979 0.957033 0.360188 0.909826 0.743074 1.089191 0.595506 0.484882 0.334801 0.052534 0.820967 0.862894 0.726935 0.096106 0.343008 0.412178 0.083032 0.704126 0.298650 0.726657 0.310593 0.740733
0.381038 0.844103 0.671060 0.192006 0.308765 0.037561 0.779746 0.645879 0.470177 -0.052519 0.487907 1.075738 0.396465 0.959024 0.654387 1.007398 0.700432 0.557851 0.337237 0.052955 0.890428 0.680689 0.724955 -0.017206 0.425102 0.384178 0.092341 0.740744 0.242842 0.788990 0.180057 0.744250
0.424181 0.824898 0.642684 0.233658 0.357008 -0.094287 0.787327 0.736374 0.535541 -0.005230 0.429145 0.925868 0.276221 0.991199 0.645108 0.908618 0.680376 0.557260 0.274879 -0.010447 0.863460 0.785481 0.757260 0.036239 0.262747 0.330550 0.002341 0.676037 0.280981 0.703252 0.181905 0.578929
0.342275 0.910954 0.683246 0.160086 0.422025 0.077731 0.771848 0.759020 0.501704 0.018092 0.362045 1.033541 0.251993 0.985989 0.768662 0.934430 0.632980 0.507797 0.253318 0.041916 0.801740 0.700789 0.826652 0.049186 0.305396 0.354273 0.093787 0.750876 0.299559 0.629581 0.280946 0.759192
0.340581 0.966650 0.690499 0.104647 0.439155 0.009720 0.713460 0.701560 0.357990 -0.011583 0.388235 0.922653 0.415540 0.981665 0.714840 0.955388 0.679154 0.605393 0.214607 0.192840 0.874814 0.766815 0.691298 -0.068932 0.385421 0.333101 0.041984 0.745538 0.199019 0.765310 0.229700 0.595254
0.317652 0.772127 0.596419 0.077682 0.414496 -0.007814 0.741657 0.723198 0.497969 -0.021706 0.460077 0.953459 0.381035 0.975719 0.614879 0.886136 0.684674 0.474562 0.201967 0.038123 0.837030 0.783170 0.728841 0.043507 0.350451 0.286811 0.062010 0.709770 0.301873 0.798703 0.339458 0.682225
0.301584 0.862103 0.643368 0.119297 0.399535 0.030259 0.668024 0.661325 0.470588 0.012694 0.400505 0.989012 0.391533 1.008745 0.743522 1.008693 0.663710 0.515835 0.307400 0.031008 0.804508 0.649894 0.726437 0.026709 0.352276 0.350297 0.011291 0.691051 0.248766 0.784182 0.234585 0.683284
0.401291 0.861681 0.654514 0.108180 0.488061 -0.026133 0.762814 0.663995 0.349025 0.023752 0.437663 0.994329 0.472296 1.060802 0.707693 0.925782 0.650147 0.541775 0.268980 0.035675 0.681637 0.718397 0.758441 0.142037 0.403892 0.282165 0.052227 0.759635 0.216059 0.726627 0.266792 0.588527
0.386634 0.846565 0.719607 0.160801 0.389350 0.045067 0.753307 0.673758 0.519286 -0.037101 0.345523 0.999970 0.417362 1.015912 0.833588 0.850815 0.686085 0.475000 0.344824 -0.041693 0.832725 0.761508 0.769437 -0.020264 0.306042 0.334164 0.027746 0.743299 0.318996 0.781005 0.277678 0.650399
0.454776 0.900630 0.613432 0.130942 0.394932 0.161888 0.735164 0.722583 0.494909 -0.027530 0.349864 0.924233 0.292383 0.979948 0.622503 0.898742 0.742991 0.550427 0.239920 0.020387 0.853483 0.722746 0.767179 -0.024327 0.368828 0.352851 0.075712 0.670942 0.285951 0.734212 0.202335 0.626239
0.466685 0.796544 0.696342 0.092865 0.464416 0.008929 0.744462 0.714264 0.409533 0.098973 0.406068 0.969988 0.406503 0.959599 0.764981 1.007947 0.632061 0.532214 0.279077 0.039302 0.847746 0.736740 0.771836 0.031794 0.377531 0.352854 0.041286 0.761073 0.351234 0.728540 0.231960 0.650993
0.457650 0.863315 0.577945 0.178646 0.455153 -0.009464 0.681655 0.663967 0.454437 -0.087250 0.497620 1.027290 0.402155 0.998884 0.760580 0.862676 0.653318 0.455666 0.249198 0.037262 0.808472 0.716249 0.708634 -0.011391 0.441767 0.313504 0.094166 0.707718 0.286079 0.670907 0.258687 0.659998
0.392641 0.842707 0.637736 0.147310 0.432878 0.067771 0.773426 0.694500 0.402620 0.046971 0.413082 0.970480 0.439422 0.991849 0.737536 1.002807 0.686895 0.473673 0.300711 0.131768 0.793491 0.644792 0.746827 0.048637 0.320290 0.314091 0.095108 0.746964 0.347699 0.709259 0.228379 0.695252
0.457862 0.942317 0.680496 0.158562 0.268360 0.026414 0.824936 0.633970 0.489122 0.008925 0.416241 0.893359 0.431590 1.017632 0.720187 0.977237 0.694810 0.544809 0.230451 -0.019410 0.789955 0.729090 0.771248 0.011779 0.313425 0.400552 0.021778 0.745131 0.319678 0.787486 0.161717 0.656384
0.444353 0.910891 0.530789 0.133930 0.394303 0.049856 0.693725 0.741911 0.479356 0.052308 0.366322 0.914486 0.329060 1.035724 0.670057 0.932642 0.593369 0.614116 0.279902 0.131492 0.803667 0.788325 0.722863 -0.095672 0.322948 0.407243 0.095335 0.711438 0.300469 0.773497 0.234099 0.627316
0.428043 0.830834 0.593094 0.113958 0.533802 0.040994 0.744043 0.633569 0.371640 0.028681 0.359887 0.936647 0.396620 0.865667 0.717169 0.937824 0.608762 0.610570 0.295357 0.130517 0.768055 0.849392 0.710492 0.017947 0.329031 0.398885 0.015372 0.735409 0.229037 0.719956 0.233027 0.672908
0.471542 0.870324 0.635938 0.155979 0.376443 0.013295 0.731516 0.814044 0.406713 0.130095 0.365051 0.975879 0.405470 1.031791 0.795499 0.857734 0.638995 0.606365 0.355713 0.041579 0.718602 0.804768 0.814127 0.100534 0.415633 0.274658 -0.030668 0.725326 0.246265 0.790833 0.258084 0.678643
0.351744 0.791188 0.627901 0.171229 0.400736 0.056444 0.780588 0.702787 0.473477 -0.137550 0.332972 1.000333 0.339430 0.886710 0.788708 0.940891 0.746298 0.510851 0.319358 0.019468 0.757368 0.709436 0.874767 -0.002086 0.405732 0.389548 0.033246 0.732586 0.211613 0.752475 0.252461 0.625793
0.401300 0.806894 0.722382 0.206620 0.429767 0.050897 0.743126 0.724437 0.487159 0.032321 0.339797 0.951323 0.356693 1.019214 0.739266 0.951216 0.652571 0.592626 0.212175 0.056237 0.793594 0.707544 0.792505 0.069446 0.461269 0.293338 -0.018877 0.809573 0.262431 0.737600 0.252291 0.729128
0.357434 0.895281 0.711958 0.182471 0.491031 0.003079 0.776929 0.642311 0.452742 0.111978 0.376758 0.929020 0.310347 0.873423 0.713437 0.902734 0.695902 0.453478 0.178984 0.002632 0.942542 0.846590 0.780937 -0.042835 0.397439 0.357349 0.058208 0.784073 0.350398 0.693362 0.244551 0.692948
0.402742 0.848274 0.666969 0.126069 0.321553 -0.001702 0.732180 0.686615 0.481028 -0.044994 0.361078 0.987837 0.379292 0.957815 0.768867 1.022132 0.656886 0.601792 0.272341 0.005924 0.807349 0.695261 0.746384 -0.001892 0.314275 0.290660 -0.008118 0.701565 0.226441 0.781393 0.196698 0.628849
0.431842 0.873356 0.576560 0.183884 0.358803 0.048151 0.642040 0.728165 0.431025 0.085913 0.449778 0.914363 0.406408 0.985818 0.738771 0.942456 0.688728 0.557988 0.306745 0.014904 0.787369 0.577680 0.754642 -0.019850 0.310610 0.370257 0.110604 0.728053 0.339499 0.678164 0.242458 0.739523
0.351236 0.887033 0.689016 0.227205 0.366322 -0.078225 0.765485 0.734369 0.533079 0.001757 0.405229 1.017562 0.497056 1.010542 0.644548 0.931866 0.679791 0.579475 0.355212 -0.008995 0.927242 0.842593 0.781775 -0.002691 0.416918 0.339587 -0.000496 0.677099 0.256739 0.734934 0.244628 0.639951
0.335952 0.842954 0.610280 0.127347 0.383629 0.023711 0.742911 0.633316 0.505493 0.098552 0.361307 1.001405 0.447164 0.956866 0.737727 0.849711 0.683951 0.561665 0.328455 0.003669 0.822133 0.710055 0.803492 -0.022456 0.473286 0.343174 -0.050751 0.739826 0.255645 0.722624 0.274528 0.589161
0.438275 0.904414 0.644038 0.204451 0.456364 0.056328 0.689563 0.697364 0.445063 0.061492 0.353363 1.010868 0.279527 0.929509 0.722844 0.945901 0.712760 0.504894 0.211925 -0.025033 0.741859 0.777158 0.665098 -0.015201 0.347228 0.372117 0.039131 0.701579 0.190796 0.839341 0.221943 0.691575
0.428306 0.910594 0.705453 0.242495 0.383123 -0.062077 0.763232 0.638063 0.439403 0.052917 0.431816 0.815935 0.354735 1.061729 0.723598 0.938894 0.759384 0.609118 0.349924 0.151035 0.808937 0.692372 0.753655 0.019846 0.319651 0.305415 0.050399 0.730919 0.237526 0.676240 0.129716 0.583854
0.327474 0.938940 0.667007 0.092203 0.461153 -0.023848 0.804066 0.724578 0.505661 0.009129 0.394163 0.926841 0.391477 1.068182 0.734312 0.972958 0.615328 0.518188 0.170813 0.059450 0.774765 0.716450 0.774289 0.022197 0.334697 0.277584 0.086640 0.710803 0.305629 0.703229 0.248649 0.683250
0.474713 0.806995 0.695550 0.212663 0.406131 0.019570 0.732312 0.730118 0.522643 -0.007317 0.414818 0.918455 0.381095 0.953535 0.781049 0.922168 0.705801 0.585038 0.342017 0.032046 0.735086 0.788631 0.756042 0.025223 0.379681 0.431696 -0.066820 0.792942 0.323033 0.768071 0.202146 0.573536
0.419894 0.905750 0.627440 0.211621 0.397743 -0.070451 0.695399 0.710362 0.441517 -0.014433 0.388201 0.925296 0.250810 0.978850 0.653789 0.926769 0.648141 0.619365 0.225111 0.021273 0.787129 0.745398 0.779885 0.098212 0.299364 0.352948 0.033719 0.741804 0.276697 0.668827 0.270112 0.623816
0.321690 0.981533 0.721387 0.252489 0.333974 0.047702 0.727144 0.688723 0.386904 0.048498 0.376655 0.911114 0.294595 0.956747 0.727428 0.964822 0.690115 0.490233 0.261245 0.107075 0.831383 0.797950 0.740065 0.030514 0.334502 0.301897 0.017541 0.734646 0.309829 0.664685 0.299408 0.610381
0.399095 0.848729 0.616488 0.092631 0.328048 0.032837 0.759389 0.703261 0.482962 0.056081 0.416353 0.932576 0.410128 0.914113 0.702022 0.986390 0.589107 0.457355 0.262064 0.136024 0.796572 0.797724 0.833240 0.082994 0.390057 0.327538 0.077380 0.692810 0.167048 0.738777 0.285356 0.610636
0.327661 0.837307 0.655938 0.106209 0.428259 -0.018787 0.744835 0.664738 0.362730 0.002138 0.361754 0.974933 0.389697 0.968793 0.656749 0.945829 0.721511 0.505207 0.347150 0.066257 0.862708 0.706636 0.881932 0.085190 0.401171 0.337310 0.076964 0.778485 0.227864 0.832477 0.203080 0.737170
0.386788 0.971279 0.557087 0.088186 0.359658 -0.028839 0.795862 0.700001 0.367526 0.002849 0.322252 0.933249 0.294024 1.021079 0.709961 0.884607 0.690812 0.583070 0.239381 0.071521 0.848251 0.720826 0.756064 0.046874 0.354473 0.300192 0.023211 0.689675 0.210722 0.691834 0.268498 0.591164
0.385836 0.843450 0.565251 0.142409 0.434325 0.004293 0.756889 0.633903 0.485452 -0.001757 0.249712 1.043061 0.413833 0.909925 0.578402 0.980354 0.637495 0.566889 0.225386 -0.005949 0.781939 0.630120 0.738293 0.070886 0.333478 0.303054 0.014276 0.690478 0.289976 0.779932 0.200027 0.705996
0.414844 0.843493 0.647096 0.146335 0.343745 0.010459 0.711478 0.594816 0.411338 0.073706 0.390210 0.996829 0.330651 1.061233 0.759349 0.917775 0.772596 0.667508 0.278191 0.047048 0.786688 0.690429 0.729058 -0.038313 0.420878 0.271491 0.043969 0.820426 0.245872 0.736554 0.171638 0.689355
0.503678 0.831797 0.618938 0.144493 0.370167 0.064676 0.707101 0.561953 0.403605 -0.038169 0.428933 0.997051 0.403351 0.981562 0.815165 0.909356 0.712983 0.552762 0.280245 -0.004044 0.796184 0.708018 0.756846 0.066673 0.312050 0.394476 -0.016061 0.682274 0.172962 0.675439 0.248764 0.710698
0.351632 0.784128 0.667982 0.128759 0.456108 0.113633 0.668973 0.703760 0.535940 -0.090090 0.411455 0.965397 0.412089 0.881290 0.773594 0.809537 0.788327 0.560167 0.333056 -0.033355 0.865991 0.734034 0.694513 -0.009524 0.362525 0.322547 0.135808 0.762777 0.238218 0.760537 0.308644 0.610368
0.327850 0.845305 0.527858 0.124910 0.369450 0.012069 0.703914 0.711052 0.446598 -0.009841 0.401589 0.922312 0.387541 0.970125 0.755753 1.052009 0.633837 0.589062 0.209909 0.049009 0.767724 0.804098 0.724104 0.066242 0.468176 0.377019 0.069219 0.760795 0.220447 0.779390 0.260207 0.624819
0.435570 0.930548 0.540162 0.214109 0.431273 0.012500 0.773222 0.722034 0.485373 0.023849 0.393098 0.907233 0.411460 0.955684 0.730831 0.895861 0.650310 0.512544 0.190901 0.001934 0.821820 0.778320 0.675523 -0.023812 0.342813 0.367272 0.025237 0.702025 0.300460 0.753612 0.245713 0.628855
0.321417 0.899716 0.710343 0.100750 0.303243 0.022834 0.721186 0.735742 0.517529 0.001474 0.348619 0.992387 0.375784 0.929559 0.759831 1.015909 0.590356 0.556700 0.251943 0.069673 0.787944 0.698991 0.740651 -0.024998 0.340576 0.356409 0.042878 0.662115 0.313073 0.677247 0.216561 0.630658
0.318367 0.891308 0.672878 0.073432 0.462174 0.098341 0.721011 0.785538 0.513450 -0.065913 0.297553 0.974255 0.336684 1.043305 0.696262 0.911006 0.623449 0.580225 0.268131 0.045297 0.708342 0.781101 0.684986 0.014628 0.333640 0.357323 0.137877 0.756980 0.332358 0.701454 0.238311 0.750282
0.370824 0.859586 0.650601 0.144547 0.409439 0.007039 0.727426 0.728795 0.443993 0.005766 0.371236 0.870370 0.374120 0.995797 0.747829 0.936601 0.661102 0.520926 0.285017 -0.020415 0.829555 0.687924 0.794698 -0.040131 0.359350 0.259832 0.058388 0.656721 0.292670 0.692780 0.266393 0.589772
0.325110 0.929948 0.611905 0.153392 0.391677 0.040386 0.752954 0.654376 0.515029 -0.010765 0.396539 0.910093 0.319155 0.929382 0.750748 0.896012 0.651537 0.528865 0.254179 0.083347 0.835416 0.799024 0.809908 -0.009601 0.430878 0.327864 0.037044 0.781502 0.262338 0.751596 0.208565 0.558839
0.491173 0.820406 0.602442 0.126261 0.469933 0.003760 0.741113 0.764162 0.511719 0.045283 0.336853 0.907499 0.381654 0.969914 0.682594 0.954543 0.657177 0.566973 0.325827 0.022401 0.789469 0.713309 0.755896 -0.051164 0.426891 0.363270 -0.002241 0.713549 0.279936 0.641258 0.192848 0.611653
0.397720 0.928013 0.737788 0.162513 0.436024 -0.065776 0.667476 0.688130 0.528171 -0.057484 0.457143 0.892998 0.379738 0.893095 0.683801 1.030727 0.640314 0.593295 0.349781 0.081689 0.827214 0.719552 0.738383 0.081928 0.385410 0.350362 -0.000231 0.696133 0.212266 0.808696 0.197097 0.590484
0.365351 0.882070 0.643202 0.117252 0.425376 -0.089470 0.765523 0.729109 0.429721 0.005033 0.394138 0.875719 0.327808 0.987976 0.702462 0.879316 0.707635 0.515212 0.336628 -0.012432 0.787167 0.742887 0.743022 -0.010690 0.440647 0.318707 0.103516 0.719618 0.337680 0.801266 0.236634 0.710741
0.412876 0.867828 0.666271 0.188666 0.429003 -0.043657 0.753080 0.665823 0.439024 -0.011102 0.427608 0.932653 0.363042 0.942477 0.671472 1.007401 0.743114 0.472199 0.276367 -0.000706 0.875967 0.838411 0.800659 0.028752 0.422562 0.298228 0.007518 0.680971 0.259347 0.772666 0.246169 0.682578
0.369263 0.836929 0.620881 0.179931 0.391054 0.068959 0.704167 0.649568 0.425992 -0.020047 0.374494 0.940855 0.325076 0.937332 0.726913 0.959515 0.689897 0.493587 0.330013 0.018063 0.868566 0.818631 0.813347 0.000989 0.330504 0.339990 0.070712 0.726957 0.207279 0.675291 0.245691 0.616519
0.488435 0.975430 0.630721 0.061611 0.370973 0.005527 0.691215 0.748197 0.483760 0.039130 0.401079 0.945416 0.378654 0.940716 0.734226 0.952345 0.627957 0.529220 0.170665 -0.007040 0.804850 0.713144 0.769613 -0.024995 0.364120 0.317181 0.077881 0.733042 0.206162 0.665394 0.255201 0.604212
0.384949 0.871582 0.766356 0.236208 0.496013 0.027139 0.702492 0.719324 0.462322 -0.028640 0.501034 0.939960 0.425441 1.024705 0.746241 0.983337 0.743384 0.615684 0.194976 0.087435 0.718984 0.704646 0.778014 0.040537 0.361747 0.255788 0.056099 0.735576 0.277508 0.756768 0.266976 0.652920
0.467594 0.920535 0.673541 0.141250 0.344720 -0.004907 0.740406 0.732716 0.477825 0.021059 0.301968 0.930663 0.401807 0.922338 0.718252 0.902788 0.606624 0.483192 0.360109 0.027533 0.870584 0.665969 0.728486 -0.017932 0.352568 0.339742 0.084822 0.751795 0.296446 0.752758 0.139309 0.575767
0.363060 0.874560 0.632488 0.065453 0.417944 0.082864 0.831384 0.714301 0.426513 0.063161 0.376358 0.906258 0.308270 1.059858 0.680371 0.923046 0.719139 0.582285 0.306892 0.071817 0.793965 0.829010 0.804590 -0.071627 0.273374 0.254368 0.017047 0.580894 0.183785 0.778364 0.262188 0.627213
0.432013 0.912232 0.654294 0.204154 0.475088 0.111438 0.792374 0.758027 0.521880 0.050646 0.382854 0.975973 0.292563 1.017004 0.709395 0.963591 0.644785 0.485463 0.257252 0.044063 0.752119 0.717655 0.830384 -0.020936 0.326837 0.338932 0.096506 0.789690 0.288022 0.689645 0.200445 0.625049
0.436548 0.869141 0.627611 0.109827 0.386326 0.050851 0.701493 0.618960 0.457505 -0.013499 0.476413 0.932200 0.350033 0.918868 0.753685 0.968259 0.684360 0.564730 0.227080 0.027053 0.808949 0.766849 0.739011 0.029108 0.329839 0.307687 -0.006499 0.771724 0.262552 0.675827 0.219182 0.613270
0.334648 0.829854 0.567047 0.152319 0.425195 -0.041668 0.776526 0.670800 0.428281 -0.030232 0.338420 1.035124 0.368123 1.037386 0.718079 0.904176 0.744830 0.582844 0.238732 0.025364 0.747095 0.725978 0.878774 0.082250 0.382489 0.382791 0.093882 0.788140 0.281328 0.792233 0.138160 0.619575
0.410995 0.863001 0.661648 0.212964 0.375988 0.024785 0.679313 0.579796 0.512286 -0.088474 0.393116 0.966814 0.386039 1.003654 0.803077 1.023554 0.665915 0.505800 0.213426 0.062865 0.761956 0.816786 0.805194 0.068276 0.341187 0.258187 0.099704 0.783981 0.242845 0.728297 0.149593 0.721682
0.469091 0.918802 0.637318 0.152835 0.552341 0.043016 0.704008 0.685788 0.525797 -0.038377 0.374907 0.901396 0.398221 1.007594 0.793182 0.969668 0.630413 0.441368 0.229860 0.010397 0.850226 0.712634 0.745255 0.055215 0.295338 0.277470 0.056812 0.695511 0.315344 0.805892 0.298586 0.728974
0.402156 0.857406 0.614534 0.117942 0.341104 0.105856 0.766662 0.699075 0.445560 -0.061033 0.396798 0.951706 0.383087 0.942385 0.720225 0.892527 0.633570 0.551058 0.279835 -0.004887 0.811712 0.750803 0.828283 -0.025694 0.380085 0.304712 0.084653 0.761958 0.143896 0.693299 0.244639 0.495009
0.477388 0.875062 0.692641 0.223602 0.483319 0.094678 0.712606 0.742584 0.393612 -0.001465 0.372404 0.918430 0.355187 0.914442 0.670715 1.035852 0.755230 0.592414 0.227997 0.036530 0.777824 0.738494 0.704968 0.101733 0.381126 0.363137 0.032654 0.740330 0.254904 0.782134 0.262014 0.626469
0.372820 0.780218 0.650284 0.150028 0.475831 0.090558 0.664591 0.646875 0.533438 0.000128 0.416549 0.965211 0.330929 1.008956 0.692741 0.886960 0.650640 0.629103 0.250927 -0.016342 0.825189 0.769769 0.627957 0.027625 0.324757 0.285260 0.004952 0.700129 0.222656 0.714319 0.257411 0.530279
0.463162 0.776024 0.665041 0.220902 0.442888 0.028691 0.747964 0.723493 0.483877 0.069502 0.485366 0.962588 0.312991 1.001137 0.740947 0.838414 0.584293 0.506558 0.214570 0.102127 0.765131 0.697918 0.748762 0.031316 0.354335 0.270749 -0.030272 0.717574 0.269765 0.659554 0.259280 0.721689
0.359466 0.815061 0.564678 0.184364 0.385405 -0.008385 0.776214 0.731141 0.455531 0.006871 0.431564 1.073427 0.293916 0.924460 0.738787 0.983894 0.707182 0.564083 0.266211 0.082948 0.738509 0.804153 0.807248 0.055337 0.294522 0.240796 0.041002 0.634552 0.237208 0.720703 0.257732 0.527791
0.357204 0.795042 0.661144 0.180262 0.372225 -0.089196 0.743019 0.679790 0.396403 -0.029055 0.384020 0.887035 0.435707 0.969581 0.784011 0.996553 0.730656 0.416779 0.241787 0.085627 0.785245 0.806175 0.770363 -0.023610 0.355622 0.306081 0.107197 0.688835 0.234582 0.755227 0.272192 0.584475
0.343877 0.828431 0.680687 0.140825 0.359906 0.044623 0.687918 0.771569 0.377866 0.002115 0.442569 0.927259 0.368509 0.983020 0.701365 0.861392 0.750703 0.514091 0.203476 0.128304 0.794519 0.630353 0.741476 0.044403 0.249925 0.289067 0.059115 0.695685 0.192165 0.720536 0.146521 0.679615
0.420743 0.801392 0.684208 0.134903 0.437445 -0.007972 0.813077 0.695268 0.475737 0.040215 0.388377 1.031968 0.454123 0.902593 0.711142 0.976571 0.668872 0.498647 0.316996 -0.043340 0.854825 0.702893 0.756627 -0.007967 0.426485 0.370503 0.112295 0.806802 0.272929 0.815698 0.189604 0.686384
0.388461 0.863987 0.704153 0.136237 0.414122 0.069574 0.696537 0.684078 0.525955 0.045173 0.477637 0.958142 0.359929 0.924469 0.774999 0.879286 0.667830 0.489545 0.272877 0.070257 0.800676 0.702247 0.747222 -0.001692 0.408939 0.410513 0.008444 0.752434 0.339743 0.727892 0.183919 0.632545
0.327486 0.803447 0.620452 0.207182 0.460198 -0.028706 0.803817 0.683444 0.472872 0.025496 0.321914 1.013091 0.301461 1.026934 0.641442 0.904885 0.652835 0.600697 0.289056 0.042582 0.823858 0.787371 0.779304 0.056016 0.334570 0.349205 0.055951 0.673689 0.276511 0.684459 0.246051 0.631930
0.369415 0.853854 0.704632 0.209402 0.393370 0.085157 0.743058 0.732850 0.480084 -0.012650 0.464182 0.909690 0.442069 0.996908 0.762137 0.932825 0.585208 0.519923 0.270878 -0.025775 0.767732 0.849734 0.776216 -0.007058 0.408668 0.344169 0.041102 0.742576 0.222465 0.816992 0.197664 0.663078
0.430851 0.938382 0.669273 0.152785 0.394019 -0.024301 0.775363 0.630104 0.475870 0.030475 0.336746 0.953215 0.417855 0.989640 0.711423 0.940922 0.621826 0.527999 0.345944 0.025582 0.839598 0.775117 0.744492 -0.085387 0.295584 0.393228 0.048839 0.801291 0.245429 0.728013 0.192861 0.628425
0.364416 0.854264 0.682638 0.173423 0.460705 0.085060 0.713345 0.713661 0.516593 0.021431 0.421228 1.042458 0.457071 0.974446 0.678571 0.883016 0.646772 0.500146 0.268840 -0.010454 0.891639 0.682661 0.839549 -0.109985 0.394982 0.283590 0.058944 0.791269 0.233317 0.738974 0.181127 0.646509
0.368387 0.899544 0.582157 0.150140 0.410715 0.013211 0.750662 0.705187 0.442467 0.042544 0.381575 0.951092 0.315350 1.015975 0.727406 0.929463 0.661855 0.492436 0.281264 -0.000820 0.790081 0.788654 0.814608 0.018381 0.427209 0.279901 0.038328 0.684709 0.218764 0.756694 0.173803 0.625967
0.452328 0.850403 0.669283 0.113386 0.391040 0.042916 0.764529 0.716809 0.369837 0.111332 0.418116 0.971168 0.463787 0.959438 0.770549 0.944256 0.651204 0.506994 0.260755 0.014097 0.894241 0.801396 0.690557 -0.163957 0.403301 0.318986 0.103651 0.706681 0.217578 0.797344 0.266802 0.657475
0.364410 0.874569 0.583393 0.148114 0.394841 0.025068 0.691061 0.688319 0.518307 -0.011228 0.344500 0.957340 0.340036 0.966994 0.749375 0.909676 0.664581 0.472249 0.314843 0.024835 0.848288 0.834821 0.764773 0.055965 0.266740 0.352032 0.027251 0.777083 0.215576 0.710081 0.134243 0.647944
0.382400 0.869715 0.611848 0.207306 0.417018 0.053904 0.667728 0.748238 0.439267 0.010212 0.386660 0.915456 0.278419 1.002436 0.768017 0.996694 0.657017 0.481798 0.306671 0.022807 0.788190 0.786582 0.768253 -0.078461 0.307213 0.330781 0.006242 0.697484 0.281191 0.724156 0.192557 0.728689
0.408078 0.895445 0.631374 0.193589 0.445209 -0.045172 0.663679 0.663403 0.462630 0.032936 0.412832 0.956398 0.356225 0.910926 0.719336 0.926103 0.642055 0.579310 0.280205 0.034784 0.849556 0.705858 0.881143 -0.045810 0.291155 0.324622 0.039122 0.728046 0.288749 0.705593 0.118276 0.674508
0.423519 0.836621 0.633470 0.113678 0.382313 -0.044560 0.676413 0.697893 0.446721 -0.018125 0.434170 0.997261 0.437560 0.911886 0.798319 0.972674 0.649112 0.603024 0.214561 0.001742 0.784138 0.754421 0.790737 0.050345 0.378079 0.347686 0.061527 0.671728 0.240168 0.771641 0.209792 0.688104
0.359234 0.845206 0.685189 0.196781 0.521562 -0.035411 0.789860 0.581260 0.498661 -0.015794 0.462669 0.957468 0.385072 0.976629 0.673309 0.864885 0.714198 0.519010 0.348498 -0.020740 0.869487 0.703541 0.732484 -0.091241 0.316132 0.249808 0.058714 0.694037 0.170528 0.771985 0.258529 0.709153
0.424480 0.841710 0.642533 0.193647 0.417739 0.033157 0.743467 0.708161 0.382647 -0.047317 0.370230 0.858927 0.310541 0.991547 0.785889 0.900315 0.665126 0.509376 0.282915 0.034148 0.907400 0.696202 0.769514 0.154428 0.410105 0.428385 0.047662 0.631369 0.283252 0.723308 0.189512 0.619475
0.428542 0.795409 0.641043 0.200028 0.445055 0.032300 0.714371 0.750298 0.504997 -0.049133 0.432725 0.965138 0.265487 1.021409 0.658909 0.932385 0.657495 0.483542 0.296120 0.054077 0.895600 0.750794 0.730164 0.085715 0.462354 0.348383 -0.022390 0.667073 0.257491 0.739379 0.217907 0.653267
0.441948 0.812151 0.664784 0.229200 0.378495 -0.054298 0.661285 0.762364 0.430434 0.022101 0.379471 0.988650 0.345029 0.901615 0.742864 0.886775 0.721001 0.592583 0.229852 -0.014603 0.871311 0.790792 0.825792 0.075018 0.359848 0.386341 0.029079 0.825078 0.262913 0.649743 0.247411 0.661471
0.382697 0.952228 0.780271 0.175762 0.348115 0.016184 0.711882 0.705787 0.457813 -0.005998 0.411320 0.966878 0.277229 0.949919 0.731063 0.901858 0.699718 0.539169 0.304989 0.052921 0.839119 0.777791 0.694962 -0.049648 0.396175 0.423192 0.017851 0.722180 0.251341 0.731437 0.140916 0.620148
0.372894 0.713640 0.614466 0.203538 0.394643 0.084805 0.645144 0.612154 0.378894 -0.047558 0.378898 1.015978 0.361879 0.994567 0.696558 0.928655 0.671315 0.523242 0.261068 0.062690 0.740411 0.713138 0.800320 -0.017673 0.355121 0.366335 0.040251 0.714971 0.338990 0.675343 0.287470 0.619628
0.365460 0.759971 0.765155 0.133657 0.410178 -0.033209 0.738628 0.625524 0.460074 0.037376 0.396369 0.918415 0.411923 1.064107 0.739441 0.920593 0.678395 0.621303 0.333506 -0.040446 0.725788 0.797202 0.796515 -0.006117 0.377791 0.359211 0.025560 0.676339 0.269685 0.755022 0.287248 0.680151
0.397435 0.866258 0.736113 0.135977 0.452431 0.055817 0.726279 0.667837 0.428163 -0.014039 0.441272 0.966022 0.403315 0.972986 0.771253 0.897569 0.663456 0.565576 0.302752 0.006937 0.928229 0.741814 0.700457 0.026125 0.405290 0.337572 0.037243 0.716332 0.259528 0.770912 0.188713 0.544111
0.452502 0.791695 0.633360 0.084298 0.454944 0.014899 0.813210 0.703104 0.406121 -0.030143 0.446714 0.989536 0.340739 1.045342 0.753299 1.012799 0.569745 0.501590 0.248842 0.053769 0.822830 0.775912 0.727386 -0.045157 0.347439 0.299618 0.100528 0.747069 0.242030 0.700673 0.132217 0.666198
0.534724 0.931644 0.577196 0.182560 0.525882 0.000724 0.605326 0.576128 0.448246 0.069087 0.297662 0.927586 0.469626 0.951646 0.711643 0.925378 0.668281 0.534641 0.286161 -0.032726 0.786943 0.763035 0.790030 0.055475 0.363037 0.281087 0.029140 0.711843 0.228379 0.735032 0.345738 0.655418
0.373331 0.832736 0.682777 0.101073 0.380770 0.011113 0.741973 0.557874 0.437322 0.024454 0.372091 0.930096 0.400949 1.030489 0.795660 0.958210 0.688932 0.483927 0.175745 0.117817 0.786455 0.664808 0.831760 0.020313 0.425180 0.227604 0.063266 0.747845 0.306204 0.700628 0.137038 0.682169
0.359157 0.890892 0.731845 0.184860 0.449210 0.046412 0.762172 0.690578 0.505752 0.033333 0.453054 0.903170 0.392229 1.070019 0.727407 0.826238 0.699302 0.572656 0.307758 0.009897 0.764151 0.705840 0.747377 0.091832 0.404958 0.358367 0.051674 0.669770 0.239104 0.663148 0.297216 0.693226
0.428599 0.880305 0.650719 0.222888 0.479664 0.059527 0.703241 0.707487 0.502814 0.059522 0.335184 0.976800 0.339111 0.995553 0.750898 0.927924 0.682891 0.544733 0.356318 0.054757 0.912137 0.743592 0.810023 0.068175 0.413963 0.425750 0.049762 0.645518 0.207614 0.694341 0.351909 0.655359
0.436218 0.829427 0.691637 0.192551 0.379062 0.041835 0.763791 0.709917 0.498485 0.008510 0.420546 0.966680 0.318887 0.972884 0.752480 0.944248 0.682833 0.515134 0.240724 0.057754 0.920297 0.769098 0.743624 0.021422 0.334065 0.282181 -0.027400 0.724263 0.277198 0.717993 0.283164 0.706711
0.499401 0.884335 0.691588 0.142434 0.475138 -0.062957 0.804096 0.668750 0.395520 0.010056 0.399215 0.858553 0.345816 0.946456 0.705338 0.900982 0.635929 0.537121 0.222016 -0.050647 0.836538 0.762913 0.793772 0.045461 0.340602 0.368210 0.065616 0.792289 0.176347 0.787701 0.203954 0.674516
0.372360 0.777275 0.635033 0.164679 0.430529 -0.000293 0.672873 0.760295 0.470367 -0.045448 0.309734 0.956876 0.355558 0.980243 0.793784 0.941159 0.713001 0.482846 0.264782 -0.032339 0.796245 0.748163 0.694555 0.016103 0.325539 0.346143 0.050944 0.682495 0.258012 0.707334 0.295796 0.645701
0.457581 0.834547 0.626967 0.130691 0.480510 -0.016283 0.715416 0.663281 0.499249 -0.040119 0.315351 1.013802 0.345631 1.010470 0.685696 0.843678 0.711845 0.518791 0.251758 0.047262 0.775458 0.761854 0.754648 -0.019990 0.382219 0.252998 0.097191 0.652498 0.244366 0.804605 0.222030 0.676504
0.378374 0.837394 0.632155 0.244466 0.325485 0.104213 0.764389 0.670021 0.429916 0.079349 0.432547 1.058772 0.344956 0.908231 0.746974 1.029709 0.624330 0.534039 0.240311 0.080782 0.831993 0.675772 0.757856 -0.067558 0.328001 0.294678 0.056225 0.749834 0.284649 0.737830 0.275326 0.619918
0.369106 0.781902 0.554705 0.111458 0.403726 0.044931 0.710074 0.635515 0.456722 0.053592 0.417897 0.998018 0.260737 0.988983 0.764269 0.899098 0.563360 0.554394 0.237532 -0.032819 0.851712 0.756253 0.781458 0.003097 0.300492 0.302956 0.082719 0.726859 0.294676 0.875320 0.226808 0.746900
0.413336 0.933279 0.679474 0.206357 0.427839 0.041808 0.679492 0.763018 0.437867 0.034302 0.414091 0.917102 0.299989 1.020235 0.721890 0.781067 0.690861 0.457062 0.290167 0.086405 0.857964 0.764338 0.893308 0.074295 0.282525 0.354371 0.162547 0.652399 0.245031 0.811931 0.204827 0.582418
0.363827 0.848882 0.706586 0.157448 0.341585 -0.074125 0.683514 0.803326 0.409424 0.071356 0.456498 0.980033 0.421176 0.991113 0.793490 1.030693 0.720062 0.541578 0.291519 0.017142 0.855251 0.807903 0.691736 -0.074545 0.478299 0.360053 0.090951 0.781977 0.221684 0.842072 0.252615 0.678263
0.459350 0.859508 0.582667 0.189393 0.436064 0.002173 0.714352 0.693921 0.484653 -0.051789 0.416630 1.060260 0.441592 0.970210 0.724842 0.886123 0.743227 0.573337 0.282420 0.064458 0.867165 0.785819 0.759027 0.007861 0.312340 0.298111 -0.010332 0.724624 0.284817 0.737429 0.246197 0.519803
0.331418 0.837961 0.638227 0.129341 0.407307 0.066102 0.690578 0.763568 0.445294 -0.010531 0.354450 1.011900 0.322049 0.920694 0.749788 0.960958 0.680582 0.509329 0.261074 0.133120 0.767457 0.729550 0.749885 0.033141 0.418570 0.360400 -0.002773 0.697340 0.224399 0.682894 0.239167 0.630441
0.338178 0.925435 0.708072 0.149243 0.373791 0.093858 0.692132 0.728153 0.435175 -0.004593 0.372309 0.998189 0.363762 0.994712 0.723443 0.902269 0.747580 0.556061 0.289935 0.003887 0.846764 0.760819 0.775814 -0.011637 0.329185 0.335998 0.106904 0.690850 0.247587 0.738368 0.311750 0.603193
0.398184 0.766539 0.551614 0.200038 0.366783 0.048435 0.770973 0.743775 0.415101 0.074479 0.380679 0.916163 0.472156 0.991658 0.665658 0.896725 0.722616 0.495997 0.326754 0.040381 0.722462 0.683567 0.849274 -0.097110 0.293099 0.333676 -0.008610 0.776325 0.244314 0.758425 0.171412 0.626279
0.403201 0.871074 0.666298 0.219650 0.406667 0.064657 0.723717 0.725208 0.385855 0.122987 0.439701 0.995350 0.353908 0.958686 0.840956 0.991465 0.613764 0.550075 0.290564 0.051016 0.799140 0.770341 0.687121 -0.008222 0.356312 0.363025 0.116290 0.721056 0.323846 0.735131 0.172912 0.716650
0.301447 0.823214 0.620850 0.193700 0.382167 0.069260 0.655954 0.705004 0.418351 0.022461 0.319927 0.948324 0.335582 0.870143 0.720136 0.927187 0.718817 0.513144 0.262742 -0.039228 0.808165 0.766121 0.824043 0.025348 0.316998 0.338932 0.068416 0.726765 0.324275 0.667861 0.168362 0.669995
0.469346 0.822401 0.681703 0.186456 0.328276 -0.003186 0.781472 0.668847 0.414292 -0.053382 0.470746 0.978135 0.393655 0.870524 0.618845 1.032553 0.612116 0.519208 0.171749 0.076160 0.864815 0.810718 0.781143 -0.017290 0.414618 0.276964 -0.049257 0.759444 0.190733 0.736273 0.221318 0.596160
0.415676 0.907393 0.617568 0.240865 0.489670 -0.024176 0.774616 0.655990 0.462698 0.023089 0.402142 0.904395 0.393371 0.950461 0.687886 1.027481 0.631365 0.505061 0.276390 0.115275 0.786956 0.709021 0.744259 0.014840 0.439680 0.388547 -0.024657 0.734017 0.233561 0.758382 0.176020 0.618719
0.357224 0.858679 0.606123 0.147634 0.411166 -0.002276 0.738049 0.790903 0.425710 0.013801 0.408169 0.978684 0.346572 0.941936 0.741573 0.951273 0.615447 0.538776 0.271745 0.024863 0.878992 0.750246 0.699268 0.007703 0.450763 0.354828 0.007438 0.756722 0.273130 0.713002 0.177642 0.637850
0.355203 0.818461 0.637104 0.065737 0.392445 0.017542 0.742477 0.729531 0.404094 -0.035909 0.413908 0.981473 0.341583 0.974210 0.650832 0.910589 0.645503 0.666593 0.235387 0.070516 0.819382 0.779563 0.768320 0.107271 0.342319 0.346940 -0.031981 0.721920 0.301602 0.724376 0.315394 0.674313
0.418743 0.809574 0.616102 0.144769 0.397076 0.113709 0.698240 0.672143 0.446785 0.044774 0.383160 0.925929 0.427019 0.999139 0.767246 0.946226 0.699254 0.569328 0.225401 0.023264 0.778423 0.663147 0.745612 0.028454 0.412610 0.373239 0.063452 0.722324 0.277261 0.746253 0.227773 0.580518
0.398127 0.870340 0.634416 0.066155 0.370348 0.143314 0.743973 0.664187 0.420094 -0.020770 0.356955 1.020062 0.371651 0.950994 0.691644 0.822528 0.629334 0.550110 0.239063 -0.054195 0.783503 0.831613 0.688591 -0.013405 0.431432 0.295480 0.101887 0.683354 0.234935 0.665375 0.210934 0.675938
0.366803 0.830454 0.563081 0.230372 0.383453 -0.048246 0.818505 0.705807 0.345150 -0.105515 0.348790 0.939514 0.370179 0.964570 0.653003 0.929991 0.663667 0.485492 0.314030 -0.015733 0.850004 0.750164 0.734669 0.032162 0.369347 0.325528 0.073601 0.650470 0.236553 0.807031 0.241398 0.635469
0.419009 0.860277 0.732651 0.140189 0.471138 0.010626 0.686227 0.778161 0.453512 0.008393 0.382964 0.903456 0.359140 0.937695 0.749282 0.878978 0.656834 0.466758 0.269119 0.044277 0.680911 0.739050 0.797880 0.011435 0.341560 0.425027 0.068563 0.667463 0.231483 0.788751 0.174886 0.684010
0.378812 0.862953 0.729298 0.223240 0.305196 0.083630 0.776326 0.701435 0.481096 0.037295 0.485821 0.883166 0.456136 1.017764 0.692696 0.968102 0.707483 0.492725 0.292888 0.020873 0.821171 0.770940 0.719405 -0.020072 0.421751 0.308898 0.047877 0.760012 0.236380 0.698069 0.219714 0.722309
0.411678 0.897496 0.612012 0.125171 0.407632 0.016288 0.612350 0.629311 0.456060 -0.051343 0.369975 0.856647 0.417353 0.853659 0.669447 0.899463 0.729917 0.484600 0.429317 0.114616 0.785760 0.816673 0.836577 0.017020 0.339295 0.271608 0.105159 0.696970 0.263761 0.798412 0.221347 0.591877
0.357641 0.769406 0.667521 0.108521 0.454289 0.005960 0.800164 0.669438 0.425095 0.066390 0.305586 0.985887 0.449941 1.006135 0.796718 0.855621 0.613877 0.602689 0.160805 0.106530 0.821585 0.736812 0.772586 -0.061932 0.297587 0.380987 0.007495 0.685409 0.240046 0.735620 0.303858 0.643575
0.295828 0.895096 0.692693 0.176910 0.455461 0.047548 0.739548 0.746292 0.425041 0.011399 0.373572 0.955495 0.361102 0.946604 0.716780 0.952693 0.684739 0.540880 0.204626 0.055320 0.768913 0.741063 0.794386 0.098999 0.392487 0.252747 0.035052 0.787637 0.286000 0.743397 0.218595 0.656313
0.409714 0.880696 0.641059 0.168441 0.431618 0.005255 0.712352 0.744557 0.406747 -0.046269 0.502419 0.939308 0.376337 0.982646 0.787768 0.934747 0.656315 0.617160 0.227867 -0.027683 0.763703 0.690328 0.705075 0.017458 0.379334 0.342982 0.056612 0.752702 0.120485 0.790713 0.262356 0.642708
0.426158 0.780971 0.601033 0.134767 0.414823 0.024826 0.782882 0.680136 0.465040 0.044169 0.349558 0.995911 0.332289 0.959906 0.661847 0.904527 0.644275 0.502508 0.300405 0.057465 0.794994 0.824634 0.750401 0.006733 0.297411 0.411632 0.075848 0.763134 0.350926 0.671911 0.194800 0.795483
0.358644 0.831616 0.688949 0.163004 0.345814 -0.022567 0.880193 0.736528 0.491580 -0.024413 0.374052 0.911774 0.392706 0.915560 0.791139 0.875464 0.626601 0.640608 0.239177 0.025522 0.784152 0.738783 0.815993 0.078346 0.302439 0.321161 0.002535 0.694901 0.314962 0.665381 0.183463 0.690186
0.290034 0.864477 0.683025 0.211036 0.415806 -0.044310 0.702462 0.748726 0.498674 0.014005 0.420069 1.006324 0.377274 0.991888 0.598365 1.010417 0.674823 0.492507 0.241691 0.004601 0.836724 0.758868 0.782255 -0.012196 0.397311 0.379722 0.024929 0.738028 0.310427 0.746222 0.236391 0.632675
0.394534 0.935008 0.636010 0.176067 0.416664 0.030600 0.774560 0.699568 0.429591 -0.045553 0.387093 0.913278 0.319556 0.958309 0.724479 0.960662 0.699999 0.454423 0.271988 0.096931 0.738930 0.703333 0.823947 0.031255 0.306124 0.325306 0.024582 0.645197 0.357559 0.680874 0.170575 0.680615
0.391551 0.853484 0.678302 0.104515 0.410875 0.012429 0.733313 0.589594 0.406656 -0.007959 0.387607 0.944775 0.367551 1.038728 0.775677 0.922750 0.684640 0.509512 0.232039 -0.004343 0.811623 0.748066 0.738677 -0.063592 0.484272 0.354251 0.068245 0.733677 0.170228 0.754342 0.285437 0.573576
0.386228 0.831768 0.672513 0.271534 0.426735 0.012059 0.709741 0.644451 0.457995 0.040970 0.424879 0.993007 0.348468 0.888399 0.668805 0.883662 0.705327 0.540099 0.376689 -0.010420 0.750341 0.768611 0.725866 -0.082491 0.328832 0.305754 0.065522 0.670683 0.330621 0.776556 0.217177 0.568025
0.430189 0.855404 0.708116 0.143231 0.411375 -0.013022 0.714796 0.748150 0.395378 0.013278 0.341704 0.963756 0.469564 0.951861 0.845159 0.905778 0.707355 0.513624 0.290323 0.017379 0.767310 0.758093 0.794222 -0.013943 0.285880 0.276919 0.040616 0.739216 0.266303 0.761639 0.227300 0.637729
0.404950 0.900692 0.599999 0.271287 0.372228 -0.007616 0.797570 0.732736 0.437926 -0.028632 0.388311 1.015864 0.342572 1.009010 0.744136 0.929715 0.674216 0.596894 0.335361 -0.004998 0.840360 0.701556 0.805936 0.045705 0.272199 0.374817 0.019905 0.675830 0.250062 0.844987 0.180037 0.478208
0.360947 0.912405 0.636433 0.119667 0.361776 0.082176 0.728615 0.678547 0.416716 0.009749 0.415303 1.007402 0.471908 1.014337 0.716510 0.853739 0.593275 0.527030 0.218272 0.087496 0.693817 0.739142 0.687550 -0.003196 0.412203 0.343757 0.135489 0.739872 0.274723 0.724691 0.198520 0.661636
0.352073 0.900473 0.602218 0.106975 0.379622 0.120878 0.768983 0.778175 0.487833 -0.014242 0.359179 0.937447 0.360482 0.989763 0.799547 0.973971 0.664647 0.595680 0.241415 0.007911 0.745295 0.723497 0.751508 -0.024831 0.341723 0.371215 0.049579 0.851021 0.284975 0.677025 0.271650 0.625295
0.438494 0.806106 0.608183 0.211165 0.365997 -0.030837 0.736536 0.849850 0.525426 -0.084186 0.382919 0.892942 0.402889 0.979608 0.693522 0.899900 0.591704 0.599644 0.190153 0.052899 0.816342 0.701177 0.669829 -0.068974 0.441383 0.293130 0.005672 0.726930 0.329461 0.772645 0.199735 0.604221
0.426020 0.839797 0.598191 0.185230 0.444218 -0.017956 0.675115 0.713995 0.483326 0.072676 0.395348 0.979088 0.323339 1.067685 0.716694 0.922463 0.586119 0.537037 0.196911 -0.052773 0.794033 0.796659 0.810800 -0.074635 0.365133 0.346289 0.060694 0.717532 0.227302 0.690654 0.194577 0.674288
0.390446 0.790941 0.698752 0.183924 0.440904 0.063858 0.686785 0.651452 0.375531 0.069149 0.386015 0.983476 0.349323 1.056639 0.696327 0.900795 0.660667 0.463036 0.223368 0.025524 0.825157 0.795819 0.807643 0.015905 0.408972 0.331033 0.032951 0.726732 0.262501 0.750980 0.139004 0.607815
0.408634 0.868839 0.665865 0.117105 0.423898 -0.001989 0.734430 0.741063 0.422309 0.049654 0.351054 1.003211 0.374963 0.989122 0.720445 0.900462 0.686293 0.569797 0.261684 0.062502 0.952281 0.717216 0.726856 0.031657 0.264755 0.340714 -0.016008 0.739564 0.303106 0.734769 0.289532 0.643446
0.380105 0.831963 0.608515 0.200227 0.429516 0.048396 0.770956 0.681503 0.433016 0.072253 0.404919 0.981178 0.367033 0.899019 0.730442 0.963090 0.684936 0.523304 0.257202 -0.000409 0.757435 0.711380 0.800764 -0.016314 0.382331 0.263924 0.067861 0.738385 0.265416 0.660212 0.260954 0.675841
0.483386 0.907485 0.702171 0.124895 0.445221 -0.018900 0.768462 0.780897 0.408542 -0.024279 0.413766 0.986382 0.370555 1.058207 0.699290 0.921589 0.708630 0.494883 0.248514 -0.048562 0.816090 0.675618 0.766112 -0.016603 0.390746 0.319388 0.039727 0.819292 0.296197 0.729532 0.256389 0.641021
0.478540 0.891403 0.636747 0.076769 0.375085 0.019278 0.774990 0.697867 0.500118 -0.037705 0.346768 0.946872 0.338235 0.890091 0.723670 0.956707 0.649713 0.538227 0.192213 0.060899 0.779401 0.734244 0.769049 -0.049251 0.291871 0.368162 -0.035636 0.826771 0.388460 0.715703 0.219703 0.659923
0.438975 0.869332 0.579607 0.248799 0.418126 0.032874 0.719357 0.684685 0.448250 -0.076520 0.361113 0.977985 0.334669 0.950121 0.735256 0.896983 0.633466 0.448948 0.205678 0.044785 0.850579 0.773880 0.659986 0.006116 0.301637 0.354194 0.112498 0.796701 0.202226 0.735415 0.179912 0.599538
0.344878 0.876568 0.654464 0.139581 0.507010 0.013748 0.683685 0.639202 0.504167 -0.041407 0.322921 0.964961 0.338256 0.982669 0.690632 0.946866 0.681271 0.502504 0.200701 0.031382 0.885254 0.760497 0.835609 -0.039717 0.357035 0.406173 0.062694 0.712595 0.284500 0.739641 0.327691 0.647834
0.390421 0.811032 0.658151 0.154168 0.440466 -0.006539 0.802122 0.653877 0.479041 -0.003018 0.401803 1.028067 0.402128 0.995713 0.699629 0.981574 0.757136 0.557125 0.329055 0.122140 0.786451 0.740646 0.640865 0.041448 0.425016 0.369120 0.074291 0.758575 0.249163 0.738695 0.303372 0.648334
0.218145 0.785684 0.701537 0.117632 0.463942 0.012344 0.671987 0.710999 0.431098 -0.058700 0.395255 0.894314 0.333930 0.811162 0.683673 0.915742 0.561019 0.441133 0.281497 0.034053 0.806724 0.836350 0.762436 0.046518 0.389048 0.294749 0.090965 0.734559 0.248737 0.718506 0.282209 0.683265
0.418046 0.837641 0.708095 0.228691 0.332125 -0.066016 0.761556 0.749639 0.502469 0.006288 0.353520 0.934517 0.356218 0.912247 0.708285 0.896266 0.666770 0.587081 0.301177 0.138856 0.801709 0.710097 0.777424 0.079784 0.420136 0.340010 0.085308 0.706805 0.227250 0.730697 0.233590 0.728589
0.419285 0.837253 0.731470 0.059779 0.431623 0.006434 0.661278 0.705448 0.461643 -0.024717 0.408194 0.928610 0.327398 0.852332 0.765621 0.845616 0.742351 0.568778 0.155149 0.023820 0.745921 0.684399 0.755794 0.031933 0.305178 0.328810 0.127435 0.783799 0.313130 0.780245 0.288363 0.703244
0.374858 0.898272 0.759965 0.212863 0.419352 0.015737 0.689563 0.618878 0.421693 0.038177 0.459092 0.941217 0.368233 0.985747 0.804999 0.959180 0.567641 0.536282 0.335056 0.049113 0.738155 0.758363 0.849866 -0.031972 0.369383 0.460939 0.161754 0.692638 0.271085 0.774152 0.287259 0.665691
0.351752 0.873013 0.647844 0.090080 0.538271 0.045203 0.745305 0.589439 0.383539 0.073685 0.397908 0.927793 0.386309 0.956049 0.737219 0.884188 0.746304 0.646043 0.259110 0.051934 0.884328 0.688069 0.804093 0.000588 0.381377 0.315872 0.050366 0.721605 0.271311 0.731940 0.232314 0.707563
0.315928 0.908411 0.650902 0.129306 0.467662 0.108496 0.707014 0.663142 0.464885 -0.056930 0.381833 0.933659 0.331182 0.977336 0.762462 0.924382 0.628837 0.538882 0.222390 0.089383 0.805495 0.767758 0.876335 0.011113 0.380236 0.357870 0.081153 0.758244 0.242147 0.697935 0.269786 0.648462
0.457613 0.824548 0.612107 0.209352 0.423990 0.102277 0.710592 0.675047 0.584884 0.019213 0.432858 0.891447 0.245079 0.954615 0.812372 0.867199 0.682231 0.491437 0.199399 -0.008197 0.787704 0.725432 0.766357 0.030965 0.328709 0.367209 0.045771 0.722849 0.316945 0.804587 0.223813 0.641813
0.425744 0.937080 0.710567 0.177662 0.437661 -0.002284 0.672923 0.643176 0.473065 0.069601 0.412625 0.865931 0.331272 0.905296 0.700255 0.943820 0.650589 0.471881 0.216790 -0.039231 0.813179 0.765904 0.869375 -0.028461 0.373188 0.295978 0.065083 0.689929 0.315682 0.602723 0.212736 0.679199
0.431760 0.925760 0.626000 0.182072 0.346831 0.042929 0.791195 0.636096 0.497031 0.039860 0.359511 0.874063 0.296286 0.858859 0.697033 0.914835 0.724691 0.545466 0.293109 -0.045444 0.743018 0.788523 0.756375 0.007152 0.359220 0.386563 0.084731 0.730123 0.201969 0.741661 0.216052 0.648947
0.362623 0.870452 0.622550 0.197679 0.413543 -0.033523 0.701080 0.709111 0.391601 0.088045 0.402985 0.888406 0.388914 0.997383 0.734487 0.904686 0.684168 0.525820 0.203778 0.000790 0.896386 0.789612 0.782061 0.065814 0.454338 0.351058 0.057401 0.806036 0.267431 0.817883 0.249124 0.613511
0.385402 0.907322 0.709701 0.234361 0.392312 -0.003717 0.862366 0.729309 0.421153 -0.131205 0.392923 0.918428 0.284785 0.986883 0.717029 0.909208 0.638260 0.461472 0.343608 0.060367 0.827444 0.697317 0.703842 0.059581 0.377768 0.349943 0.063502 0.807394 0.235720 0.691322 0.235164 0.612293
0.338195 0.765834 0.687317 0.269402 0.490341 0.046002 0.761205 0.782425 0.511403 0.019237 0.434557 0.976734 0.319693 0.953697 0.818871 0.981193 0.687776 0.417614 0.276514 -0.067451 0.781139 0.723954 0.716706 0.032062 0.375297 0.408677 0.011568 0.777958 0.237477 0.790167 0.221477 0.647512
0.413763 0.950962 0.690371 0.106570 0.345140 -0.025416 0.662664 0.642591 0.455819 0.072754 0.347116 0.998101 0.335210 0.975357 0.621670 0.920847 0.633198 0.551399 0.263969 -0.017161 0.848358 0.749663 0.802959 0.021235 0.279600 0.336021 0.094233 0.712319 0.236124 0.830346 0.283620 0.647772
0.377985 0.807916 0.760446 0.136226 0.371674 0.072000 0.648904 0.733273 0.545752 0.013247 0.418398 0.888146 0.435933 1.017573 0.689458 0.870942 0.525723 0.536591 0.323269 0.000253 0.830533 0.780529 0.749143 0.066948 0.327582 0.457043 -0.057736 0.700334 0.278436 0.727865 0.249818 0.676801
0.345094 0.877596 0.637998 0.110586 0.505112 0.039261 0.788730 0.727952 0.411567 0.026845 0.411346 0.952305 0.385855 0.964640 0.744936 0.876361 0.611977 0.527167 0.317154 0.032716 0.886368 0.711001 0.736644 -0.075034 0.307950 0.333637 0.102652 0.745329 0.347732 0.671118 0.215917 0.669710
0.458304 0.875074 0.651966 0.175309 0.395018 -0.052400 0.683875 0.646369 0.496662 0.040243 0.295638 0.956115 0.361995 0.981761 0.741578 0.952638 0.657491 0.476929 0.187349 0.074787 0.790856 0.729119 0.856510 0.043369 0.429512 0.355579 0.069476 0.674779 0.369297 0.765259 0.278381 0.537047
0.347656 0.912429 0.662902 0.213915 0.415391 -0.033322 0.756568 0.570241 0.520443 -0.006895 0.355253 0.967077 0.383408 0.989071 0.720681 0.919986 0.659131 0.573221 0.275781 0.057803 0.865553 0.770887 0.767558 0.012369 0.285488 0.273969 0.125111 0.774915 0.218462 0.740233 0.233877 0.709782
0.343931 0.734488 0.653944 0.173060 0.323951 0.095013 0.702850 0.636268 0.454264 0.007355 0.388951 0.945509 0.333539 0.950878 0.757896 0.837555 0.559498 0.445278 0.254535 0.012378 0.782545 0.751225 0.684714 -0.047999 0.405344 0.387787 -0.034334 0.680246 0.328467 0.708689 0.247296 0.699902
0.319323 0.842449 0.586052 0.107804 0.441743 0.018594 0.748864 0.734127 0.455891 -0.017656 0.382349 1.000585 0.384161 0.995144 0.749064 0.886604 0.599829 0.578905 0.271042 0.137499 0.877109 0.667279 0.794515 0.045505 0.391833 0.318876 -0.056233 0.696631 0.263869 0.761974 0.283779 0.585123
0.413415 0.936371 0.652718 0.108278 0.517234 0.037090 0.759760 0.708335 0.504504 -0.064034 0.440975 0.938733 0.355549 1.015222 0.667732 0.992809 0.727148 0.511962 0.256685 0.014127 0.814487 0.709716 0.693288 0.008004 0.376329 0.332965 0.097117 0.659808 0.288311 0.706580 0.238060 0.632043
0.345367 0.796378 0.635503 0.158830 0.446808 -0.057780 0.773700 0.617570 0.456132 -0.004147 0.392382 0.996625 0.339786 0.992694 0.685441 0.964185 0.670753 0.545595 0.296421 0.061377 0.918242 0.690682 0.727902 -0.046262 0.224474 0.347755 0.078407 0.789428 0.268459 0.793337 0.322439 0.744017
0.412485 0.782754 0.645796 0.252673 0.445905 0.080801 0.637798 0.698350 0.488513 -0.044893 0.396185 0.981655 0.371062 1.149361 0.697574 0.944403 0.677363 0.508644 0.335540 -0.031296 0.787560 0.846403 0.786069 -0.030049 0.295508 0.330750 0.056876 0.779361 0.266422 0.820745 0.251738 0.668092
0.365258 0.852967 0.670904 0.226687 0.480006 0.006757 0.701737 0.627747 0.330528 -0.007233 0.429348 0.955569 0.420091 0.953353 0.728714 0.978321 0.689980 0.515094 0.316186 0.116981 0.817372 0.873770 0.798295 -0.053564 0.486198 0.329114 0.096389 0.749682 0.242224 0.727079 0.271555 0.599344
0.429612 0.930500 0.645980 0.162579 0.311548 0.037752 0.733640 0.628816 0.437949 0.057395 0.431523 0.964031 0.338501 0.929628 0.741644 0.948870 0.640253 0.465655 0.318497 0.102481 0.786142 0.706544 0.679247 0.007068 0.384847 0.371963 0.113949 0.742573 0.332336 0.711192 0.138633 0.725670
0.387582 0.835517 0.665453 0.135288 0.397973 -0.024887 0.756604 0.714575 0.455509 0.073142 0.358325 0.929205 0.358642 1.012537 0.739541 0.971439 0.696610 0.480494 0.331810 -0.014871 0.780273 0.660539 0.760348 0.034086 0.391084 0.229666 0.115028 0.742079 0.241805 0.842703 0.215686 0.624663
0.319382 0.930517 0.658830 0.121385 0.351168 0.032930 0.714038 0.657985 0.369331 0.062874 0.267361 0.880796 0.419221 0.987491 0.778491 0.942097 0.722401 0.468569 0.252774 0.130217 0.847323 0.672673 0.867907 0.029421 0.335606 0.257692 0.054152 0.789949 0.305040 0.760665 0.241280 0.757206
0.375711 0.934813 0.628215 0.123826 0.511026 0.004657 0.690110 0.611745 0.439928 0.038770 0.440273 0.916386 0.345784 0.964471 0.661816 0.960075 0.655747 0.520000 0.363919 0.052670 0.746312 0.721516 0.742631 -0.007354 0.430900 0.294732 0.054820 0.738383 0.218466 0.730370 0.319594 0.638859
0.312171 0.843849 0.614690 0.102742 0.320877 0.002612 0.712207 0.757834 0.397429 0.050611 0.382160 0.961260 0.417074 1.037743 0.712297 0.830860 0.594484 0.503092 0.340049 0.000260 0.825315 0.738679 0.780093 -0.014344 0.373765 0.336481 0.038463 0.801048 0.264415 0.761176 0.265441 0.652645
0.407919 0.877556 0.612383 0.203626 0.322074 0.083898 0.695274 0.741526 0.423888 -0.068717 0.358671 0.860736 0.388124 1.019022 0.648261 0.946761 0.659237 0.513358 0.234528 0.007262 0.899972 0.760800 0.698332 0.011233 0.409881 0.321477 0.094714 0.724277 0.151936 0.683385 0.221409 0.740322
0.316126 0.808831 0.601229 0.114619 0.418342 -0.095390 0.675399 0.721012 0.505560 0.008049 0.421237 0.935968 0.331582 0.996200 0.721354 0.893236 0.750353 0.524767 0.316771 -0.078176 0.798932 0.816097 0.720260 -0.103515 0.387366 0.273592 -0.040612 0.743490 0.194947 0.658284 0.269667 0.620826
0.401459 0.833491 0.674850 0.125507 0.445961 -0.028523 0.765111 0.763917 0.430672 0.045071 0.337760 0.989134 0.367314 0.896789 0.739658 0.871301 0.680400 0.440628 0.232855 0.016861 0.864397 0.749485 0.718989 0.011827 0.322909 0.292813 -0.089164 0.772201 0.320549 0.732042 0.130095 0.576972
0.391262 0.896638 0.642915 0.193609 0.455639 -0.061798 0.776060 0.662380 0.396395 0.099788 0.306825 0.907216 0.358160 1.033259 0.667656 0.991342 0.728961 0.588098 0.216953 0.118954 0.761914 0.747484 0.805556 -0.081896 0.341480 0.396217 0.099910 0.726132 0.283600 0.732344 0.154476 0.712389
0.394075 0.785123 0.634084 0.127549 0.326304 0.013437 0.761803 0.745622 0.468559 0.050484 0.446177 0.908511 0.357758 1.099170 0.755702 0.942461 0.685291 0.465021 0.298631 0.054069 0.939693 0.761317 0.723174 0.009763 0.405682 0.363159 0.017569 0.723214 0.264812 0.678616 0.169408 0.643280
0.473259 0.805410 0.691536 0.122295 0.452089 -0.020608 0.655566 0.635573 0.490539 -0.051627 0.438604 1.054145 0.331973 0.939596 0.773718 0.846882 0.681361 0.544063 0.315058 0.028807 0.793118 0.770496 0.748369 0.138650 0.321518 0.323716 0.054592 0.690955 0.230941 0.765676 0.190008 0.685656
0.394188 0.895495 0.712776 0.136747 0.465491 0.061857 0.773440 0.626065 0.513706 0.116391 0.403812 0.970338 0.453047 0.934264 0.705528 0.955761 0.640372 0.541416 0.228324 -0.044855 0.777188 0.779519 0.854169 -0.008279 0.383164 0.317495 0.019445 0.722126 0.235450 0.815305 0.303664 0.660265
0.375134 0.870408 0.578220 0.166927 0.455254 0.039786 0.725554 0.636710 0.464331 0.010998 0.447435 0.952606 0.401916 1.011539 0.779538 1.002410 0.646010 0.540745 0.287281 -0.043368 0.837284 0.756596 0.735425 0.051156 0.378493 0.374005 0.134864 0.751208 0.286140 0.724349 0.314167 0.703653
0.344122 0.888468 0.733866 0.042150 0.405479 0.036954 0.690721 0.727146 0.382635 0.000195 0.394214 1.006310 0.387019 1.032201 0.776732 0.970283 0.572683 0.566598 0.284202 -0.001982 0.832642 0.741996 0.720373 0.153710 0.362938 0.421493 -0.071341 0.815100 0.192090 0.801773 0.324256 0.729655
0.378242 0.839534 0.701638 0.144451 0.421167 -0.036909 0.736173 0.761495 0.427899 0.107066 0.375109 0.892108 0.395805 0.939799 0.792396 1.013508 0.578077 0.539689 0.246359 0.092756 0.819208 0.744790 0.786112 -0.104970 0.360745 0.297020 0.114154 0.794691 0.247343 0.773999 0.128138 0.625094
0.499396 0.889812 0.635670 0.238221 0.386970 0.038679 0.831277 0.681760 0.515676 -0.011068 0.382706 1.005254 0.335356 0.958962 0.720995 0.930888 0.635238 0.507126 0.364238 0.055027 0.888153 0.735101 0.722388 0.006518 0.405647 0.366682 0.035485 0.728191 0.230061 0.708159 0.247201 0.671872
0.444003 0.888557 0.704757 0.096804 0.470091 0.030294 0.664033 0.615937 0.465480 -0.019491 0.412347 1.000938 0.312209 1.040663 0.755349 0.954397 0.707355 0.558674 0.184270 0.035420 0.828948 0.743160 0.724440 -0.010507 0.360570 0.249944 0.094572 0.694803 0.301658 0.746866 0.230820 0.605216
0.479284 0.765260 0.704156 0.076636 0.434398 0.027279 0.759503 0.709054 0.424565 0.027791 0.334750 0.886294 0.366078 0.958970 0.724114 0.863675 0.619549 0.566216 0.179209 0.081792 0.784701 0.737839 0.780722 0.066166 0.306584 0.346700 0.085502 0.760496 0.245736 0.686847 0.238841 0.637330
0.435189 0.837992 0.602541 0.131101 0.368009 0.073356 0.742639 0.683503 0.555078 0.002946 0.428107 1.030614 0.293625 0.899776 0.690119 0.977262 0.771320 0.556865 0.239490 0.006936 0.795126 0.686338 0.731966 -0.001410 0.412999 0.402697 0.053455 0.755713 0.296241 0.691604 0.194166 0.705832
0.367252 0.947227 0.666282 0.110151 0.394749 0.039345 0.729633 0.725202 0.471024 -0.017045 0.440146 1.028004 0.403522 1.023999 0.791741 0.919985 0.711795 0.564836 0.256302 -0.004004 0.852869 0.729204 0.786062 -0.049917 0.255802 0.345631 -0.043624 0.662092 0.269484 0.638554 0.222605 0.716118
0.341510 0.794948 0.623647 0.177115 0.467163 -0.062750 0.738867 0.670170 0.435136 -0.080011 0.401271 1.012846 0.282883 1.025981 0.776326 0.953114 0.674477 0.505414 0.253052 -0.013441 0.763890 0.728925 0.906266 0.023091 0.439747 0.293537 -0.062293 0.716654 0.235486 0.769720 0.192200 0.537011
0.331209 0.862343 0.618007 0.153995 0.353626 -0.072913 0.718852 0.645450 0.414786 0.033497 0.393669 1.020011 0.341942 0.900476 0.673565 0.946202 0.715161 0.550874 0.219634 0.040015 0.759740 0.666892 0.681385 0.072304 0.517631 0.370542 0.103980 0.679184 0.296777 0.765420 0.314996 0.688027
0.378817 0.896323 0.661766 0.136692 0.407797 -0.005214 0.858756 0.603384 0.407200 -0.055552 0.479650 0.867164 0.402857 0.975964 0.682918 0.943268 0.755082 0.536634 0.282141 0.053543 0.759404 0.763651 0.880449 0.095909 0.362490 0.366156 0.009041 0.725067 0.278195 0.723740 0.342029 0.652194
0.345192 0.844798 0.615284 0.162782 0.430600 -0.017135 0.696519 0.676045 0.523471 -0.009301 0.381509 0.938366 0.400070 1.043292 0.682248 0.935050 0.636181 0.443419 0.280836 -0.067313 0.784125 0.790107 0.797306 -0.039740 0.325544 0.356338 0.030315 0.733682 0.259360 0.735593 0.226369 0.674248
0.301913 0.897212 0.670927 0.197449 0.428220 -0.073594 0.800036 0.703010 0.424063 -0.057601 0.331730 0.952067 0.381944 0.999375 0.705901 0.848174 0.705327 0.522745 0.274594 0.013159 0.946713 0.758197 0.737121 0.001863 0.436145 0.381309 0.050162 0.678441 0.319788 0.776371 0.189081 0.664664
0.400834 0.892997 0.661104 0.260837 0.419291 0.006449 0.738836 0.698798 0.500563 0.101694 0.350092 0.934129 0.406291 0.853315 0.755667 0.957589 0.582806 0.564242 0.276036 0.000461 0.879996 0.682037 0.746528 0.065316 0.412081 0.369696 0.086739 0.774101 0.236479 0.697980 0.311848 0.577813
0.387245 0.763876 0.621433 0.148615 0.285120 0.006991 0.770548 0.728814 0.453613 -0.063541 0.380930 0.926761 0.426519 0.986117 0.720675 0.915841 0.627418 0.548430 0.197857 0.028125 0.875230 0.758254 0.706165 0.105396 0.408029 0.305115 -0.079482 0.756648 0.243872 0.703289 0.304136 0.660918
0.399892 0.710014 0.587966 0.151788 0.473904 0.015266 0.770811 0.666753 0.522407 0.084829 0.447394 0.955545 0.298852 0.994125 0.701530 0.955228 0.751170 0.456182 0.239784 0.110045 0.792217 0.728023 0.779526 0.021476 0.356655 0.392698 0.051184 0.723922 0.246973 0.773773 0.202530 0.612487
0.312843 0.974745 0.580475 0.177621 0.351715 0.103459 0.804965 0.686815 0.516322 0.068257 0.364881 0.993493 0.379920 0.957517 0.788651 0.942063 0.755463 0.517721 0.272197 -0.016287 0.715432 0.765772 0.818310 -0.009395 0.397664 0.326854 0.001317 0.671800 0.277188 0.875372 0.241940 0.703311
0.378473 0.734474 0.694832 0.147919 0.508213 -0.020255 0.688020 0.802982 0.500556 0.055945 0.503643 0.940256 0.374756 1.031854 0.815345 0.934874 0.653456 0.466789 0.202480 0.047013 0.845924 0.768436 0.701143 0.014750 0.378756 0.347019 0.112652 0.784248 0.240372 0.660843 0.227503 0.653566
0.399627 0.809058 0.649164 0.174541 0.397513 -0.034872 0.753979 0.709456 0.444235 0.058868 0.364448 0.969175 0.283208 0.988863 0.706657 0.907878 0.724019 0.540846 0.368879 0.100116 0.817330 0.759305 0.723794 -0.021097 0.262681 0.370452 0.114207 0.853818 0.304907 0.795394 0.256285 0.681416
0.346605 0.921163 0.600328 0.128862 0.364253 0.091628 0.735753 0.700151 0.469976 -0.001086 0.485255 0.948960 0.329800 1.095698 0.745052 0.921730 0.708669 0.510556 0.261107 0.015411 0.976178 0.791103 0.750209 -0.036942 0.285057 0.374319 0.143734 0.725732 0.276394 0.803900 0.250252 0.781784
0.426095 0.879000 0.609086 0.128143 0.450470 -0.001235 0.716124 0.707025 0.536945 0.082266 0.455775 0.984068 0.330693 1.055688 0.721367 0.951271 0.757313 0.461261 0.179317 0.038260 0.706113 0.709751 0.704290 0.011174 0.445267 0.349445 0.134352 0.667662 0.276434 0.837309 0.197704 0.719973
0.365375 0.905093 0.628887 0.195895 0.425939 -0.005763 0.809403 0.664619 0.421807 -0.014079 0.411642 1.030601 0.339332 1.044328 0.746169 0.947380 0.716647 0.534328 0.244755 0.016952 0.763713 0.824262 0.742475 0.042672 0.407498 0.351518 0.033386 0.760154 0.289018 0.742272 0.235200 0.560144
0.416807 0.805157 0.632157 0.079826 0.381030 -0.031875 0.747989 0.800268 0.480930 0.066712 0.436492 0.909502 0.396690 1.066092 0.835947 1.018910 0.642388 0.542763 0.294910 -0.047298 0.877729 0.716402 0.743284 -0.063315 0.375523 0.234856 0.038829 0.674028 0.256658 0.726370 0.370138 0.592699
0.423884 0.834216 0.659783 0.201715 0.406960 -0.004605 0.734813 0.691471 0.471591 -0.031002 0.463430 0.945846 0.399319 0.953315 0.728800 0.930179 0.677198 0.523002 0.279697 0.040248 0.797328 0.749423 0.789206 -0.029710 0.380300 0.352480 0.054920 0.711507 0.288973 0.754922 0.297567 0.623042
0.440451 0.863523 0.617396 0.039000 0.423006 -0.025217 0.745730 0.662449 0.402361 -0.007192 0.363135 0.943522 0.334637 0.850328 0.781455 0.921133 0.820351 0.559131 0.289114 0.029514 0.860709 0.656367 0.738482 -0.030315 0.422402 0.277135 0.046464 0.740680 0.281116 0.621118 0.220606 0.755837
0.328580 0.888422 0.666887 0.189906 0.365122 0.069050 0.672875 0.703446 0.480268 0.003281 0.428774 0.917232 0.384715 0.933109 0.762631 0.953508 0.621897 0.505526 0.231573 -0.002704 0.856817 0.670781 0.748930 0.040279 0.451339 0.310804 0.028110 0.693892 0.278328 0.782172 0.213201 0.652009
0.389430 0.902164 0.685663 0.166936 0.433069 -0.023223 0.717040 0.660162 0.489131 0.114403 0.457002 0.948177 0.371830 0.948924 0.720782 0.809307 0.672732 0.554119 0.342498 0.044305 0.733611 0.744634 0.786942 0.031274 0.300045 0.378238 0.036997 0.765281 0.241564 0.782486 0.193526 0.570989
0.379140 0.870521 0.722515 0.122117 0.387925 0.056935 0.729179 0.657641 0.467834 -0.016043 0.365796 0.923304 0.324808 0.938128 0.723942 0.921292 0.637750 0.535660 0.250087 -0.053465 0.823508 0.767618 0.699418 0.000958 0.366472 0.326095 0.012164 0.799610 0.185472 0.710989 0.270135 0.636593
0.380877 0.768359 0.661583 0.242808 0.468861 0.050700 0.773436 0.738643 0.391232 0.132171 0.382836 0.906921 0.288929 1.012837 0.730191 0.920580 0.677074 0.565650 0.256910 0.047920 0.761221 0.715569 0.761601 -0.029594 0.363163 0.306654 0.090957 0.745437 0.314670 0.732836 0.130335 0.632325
0.358340 0.831458 0.578920 0.120712 0.332887 -0.011936 0.723126 0.690627 0.457232 0.013180 0.360069 0.992912 0.297451 0.982038 0.778185 0.981950 0.719827 0.487286 0.356631 0.055375 0.706179 0.728779 0.885263 -0.031819 0.349550 0.273107 0.077128 0.705639 0.277943 0.644589 0.183950 0.615972
0.403759 0.869295 0.705364 0.206781 0.528673 0.037645 0.779596 0.748064 0.456515 0.017528 0.420504 1.063862 0.392406 1.019838 0.680452 0.868060 0.762593 0.555125 0.240877 0.060639 0.791915 0.757295 0.769019 -0.055411 0.315147 0.374251 0.023566 0.854623 0.160224 0.756486 0.267636 0.651810
0.384171 0.794603 0.680238 0.126593 0.357523 0.000260 0.709929 0.604599 0.486748 0.046712 0.455411 0.884888 0.320351 0.935020 0.636970 0.952780 0.792177 0.487549 0.229156 0.075265 0.841872 0.659776 0.748819 0.020726 0.404910 0.217258 0.004553 0.714597 0.258149 0.721170 0.168257 0.658230
0.339114 0.908197 0.566166 0.140119 0.471277 0.033751 0.778197 0.685294 0.378347 0.057944 0.419615 0.935637 0.342614 1.110056 0.741323 1.017808 0.652974 0.496327 0.434183 0.012024 0.794413 0.751263 0.805251 0.010792 0.453599 0.291456 0.005682 0.766022 0.216693 0.758286 0.134336 0.601704
0.381461 0.873811 0.646620 0.176486 0.297517 0.050046 0.681867 0.790117 0.463966 -0.035903 0.366593 1.026210 0.376929 0.976324 0.763911 0.897034 0.703088 0.597323 0.358556 0.010172 0.879235 0.815311 0.728041 0.115042 0.380286 0.398873 0.089196 0.653599 0.314196 0.734931 0.296610 0.658882
0.370269 0.835110 0.659658 0.211341 0.398480 0.109408 0.829614 0.721247 0.516911 -0.008048 0.383332 0.981884 0.382017 0.970524 0.669773 0.898783 0.713847 0.488514 0.281158 0.008443 0.807714 0.763002 0.733991 -0.028018 0.373699 0.321130 0.068541 0.778833 0.250646 0.810113 0.255750 0.710779
0.393610 0.836171 0.600425 0.128474 0.366205 0.091570 0.759362 0.777139 0.326083 0.057849 0.412433 0.905549 0.374575 0.971126 0.703512 0.915764 0.707430 0.485389 0.264892 -0.002681 0.842268 0.749303 0.770091 -0.001044 0.376899 0.350717 0.052034 0.799642 0.250968 0.672788 0.285851 0.554133
0.308374 0.878492 0.634364 0.112629 0.373281 0.014958 0.814206 0.671425 0.423455 0.034405 0.430866 0.973841 0.412395 0.960886 0.694251 0.829029 0.651882 0.508812 0.225923 0.004024 0.787816 0.645351 0.698182 0.080875 0.360012 0.321161 0.134855 0.717493 0.288312 0.758029 0.231284 0.569091
0.358078 0.835763 0.668915 0.058475 0.397295 0.050769 0.665595 0.789525 0.415332 0.006512 0.461939 0.929261 0.315632 0.869076 0.756369 0.851266 0.598395 0.608977 0.372065 0.040781 0.805736 0.783203 0.696015 0.064231 0.345430 0.379487 0.150455 0.773958 0.172957 0.712972 0.173518 0.654626
0.355466 0.860880 0.690002 0.192849 0.323226 -0.065992 0.742907 0.719976 0.433125 0.121639 0.358321 1.052930 0.413466 0.968712 0.693921 0.823694 0.676963 0.605064 0.222297 0.064134 0.842148 0.697537 0.763555 -0.016045 0.422002 0.398452 0.057524 0.700953 0.211747 0.756027 0.226977 0.645159
0.393768 0.880791 0.661632 0.193725 0.338877 -0.027427 0.774114 0.739889 0.415555 0.007863 0.376721 0.938274 0.275757 0.964620 0.758006 0.948814 0.705760 0.482280 0.235815 0.068693 0.860171 0.750374 0.841737 -0.009863 0.432128 0.351126 0.057344 0.736428 0.222293 0.715257 0.213213 0.611550
0.535973 0.885664 0.695520 0.270599 0.458076 -0.008062 0.658015 0.789053 0.464176 -0.130680 0.390929 0.971923 0.353857 1.034465 0.706324 0.897759 0.695335 0.622192 0.213158 0.066301 0.806620 0.716520 0.838447 0.096717 0.342328 0.304122 -0.026492 0.680960 0.257559 0.738065 0.336449 0.654418
0.444927 0.900058 0.514475 0.151353 0.482669 -0.002434 0.759241 0.738798 0.462674 -0.075327 0.312120 0.946527 0.292644 1.030944 0.742255 0.936236 0.670153 0.550518 0.261962 0.008169 0.728424 0.729914 0.744849 0.024622 0.321088 0.316480 0.104874 0.735755 0.309694 0.777107 0.251347 0.672463
0.394462 0.800475 0.667816 0.097884 0.470422 0.001287 0.741137 0.746180 0.479604 0.000307 0.363076 0.944572 0.333238 0.950557 0.733348 0.968020 0.664055 0.492336 0.270382 0.051122 0.872699 0.696102 0.792090 -0.018867 0.410321 0.401423 0.136420 0.698661 0.271234 0.646077 0.207229 0.638273
0.390633 0.913437 0.638991 0.202721 0.399866 0.036606 0.734820 0.738111 0.541809 0.012779 0.452899 0.934109 0.367179 0.980191 0.778765 0.971129 0.632708 0.542235 0.281133 0.013994 0.835513 0.815404 0.799800 -0.069115 0.417615 0.370257 0.102210 0.748517 0.322304 0.678208 0.252232 0.671561
0.410795 0.890320 0.658057 0.217890 0.343720 0.005421 0.784754 0.743550 0.518543 0.173671 0.348827 0.967853 0.390532 0.935123 0.724619 0.941398 0.626382 0.500766 0.276840 -0.057100 0.900795 0.741146 0.806214 0.025166 0.368641 0.308518 0.054550 0.681264 0.306434 0.793672 0.337302 0.694484
0.319680 0.824658 0.573557 0.091926 0.373943 -0.037954 0.722669 0.669856 0.406760 -0.003499 0.306906 1.005213 0.347943 0.999374 0.746752 1.013039 0.768071 0.438261 0.280137 -0.014891 0.695151 0.702344 0.651369 -0.040216 0.385779 0.442975 0.137138 0.782626 0.241397 0.724744 0.293684 0.668329
0.464120 0.825548 0.626206 0.191184 0.412535 0.047844 0.699336 0.629653 0.448711 0.011685 0.378118 0.989406 0.369774 1.037825 0.757305 0.995580 0.583487 0.567182 0.326373 0.034326 0.776701 0.714377 0.825689 0.052307 0.426023 0.392135 0.109432 0.678103 0.180596 0.634152 0.245321 0.621369
0.428762 0.869137 0.696022 0.163663 0.458518 -0.032720 0.840150 0.690079 0.484042 0.035788 0.427838 0.857624 0.351531 1.037590 0.830682 0.925473 0.720634 0.479581 0.213154 0.081829 0.828159 0.793644 0.755914 0.071041 0.407723 0.393566 0.023587 0.726511 0.252241 0.762154 0.196539 0.701792
0.339348 0.800058 0.648524 0.128791 0.372602 -0.081623 0.733988 0.695139 0.465981 0.093357 0.401835 0.989073 0.296461 1.014939 0.716151 0.958919 0.654754 0.588382 0.300672 0.029526 0.887483 0.678604 0.755605 0.050733 0.439631 0.336796 0.012180 0.751423 0.209830 0.744791 0.277453 0.675546
0.420878 0.817918 0.630475 0.127665 0.421303 0.069773 0.729100 0.693695 0.520966 0.061451 0.417923 1.011114 0.287927 1.010324 0.775520 0.943549 0.598440 0.516790 0.307161 0.080363 0.723437 0.733828 0.762021 0.023855 0.401828 0.327748 0.023249 0.763553 0.217800 0.656554 0.250352 0.638383
0.438655 0.845570 0.742026 0.117910 0.365687 -0.039904 0.741483 0.737051 0.407826 -0.025333 0.478061 0.989873 0.329928 0.922905 0.720407 0.936795 0.657684 0.555369 0.229119 0.057416 0.880716 0.724154 0.830912 0.003795 0.340803 0.273409 0.125422 0.671970 0.236614 0.697683 0.255545 0.602831
0.334944 0.898059 0.533294 0.137920 0.492594 -0.020720 0.726025 0.810147 0.468585 0.015038 0.488285 0.962328 0.269657 0.975474 0.739914 0.895181 0.748408 0.568383 0.267518 0.031998 0.827506 0.676458 0.787902 -0.042554 0.337834 0.280123 0.105597 0.695719 0.253350 0.836460 0.133138 0.589268
0.428166 0.834877 0.596873 0.215229 0.432166 -0.057728 0.752750 0.601492 0.464383 -0.082528 0.362023 0.949228 0.358257 0.977547 0.699384 0.861646 0.711518 0.509477 0.221312 0.020792 0.857717 0.888423 0.722677 -0.036302 0.385653 0.235400 0.001958 0.723774 0.270879 0.706847 0.271416 0.564710
0.320825 0.869294 0.696386 0.214086 0.427910 0.000472 0.771516 0.699835 0.389393 0.052435 0.409244 0.913546 0.348328 0.975911 0.705954 0.958670 0.638117 0.550748 0.338305 0.007658 0.785557 0.766295 0.715717 0.034150 0.329682 0.289581 0.091376 0.842383 0.252041 0.706669 0.248229 0.685249
0.259987 0.827648 0.711551 0.270258 0.399957 0.037336 0.840576 0.726456 0.459941 0.064283 0.346390 0.970248 0.354237 0.939870 0.799242 0.895046 0.697896 0.397444 0.307343 0.022742 0.828588 0.770263 0.740454 -0.004262 0.425129 0.300315 0.112975 0.733732 0.185178 0.750219 0.195554 0.697240
0.369099 0.838982 0.699134 0.150799 0.439921 -0.007593 0.668040 0.704199 0.409131 0.039950 0.406893 0.889517 0.348005 0.934278 0.672251 0.878422 0.723736 0.536741 0.232020 0.004380 0.939001 0.823070 0.766730 -0.016183 0.406789 0.255222 0.029380 0.681911 0.230213 0.771413 0.180675 0.693122
0.333383 0.791919 0.707890 0.229521 0.379946 0.037025 0.780564 0.633807 0.499358 0.013872 0.408727 0.899236 0.326966 1.002071 0.733759 0.940524 0.666115 0.525212 0.223593 0.140700 0.821859 0.747863 0.788068 0.099902 0.381038 0.314600 0.041518 0.676181 0.290803 0.792467 0.269174 0.667933
0.361536 0.911050 0.661353 0.199276 0.297667 -0.038953 0.715918 0.806961 0.394512 -0.006235 0.365700 0.938343 0.355553 0.959121 0.808315 0.944976 0.705769 0.544339 0.240080 0.003320 0.771532 0.786014 0.759018 0.098710 0.374137 0.316547 -0.005376 0.679081 0.291528 0.809048 0.279056 0.677985
0.347384 0.873227 0.654186 0.209610 0.380412 0.035049 0.699904 0.745403 0.405784 0.016361 0.436547 0.957899 0.364869 0.958480 0.723886 0.906761 0.648956 0.457257 0.293167 0.047062 0.768631 0.769290 0.761316 0.014007 0.313166 0.316565 0.079572 0.727663 0.255293 0.733752 0.264616 0.697676
0.366520 0.711650 0.683659 0.076465 0.481061 -0.004159 0.654039 0.666704 0.476986 -0.033650 0.364013 0.966072 0.420571 0.959877 0.764198 0.931718 0.647654 0.561061 0.351376 0.043149 0.823402 0.731576 0.655059 -0.007087 0.313767 0.311302 0.079632 0.629095 0.353760 0.800850 0.222778 0.683838
0.456977 0.913278 0.618304 0.119707 0.340969 0.044697 0.806031 0.632329 0.376357 -0.076757 0.430463 0.993737 0.414441 1.089843 0.737882 0.968104 0.718508 0.483886 0.269021 0.117423 0.788540 0.821609 0.765908 -0.006409 0.305513 0.175121 -0.033357 0.744327 0.188915 0.742458 0.224859 0.589438
0.363625 0.876910 0.646484 0.094154 0.420497 0.013517 0.726195 0.659048 0.503540 0.032979 0.404160 0.994511 0.342930 0.979377 0.693815 0.850365 0.696141 0.525324 0.317112 0.066136 0.809462 0.772974 0.669454 -0.053715 0.494242 0.337901 0.056941 0.726587 0.261861 0.774439 0.276443 0.588560
0.394926 0.887305 0.632181 0.135248 0.451722 -0.089277 0.634456 0.767454 0.511161 0.012231 0.337902 0.967054 0.397212 0.952990 0.792293 0.864313 0.682555 0.547579 0.236883 0.091190 0.745168 0.638883 0.723148 -0.037878 0.405893 0.360137 0.110924 0.629634 0.215848 0.712269 0.250379 0.756702
0.377604 0.849943 0.650859 0.177112 0.449614 -0.009171 0.738014 0.735730 0.492209 0.018246 0.402713 0.962083 0.420145 1.029310 0.730690 0.900406 0.653720 0.555155 0.229061 -0.024716 0.758733 0.730815 0.625131 0.057737 0.400474 0.320479 0.055626 0.687546 0.309499 0.707543 0.242711 0.642606
0.382614 0.952045 0.638441 0.191638 0.403937 0.049942 0.738322 0.657792 0.451381 0.117929 0.431868 0.899639 0.414056 0.966113 0.828313 0.886792 0.606416 0.548591 0.224685 0.025673 0.793341 0.675388 0.651661 0.061903 0.373902 0.240491 0.057091 0.697863 0.338944 0.684863 0.192602 0.605639
0.369750 0.818924 0.579673 0.076365 0.363193 -0.005117 0.764610 0.697234 0.462368 0.037454 0.250993 0.953704 0.406953 0.990989 0.766911 0.887486 0.654407 0.515501 0.336790 0.026353 0.804348 0.782966 0.823812 -0.028925 0.289853 0.327211 0.084002 0.747655 0.275892 0.713962 0.217203 0.663945
0.375220 0.883009 0.524224 -0.015792 0.410424 0.087574 0.640196 0.593241 0.455152 -0.067559 0.336530 0.941533 0.379196 0.879826 0.709560 0.914462 0.651681 0.547440 0.326529 0.004578 0.877462 0.694778 0.837351 0.067616 0.339514 0.341052 0.043168 0.814821 0.181827 0.757756 0.118984 0.590074
0.422900 0.823926 0.644528 0.148819 0.434992 -0.018136 0.672658 0.781521 0.456989 0.032572 0.290643 0.990946 0.340666 1.137435 0.733963 0.838852 0.601957 0.533916 0.251576 -0.038884 0.809840 0.694036 0.785049 -0.018439 0.371544 0.367988 0.026080 0.677454 0.336624 0.693988 0.263219 0.655018
0.367638 0.795256 0.763344 0.203466 0.366992 0.017262 0.760111 0.625228 0.466644 -0.013726 0.358054 0.992745 0.361006 1.004030 0.844734 1.002101 0.623846 0.539922 0.248711 0.044519 0.773432 0.718223 0.706036 0.080640 0.433761 0.349353 0.115129 0.722611 0.196732 0.690151 0.287317 0.633259
0.399616 0.875960 0.714621 0.086066 0.452636 0.078987 0.695411 0.603102 0.382283 -0.054911 0.425220 0.918906 0.418300 0.991963 0.701233 0.957351 0.649576 0.553307 0.338037 0.176383 0.831543 0.737365 0.784418 -0.073919 0.466689 0.311329 0.011278 0.691128 0.337215 0.700897 0.240391 0.594191
0.338813 0.849779 0.683353 0.245037 0.422143 0.094419 0.718858 0.795665 0.459603 -0.098041 0.343769 0.885280 0.359996 0.981454 0.697259 0.928523 0.683472 0.590963 0.210373 0.087119 0.872793 0.678517 0.733811 0.056808 0.383627 0.349853 0.114110 0.707928 0.283612 0.759566 0.219084 0.591394
0.321860 0.923277 0.601868 0.183113 0.379852 -0.004078 0.756645 0.633749 0.458586 0.031485 0.486623 0.955856 0.395071 0.955401 0.714918 0.947805 0.574249 0.578302 0.285982 -0.075644 0.852404 0.722127 0.812880 0.028669 0.276167 0.371816 0.097623 0.658270 0.259760 0.742715 0.221804 0.692310
0.489182 0.930421 0.720810 0.133597 0.435539 0.058401 0.810925 0.740354 0.537316 0.046285 0.406539 0.932018 0.304719 0.917402 0.684407 0.875856 0.683160 0.549702 0.353739 0.036055 0.831127 0.812643 0.723933 0.002799 0.332175 0.336531 0.069123 0.735563 0.209605 0.667460 0.286696 0.638446
0.480926 0.878829 0.657591 0.161525 0.325211 -0.021175 0.698223 0.746162 0.492371 -0.000289 0.470068 1.006479 0.324222 1.003775 0.791030 0.915884 0.673871 0.472980 0.224713 0.053459 0.785473 0.758487 0.825899 0.000992 0.383559 0.383518 0.067641 0.657932 0.219880 0.692335 0.299236 0.639619
0.330780 0.885285 0.634447 0.114296 0.335581 0.026411 0.677688 0.654700 0.468087 0.000988 0.463132 0.984504 0.380376 0.988429 0.749987 1.012226 0.715740 0.408937 0.278194 -0.060680 0.830008 0.703311 0.649878 0.001061 0.419974 0.268030 0.005778 0.642516 0.257112 0.750863 0.271829 0.719838
0.373085 0.955549 0.634746 0.201765 0.401498 0.007525 0.677518 0.687835 0.504749 0.064422 0.359921 0.998952 0.390326 0.946287 0.711690 0.918748 0.641238 0.520001 0.189429 0.071592 0.753988 0.682437 0.797730 0.077589 0.452070 0.348068 0.044707 0.701490 0.358733 0.706100 0.262437 0.724603
0.380896 0.883191 0.719512 0.148472 0.407061 0.003141 0.878038 0.711345 0.407714 0.038008 0.390259 0.954659 0.348142 0.938661 0.699893 0.910107 0.622850 0.500262 0.214499 0.035246 0.811268 0.749063 0.793430 -0.107133 0.324508 0.277264 0.124626 0.712668 0.230391 0.797226 0.213198 0.659156
0.445734 0.838028 0.671252 0.157015 0.274895 0.069583 0.669806 0.653693 0.457813 -0.041267 0.461520 1.050148 0.389586 1.052255 0.696603 0.993543 0.811277 0.548572 0.289343 -0.020346 0.767006 0.725685 0.729417 -0.025860 0.382743 0.221233 0.089421 0.744252 0.206455 0.779100 0.243102 0.624288
0.360900 0.919288 0.611048 0.130278 0.410743 0.020155 0.715470 0.722982 0.427650 -0.033195 0.419847 1.047007 0.446645 0.957729 0.714491 0.944621 0.656704 0.506900 0.265756 0.137472 0.825901 0.705826 0.762671 0.091650 0.352699 0.344994 0.024285 0.716300 0.307786 0.675653 0.234852 0.791517
0.453594 0.826449 0.634470 0.114784 0.476053 0.045295 0.642168 0.661378 0.500193 -0.009688 0.477112 0.893021 0.323916 0.935954 0.706964 1.023636 0.697013 0.553594 0.318652 0.046338 0.775413 0.672578 0.843259 -0.034533 0.453894 0.345853 0.086422 0.767610 0.293159 0.693791 0.233775 0.668992
0.347388 0.848676 0.671648 0.179468 0.362953 0.049491 0.724117 0.666933 0.523683 -0.078173 0.415397 0.898609 0.382052 0.910543 0.738512 0.890237 0.671818 0.576514 0.192119 -0.075386 0.838878 0.774894 0.721983 -0.071028 0.366156 0.305582 -0.001346 0.742261 0.275099 0.643937 0.228838 0.619784
0.377497 0.846034 0.677618 0.149664 0.409562 0.004031 0.703438 0.689271 0.414877 0.009672 0.449121 0.856026 0.408946 1.036454 0.793455 0.954317 0.685566 0.531055 0.340017 0.048062 0.827609 0.763265 0.804470 0.048892 0.395640 0.329189 0.101895 0.722388 0.177231 0.769743 0.238560 0.682681
0.307379 0.869274 0.684219 0.139823 0.374945 0.098951 0.670208 0.760980 0.454623 -0.000982 0.456021 0.976257 0.309416 0.937025 0.663318 0.863862 0.645692 0.532568 0.298430 0.085466 0.831588 0.821024 0.754424 0.055936 0.348518 0.290072 0.104347 0.661884 0.325213 0.799698 0.250471 0.657622
0.382796 0.885047 0.623744 0.210279 0.362831 0.078611 0.662828 0.666130 0.443537 0.017056 0.429067 0.950297 0.367249 1.029397 0.704237 0.915752 0.661882 0.523935 0.313940 0.023983 0.855037 0.773713 0.731884 0.048182 0.369382 0.309768 0.055977 0.814259 0.264461 0.797700 0.262769 0.735877
0.280561 0.830228 0.657394 0.092272 0.344178 0.031838 0.764849 0.669597 0.571429 0.003580 0.293618 0.900669 0.435230 0.958413 0.737826 0.906275 0.687037 0.517255 0.259961 0.025634 0.777884 0.760480 0.818145 0.021935 0.419015 0.386721 0.074320 0.737370 0.289144 0.676049 0.142057 0.578842
0.438937 0.918229 0.566780 0.181131 0.415704 0.002321 0.714329 0.662795 0.386854 -0.015776 0.436543 1.058780 0.385601 0.913796 0.755742 0.887040 0.682349 0.472770 0.252694 -0.025587 0.815480 0.726936 0.777839 0.004374 0.320618 0.339054 0.146670 0.776828 0.281339 0.708678 0.235490 0.577925
0.383936 0.817288 0.641930 0.102815 0.334449 0.001736 0.682893 0.645940 0.408807 -0.063414 0.468719 1.002829 0.284711 0.960121 0.694665 0.925995 0.626424 0.533754 0.304140 -0.005829 0.789166 0.862392 0.721495 -0.035423 0.328293 0.259450 0.035055 0.700394 0.184180 0.786790 0.286449 0.569319
0.335423 0.949377 0.647973 0.142873 0.455013 0.002565 0.735650 0.672497 0.552603 0.030388 0.379322 0.936299 0.375369 0.996456 0.671066 1.001340 0.653681 0.576291 0.276073 0.073201 0.897495 0.716507 0.773092 -0.004683 0.351680 0.318231 0.069457 0.762625 0.183069 0.840928 0.131030 0.626109
0.369690 0.851251 0.694252 0.160068 0.323637 0.122366 0.679536 0.721725 0.451919 0.072165 0.430204 0.940933 0.303025 1.014665 0.729040 0.929058 0.600386 0.560612 0.255082 -0.002777 0.901260 0.758773 0.768203 0.078220 0.368177 0.275327 0.125584 0.729469 0.244286 0.650298 0.183219 0.675189
0.373921 0.849893 0.660930 0.121020 0.347692 -0.027121 0.661100 0.604825 0.437689 -0.026763 0.402412 0.946156 0.381454 0.994597 0.691618 0.947771 0.636431 0.516762 0.316042 0.020728 0.814629 0.712207 0.789776 -0.131867 0.379788 0.333451 0.057090 0.692467 0.250136 0.745689 0.230380 0.658677
0.320910 0.821651 0.707421 0.242045 0.374986 0.003363 0.739489 0.710819 0.471959 -0.014917 0.376735 0.923141 0.404596 0.986917 0.655630 0.887125 0.688669 0.639151 0.291501 0.001785 0.883703 0.727596 0.776186 0.043751 0.293526 0.352657 0.011294 0.765939 0.251411 0.757434 0.168293 0.676388
0.381971 0.783556 0.586550 0.151679 0.389698 0.111172 0.701678 0.701409 0.442671 0.000881 0.383083 0.961485 0.431974 1.068484 0.754440 0.904056 0.635900 0.596565 0.338252 0.113508 0.800504 0.673628 0.765027 -0.024590 0.404319 0.355203 0.097532 0.733981 0.270186 0.722862 0.225789 0.696704
0.360770 0.848909 0.671115 0.172555 0.455418 0.019969 0.681499 0.726729 0.475878 0.023856 0.375779 0.901078 0.340933 1.021815 0.750423 0.880439 0.687654 0.416114 0.410899 0.059350 0.827581 0.791147 0.811879 0.068331 0.303221 0.350262 0.019401 0.696585 0.283029 0.761376 0.308503 0.687653
0.406606 0.776638 0.647399 0.218567 0.441304 0.025302 0.762909 0.722780 0.460677 0.020282 0.508025 0.919063 0.400859 0.928986 0.678874 0.953971 0.775002 0.493177 0.191230 0.103459 0.821354 0.687112 0.767547 -0.086011 0.358254 0.217510 0.025932 0.766684 0.193213 0.794101 0.275775 0.569001
0.436993 0.901871 0.609358 0.153227 0.397550 0.024428 0.748803 0.727896 0.561153 -0.032038 0.384384 0.986686 0.352319 0.942708 0.712716 0.955107 0.669485 0.559098 0.233861 0.047340 0.809284 0.618224 0.618197 0.018978 0.417966 0.371405 0.100103 0.773358 0.276133 0.736793 0.169903 0.704204
0.424546 0.901846 0.578273 0.120224 0.392579 0.018390 0.659272 0.753428 0.510048 0.028246 0.380795 0.974911 0.343680 0.975883 0.714607 0.983451 0.702509 0.603899 0.263609 -0.034571 0.807258 0.754880 0.797229 0.030563 0.332112 0.319886 0.157039 0.749770 0.306917 0.727372 0.296382 0.686877
0.310533 0.866232 0.660325 0.195232 0.396804 0.011854 0.752833 0.654027 0.406502 0.005470 0.359838 0.908455 0.329091 0.984982 0.793762 0.889118 0.679215 0.444756 0.239784 0.056828 0.806370 0.778104 0.729528 0.053133 0.351534 0.344608 0.156165 0.720969 0.280344 0.811210 0.248258 0.684379
0.386467 0.871558 0.651923 0.238896 0.542933 -0.020936 0.700712 0.605306 0.410316 0.021086 0.324045 0.913000 0.335128 0.940961 0.690103 1.055770 0.615155 0.527884 0.236414 0.073555 0.771171 0.649171 0.841641 0.089139 0.400190 0.359390 0.133428 0.756377 0.220477 0.748618 0.223645 0.647060
0.438816 0.799251 0.662685 0.156348 0.428925 -0.009151 0.746556 0.713025 0.398442 0.045588 0.393470 1.063124 0.364149 0.996789 0.763586 0.922827 0.593362 0.493718 0.279755 0.069956 0.845300 0.776740 0.827709 -0.097041 0.284985 0.383930 0.094461 0.672385 0.262777 0.832842 0.248499 0.577794
0.387568 0.873655 0.650417 0.101523 0.415551 -0.002077 0.728323 0.685246 0.509876 -0.026849 0.505679 0.947031 0.291037 0.906795 0.715792 0.977263 0.697977 0.513527 0.255665 0.083571 0.876161 0.782973 0.741974 0.042679 0.378423 0.325363 0.060793 0.682223 0.215081 0.774983 0.238002 0.651678
0.377052 0.800141 0.678622 0.226451 0.427616 -0.022503 0.747136 0.807605 0.436312 0.008194 0.418766 0.948236 0.381937 0.998128 0.741183 0.846343 0.629531 0.446649 0.281683 0.110624 0.884202 0.686808 0.806305 -0.000176 0.422745 0.275612 0.029213 0.743210 0.329073 0.803577 0.212014 0.714605
0.336752 0.887519 0.668035 0.043270 0.414997 -0.012574 0.696129 0.702381 0.473655 -0.055314 0.367551 0.949744 0.391711 0.983755 0.730250 0.918733 0.678009 0.521147 0.342051 0.021054 0.807603 0.806786 0.700525 -0.047803 0.335458 0.357529 0.050342 0.701369 0.253344 0.762263 0.205545 0.642611
0.446524 0.787716 0.540826 0.098595 0.382174 0.064123 0.757274 0.668732 0.436326 0.038046 0.369102 0.879032 0.457617 1.000300 0.698968 0.965096 0.718624 0.481909 0.239681 -0.083719 0.879960 0.629739 0.737245 0.057816 0.310012 0.341893 0.088045 0.751752 0.286434 0.686240 0.173260 0.623265
0.437986 0.834039 0.663741 0.177653 0.446650 -0.058619 0.833509 0.754025 0.433563 0.048640 0.411944 0.947949 0.364726 1.013175 0.786511 0.920507 0.669433 0.505480 0.284079 0.064781 0.774028 0.707563 0.730560 0.067517 0.335606 0.249339 0.066947 0.682684 0.222893 0.679403 0.248444 0.702205
0.321354 0.886664 0.672848 0.110130 0.470656 0.035233 0.706880 0.641600 0.415578 0.026996 0.454928 0.870523 0.298534 0.956137 0.794317 0.925206 0.802971 0.452077 0.327528 0.141891 0.817802 0.689943 0.755296 0.050300 0.343209 0.343212 -0.008058 0.812080 0.271983 0.672771 0.257848 0.624359
0.378226 0.909494 0.642958 0.169269 0.390821 0.000578 0.781069 0.745862 0.473749 -0.093665 0.402545 0.954447 0.354659 0.958798 0.664802 0.948062 0.753346 0.476293 0.295734 0.157820 0.803869 0.724682 0.759467 0.021510 0.371641 0.384780 0.034735 0.722824 0.343881 0.667269 0.249170 0.746619
0.378928 0.869546 0.618039 0.259552 0.366636 -0.009088 0.768380 0.715259 0.390696 -0.069140 0.453159 0.930196 0.420524 1.018312 0.714214 0.828606 0.630008 0.541722 0.258846 -0.037272 0.939691 0.722303 0.789906 -0.015657 0.392122 0.414330 0.033601 0.756955 0.235528 0.783336 0.158761 0.728119
0.495001 1.012383 0.577344 0.058792 0.442456 -0.021023 0.698704 0.654631 0.409398 0.033500 0.365361 0.945867 0.402071 0.991742 0.625916 1.012770 0.749688 0.504505 0.267311 0.035294 0.919268 0.768545 0.726831 0.068762 0.347687 0.332685 -0.004108 0.643345 0.327488 0.771264 0.126156 0.580295
