1000 12 200
0.257988 0.273127 0.256973 0.125101 0.766439 0.066450 0.928335 0.249643 0.732381 0.915944 0.261953 0.412949
0.195833 0.299055 0.189013 0.136184 0.713711 0.227549 0.909756 0.296103 0.697231 0.954402 0.236307 0.477603
0.207753 0.271450 0.260872 0.147492 0.801815 0.117568 0.831979 0.314216 0.657798 0.999527 0.326140 0.360281
0.208700 0.306901 0.250635 0.133440 0.804968 0.141303 0.912472 0.295845 0.641788 1.047305 0.355834 0.356286
0.237243 0.177054 0.176391 0.126253 0.787899 0.037204 0.932183 0.203468 0.691342 1.031849 0.349621 0.421115
0.291534 0.267936 0.117678 0.229653 0.738025 0.073112 0.845955 0.300955 0.741132 0.990605 0.248076 0.408570
0.293862 0.280955 0.210484 0.248419 0.704702 0.067394 0.758690 0.235522 0.710459 0.918954 0.215507 0.486312
0.294776 0.248443 0.287808 0.177565 0.638556 0.103952 0.902850 0.305620 0.790212 0.984283 0.287431 0.437402
0.353927 0.237072 0.149576 0.160258 0.649848 0.151502 0.824697 0.312431 0.710985 1.017186 0.417357 0.432163
0.348877 0.343774 0.297841 0.247245 0.743825 0.095755 0.965093 0.204850 0.798759 1.005558 0.305298 0.453990
0.219160 0.294707 0.249518 0.100067 0.789662 0.091460 0.824306 0.280776 0.723342 0.995507 0.317185 0.433760
0.255222 0.282684 0.196848 0.197472 0.804243 0.119576 0.904818 0.318506 0.767810 1.018779 0.254955 0.456110
0.201067 0.362370 0.174318 0.263298 0.688833 0.071964 0.932959 0.356561 0.797454 1.103448 0.364701 0.434192
0.172510 0.244195 0.142985 0.239230 0.672536 0.207422 0.960320 0.245799 0.712430 0.975965 0.292332 0.422300
0.251167 0.309502 0.188857 0.223976 0.651829 -0.023240 0.966642 0.255660 0.634895 0.977314 0.367463 0.263366
0.358157 0.230421 0.198070 0.245423 0.649026 0.063070 0.850792 0.284763 0.781151 0.977693 0.329479 0.428880
0.266713 0.270132 0.156584 0.233792 0.708592 0.124867 0.861857 0.227105 0.741782 0.967915 0.333797 0.411583
0.258507 0.162509 0.225340 0.245355 0.913866 0.171303 0.764112 0.262047 0.639982 1.098190 0.289962 0.410809
0.271331 0.373675 0.288390 0.297001 0.805465 0.057083 0.933200 0.335575 0.667668 0.942293 0.333877 0.356324
0.264275 0.285666 0.161904 0.141524 0.810861 0.111538 0.913679 0.262666 0.776162 0.956484 0.320832 0.380332
0.336758 0.285799 0.223963 0.146120 0.705853 0.174787 0.857069 0.312740 0.769676 0.929239 0.248295 0.404447
0.254499 0.298186 0.215616 0.282411 0.759121 0.034983 0.897635 0.284572 0.704888 0.977892 0.365336 0.436730
0.236586 0.296986 0.251404 0.241719 0.640730 0.035359 0.823675 0.328829 0.722982 0.965369 0.346414 0.415043
0.328605 0.298061 0.169094 0.267253 0.827740 0.023009 1.016146 0.251122 0.683387 0.984903 0.291610 0.464384
0.209244 0.273084 0.204878 0.105753 0.702092 0.162834 0.921547 0.287333 0.767946 1.026860 0.364477 0.456454
0.247836 0.334817 0.299504 0.206624 0.714970 0.193895 0.978204 0.317276 0.761213 0.975902 0.246473 0.365345
0.158930 0.239330 0.206411 0.225990 0.815172 0.174384 0.921319 0.250759 0.705361 0.990926 0.389496 0.469563
0.341824 0.268053 0.253954 0.328882 0.799677 0.194616 0.917020 0.275121 0.730757 0.991969 0.302725 0.335596
0.217200 0.294815 0.184369 0.122462 0.680921 0.054387 0.992364 0.280021 0.721878 0.921150 0.325196 0.351914
0.241631 0.306252 0.272662 0.230625 0.768528 0.270430 0.920383 0.322159 0.716581 1.030204 0.342695 0.464010
0.172019 0.262566 0.146185 0.150372 0.815809 0.072468 1.053633 0.290193 0.691162 0.922976 0.350420 0.272706
0.206961 0.220053 0.288371 0.286612 0.767688 0.109928 0.826830 0.223149 0.656983 0.971730 0.392752 0.353638
0.287065 0.242740 0.177365 0.203488 0.763829 0.055302 0.884665 0.340143 0.749516 1.042947 0.246469 0.414871
0.241275 0.181371 0.195882 0.205529 0.727231 0.090304 0.886394 0.252883 0.777962 0.977494 0.326223 0.490515
0.253866 0.269462 0.257598 0.240168 0.756110 0.173274 0.953751 0.320429 0.770062 0.922490 0.236486 0.369415
0.293365 0.282029 0.176300 0.205552 0.790508 0.129538 0.897461 0.267318 0.853538 0.921688 0.279584 0.431508
0.299649 0.263265 0.226541 0.281887 0.827651 0.033270 0.898837 0.230234 0.800495 0.932332 0.385171 0.296852
0.354147 0.303177 0.218226 0.157895 0.788177 0.145360 0.926724 0.221160 0.633705 1.031556 0.362197 0.408822
0.224007 0.160768 0.181628 0.294078 0.809245 -0.002588 0.865209 0.203518 0.664442 1.065202 0.393144 0.468054
0.329904 0.313596 0.255640 0.150536 0.749454 0.126846 1.034078 0.313466 0.867801 1.008086 0.394331 0.391753
0.255086 0.307314 0.203662 0.224272 0.777280 0.138948 0.890768 0.239064 0.715634 0.891821 0.273488 0.389826
0.158789 0.320906 0.240663 0.242747 0.830590 0.170166 0.812184 0.122346 0.745966 0.977454 0.286229 0.400267
0.226509 0.288151 0.228218 0.233785 0.664142 0.209970 0.828374 0.351785 0.696245 0.932018 0.375107 0.363744
0.257341 0.279074 0.245915 0.270540 0.789920 0.134268 0.851160 0.194611 0.676050 0.975673 0.310112 0.367290
0.210533 0.294117 0.160459 0.256263 0.680280 0.172026 0.879336 0.359386 0.721763 0.988001 0.289908 0.536896
0.283049 0.322514 0.246781 0.198628 0.639353 0.037980 0.928890 0.208740 0.690793 0.967335 0.309884 0.402698
0.217338 0.242350 0.117622 0.230835 0.738524 0.206496 0.912449 0.233985 0.755221 1.018070 0.367337 0.452230
0.343491 0.322485 0.255511 0.155070 0.782808 0.118427 0.922836 0.301901 0.731841 1.005633 0.344526 0.515452
0.321779 0.197454 0.226772 0.214970 0.740000 0.150957 0.931812 0.185481 0.744649 1.019973 0.308242 0.448689
0.274396 0.319962 0.255486 0.151893 0.769404 0.096915 1.090922 0.308746 0.743743 0.932564 0.305306 0.418043
0.198090 0.203267 0.192367 0.250860 0.771990 0.163234 0.972975 0.331636 0.677025 0.970371 0.356807 0.443497
0.248884 0.273793 0.204269 0.257808 0.729295 0.130440 0.806314 0.273101 0.697668 0.958183 0.351053 0.321099
0.241918 0.349949 0.231959 0.104152 0.704148 0.042365 0.902580 0.240204 0.721258 0.902669 0.317225 0.382895
0.296681 0.277422 0.243668 0.189369 0.802839 0.188225 0.914765 0.299324 0.735231 0.933859 0.301625 0.325336
0.206117 0.294732 0.195338 0.190071 0.743465 0.206644 0.925872 0.247148 0.697652 1.055086 0.330009 0.445698
0.228303 0.280016 0.239293 0.176332 0.728150 0.132511 0.933000 0.249974 0.682081 0.933742 0.299528 0.505608
0.269230 0.271818 0.298408 0.241767 0.833481 0.168866 0.850652 0.250098 0.717999 1.043147 0.343092 0.385406
0.347240 0.298670 0.211968 0.231137 0.671953 0.108171 0.898641 0.276073 0.600827 0.974944 0.264922 0.261913
0.165941 0.241924 0.207566 0.191382 0.763152 0.049466 0.942329 0.225355 0.715236 0.945879 0.331199 0.341811
0.210997 0.209433 0.206259 0.218896 0.727327 0.177314 0.877012 0.379904 0.718261 0.898328 0.283561 0.326115
0.241903 0.305677 0.247747 0.242541 0.739392 0.170333 0.831815 0.292629 0.768899 0.974977 0.351870 0.460780
0.308670 0.313296 0.232929 0.248863 0.798124 0.026385 0.889633 0.265383 0.722057 0.975230 0.339828 0.364007
0.341122 0.275791 0.183816 0.266170 0.778902 0.118397 0.877474 0.260863 0.660327 1.034870 0.347963 0.504438
0.264473 0.273722 0.175794 0.208905 0.727232 0.055989 0.867734 0.229175 0.665305 0.924866 0.337409 0.423454
0.241809 0.278467 0.260324 0.131584 0.796859 0.004705 0.825245 0.122592 0.796321 0.974767 0.222345 0.346785
0.327095 0.298258 0.225088 0.222557 0.794402 0.164572 0.853575 0.334802 0.682550 0.945621 0.331039 0.387412
0.277075 0.229141 0.185283 0.180212 0.798259 0.075575 0.846468 0.288200 0.694647 0.871001 0.329990 0.408944
0.223112 0.236225 0.237112 0.214785 0.714689 0.041701 0.865035 0.277451 0.700712 0.931840 0.307709 0.390064
0.358998 0.269626 0.205065 0.281435 0.720420 0.193487 0.898003 0.327113 0.701496 1.007758 0.339946 0.489794
0.223743 0.322502 0.283027 0.173838 0.838814 0.060976 0.916480 0.248570 0.706252 0.951711 0.341260 0.430060
0.264583 0.355397 0.235466 0.106749 0.784854 0.183256 0.913032 0.378705 0.766761 0.896985 0.334673 0.412849
0.304696 0.315755 0.267821 0.232712 0.698854 0.212621 0.933711 0.247870 0.659780 0.978993 0.329171 0.362872
0.229986 0.284556 0.271627 0.193936 0.778907 0.228986 0.815708 0.287583 0.818288 1.000896 0.296458 0.307023
0.327465 0.192310 0.178759 0.214002 0.715456 0.125454 0.906219 0.263388 0.719913 0.934868 0.303475 0.491048
0.219948 0.237247 0.273783 0.275387 0.831971 0.039455 0.841834 0.301174 0.709554 0.986962 0.300184 0.399356
0.292396 0.194045 0.257088 0.171293 0.832073 0.064589 0.908304 0.215480 0.757641 0.991707 0.392403 0.486574
0.262184 0.240532 0.259693 0.213077 0.725921 0.186803 0.783164 0.303372 0.714494 0.936370 0.337539 0.401143
0.293155 0.241175 0.256063 0.241703 0.802282 0.136600 0.918655 0.215391 0.752050 1.013826 0.352238 0.419386
0.292199 0.255740 0.320410 0.186629 0.719614 0.108816 0.888440 0.311273 0.728660 0.979632 0.317575 0.440428
0.231614 0.173044 0.155145 0.234222 0.761237 0.100926 0.899245 0.314323 0.735617 0.971642 0.332004 0.399120
0.242467 0.223516 0.158529 0.238823 0.773671 0.091738 0.955727 0.233298 0.771425 0.942655 0.329749 0.379902
0.194728 0.261224 0.212700 0.203399 0.648189 0.184603 0.876878 0.282996 0.644349 0.989963 0.238738 0.410392
0.258413 0.304370 0.146977 0.182542 0.723117 0.085783 0.848547 0.308120 0.691310 1.060931 0.220526 0.445178
0.244868 0.213623 0.171440 0.184361 0.796902 0.151449 0.945411 0.271152 0.840070 0.867624 0.312520 0.409950
0.199271 0.293304 0.227255 0.214826 0.767529 0.159669 0.845800 0.183791 0.750255 0.935218 0.282629 0.309776
0.258305 0.229566 0.205132 0.257551 0.721325 0.041896 0.880652 0.256620 0.736642 0.988812 0.277006 0.325769
0.348162 0.302319 0.291825 0.170201 0.806952 0.133092 0.824882 0.261862 0.738913 0.974955 0.252507 0.373044
0.289372 0.286023 0.327886 0.236899 0.777645 0.120977 0.912154 0.384829 0.820029 1.038126 0.395753 0.414139
0.217509 0.286838 0.148095 0.299512 0.742298 0.074344 0.919070 0.245193 0.681729 0.987808 0.388276 0.418948
0.196188 0.299963 0.206983 0.302307 0.750930 0.154907 0.862763 0.289609 0.634305 0.974753 0.350524 0.528165
0.266185 0.286598 0.197623 0.173155 0.765652 0.151263 0.912568 0.312995 0.787054 0.954170 0.253203 0.429488
0.169628 0.222196 0.239595 0.218698 0.804834 0.140627 0.890189 0.266361 0.607224 0.916095 0.317230 0.442074
0.211450 0.396619 0.193386 0.184604 0.785692 0.104653 0.808502 0.302028 0.714457 1.016920 0.251236 0.384800
0.284491 0.392056 0.146059 0.166673 0.743655 0.165728 0.874751 0.231040 0.762137 0.971119 0.293329 0.465040
0.208217 0.352026 0.183814 0.227249 0.708045 0.166967 0.933383 0.350630 0.666655 0.962664 0.276247 0.407023
0.215991 0.300482 0.219488 0.097800 0.776792 0.156751 0.938901 0.248288 0.663939 0.960476 0.299620 0.472980
0.235459 0.265559 0.163512 0.245319 0.786304 0.102230 0.896948 0.197034 0.649467 1.013492 0.265455 0.448582
0.204260 0.362852 0.296215 0.220601 0.752535 0.074902 0.917460 0.253364 0.660132 0.993466 0.363918 0.440691
0.233642 0.411342 0.272294 0.165676 0.778835 0.120436 0.822518 0.273367 0.753831 0.958114 0.295698 0.329704
0.211452 0.260215 0.257330 0.211120 0.686045 0.163966 0.905828 0.250886 0.780549 0.956875 0.391698 0.359390
0.203080 0.298795 0.220803 0.183955 0.815759 0.049386 0.857135 0.312087 0.687395 1.002561 0.282696 0.371389
0.350883 0.331748 0.198305 0.173962 0.876126 0.171959 0.934188 0.293464 0.599745 1.023172 0.315518 0.348178
0.221971 0.345835 0.270681 0.212927 0.775307 0.178710 0.859392 0.276584 0.802007 0.947381 0.364320 0.451146
0.218422 0.238779 0.244701 0.304538 0.797626 0.134014 0.887383 0.227976 0.653568 1.011475 0.290580 0.442360
0.302806 0.274710 0.169771 0.192744 0.807965 0.086674 0.890194 0.259089 0.709650 0.891865 0.305206 0.379846
0.289746 0.335668 0.244583 0.230504 0.764120 0.118947 0.905750 0.244695 0.743755 0.974293 0.241654 0.402510
0.302273 0.180858 0.195074 0.196292 0.786560 0.164549 0.923372 0.252373 0.692233 0.990928 0.361826 0.380152
0.281863 0.276465 0.161828 0.189402 0.688682 0.118978 0.886549 0.284003 0.764319 0.976223 0.348111 0.409566
0.236056 0.316885 0.155036 0.184820 0.781920 0.260197 0.930994 0.186473 0.735078 0.965199 0.324880 0.451055
0.323106 0.299348 0.192014 0.193505 0.736001 0.105547 0.969759 0.221399 0.715573 0.952036 0.319957 0.476592
0.284615 0.263509 0.190302 0.211744 0.775190 0.100591 0.901427 0.326612 0.713056 0.941213 0.344819 0.402421
0.239846 0.246015 0.161527 0.191304 0.798091 0.113508 0.926824 0.344582 0.750361 0.997484 0.337175 0.297262
0.320011 0.270310 0.165911 0.187307 0.719947 0.062202 0.856480 0.243797 0.725695 0.933149 0.248180 0.429002
0.230194 0.241588 0.293731 0.236060 0.605732 0.118941 0.830330 0.311383 0.637517 0.908384 0.259388 0.470170
0.327860 0.288970 0.330008 0.319384 0.743625 0.085069 0.885420 0.273641 0.772677 0.852590 0.367076 0.441214
0.159193 0.248391 0.204234 0.165060 0.735457 0.076341 0.942847 0.275553 0.748376 1.026339 0.304766 0.361351
0.207435 0.243354 0.248131 0.278009 0.757366 0.191837 0.881924 0.315378 0.757652 1.024670 0.266436 0.376077
0.396002 0.245457 0.281221 0.182883 0.735612 0.068009 0.918507 0.254215 0.739427 0.980483 0.177653 0.379394
0.213549 0.282050 0.144337 0.211397 0.680271 0.144023 0.815029 0.145858 0.706525 0.951404 0.402211 0.394033
0.233435 0.224191 0.267263 0.164910 0.829150 0.087849 0.866680 0.210096 0.757725 0.961305 0.331880 0.452044
0.257723 0.278070 0.195460 0.274493 0.758987 0.120274 0.830341 0.219943 0.746208 0.985629 0.317658 0.417073
0.212231 0.255869 0.257283 0.174348 0.802331 0.140835 0.896420 0.186313 0.786199 0.930590 0.310634 0.438393
0.278129 0.230666 0.206926 0.197606 0.707374 0.171489 1.004107 0.287812 0.705537 1.068729 0.313826 0.338412
0.220154 0.278288 0.308101 0.246850 0.710746 0.149915 0.887162 0.320192 0.752559 0.936110 0.360883 0.416637
0.268026 0.332861 0.215543 0.181222 0.764083 0.191133 0.827842 0.362515 0.760779 0.942242 0.328704 0.397974
0.221743 0.307553 0.144862 0.153529 0.843007 0.112475 0.898400 0.267027 0.720535 0.958623 0.316443 0.367339
0.254362 0.316701 0.180721 0.238776 0.709608 0.196093 0.814619 0.238764 0.746583 1.012439 0.211448 0.417030
0.276938 0.295964 0.271414 0.214792 0.893880 0.111239 0.932146 0.233971 0.623741 1.001578 0.399244 0.422739
0.275093 0.276879 0.172632 0.196147 0.785087 0.093755 0.870423 0.205687 0.751981 0.975948 0.368985 0.447202
0.319906 0.261864 0.220983 0.203915 0.841443 0.140744 0.820100 0.268861 0.725219 0.915835 0.178934 0.404649
0.292370 0.325741 0.186138 0.198790 0.818319 0.143619 0.896838 0.284685 0.744126 0.953968 0.253555 0.445831
0.294672 0.234861 0.132012 0.117246 0.815213 0.121654 0.890047 0.331780 0.689731 0.907098 0.335525 0.382642
0.228144 0.273709 0.245813 0.164974 0.751760 0.150349 0.921309 0.235892 0.761153 0.950682 0.377484 0.459497
0.259327 0.274182 0.234231 0.160551 0.859731 -0.001716 0.863699 0.269087 0.719422 1.043872 0.263265 0.411687
0.200836 0.256293 0.218745 0.107724 0.741285 0.074529 0.932884 0.332565 0.733394 0.972994 0.311508 0.384021
0.313493 0.268644 0.140945 0.201955 0.764697 0.115917 0.864353 0.190819 0.739858 0.964786 0.369692 0.470739
0.259557 0.234664 0.202492 0.265822 0.752798 0.128653 0.937965 0.270403 0.593862 0.992936 0.345004 0.451797
0.275520 0.236527 0.260726 0.154974 0.718695 0.107696 0.855729 0.310756 0.777371 0.929064 0.354457 0.450828
0.269225 0.275468 0.245258 0.193116 0.634955 0.135604 0.866619 0.286508 0.724647 1.004074 0.285012 0.483872
0.274727 0.323936 0.266029 0.280821 0.738221 0.097802 0.955856 0.263765 0.660625 0.928690 0.333350 0.372592
0.258775 0.241762 0.300435 0.151668 0.699165 0.087489 0.934637 0.349041 0.603924 0.982378 0.349582 0.407042
0.196097 0.309515 0.210411 0.208079 0.719943 0.076128 0.791547 0.317471 0.664872 0.987395 0.255535 0.383433
0.250384 0.236048 0.232211 0.223597 0.642539 0.176940 0.971113 0.267366 0.725493 1.048025 0.295809 0.389054
0.205547 0.174876 0.294581 0.310724 0.752564 0.129341 0.930441 0.196040 0.690887 0.973398 0.268847 0.367805
0.294373 0.331221 0.060513 0.253090 0.785184 0.083817 0.889396 0.261351 0.755820 0.999136 0.288656 0.436536
0.220832 0.283514 0.224508 0.193523 0.814822 0.203973 0.864602 0.274459 0.712399 1.042791 0.334104 0.494768
0.256346 0.262210 0.235949 0.155133 0.842026 0.063626 0.893186 0.269980 0.668456 0.956336 0.390973 0.491131
0.326536 0.281423 0.239732 0.214589 0.774434 0.175525 0.892510 0.304650 0.722847 0.955517 0.331339 0.440619
0.246399 0.248843 0.242325 0.238506 0.714310 0.048113 0.919323 0.225062 0.706216 0.933458 0.286394 0.372445
0.233248 0.279503 0.285226 0.257651 0.737380 0.117953 0.827777 0.184234 0.754486 0.969715 0.334742 0.363600
0.273677 0.286534 0.273672 0.245915 0.805011 0.172515 0.875718 0.327136 0.689577 0.994899 0.299017 0.378773
0.311433 0.227496 0.281542 0.245030 0.774697 0.092621 0.829543 0.299542 0.690480 1.031303 0.373843 0.322041
0.147870 0.392894 0.202770 0.268854 0.780463 0.121961 0.899882 0.300787 0.754822 0.894980 0.301587 0.374447
0.260905 0.175692 0.327666 0.194937 0.765891 0.063067 0.853123 0.376074 0.660484 0.954694 0.256883 0.438415
0.202145 0.315645 0.163999 0.161450 0.715151 0.128177 0.872696 0.275466 0.769166 0.911270 0.432211 0.416031
0.329151 0.348486 0.196843 0.156292 0.793850 0.096720 0.876024 0.369306 0.756430 0.979492 0.263834 0.394017
0.356953 0.235614 0.177186 0.159740 0.812794 0.112015 0.927680 0.309339 0.719462 0.949368 0.322345 0.438913
0.256211 0.236135 0.232085 0.293604 0.873563 0.104673 0.929509 0.309764 0.804752 0.923264 0.298286 0.465245
0.289817 0.227467 0.241339 0.264729 0.725158 0.142336 0.894308 0.249322 0.732333 0.904053 0.242542 0.439209
0.168121 0.258773 0.188135 0.229111 0.928344 0.224424 0.897382 0.175442 0.776463 1.059514 0.283758 0.398274
0.209153 0.367761 0.211710 0.230452 0.692733 0.188492 0.983830 0.276015 0.684346 0.981239 0.292251 0.419262
0.289193 0.256444 0.283402 0.224537 0.680107 0.191149 0.909062 0.362828 0.820959 1.000217 0.363214 0.464232
0.226599 0.217317 0.111406 0.164491 0.717634 0.241611 0.901308 0.213426 0.636765 0.888258 0.325144 0.377798
0.221079 0.244459 0.277276 0.197326 0.716034 0.068212 0.864417 0.257573 0.715181 0.950601 0.261495 0.339571
0.258314 0.321466 0.326749 0.198251 0.679850 0.125525 0.883764 0.329563 0.727105 0.924887 0.277809 0.449545
0.271213 0.341117 0.255192 0.153672 0.738801 0.130634 0.906484 0.325503 0.635466 0.871211 0.422963 0.447681
0.368330 0.194142 0.228646 0.160283 0.737437 0.068547 0.974463 0.361122 0.704035 0.886855 0.321382 0.387990
0.818518 0.950139 0.359587 0.974381 0.907941 0.138354 0.511180 0.132502 -0.044031 0.466156 0.960066 0.068997
0.826546 1.065019 0.397991 0.878775 0.933463 0.198554 0.502824 0.072305 -0.013233 0.475409 0.921816 0.053208
0.872205 0.973109 0.343094 0.907596 0.867796 0.196785 0.546407 0.090698 0.011490 0.491241 0.957780 0.026037
0.895823 0.952853 0.275518 0.927456 0.869438 0.190878 0.431574 0.099713 0.035013 0.476638 1.069696 0.019399
0.890968 1.062190 0.365290 0.926483 0.823888 0.246201 0.522670 0.058399 0.003598 0.509881 1.002701 0.088379
0.860616 0.959633 0.461900 0.935905 0.913180 0.162735 0.515743 0.041530 0.004354 0.465988 0.947509 0.026994
0.896376 0.985073 0.351905 0.981855 0.799476 0.086831 0.497947 0.055627 0.027529 0.436762 1.013639 0.026045
0.836780 1.003194 0.283127 0.960749 0.998869 0.224962 0.548684 0.099682 -0.049638 0.461928 1.017616 -0.010374
0.812466 0.988171 0.379242 0.890967 0.895514 0.105437 0.471263 0.103403 -0.036787 0.508667 0.796135 0.027236
0.850334 1.018666 0.334717 0.996674 0.787477 0.175289 0.415361 0.112429 0.049629 0.398835 0.962363 0.082189
0.835000 1.014509 0.419979 0.938505 0.856237 0.192602 0.436832 0.091145 0.102397 0.471038 0.965115 0.079377
0.855468 0.923440 0.476586 0.958203 0.870996 0.194173 0.507038 0.129697 0.050279 0.510365 0.944389 -0.047688
0.835014 1.024391 0.325869 0.866199 0.895544 0.127705 0.597398 0.146149 0.036981 0.429354 0.984378 0.015292
0.937734 0.997219 0.370925 0.986672 0.914856 0.231637 0.534743 0.034503 -0.034435 0.549200 0.902969 -0.078202
0.862190 0.971477 0.333472 0.917241 0.842951 0.261756 0.525615 0.134461 -0.146616 0.500173 0.958390 -0.002540
0.943254 1.070642 0.277313 0.977960 0.824902 0.139866 0.506092 0.162183 0.042869 0.537203 0.999730 0.077087
0.817623 0.962415 0.331466 0.970985 0.830127 0.204971 0.465371 0.022546 0.015000 0.456585 1.006764 -0.030964
0.943336 1.000615 0.337941 0.971294 0.958909 0.193904 0.402297 0.045006 0.084142 0.425390 1.025644 0.066896
0.883271 0.979357 0.357022 0.993015 0.871622 0.071541 0.555829 0.022277 -0.046731 0.402171 0.952478 0.053579
0.763303 0.929783 0.227338 0.907922 0.847203 0.113889 0.407050 -0.000666 0.026561 0.506939 0.985111 0.053432
0.850145 0.975636 0.390125 0.913800 0.848262 0.224413 0.512330 0.067175 0.031012 0.540277 1.022550 0.088983
0.804193 0.918902 0.353679 0.946863 0.837021 0.191515 0.541819 0.117172 0.007381 0.484478 1.020401 0.027156
0.842971 0.980746 0.337683 0.914550 0.860192 0.055353 0.455653 0.119494 0.083740 0.447008 0.893816 0.096614
0.820736 0.981175 0.246735 0.922615 0.906955 0.133299 0.522163 0.148718 -0.020683 0.484794 0.946005 0.040084
0.803675 1.011421 0.362054 0.940967 0.913188 0.214235 0.438283 0.138702 0.093715 0.504598 1.041373 0.019369
0.861035 0.933416 0.344646 0.950577 0.842566 0.200051 0.513930 0.061230 0.016530 0.576210 0.983476 0.112808
0.887606 1.045523 0.365568 0.947571 0.933583 0.159949 0.472150 0.083404 0.055912 0.484920 0.995712 0.107635
0.886645 0.992305 0.441002 0.955975 0.901459 0.122415 0.488758 0.142491 -0.104780 0.527529 1.006878 0.026907
0.809114 0.953362 0.357607 0.928049 0.941190 0.106636 0.468388 0.084838 0.108680 0.522538 0.909720 0.046758
0.800511 1.049374 0.329070 0.925268 0.903945 0.120651 0.446627 0.052760 0.075550 0.508201 0.981674 0.113657
0.861954 0.919627 0.308009 0.866148 0.815028 0.143421 0.479294 -0.053544 -0.045167 0.484413 0.996653 0.040119
0.774505 0.954224 0.235905 0.843889 0.792609 0.176569 0.488727 0.084804 -0.037490 0.401061 0.979433 0.034083
0.897450 1.027590 0.363389 0.802175 0.851687 0.186164 0.467439 0.136482 0.057999 0.518684 0.934730 -0.060673
0.892232 0.988375 0.363446 0.924600 0.899146 0.222381 0.506485 0.018255 0.136619 0.494956 1.005530 0.035540
0.875086 0.980207 0.409029 0.953328 0.876444 0.158567 0.429975 0.040666 0.073166 0.494125 1.004610 0.135781
0.845087 0.957800 0.454360 0.956470 0.807526 0.162471 0.523506 0.064756 0.154619 0.504708 1.054419 -0.014433
0.887519 0.916930 0.356283 0.958125 0.979894 0.128619 0.499812 0.020012 0.006301 0.544412 0.961406 -0.045466
0.791221 1.006604 0.421559 0.902075 0.929460 0.164894 0.427268 0.080521 0.021901 0.443914 0.994160 0.012585
0.850142 1.034765 0.385603 0.940976 0.944543 0.265278 0.448464 0.119569 0.043177 0.430200 0.945850 -0.072382
0.875002 0.994143 0.280736 0.871973 0.809273 0.209681 0.523824 0.054926 0.047427 0.482734 0.993121 0.058378
0.804711 0.946093 0.383651 0.903014 0.884787 0.096709 0.508654 0.016326 0.031191 0.445000 0.903819 -0.031925
0.779657 0.979987 0.305071 0.822513 0.858951 0.199156 0.509309 0.163854 -0.047849 0.571500 1.016950 -0.033716
0.922105 0.927055 0.425773 1.022125 0.820774 0.172660 0.525362 0.116819 0.086805 0.460975 0.975381 -0.049465
0.761931 1.044204 0.333282 0.866519 0.888703 0.131291 0.520480 0.087149 -0.024401 0.455438 0.966847 0.099210
0.782143 0.941242 0.273222 0.985748 0.788351 0.236852 0.512439 0.069028 0.049022 0.454691 1.001046 0.134444
0.870228 0.961014 0.404097 0.918293 0.863463 0.270979 0.567254 0.140515 0.006485 0.476124 1.038765 0.061486
0.817519 0.897730 0.306804 0.960805 0.889597 0.257129 0.544644 0.085352 -0.002269 0.375575 0.986914 0.020369
0.931882 0.966931 0.398086 0.888733 0.982644 0.232757 0.416834 0.078223 -0.046184 0.498521 0.989056 0.001555
0.868736 1.063556 0.348656 0.883705 0.930516 0.145070 0.460542 -0.069443 0.047308 0.467127 1.000381 0.105217
0.878749 0.986953 0.334661 0.949571 0.894957 0.140557 0.469280 0.047330 0.028188 0.510646 0.968681 0.099656
0.818774 1.025291 0.382346 0.945574 0.941021 0.184975 0.458786 0.040200 0.038844 0.476926 1.001327 0.039372
0.866084 0.943469 0.269875 0.910624 0.943324 0.084590 0.458787 0.132210 0.023331 0.557578 0.866558 -0.000866
0.776294 0.996691 0.317605 0.974872 0.886709 0.162904 0.543900 0.068612 0.133351 0.499283 1.019561 0.040599
0.914392 1.006123 0.316782 0.948004 0.913821 0.141634 0.448815 0.127806 -0.019694 0.530164 0.909590 0.060571
0.881315 0.956204 0.342479 0.969397 0.858318 0.100768 0.552244 0.060307 0.047016 0.558495 0.994193 -0.015935
0.813390 0.978137 0.272268 0.925226 0.964313 0.191822 0.467829 0.013291 0.008384 0.472544 0.961948 0.036010
0.829877 1.126495 0.384860 0.906758 0.874674 0.218173 0.585886 0.053702 -0.001332 0.401899 0.988083 0.068755
0.866927 0.986730 0.388497 0.933792 0.888097 0.167681 0.472775 0.080120 0.067862 0.483226 0.947272 -0.070956
0.825750 1.017565 0.322915 1.006928 0.964646 0.124388 0.474405 0.034338 0.124581 0.497363 0.950074 0.007481
0.887440 1.035010 0.316627 0.958872 0.807578 0.185038 0.501347 0.080382 0.063467 0.433940 0.940376 -0.009054
0.805679 0.916561 0.311994 0.956696 0.784508 0.188884 0.458664 0.133997 -0.012123 0.503020 1.004958 -0.004040
0.847970 0.966336 0.363018 0.936098 0.898686 0.167974 0.470628 0.166561 0.114457 0.468879 0.943624 0.069408
0.892211 0.914315 0.448780 0.957765 0.845147 0.133607 0.490643 0.065594 0.056751 0.466118 0.974924 0.011353
0.887256 0.946849 0.406494 0.966006 0.852768 0.047444 0.515002 0.053641 -0.014561 0.441927 0.890115 -0.082496
0.947989 1.024766 0.409851 0.940618 0.881015 0.114489 0.513157 0.082563 0.160488 0.547310 1.062847 0.091137
0.913201 0.968131 0.338407 0.977187 0.931297 0.142074 0.580280 0.028331 0.117528 0.437732 0.963470 0.102734
0.827503 0.989645 0.365078 0.940710 0.914156 0.114060 0.458887 0.027475 0.089143 0.507473 0.972287 0.032985
0.821945 0.980025 0.278909 0.893303 0.888842 0.195761 0.521133 0.126139 0.052445 0.528288 1.025242 0.019256
0.769574 0.925013 0.224489 0.831699 0.807402 0.193618 0.401706 0.075380 0.021544 0.497179 0.943470 0.082400
0.836516 0.997923 0.348363 0.933272 0.926421 0.142694 0.491144 0.065181 -0.025799 0.459180 1.021359 -0.030409
0.898967 0.970195 0.392358 0.971757 0.896686 0.143109 0.526903 0.015065 -0.043046 0.505389 0.908852 0.002528
0.870997 0.910815 0.334668 0.985076 0.929524 0.207748 0.479239 0.169768 0.123940 0.478364 0.919750 0.014530
0.830314 0.918219 0.409132 0.889990 0.850841 0.234668 0.555594 0.113053 0.003926 0.459801 1.017678 0.082685
0.786700 1.011138 0.360849 0.925957 0.952000 0.146317 0.473831 0.144033 0.072162 0.434703 1.005689 0.119233
0.832747 0.989807 0.404307 0.916330 0.925882 0.178716 0.475028 0.035398 0.078351 0.445419 1.004395 0.094009
0.816850 1.024970 0.342235 0.924502 0.881224 0.154571 0.482694 0.017677 -0.006365 0.443705 1.028089 0.027215
0.925319 0.974693 0.414943 0.830367 0.974056 0.152085 0.533077 0.072913 -0.011647 0.419604 0.957533 0.019057
0.856275 1.000648 0.266755 0.927259 0.853650 0.201648 0.473421 0.101522 0.004817 0.535160 1.045066 0.085870
0.856942 0.949194 0.406313 0.976613 0.947124 0.090749 0.460080 0.133583 0.054969 0.555803 0.910296 0.110863
0.873568 0.958425 0.321679 0.888494 0.960945 0.237701 0.436033 0.027847 0.031777 0.564057 0.917471 -0.056398
0.831496 0.999681 0.403680 0.919672 0.910766 0.097067 0.486863 0.149779 -0.000591 0.500573 0.942341 0.055830
0.840530 0.953859 0.275444 0.880604 0.895120 0.227165 0.482072 0.034558 0.076732 0.414978 0.934888 0.041222
0.719898 1.002922 0.289079 0.873517 0.859402 0.203442 0.550833 0.023095 0.095652 0.373041 0.989644 0.003751
0.877689 1.055295 0.295678 0.923226 0.899226 0.096272 0.502549 0.075199 0.040817 0.455024 0.873244 0.101306
0.868764 1.017592 0.356182 0.944533 0.865601 0.177968 0.386491 0.056079 -0.027557 0.553820 1.019656 0.052228
0.868383 0.982478 0.311389 0.984645 0.874880 0.181099 0.508782 0.160748 -0.018855 0.483088 1.023646 0.029295
0.800082 0.857262 0.386953 0.990785 0.875312 0.062867 0.472078 0.064157 0.086227 0.439246 0.891467 0.054170
0.861800 0.948916 0.350898 0.984020 0.960998 0.114785 0.528064 0.027772 -0.005845 0.470389 1.023964 -0.033744
0.901266 0.909163 0.340869 0.952915 0.890557 0.095167 0.360961 0.146867 -0.024124 0.553616 1.026515 0.096409
0.784983 1.007194 0.465209 0.951197 0.880460 0.090236 0.476440 0.032584 0.019948 0.473846 0.988764 0.120707
0.867717 0.976170 0.388512 0.837944 0.953711 0.106346 0.569742 0.078959 0.066144 0.525950 0.920937 0.037847
0.880727 0.900134 0.297827 0.926714 0.953621 0.154245 0.488519 0.087974 0.089244 0.442497 0.980973 0.018635
0.827102 1.004837 0.344333 0.968341 0.830849 0.225196 0.440154 0.106192 0.064883 0.523607 0.971247 0.012866
0.843630 1.042544 0.391154 0.947026 0.864061 0.138434 0.474272 0.102344 0.127673 0.425577 1.028858 0.033369
0.976360 0.928570 0.430479 0.993089 0.883862 0.141231 0.559601 0.116461 0.076912 0.516604 0.932432 0.079535
0.813228 1.008247 0.321943 0.933509 0.971217 0.209902 0.526473 0.024299 0.019686 0.428591 1.073567 0.017346
0.870330 1.027188 0.378387 0.910752 0.827384 0.110803 0.452313 -0.018915 -0.043574 0.467368 0.910655 0.120929
0.831246 0.900924 0.413422 0.818682 0.865532 0.132195 0.568799 0.079069 0.064689 0.483999 0.927371 -0.086776
0.791201 1.073640 0.370512 0.896320 0.795771 0.107461 0.569528 0.027899 -0.002653 0.544546 0.951738 0.028871
0.849219 0.938127 0.382678 0.932946 0.862370 0.272391 0.414928 0.078726 0.021134 0.419311 1.032752 0.081836
0.878327 1.019631 0.354580 0.919046 0.880584 0.068056 0.470783 0.074788 -0.044448 0.407629 0.953921 -0.001535
0.886791 0.966974 0.347650 1.023280 0.824908 0.220607 0.547573 0.118337 -0.027309 0.422465 0.925587 0.041017
0.824230 0.991085 0.377802 0.900719 0.929072 0.228383 0.540080 0.112359 0.061945 0.466892 0.999632 0.042037
0.827022 1.004640 0.350789 0.868280 0.922382 0.178938 0.497602 0.161291 0.080928 0.464022 0.976939 -0.025405
0.751083 1.034761 0.301597 0.946859 0.918623 0.124129 0.407816 0.093368 0.045412 0.462197 0.985432 0.096703
0.853633 0.845211 0.345617 0.942481 0.891607 0.243085 0.555893 0.112856 0.023511 0.415810 0.917475 0.030102
0.699682 0.933100 0.389563 0.896352 0.878304 0.110277 0.457074 0.090333 0.055091 0.506347 0.978964 0.058486
0.862601 0.974334 0.348938 0.827466 0.925371 0.167699 0.470403 0.057222 -0.052293 0.407522 0.998598 -0.010727
0.759242 0.918098 0.279187 0.982041 0.773532 0.125414 0.461349 0.070256 0.061181 0.531453 0.887355 0.025917
0.816203 0.912020 0.406597 0.849637 0.784489 0.104327 0.466096 0.105403 0.024391 0.456223 1.100921 0.052740
0.945375 1.083643 0.306868 0.945917 0.920635 0.316188 0.495052 0.102930 0.032997 0.536745 1.125434 -0.001655
0.830092 0.983251 0.325344 0.928099 0.823921 0.093193 0.457012 0.098494 0.005663 0.463585 0.996537 0.008542
0.779381 1.024814 0.366925 0.891861 0.810478 0.199988 0.449349 0.106303 -0.027294 0.428370 1.083141 0.026758
0.893955 0.940759 0.272292 0.903015 0.898072 0.199466 0.512045 0.106466 0.002627 0.448234 1.003530 0.035908
0.907903 0.939921 0.399181 0.918938 0.937155 0.115874 0.473463 0.090032 -0.015654 0.499949 1.001122 0.009565
0.864765 0.907577 0.349935 0.895808 0.849795 0.181917 0.573277 0.139404 -0.003410 0.494602 1.023658 0.098604
0.794724 0.994622 0.307970 0.934964 0.871189 0.169330 0.531241 0.119631 0.056749 0.487703 0.914922 0.003508
0.776057 0.944535 0.406149 0.973886 0.886738 0.209286 0.416139 0.042731 0.008185 0.518052 0.997761 0.030715
0.908806 0.990159 0.349598 0.918724 0.887165 0.113815 0.381770 0.123778 -0.041743 0.467702 1.060688 0.085960
0.782845 1.003108 0.334336 0.977395 0.889101 0.195960 0.556709 0.104051 -0.021730 0.471310 0.987142 -0.033574
0.860251 0.918583 0.389249 0.980820 0.895355 0.202437 0.446189 0.056142 0.020183 0.474804 1.011749 0.064515
0.840299 0.945715 0.370365 0.893271 0.877489 0.141644 0.502495 0.154436 -0.008898 0.581755 1.039801 0.020194
0.804346 0.900338 0.246210 0.858742 0.854892 0.133013 0.477580 0.104917 0.024996 0.571179 0.995046 0.094259
0.899335 0.975787 0.367325 0.935983 0.961186 0.155061 0.522374 0.015287 0.035108 0.486504 1.008897 -0.077624
0.844788 0.976818 0.354844 0.935992 0.906800 0.205153 0.551438 -0.026374 0.003126 0.516444 0.922421 0.082034
0.847063 1.025094 0.462775 0.852566 0.871084 0.169749 0.417504 0.112220 0.024137 0.506737 0.967045 0.011711
0.785592 0.983049 0.316194 0.895577 0.860374 0.247614 0.437570 0.076858 0.000395 0.455626 0.968164 0.014016
0.895203 0.996788 0.393237 0.901555 0.925785 0.124484 0.452955 0.072768 0.103575 0.455920 1.033020 0.027642
0.918077 1.015937 0.331243 0.938256 0.921934 0.128229 0.421681 0.175228 -0.101270 0.438803 1.014610 0.025460
0.747772 1.039661 0.423536 0.918401 0.865134 0.156101 0.472182 0.163534 -0.097434 0.470955 1.008703 -0.013263
0.856237 1.009266 0.346116 0.928268 0.835154 0.147078 0.476319 -0.023547 0.057972 0.497031 0.970630 0.073227
0.854269 0.944183 0.433831 0.882223 0.883739 0.206636 0.401864 0.054603 -0.017462 0.394131 0.968206 0.086327
0.845799 0.906878 0.357530 0.868887 0.751747 0.254045 0.394595 0.055303 0.119429 0.400597 0.980547 0.129795
0.886993 0.949625 0.326595 0.992091 0.869036 0.151695 0.384771 0.090105 -0.049651 0.512292 0.912955 0.003737
0.911453 0.939453 0.319325 0.959029 0.765988 0.332470 0.440018 0.093334 -0.021973 0.449981 0.983271 0.123788
0.829539 0.936525 0.345290 0.925316 0.853779 0.190812 0.491146 0.170695 0.096809 0.556300 0.884547 -0.015213
0.761429 0.950505 0.260899 0.963786 0.888562 0.153120 0.391840 0.164497 0.051729 0.433852 0.944177 0.010822
0.764793 0.912894 0.333016 0.984090 0.864621 0.091829 0.458856 0.108760 -0.031525 0.432885 0.944567 0.075819
0.824332 0.964336 0.445272 0.997175 0.933485 0.188533 0.520314 0.160846 0.076681 0.439615 1.012920 0.111718
0.840966 0.946413 0.357759 0.903636 0.882800 0.202612 0.514126 0.129151 -0.065785 0.540196 1.021803 0.038773
0.805278 1.006256 0.283075 0.907123 0.856709 0.193133 0.487792 0.068201 -0.038518 0.498081 0.972419 -0.061009
0.771036 1.018504 0.326117 1.017115 0.919403 0.236253 0.492733 0.142568 -0.065193 0.467418 0.954214 0.078430
0.839768 0.965082 0.338346 0.980134 0.984175 0.173520 0.483683 0.141367 -0.046098 0.410067 0.969125 0.042384
0.816333 1.003888 0.312727 0.998561 0.835806 0.252719 0.502258 0.113493 0.038559 0.540533 0.912327 0.049048
0.924698 1.036642 0.338640 0.943297 0.810846 0.145342 0.525800 0.026502 0.047060 0.533260 0.997569 0.042483
0.843541 0.975967 0.355261 0.880198 0.872163 0.120975 0.515965 0.004300 -0.001978 0.542936 0.971545 -0.034100
0.864443 0.964538 0.382971 0.991370 0.878018 0.126900 0.403478 0.086445 0.111313 0.489685 0.986038 0.033814
0.760361 1.009486 0.352618 0.958251 0.825825 0.229757 0.370742 0.156749 -0.023738 0.497564 1.041930 0.028002
0.853597 1.019895 0.256946 0.967318 0.929610 0.198172 0.515830 0.014477 0.030705 0.469207 0.954019 0.091387
0.877659 0.894973 0.328178 1.005384 0.885672 0.232195 0.504989 0.165039 0.049276 0.397145 1.031503 -0.003640
0.929739 1.012372 0.406565 1.013072 0.955949 0.143228 0.493954 0.168561 0.000185 0.504372 0.956192 0.049543
0.836791 0.997767 0.353897 0.962568 0.906951 0.141728 0.437741 0.078214 0.033889 0.510248 0.993039 0.088709
0.824632 0.959577 0.300580 0.921775 0.871784 0.171773 0.477340 0.103342 0.031588 0.508714 1.074240 0.097345
0.846246 0.997752 0.415870 0.921742 0.967700 0.154831 0.475348 0.048031 0.088028 0.490719 0.928026 -0.033392
0.807450 1.077384 0.351293 0.905710 0.871625 0.054126 0.482433 0.130566 0.019566 0.483825 0.921189 -0.045194
0.857025 1.003514 0.260426 0.866859 0.901934 0.106158 0.568974 0.063544 -0.001837 0.526384 0.954027 0.039098
0.842907 0.909987 0.352206 0.862755 0.802472 0.144145 0.532645 0.101541 0.033604 0.484301 1.088489 0.054875
0.778990 1.005695 0.305411 0.945462 0.813843 0.199723 0.491100 0.041116 0.025716 0.318651 1.042831 0.021542
0.800913 0.969122 0.316362 0.929911 0.898679 0.270038 0.423733 0.146227 0.045240 0.499536 0.937671 0.077547
0.898827 1.044307 0.345523 0.974772 0.812642 0.147172 0.611995 0.084577 -0.003244 0.497623 1.018367 0.043626
0.844965 0.995607 0.360788 0.976926 0.877545 0.139284 0.581439 0.124084 -0.001955 0.525429 1.015878 -0.098874
0.777332 1.014026 0.400232 0.934200 0.885426 0.194738 0.507985 0.023480 0.067729 0.539153 0.991609 0.051453
0.863764 0.983367 0.337177 0.929790 0.872429 0.209320 0.475929 0.106474 0.127799 0.500961 1.045595 0.036350
0.743003 0.893106 0.335590 0.928419 0.849215 0.174305 0.559796 0.056518 0.071866 0.417191 1.032407 0.036826
0.823070 1.051048 0.308932 0.946951 0.906804 0.165442 0.580563 0.016413 -0.042270 0.393498 1.055069 0.019518
0.883343 0.982480 0.419407 0.908653 0.877718 0.159523 0.414234 0.028639 -0.063138 0.483608 0.985523 0.077282
0.877608 0.975265 0.396718 0.994189 1.030979 0.124557 0.543705 0.076796 -0.010459 0.467339 1.027820 0.053862
0.943575 0.931083 0.334809 0.856502 0.919843 0.175760 0.609400 0.007824 -0.010189 0.435093 0.904745 0.066508
0.846574 1.046021 0.476742 1.005059 0.963713 0.226603 0.430263 -0.004021 0.051938 0.423483 1.013785 -0.005549
0.732107 0.965591 0.359193 0.938048 0.941536 0.078442 0.507997 0.077523 0.052946 0.531567 0.943618 0.079299
0.910685 1.058320 0.290298 0.899691 0.788624 0.152825 0.472779 0.146282 0.042302 0.477865 1.007228 0.101089
0.741273 0.995570 0.327452 0.989379 0.948863 0.214686 0.465811 0.036720 0.023288 0.493204 1.094972 0.099733
0.859769 1.021606 0.312850 0.908026 0.954806 0.132122 0.526733 0.093767 -0.041553 0.498947 1.021321 0.032316
0.791375 1.018475 0.299646 0.978128 0.839911 0.196144 0.494540 0.101716 -0.052089 0.484452 0.959467 0.036680
0.847865 0.975986 0.355284 1.000902 0.873283 0.267873 0.445602 0.131248 0.058636 0.484984 1.053634 0.011445
0.908237 0.975474 0.374513 0.932326 0.899860 0.237178 0.513519 0.067787 0.031471 0.614455 1.006447 0.004681
0.838300 0.949221 0.421431 0.955860 0.969539 0.165967 0.440314 0.155027 0.087101 0.560008 0.986320 0.025424
0.831706 0.932878 0.310526 0.900434 0.911610 0.179919 0.492810 0.123717 0.059800 0.449479 0.948575 -0.000054
0.929011 0.970536 0.333505 0.892740 0.842725 0.215015 0.432926 0.028463 0.020134 0.462407 1.127224 0.053527
0.802861 1.034131 0.333301 0.975678 0.890006 0.164293 0.515250 0.145920 -0.039615 0.403803 1.040933 -0.012595
0.825979 1.029954 0.255209 0.846598 0.921331 0.196923 0.455649 0.111902 0.034639 0.430968 1.024522 0.005034
0.853856 0.976645 0.293439 0.935204 0.879251 0.135382 0.463531 0.083885 -0.055239 0.575051 1.045721 0.127586
0.855685 0.917310 0.339976 0.853981 0.942738 0.132721 0.451795 0.084195 -0.099348 0.443457 0.978311 0.038257
0.826758 0.881480 0.353990 0.916654 0.823778 0.269757 0.475793 0.150496 -0.016339 0.446148 1.038392 -0.065225
0.829226 1.058146 0.385962 0.930843 0.925245 0.157277 0.549039 0.056358 0.069827 0.434532 0.976640 0.048387
0.822606 0.978555 0.363286 0.903972 0.875583 0.200560 0.444166 0.113881 -0.009810 0.515723 0.936661 0.017509
0.841443 0.954896 0.391452 0.889692 0.917531 0.134189 0.483439 0.037999 -0.066119 0.465952 0.946424 -0.005904
0.847491 0.888960 0.297203 1.000086 0.946088 0.266422 0.434409 0.067017 0.011649 0.477944 1.015394 0.040942
0.928745 0.979709 0.331612 0.906109 0.836908 0.218674 0.512715 0.134939 -0.059729 0.419681 1.036263 -0.005412
0.735788 1.089890 0.320706 0.910081 0.912855 0.063352 0.569742 0.034594 0.075816 0.503131 0.969076 -0.109559
0.774837 0.980466 0.403259 0.910387 0.857074 0.096381 0.534600 0.086540 -0.047101 0.428632 0.927482 0.087795
0.816477 1.082460 0.354556 0.905651 0.935497 0.215512 0.434583 0.088199 0.151891 0.547226 0.961707 -0.000080
0.834244 0.964203 0.384458 0.918151 0.920194 0.168198 0.514167 0.164419 0.027685 0.420039 0.958350 0.066650
0.778859 0.929425 0.349227 0.915056 0.914853 0.178004 0.524433 0.099479 0.056922 0.456257 0.997491 0.028147
0.839982 1.033241 0.236460 0.904710 0.932666 0.155127 0.421751 0.134797 0.011672 0.512965 1.084695 0.043543
0.945667 1.084686 0.370344 0.894207 0.848385 0.174581 0.515126 0.051582 0.093079 0.492043 1.000151 0.044653
0.883768 0.970572 0.382075 0.889791 0.932382 0.120221 0.502794 0.061345 0.003269 0.463463 1.089996 -0.050573
0.778056 0.927264 0.382717 0.914068 0.919632 0.105380 0.595323 0.123717 0.016289 0.481918 1.014938 0.129549
0.834144 0.973847 0.364219 0.975575 0.874275 0.205990 0.556652 0.012490 0.083764 0.439880 1.014224 0.023863
0.879259 0.915860 0.352017 0.812931 0.861434 0.185396 0.524041 0.079964 -0.048264 0.589983 0.936937 0.083111
0.812264 0.962083 0.397320 0.983227 0.880049 0.157842 0.487349 0.083900 0.050246 0.516472 0.962478 0.100133
0.819979 0.967988 0.322202 0.843434 0.895095 0.133543 0.486275 0.020958 -0.025420 0.516690 0.989878 0.115321
0.881896 0.990422 0.325361 0.918619 0.877521 0.152028 0.455785 0.010806 -0.092816 0.484189 1.004595 -0.059738
0.828888 1.051280 0.314822 0.844421 0.879787 0.221355 0.483918 0.036090 0.046138 0.546029 1.023369 0.011080
0.845962 1.026580 0.302413 0.811915 0.857853 0.228995 0.581052 0.077264 0.091602 0.522772 0.928497 0.091175
0.864646 1.024642 0.366964 0.973104 0.872355 0.119905 0.503720 0.104154 0.053962 0.555911 1.032212 -0.008980
0.764723 1.039758 0.330141 0.881205 0.815500 0.169452 0.561195 0.089048 0.072705 0.509822 1.031496 0.083221
0.899855 0.929097 0.331750 0.938327 0.887775 0.205369 0.545779 0.132416 0.031194 0.606515 0.955056 0.061559
0.859492 0.939802 0.365687 0.852249 0.832222 0.153256 0.464302 0.063510 0.033644 0.461168 0.973018 0.001372
0.877343 1.010058 0.377170 0.917587 0.880099 0.177613 0.477917 0.118417 -0.009987 0.409515 1.002308 0.054926
0.859355 0.992107 0.295638 0.831194 0.796917 0.174415 0.575455 0.140501 0.040476 0.486386 0.911322 -0.034655
0.921027 1.016178 0.351422 0.918788 0.936954 0.138953 0.521871 -0.072851 -0.010730 0.545275 0.932234 0.094827
0.807020 0.997744 0.350583 0.973266 0.930497 0.195556 0.521519 0.049693 0.052389 0.552497 1.055707 0.011691
0.849375 0.964360 0.296495 0.987019 0.749366 0.218520 0.588905 -0.003287 0.032424 0.473155 0.900628 -0.009329
0.834034 1.003197 0.348759 0.909509 0.917878 0.066392 0.489045 0.097593 -0.033924 0.552443 1.023728 0.009643
0.868834 1.024665 0.323289 0.786796 0.857294 0.078184 0.451445 0.066210 0.022329 0.503298 0.960825 0.042347
0.868319 0.921967 0.300011 0.859765 0.934157 0.217476 0.534153 0.058258 0.077310 0.509666 0.997605 -0.097989
0.881439 0.973996 0.385924 1.030977 0.978610 0.073225 0.570520 0.096765 0.046810 0.404767 0.954513 0.181120
0.895777 0.988914 0.370723 0.900931 0.964804 0.170593 0.475432 0.107647 -0.076716 0.537016 0.999354 0.020732
0.830588 0.945135 0.328177 1.016127 0.859379 0.109434 0.465870 -0.017107 -0.013226 0.480801 0.989568 0.060285
0.732282 0.983215 0.451204 0.942815 0.875149 0.150591 0.525522 0.117212 0.070796 0.509544 1.114446 0.028841
0.874820 0.955363 0.381600 0.864156 0.864681 0.152840 0.470834 0.104116 0.017775 0.522981 1.031372 0.021204
0.869830 0.896615 0.325017 0.898254 0.895802 0.312692 0.526132 0.069311 0.064070 0.534473 0.885844 0.060610
0.867778 0.932105 0.323443 0.932207 0.851969 0.147234 0.468388 -0.001814 -0.006365 0.490446 1.089343 0.104572
0.845214 1.003837 0.360923 1.008541 0.931279 0.104761 0.506203 0.010452 0.096638 0.460230 0.968932 0.053968
0.862678 0.954290 0.320461 0.861852 0.886680 0.101858 0.488319 0.156700 0.087764 0.502691 1.010980 0.045058
0.797354 0.983912 0.290438 0.977802 0.918491 0.122203 0.447739 0.071418 0.077960 0.459633 1.117985 0.046746
0.850642 0.963995 0.306284 0.851539 0.905802 0.125658 0.461391 0.086081 0.006309 0.390812 1.023701 -0.021820
0.795932 0.925911 0.343583 0.923024 0.917160 0.220041 0.571899 0.094661 -0.008795 0.498936 0.909831 0.073594
0.783661 0.983796 0.399484 0.923615 0.823541 0.157467 0.416023 0.112888 -0.010586 0.467861 0.952018 0.053824
0.860758 0.986788 0.310227 0.975961 0.805963 0.156933 0.465562 0.090790 0.033003 0.530594 0.956728 0.029822
0.849197 0.985690 0.315340 0.931326 0.909810 0.187489 0.470166 0.137517 -0.070245 0.544801 0.952422 -0.026681
0.882303 0.997729 0.320851 0.832804 0.817839 0.251447 0.531995 0.047089 -0.012686 0.430018 0.933710 0.013902
0.842219 0.942853 0.356090 0.974559 1.013103 0.082098 0.460914 -0.010635 -0.050067 0.478825 1.023565 0.020175
0.806618 0.977020 0.357481 0.999200 0.942452 0.199549 0.432472 0.010031 0.029935 0.501191 0.891431 -0.032946
0.875867 0.966905 0.303265 0.900642 0.859428 0.187072 0.456886 0.078384 0.036709 0.552757 1.017156 0.040992
0.888628 0.970604 0.367180 0.928717 0.838078 0.231714 0.494779 0.111949 0.066965 0.524672 0.920401 -0.054538
0.793355 0.899008 0.373854 0.984008 0.882726 0.178096 0.495627 -0.016193 0.032381 0.403023 1.011783 0.095686
0.798169 0.998673 0.317116 0.992786 0.929495 0.188868 0.460927 0.114624 0.014182 0.464417 0.958399 0.050448
0.882143 1.038136 0.240936 0.905625 0.802239 0.199742 0.474290 0.106049 0.051967 0.477306 1.001744 0.016685
0.840941 1.055856 0.463578 0.946140 0.838509 0.168209 0.475301 0.068265 0.029771 0.503213 0.941922 -0.003874
0.792760 0.967199 0.294469 0.963612 0.850857 0.167614 0.446200 0.053689 0.026122 0.589930 0.992380 0.012819
0.830692 0.896780 0.295816 0.946586 0.876550 0.124984 0.444143 0.125696 0.021482 0.469755 0.976088 0.073257
0.777045 0.996668 0.379280 0.902899 0.884989 0.232697 0.515589 0.088835 0.045474 0.509070 0.900961 0.015645
0.789927 0.994333 0.356653 0.924855 0.911817 0.176256 0.492845 0.083931 -0.097510 0.505476 0.960604 -0.018894
0.856914 1.018005 0.366414 0.944329 0.749117 0.163713 0.449227 0.091640 0.033797 0.483826 1.037155 0.113117
0.854352 0.953568 0.312355 0.949169 0.916392 0.164660 0.447261 0.100853 -0.002226 0.505196 0.979849 0.073076
0.802075 0.962821 0.346033 0.900264 0.892376 0.085683 0.435830 0.079475 -0.033316 0.455464 1.055039 0.088550
0.803762 1.001896 0.334159 0.918036 0.881170 0.140205 0.582488 0.122343 0.049255 0.491209 1.063932 0.033816
0.914032 1.043050 0.295367 0.909062 1.014073 0.078965 0.507096 0.064584 0.062544 0.486825 1.019328 0.002510
0.913781 0.931334 0.277878 0.902931 0.850178 0.196309 0.441516 0.020608 0.051083 0.566021 0.977682 0.018574
0.779853 1.016331 0.354095 0.965064 0.862292 0.143808 0.450639 0.063332 -0.020945 0.580356 0.909864 0.035186
0.859877 0.895323 0.382296 0.934271 0.919862 0.128825 0.547961 0.062343 -0.032628 0.467369 1.075908 -0.024115
0.916033 1.027652 0.228642 1.014561 0.890393 0.119826 0.427749 0.104732 0.042865 0.452971 0.944167 -0.001545
0.803837 0.969823 0.315124 0.964939 0.908114 0.165429 0.489511 0.087917 0.043501 0.446945 0.920320 0.024925
0.826247 0.875402 0.403956 0.926489 0.800424 0.175719 0.398856 -0.013851 0.114604 0.396643 1.022398 0.061106
0.929266 0.977568 0.238980 0.954948 0.885704 0.182587 0.545516 0.103917 0.021667 0.497524 1.049498 0.016252
0.780163 0.960548 0.378649 0.975937 0.903338 0.156945 0.524323 0.030017 0.110518 0.545692 0.990423 -0.007768
0.754556 0.927150 0.232745 0.869565 0.891191 0.190307 0.526346 0.017044 -0.075128 0.470999 0.889513 0.031676
0.749079 0.967045 0.320169 0.919633 0.952924 0.108279 0.485437 0.043164 0.062325 0.434228 1.014250 0.018991
0.831305 1.017330 0.243032 0.985016 0.940671 0.194732 0.372232 0.065773 0.007793 0.426385 0.996715 -0.036758
0.836617 1.060203 0.350314 1.082569 0.900933 0.143067 0.528668 0.040160 0.004356 0.457079 1.044838 0.063928
0.845692 0.965118 0.345139 0.903288 0.957079 0.160429 0.524445 0.090179 0.017401 0.508710 0.932894 -0.015065
0.860905 0.964563 0.382716 0.814756 0.840613 0.215514 0.513883 0.107324 0.108119 0.549339 0.931464 -0.001136
0.727039 0.953841 0.351234 0.943806 0.934864 0.157543 0.537613 0.160818 0.040953 0.390903 0.911281 0.039713
0.885624 0.941580 0.296106 0.965019 0.922545 0.142028 0.431104 0.098894 0.006042 0.578292 0.944814 -0.028158
0.828599 0.960177 0.296719 0.940236 0.872515 0.222480 0.535701 0.127838 0.073937 0.501175 1.049536 0.050393
0.897429 1.005148 0.282838 0.957545 0.980618 0.140095 0.473669 0.089630 -0.062538 0.466555 0.971492 -0.011378
0.884101 0.933820 0.328999 1.010743 0.933468 0.171042 0.531079 0.078773 0.066669 0.472801 1.001330 -0.039113
0.755794 0.930586 0.358073 0.894289 0.888095 0.279518 0.420257 0.060171 0.027739 0.428447 0.927780 0.037383
0.822108 0.906072 0.289743 1.030666 0.878854 0.195165 0.494223 0.044200 -0.016701 0.536621 1.010592 0.120944
0.810462 0.980808 0.274643 1.013480 0.977139 0.267562 0.491320 0.005219 -0.015827 0.515887 1.038054 0.012974
0.836746 0.981453 0.296830 0.939551 0.907600 0.218805 0.503765 0.038369 0.027225 0.533147 1.062708 0.091536
0.914212 1.002942 0.358463 0.962085 0.929324 0.241154 0.581122 0.077373 -0.034726 0.410952 0.927095 0.016011
0.872989 1.027244 0.289576 0.894555 0.843088 0.077308 0.454434 0.066789 0.022193 0.491568 0.929586 -0.023736
0.853339 1.085941 0.386700 0.929767 0.827256 0.143957 0.492881 0.128113 0.064917 0.658534 1.007151 0.048880
0.851696 0.932157 0.426109 0.913686 0.899659 0.174433 0.412755 0.092200 0.079343 0.568020 0.932815 0.071785
0.876270 1.037234 0.365206 0.929780 0.881247 0.212402 0.501002 -0.008295 -0.047078 0.554399 0.971409 0.102391
0.876786 0.920953 0.439663 0.953671 0.840369 0.212583 0.515838 0.187757 0.065571 0.513645 0.991154 0.091116
0.839927 1.052687 0.397966 0.928369 0.898290 0.207564 0.522753 0.196585 -0.018924 0.475941 0.985430 0.065273
0.830274 1.012673 0.297872 0.904220 0.913446 0.110292 0.486894 0.059408 0.071620 0.482709 1.010838 0.019336
0.779206 0.953051 0.343698 0.999759 0.911914 0.115319 0.549462 0.130512 0.035273 0.524848 1.046120 0.025043
0.867179 0.914587 0.290007 0.879836 0.880656 0.123357 0.524551 0.125681 0.108555 0.576710 0.911297 -0.010207
0.814984 0.912976 0.327699 0.893357 0.833525 0.106568 0.541691 0.051383 0.037807 0.446163 1.001029 0.044634
0.787390 0.938191 0.350244 0.840766 0.896390 0.228703 0.509616 0.133271 0.103831 0.433237 0.955426 0.039579
0.890602 0.972199 0.394878 0.974248 0.916601 0.165384 0.486162 0.045797 0.008361 0.398978 0.911863 0.006945
0.812523 0.952482 0.323011 0.915935 0.836190 0.276456 0.484489 0.117366 0.056594 0.566383 0.955346 0.095280
0.809883 1.044618 0.307629 0.935936 0.824095 0.126497 0.502673 0.161308 -0.042907 0.492156 0.916614 -0.051191
0.821948 1.010611 0.356360 0.876926 0.775743 0.209666 0.498187 0.099791 0.009681 0.444113 0.893480 0.093529
0.823721 1.042290 0.383008 1.086536 0.855474 0.112420 0.502939 0.079482 0.095401 0.542186 0.912595 0.063378
0.891863 1.043740 0.220561 0.990779 0.899283 0.176185 0.503033 0.042582 0.021047 0.490364 1.036319 -0.020479
0.908577 0.984494 0.371818 0.843177 0.896545 0.260148 0.579886 0.096081 0.063458 0.509492 0.991695 0.004428
0.926741 1.045414 0.310874 0.908783 0.907350 0.230944 0.534830 0.095173 0.019842 0.481766 0.921068 0.054195
0.893721 0.860374 0.344860 0.885161 0.979007 0.192894 0.499772 0.025584 0.019302 0.483071 0.949619 0.084906
0.885205 0.939417 0.367020 0.991707 0.908277 0.267931 0.506479 0.009338 0.016520 0.517637 0.983023 0.096130
0.838290 1.094105 0.326802 1.026133 0.928609 0.210893 0.494553 0.126417 -0.009969 0.626694 0.923762 0.075328
0.880574 1.039843 0.291037 0.845685 0.909600 0.121894 0.484823 0.007083 0.038910 0.511014 1.000470 0.059245
0.752255 0.930367 0.316859 0.888133 0.830723 0.123001 0.480072 0.029578 -0.017188 0.582584 0.880915 0.027260
0.822043 0.919429 0.273598 0.882779 0.964342 0.133607 0.527760 0.075544 0.092101 0.442855 0.986303 0.055212
0.809047 1.043537 0.375728 0.863684 0.935691 0.091961 0.561122 0.074806 -0.001214 0.552252 0.969485 0.084575
0.831437 1.048764 0.373906 0.931209 0.876240 0.165647 0.401266 0.027300 0.063913 0.500967 0.976224 0.005238
0.849994 1.041272 0.255402 0.932743 0.851408 0.198524 0.465703 0.027639 -0.077237 0.413658 1.024696 0.087846
0.841014 0.875057 0.313551 0.954155 0.856023 0.081075 0.479109 0.046516 0.021882 0.559400 0.957376 0.106430
0.831343 0.888909 0.370170 0.939116 0.918014 0.135828 0.505006 0.054366 0.023381 0.573187 0.989748 -0.019636
0.908795 0.955610 0.328152 0.919116 0.936606 0.139080 0.528383 0.142533 -0.047329 0.480508 0.948445 0.001557
0.784322 0.919136 0.350755 0.959699 0.864882 0.156658 0.426141 0.019388 0.004161 0.476158 1.000189 0.018075
0.808464 1.017639 0.364552 0.857879 0.839040 0.178116 0.490354 0.122050 0.072678 0.509440 1.004368 0.040906
0.727980 0.961111 0.363927 0.857970 0.929372 0.169092 0.466922 0.110829 0.069917 0.464591 1.023559 0.039102
0.877041 0.940551 0.303378 0.906731 0.780916 0.123616 0.455726 0.024148 0.094243 0.497587 1.010589 0.013969
0.896076 0.891313 0.235981 1.021405 0.811287 0.163134 0.494095 0.023698 0.027083 0.490887 0.937861 -0.019555
0.830133 0.954710 0.289959 0.935464 0.833794 0.234637 0.476672 0.073364 0.132181 0.519343 0.961773 -0.008367
0.837842 0.993175 0.296370 0.938663 0.931250 0.179877 0.471748 0.091235 -0.002962 0.470508 0.941477 0.014193
0.869768 0.925885 0.281898 0.933556 0.883125 0.134964 0.446357 0.046041 0.060429 0.435461 1.047568 -0.057982
0.905784 0.988281 0.326984 0.862204 0.893233 0.181004 0.495541 0.032464 0.026990 0.497065 0.957858 0.117171
0.803354 1.006666 0.359486 0.912926 0.935208 0.108960 0.542756 0.101147 0.046472 0.476639 0.912200 0.101057
0.818305 1.013903 0.383410 0.846913 0.874495 0.117238 0.503449 0.097625 -0.003091 0.441734 0.944068 0.044457
0.873360 1.059955 0.429738 0.850762 0.890463 0.188988 0.437267 0.093205 0.035228 0.537609 1.025906 0.030791
0.902142 0.999102 0.336937 0.998786 0.892727 0.174073 0.496256 0.103110 0.009584 0.581882 0.942999 0.003609
0.893920 0.947643 0.409357 0.893144 0.901657 0.187082 0.508368 0.136342 0.135254 0.481057 0.926137 0.031154
0.909299 1.010308 0.307751 0.856127 0.796457 0.141818 0.467355 0.130327 0.136520 0.498820 0.994164 0.036276
0.894066 1.020691 0.309091 0.867757 0.881423 0.067007 0.582350 0.079423 -0.007182 0.446940 0.932824 0.036700
0.825818 0.929569 0.282521 0.987678 0.824576 0.097883 0.487637 0.040867 -0.040644 0.458757 0.940446 0.022160
0.828505 0.960097 0.326394 0.863016 1.025367 0.179513 0.498602 0.050911 0.055660 0.463048 0.961859 0.081344
0.890186 1.055117 0.389729 0.987564 0.769286 0.150377 0.556896 0.096015 -0.033930 0.502668 1.019644 -0.060523
0.912739 1.057193 0.376134 0.952855 0.803816 0.150047 0.475243 0.147413 0.098414 0.599469 1.022465 0.019404
0.815090 1.020074 0.403098 1.014021 0.823866 0.298356 0.437786 0.080405 -0.007771 0.542094 0.992536 0.017668
0.912036 0.998978 0.361701 0.955045 0.885137 0.165154 0.530747 0.080002 0.021380 0.470132 0.987298 0.040183
0.809711 0.977602 0.262768 0.940308 0.888198 0.179719 0.470321 0.039996 -0.004707 0.595917 1.028346 0.115568
0.814727 0.979812 0.378661 0.907063 0.925946 0.079148 0.481660 0.107659 -0.129108 0.449560 1.065174 0.061376
0.914080 1.038850 0.354993 0.919269 0.904266 0.201177 0.466966 0.038310 0.087606 0.535916 0.993890 0.067137
0.810424 0.985115 0.330721 0.877893 0.915229 0.096402 0.521170 0.077757 0.070644 0.506139 1.064881 0.132523
0.829342 1.004523 0.328936 0.979284 0.830143 0.165396 0.461255 0.083329 0.039284 0.471964 1.004754 0.008576
0.857660 0.909539 0.285031 0.956949 0.960033 0.113065 0.462092 0.132296 0.028077 0.518160 1.001522 0.016716
0.839802 0.965074 0.467360 0.944088 0.853563 0.086517 0.552260 0.075784 -0.008226 0.467758 0.946570 0.088692
0.743433 0.502475 0.166435 0.506920 0.910050 0.513393 0.435828 0.539434 0.600432 0.739317 1.015825 0.724752
0.753774 0.462505 0.203198 0.435203 0.848706 0.479266 0.265750 0.507440 0.550489 0.871099 1.000945 0.701547
0.669751 0.468643 0.265221 0.532769 0.978201 0.542373 0.292443 0.503522 0.572650 0.784562 1.070588 0.669343
0.742874 0.521447 0.258987 0.598612 0.882623 0.495024 0.287779 0.424754 0.590357 0.825464 0.998304 0.634529
0.675743 0.483493 0.108264 0.550982 0.864321 0.420147 0.377815 0.556827 0.492751 0.830871 0.904357 0.676428
0.799769 0.503869 0.290198 0.632826 0.926289 0.602706 0.303557 0.481624 0.505176 0.758703 1.059185 0.639993
0.724738 0.507289 0.096067 0.551613 0.916373 0.454680 0.395747 0.590658 0.590815 0.793927 0.925111 0.713378
0.670628 0.406319 0.211882 0.602451 0.923942 0.542965 0.347171 0.433823 0.586518 0.820846 0.985496 0.676214
0.697535 0.633141 0.170987 0.584612 0.917213 0.492089 0.299419 0.517710 0.613620 0.786087 0.996060 0.664886
0.619513 0.419150 0.192499 0.540254 0.879050 0.509496 0.343855 0.543286 0.514362 0.857921 1.016189 0.639261
0.670367 0.511981 0.121803 0.542792 0.912815 0.412498 0.417463 0.487013 0.621757 0.847169 1.062175 0.709758
0.584300 0.503822 0.264224 0.518492 0.932219 0.444432 0.367646 0.426734 0.574439 0.774674 0.930964 0.710530
0.675877 0.398480 0.157816 0.519659 0.862717 0.457593 0.376055 0.534659 0.568175 0.692933 1.032247 0.766371
0.721725 0.466982 0.263348 0.594640 0.976611 0.490296 0.310976 0.537214 0.559424 0.834455 1.019999 0.714485
0.699557 0.461930 0.206275 0.598641 0.875558 0.498494 0.344635 0.536923 0.564530 0.798874 1.004691 0.649568
0.717458 0.544998 0.168438 0.592280 0.958026 0.408133 0.410075 0.503743 0.512699 0.800079 0.965772 0.646970
0.697566 0.469863 0.203008 0.518048 0.954665 0.475511 0.304305 0.538058 0.558968 0.767044 1.018014 0.681277
0.664841 0.478814 0.263240 0.525310 0.907313 0.458953 0.374223 0.488787 0.524229 0.766861 1.023318 0.693724
0.731649 0.489333 0.183732 0.554344 0.919572 0.502019 0.363784 0.432618 0.515760 0.869672 1.055643 0.714628
0.694842 0.483472 0.195092 0.500808 0.883506 0.502891 0.499205 0.534727 0.640339 0.775691 1.015740 0.674813
0.814529 0.416909 0.179671 0.479059 0.933694 0.558418 0.324330 0.462824 0.539063 0.766507 1.003726 0.790888
0.716809 0.456919 0.181647 0.570772 0.926499 0.514831 0.296612 0.454861 0.630441 0.853623 1.009453 0.677420
0.695153 0.463723 0.184395 0.606902 0.757645 0.569692 0.325785 0.481614 0.523929 0.827768 1.025454 0.761208
0.657107 0.411901 0.129537 0.454385 0.786332 0.630701 0.269749 0.510765 0.488371 0.771642 1.004301 0.755571
0.700075 0.412280 0.134334 0.609430 0.998697 0.485543 0.434505 0.473417 0.507735 0.739994 0.980804 0.706396
0.722218 0.461591 0.143146 0.540945 0.925924 0.445246 0.261096 0.556088 0.615832 0.784933 0.997691 0.675611
0.652356 0.531417 0.131806 0.445526 0.960845 0.513720 0.306949 0.529464 0.609212 0.856591 1.076858 0.716498
0.587209 0.394155 0.215169 0.531091 0.930797 0.411547 0.359849 0.485744 0.521279 0.819591 1.053701 0.666178
0.686534 0.400533 0.133694 0.505546 0.886670 0.533883 0.310694 0.462161 0.592949 0.837976 0.950976 0.754971
0.652022 0.445811 0.258547 0.553789 0.905691 0.536176 0.296942 0.513251 0.517673 0.781444 1.083908 0.678239
0.672856 0.484781 0.221228 0.536346 0.916933 0.583876 0.304418 0.484436 0.558450 0.842762 1.048935 0.759946
0.725103 0.507090 0.167214 0.586943 0.861181 0.606409 0.236440 0.438168 0.574410 0.789098 0.894106 0.703414
0.723549 0.496003 0.218735 0.518491 0.921307 0.479749 0.428897 0.566408 0.570100 0.786964 0.999036 0.644511
0.684946 0.466019 0.199131 0.505587 0.879362 0.523709 0.327419 0.525187 0.499455 0.872694 1.074146 0.801831
0.718326 0.541365 0.239189 0.538412 0.978288 0.481148 0.343090 0.549400 0.541116 0.872789 1.018229 0.653006
0.644963 0.520454 0.195174 0.507455 0.976942 0.460026 0.334663 0.385908 0.543736 0.795777 0.946052 0.661669
0.747413 0.481913 0.088077 0.650656 0.867590 0.548261 0.327929 0.597218 0.595618 0.726619 0.995797 0.691638
0.657758 0.549297 0.146880 0.562270 0.914871 0.435243 0.329312 0.492759 0.551691 0.751254 1.031854 0.627197
0.657121 0.457538 0.200621 0.474346 0.898152 0.509849 0.352923 0.454700 0.538407 0.735529 0.939736 0.664565
0.795870 0.410159 0.203257 0.619649 0.942493 0.533371 0.521131 0.445518 0.531813 0.776271 0.997208 0.662112
0.623265 0.466090 0.224760 0.533648 0.890554 0.464522 0.328527 0.428681 0.539745 0.813441 0.915421 0.707451
0.616086 0.413359 0.205057 0.596036 0.876328 0.470435 0.395495 0.548535 0.416910 0.789172 1.047452 0.631843
0.685115 0.456006 0.304272 0.474614 0.917664 0.512534 0.409396 0.489342 0.545809 0.755101 0.951722 0.702332
0.772886 0.455603 0.253763 0.528566 0.997633 0.587037 0.350390 0.603543 0.540606 0.861674 1.011026 0.738385
0.624916 0.476049 0.240801 0.449360 0.798075 0.581733 0.412807 0.596395 0.498583 0.815544 1.017404 0.740342
0.702317 0.453416 0.145946 0.616497 0.825022 0.660801 0.416236 0.557040 0.507602 0.819338 1.003781 0.696654
0.728063 0.416929 0.224171 0.486198 0.930245 0.477807 0.344813 0.462723 0.554081 0.815633 1.031006 0.730655
0.757021 0.472471 0.313077 0.514333 0.981305 0.535205 0.341693 0.516177 0.548342 0.799223 0.985008 0.601304
0.776659 0.420654 0.105825 0.526859 0.922712 0.496532 0.335621 0.577050 0.519631 0.821967 0.954921 0.716815
0.698253 0.487062 0.235277 0.561000 0.966986 0.569391 0.393086 0.519870 0.549020 0.819799 0.946380 0.616226
0.747313 0.443170 0.238045 0.481911 0.906978 0.410476 0.335108 0.531247 0.525529 0.743595 1.078952 0.734112
0.681289 0.528244 0.252481 0.580450 0.859486 0.484611 0.379828 0.532427 0.531742 0.853955 0.970745 0.658159
0.702601 0.480154 0.200798 0.568675 0.894794 0.513374 0.380537 0.435796 0.486803 0.796144 0.951839 0.676711
0.639738 0.470628 0.159548 0.560435 0.919177 0.455745 0.466400 0.539968 0.579372 0.855179 1.049343 0.733064
0.661498 0.475997 0.237529 0.594377 0.941625 0.511470 0.403422 0.571253 0.666930 0.795672 0.958171 0.726326
0.670082 0.532786 0.108545 0.562794 0.857816 0.446795 0.415937 0.476233 0.568661 0.828434 0.970596 0.601298
0.770624 0.468159 0.147961 0.532234 0.868003 0.371667 0.383925 0.577479 0.523830 0.807402 0.987269 0.657219
0.683372 0.489766 0.212527 0.617322 0.925449 0.507113 0.418425 0.510630 0.576787 0.765889 0.938829 0.599510
0.600630 0.473950 0.250582 0.445483 0.945942 0.539219 0.420246 0.573165 0.529070 0.784527 1.018898 0.762197
0.656635 0.416979 0.166623 0.512033 0.932726 0.523717 0.373373 0.509003 0.575109 0.835561 0.932228 0.623398
0.687980 0.440139 0.176588 0.652940 0.988604 0.511004 0.342607 0.495373 0.620066 0.794910 1.008442 0.696980
0.791440 0.595474 0.247510 0.500418 1.006764 0.512727 0.326396 0.375234 0.515767 0.852439 0.973997 0.675247
0.745806 0.564241 0.254704 0.439783 1.000361 0.541256 0.391719 0.438712 0.546741 0.822724 1.063554 0.713243
0.726989 0.430879 0.155808 0.536167 0.888920 0.559324 0.462130 0.563518 0.534684 0.837114 1.102006 0.649859
0.758881 0.582926 0.205190 0.525398 0.936286 0.538435 0.449758 0.448313 0.570325 0.840726 1.052756 0.726982
0.673248 0.438882 0.259299 0.516833 0.921365 0.543370 0.294139 0.475381 0.586091 0.784463 0.991904 0.729613
0.767387 0.590689 0.230197 0.587631 1.016385 0.465995 0.379674 0.498320 0.541714 0.804001 1.046757 0.711200
0.666495 0.492970 0.218423 0.537234 0.919173 0.545441 0.289192 0.530131 0.542427 0.893874 0.988035 0.706848
0.804219 0.436098 0.265426 0.529508 0.935920 0.540027 0.409678 0.466836 0.615388 0.765229 1.004738 0.660622
0.725034 0.349365 0.269310 0.477162 0.994793 0.541775 0.307851 0.425815 0.570668 0.808717 1.031710 0.685863
0.606338 0.510791 0.203513 0.610921 0.940961 0.547379 0.295680 0.466864 0.477017 0.753222 1.037128 0.746715
0.737410 0.503625 0.149417 0.555626 0.949366 0.530154 0.437659 0.539357 0.572317 0.788057 0.921594 0.737494
0.680752 0.379122 0.190818 0.470723 0.863122 0.476535 0.241365 0.518097 0.517475 0.766624 1.061942 0.766754
0.751188 0.423438 0.258691 0.549563 0.958353 0.571233 0.408917 0.480724 0.600726 0.784245 1.031516 0.621563
0.735867 0.505872 0.277363 0.421292 0.907125 0.591066 0.408850 0.563252 0.561177 0.810944 1.022329 0.645428
0.713491 0.418510 0.206811 0.633925 0.864609 0.538880 0.326300 0.563320 0.550644 0.829858 1.018736 0.659226
0.757044 0.477945 0.190525 0.561810 0.846379 0.528649 0.348795 0.543347 0.526537 0.802797 1.023969 0.632518
0.647233 0.511123 0.221228 0.464002 0.895892 0.471819 0.388674 0.520043 0.607235 0.778628 0.967839 0.706526
0.760177 0.539158 0.224518 0.505216 0.908054 0.402680 0.329051 0.474423 0.524924 0.774007 1.017709 0.706931
0.737410 0.389215 0.204567 0.476448 0.897288 0.466639 0.331936 0.544178 0.616042 0.725841 1.054697 0.654930
0.670656 0.435305 0.251911 0.549605 0.911003 0.597849 0.338922 0.486207 0.548154 0.851914 1.000482 0.633527
0.736306 0.493098 0.135223 0.597123 0.825645 0.463017 0.325469 0.511915 0.655009 0.795553 0.984000 0.685087
0.712377 0.424413 0.167402 0.467989 0.949771 0.529507 0.390542 0.389101 0.567075 0.837786 0.981330 0.694849
0.689419 0.416533 0.243689 0.478029 0.960934 0.563742 0.380542 0.487658 0.485081 0.767172 1.052978 0.679393
0.711496 0.377253 0.286534 0.431262 0.874105 0.545140 0.449460 0.503843 0.423356 0.797587 0.963987 0.724348
0.708055 0.459550 0.165726 0.584414 0.949906 0.427022 0.330763 0.448082 0.564681 0.729936 1.058896 0.688798
0.761362 0.456832 0.202523 0.540755 0.884965 0.570549 0.375175 0.556030 0.637127 0.691044 0.993917 0.617671
0.640192 0.454003 0.168721 0.527096 1.022680 0.506880 0.362812 0.535373 0.525661 0.807427 1.054236 0.618918
0.688604 0.529759 0.260605 0.604351 0.890021 0.466618 0.335846 0.464609 0.536980 0.831007 1.043290 0.636692
0.658961 0.407607 0.262660 0.515690 0.915420 0.477687 0.384750 0.547535 0.590647 0.797812 0.982900 0.670605
0.684543 0.497459 0.193743 0.567866 0.958977 0.485886 0.450598 0.482791 0.514840 0.791973 1.041630 0.718579
0.700992 0.413560 0.258526 0.633752 0.909182 0.487239 0.462776 0.470900 0.628906 0.796491 1.021760 0.743315
0.715893 0.451256 0.259985 0.569800 0.826235 0.502350 0.322446 0.465358 0.505736 0.871067 0.971104 0.682663
0.649114 0.500994 0.210929 0.596861 0.965170 0.499231 0.333351 0.453483 0.566968 0.793131 1.106729 0.756995
0.680054 0.555979 0.186412 0.508749 0.908514 0.414862 0.420526 0.433046 0.587884 0.871126 1.018220 0.670249
0.712162 0.444234 0.278613 0.554590 0.920896 0.501080 0.475940 0.554018 0.545729 0.828912 1.025940 0.727620
0.635167 0.348967 0.229874 0.520819 0.953908 0.554542 0.299137 0.381024 0.588795 0.848159 0.946801 0.694228
0.718786 0.407252 0.162790 0.601043 0.937407 0.409361 0.309416 0.533442 0.490164 0.830351 1.044746 0.637417
0.714975 0.464890 0.244867 0.515324 0.920363 0.542457 0.373209 0.553660 0.511492 0.750430 0.958001 0.696207
0.772453 0.403620 0.184003 0.525243 0.982839 0.508460 0.391295 0.487561 0.478056 0.719036 1.038219 0.800651
0.696430 0.453188 0.156397 0.504680 0.920173 0.475948 0.383870 0.503426 0.600662 0.842216 1.078195 0.637173
0.726791 0.461230 0.257065 0.517344 0.888655 0.492240 0.445131 0.491146 0.493817 0.674503 1.042523 0.657137
0.740099 0.394705 0.229767 0.508324 0.827609 0.465644 0.314775 0.536917 0.545425 0.832678 0.899573 0.730772
0.679623 0.480564 0.208869 0.537748 0.829185 0.418190 0.458110 0.511403 0.606866 0.793218 0.958246 0.670897
0.681107 0.390955 0.201471 0.530075 0.982082 0.576601 0.366383 0.583918 0.594308 0.876583 1.034883 0.622098
0.722165 0.365080 0.236043 0.540374 0.905149 0.605604 0.307632 0.458608 0.582938 0.801725 1.021105 0.641593
0.718647 0.423510 0.213228 0.491472 0.958761 0.511121 0.335815 0.389120 0.543824 0.832539 0.965830 0.616127
0.726771 0.433924 0.242416 0.506121 0.956663 0.569341 0.320297 0.456021 0.571274 0.813895 1.025940 0.703959
0.699488 0.493671 0.167878 0.503349 0.797315 0.570034 0.333178 0.481560 0.539864 0.796465 0.981278 0.688254
0.650839 0.515259 0.198314 0.595923 0.862963 0.550285 0.407078 0.504149 0.542771 0.797580 0.928635 0.690462
0.711072 0.466891 0.121263 0.496993 0.918407 0.411325 0.421964 0.520796 0.598844 0.769943 0.978174 0.736990
0.696873 0.418272 0.267903 0.601146 0.913273 0.557293 0.392368 0.359771 0.606259 0.812767 1.083839 0.630303
0.850257 0.488973 0.152410 0.540093 1.032886 0.517869 0.311002 0.508045 0.486650 0.705051 0.980834 0.799724
0.667952 0.478590 0.161913 0.574224 0.865572 0.481010 0.506429 0.581140 0.611999 0.796033 1.031418 0.660647
0.651487 0.420594 0.169927 0.481242 0.931457 0.545557 0.328252 0.520339 0.503779 0.755059 1.072702 0.714265
0.747760 0.410888 0.202524 0.580150 0.852984 0.477221 0.346646 0.458577 0.646190 0.778968 1.035878 0.599375
0.702041 0.444529 0.167931 0.509166 0.875306 0.508903 0.381944 0.522945 0.566553 0.799901 0.870741 0.720984
0.757007 0.446774 0.193217 0.579893 0.906183 0.434324 0.386461 0.497532 0.525710 0.816796 1.000743 0.719906
0.712076 0.496905 0.204399 0.574078 0.842866 0.447138 0.340808 0.570226 0.536357 0.805839 0.993085 0.722786
0.743336 0.347259 0.263657 0.543562 0.904744 0.569362 0.381311 0.593743 0.604474 0.896854 0.979577 0.605920
0.727542 0.436814 0.206704 0.441337 0.942114 0.541531 0.384437 0.546839 0.523699 0.923982 0.942277 0.627329
0.743775 0.486477 0.231109 0.486942 0.896313 0.453627 0.452932 0.495911 0.623366 0.743673 0.904291 0.694231
0.615102 0.451686 0.240185 0.549448 0.940107 0.634365 0.326820 0.497738 0.602568 0.741493 1.008488 0.617168
0.754843 0.474771 0.240513 0.547258 0.973686 0.508579 0.365282 0.601945 0.528422 0.873919 1.003694 0.687867
0.697668 0.415761 0.112498 0.518422 0.953218 0.519012 0.362478 0.567222 0.511761 0.806716 1.001370 0.719151
0.720886 0.384844 0.275298 0.540847 0.929278 0.486819 0.325850 0.468228 0.507522 0.792545 0.993543 0.667210
0.675772 0.406060 0.193547 0.513570 0.891302 0.494681 0.404884 0.493154 0.607395 0.837857 0.974155 0.680496
0.745908 0.358012 0.169230 0.470253 0.888160 0.447082 0.392216 0.514044 0.517736 0.801872 0.929849 0.782509
0.737829 0.437583 0.245169 0.534477 0.903628 0.522471 0.366763 0.430601 0.528024 0.823999 1.033084 0.727187
0.662855 0.467876 0.085494 0.545043 0.970957 0.499962 0.337136 0.577212 0.517473 0.781401 1.040403 0.704478
0.634367 0.443061 0.193567 0.478743 0.943691 0.540412 0.313771 0.511253 0.587156 0.838911 0.952015 0.597159
0.701915 0.346251 0.169922 0.532298 0.937525 0.418465 0.414686 0.509883 0.516196 0.741742 0.926491 0.721880
0.660320 0.459531 0.267508 0.629942 1.001774 0.479209 0.267749 0.478983 0.572721 0.746351 0.983470 0.684785
0.737092 0.509455 0.208919 0.559461 0.911007 0.549416 0.341415 0.524667 0.542933 0.758211 1.003488 0.676304
0.666613 0.413892 0.245171 0.510874 0.847446 0.472496 0.336369 0.519687 0.580173 0.782153 1.042150 0.680793
0.642020 0.445392 0.169107 0.552047 0.969704 0.460198 0.366291 0.413795 0.535093 0.785976 0.995040 0.599484
0.686872 0.434522 0.193452 0.518158 0.911112 0.572352 0.427299 0.516478 0.539384 0.756381 0.942786 0.659578
0.689589 0.431161 0.263340 0.539041 0.929299 0.537157 0.249826 0.486726 0.540024 0.729744 1.067727 0.679332
0.662907 0.442314 0.162774 0.591335 0.857007 0.608982 0.312991 0.414335 0.483663 0.856622 1.058653 0.712521
0.666996 0.477002 0.256460 0.526076 0.921012 0.480199 0.376243 0.543885 0.583499 0.855111 0.965874 0.749761
0.679065 0.455186 0.224242 0.510671 0.925462 0.546799 0.330646 0.426142 0.472144 0.817035 0.964118 0.667042
0.685993 0.353326 0.177808 0.524476 0.897044 0.437771 0.287989 0.569635 0.622417 0.808392 0.960439 0.725159
0.678423 0.456993 0.166912 0.554584 0.863364 0.563313 0.400599 0.415551 0.564179 0.842415 0.997634 0.641499
0.743730 0.495479 0.172305 0.507453 0.841621 0.522729 0.360000 0.509663 0.549779 0.778201 1.072853 0.657921
0.732313 0.571329 0.254152 0.579478 0.994707 0.442834 0.382437 0.422014 0.516189 0.749573 1.004300 0.687893
0.770391 0.478029 0.150232 0.464268 0.944019 0.478161 0.371129 0.593931 0.454324 0.797260 1.013986 0.729184
0.687752 0.400866 0.232153 0.550264 0.891263 0.429771 0.332807 0.465168 0.536083 0.739953 0.958295 0.681851
0.691181 0.455031 0.156948 0.575037 0.869252 0.505740 0.290052 0.537463 0.518466 0.858988 0.917508 0.744045
0.705372 0.547474 0.286482 0.631150 0.930301 0.504879 0.356712 0.523827 0.578681 0.801204 1.041356 0.704465
0.693080 0.471551 0.186625 0.567801 0.940366 0.489385 0.378132 0.551848 0.493751 0.913194 0.904048 0.627771
0.677204 0.462511 0.162246 0.546773 0.777391 0.501661 0.261439 0.486067 0.502809 0.763403 1.104900 0.718925
0.798880 0.416631 0.223605 0.558148 0.841391 0.421019 0.366086 0.564340 0.530272 0.783637 0.962837 0.729197
0.682185 0.511988 0.240622 0.569953 0.886764 0.586516 0.406228 0.453688 0.598801 0.747837 1.023533 0.579672
0.751460 0.545821 0.216482 0.473401 0.832984 0.400985 0.466240 0.436845 0.511759 0.820298 0.986279 0.694177
0.712582 0.464087 0.223706 0.469639 0.955636 0.535516 0.441770 0.538109 0.507080 0.753641 1.044663 0.692383
0.755270 0.368266 0.229340 0.544829 0.858544 0.486514 0.462898 0.501039 0.557337 0.805883 1.078916 0.788168
0.638188 0.477739 0.144567 0.615755 0.878800 0.501094 0.406757 0.473733 0.607455 0.771738 0.931542 0.619656
0.710877 0.448149 0.188694 0.509109 0.876929 0.598638 0.353756 0.422353 0.505770 0.777637 1.078489 0.691283
0.718983 0.463229 0.218139 0.468578 0.932012 0.494218 0.333344 0.507100 0.587638 0.773177 1.062931 0.725821
0.708713 0.453137 0.200752 0.555007 0.911074 0.529781 0.387358 0.520274 0.555671 0.892412 0.969732 0.672748
0.735397 0.474635 0.214951 0.594972 0.926904 0.604965 0.445590 0.513216 0.593502 0.780783 0.837480 0.673983
0.687805 0.435490 0.268303 0.530254 0.920172 0.583476 0.355374 0.464413 0.521469 0.741723 0.978007 0.600401
0.705989 0.502975 0.179623 0.570747 0.894794 0.535769 0.298119 0.545109 0.558339 0.775770 1.017622 0.673081
0.733694 0.431372 0.238611 0.541085 0.853368 0.411313 0.394798 0.568138 0.572476 0.758851 0.960090 0.709000
0.593104 0.488639 0.158473 0.563171 0.862316 0.513753 0.345803 0.432546 0.534018 0.779944 0.965792 0.665530
0.699678 0.489592 0.187228 0.548246 0.897183 0.473268 0.360076 0.580182 0.524271 0.846107 1.000368 0.702718
0.817229 0.493355 0.219392 0.568976 0.913560 0.513812 0.399797 0.509346 0.588703 0.767527 1.088889 0.736110
0.812220 1.035097 0.406128 0.924694 0.835497 0.226451 0.515807 0.070746 0.112883 0.458413 0.985844 0.011975
0.893485 0.954590 0.296632 0.839427 0.827390 0.181440 0.503655 0.087171 0.022488 0.507737 0.952703 0.015239
0.830595 0.999434 0.368560 0.871238 0.887427 0.121444 0.453749 0.032018 -0.035313 0.460368 1.007830 0.061809
0.868696 0.963562 0.310595 0.969826 0.836980 0.242234 0.532257 0.033105 0.046665 0.380759 0.991652 -0.006324
0.831350 0.901091 0.264814 0.909499 0.910635 0.124198 0.524477 0.104337 0.015386 0.536489 0.978243 0.117512
0.845047 1.013519 0.423263 0.897367 0.914338 0.223766 0.474479 0.132491 0.026442 0.523574 0.982517 -0.056043
0.774557 0.942440 0.343994 0.876552 0.876181 0.197990 0.569844 0.060431 0.046614 0.434923 0.991334 0.057221
0.784138 0.985600 0.453210 0.946768 0.938032 0.128567 0.543399 0.084660 0.054473 0.539855 1.029803 -0.015418
0.856877 1.014876 0.334942 1.028279 0.840069 0.200647 0.509020 0.104669 0.066785 0.461380 1.006751 0.017946
0.973947 1.009867 0.422703 0.863616 0.900391 0.127296 0.533668 0.111952 0.033371 0.452555 1.075049 0.020986
0.866087 0.999648 0.280126 0.914644 0.855711 0.165162 0.475501 0.109945 0.143136 0.469475 0.987717 0.003078
0.848313 0.903040 0.283527 0.956253 0.815406 0.140901 0.536217 0.026674 0.062418 0.460733 0.953008 -0.002302
0.784359 0.956423 0.384442 1.005722 0.922543 0.184705 0.518946 0.113809 0.124035 0.456499 1.066634 -0.036555
0.826092 1.064011 0.337566 0.961597 0.879663 0.151324 0.569721 0.027321 0.006364 0.497001 0.959973 0.031412
0.763552 1.060739 0.343950 0.943211 0.861090 0.159233 0.493336 0.086874 0.019273 0.530433 1.004284 -0.024137
0.880422 1.048602 0.332612 0.948426 0.936139 0.246591 0.514945 0.108871 0.060157 0.449519 0.890681 0.057012
0.853481 1.023124 0.410388 0.925067 0.918108 0.147340 0.463092 0.089822 -0.042342 0.498498 0.988282 -0.029206
0.858253 0.988075 0.315074 1.046250 0.809863 0.123670 0.597603 0.018228 0.057868 0.477369 0.982870 0.032897
0.804089 1.006044 0.345422 0.896869 0.895901 0.222059 0.532269 0.055026 0.029233 0.535338 0.971462 0.145003
0.872153 0.893461 0.284983 0.928401 0.853504 0.146810 0.427949 0.094700 -0.066221 0.558463 1.031338 0.023443
0.783158 0.939600 0.336296 0.950934 0.926058 0.169154 0.535993 0.131541 0.068048 0.521115 0.984868 0.017636
0.802294 0.910917 0.339919 0.877434 0.851319 0.083593 0.391104 0.072603 0.018393 0.512007 0.925674 -0.002082
0.908887 0.909202 0.291573 0.930940 0.962559 0.207665 0.597018 0.125586 0.034993 0.511592 0.987085 0.137483
0.834834 1.013629 0.271379 0.954222 0.876721 0.048178 0.457903 0.079640 0.107910 0.444110 0.950126 0.017078
0.860863 1.025557 0.347673 0.871566 0.918743 0.166338 0.433696 0.101579 0.009554 0.535646 0.969648 -0.026461
0.829706 0.991079 0.267290 0.961137 0.974256 0.173115 0.385091 0.039637 0.009296 0.421893 1.061095 0.066158
0.821550 0.984499 0.296569 0.922266 0.845889 0.158006 0.426945 0.117620 0.030628 0.467911 0.947866 0.016956
0.826167 0.897453 0.367653 0.983423 0.886681 0.177366 0.500019 0.119952 -0.024403 0.402871 0.969004 -0.024221
0.856636 1.032015 0.351615 0.976815 0.869139 0.063310 0.517782 0.067082 -0.016825 0.434331 1.033746 0.071783
0.777642 1.037744 0.290265 0.868015 0.928040 0.183435 0.504582 -0.021131 -0.088073 0.434693 1.038947 0.071108
0.922750 0.946067 0.361649 0.788067 0.959090 0.164812 0.557721 0.152801 0.008271 0.495164 0.904282 0.013156
0.762157 1.029878 0.348069 0.873037 0.862210 0.148522 0.510606 0.103959 -0.046646 0.464963 0.987219 0.059674
0.860086 0.940133 0.332336 0.947730 0.945136 0.159568 0.463790 0.132792 0.043750 0.526194 0.921899 -0.005669
0.800863 0.948512 0.397340 0.906605 0.853796 0.164116 0.584202 0.128529 0.034079 0.594769 0.926758 -0.010421
0.781154 0.956997 0.385376 0.911365 0.870835 0.139857 0.431374 0.119892 0.074404 0.513160 1.045908 0.039987
0.839080 0.935841 0.372868 0.856819 0.723846 0.178272 0.502147 0.021000 0.084747 0.520488 0.931316 -0.082623
0.869019 0.978918 0.318251 0.885750 0.876919 0.222990 0.455971 0.084048 -0.045964 0.425479 1.042075 0.072390
0.906547 0.957323 0.346075 0.901525 0.776602 0.200390 0.520782 0.098291 0.018899 0.458046 0.944560 -0.038250
0.798690 1.028699 0.320753 0.865618 0.850558 0.211852 0.419441 0.041233 0.046130 0.530143 0.917658 0.039594
0.820309 0.984990 0.492189 0.857150 0.926878 0.232792 0.419603 0.118594 0.048570 0.492799 0.962254 0.049085
0.913383 1.018228 0.297007 0.990075 0.836719 0.160791 0.525226 0.055865 0.174937 0.513092 1.013981 -0.003311
0.875515 0.928512 0.374892 0.974299 0.854393 0.168642 0.473468 0.081280 0.024562 0.549644 1.024909 -0.048785
0.868301 0.985292 0.377843 0.941723 0.893429 0.161875 0.514900 0.051229 0.016109 0.500895 1.075773 0.023969
0.912655 0.954897 0.269808 0.901990 0.882692 0.205482 0.487767 0.093856 -0.053471 0.407641 0.927872 0.193846
0.852282 1.054943 0.372587 0.938314 0.910996 0.038319 0.487548 0.069168 -0.045236 0.543415 0.918220 -0.039885
0.862826 0.956317 0.320197 0.893311 0.929991 0.237603 0.473906 0.155397 0.027782 0.493589 1.035481 0.059604
0.892977 0.937338 0.287890 1.011852 0.773310 0.167376 0.537281 0.102838 0.058035 0.426472 1.054307 0.017082
0.836768 0.968987 0.304460 0.925537 0.872667 0.089684 0.511392 0.092508 0.028995 0.574591 0.973985 0.022327
0.849142 0.912930 0.243182 0.856035 0.910618 0.168959 0.469098 0.133620 -0.024794 0.508482 1.027768 0.033410
0.897635 0.970687 0.446952 0.876245 0.924644 0.263175 0.437750 0.157478 0.032505 0.617470 0.970917 0.024825
0.821307 0.906830 0.351175 0.966972 0.871536 0.155378 0.574096 0.059987 0.069512 0.490064 0.993799 -0.042930
0.737970 0.892247 0.281749 0.963147 0.954173 0.199350 0.532007 0.113924 0.083818 0.468510 0.987316 -0.017714
0.892413 1.018485 0.251922 0.873288 0.890817 0.257208 0.441669 0.138008 0.036655 0.469967 0.974054 0.099273
0.785040 0.990950 0.275519 0.930524 0.910014 0.217922 0.479431 0.064564 0.088846 0.594668 0.976887 0.012916
0.825730 1.102125 0.394497 1.040840 0.783840 0.197839 0.583679 0.176582 0.035726 0.540767 0.993538 -0.050254
0.845990 1.007539 0.349396 0.941923 0.903409 0.156617 0.358874 0.037228 0.060068 0.537147 0.927087 -0.020593
0.896594 0.958385 0.388057 0.824862 0.835302 0.180888 0.498273 0.077876 0.044558 0.488249 0.884018 -0.091217
0.865411 1.005062 0.445826 0.919915 0.867018 0.114679 0.567851 -0.055537 0.094038 0.481764 1.033419 0.038939
0.881394 1.037786 0.351134 0.894738 0.839220 0.147358 0.508076 -0.015085 -0.058080 0.540125 1.009213 0.034768
0.885148 0.963671 0.364136 0.975868 0.833741 0.187057 0.409516 0.048609 -0.019443 0.463506 0.906174 0.007435
0.769286 0.967596 0.359646 0.962488 0.815519 0.181419 0.545794 0.051286 0.086899 0.385451 1.028329 0.103300
0.843967 0.972606 0.330596 0.856190 0.879307 0.150717 0.440777 0.041656 0.029494 0.425091 0.988492 0.036324
0.824547 0.903867 0.375020 0.985174 0.894945 0.173988 0.489642 0.089756 -0.098804 0.468995 0.966856 0.054144
0.853274 0.969339 0.294804 0.933959 0.816916 0.117750 0.499093 0.052395 0.059613 0.493521 0.985608 0.025294
0.898420 0.924897 0.380846 0.983015 0.915757 0.150902 0.489008 0.147291 0.089442 0.459930 0.896542 0.087959
0.794670 1.006010 0.401475 0.931498 1.007611 0.213066 0.492485 0.103640 0.117072 0.458939 0.954875 -0.005939
0.793874 0.991904 0.423441 0.953706 0.896974 0.150771 0.480391 0.055035 0.075881 0.583146 0.988953 0.038404
0.804755 1.088718 0.292656 0.907601 0.914463 0.190638 0.508188 0.125461 0.020421 0.516997 1.013160 0.092776
0.898491 1.025543 0.343955 0.933582 0.883825 0.143755 0.503227 0.107989 0.120264 0.370722 0.889740 0.007978
0.825657 0.996010 0.416949 0.898755 0.897786 0.228445 0.516743 0.081387 0.052754 0.590284 1.039549 -0.056765
0.793724 0.959797 0.474624 0.950112 0.873502 0.152184 0.551429 0.089543 -0.001231 0.463364 1.000099 0.016958
0.870567 0.915386 0.385109 0.919255 0.888228 0.157595 0.501090 0.068800 0.018286 0.476501 0.925359 0.070972
0.715411 0.966476 0.323419 0.928957 0.878237 0.041227 0.384082 0.080920 -0.009979 0.567399 0.933948 -0.006182
0.790688 1.057037 0.381595 0.932596 0.856165 0.077644 0.538475 0.138033 0.003276 0.592866 1.010320 -0.053670
0.797189 0.930781 0.190914 0.942624 0.818195 0.236243 0.546457 0.048010 0.043828 0.473474 0.960885 0.000638
0.847941 0.990597 0.336345 1.031997 0.874067 0.182093 0.510849 0.066516 -0.027439 0.577838 0.956547 -0.015759
0.946817 1.088167 0.339918 0.917183 1.005418 0.249514 0.443014 0.082892 -0.049249 0.492618 0.936550 0.058911
0.820454 1.076305 0.316196 0.883895 0.888310 0.216378 0.418850 0.078988 0.073652 0.538834 1.023269 0.023518
0.864181 1.012338 0.346415 0.996783 0.880425 0.189347 0.384335 0.109858 0.046838 0.455780 0.987278 -0.016302
0.898741 1.062888 0.394193 0.871538 0.884399 0.133849 0.386380 0.102722 0.010180 0.477876 0.980120 0.053929
0.787368 0.907908 0.329656 0.936730 0.918268 0.141789 0.495173 0.080285 -0.089823 0.495162 1.040323 0.132289
0.833240 1.004032 0.452756 0.929518 0.789561 0.192604 0.533074 0.084365 0.016787 0.437068 0.989705 -0.019199
0.936026 1.001807 0.241043 0.915851 0.857643 0.192546 0.548350 0.143694 0.052811 0.499298 0.980443 0.050859
0.876410 0.920164 0.331844 0.987872 0.898310 0.190156 0.466221 0.123676 0.021454 0.423836 1.012089 0.062237
0.862260 0.964039 0.379668 0.945276 0.846694 0.156724 0.555670 0.141373 -0.060131 0.426100 0.966766 0.071615
0.831546 0.922659 0.365466 0.928103 0.898216 0.065236 0.487472 -0.025085 0.032315 0.532005 0.971422 0.068779
0.903939 0.963005 0.362188 1.024102 0.827305 0.145016 0.543127 0.032328 -0.007512 0.512072 1.043901 0.061833
0.822301 0.992761 0.324276 0.945146 0.866569 0.187697 0.559084 0.173337 0.026638 0.473600 0.950320 0.003877
0.896652 0.982691 0.433929 0.889398 0.952540 0.252376 0.432908 0.197422 -0.012278 0.492830 0.921683 0.057883
0.821651 0.959285 0.206761 0.899999 0.891807 0.080331 0.458546 0.087878 0.076432 0.520498 0.973001 -0.010159
0.863207 0.952557 0.412050 0.940571 0.861831 0.224665 0.533708 0.064052 -0.007031 0.459186 0.974420 0.005516
0.822916 1.081218 0.190207 0.901632 0.852995 0.209393 0.546534 0.084410 0.046323 0.443305 0.988489 0.059124
0.836058 0.906430 0.303427 0.920614 0.897216 0.165608 0.480841 0.033883 0.072722 0.358371 0.962840 0.007664
0.753488 1.079338 0.322983 0.921624 0.938604 0.231472 0.403679 0.094239 0.052639 0.508127 1.044548 0.058457
0.828647 1.040094 0.315571 0.889455 0.925889 0.028785 0.604472 0.032386 0.028589 0.514316 1.032045 0.015802
0.939825 0.971935 0.440230 0.892742 0.860993 0.194982 0.447454 0.035712 0.069271 0.452827 1.013515 0.079299
0.895799 1.003526 0.311073 0.900207 0.834083 0.108150 0.459229 0.074995 -0.039735 0.434527 0.916627 0.094425
0.883180 0.905676 0.313072 0.988350 0.821933 0.133392 0.520450 0.072706 0.065288 0.538204 0.954611 -0.037443
0.858532 0.937915 0.391068 0.875610 0.901409 0.107856 0.533353 0.131351 0.019771 0.415256 0.848819 -0.079430
0.821894 1.067234 0.372671 0.917228 0.903437 0.207973 0.446690 0.072438 0.054237 0.430196 0.984846 0.107617
0.903176 1.006630 0.298102 0.896288 0.819207 0.150619 0.564118 0.143287 -0.030492 0.387367 0.909435 0.092220
0.770983 0.953079 0.363299 0.831234 0.850207 0.144684 0.450916 0.183633 -0.012007 0.468193 0.912838 0.006444
0.939330 0.904073 0.332370 0.875989 0.862727 0.152027 0.458060 0.058828 0.033705 0.551039 1.015595 0.036360
0.858642 0.978843 0.336736 0.934055 0.898506 0.140719 0.416920 0.134877 -0.057265 0.518772 1.044436 -0.036866
0.902265 0.948936 0.316945 0.913260 0.836757 0.136754 0.495420 0.095037 -0.011450 0.522717 0.959019 0.084581
0.830602 1.071311 0.268794 0.898652 0.769431 0.134689 0.488702 0.089843 0.018493 0.460637 0.959801 0.016707
0.776462 1.036212 0.359934 0.977426 1.055273 0.170560 0.448858 0.108110 0.037588 0.612241 0.996377 0.019663
0.724246 0.965090 0.312846 0.921766 0.955397 0.083661 0.470192 0.116168 0.081048 0.607364 0.934520 -0.101650
0.865942 0.980705 0.340636 0.865199 0.895922 0.188138 0.438327 0.090555 -0.050108 0.572460 1.072343 0.036454
0.855267 0.941984 0.238402 0.934817 0.853518 0.166924 0.525323 0.020723 0.011243 0.432646 1.055741 -0.048182
0.881799 1.092353 0.333237 0.964907 0.886007 0.056796 0.521260 0.087964 0.007687 0.570555 1.070070 0.043467
0.827780 0.913901 0.304890 0.872728 0.895612 0.134836 0.412290 0.072378 0.025899 0.539420 0.981476 -0.016794
0.856991 0.958948 0.333951 0.899315 0.913258 0.121480 0.547663 0.036800 -0.093443 0.501944 0.988348 0.046443
0.786445 0.976602 0.339842 0.882949 0.973037 0.145273 0.606603 0.136935 0.031367 0.417057 1.032587 0.090121
0.825661 0.931760 0.394884 0.936370 0.906531 0.156539 0.543973 -0.004474 -0.029643 0.476246 0.873588 0.016432
0.914081 0.942468 0.340778 0.972362 0.908682 0.159986 0.499394 0.177325 0.036675 0.523666 0.949543 0.031135
0.803847 1.028770 0.336789 0.950757 0.891479 0.145158 0.487770 -0.007598 -0.013965 0.481105 1.019257 0.061944
0.790572 0.972995 0.316373 0.953110 0.892819 0.161913 0.554928 0.054153 0.056370 0.578004 0.908733 -0.008783
0.676972 0.973530 0.413673 0.893564 0.873170 0.125829 0.491634 0.161520 0.080512 0.451185 1.010642 -0.002077
0.836929 0.960227 0.334678 0.946113 0.857500 0.123651 0.457379 0.093249 0.028832 0.420044 0.991751 0.006716
0.892749 0.971105 0.320747 0.906049 0.879314 0.213343 0.486547 0.050907 0.012501 0.539805 0.942319 0.077989
0.829827 0.917029 0.449189 0.877048 1.045709 0.085755 0.574658 0.135782 0.100973 0.548006 0.978969 -0.011495
0.804688 0.954028 0.320980 0.910921 0.887820 0.201284 0.530283 0.026568 0.043158 0.363291 0.899779 -0.012866
0.820406 1.003796 0.422286 0.885088 0.863876 0.174966 0.451782 0.111639 0.085339 0.536854 1.087707 0.042622
0.797834 1.025692 0.298337 0.881058 0.874755 0.231902 0.477106 0.066518 -0.053684 0.464128 0.928192 0.032344
0.781032 1.032303 0.440076 0.975515 0.888208 0.261126 0.439415 0.093668 0.007056 0.496048 0.911545 0.000795
0.766657 0.966636 0.349214 0.907635 0.880303 0.150495 0.507862 0.096660 0.045364 0.439590 0.990793 0.003962
0.806199 0.950824 0.335939 0.852176 0.819417 0.219766 0.502431 0.050599 -0.090920 0.571743 0.995061 0.081241
0.837979 0.972285 0.347509 0.966292 0.963431 0.225976 0.397327 0.083519 0.131648 0.456641 0.946076 -0.031338
0.782486 0.930290 0.349597 0.906520 0.886305 0.220457 0.485213 0.020638 0.098288 0.416967 0.987408 0.024374
0.819067 0.858482 0.329371 1.011183 0.898757 0.165980 0.420032 0.205437 -0.054797 0.513195 0.947441 0.027177
0.831499 1.075076 0.386360 0.899315 0.935140 0.111736 0.389074 0.079619 0.054017 0.451089 0.974409 -0.015932
0.817632 0.989751 0.365919 0.923088 0.830119 0.101154 0.529576 0.073139 0.051252 0.502665 1.099493 -0.005903
0.855103 0.927150 0.412394 0.881069 0.916796 0.094474 0.444079 0.037522 0.121897 0.471807 1.057982 0.024072
0.975893 0.985853 0.308887 0.951408 0.857913 0.173718 0.486490 0.031682 -0.077313 0.551322 1.000867 0.052263
0.857720 1.045578 0.346331 0.907129 0.852608 0.184515 0.458920 0.055192 0.077731 0.527125 0.920954 -0.034965
0.811292 0.973703 0.318433 0.926282 0.878402 0.102467 0.545245 0.145854 0.005971 0.449304 0.963402 0.055701
0.904414 0.929868 0.316359 0.933583 0.875610 0.051350 0.517043 0.073932 -0.044196 0.595106 0.999202 0.021747
0.865010 1.006779 0.329524 0.905602 0.848747 0.153219 0.518412 0.112032 -0.041019 0.409604 0.951636 0.007082
0.789209 0.972376 0.377844 1.054654 0.904745 0.165824 0.521394 0.075832 -0.007707 0.551080 0.967673 0.100351
0.763467 0.995332 0.355032 1.006771 0.892822 0.231910 0.447758 0.149504 -0.012140 0.502236 1.069560 0.012860
0.811021 1.014160 0.311812 0.960018 0.789520 0.113435 0.490654 0.054263 0.074712 0.497584 0.963985 0.022321
0.810392 1.027674 0.362393 0.921503 0.892418 0.123181 0.464384 0.107861 0.040039 0.574183 1.005385 0.025746
0.862103 0.932503 0.347128 1.023251 0.960131 0.148238 0.484450 0.075940 -0.026625 0.463963 1.057958 0.040176
0.787907 0.931341 0.337864 0.882778 0.837276 0.219382 0.489600 -0.009913 -0.023928 0.530550 1.033404 0.027948
0.820749 0.960237 0.223010 0.888362 0.878369 0.149110 0.392039 0.020295 -0.051913 0.472847 0.961046 0.041525
0.874557 0.964070 0.317323 0.900510 0.980328 0.173804 0.489667 0.094705 -0.005409 0.490197 1.009095 0.031045
0.860200 1.015674 0.231551 0.930949 0.944831 0.193974 0.457043 0.137646 0.003896 0.516008 1.013169 -0.028346
0.786603 0.973787 0.230057 0.894848 0.896205 0.219115 0.519575 0.091838 0.052440 0.492784 0.997779 0.131875
0.830228 1.009997 0.344482 0.872874 0.802631 0.156070 0.457415 0.077178 0.031884 0.418462 1.072527 0.128533
0.871935 0.898062 0.306787 0.902334 0.918597 0.250357 0.548862 0.080635 0.048993 0.508471 1.076616 -0.008813
0.897492 1.029015 0.369474 0.957394 0.839979 0.181411 0.377570 0.142498 0.021207 0.505322 0.940204 0.089598
0.908548 0.984237 0.378525 0.908459 0.947492 0.124836 0.568747 0.116332 0.131556 0.473240 1.121071 0.087576
0.882176 1.089208 0.251851 0.955644 0.809570 0.288386 0.469576 0.102098 -0.031197 0.457248 0.931699 -0.015893
0.842244 0.982828 0.376441 0.876884 0.900685 0.204969 0.455145 0.074161 0.023707 0.552713 0.961460 0.111792
0.839179 0.947682 0.276727 0.861404 0.913709 0.075820 0.541157 0.044159 -0.017983 0.491063 0.963083 -0.075893
0.793552 0.940777 0.377092 0.887310 0.864822 0.075491 0.440945 0.004970 -0.077668 0.470885 0.928745 0.008025
0.848337 0.957857 0.273798 0.950145 0.942218 0.160835 0.469288 0.019390 -0.039538 0.415010 0.950386 -0.052348
0.886499 1.043262 0.336912 0.880587 0.735244 0.171370 0.495715 0.086104 0.038938 0.580526 1.003499 0.024272
0.912872 0.947538 0.317736 0.921230 0.901565 0.149845 0.480161 0.173811 0.067380 0.461869 1.032279 0.017332
0.842115 0.996336 0.361113 1.009243 0.931254 0.153295 0.485555 0.045536 0.120013 0.486972 1.031688 -0.075258
0.882611 0.925782 0.284764 0.937150 0.941647 0.122341 0.457516 0.088080 0.097861 0.406278 1.019199 0.035301
0.811426 1.061527 0.299916 0.966489 0.886769 0.132150 0.477479 0.061055 0.087357 0.472125 0.999455 -0.000059
0.784418 0.990705 0.361093 0.942297 0.923995 0.148832 0.520544 0.072950 0.098899 0.503559 0.925189 0.014355
0.830264 0.973084 0.421683 0.955306 0.911843 0.174660 0.456158 0.034889 0.053126 0.518259 0.984994 0.020460
0.867612 1.055809 0.387270 0.860599 0.811498 0.211065 0.538038 0.087865 0.004847 0.413384 0.929131 0.083634
0.756844 0.890497 0.356347 0.977313 0.855384 0.202641 0.404512 0.066030 -0.021982 0.531110 0.915000 0.084382
0.890521 0.895431 0.383425 0.972564 0.927874 0.061917 0.464363 0.045700 0.022973 0.468955 0.994482 0.011889
0.790703 0.905093 0.355030 0.928152 0.901203 0.229484 0.428307 0.109108 0.062023 0.475716 0.936549 0.007616
0.775300 1.011490 0.279180 0.985903 0.855347 0.132172 0.420485 0.122543 -0.024851 0.487977 0.916515 0.060795
0.830272 0.974943 0.266076 0.954845 0.933386 0.117625 0.438030 0.018855 0.025363 0.484377 0.999885 0.061018
0.868098 0.922569 0.284199 0.923291 0.862923 0.194749 0.464570 0.080030 0.021932 0.444730 1.036785 -0.012317
0.844830 1.037278 0.370278 0.908001 0.919015 0.198746 0.498360 0.119380 0.099940 0.472374 1.118299 0.029548
0.831109 1.031187 0.250149 0.951781 0.926038 0.214751 0.430486 0.072221 -0.060497 0.528001 1.004306 0.032115
0.827769 0.981187 0.295481 0.939674 0.945452 0.084613 0.398756 0.100111 0.051850 0.528396 0.984697 0.040499
0.860007 0.986529 0.415255 0.911278 0.906179 0.161619 0.492355 0.080643 0.068050 0.488714 0.968914 0.044566
0.815704 0.869647 0.297614 1.013670 0.845433 0.164736 0.463722 0.076393 0.004147 0.512964 0.892854 -0.022903
0.799543 0.990735 0.333267 0.894925 0.823793 0.254367 0.446578 0.040977 0.060710 0.476418 0.954570 0.049959
0.736732 1.025686 0.374143 0.931243 0.879501 0.041433 0.513307 0.117167 -0.089970 0.443843 0.999910 -0.008561
0.882186 0.962863 0.257638 0.867392 0.913624 0.262735 0.459303 0.105578 0.027170 0.498044 0.995050 -0.021411
0.934418 0.853817 0.330345 0.904189 0.899550 0.138884 0.473038 0.060869 -0.045974 0.485931 1.023820 -0.039412
0.906466 0.925773 0.270079 0.950998 0.878598 0.165830 0.520775 0.124040 0.051188 0.530262 0.963240 0.022682
0.869036 1.006434 0.378684 0.880911 0.861207 0.214906 0.541636 0.092132 0.027678 0.512229 1.002696 0.071998
0.754898 0.933118 0.313426 0.909764 0.869280 0.189250 0.501173 0.059224 -0.018688 0.428059 1.076080 0.080133
0.914352 0.980961 0.380242 0.872237 0.877684 0.110815 0.449622 0.045058 0.030532 0.623694 0.917281 -0.062212
0.759471 1.044736 0.372238 0.868548 0.955212 0.192304 0.565182 -0.017333 0.033647 0.511388 0.892085 0.079224
0.881954 1.057723 0.319552 0.963135 0.975190 0.223906 0.486150 0.004609 -0.073962 0.360613 0.981827 0.037302
0.835778 0.909456 0.310843 0.831571 0.888503 0.188136 0.489889 0.113244 0.068195 0.479849 0.968836 0.036792
0.820737 0.995586 0.342937 0.889375 0.903319 0.160221 0.587869 0.090145 -0.006101 0.556862 1.005351 0.008958
0.767065 0.992893 0.377190 0.832536 0.865254 0.111406 0.420456 0.087553 0.052485 0.356958 1.082886 0.029098
0.883212 0.901560 0.393109 0.896244 0.932821 0.181992 0.536805 0.037318 0.012006 0.612769 1.012968 0.034240
0.822517 0.886174 0.315133 0.924774 0.943759 0.115381 0.443018 0.158590 0.032748 0.525310 1.043269 -0.000761
0.928178 0.981045 0.348206 0.936153 0.837047 0.185211 0.435375 0.055532 -0.016419 0.484821 1.000161 0.047048
0.865056 1.009983 0.367356 0.963816 0.892808 0.122410 0.541225 0.141353 0.035539 0.505322 0.997502 0.056358
0.953513 1.017963 0.408266 0.857632 0.842906 0.145560 0.482153 0.055719 0.052025 0.463371 1.059344 0.009836
0.829517 0.975499 0.220832 0.920388 0.887735 0.247144 0.475052 0.042680 -0.006374 0.508469 0.944107 0.038841
0.819027 0.996848 0.364000 0.965092 0.850781 0.066394 0.439856 0.137923 -0.065970 0.535731 0.990496 0.068734
0.871029 0.935487 0.398642 0.893658 0.805244 0.150793 0.531545 0.051822 0.028898 0.527820 0.908105 0.027267
0.778789 1.002635 0.364858 0.828119 0.968164 0.230206 0.440609 0.002644 0.021970 0.614152 0.912328 0.094934
0.912697 0.938448 0.359256 0.945410 0.875825 0.197355 0.486841 0.077416 0.098923 0.533555 1.009116 -0.019137
0.852909 0.993573 0.323566 0.905110 0.918422 0.197235 0.477080 0.117684 0.029469 0.473517 1.013734 0.041715
0.841801 1.021965 0.271156 0.914969 0.870866 0.156287 0.498928 0.042498 0.015153 0.503347 1.036609 0.023578
0.838569 1.049398 0.356474 0.958748 0.907490 0.117569 0.438490 0.098094 0.005535 0.518797 1.050476 0.066901
0.905601 1.016584 0.295307 0.979637 0.984665 0.125182 0.464494 0.058156 0.024230 0.531703 1.002027 0.038236
0.846450 0.918811 0.390830 0.988224 0.938040 0.139711 0.583986 -0.027091 0.030250 0.506902 1.046036 0.057909
0.806909 1.124359 0.351952 0.946481 0.891651 0.138275 0.501437 0.119172 -0.004959 0.497868 1.023976 0.034149
0.838811 0.990811 0.283932 0.914027 0.857830 0.191368 0.618884 0.039124 0.022292 0.515775 1.020138 0.045060
0.810462 0.994547 0.331935 0.966181 0.913940 0.189099 0.526561 0.079367 -0.004144 0.541513 0.950578 0.032928
0.818386 1.000054 0.342076 1.017481 0.850018 0.146980 0.444342 0.095207 0.063745 0.568522 1.028864 -0.020285
0.887488 0.957948 0.318775 0.856421 0.973403 0.142470 0.487461 0.117223 0.093555 0.530643 0.952853 0.063541
0.848846 0.938468 0.343025 0.893174 0.875256 0.114529 0.413960 0.125007 0.064575 0.591672 0.973821 0.024630
0.800595 0.954212 0.380904 0.849012 0.904086 0.147325 0.465254 0.145672 0.047033 0.577392 0.931532 0.015085
0.857170 0.988373 0.249633 0.849680 0.894260 0.171534 0.534455 0.076725 0.026932 0.626640 0.947420 0.083120
0.935275 0.978968 0.348661 0.988823 0.912755 0.055672 0.365920 0.078250 0.060905 0.580629 0.851249 0.040833
0.818581 0.879269 0.357286 0.913809 0.903594 0.125943 0.477358 0.059783 0.165657 0.426797 0.943611 0.092444
0.873624 0.977761 0.378283 0.926860 0.948644 0.093012 0.508958 0.064937 0.095106 0.493077 0.933297 0.023451
0.862915 0.963406 0.334444 0.838132 0.909795 0.088968 0.448419 0.146444 0.127434 0.548651 0.967025 -0.063881
0.897452 1.011190 0.364709 0.993173 0.899355 0.183124 0.414483 0.047832 0.051876 0.477595 1.033480 -0.031584
0.896353 1.038741 0.282078 0.975279 0.839311 0.199703 0.418518 0.145006 0.064184 0.463173 0.937212 0.155370
0.883021 1.019727 0.413807 0.975434 0.925910 0.076375 0.511051 0.162494 0.047336 0.520586 0.905843 0.012204
0.915520 1.019424 0.296394 0.951122 0.944425 0.146011 0.477912 0.096885 -0.021376 0.586495 1.046938 -0.099129
0.797689 0.886693 0.333822 0.955025 0.948321 0.147171 0.484076 0.203607 -0.030507 0.563946 0.962278 0.078514
0.790400 0.953258 0.324778 0.943078 0.909323 0.281152 0.525172 0.093999 -0.004132 0.535690 0.932876 0.053924
0.784959 1.047045 0.325036 0.919152 0.893006 0.182516 0.557514 0.101752 0.083252 0.476460 0.948947 0.018232
0.827890 1.031603 0.260339 0.895820 0.954700 0.235599 0.487504 0.018082 0.051185 0.504998 0.915936 0.023060
0.862792 0.990071 0.364651 0.971001 0.929434 0.182342 0.484108 0.134528 0.032997 0.443745 1.030467 -0.054358
0.896791 1.007117 0.376185 0.942660 0.862628 0.149499 0.519586 0.029401 0.104909 0.494020 0.955374 -0.046768
0.756948 1.066048 0.306505 0.882380 0.854856 0.203513 0.549477 0.103471 0.057918 0.481306 0.983793 0.021153
0.832367 0.923773 0.372888 0.963368 0.882797 0.168525 0.464394 0.120352 -0.118655 0.382100 1.000443 -0.013780
0.810728 1.068566 0.382298 0.939732 0.881761 0.215879 0.454090 0.106991 0.020030 0.426194 0.968790 0.030087
0.813584 0.993505 0.364581 0.956504 0.945242 0.154315 0.491090 0.038654 0.008944 0.433810 1.065821 0.023973
0.839934 0.944940 0.365271 0.902340 0.892877 0.038933 0.443777 0.052720 0.006368 0.450617 1.028873 0.035603
0.870511 0.953767 0.222977 1.013009 0.957039 0.152433 0.404189 0.199517 0.034740 0.624268 0.936916 -0.006844
0.828502 1.026679 0.308520 0.959612 0.918582 0.102337 0.569442 0.132505 0.026407 0.561627 1.025298 -0.042579
0.827439 1.066959 0.389494 0.932822 0.958312 0.169804 0.449137 0.074183 -0.028748 0.513730 0.884703 0.096144
0.849144 0.981904 0.389941 0.877571 0.894364 0.141705 0.472425 0.133516 0.040507 0.567677 1.020896 0.058591
0.894280 1.021347 0.377631 0.901152 0.796233 0.189905 0.482578 0.069135 0.082293 0.445966 1.057589 0.015286
0.857422 1.027111 0.455521 0.957538 0.873223 0.147800 0.524995 0.116985 0.052051 0.468116 0.907977 -0.080531
0.866835 0.958950 0.286153 0.871658 0.881551 0.066170 0.494286 0.029820 -0.061932 0.523066 1.002404 0.127763
0.872881 0.967579 0.434667 0.864312 0.773122 0.243667 0.512451 0.108927 0.025991 0.468301 1.007283 0.088338
0.882798 0.999704 0.296787 0.922162 0.869839 0.192119 0.365706 0.052206 -0.010873 0.488047 0.953954 0.051459
0.825789 0.994364 0.384183 0.880177 0.873650 0.157780 0.437700 0.117971 0.014920 0.474593 0.993055 -0.017687
0.787522 0.986023 0.404294 0.931330 0.857992 0.170303 0.509320 -0.039667 0.023881 0.447438 0.988992 0.002087
0.874110 0.946843 0.256943 0.949085 0.808412 0.204844 0.430358 0.046513 0.060642 0.463753 0.901711 0.041854
0.868446 0.923829 0.290009 0.873440 0.918305 0.060101 0.547643 0.125494 0.016716 0.557411 1.041543 0.132590
0.831337 0.876621 0.290189 0.903494 0.908422 0.123516 0.520142 0.096856 0.084941 0.470825 0.966730 0.096028
0.895300 1.043852 0.331543 0.860503 0.930271 0.168905 0.514852 0.120555 0.051564 0.516732 0.939448 -0.011687
0.884671 0.902942 0.344266 0.924315 0.911555 0.245918 0.499289 0.034086 -0.080177 0.536734 0.992778 -0.007837
0.800386 0.947074 0.273511 1.026411 0.925899 0.213869 0.508119 0.033692 0.075649 0.489053 1.045061 -0.024848
0.867011 1.048951 0.318106 0.847623 0.831764 0.117002 0.535902 0.113579 0.082195 0.477499 0.903349 -0.014621
0.844631 0.915484 0.432525 0.860230 0.909187 0.109650 0.517057 0.148113 -0.012868 0.556396 1.041479 0.023367
0.794900 1.029037 0.357114 0.921020 0.938997 0.112156 0.443001 0.131765 0.083394 0.533533 0.953982 0.130026
0.907165 0.972169 0.406426 0.899158 0.909744 0.224318 0.519323 0.130879 -0.014897 0.398837 1.018654 0.108257
0.792615 0.883453 0.266241 0.911995 0.848812 0.158424 0.507057 0.127662 -0.003525 0.559594 1.037438 0.049426
0.844022 1.017430 0.280428 0.932495 0.932306 0.144999 0.422993 0.088225 0.155644 0.413058 0.924772 0.028439
0.760951 0.989957 0.356477 0.899218 0.862997 0.198929 0.491183 0.138007 -0.035742 0.521546 0.935904 0.090280
0.888785 0.956410 0.389623 0.863134 0.830727 0.214846 0.505449 0.040033 -0.084410 0.549441 1.038798 0.058794
0.768795 1.045563 0.289329 0.884081 0.867654 0.169378 0.474308 0.070851 -0.081208 0.462856 0.948391 0.063471
0.894370 0.964517 0.303235 0.851616 0.955959 0.177540 0.512670 0.024079 0.023727 0.451863 1.092608 0.081253
0.832770 1.045575 0.390827 0.959169 0.947311 0.121565 0.497765 0.133314 -0.011449 0.415872 0.993710 -0.071454
0.784520 0.973974 0.368979 0.956862 0.922061 0.122282 0.505681 0.090929 0.098656 0.629680 1.019265 0.049218
0.781918 0.948094 0.377584 0.895137 0.901614 0.074569 0.549127 -0.005087 0.045587 0.504739 0.959544 0.077472
0.835906 1.061833 0.367378 0.943750 0.837205 0.244848 0.484202 0.067216 0.039237 0.454424 0.929996 0.159270
0.886147 0.987287 0.332611 0.938149 0.799809 0.221926 0.478283 0.077293 0.031547 0.453238 1.031703 0.051904
0.895610 0.933137 0.312177 0.912540 0.879065 0.121844 0.501892 0.074381 0.029697 0.557754 0.964119 -0.001233
0.906472 0.891178 0.359967 0.907116 0.895665 0.183877 0.483745 0.078164 -0.078505 0.514380 0.962506 0.024916
0.789545 1.006428 0.321178 1.034451 0.914046 0.251482 0.537092 0.157778 0.015041 0.462325 0.943929 0.012591
0.860038 0.955922 0.332125 0.988437 0.839290 0.252738 0.545011 0.167801 -0.034048 0.540040 1.014507 0.055125
0.856035 0.990415 0.399293 0.879143 0.905191 0.180133 0.501552 0.098685 0.002688 0.513930 1.028088 -0.002741
0.825302 1.040488 0.320281 0.964827 0.869324 0.174939 0.505024 0.069442 0.018418 0.468357 0.933033 0.074648
0.909058 0.922687 0.405361 0.932566 0.877214 0.075864 0.542987 0.073703 0.152187 0.467644 0.998040 0.101997
0.858502 0.865755 0.380868 0.949470 0.860271 0.107531 0.579415 0.137376 -0.050174 0.445466 1.049331 0.050927
0.952278 0.912855 0.398794 0.908997 0.876367 0.144881 0.580320 0.090747 0.047087 0.476002 1.043819 -0.044563
0.801763 0.967652 0.379014 0.885099 0.905621 0.105726 0.456896 0.120338 0.007196 0.432404 0.956762 0.046816
0.805948 0.854337 0.291214 0.892772 0.920191 0.191931 0.496525 0.102023 0.013448 0.504302 0.979093 0.116176
0.887509 1.032899 0.403485 0.844285 0.857349 0.282926 0.514048 0.051610 -0.010702 0.472726 0.936131 0.029925
0.847615 0.955100 0.305952 0.893159 0.864462 0.198779 0.372175 0.047102 0.037486 0.420983 0.927328 0.006493
0.802462 1.025950 0.418693 1.008674 0.870731 0.159295 0.557616 0.145744 0.012229 0.502076 0.976258 0.071539
0.875325 1.030824 0.291986 0.967589 0.937103 0.134887 0.415937 0.024452 -0.002154 0.518344 0.892684 0.015352
0.920382 0.996356 0.407694 0.953387 0.922449 0.230619 0.467467 0.072646 0.061882 0.497412 0.898296 0.005140
0.777385 0.974939 0.340034 0.925497 0.777652 0.165855 0.497513 0.099764 0.006056 0.529662 1.037734 0.016911
0.931831 0.976544 0.384127 0.958760 0.890208 0.159643 0.511053 0.041282 -0.043826 0.443573 0.933639 -0.041425
0.800656 0.971690 0.399322 0.923118 0.945042 0.095583 0.448488 0.106048 0.120622 0.458833 0.980053 0.010466
0.746570 1.005390 0.388817 0.933448 0.888486 0.121036 0.553185 0.127788 0.028445 0.551299 1.012940 0.026889
0.870579 1.068773 0.383773 0.940236 0.924134 0.130473 0.472794 0.072471 -0.007914 0.536349 0.897125 -0.005916
0.856175 1.065318 0.363225 0.901164 0.858627 0.110934 0.501023 0.163811 -0.044645 0.491643 0.962643 0.049251
0.778145 1.006049 0.260150 0.988092 0.983373 0.145933 0.408163 0.112450 0.001099 0.414647 0.891115 -0.008926
0.848939 0.956146 0.285083 0.903214 0.845974 0.168019 0.474570 0.043432 -0.000393 0.548504 1.006498 0.053247
0.884088 0.979244 0.307905 0.895232 0.854098 0.106025 0.559792 0.111040 0.061640 0.499642 0.938502 -0.022632
0.885372 0.898049 0.290671 0.950301 0.899860 0.145117 0.368910 0.159020 -0.041410 0.502310 0.978275 0.031748
0.851725 0.951514 0.359263 0.886721 0.845679 0.218708 0.508770 0.114130 0.024604 0.464857 1.105588 -0.068545
0.893672 0.965237 0.448245 0.835628 0.826565 0.206884 0.493535 0.103445 0.061103 0.487677 0.929746 -0.009200
0.740939 1.085638 0.324312 0.889588 0.917095 0.214662 0.445824 0.199669 0.115635 0.490131 0.986944 -0.006121
0.852563 0.834141 0.353304 0.894748 0.848950 0.144338 0.530777 0.151049 0.098339 0.577297 0.982458 -0.004485
0.860874 0.919950 0.307646 0.899418 0.870341 0.154433 0.377709 0.032966 0.072609 0.502199 0.976185 -0.038242
0.783521 0.960874 0.333351 0.878557 0.879813 0.121307 0.511471 0.093149 -0.029135 0.510394 0.999293 0.012225
0.763790 0.886523 0.289520 0.968920 0.881932 0.113733 0.446004 0.091735 0.011097 0.473380 1.026208 0.058888
0.795202 1.028176 0.307328 0.913547 0.959757 0.105603 0.500485 0.068033 0.020424 0.505116 0.946188 0.018649
0.803867 1.006475 0.279723 0.898754 0.849358 0.132288 0.467432 0.081313 0.083353 0.516574 0.959072 -0.022645
0.821624 1.053080 0.340876 0.928096 0.873641 0.178118 0.517758 0.184517 -0.040092 0.558996 0.989230 0.127661
0.807718 0.987797 0.381872 0.952352 0.914033 0.119919 0.487944 0.120051 0.095362 0.470357 0.985816 0.008458
0.809775 0.927002 0.465030 0.939154 0.889531 0.106783 0.455109 -0.020091 0.028821 0.462745 0.990079 -0.001944
0.859884 0.962766 0.383661 0.933973 0.858830 0.047030 0.467612 0.072705 0.045711 0.503326 1.024049 0.013360
0.810300 1.033501 0.367300 0.910148 0.900591 0.112276 0.491384 0.080438 -0.123837 0.495106 0.959163 0.094884
0.767814 0.994957 0.277331 0.914125 0.927021 0.175486 0.468682 0.021141 0.015619 0.441995 0.948990 0.069509
0.888409 0.878537 0.331221 0.965429 1.044707 0.121846 0.437124 0.098361 0.033293 0.580872 1.004086 0.049679
0.851491 0.947979 0.335138 0.918690 0.908701 0.227656 0.408854 0.082398 -0.037386 0.490476 0.938737 -0.039976
0.940130 1.012192 0.367099 0.886560 0.910790 0.273094 0.443368 0.044111 0.041332 0.498184 0.996921 0.035118
0.805012 1.004416 0.321178 0.949187 0.906600 0.087681 0.571194 0.043734 0.119693 0.503397 1.023893 0.038377
0.802584 1.012773 0.297705 0.916666 0.854325 0.149654 0.532281 0.092013 -0.022887 0.470533 0.987756 0.027386
0.920610 0.963454 0.335207 0.927593 0.897998 0.207559 0.482058 0.028882 0.058418 0.502884 0.926104 -0.051351
0.883180 0.947415 0.323544 0.912786 0.882783 0.123989 0.478350 0.097991 0.039691 0.461408 1.065386 0.057800
0.902047 0.988405 0.344900 0.870992 0.872720 0.278507 0.446368 0.112967 0.023894 0.479015 1.062766 -0.011117
0.787992 1.078976 0.342895 1.036137 0.979937 0.191965 0.530858 0.118924 0.025722 0.438462 0.982622 0.020487
0.888896 0.977615 0.390467 0.874509 0.903627 0.260788 0.435811 0.152398 0.033275 0.452699 0.918553 0.048749
0.876942 0.965790 0.362616 0.924174 0.912712 0.212232 0.477693 0.038357 0.079020 0.551296 1.067586 0.089334
0.840545 1.052714 0.426874 1.011316 0.889615 0.152226 0.492398 0.028807 0.044116 0.438337 1.011217 0.042349
0.890332 0.992293 0.305974 0.843745 0.810709 0.145049 0.392093 0.075343 -0.004697 0.553250 0.894600 -0.019635
0.890949 0.978317 0.402121 0.911125 0.905768 0.074951 0.533345 0.005357 0.037835 0.466564 1.127347 -0.003229
0.804197 0.934981 0.398681 1.035296 0.869427 0.196911 0.502910 0.164115 0.010876 0.467193 0.955474 -0.012039
0.750980 0.927533 0.322229 0.942670 0.904889 0.152851 0.502572 0.094682 0.096443 0.511910 1.008425 0.056196
0.804210 0.970528 0.289738 0.895360 0.851761 0.156339 0.502744 0.035952 0.094943 0.415832 0.950074 0.129030
0.853954 1.001822 0.311203 0.928582 0.783357 0.169471 0.444654 0.075676 0.042954 0.407858 1.038249 -0.010758
0.832287 0.980838 0.300170 0.924121 0.967436 0.170781 0.541397 0.032027 0.069875 0.530963 1.046019 0.083585
0.844477 0.902811 0.328633 0.964849 0.938412 0.101991 0.521229 0.121937 0.054900 0.434737 0.915952 0.120300
0.774488 1.015443 0.366618 0.940456 0.878011 0.190496 0.482305 0.029132 0.025528 0.368815 0.992394 0.056508
0.809199 1.041899 0.328425 0.885803 0.908126 0.177307 0.512645 0.148561 0.026484 0.393945 1.006097 0.099457
0.812472 0.993144 0.394849 0.925041 0.939129 0.153842 0.535367 0.062973 0.041984 0.398804 0.935917 0.115839
0.744723 1.013211 0.345252 0.883871 0.858544 0.253968 0.431518 0.149166 0.051804 0.515368 0.983544 0.089443
0.880823 0.974584 0.373284 0.961710 0.928551 0.221064 0.537639 0.111175 -0.022296 0.461823 1.009389 0.132949
0.797178 0.961887 0.305860 1.016161 0.855364 0.192324 0.501478 0.029698 0.106002 0.507402 1.013814 0.080355
0.912530 0.969980 0.355316 0.959439 0.889010 0.174032 0.476546 0.130840 0.032593 0.453620 0.958002 0.044511
