1000 12 25
0.767835 1.015034 0.110884 0.676392 0.624762 0.912839 0.457355 0.149632 0.783100 0.626871 0.506403 0.039312
0.835570 0.896120 0.093313 0.658647 0.546340 0.942901 0.637928 0.209768 0.890812 0.526683 0.430761 0.051687
0.799242 0.968504 0.057559 0.609446 0.615075 0.934000 0.630617 0.180851 0.696854 0.596644 0.506782 0.060607
0.822464 1.078719 0.140286 0.766129 0.582485 0.959265 0.470387 0.170773 0.832861 0.525234 0.536884 0.103235
0.765506 0.921138 -0.082769 0.638580 0.629564 0.937833 0.539662 0.020013 0.739732 0.600809 0.412004 0.102297
0.789685 0.940688 0.088274 0.753329 0.601146 0.961239 0.596080 0.161146 0.803710 0.599100 0.380923 0.055458
0.774044 1.004022 0.009379 0.639718 0.672699 0.939835 0.525104 0.131666 0.891797 0.624065 0.419740 0.081586
0.756423 0.950540 0.130043 0.723927 0.660882 0.989142 0.477500 0.175975 0.869896 0.661646 0.435403 0.122258
0.830067 1.000784 0.118081 0.621328 0.544342 1.082390 0.457482 0.093383 0.897516 0.622256 0.417198 0.089639
0.767802 0.988718 0.033852 0.707225 0.568373 0.957439 0.571074 0.223272 0.767590 0.524454 0.398956 0.037023
0.814454 1.028175 0.148876 0.692465 0.734246 1.060429 0.567000 0.197623 0.819876 0.596476 0.345025 0.091181
0.805749 0.919052 0.030560 0.631880 0.532873 0.976277 0.565991 0.209787 0.888980 0.596239 0.454788 0.044645
0.687028 1.053445 0.066587 0.694416 0.631579 0.916688 0.539269 0.157245 0.847978 0.606521 0.469461 0.010835
0.772210 0.934865 0.172855 0.798501 0.580808 0.957518 0.639318 0.110807 0.851876 0.545492 0.453147 0.043685
0.798205 1.024254 0.014473 0.666734 0.609872 1.045201 0.580267 0.156947 0.803926 0.560584 0.430364 -0.041213
0.807129 0.991515 0.109400 0.676344 0.670964 1.064788 0.491749 0.184840 0.844520 0.530311 0.434594 -0.002225
0.885254 0.995985 0.056529 0.625875 0.572817 0.931505 0.468696 0.243665 0.775407 0.497802 0.449877 0.062371
0.850001 1.000209 0.065918 0.700111 0.682228 1.000142 0.623057 0.207891 0.804986 0.649778 0.355899 -0.036649
0.714768 0.880133 -0.024434 0.655104 0.597438 1.005032 0.508447 0.257022 0.851312 0.631662 0.405439 0.062453
0.788463 0.946672 0.062878 0.577356 0.713102 0.903708 0.621690 0.203297 0.859675 0.584579 0.426724 0.065187
0.822216 1.020106 0.008521 0.732747 0.593841 0.908968 0.461685 0.173725 0.918105 0.713172 0.457524 0.099074
0.771095 0.952452 0.047197 0.603570 0.689518 1.064629 0.539494 0.143479 0.722810 0.590023 0.474288 0.016264
0.787739 0.960369 0.039634 0.671844 0.640019 0.894736 0.467379 0.130000 0.921768 0.589146 0.554445 0.005486
0.592842 1.008532 0.171796 0.670653 0.585602 1.006941 0.514694 0.207831 0.829926 0.572623 0.378399 0.094538
0.797662 0.993682 0.055637 0.552251 0.533128 0.983746 0.540486 0.087874 0.894467 0.611758 0.346097 0.067253
0.716691 0.948083 0.064809 0.603219 0.577006 0.992033 0.589323 0.167234 0.926055 0.615112 0.362153 0.035091
0.865948 0.993873 0.107670 0.680399 0.578036 1.008002 0.494873 0.102725 0.814235 0.560046 0.472473 0.087028
0.711313 0.953242 0.093184 0.635046 0.648035 0.969377 0.520274 0.143398 0.867245 0.590090 0.351644 0.128297
0.797970 0.963789 0.052231 0.751848 0.731234 1.065299 0.463068 0.232420 0.855866 0.596315 0.425789 0.059651
0.744361 0.899790 0.143580 0.712648 0.559634 0.877998 0.526017 0.191896 0.832521 0.535445 0.431440 -0.015527
0.719951 1.062451 0.079281 0.777394 0.597636 0.892367 0.458291 0.124262 0.835248 0.571267 0.329709 0.073869
0.718268 0.967585 0.091121 0.624189 0.681383 1.009642 0.545267 0.141549 0.770794 0.552433 0.397368 0.050719
0.831300 0.977503 -0.011727 0.592059 0.544076 0.961542 0.586298 0.173963 0.776811 0.472308 0.400818 0.092916
0.808335 1.027982 0.101092 0.734019 0.697158 1.008035 0.551161 0.087287 0.831312 0.660545 0.349017 0.047019
0.842872 0.942544 0.050355 0.662068 0.640786 0.969049 0.542959 0.036691 0.829676 0.612672 0.474123 0.073513
0.810963 1.025919 0.143797 0.687115 0.643534 0.980749 0.540338 0.177507 0.871960 0.586792 0.470486 -0.021979
0.768613 0.927247 0.144651 0.727383 0.541962 0.985571 0.559894 0.136467 0.817845 0.521386 0.485141 0.077242
0.875556 0.903248 0.102044 0.645780 0.567354 0.957543 0.561986 0.120122 0.873350 0.603612 0.443938 0.040032
0.862094 1.069755 0.107360 0.694792 0.595409 1.079848 0.569307 0.157305 0.851007 0.535981 0.452431 0.061540
0.794157 0.997120 0.037582 0.649638 0.604522 0.945429 0.543722 0.121514 0.892386 0.602188 0.359223 0.017162
0.746151 0.981473 0.033254 0.765614 0.604401 0.911312 0.546452 0.132139 0.908205 0.626339 0.393669 0.054244
0.867112 0.904119 0.072017 0.666390 0.606174 0.915315 0.536402 0.168164 0.802142 0.626323 0.481504 0.107825
0.801937 1.029671 0.057258 0.646950 0.574669 1.027988 0.520629 0.092584 0.804554 0.586873 0.503330 0.025484
0.757369 0.959251 0.024943 0.697211 0.626504 1.004104 0.534783 0.161069 0.826263 0.593309 0.476766 0.038974
0.811592 0.979733 0.083033 0.692942 0.587206 0.982731 0.605814 0.113516 0.902826 0.660513 0.451710 -0.037375
0.815988 0.953898 0.071205 0.684920 0.521364 0.938367 0.547522 0.203741 0.810701 0.546243 0.454947 0.033683
0.793141 0.936268 0.062145 0.629614 0.658397 0.939732 0.665601 0.212108 0.800951 0.543248 0.363646 0.037454
0.826395 0.957785 0.086654 0.741333 0.553081 1.059132 0.477276 0.203439 0.870891 0.700339 0.349171 -0.017260
0.759509 0.990757 0.069283 0.625273 0.614607 0.989388 0.603332 0.276140 0.721914 0.619448 0.415708 0.132908
0.787717 1.032850 0.028360 0.713681 0.568912 1.023434 0.554878 0.131920 0.817208 0.579748 0.546926 0.059893
0.831519 0.937143 0.045020 0.700783 0.641976 0.825142 0.572812 0.155252 0.754268 0.598739 0.416155 0.056435
0.738622 1.035566 -0.010788 0.704692 0.598626 0.967714 0.566340 0.141480 0.707861 0.633549 0.352938 0.071396
0.785949 0.909128 0.089062 0.651695 0.506594 0.968384 0.575700 0.136843 0.824848 0.545799 0.441174 0.123287
0.780391 0.997927 0.107472 0.681895 0.619234 1.015716 0.487938 0.174483 0.727301 0.538772 0.410616 0.055857
0.842686 0.939158 0.007250 0.733113 0.570839 0.959894 0.485353 0.172757 0.872176 0.574079 0.418086 -0.005958
0.781419 0.912799 0.131041 0.545073 0.643040 1.014296 0.569191 0.090992 0.716718 0.627977 0.491706 0.097403
0.869507 1.077872 0.130351 0.669813 0.625807 0.930393 0.512030 0.126761 0.797605 0.612515 0.466553 0.037741
0.810129 1.005235 0.060274 0.683040 0.601992 0.979598 0.635490 0.139717 0.905682 0.518535 0.489721 0.162381
0.699156 0.965326 0.063728 0.765416 0.734806 0.930201 0.530215 0.199845 0.789071 0.523197 0.416721 0.010553
0.779142 1.068775 -0.024120 0.696453 0.656589 1.011838 0.605199 0.215066 0.797840 0.567353 0.391648 0.040484
0.760146 1.002775 0.066688 0.722270 0.663667 0.957878 0.526320 0.144136 0.849240 0.535157 0.475549 0.152788
0.774936 0.984124 0.090355 0.675336 0.575150 0.967984 0.504501 0.194901 0.801429 0.609423 0.530469 0.036046
0.836770 0.984491 0.123350 0.693827 0.578139 1.015983 0.641275 0.189594 0.809860 0.568900 0.489554 0.135165
0.733374 0.993151 0.064321 0.674069 0.683697 0.901533 0.553091 0.200162 0.886791 0.687495 0.462921 0.091197
0.740279 0.956102 -0.026686 0.706617 0.603578 1.004894 0.605100 0.187678 0.832013 0.578778 0.367172 -0.022545
0.760809 1.026768 0.053936 0.671581 0.609542 0.933922 0.512601 0.148740 0.911368 0.593461 0.423163 0.020545
0.755945 0.910305 0.093813 0.678788 0.557857 0.993012 0.519794 0.124806 0.857095 0.565060 0.403561 0.175995
0.741183 1.122721 0.103384 0.584792 0.597777 1.026160 0.590811 0.259405 0.895134 0.624477 0.429943 0.131728
0.753418 0.977631 0.078419 0.645969 0.651443 0.961326 0.575390 0.109313 0.844464 0.581959 0.439079 0.064612
0.732237 0.959410 0.098641 0.617994 0.633286 0.929932 0.567154 0.170902 0.793389 0.599975 0.373179 0.147040
0.848752 0.959091 0.133129 0.683991 0.671048 0.934460 0.562120 0.157104 0.757286 0.597638 0.458434 0.028213
0.785435 0.934906 0.077850 0.688172 0.586690 0.982611 0.513110 0.148221 0.815237 0.580981 0.377529 0.139549
0.772776 0.937919 0.025545 0.601087 0.598407 0.954433 0.582948 0.145852 0.867706 0.638277 0.433647 -0.040306
0.842774 0.961197 0.116748 0.732435 0.561873 1.024954 0.515332 0.148694 0.805916 0.693066 0.464592 0.064132
0.780782 1.048717 0.098385 0.646707 0.686648 1.012093 0.472951 0.197698 0.779435 0.654358 0.385697 0.046486
0.744255 0.999896 0.058312 0.711759 0.639821 0.939815 0.512876 0.174952 0.850616 0.586490 0.449450 0.072311
0.779139 0.940577 0.060826 0.707636 0.692056 0.928655 0.556564 0.212184 0.856472 0.574642 0.441171 -0.062988
0.730058 0.907405 0.084749 0.649488 0.591805 1.003526 0.609770 0.132507 0.766836 0.709532 0.429225 -0.034775
0.834142 1.078614 0.090117 0.653859 0.532592 0.931361 0.509259 0.197915 0.780036 0.580838 0.374116 0.108331
0.760983 0.979739 0.089624 0.695765 0.562928 1.019981 0.514380 0.188864 0.827196 0.559900 0.480055 0.032110
0.781855 1.036735 0.064763 0.818007 0.555178 0.979547 0.530740 0.156653 0.836703 0.546654 0.475753 0.131081
0.826507 1.022367 0.083874 0.717120 0.606616 0.987450 0.532754 0.097212 0.827429 0.533330 0.398890 0.106801
0.779515 0.932777 0.080058 0.645948 0.586772 0.917584 0.560579 0.124413 0.842956 0.600516 0.340850 -0.051324
0.843978 1.029579 0.085043 0.685124 0.618395 1.035791 0.532740 0.196376 0.831284 0.591853 0.494252 0.061993
0.802209 0.958562 0.015406 0.716864 0.655651 1.006616 0.570392 0.146626 0.742520 0.545096 0.409949 0.035008
0.809729 0.950402 0.008857 0.629517 0.630980 0.960737 0.636214 0.068462 0.738137 0.635221 0.475909 -0.009963
0.845352 1.041160 0.063321 0.611389 0.635819 0.958059 0.598763 0.119237 0.904438 0.552933 0.424367 0.055704
0.805366 1.000539 0.021853 0.624230 0.605433 0.888067 0.550181 0.178359 0.848324 0.626353 0.410931 -0.017679
0.799894 1.070048 0.167393 0.607355 0.689237 0.976166 0.501474 0.206607 0.835570 0.550211 0.494201 -0.036801
0.750778 0.965367 0.092138 0.601310 0.589999 1.012145 0.494834 0.165129 0.777199 0.643002 0.386162 0.070977
0.825298 0.984016 0.108194 0.618383 0.630448 1.042006 0.551513 0.167019 0.851334 0.620853 0.405747 0.038054
0.725114 1.052297 -0.001620 0.681695 0.662894 0.916032 0.629909 0.156699 0.820387 0.581751 0.416055 0.024314
0.729971 1.083898 0.117154 0.747835 0.644119 1.003376 0.583332 0.226080 0.844187 0.636862 0.510131 0.090011
0.803102 0.973787 0.131188 0.659995 0.582882 1.017500 0.537326 0.120936 0.856651 0.573081 0.406281 0.077745
0.789218 0.932884 0.054086 0.654708 0.747865 1.077592 0.554571 0.168889 0.845907 0.704030 0.429487 0.069890
0.749326 1.001123 0.074108 0.682878 0.659910 0.999917 0.602689 0.184916 0.833395 0.588761 0.514772 0.049086
0.764996 0.950673 0.076559 0.640861 0.586519 0.949251 0.638074 0.132761 0.747173 0.618610 0.439522 0.042448
0.756130 1.021328 0.066686 0.593520 0.695861 0.955020 0.503158 0.174977 0.769705 0.503684 0.399570 0.055722
0.769310 0.941044 0.036919 0.623895 0.634371 0.985943 0.527701 0.108166 0.781379 0.603813 0.456787 0.067502
0.790799 0.985137 0.094135 0.805634 0.597225 1.078696 0.643147 0.095887 0.829408 0.561496 0.451568 0.081334
0.786431 0.930380 0.106102 0.645699 0.571728 0.980000 0.556246 0.205717 0.731492 0.641317 0.506930 0.029428
0.757925 1.045993 0.089109 0.657552 0.609848 0.968228 0.589363 0.104779 0.802227 0.589145 0.452970 0.086341
0.800438 0.975927 0.060217 0.610110 0.671093 0.988367 0.486090 0.137254 0.874971 0.539319 0.410253 -0.010566
0.791884 0.973444 -0.087743 0.662911 0.554587 1.020155 0.518734 0.210621 0.789576 0.566974 0.507209 0.042651
0.863986 1.073747 0.060820 0.699811 0.614827 1.098140 0.567884 0.096724 0.810823 0.652980 0.425954 0.121625
0.721744 1.019462 0.042353 0.686811 0.645246 1.003482 0.553946 0.150865 0.779741 0.521648 0.426643 0.030075
0.844500 0.928431 0.126922 0.694489 0.652420 0.999422 0.490739 0.204422 0.801962 0.591995 0.437533 0.033094
0.757227 1.002204 0.008290 0.778098 0.626375 1.015690 0.520563 0.113886 0.793544 0.632200 0.352860 0.074379
0.760383 1.012497 0.028938 0.602542 0.589057 1.017822 0.460996 0.175159 0.872367 0.551236 0.422730 0.183890
0.792383 1.021451 0.115197 0.697914 0.631218 0.957068 0.625170 0.198616 0.871807 0.630275 0.482946 0.061347
0.815389 0.950168 -0.038367 0.708640 0.652484 0.984562 0.580729 0.127769 0.816478 0.612046 0.476035 0.093742
0.715794 0.989271 0.071253 0.710282 0.519451 1.070163 0.514959 0.149124 0.898040 0.658809 0.474441 0.069936
0.767539 1.014740 0.045095 0.671275 0.611856 0.929992 0.506721 0.145633 0.800064 0.629752 0.530717 0.004238
0.709783 0.996104 0.113821 0.547634 0.568447 1.038732 0.591866 0.161435 0.826099 0.473133 0.461372 0.104551
0.817857 1.041439 0.076883 0.649325 0.578240 1.010331 0.543579 0.116969 0.778119 0.547783 0.556149 0.075311
0.793179 1.059160 0.089050 0.742255 0.618520 0.875514 0.523094 0.188354 0.854427 0.536619 0.481365 0.020193
0.721235 1.069750 0.184949 0.677857 0.580298 0.950987 0.630290 0.142739 0.842648 0.592939 0.508420 0.030971
0.848838 0.967942 -0.005683 0.693114 0.560352 0.913168 0.561811 0.220301 0.874377 0.582316 0.494052 0.058512
0.759994 1.034266 -0.033450 0.556177 0.697989 0.975555 0.566109 0.157564 0.834261 0.619381 0.425321 0.036574
0.720980 0.879502 0.112622 0.675545 0.598464 1.005663 0.571183 0.174545 0.909477 0.567193 0.454302 0.127169
0.790579 0.953536 0.058393 0.692589 0.622849 0.970708 0.568414 0.173668 0.830900 0.602996 0.356004 0.079629
0.812706 1.017693 0.173138 0.744973 0.550134 1.061043 0.590982 0.139555 0.837822 0.516643 0.412768 0.080468
0.668474 0.880101 -0.028679 0.733249 0.593731 1.065922 0.529731 0.145724 0.861833 0.548081 0.445224 0.040941
0.799974 1.063840 0.121285 0.657311 0.646422 0.903857 0.474379 0.116386 0.815065 0.599644 0.465688 0.081545
0.919492 1.045162 0.043119 0.692925 0.574636 0.969652 0.516694 0.078740 0.827227 0.593193 0.378396 0.033317
0.824314 1.055912 0.119796 0.712834 0.535115 0.936346 0.528413 0.298689 0.752340 0.596855 0.431020 0.042319
0.728843 0.970754 0.084033 0.670156 0.597813 1.043795 0.541610 0.123303 0.780225 0.624109 0.439159 0.083837
0.766310 0.916570 0.113152 0.763514 0.647590 0.928582 0.568876 0.060181 0.765232 0.578645 0.444596 0.093365
0.685955 0.951016 0.099236 0.651678 0.645265 0.946813 0.474061 0.080981 0.778690 0.695512 0.470156 0.091114
0.767174 0.977155 0.138356 0.715372 0.538493 1.003274 0.594176 0.202384 0.922017 0.611916 0.459196 0.065429
0.826010 1.055508 0.065351 0.677393 0.678180 0.943719 0.584055 0.116872 0.758152 0.652281 0.477399 0.062159
0.788812 1.009384 0.127329 0.630873 0.595953 0.995747 0.459004 0.165155 0.805562 0.705465 0.404026 0.036009
0.880421 1.043524 -0.024448 0.680558 0.625048 0.960656 0.539170 0.100070 0.881195 0.587539 0.421952 0.101253
0.829116 0.947561 0.052862 0.690224 0.634183 1.022875 0.532380 0.147565 0.812817 0.629105 0.415405 0.113232
0.708200 0.976678 0.065503 0.616867 0.677643 0.996266 0.597218 0.172024 0.865419 0.619519 0.418209 0.147231
0.817101 0.985047 0.145737 0.731535 0.599333 0.999043 0.596012 0.182002 0.717369 0.519234 0.476683 0.109946
0.813773 1.014131 0.083426 0.642557 0.708882 1.004204 0.526770 0.150476 0.902728 0.568478 0.360081 0.057351
0.749110 0.925477 0.022186 0.703107 0.659676 1.009006 0.635975 0.157830 0.932341 0.630414 0.441629 0.037436
0.738956 0.987378 0.053715 0.672471 0.573244 0.976280 0.586694 0.055239 0.821158 0.638829 0.483421 0.093661
0.771785 0.899044 0.009430 0.657619 0.638977 1.013887 0.500477 0.149049 0.802879 0.584154 0.498637 0.063189
0.811990 0.945164 0.035443 0.735673 0.590552 1.035792 0.619574 0.176926 0.840532 0.619678 0.506142 0.013278
0.776699 0.987694 0.091074 0.557896 0.580845 1.085272 0.541982 0.121244 0.898097 0.572531 0.447759 0.043989
0.724517 0.878533 0.023141 0.775233 0.599591 0.986751 0.488504 0.193485 0.801620 0.615683 0.562431 0.028423
0.739612 0.970790 0.087338 0.667354 0.618978 0.985602 0.574040 0.170440 0.878867 0.551821 0.444411 0.106131
0.696278 1.103238 -0.017628 0.651462 0.544553 1.018630 0.606619 0.126047 0.857281 0.590634 0.378033 0.093099
0.830670 0.902735 0.105852 0.695281 0.556938 0.965570 0.540771 0.155784 0.898443 0.651996 0.480556 0.120016
0.776978 0.995311 0.067444 0.686402 0.545924 0.944969 0.485956 0.110560 0.784573 0.650522 0.395408 0.024801
0.784758 0.949509 0.093519 0.725216 0.682279 1.047329 0.563174 0.245489 0.793321 0.569757 0.381695 0.114537
0.646351 1.013425 0.082180 0.667210 0.556205 0.901282 0.634836 0.135649 0.790858 0.617933 0.421458 0.021749
0.727697 0.998760 0.024422 0.661625 0.593999 0.971377 0.530555 0.158533 0.840474 0.586126 0.509710 0.177330
0.887536 1.005696 0.028777 0.685088 0.613740 0.983382 0.569930 0.164399 0.758064 0.643099 0.412428 0.086769
0.797469 1.029938 0.080769 0.682650 0.682145 0.945023 0.540877 0.150663 0.866545 0.609978 0.463235 0.054059
0.740105 1.052248 0.051543 0.682145 0.581813 0.960473 0.515763 0.239332 0.812456 0.594243 0.504871 -0.012250
0.876270 0.920364 0.076089 0.699019 0.574399 0.983084 0.596085 0.154023 0.859846 0.479645 0.437670 0.100618
0.798043 1.049167 0.078020 0.643015 0.601460 0.975204 0.512174 0.198647 0.817232 0.565375 0.490366 0.037236
0.831087 0.935716 0.104140 0.667108 0.668681 0.897675 0.538428 0.146217 0.816657 0.591143 0.378169 0.125464
0.843452 0.936084 0.073474 0.724923 0.551193 0.954086 0.530367 0.115093 0.849554 0.542038 0.502246 0.055517
0.778309 0.919991 0.025891 0.607196 0.591421 0.940111 0.487550 0.175570 0.813873 0.590616 0.502173 -0.019155
0.815835 0.922064 0.013795 0.746938 0.556497 1.057889 0.555631 0.107887 0.861001 0.555059 0.483075 0.091648
0.832261 1.060950 -0.021788 0.674824 0.742694 0.946223 0.509651 0.237675 0.837001 0.625411 0.499041 0.024715
0.759002 1.136946 0.016825 0.653091 0.548408 1.014462 0.497311 0.110113 0.843181 0.633123 0.461688 0.094178
0.838736 1.013002 0.014109 0.753848 0.594138 1.025561 0.464377 0.097608 0.921771 0.596594 0.439138 0.036276
0.838938 0.956959 0.085050 0.576070 0.583580 1.025176 0.660803 0.129083 0.889444 0.664874 0.379698 0.028822
0.763031 0.976371 0.074113 0.610894 0.503110 0.985814 0.457123 0.190933 0.867573 0.575919 0.499331 0.054099
0.754024 1.013755 0.057731 0.659407 0.558945 1.018312 0.485276 0.123150 0.790650 0.575116 0.449340 0.071277
0.728942 1.007123 0.136316 0.584015 0.554270 0.947814 0.495831 0.093653 0.815255 0.599412 0.442959 0.164788
0.756887 1.070628 0.114180 0.670871 0.612033 0.973284 0.631313 0.261128 0.783932 0.637497 0.458657 0.042352
1.018339 0.362295 1.099821 1.076417 1.001821 0.805057 0.188368 0.559775 0.187216 0.932939 0.674636 0.937678
1.032254 0.384615 1.046366 1.018389 0.969731 0.873249 0.223482 0.534467 0.100731 0.962049 0.670767 0.850511
0.988099 0.319767 1.027644 1.002871 0.964579 0.924816 0.257109 0.571692 0.058388 0.923105 0.649422 0.883803
0.957072 0.389030 1.014848 0.903608 0.860183 0.810436 0.341036 0.623473 0.075986 0.990747 0.725291 0.880040
0.958400 0.466156 0.999236 0.971123 0.886762 0.890294 0.249837 0.579272 0.191308 1.056078 0.681393 0.869489
0.916810 0.368846 0.970077 0.967765 0.991546 0.914738 0.208545 0.507439 0.156298 1.025115 0.753544 0.919814
0.932726 0.333787 0.998573 1.000636 1.001979 0.876537 0.273628 0.565943 0.100300 0.868895 0.707173 0.955767
1.034559 0.379700 0.997666 1.034259 0.890475 0.867867 0.290716 0.579883 0.108453 0.989145 0.706576 0.964168
0.996141 0.303186 0.891437 1.013648 0.947044 0.786813 0.283566 0.569544 0.098184 1.028261 0.733056 0.883488
0.922012 0.492631 0.924880 0.954304 1.039839 0.781692 0.290645 0.564780 0.135148 0.998401 0.637034 0.876597
0.925178 0.417093 0.961103 1.006936 1.036531 0.889093 0.356429 0.658809 0.092380 1.030265 0.682440 0.875355
1.069340 0.351256 0.939400 0.922570 0.972519 0.873792 0.290391 0.602943 0.144976 0.988851 0.745528 0.949465
1.090192 0.356706 0.989247 1.037628 0.944030 0.883779 0.312942 0.548618 0.183310 0.984345 0.758886 0.927807
1.002854 0.422480 0.990674 0.935938 0.988855 0.748661 0.332743 0.590210 0.132784 1.035672 0.704057 0.968165
0.909703 0.426451 0.978374 0.933078 1.002569 0.856173 0.283267 0.617510 0.126290 0.872443 0.643439 0.989754
1.058426 0.380084 0.978844 1.037769 0.951728 0.884198 0.294892 0.545541 0.193196 0.991721 0.660232 0.894047
1.036926 0.353370 0.969897 1.055483 0.987846 0.916676 0.292216 0.512252 0.133997 1.030643 0.763409 0.993297
0.957111 0.385026 1.075911 1.021458 1.033099 0.911570 0.172213 0.472427 0.163106 0.979615 0.742764 0.935809
0.974180 0.473219 0.941285 1.015578 1.032346 0.846818 0.321808 0.489891 0.179270 0.988147 0.726157 0.917913
1.002679 0.413331 0.991457 1.024500 0.957499 0.883471 0.289010 0.539187 0.163926 1.030626 0.597472 0.928511
1.069703 0.345633 1.007082 1.011892 0.902092 0.945142 0.359571 0.662237 0.063559 0.952797 0.745552 1.010452
0.968102 0.379286 0.880226 1.057093 1.004346 0.811784 0.265143 0.534366 0.193945 0.991248 0.679815 0.973478
0.967787 0.363584 1.106706 1.125530 0.959060 0.894522 0.275303 0.513413 0.034857 1.005349 0.686588 0.963947
1.023777 0.373598 0.982930 0.907886 0.851333 0.851945 0.308227 0.654129 0.141428 1.024803 0.707180 0.937075
1.069692 0.466244 1.019415 0.974553 0.989790 0.836370 0.164590 0.545709 0.103715 0.974969 0.707967 0.883655
0.981676 0.303576 0.965255 0.895410 1.121875 0.793728 0.293564 0.563623 0.097220 1.010435 0.648991 0.876983
1.044388 0.389684 1.084314 1.009543 0.945527 0.732811 0.245566 0.553944 0.079866 1.035893 0.661828 1.012955
1.004627 0.395939 0.964064 1.062787 0.940405 0.872117 0.327606 0.516546 0.185863 0.969296 0.700643 0.950525
1.063806 0.376110 1.099295 0.997575 1.077848 0.909320 0.319827 0.590538 0.121898 0.952628 0.641323 0.825186
1.071211 0.426975 0.995088 0.964271 1.014914 0.834202 0.317629 0.512206 0.258592 1.015956 0.600574 0.899605
0.997135 0.397932 0.919836 0.992882 0.975921 0.797958 0.335744 0.616979 0.039728 1.052110 0.685768 0.904165
0.886758 0.371684 0.992265 0.893052 0.960559 0.860897 0.242394 0.546225 0.066069 1.029224 0.740335 0.917854
1.012921 0.416716 1.008292 1.089290 0.967922 0.893941 0.327342 0.536339 0.166996 0.956504 0.735283 0.925959
0.984520 0.442227 0.998992 0.943955 1.020042 0.875058 0.338472 0.501902 0.156245 1.009068 0.716756 0.854259
0.986827 0.427140 0.968166 1.002798 0.970345 0.787496 0.283377 0.629152 0.034277 0.975177 0.767412 0.960212
1.006127 0.329719 0.943350 1.038877 0.967382 0.914331 0.315172 0.615885 0.060045 0.932608 0.601780 0.957756
0.945093 0.428106 1.000824 0.983524 1.017463 0.873174 0.237522 0.593712 0.150797 1.043730 0.676778 0.934073
0.947625 0.287528 0.939023 0.986778 1.002895 0.871592 0.302933 0.621564 0.174691 0.943199 0.770059 0.965609
0.970934 0.385289 1.017239 0.968556 0.986667 0.863082 0.324360 0.666977 0.047044 1.062806 0.630697 0.950206
0.978379 0.274118 0.928394 1.030069 1.048189 0.793706 0.248007 0.570184 0.080657 1.060593 0.677042 0.910119
0.971250 0.370266 0.954092 0.900029 1.056177 0.845569 0.265536 0.600683 0.155016 0.993062 0.709410 0.927308
1.064359 0.394897 0.983849 0.948021 0.929001 0.861912 0.320137 0.576294 0.100740 1.032952 0.678885 0.938957
0.926316 0.394739 1.037475 0.892804 1.001634 0.913602 0.417657 0.525391 0.233945 0.987532 0.586088 0.928281
1.041008 0.439581 0.978052 0.915164 0.886292 0.920385 0.303034 0.514050 0.098712 1.005632 0.747756 0.930764
0.989899 0.419285 1.008069 1.009964 1.058892 0.891477 0.229445 0.597793 0.012758 0.936152 0.725300 0.945559
1.103717 0.409322 0.942841 0.995680 1.021564 0.862183 0.332678 0.586400 0.120024 0.954314 0.811257 0.909260
0.975365 0.364157 0.955688 0.956739 1.029200 0.863070 0.291650 0.574787 0.150176 0.903892 0.696545 0.859077
0.995010 0.322812 0.933187 0.962250 1.001062 0.790888 0.239723 0.550775 0.136108 0.851852 0.665046 0.949846
1.027929 0.426101 0.936679 0.969667 0.977899 0.867804 0.281661 0.548013 0.187138 1.052212 0.752808 0.896681
1.020278 0.391250 0.934540 0.960033 1.031231 0.784652 0.260652 0.635961 0.075129 0.978092 0.750194 0.965190
0.996580 0.444572 0.953667 1.022063 1.019901 0.809324 0.281479 0.588980 0.061342 0.990770 0.648251 0.948537
1.020200 0.432859 1.000823 1.026303 1.063051 0.827555 0.131739 0.548793 0.047989 0.988680 0.738092 0.988329
1.052526 0.286867 0.991903 1.052320 0.964085 0.807563 0.300200 0.573098 0.241197 0.964586 0.680658 0.973367
0.974042 0.286588 1.023323 0.987477 0.911375 0.853491 0.146359 0.549154 0.101732 1.084171 0.706727 0.912761
1.046361 0.386769 0.994659 1.018887 0.932143 0.836914 0.271039 0.632002 0.127875 0.975267 0.677672 0.910200
0.932900 0.390153 0.978523 0.995992 0.924683 0.792103 0.370891 0.534018 0.123904 0.993839 0.734166 0.867600
0.987004 0.376375 0.881063 1.006781 0.935013 0.834077 0.312987 0.564174 0.148097 0.907354 0.665091 1.000268
1.007137 0.397299 0.988522 0.937011 1.020831 0.900565 0.226416 0.613656 0.147986 1.045630 0.699377 0.970611
1.023353 0.284286 0.965666 0.919090 0.957849 0.816339 0.305028 0.577916 0.244004 0.937936 0.709422 0.874946
0.972568 0.332596 0.965927 1.050147 0.972267 0.864518 0.271560 0.516390 0.170201 1.016731 0.733864 1.018981
1.010030 0.480131 0.930733 0.961074 0.984005 0.795561 0.310377 0.657759 0.165886 0.965886 0.815985 0.903592
0.991154 0.277792 1.000298 0.949007 0.983941 0.881787 0.274731 0.530786 0.021985 1.207160 0.692847 0.862792
0.988230 0.227834 0.948636 0.953571 0.967190 0.883506 0.189357 0.650179 0.120173 0.984652 0.656913 0.865917
1.068325 0.381444 1.029671 1.050200 0.938670 0.881898 0.278748 0.652240 0.110212 0.966669 0.691061 0.907155
0.994359 0.375471 0.968131 0.973626 0.995551 0.783890 0.286280 0.537870 0.086467 0.991511 0.674848 0.865805
0.931495 0.353960 0.934871 1.013963 0.991771 0.907983 0.243871 0.628001 0.120343 1.007681 0.611212 0.800972
1.012735 0.414790 1.008098 0.934440 0.832677 0.849037 0.357805 0.522372 0.078392 1.007152 0.750566 0.947174
0.925356 0.482371 0.968918 1.002515 0.927630 0.794448 0.298203 0.627174 0.071338 1.013186 0.687984 0.975848
1.071742 0.363981 0.961666 1.022921 0.924167 0.836712 0.194197 0.444350 0.058445 0.990071 0.685763 0.832350
1.013497 0.365665 0.930824 0.918239 0.951286 0.885067 0.266166 0.583243 0.020978 0.936847 0.715019 0.903240
0.935942 0.448770 0.924043 1.063472 1.019951 0.834055 0.172900 0.531313 0.167468 0.918474 0.677950 1.015912
1.051307 0.349314 0.993064 1.017861 1.026340 0.942615 0.338699 0.540074 -0.014356 0.916330 0.736877 0.901212
1.000683 0.318624 0.904505 0.965317 0.920917 0.726780 0.213037 0.544419 0.184975 1.082716 0.634177 0.826856
1.027362 0.404996 0.970618 1.008889 0.997519 0.873128 0.193782 0.547090 0.052518 0.986108 0.620283 0.902352
1.012254 0.361739 0.942302 1.103648 1.027382 0.854002 0.207682 0.542092 0.159430 1.046870 0.668469 0.993211
1.068966 0.417342 0.958187 0.975122 0.942597 0.861950 0.196461 0.438273 0.086986 1.008948 0.619011 0.943675
1.120735 0.482932 1.006268 0.975888 0.916453 0.950367 0.281204 0.551728 0.190978 0.964766 0.718317 1.041992
1.054281 0.322333 1.042680 0.985142 0.999390 0.854587 0.364836 0.540027 0.047419 0.963880 0.673236 0.939816
0.996400 0.350541 0.962499 1.068608 0.954396 0.801008 0.240619 0.583559 0.182082 0.988627 0.598556 0.878681
1.130593 0.338721 0.934173 1.056496 1.049200 0.919346 0.245760 0.595189 0.050030 0.971769 0.696254 0.945165
1.004610 0.418850 0.959072 1.029928 0.868655 0.787016 0.298954 0.559601 0.128481 1.028741 0.576990 0.877059
0.974622 0.317491 1.011230 1.013742 1.018800 0.821508 0.328418 0.613845 0.226018 0.995098 0.648382 0.973044
0.945840 0.365094 1.002686 0.967779 1.020097 0.803313 0.253330 0.556039 0.191837 0.974238 0.726153 1.001221
0.984906 0.338183 1.047896 0.982669 0.994080 0.832301 0.262956 0.566169 0.246242 1.044242 0.670649 0.843443
1.022121 0.438758 1.060294 1.013908 0.997198 0.790901 0.286245 0.518410 0.155107 1.058304 0.744102 0.945205
0.962722 0.425032 0.914421 0.937207 0.940785 0.813848 0.277725 0.607173 0.132068 1.039602 0.525942 0.954690
0.853453 0.430506 0.998561 1.021279 0.982014 0.843073 0.235883 0.579840 0.169883 0.947434 0.741506 0.911127
0.935609 0.427971 1.055480 1.022362 0.978662 0.890619 0.231087 0.623121 0.171793 0.998735 0.677153 0.860168
0.934150 0.324529 1.016993 0.993638 0.923168 0.834420 0.274241 0.528185 0.196330 0.943543 0.608226 0.929175
0.967547 0.322657 0.932601 1.050113 1.059683 0.794126 0.261343 0.630384 0.109452 0.970138 0.773639 1.017324
1.076070 0.420699 0.971819 0.972148 0.904230 0.809739 0.232490 0.657482 0.151279 0.920125 0.731143 0.907384
1.001017 0.334727 0.976352 0.926901 0.923672 0.884009 0.199684 0.494872 0.201743 0.956418 0.640313 0.910215
0.936037 0.469854 0.930417 1.054445 0.919101 0.782450 0.287108 0.611973 0.061933 0.953029 0.679514 0.939344
0.972002 0.399036 1.047634 0.917308 0.945264 0.878439 0.288109 0.608548 0.091966 1.147038 0.597259 0.908723
0.961328 0.363686 1.048247 0.986001 0.948319 0.937413 0.427562 0.506884 0.055745 1.005406 0.743578 0.938422
1.028475 0.385021 1.066815 0.974971 1.071717 0.818672 0.274973 0.619882 0.058864 0.960070 0.749195 0.854903
0.978565 0.391788 1.051301 0.968059 0.945537 0.855720 0.353191 0.555613 0.062633 1.058619 0.570779 0.940834
0.949568 0.371139 1.011714 1.049029 0.920602 0.803659 0.295212 0.614057 0.116440 0.953300 0.624230 0.986852
0.968615 0.448459 1.034428 0.964228 0.922970 0.878905 0.312547 0.528438 0.057404 0.986068 0.629128 0.903871
1.032066 0.377341 1.021541 0.990521 0.957262 0.848155 0.327564 0.627021 0.170432 1.078371 0.707466 0.899879
1.042847 0.387793 0.999505 0.981522 0.875756 0.755430 0.288772 0.526888 0.102986 0.943777 0.739796 0.944072
1.087219 0.310650 0.985455 0.944949 0.950455 0.902311 0.277711 0.483652 0.102753 0.928114 0.845316 0.989602
0.935432 0.396480 0.984319 0.997059 1.075051 0.940525 0.208469 0.635802 0.065566 1.054601 0.700680 1.038061
0.980633 0.401573 0.849225 1.009129 0.974230 0.781105 0.266312 0.584433 0.180387 0.968759 0.637717 0.827941
0.932786 0.357265 0.945837 1.035709 0.952925 0.834283 0.310527 0.581394 0.138211 0.972308 0.651812 0.872123
0.954469 0.470267 0.951768 0.970261 0.929207 0.819535 0.242079 0.560868 0.154131 1.007116 0.631425 0.879394
1.019628 0.400755 0.990940 1.008885 0.980250 0.833752 0.184388 0.530189 0.157583 1.005127 0.657189 0.947120
0.897149 0.351019 0.860055 1.006405 0.965998 0.805841 0.238370 0.556945 0.084476 1.003922 0.660637 0.957845
0.956972 0.408551 1.015334 1.005090 0.957697 0.934446 0.329058 0.572522 0.078555 0.949769 0.711252 0.853440
0.994224 0.409320 0.918200 0.950923 0.914872 0.785252 0.263645 0.582917 0.052900 0.934606 0.705616 0.842304
1.022767 0.307102 1.026504 1.041547 0.937330 0.838434 0.244689 0.662225 0.172419 0.945603 0.691308 0.921255
0.919816 0.379595 0.951959 0.945993 1.009001 0.839104 0.254057 0.579694 0.139658 0.906192 0.675134 0.903455
0.989716 0.353316 0.949110 0.957071 0.853719 0.734086 0.313576 0.458025 0.084009 0.996501 0.653298 0.946532
1.040461 0.367565 0.914366 0.937507 0.958731 0.821231 0.342717 0.511992 0.122290 0.944714 0.729936 0.974882
1.006809 0.382350 1.059678 1.040249 0.894555 0.844690 0.257639 0.602897 0.060415 0.968552 0.632707 0.790701
1.026309 0.412873 0.954642 1.066259 0.947507 0.861858 0.327828 0.525603 0.113378 0.984983 0.706636 0.823341
0.995653 0.429776 1.062497 0.958942 0.926005 0.789530 0.296547 0.598097 0.053550 0.983770 0.743539 0.876655
0.972678 0.356975 1.007150 0.949134 1.011641 0.850892 0.338042 0.656284 0.196621 1.033908 0.700395 0.874150
1.019967 0.372780 0.902744 0.931639 0.990527 0.825141 0.317350 0.667167 0.062802 0.947029 0.694576 0.834249
1.073916 0.261286 0.926196 1.005460 1.088946 0.783067 0.231680 0.587946 0.113880 0.990569 0.692727 0.949255
0.962548 0.300511 0.947322 1.001078 0.925968 0.815971 0.280979 0.584766 0.181307 0.986847 0.732412 0.917196
0.981635 0.296945 0.945709 1.044968 1.012908 0.865772 0.298398 0.485901 0.115307 0.851858 0.739127 0.873177
0.981570 0.415684 1.078957 0.993212 0.988932 0.886647 0.372386 0.483872 0.167654 1.002308 0.674295 0.866534
0.952868 0.372635 1.019558 1.051515 0.928519 0.837802 0.290622 0.515310 0.100161 0.961388 0.752405 0.967055
1.003051 0.376751 0.934524 0.897032 0.943526 0.836642 0.191598 0.505413 0.031647 0.984586 0.637188 0.806894
1.012040 0.375339 0.979449 1.000790 0.968633 0.890669 0.257809 0.530160 0.049177 0.999694 0.709424 0.911857
1.056176 0.333454 0.917778 1.021345 1.012848 0.792542 0.293432 0.578806 0.096256 1.014896 0.604239 1.016468
1.016703 0.281525 1.049572 1.011453 1.023816 0.854929 0.184016 0.620728 0.200489 1.054848 0.668402 0.926421
1.092678 0.350147 1.065783 1.076432 0.909721 0.825596 0.254085 0.570507 0.181960 0.941143 0.738187 0.873265
0.970299 0.297613 0.969273 1.003200 0.969081 0.854064 0.339646 0.550100 0.110123 0.921684 0.676399 0.868605
1.068604 0.283987 0.958465 1.031731 0.912150 0.889502 0.185951 0.520293 0.154485 0.985679 0.749855 0.886452
1.055225 0.428603 0.987610 0.949915 1.024017 0.824417 0.330000 0.644346 0.104416 1.052344 0.748505 0.899107
1.061522 0.385392 0.994129 0.972620 0.934645 0.833295 0.220202 0.550485 0.189104 0.929425 0.618100 0.940814
0.980712 0.370669 0.917586 1.022763 0.875821 0.896679 0.259232 0.488965 0.137836 0.933120 0.730035 0.923621
0.938285 0.401870 0.985630 0.911852 0.905991 0.820103 0.287981 0.604759 0.127402 1.011865 0.761403 0.935024
0.988853 0.509689 0.969194 0.946530 1.074570 0.881566 0.238231 0.518569 0.137027 0.994390 0.708657 0.892652
1.071724 0.374082 0.940984 0.962259 0.928660 0.838681 0.240565 0.609241 0.137731 0.935057 0.649608 0.918940
1.084101 0.403219 1.081646 1.000718 0.931071 0.914080 0.240529 0.555380 0.153011 1.009268 0.673568 0.960187
1.031149 0.358736 1.009781 1.028401 1.069792 0.906821 0.275111 0.467838 0.202464 1.063218 0.643037 0.946080
1.024083 0.484232 0.939307 1.005831 1.007591 0.881531 0.308191 0.554627 0.057120 0.957785 0.698629 0.929842
1.006846 0.385452 1.055436 1.024721 0.920784 0.823928 0.320775 0.590553 0.150281 1.024422 0.689224 0.990740
1.018735 0.321582 0.897986 1.059188 1.018678 0.799910 0.291414 0.609474 0.101993 1.038023 0.730583 0.952810
1.019097 0.397973 0.943188 0.960663 0.980155 0.745689 0.297055 0.546253 0.100283 1.006971 0.688832 0.958427
1.072742 0.374590 1.053574 1.043762 0.997950 0.819875 0.347064 0.582655 0.190105 0.922224 0.686965 0.895585
1.067497 0.473777 1.061272 0.937614 0.950464 0.860874 0.229690 0.611381 0.186449 1.032106 0.643904 0.856620
0.990668 0.307520 0.868049 0.920850 1.017804 0.744909 0.319183 0.608425 0.088992 0.948607 0.614431 0.859306
1.003156 0.392716 1.114283 1.133335 0.926670 0.830284 0.214604 0.589260 0.149695 0.955998 0.709925 0.891610
1.007690 0.427439 0.983309 1.026163 1.067696 0.865151 0.274686 0.589622 0.116165 1.053937 0.693269 1.025210
0.989143 0.332300 0.982429 1.000640 0.941959 0.864115 0.193085 0.591904 0.099342 0.932688 0.628903 0.886377
0.958460 0.418032 0.923748 0.971606 0.997396 0.900608 0.307077 0.495450 0.193657 0.964574 0.694034 0.897235
0.967283 0.377001 1.011553 1.048178 0.977397 0.798069 0.277234 0.491915 0.067392 1.032317 0.713838 0.876204
1.008798 0.306723 1.024863 0.958583 0.905326 0.831626 0.279792 0.537358 0.049169 0.931778 0.627329 0.936139
0.980917 0.458108 0.942620 0.954619 1.002880 0.915720 0.339171 0.489565 0.095593 0.845395 0.666738 0.984857
0.942125 0.433078 0.898877 1.036943 0.897380 0.791247 0.199090 0.613632 0.037226 1.078013 0.736091 0.859929
1.021000 0.316259 1.009613 0.875608 0.999796 0.884129 0.282724 0.593281 0.104252 0.970347 0.717241 1.007857
0.947554 0.320862 0.943320 1.007385 0.930857 0.884978 0.318994 0.641717 0.084886 0.952697 0.673752 0.831227
0.968081 0.364713 0.958974 1.035297 0.937958 0.845629 0.202094 0.510442 0.102568 0.898635 0.662403 0.961553
0.948127 0.361715 0.983922 0.971080 0.942141 0.784357 0.349287 0.676382 0.068259 0.993836 0.642747 0.984705
0.956681 0.331454 1.023854 1.076395 0.970881 0.823387 0.287850 0.598162 0.134162 1.034222 0.660065 0.889996
0.974199 0.275082 0.976959 1.044724 0.937603 0.765027 0.259485 0.617970 0.094111 0.998015 0.673808 0.917678
1.009019 0.455098 0.977200 1.032438 1.021160 0.914199 0.307537 0.593725 0.206434 0.944494 0.733121 0.927233
1.015163 0.430758 0.999146 0.983544 0.949605 0.864000 0.416648 0.548638 0.169881 1.084793 0.659614 0.986111
0.961893 0.498803 1.039880 1.049014 0.894767 0.815087 0.343406 0.585003 0.077582 0.977934 0.748744 0.929482
0.940749 0.379319 0.959051 1.038370 0.978612 0.869999 0.318962 0.698217 0.078218 1.031851 0.636249 0.893448
0.994024 0.429006 0.955227 0.997924 0.844306 0.825828 0.258961 0.493513 0.055238 0.930769 0.704621 0.842306
1.002383 0.350351 0.883107 0.997308 0.944673 0.909826 0.235841 0.610140 0.010160 1.044273 0.701724 0.962416
0.969707 0.382537 1.026725 0.994646 0.954075 0.868329 0.313930 0.583553 0.155436 0.951352 0.672845 0.942417
0.907832 0.318540 1.043684 0.989821 0.979627 0.926933 0.353934 0.589160 0.157119 1.029648 0.768174 1.001881
1.024368 0.390940 1.056552 1.023603 0.936940 0.868294 0.231492 0.619726 0.105377 1.040622 0.693446 0.922021
1.056303 0.357738 1.059271 1.049366 0.967502 0.823581 0.279647 0.523844 0.096281 0.926518 0.715009 0.870556
1.009560 0.367566 1.010493 1.011374 1.073178 0.797645 0.290603 0.636327 0.042718 0.983719 0.681328 1.014594
1.065161 0.480355 0.972924 1.011868 0.933453 0.742627 0.227609 0.580698 -0.076720 0.984703 0.773078 0.970944
1.012310 0.348931 1.000662 0.995930 0.919204 0.796871 0.242908 0.564247 0.143260 0.942845 0.737624 0.902619
1.019457 0.419877 0.984038 0.962208 0.954431 0.849156 0.222744 0.595227 0.100373 0.980002 0.669690 0.945979
1.019840 0.366894 0.958549 1.036463 0.947630 0.871785 0.236200 0.545448 0.069865 0.953337 0.568538 0.982151
1.017116 0.396075 0.880067 0.921401 1.009479 0.781151 0.238612 0.529887 0.091925 0.964087 0.705537 0.953342
0.987784 0.394728 1.035651 1.080021 0.997034 0.806775 0.254188 0.641099 0.187377 1.023264 0.693802 0.948539
0.947899 0.441205 1.017673 0.980932 0.907880 0.877679 0.216855 0.543021 0.154014 1.041303 0.742072 0.811781
1.015407 0.319917 0.983370 1.067970 0.975504 0.868627 0.309803 0.538884 0.084043 1.060904 0.685506 0.853422
0.950865 0.375914 0.989936 0.937752 0.970435 0.847218 0.210791 0.498612 0.155764 0.901484 0.662585 0.900858
0.985384 0.387751 0.938870 0.939073 0.966544 0.820237 0.255817 0.581822 0.111432 0.998039 0.716305 0.879153
1.086886 0.376225 0.956375 0.941258 0.984611 0.806465 0.257006 0.575524 0.046298 0.896112 0.752672 0.981076
0.934632 0.353373 0.913422 1.019371 1.002981 0.855019 0.300437 0.590126 0.135915 1.042382 0.671053 0.884133
1.032586 0.364390 0.960200 0.927372 0.934901 0.863555 0.242926 0.525803 0.113467 0.987738 0.694594 0.853024
0.904712 0.448384 1.017271 0.946732 0.997572 0.785695 0.200315 0.496172 0.044278 0.990525 0.697261 0.874694
0.953609 0.348094 1.012536 1.007116 0.952770 0.864040 0.273778 0.586026 0.157217 0.943584 0.680662 0.978101
1.001059 0.360217 0.943513 0.956409 1.009855 0.829451 0.299443 0.631401 0.138827 0.994482 0.717484 0.961163
0.995526 0.446396 1.025512 0.999040 0.974725 0.872378 0.203702 0.556394 0.092010 0.966830 0.883467 0.902545
0.960340 0.454351 0.978412 1.004679 1.002447 0.846081 0.293512 0.469066 0.135034 0.965431 0.689343 1.009352
1.015092 0.338607 1.044891 0.997002 0.959906 0.755403 0.353985 0.603095 0.027107 0.951001 0.707644 0.975829
1.004402 0.395603 0.946954 1.013866 1.005344 0.835270 0.176766 0.657152 0.185552 0.967994 0.750777 0.863602
0.998823 0.357108 0.892738 1.013380 0.986291 0.847255 0.329146 0.578416 0.133669 1.084988 0.730288 0.962074
1.095540 0.345972 0.903572 1.000461 1.087086 0.926407 0.249914 0.520958 0.158396 1.025450 0.716133 0.977975
0.921186 0.375632 1.013396 0.990840 0.946227 0.855664 0.324246 0.530905 0.211667 0.982534 0.724222 0.891552
1.052665 0.429398 0.978112 0.946305 0.934818 0.844867 0.389390 0.632420 0.131186 1.031839 0.629580 0.919935
1.050154 0.363102 0.946424 0.946170 0.984476 0.872445 0.226965 0.538227 0.163989 1.055120 0.674591 0.950416
0.981109 0.355744 0.911065 0.987601 1.004133 0.761287 0.211764 0.636454 0.156858 0.886946 0.615536 0.953374
1.021161 0.364897 0.957676 0.948258 1.093722 0.851650 0.204574 0.595099 0.187231 0.990589 0.593395 0.919990
0.925149 0.379200 0.953658 1.128795 0.981729 0.903689 0.351521 0.570697 0.123773 0.935468 0.678663 0.944271
0.926650 0.417021 0.969377 1.080368 0.945574 0.825572 0.269630 0.542322 0.136579 1.012455 0.632882 0.989050
1.061783 0.316375 1.048987 0.915257 1.010850 0.762697 0.312523 0.544658 0.187025 0.956093 0.763974 0.985707
0.943812 0.390132 1.095802 1.016360 1.019962 0.832260 0.229930 0.477761 0.173209 0.928917 0.591095 0.968955
1.099609 0.377404 0.996449 0.982164 0.874836 0.827724 0.220405 0.573139 0.098330 1.041386 0.767850 0.888187
0.999094 0.307606 0.927095 1.057298 0.953963 0.825143 0.300712 0.525492 0.108782 1.019107 0.798961 0.898978
0.968382 0.379503 0.997181 0.930887 1.081541 0.738973 0.165820 0.574604 0.286026 0.993289 0.544525 0.908963
0.972093 0.478884 1.005985 0.971887 0.980847 0.865218 0.291194 0.542340 0.137195 0.918961 0.692433 0.907149
0.982749 0.422593 1.041225 0.962835 0.938683 0.828766 0.369657 0.664138 0.176520 1.074353 0.712965 0.947867
0.951887 0.403592 1.020889 1.038907 0.926452 0.831874 0.286770 0.591061 0.120853 0.972519 0.738305 0.891635
0.936814 0.368650 1.079449 0.967532 0.977915 0.855195 0.377705 0.565813 0.157842 1.048046 0.704826 0.824992
1.097551 0.330270 0.916272 1.017666 0.974238 0.911038 0.359714 0.568684 0.147416 0.963191 0.754234 0.944504
1.017481 0.349886 0.978536 0.966139 0.963136 0.838096 0.243407 0.580390 0.056662 0.897111 0.695229 0.970644
0.919348 0.332069 0.971733 1.067708 1.029578 0.832923 0.277817 0.554451 0.167997 1.047459 0.663168 0.914226
1.025779 0.344019 0.918772 0.995436 0.993294 0.862857 0.326243 0.572947 0.025240 0.984521 0.689386 1.004262
1.031989 0.463541 1.006332 1.056583 1.033870 0.779840 0.362753 0.561933 0.143794 1.039507 0.667763 0.945316
1.007920 0.388634 1.012987 1.036252 0.956908 0.924196 0.283910 0.525131 0.140746 0.985406 0.738887 0.861777
1.041165 0.362650 0.976651 1.012156 0.964383 0.864554 0.252632 0.667760 0.180287 0.908502 0.736425 0.801655
0.975114 0.344697 0.953000 1.021962 0.941184 0.900241 0.312096 0.671466 0.143292 0.935079 0.620597 0.951461
0.904243 0.352288 0.985063 0.913360 0.990205 0.834597 0.296857 0.571578 0.192143 0.988187 0.575021 0.989084
1.016284 0.352459 0.888883 1.076253 0.965222 0.835776 0.279427 0.517503 0.139093 1.038377 0.527676 0.959767
0.927273 0.409511 0.984384 0.983905 1.016749 0.823723 0.252959 0.676980 0.136736 0.992176 0.809975 0.884163
1.015280 0.385832 0.972240 1.027711 1.032776 0.895383 0.254422 0.655098 0.142963 0.938267 0.726338 1.019921
0.908934 0.413753 1.053568 1.003146 0.963610 0.797578 0.291872 0.522158 0.178278 0.985377 0.682180 0.896820
1.018273 0.356545 0.922755 0.976964 1.009355 0.753473 0.213965 0.565462 0.099972 0.912754 0.684757 0.899237
1.023059 0.408292 1.003197 0.918253 0.988623 0.898167 0.293950 0.660687 0.130517 1.038086 0.699452 1.004973
0.974470 0.310980 1.019760 0.983961 0.885989 0.844344 0.296304 0.466410 0.162341 0.936367 0.665252 0.974142
1.034651 0.448238 0.998999 0.992907 0.923988 0.792216 0.211961 0.516852 0.100651 0.931530 0.644655 0.933320
1.002203 0.446518 1.049890 0.987809 0.890574 0.874407 0.258545 0.594719 0.081375 0.925971 0.698854 0.817331
1.040699 0.458400 1.004176 0.959735 0.977094 0.812434 0.154092 0.559942 0.178448 0.992979 0.770084 0.845830
1.066450 0.294055 1.021690 0.978690 1.018486 0.846206 0.265236 0.589728 0.093318 0.964238 0.621987 0.997200
0.998839 0.489838 0.934225 0.995336 1.005572 0.787564 0.222928 0.550673 0.168971 1.021969 0.631934 0.946185
0.888466 0.421758 0.938478 0.971488 0.924524 0.851541 0.261069 0.556671 0.115229 0.899901 0.695884 0.899693
0.992522 0.313975 0.963478 0.934517 0.977963 0.808482 0.262727 0.545451 0.172374 0.936192 0.738788 0.902261
1.088834 0.373310 1.041152 0.978305 0.935245 0.848190 0.278298 0.616395 0.082402 1.041792 0.645463 1.015519
1.037942 0.326485 0.929715 1.049354 0.984896 0.849325 0.336130 0.553643 0.102281 1.050953 0.613553 0.911489
0.977580 0.378135 0.958936 0.996564 0.970391 0.826681 0.282534 0.633637 0.096562 0.952338 0.785399 1.000177
0.947430 0.391366 1.020749 1.065702 0.942994 0.822993 0.272168 0.583965 0.118726 1.031973 0.661336 0.983639
1.037192 0.354578 0.953250 0.988921 1.046037 0.808553 0.222070 0.627691 0.077597 0.915990 0.641958 0.790193
1.109808 0.453383 0.944344 0.976348 0.890628 0.826226 0.287761 0.577928 0.051718 0.939542 0.761046 1.004376
1.017861 0.391060 0.950703 1.057601 0.945638 0.836341 0.301229 0.526928 0.135457 0.931201 0.736855 0.950297
1.058696 0.350976 0.962098 0.945703 0.995279 0.815402 0.255294 0.577018 0.009212 1.099904 0.717154 0.827596
0.999648 0.462053 0.937423 1.054970 1.032866 0.920250 0.262145 0.582842 0.197103 1.035784 0.684748 0.843457
0.960299 0.392994 1.033490 0.944216 1.040691 0.829179 0.226720 0.531719 0.207668 1.011971 0.606148 0.875050
0.999564 0.402421 0.957273 0.924866 0.921150 0.904101 0.282956 0.599951 0.159533 0.929044 0.695616 0.898671
1.030356 0.462285 0.969787 0.943040 0.984909 0.868837 0.304995 0.614211 0.044375 0.856797 0.680069 0.989198
1.095201 0.381623 0.926351 1.024090 0.947470 0.826921 0.329189 0.499572 0.164704 0.973307 0.717222 0.948631
0.995437 0.329606 1.039421 1.075633 1.100503 0.856054 0.290607 0.541519 0.055748 0.948385 0.719525 0.822869
0.987863 0.314974 1.041459 1.029794 0.955309 0.841977 0.289867 0.491174 0.157354 0.912788 0.733815 0.910583
1.059451 0.352444 1.022678 1.025200 0.893200 0.717188 0.251219 0.491880 0.067312 0.917140 0.660646 0.839108
0.980532 0.404662 0.960210 1.063289 1.015251 0.890691 0.266671 0.511350 0.041509 0.946343 0.683234 0.929031
1.015997 0.416446 0.919138 1.015769 0.933943 0.844773 0.279979 0.484524 0.105893 0.998180 0.716436 0.886211
1.068295 0.383203 1.013710 1.083592 1.015330 0.780738 0.311134 0.503515 0.141328 1.003323 0.721679 0.878280
1.021860 0.349938 1.002335 0.967042 0.907164 0.873291 0.275374 0.521740 0.100649 0.984915 0.650879 0.889280
0.992739 0.405057 1.015947 1.100447 0.981759 0.775574 0.302205 0.634386 0.122424 0.948297 0.678794 0.922188
0.992967 0.478778 1.001115 1.010936 0.980882 0.819362 0.264251 0.510667 0.070313 1.041129 0.687928 0.987777
1.018538 0.380155 0.893736 1.067934 1.038837 0.806384 0.257904 0.562164 0.100819 0.984544 0.791239 0.867805
0.950530 0.418319 0.931984 1.046288 0.929826 0.882649 0.294660 0.496927 0.076321 1.026331 0.721915 0.941172
1.016230 0.388088 0.907331 0.930204 0.999977 0.851077 0.204178 0.630373 0.161863 0.990811 0.691781 0.922120
0.939981 0.397832 0.957941 0.998436 0.966212 0.774568 0.259594 0.526040 0.116869 0.986045 0.683097 0.918992
0.988894 0.497698 0.952717 0.990543 1.016055 0.782855 0.298127 0.505281 0.157779 0.985127 0.699220 0.992538
0.978265 0.373644 0.924763 1.025774 1.035075 0.764964 0.342776 0.526215 0.030873 1.034314 0.694076 0.898168
0.991053 0.458012 1.021118 0.959522 1.001616 0.860105 0.240919 0.546562 0.197265 1.033674 0.707080 0.876309
1.006729 0.298687 0.969920 0.953580 1.000383 0.744765 0.349780 0.546669 0.161101 1.042359 0.644324 0.922366
1.060330 0.455276 0.969079 1.046739 0.854142 0.829482 0.215009 0.529644 0.162512 0.941570 0.686494 1.009338
0.959388 0.330185 0.999939 1.027155 0.938268 0.824001 0.239820 0.544818 0.063513 1.020562 0.756549 0.930928
1.053775 0.404713 0.970707 0.996173 0.899553 0.892280 0.206129 0.600761 0.175833 0.978685 0.641139 0.855018
0.991185 0.402636 1.025824 0.999241 0.876715 0.822938 0.279461 0.588109 0.177449 0.916522 0.645910 0.947028
0.942523 0.301264 0.986468 0.979698 0.968725 0.746995 0.285403 0.486206 0.211002 1.055835 0.654773 0.961155
0.928256 0.402475 1.059626 0.977803 0.917827 0.825864 0.394938 0.404364 0.157840 0.989569 0.665934 0.868012
0.931711 0.373343 1.023713 0.963433 0.938975 0.679984 0.318496 0.599270 0.244637 0.908022 0.705760 0.985206
0.946346 0.366088 1.052651 1.056438 0.979936 0.820256 0.338236 0.582297 0.168169 0.989968 0.697691 0.950018
0.999254 0.383543 0.932822 0.960494 0.907088 0.867945 0.350764 0.550320 0.114457 0.937454 0.684504 0.894152
0.997203 0.366291 1.034425 1.164648 0.893044 0.864927 0.299058 0.619679 0.083203 1.074508 0.722128 0.879269
1.026630 0.344210 1.018902 0.962619 1.029607 0.850947 0.251216 0.544433 0.096462 1.013301 0.612248 0.919762
0.909395 0.328409 1.119049 0.994197 1.005923 0.848260 0.183144 0.538635 0.151247 0.939386 0.672887 0.801406
1.036786 0.435732 0.924108 1.055346 1.041255 0.804376 0.224511 0.589403 0.118404 1.052109 0.648407 0.966530
1.059789 0.392280 0.959640 0.920385 0.895214 0.868696 0.346799 0.538333 0.178759 0.941533 0.636257 0.907616
1.033450 0.408812 0.959874 0.977497 0.980182 0.771330 0.294513 0.562521 0.162669 0.929733 0.642865 0.904941
1.054908 0.406046 0.987567 1.030585 1.008485 0.807872 0.246529 0.561815 0.159812 1.067825 0.735810 1.046137
0.989989 0.376211 0.996690 1.024159 0.947333 0.905646 0.327507 0.576713 0.158006 0.965262 0.624070 0.978731
1.128671 0.411156 0.869913 1.007033 0.961990 0.905818 0.200537 0.523651 0.125248 0.937527 0.659612 0.911662
1.011925 0.365045 0.923601 0.900721 0.996548 0.892454 0.317895 0.563967 0.049987 0.991053 0.788053 0.926958
1.037472 0.342646 0.978878 0.998282 0.945471 0.817568 0.246971 0.542570 0.092476 1.139869 0.685683 0.878778
0.992418 0.377100 0.984320 0.984918 0.937668 0.879826 0.269306 0.577932 0.084417 0.972247 0.784628 0.997960
1.036215 0.377988 0.947360 0.985232 0.957555 0.839893 0.409742 0.557260 0.180913 0.921411 0.684974 0.917424
1.009036 0.412021 0.986137 0.983990 0.996256 0.838180 0.271682 0.568379 0.117817 0.991308 0.680133 0.936627
1.074452 0.434439 0.969834 1.051696 0.895499 0.899909 0.234796 0.526020 0.141245 0.945306 0.701353 0.933930
1.043711 0.419321 1.020840 0.977110 0.980264 0.926114 0.333759 0.539954 0.126734 1.051782 0.701768 0.952205
1.032935 0.386394 0.999685 1.003292 0.928875 0.971079 0.256831 0.564413 0.154175 1.047254 0.643770 0.875509
0.947733 0.308804 0.947306 1.020270 0.961448 0.787657 0.228922 0.574574 0.135932 0.939506 0.702883 0.931891
1.018265 0.430572 0.930310 1.052486 0.960487 0.819657 0.252984 0.572489 0.071093 0.954527 0.713145 0.934078
0.996725 0.408494 0.901273 1.015185 0.910145 0.799148 0.271981 0.445155 0.167431 1.019412 0.653218 0.898925
0.911856 0.345607 1.006918 0.986894 0.996347 0.804091 0.342202 0.668294 0.157261 0.969254 0.711155 0.779845
0.992171 0.430322 0.939919 0.994358 1.011177 0.805495 0.192268 0.523953 0.087777 0.943436 0.664129 0.983615
0.972976 0.399787 0.947911 0.931772 0.989370 0.944848 0.235669 0.687068 0.207508 1.056141 0.622518 0.904640
0.922743 0.475825 0.984986 1.082875 1.006231 0.824916 0.244576 0.539447 0.144194 0.937575 0.686249 0.902887
1.086291 0.393242 0.987452 1.023371 1.035389 0.800871 0.258819 0.532147 0.199244 1.008663 0.770062 0.980595
0.988485 0.267322 0.996139 1.061240 0.963292 0.782447 0.312126 0.580698 0.178079 0.966542 0.705116 0.879791
1.041441 0.395394 0.971693 0.976388 0.964903 0.875023 0.308316 0.649010 0.186279 1.037485 0.643063 0.939464
0.981681 0.323848 0.958699 0.995685 0.990694 0.899637 0.241984 0.577940 0.110400 0.952550 0.680594 0.970577
1.064156 0.376960 0.885878 0.964342 0.903057 0.856509 0.307265 0.576138 0.134457 1.017765 0.666309 0.976215
1.005673 0.344100 0.959309 1.021211 0.950876 0.833948 0.205220 0.631354 0.178345 0.881147 0.681165 0.926803
1.011896 0.344019 0.933972 1.036374 0.996599 0.775467 0.243605 0.589871 0.140822 0.943541 0.656665 0.907615
0.966476 0.414931 1.015107 0.901746 0.986646 0.781590 0.302919 0.622751 0.109757 0.978078 0.712285 0.969997
1.041195 0.320340 0.973324 0.988996 1.038905 0.761559 0.312139 0.587061 0.105396 1.031090 0.615116 0.886644
1.052738 0.331416 1.004852 0.939084 0.936061 0.899833 0.358510 0.483054 0.137878 0.897945 0.654085 0.923148
1.033641 0.410743 1.075049 0.914543 0.948552 0.832851 0.290975 0.570984 0.121039 1.055987 0.755373 0.943658
0.990813 0.377397 1.005970 1.003696 0.995996 0.802420 0.274866 0.563718 0.092360 0.909239 0.668887 0.961026
0.981249 0.344838 1.028274 1.005238 1.018199 0.769008 0.344922 0.559124 0.081814 1.039211 0.682743 0.971045
0.947353 0.389808 1.035198 1.052536 0.918943 0.792786 0.191962 0.520123 0.094792 1.029176 0.699681 0.963055
1.060940 0.440594 0.969505 0.933634 0.927236 0.843239 0.320541 0.652858 -0.009260 0.891981 0.690623 1.009384
0.933357 0.374380 0.957949 1.037435 0.960271 0.860443 0.261637 0.570459 0.111600 1.081960 0.736268 0.894101
0.972799 0.395939 0.969698 1.053894 0.993254 0.806283 0.273746 0.614999 0.069310 1.040352 0.589990 0.858666
0.952050 0.400936 0.910881 0.975835 1.003471 0.893659 0.386493 0.614520 0.189342 0.987963 0.740289 0.910563
1.022087 0.319785 1.043042 0.991351 0.954886 0.840808 0.240908 0.553754 0.140110 0.987433 0.620856 0.923852
0.976542 0.347827 1.142437 0.993042 0.926542 0.812348 0.381714 0.538114 0.146749 1.051439 0.670966 0.875791
0.967331 0.472537 1.011730 0.996888 1.017840 0.795064 0.267417 0.629923 0.112498 0.956248 0.687224 0.852093
0.920564 0.296218 1.028358 0.971639 0.930543 0.766664 0.288919 0.609946 0.171976 1.016066 0.659081 0.880178
0.982529 0.351690 0.916143 0.933869 0.929948 0.942359 0.354420 0.473914 0.039005 0.934153 0.762272 0.899474
0.885056 0.402234 0.981618 0.922796 0.959671 0.952639 0.242976 0.555884 0.110999 0.982751 0.672717 0.964518
1.003013 0.325837 1.025778 1.057566 0.923176 0.870703 0.341150 0.580079 0.080417 0.971194 0.692835 0.968865
1.059599 0.381908 1.014845 0.890134 0.938396 0.892011 0.280770 0.454325 0.150475 1.017264 0.650581 0.958916
0.959534 0.453412 0.979411 0.952353 0.908035 0.856175 0.318552 0.594602 0.053032 0.943733 0.683443 0.911110
0.926969 0.399801 0.950400 0.936730 1.016135 0.879384 0.303758 0.514335 0.252777 0.934844 0.679669 0.929965
0.939903 0.399185 0.985365 0.941006 0.969347 0.772562 0.246141 0.599015 0.015729 0.903156 0.692033 0.947848
1.096729 0.438383 0.932762 1.046361 0.966435 0.827312 0.304262 0.582037 0.133399 1.000549 0.736547 0.972758
1.002196 0.449742 0.918789 0.909191 0.996213 0.839898 0.294423 0.505016 0.004575 1.018842 0.738541 0.973969
0.993097 0.331089 0.918448 1.019294 0.939196 0.808296 0.288269 0.560083 0.221027 1.013436 0.676688 0.833990
0.970581 0.314379 0.991644 1.066734 1.024531 0.889557 0.315582 0.537472 0.116927 0.900582 0.676554 0.881043
1.071850 0.369207 0.959053 0.964065 0.992584 0.865280 0.223500 0.518287 0.154698 0.959224 0.654114 0.880159
1.064081 0.365694 0.957374 0.980695 1.039823 0.896979 0.345195 0.509593 0.131790 1.008362 0.710620 0.860444
0.971926 0.371927 0.938604 1.018726 1.064708 0.889826 0.208707 0.520893 0.091975 1.019650 0.757122 0.958601
0.975534 0.442021 0.996052 0.945814 0.891650 0.789005 0.268216 0.590183 0.138368 0.993982 0.623906 1.023764
1.015599 0.355634 0.964582 0.956722 1.005792 0.809207 0.284706 0.607095 0.079669 0.992194 0.689205 0.878204
0.956774 0.323788 1.015089 0.989301 1.017584 0.798091 0.326529 0.562080 0.199035 1.035678 0.765210 0.903190
0.449902 0.610935 0.560086 0.684947 0.816971 0.221004 0.261496 0.493918 0.095766 0.533963 0.187431 0.079799
0.394372 0.582720 0.470865 0.669614 0.776255 0.229553 0.203215 0.382306 0.140293 0.665275 0.079048 0.060035
0.441042 0.685564 0.536942 0.575266 0.758712 0.179773 0.235606 0.347830 0.115731 0.485833 0.196144 0.072332
0.430676 0.717938 0.513282 0.662638 0.710227 0.273626 0.197674 0.421202 0.093630 0.521592 0.221056 0.011151
0.373858 0.599158 0.571889 0.663868 0.775423 0.101990 0.245104 0.454810 0.217933 0.499514 0.167195 0.101531
0.316693 0.643505 0.492297 0.636102 0.828932 0.242745 0.242140 0.498740 0.142393 0.590272 0.138303 0.103897
0.349179 0.728192 0.558001 0.752291 0.704734 0.233936 0.259428 0.510510 0.092555 0.628944 0.198858 0.086673
0.404559 0.681834 0.523504 0.747557 0.759227 0.283144 0.268769 0.396247 0.113965 0.484378 0.191951 0.149203
0.417367 0.598269 0.448431 0.631706 0.743888 0.260379 0.152775 0.502987 0.190841 0.535427 0.104097 0.130706
0.440633 0.737872 0.542911 0.678553 0.783223 0.236926 0.276046 0.449958 0.188556 0.620722 0.264552 0.054811
0.361344 0.532744 0.590454 0.666448 0.694935 0.238305 0.200537 0.495245 0.123659 0.539942 0.203542 0.000016
0.439012 0.589307 0.599480 0.788378 0.729634 0.300807 0.232840 0.395619 0.165300 0.542888 0.097335 0.105905
0.368795 0.631597 0.576031 0.642333 0.749602 0.260316 0.204300 0.500888 0.197080 0.656393 0.101562 0.083346
0.434352 0.672425 0.492596 0.627941 0.827714 0.288063 0.253084 0.467581 0.106087 0.544528 0.176873 0.012470
0.363714 0.598493 0.539396 0.616614 0.699738 0.238512 0.281976 0.445704 0.170042 0.560367 0.111852 0.081233
0.365498 0.686813 0.526591 0.619524 0.728756 0.206527 0.262233 0.486304 0.178734 0.551606 0.263054 0.108716
0.457494 0.722478 0.569759 0.699710 0.718950 0.321207 0.287570 0.511905 0.103987 0.512533 0.198113 0.142292
0.388847 0.654808 0.551872 0.647008 0.824268 0.363645 0.306409 0.462880 0.134654 0.562363 0.196487 0.090509
0.426370 0.675940 0.609938 0.663619 0.696462 0.288105 0.288839 0.508440 0.171955 0.624045 0.263640 0.092976
0.400230 0.658745 0.510203 0.515337 0.722955 0.186265 0.251300 0.450075 0.216286 0.574384 0.220051 0.173070
0.390066 0.680718 0.452568 0.669711 0.728461 0.257035 0.280192 0.419465 0.164392 0.527589 0.214473 0.067649
0.363090 0.706443 0.607858 0.736292 0.788456 0.282724 0.223541 0.503965 0.023698 0.622750 0.245505 0.025886
0.442170 0.668021 0.459439 0.614386 0.725227 0.297606 0.228447 0.432505 0.258650 0.548324 0.196161 0.094724
0.391287 0.640986 0.509486 0.655735 0.711009 0.345121 0.137173 0.433920 0.138815 0.526927 0.160662 0.053328
0.394130 0.680082 0.502641 0.679787 0.758944 0.330632 0.204734 0.482998 0.084992 0.592947 0.162645 0.084613
0.406203 0.644968 0.535496 0.651144 0.862699 0.168137 0.272136 0.330679 0.155302 0.506183 0.109462 0.141245
0.420697 0.560509 0.557250 0.768304 0.767856 0.306835 0.342863 0.422906 0.216711 0.578973 0.172250 0.109495
0.418989 0.638213 0.540359 0.554899 0.729755 0.321365 0.303653 0.462552 0.128723 0.594379 0.207998 0.075773
0.410128 0.660418 0.543620 0.595558 0.727231 0.312708 0.289101 0.484118 0.149844 0.561506 0.137707 0.099648
0.416129 0.598489 0.477757 0.772499 0.819611 0.287052 0.220935 0.370953 0.194919 0.616719 0.227733 0.072065
0.421038 0.709137 0.484014 0.694956 0.776739 0.396846 0.271359 0.398799 0.162285 0.605857 0.224392 0.079198
0.406617 0.664736 0.471732 0.633046 0.755652 0.262189 0.230578 0.484350 0.063833 0.554775 0.224323 0.084108
0.502156 0.605679 0.599291 0.609431 0.699183 0.256374 0.308342 0.426120 0.153586 0.547221 0.162258 0.050099
0.402633 0.720638 0.450167 0.716242 0.712368 0.215647 0.266861 0.482889 0.246100 0.627926 0.269557 0.081562
0.496219 0.728442 0.473493 0.595146 0.781146 0.241959 0.239199 0.405784 0.094808 0.584508 0.199530 0.084069
0.342200 0.586594 0.479628 0.652302 0.745752 0.297378 0.375508 0.454443 0.146113 0.578555 0.201424 0.066529
0.341861 0.678594 0.377254 0.651531 0.780715 0.307467 0.233811 0.382132 0.108849 0.538060 0.126276 0.159342
0.337547 0.702777 0.416142 0.671870 0.821480 0.307842 0.239797 0.508353 0.117500 0.560805 0.107815 0.128868
0.393450 0.649370 0.475713 0.664601 0.708630 0.240381 0.238854 0.373784 0.171967 0.560658 0.185258 0.105463
0.491642 0.570640 0.507375 0.609828 0.699965 0.323656 0.233040 0.413547 0.107030 0.613026 0.202806 0.078492
0.402512 0.682243 0.485546 0.691096 0.731444 0.317612 0.158943 0.412523 0.163946 0.603074 0.109350 0.146798
0.410668 0.639800 0.583544 0.628861 0.684115 0.354697 0.273258 0.460096 0.170925 0.495455 0.209673 0.183610
0.440015 0.705718 0.498290 0.745982 0.773263 0.302626 0.170605 0.428962 0.193959 0.468309 0.222409 0.171057
0.315983 0.628485 0.576146 0.663921 0.683831 0.344850 0.234599 0.413055 0.153713 0.532664 0.165608 0.073939
0.402419 0.660875 0.552026 0.667810 0.720428 0.295245 0.158301 0.454578 0.166416 0.621921 0.188879 0.122774
0.412919 0.647532 0.548945 0.659715 0.776250 0.297439 0.279919 0.415168 0.043271 0.559797 0.185209 0.085349
0.275397 0.588569 0.457933 0.737260 0.744090 0.313261 0.256086 0.356399 0.139432 0.457045 0.104965 0.137345
0.425482 0.575672 0.532940 0.657647 0.724312 0.239688 0.242771 0.389742 0.231950 0.540861 0.220776 0.117937
0.387145 0.594421 0.517427 0.736993 0.801370 0.380830 0.248094 0.490610 0.077536 0.623012 0.277611 0.100178
0.382464 0.634186 0.448376 0.608071 0.746173 0.292779 0.227629 0.426494 0.188891 0.570385 0.123950 -0.007236
0.282974 0.671260 0.445731 0.727851 0.850389 0.292955 0.238270 0.373362 0.194199 0.615674 0.120937 0.095291
0.389499 0.619344 0.549155 0.612575 0.639218 0.296863 0.224131 0.471841 0.211551 0.632211 0.239532 0.096486
0.386788 0.702554 0.602670 0.662492 0.750197 0.265398 0.239071 0.453389 0.197767 0.552747 0.152338 0.096215
0.406801 0.651507 0.504954 0.738352 0.855560 0.286651 0.261020 0.411880 0.173214 0.616486 0.302849 0.079507
0.369101 0.758294 0.574545 0.676710 0.814284 0.358563 0.254229 0.404977 0.229296 0.593524 0.259565 0.135650
0.344943 0.657977 0.597474 0.630666 0.798014 0.308328 0.274252 0.384772 0.073862 0.504870 0.287943 0.006800
0.402581 0.674267 0.610147 0.653365 0.730525 0.200912 0.348619 0.331407 0.108712 0.563474 0.177449 0.111829
0.399708 0.717495 0.582324 0.664544 0.810980 0.236261 0.174012 0.432786 0.143685 0.564717 0.186932 0.223923
0.415003 0.643030 0.467243 0.653703 0.821440 0.272640 0.225725 0.409574 0.112101 0.568464 0.206841 0.136753
0.451711 0.678996 0.456580 0.650884 0.858040 0.243163 0.248526 0.428396 0.159521 0.556000 0.144111 -0.015655
0.381319 0.601284 0.561046 0.673076 0.707743 0.239283 0.298914 0.462073 0.179525 0.582087 0.165216 0.104923
0.389972 0.683128 0.437855 0.586773 0.839681 0.314768 0.218490 0.424450 0.261103 0.685821 0.126770 0.096763
0.380462 0.607769 0.575483 0.549799 0.777550 0.264943 0.196810 0.463278 0.086409 0.526913 0.218716 0.060769
0.383759 0.613209 0.489624 0.629412 0.806251 0.287990 0.282085 0.494108 0.176049 0.496789 0.203658 0.140300
0.354180 0.675565 0.529901 0.616029 0.748531 0.266291 0.152458 0.473899 0.206258 0.605838 0.300502 0.095737
0.479410 0.545755 0.487513 0.666552 0.809114 0.343538 0.249154 0.521829 0.186421 0.640848 0.145718 0.091934
0.426698 0.642503 0.544823 0.652855 0.778281 0.229121 0.240778 0.457225 0.188215 0.644952 0.233247 0.062217
0.400398 0.653022 0.411260 0.631649 0.728589 0.324840 0.271986 0.436078 0.131756 0.679019 0.159216 0.017956
0.477257 0.729893 0.536014 0.645874 0.821278 0.221603 0.237079 0.385223 0.147622 0.546766 0.176587 0.135079
0.425631 0.678919 0.527129 0.645242 0.799850 0.282786 0.214214 0.404080 0.209240 0.511027 0.225986 -0.007407
0.453392 0.670284 0.498673 0.669102 0.816729 0.282116 0.236626 0.483914 0.081539 0.647371 0.172919 0.126776
0.330327 0.614783 0.514095 0.637508 0.734432 0.292122 0.306780 0.492519 0.157189 0.535253 0.186808 0.069728
0.389830 0.663048 0.479378 0.636464 0.819106 0.127460 0.262172 0.363370 0.210619 0.516607 0.301621 0.091547
0.415458 0.655842 0.518510 0.710575 0.796251 0.306308 0.222268 0.463348 0.177170 0.633282 0.232431 0.068497
0.461313 0.702465 0.470015 0.552925 0.781320 0.297223 0.160104 0.442079 0.035336 0.677459 0.286281 0.031431
0.426627 0.649201 0.543867 0.709610 0.816283 0.322942 0.299985 0.400483 0.133971 0.562559 0.181676 0.082543
0.394060 0.581871 0.583434 0.664562 0.747726 0.236739 0.283411 0.445422 0.113788 0.580282 0.152911 0.135248
0.387506 0.601004 0.591301 0.687643 0.772368 0.262355 0.245908 0.447727 0.211524 0.624077 0.322781 0.077453
0.503269 0.682354 0.572088 0.619091 0.728930 0.278225 0.253463 0.434000 0.117580 0.598240 0.294655 0.094898
0.455080 0.629558 0.557111 0.628597 0.834931 0.205524 0.203843 0.485820 0.080219 0.596905 0.218063 0.129212
0.478664 0.707317 0.556543 0.666857 0.775614 0.282193 0.188143 0.369155 0.197936 0.625438 0.238787 0.174163
0.387031 0.683446 0.491781 0.631977 0.712127 0.271665 0.257488 0.399798 0.271673 0.607465 0.214137 0.146286
0.337349 0.642373 0.542143 0.663281 0.704342 0.407380 0.210059 0.476156 0.097696 0.548636 0.131230 0.117156
0.368526 0.684026 0.450556 0.688739 0.756914 0.208789 0.306512 0.460882 0.122083 0.554015 0.103165 0.097251
0.318161 0.663670 0.411488 0.717557 0.800761 0.296927 0.151397 0.397035 0.022291 0.505899 0.154869 0.035709
0.375679 0.678101 0.548216 0.651930 0.770696 0.239707 0.264919 0.441860 0.146323 0.500769 0.125013 0.106140
0.362826 0.672698 0.500356 0.653907 0.761418 0.254077 0.399888 0.373806 0.117383 0.537017 0.175979 0.122365
0.367581 0.643881 0.566123 0.671461 0.817494 0.237720 0.235477 0.564046 0.184253 0.531861 0.178440 0.127099
0.469152 0.727351 0.490656 0.745398 0.743822 0.317297 0.287790 0.431374 0.175723 0.638037 0.210250 0.069248
0.374403 0.686314 0.460753 0.582862 0.814951 0.290364 0.301866 0.560705 0.151852 0.507814 0.156296 0.148120
0.365693 0.610617 0.514123 0.637203 0.879217 0.380295 0.195540 0.365385 0.186757 0.577481 0.141424 0.055564
0.421997 0.664177 0.544082 0.652938 0.802208 0.226936 0.205737 0.346969 0.198806 0.547414 0.253816 0.125645
0.374398 0.544229 0.563294 0.696229 0.794036 0.164271 0.206554 0.364431 0.220125 0.595854 0.169557 0.139808
0.430731 0.774875 0.524355 0.524093 0.740440 0.213319 0.258826 0.435955 0.063450 0.568014 0.200867 0.062019
0.314633 0.723044 0.581962 0.612974 0.777840 0.261908 0.201414 0.489617 0.161639 0.530331 0.144401 0.228556
0.477546 0.620385 0.481931 0.667475 0.694645 0.236725 0.281167 0.402895 0.261347 0.522964 0.112914 0.144736
0.397452 0.671545 0.393081 0.709389 0.730387 0.236462 0.292736 0.337760 0.099394 0.577498 0.224423 0.167360
0.455546 0.606186 0.555237 0.595013 0.799184 0.298646 0.241700 0.414580 0.278426 0.647725 0.203611 0.107731
0.359562 0.659712 0.511040 0.624605 0.767672 0.292886 0.211305 0.477095 0.095684 0.627985 0.216252 0.136285
0.486263 0.641924 0.456187 0.680604 0.766177 0.202042 0.234702 0.435641 0.134994 0.547460 0.136377 0.062666
0.285182 0.669016 0.642047 0.578204 0.779800 0.241184 0.283607 0.469233 0.119564 0.563714 0.266149 0.076654
0.412777 0.708831 0.477290 0.698617 0.781203 0.297034 0.161323 0.503910 0.217783 0.552672 0.172926 0.059859
0.354405 0.660802 0.480628 0.733569 0.870484 0.233730 0.250924 0.434390 0.142340 0.545773 0.146983 0.125196
0.443480 0.681319 0.490282 0.639206 0.772492 0.203379 0.116040 0.502701 0.121888 0.552613 0.184811 0.124597
0.396660 0.641534 0.516480 0.696095 0.791525 0.281104 0.313477 0.403228 0.133243 0.509611 0.214854 0.036308
0.338840 0.589763 0.476494 0.624644 0.668247 0.252229 0.173016 0.470559 0.032122 0.601312 0.187142 0.129589
0.369698 0.709675 0.442490 0.723060 0.701968 0.281328 0.244044 0.380902 0.152304 0.526312 0.118566 0.074571
0.323100 0.628637 0.439530 0.678678 0.700518 0.248508 0.249035 0.449385 0.096705 0.598899 0.141921 0.152571
0.441950 0.689487 0.516467 0.620030 0.801484 0.323505 0.190527 0.419649 0.156886 0.591862 0.156210 0.109876
0.412681 0.594323 0.499075 0.679125 0.679942 0.234586 0.287459 0.507583 0.151110 0.546893 0.232495 0.076612
0.394385 0.616725 0.519898 0.584488 0.802168 0.193078 0.222477 0.439349 0.131961 0.572398 0.167922 0.151848
0.399490 0.668317 0.571882 0.650371 0.833502 0.310262 0.325116 0.500773 0.202161 0.552533 0.260566 0.039871
0.395329 0.696712 0.543211 0.625917 0.808246 0.231537 0.206268 0.461790 0.241299 0.559295 0.283930 0.193738
0.431180 0.603796 0.503943 0.683590 0.774706 0.273389 0.280818 0.447329 0.135137 0.586409 0.201894 0.194994
0.332263 0.527327 0.520489 0.583196 0.735709 0.340191 0.270132 0.426946 0.199742 0.574362 0.319647 0.045279
0.268370 0.671040 0.485949 0.735173 0.761635 0.291722 0.277379 0.446436 0.099329 0.530614 0.159012 0.201530
0.418193 0.675202 0.675862 0.592176 0.779931 0.291055 0.240842 0.478676 0.130048 0.550390 0.107303 0.022598
0.276677 0.663769 0.446696 0.716763 0.792839 0.408572 0.141554 0.453740 0.152898 0.643397 0.175811 0.104964
0.347487 0.557431 0.582273 0.612385 0.721137 0.346666 0.257196 0.378531 0.132126 0.615804 0.106584 0.096714
0.447086 0.638917 0.562549 0.622548 0.784526 0.203118 0.225765 0.519000 0.162614 0.535321 0.221597 0.033451
0.362518 0.643941 0.542365 0.739778 0.754875 0.253497 0.335435 0.492449 0.132828 0.533332 0.276173 0.065479
0.380288 0.600978 0.497740 0.674488 0.735185 0.199844 0.230454 0.411449 0.213717 0.604958 0.191503 0.113278
0.375047 0.694627 0.494308 0.757320 0.823988 0.332594 0.223606 0.370599 0.217842 0.508289 0.206350 0.166256
0.375048 0.628692 0.504233 0.681304 0.765663 0.236421 0.183551 0.392864 0.033482 0.580287 0.278241 0.061909
0.362473 0.656682 0.428006 0.687443 0.704458 0.201719 0.144577 0.416158 0.093170 0.583019 0.212180 0.103214
0.408201 0.699133 0.491643 0.668304 0.684349 0.372180 0.204590 0.414502 0.179341 0.610155 0.187348 0.110598
0.407742 0.737617 0.554710 0.557472 0.849915 0.229993 0.221187 0.404743 0.172760 0.580511 0.183679 0.110482
0.367399 0.594386 0.653731 0.659395 0.710448 0.223042 0.234358 0.480214 0.074911 0.600474 0.306164 0.080085
0.390403 0.560405 0.552119 0.688433 0.759166 0.238606 0.215322 0.492526 0.169118 0.533804 0.225171 0.082355
0.430735 0.489073 0.549029 0.653919 0.759694 0.250386 0.267139 0.528752 0.195018 0.483254 0.201509 0.141921
0.436497 0.673359 0.543586 0.653982 0.790252 0.240718 0.210796 0.500277 0.131431 0.470065 0.178298 0.127802
0.349386 0.668573 0.552588 0.636657 0.801756 0.286372 0.237820 0.424986 0.157042 0.492473 0.169063 0.188966
0.416531 0.669547 0.543812 0.611910 0.827577 0.246241 0.336349 0.434153 0.117315 0.621448 0.236926 0.109781
0.339875 0.574215 0.501713 0.693069 0.776121 0.212508 0.225465 0.348388 0.116853 0.504337 0.239308 0.116607
0.306517 0.626092 0.530220 0.805576 0.743912 0.228991 0.254963 0.550701 0.079966 0.592550 0.155920 0.126394
0.331602 0.675610 0.510882 0.615366 0.774403 0.328065 0.169360 0.536016 0.167499 0.464055 0.227731 0.016516
0.388755 0.636704 0.493108 0.749415 0.720722 0.253796 0.317636 0.452371 0.167501 0.602292 0.161204 0.085914
0.385375 0.579073 0.493951 0.605506 0.682607 0.275491 0.200329 0.449505 0.162175 0.535667 0.134258 0.168646
0.354437 0.661268 0.464919 0.563819 0.729686 0.276467 0.240194 0.510029 0.172821 0.531937 0.254339 0.137823
0.434429 0.550339 0.554960 0.599596 0.743917 0.348378 0.280176 0.550554 0.185994 0.562778 0.103548 0.097353
0.489914 0.660316 0.603190 0.586390 0.649574 0.281383 0.316193 0.430275 0.167567 0.511266 0.214485 0.146502
0.393672 0.570584 0.497921 0.736306 0.749175 0.301404 0.255335 0.427420 0.112868 0.592012 0.180528 0.066662
0.278717 0.600841 0.492597 0.702359 0.728631 0.305202 0.257247 0.435951 0.168390 0.522965 0.197166 0.091040
0.335273 0.600300 0.610443 0.613002 0.567941 0.292614 0.113141 0.482822 0.067947 0.579804 0.108635 0.058396
0.455456 0.690621 0.514460 0.692083 0.677039 0.311255 0.161265 0.526286 0.135374 0.539388 0.195635 0.046107
0.434440 0.613608 0.564851 0.686052 0.707841 0.306023 0.252874 0.447520 0.158365 0.551671 0.186135 0.098735
0.478074 0.577490 0.531687 0.682754 0.762019 0.294403 0.288145 0.478341 0.120382 0.556471 0.228988 0.117599
0.374422 0.668717 0.502693 0.694484 0.873802 0.265965 0.311925 0.462856 0.238290 0.590993 0.203205 0.044766
0.379649 0.637764 0.532581 0.654520 0.758490 0.239920 0.348435 0.384426 0.198836 0.589697 0.174081 0.110625
0.461582 0.641985 0.535711 0.676132 0.670457 0.242195 0.306484 0.403300 0.117337 0.655811 0.222175 0.006538
0.353823 0.621088 0.544931 0.683172 0.709215 0.233210 0.284246 0.456658 0.207664 0.550567 0.237116 0.158498
0.452588 0.609920 0.561977 0.547333 0.829175 0.336218 0.257466 0.470332 0.174741 0.591875 0.269282 0.085710
0.349078 0.641054 0.467056 0.654054 0.840528 0.259870 0.256391 0.352159 0.115375 0.634249 0.144142 0.128686
0.451442 0.652676 0.581099 0.685820 0.852460 0.319263 0.193091 0.357409 0.231945 0.611870 0.270132 0.060330
0.390036 0.664143 0.520994 0.679011 0.820774 0.259159 0.260100 0.459504 0.033075 0.567757 0.187988 -0.008608
0.486041 0.632760 0.561922 0.644430 0.747766 0.187082 0.218791 0.556195 0.135438 0.536546 0.259792 0.054549
0.509570 0.627611 0.557346 0.691961 0.770346 0.253634 0.323955 0.548343 0.209411 0.485642 0.139685 0.068161
0.476470 0.531466 0.566784 0.711368 0.801360 0.275254 0.172450 0.480534 0.179910 0.515944 0.192162 0.069482
0.460762 0.733593 0.478446 0.625518 0.852716 0.241340 0.207606 0.418775 0.096757 0.553716 0.203962 0.048813
0.395624 0.673633 0.625502 0.765132 0.828594 0.294213 0.271778 0.464648 0.210165 0.642460 0.222506 0.117459
0.342064 0.622166 0.594587 0.709961 0.761457 0.211226 0.218637 0.505186 0.190059 0.558619 0.202214 0.016921
0.298364 0.594451 0.477550 0.708738 0.741060 0.241639 0.265162 0.469480 0.115033 0.586198 0.176374 0.094677
0.382140 0.656698 0.547251 0.640726 0.751173 0.346002 0.120985 0.431493 0.166510 0.542554 0.172084 0.153770
0.412889 0.609389 0.559177 0.606203 0.762211 0.202043 0.282239 0.522067 0.240231 0.574593 0.200435 0.095109
0.385472 0.605404 0.458601 0.757046 0.784108 0.254708 0.178335 0.460220 0.150165 0.535716 0.212445 0.095152
0.299312 0.635684 0.574503 0.714909 0.678442 0.241917 0.200541 0.510651 0.149847 0.594312 0.277164 0.085669
0.418353 0.643072 0.514331 0.616444 0.800819 0.292419 0.204639 0.439094 0.135796 0.642270 0.111759 0.059763
1.018837 0.416896 1.142653 1.012737 0.988975 0.919094 0.210123 0.571939 0.187778 1.059643 0.591976 0.979500
0.925598 0.363430 0.904666 0.963805 0.970574 0.753494 0.274696 0.512166 0.115311 1.005539 0.628647 0.966790
0.933114 0.430589 0.946295 0.943918 0.928014 0.809286 0.314250 0.521514 0.044873 1.011383 0.614700 0.972320
1.018822 0.341722 1.063407 0.944790 0.969902 0.773220 0.215925 0.603847 0.142891 0.933022 0.577964 0.921509
0.961674 0.370222 0.957955 1.045763 0.990354 0.839487 0.255702 0.531063 0.136571 0.926746 0.759793 0.914812
1.031514 0.350825 0.888412 1.023931 0.996953 0.923134 0.272952 0.604300 0.107225 0.994310 0.689097 0.866905
1.028279 0.458642 1.018792 1.025330 0.887769 0.844629 0.258936 0.596418 0.121798 0.950334 0.758436 0.912613
0.926214 0.358409 1.007441 0.975731 0.989699 0.838441 0.267780 0.542284 0.118296 0.965567 0.595572 0.911691
1.019236 0.341575 1.001345 0.980031 0.958787 0.865547 0.308595 0.584220 0.143996 0.898793 0.664780 0.921816
0.974167 0.317942 0.925827 1.010151 0.862821 0.884468 0.261738 0.615632 0.133315 1.019378 0.654406 0.957296
1.087546 0.387280 0.981481 1.120815 0.985527 0.851544 0.301112 0.570963 0.069755 0.969736 0.612495 0.919887
0.951334 0.284922 0.963643 1.056010 1.005829 0.951266 0.233926 0.508427 0.167655 0.983744 0.641690 0.917983
0.912971 0.391227 1.083134 1.060774 0.962178 0.902121 0.234883 0.559835 0.190159 0.992223 0.714083 0.925782
1.038291 0.400197 1.001245 1.008246 0.977066 0.849800 0.260275 0.652793 0.191520 0.945653 0.595067 0.922576
1.007888 0.335038 1.006981 0.973054 1.040948 0.828066 0.206765 0.536314 0.056932 0.963030 0.644007 0.927369
0.928916 0.411330 0.978586 0.976798 1.028252 0.793194 0.303194 0.630409 0.115546 0.901157 0.717125 0.920001
1.012543 0.381871 1.055639 0.961629 0.969682 0.885030 0.239460 0.535416 0.086582 0.990674 0.621823 0.847052
1.030961 0.357501 1.059979 1.014323 0.980615 0.949931 0.271109 0.526897 0.062995 1.060179 0.676824 0.987343
0.902833 0.293567 1.047989 0.982862 0.922698 0.834522 0.191469 0.623418 0.117844 0.919862 0.721561 0.951687
0.970759 0.374173 0.906724 0.959780 0.991340 0.917083 0.314094 0.528827 0.121229 1.008320 0.828540 0.914503
0.958296 0.329802 0.980602 1.051011 1.032672 0.888952 0.310842 0.557354 0.120289 1.032914 0.748526 0.920505
0.986775 0.514446 0.962776 1.096713 0.910861 0.824343 0.232366 0.490570 0.114193 0.962542 0.635314 0.889986
1.050021 0.393989 1.048120 1.068789 1.103103 0.874539 0.250067 0.517944 0.052299 0.970250 0.767492 0.902300
0.939414 0.383065 1.037029 1.017775 1.077816 0.967414 0.250330 0.501798 0.138663 0.949612 0.717974 0.897193
0.949487 0.442678 1.006901 1.044463 0.945215 0.889907 0.297293 0.600394 0.080449 1.011682 0.692638 0.905699
0.954990 0.380892 0.985404 0.987521 0.886279 0.918889 0.284434 0.641147 0.065780 1.031447 0.632247 0.931370
1.059237 0.398731 1.028643 1.001702 0.939157 0.877073 0.229676 0.594531 0.058070 0.942604 0.612474 0.965014
1.014716 0.376602 0.939356 0.901735 1.002085 0.836092 0.196776 0.634402 0.075557 1.003093 0.675225 0.973728
1.106746 0.478758 0.987283 0.941693 1.115133 0.785321 0.299516 0.642955 0.064297 0.921195 0.735469 0.891568
0.987011 0.417515 0.963986 1.000166 0.972715 0.886301 0.227857 0.537984 0.197839 1.045839 0.762655 0.882944
0.917314 0.328527 0.939690 0.903992 1.063144 0.829732 0.295181 0.465475 0.123644 0.935984 0.688977 0.811645
1.062487 0.365981 0.980747 0.976351 0.958503 0.889028 0.259906 0.556656 0.157641 0.953365 0.659501 0.983842
0.958294 0.459500 0.987426 1.024037 0.960960 0.836898 0.329846 0.570038 0.214452 0.959309 0.672956 0.927150
0.959761 0.320101 0.919794 1.033210 1.031451 0.876980 0.292601 0.625799 0.128941 1.063670 0.765554 1.000825
0.939692 0.417314 1.000564 0.988118 0.928004 0.802432 0.210213 0.619917 0.157417 0.933231 0.652578 0.927753
0.997389 0.361049 1.083866 0.941724 1.030647 0.830195 0.166704 0.534840 0.158026 1.024282 0.763697 1.020364
0.988276 0.374011 1.075232 1.027535 0.962529 0.747485 0.218399 0.530718 0.081552 0.896926 0.686458 0.937661
1.021504 0.287793 1.057244 1.023409 1.038340 0.775009 0.301757 0.588554 0.070760 0.987650 0.585926 0.890615
1.007741 0.385672 0.977825 0.969010 0.974128 0.803469 0.278861 0.526510 0.172076 1.028517 0.663301 0.912149
1.005530 0.377059 1.003391 0.942393 0.976071 0.945823 0.277179 0.578611 0.255638 1.015267 0.769486 0.919325
1.031685 0.408967 0.930928 0.989349 0.909968 0.873722 0.231344 0.603911 0.052125 1.017208 0.606532 0.805118
1.018597 0.430053 0.978979 0.913171 0.975644 0.749506 0.296792 0.526978 0.085741 0.945102 0.635041 0.874159
0.998709 0.409002 0.994315 0.966270 0.980268 0.776250 0.259828 0.508678 0.059245 0.926537 0.687306 0.914367
1.006422 0.343938 1.002984 1.034107 0.946364 0.811671 0.281652 0.664628 0.078388 1.028836 0.653801 0.938246
0.938379 0.398023 1.014956 1.039622 0.914515 0.880498 0.317304 0.549280 0.105471 0.956521 0.612449 0.905284
1.057849 0.437568 0.942994 1.006507 1.097513 0.855090 0.306966 0.598783 0.103675 1.080769 0.649325 0.887144
1.089327 0.407304 0.947049 1.022312 0.970194 0.884294 0.287036 0.483249 0.074983 0.993031 0.664523 0.790323
1.123631 0.401318 1.025242 0.978644 1.067490 0.850411 0.309417 0.537403 0.178098 0.996774 0.658596 0.968130
1.064842 0.440979 0.987629 1.039316 1.089687 0.845073 0.284122 0.581419 0.127725 0.952741 0.681131 0.975212
0.964957 0.315998 0.888810 1.000573 0.907907 0.931563 0.278719 0.663774 0.134738 0.941410 0.710076 0.954460
1.010601 0.393606 1.022215 0.981434 1.031667 0.764440 0.450276 0.573980 0.080210 1.015372 0.630313 0.892790
1.100768 0.434997 0.937325 1.004707 0.982381 0.733840 0.310761 0.497427 0.170515 0.979649 0.729073 0.969450
1.030997 0.374624 0.920595 0.966389 0.959774 0.827973 0.294684 0.563599 0.110371 0.968591 0.644165 0.985307
1.023635 0.361174 0.996501 0.999567 0.925732 0.799523 0.238958 0.537494 0.187450 1.007659 0.687170 0.955728
0.983814 0.302675 1.017039 0.990353 0.932787 0.796585 0.299032 0.558943 0.110643 0.921623 0.685356 0.984582
0.972459 0.400762 0.992891 1.019845 1.046487 0.890127 0.288843 0.585981 0.128002 0.993104 0.709050 0.906564
0.983644 0.361720 1.027813 0.903642 0.988753 0.827624 0.243447 0.605182 0.171942 1.015408 0.663572 0.850250
0.997864 0.439746 0.961897 1.016443 1.015228 0.838931 0.236996 0.602534 0.004437 0.986503 0.674844 1.000313
0.887532 0.376117 1.043547 1.036021 1.017091 0.933169 0.238301 0.509576 0.144371 1.028683 0.660309 0.910611
1.072186 0.478066 0.968254 1.014654 0.953091 0.826267 0.293588 0.606206 0.055945 1.002484 0.750090 0.935754
1.079797 0.384017 0.974878 0.891090 0.926738 0.866250 0.275298 0.577259 0.122389 1.054081 0.657082 0.950584
1.005388 0.349728 0.976449 0.887154 0.978631 0.835691 0.339532 0.546765 0.099458 1.011019 0.729792 0.910290
0.920745 0.331266 0.953072 0.988452 0.967067 0.781146 0.252282 0.567144 0.139460 1.005500 0.682714 0.911617
1.001386 0.376269 0.994631 0.962670 0.897377 0.827135 0.323018 0.583076 0.138175 0.977445 0.669197 0.886173
1.075671 0.356053 0.840170 0.943434 1.022026 0.845663 0.250887 0.612232 0.091336 1.051766 0.661607 0.914207
1.028115 0.395293 0.999684 1.027690 1.021395 0.801552 0.334489 0.530522 0.049960 0.947616 0.612906 1.039970
1.057855 0.311718 0.978625 0.910550 0.976679 0.862560 0.297006 0.560804 0.060070 0.853317 0.727040 0.937203
0.979689 0.377497 0.921412 0.866795 0.958143 0.770596 0.276509 0.589729 0.192858 1.025520 0.591148 0.935920
0.994598 0.438896 0.981847 0.943199 0.945704 0.853991 0.266952 0.496013 0.027163 1.042102 0.768016 0.889359
0.926804 0.397504 0.947836 1.075761 0.919132 0.898826 0.392259 0.541457 0.072773 0.905666 0.733167 0.998996
0.955368 0.312545 1.052338 0.968008 0.993692 0.877459 0.237685 0.537459 0.137998 1.007762 0.652381 0.878778
0.986175 0.471327 0.989326 1.014246 0.906526 0.894082 0.255599 0.599208 0.085811 1.003344 0.668807 0.918188
0.991226 0.345458 1.033243 0.896045 0.997863 0.779054 0.266991 0.583090 0.099724 0.946320 0.707874 0.868493
0.936058 0.383777 0.974676 0.952812 1.006446 0.747013 0.206820 0.621346 0.046887 1.032603 0.727117 0.915682
1.016388 0.400219 1.025212 0.939243 0.946020 0.828842 0.228235 0.502643 0.021679 1.047023 0.681287 0.945479
1.071922 0.435561 0.996148 0.970452 1.021599 0.851132 0.298875 0.562357 0.247816 1.115189 0.717831 0.930344
0.992544 0.443600 0.997384 1.010616 0.954282 0.823943 0.300207 0.593646 0.138293 0.974258 0.554846 0.980587
0.976749 0.385814 0.967762 1.001889 0.915926 0.850843 0.307181 0.615854 0.224813 0.883532 0.704340 0.998388
1.011908 0.321309 1.028283 1.010203 0.926048 0.935074 0.281416 0.546699 0.175320 0.965036 0.682954 0.964359
1.040832 0.383456 1.006720 0.985800 0.918134 0.826209 0.259437 0.624212 0.100317 1.034317 0.686854 0.939486
0.968469 0.420755 0.967997 0.963032 1.057672 0.840684 0.193326 0.571490 0.124590 1.038235 0.637057 0.913354
1.032481 0.296384 0.970776 1.020463 0.988764 0.799685 0.304774 0.577264 0.146228 1.015006 0.679087 0.889669
0.925347 0.384200 0.998632 0.955049 0.914325 0.803412 0.193700 0.655002 0.079402 1.013981 0.676394 0.882563
0.984379 0.409493 1.027426 0.978236 1.002931 0.835733 0.319979 0.529650 0.133241 0.999388 0.702981 0.925624
1.000712 0.406517 0.855412 0.942617 0.995119 0.869858 0.254815 0.567004 0.088297 1.118202 0.661631 0.997655
0.990565 0.429644 0.994820 1.018528 0.975682 0.832823 0.279432 0.541298 0.121816 0.881729 0.735374 0.894313
1.021557 0.392775 0.928771 1.073778 0.926310 0.772198 0.244681 0.561207 0.110548 0.976769 0.713878 0.977307
1.101668 0.418723 0.894050 0.983096 1.071646 0.838079 0.228498 0.575849 0.079217 1.026825 0.725248 0.931438
0.984969 0.400021 0.911483 1.010984 0.947789 0.825436 0.262811 0.577581 0.194501 1.091570 0.703539 1.004641
1.019433 0.293322 1.036149 1.029495 0.976630 0.881398 0.211353 0.605771 0.078381 1.010733 0.686613 0.856491
0.985953 0.365929 0.933935 1.054373 0.906083 0.835720 0.375238 0.537380 0.176449 0.975826 0.694525 0.872031
0.939596 0.454926 0.944788 0.975967 1.009016 0.945937 0.341447 0.494707 0.173701 0.993109 0.675057 0.876988
1.053552 0.389303 0.962002 0.953232 0.941316 0.795070 0.353991 0.545020 0.248692 0.974698 0.676873 0.927189
1.002338 0.448148 1.008539 0.885390 0.985477 0.966629 0.176726 0.561132 0.212731 0.979304 0.762696 0.879006
0.969280 0.391355 0.946044 1.023222 0.935017 0.830455 0.284956 0.586765 0.094768 1.076600 0.680226 0.912532
1.009577 0.429713 0.976958 0.990208 0.910907 0.896557 0.220509 0.475539 0.100209 1.030283 0.692730 0.954095
1.072829 0.370286 0.960463 1.014724 0.962057 0.891772 0.271030 0.542145 0.099041 0.970563 0.709316 0.924266
0.972920 0.359752 0.995655 0.974327 0.947227 0.817597 0.343981 0.611166 0.092151 1.090745 0.662432 0.980863
0.989748 0.367245 0.988611 1.013606 1.053792 0.802967 0.316699 0.555425 0.084066 0.966008 0.776277 0.891283
0.961460 0.339512 0.977325 1.097470 0.984276 0.819288 0.376597 0.516571 0.090002 0.917912 0.752141 0.850519
1.016375 0.363141 0.993803 0.983381 0.927330 0.814790 0.272910 0.680112 0.170786 0.997421 0.709385 0.834929
1.056907 0.342293 1.015997 1.044189 1.066190 0.834098 0.351982 0.614491 0.136739 0.945636 0.680734 0.818489
0.973961 0.410676 1.001810 0.952463 0.956664 0.787447 0.272895 0.483256 0.174249 0.978742 0.720949 0.890259
0.966684 0.397683 1.000801 0.980512 1.019201 0.792578 0.232666 0.592808 0.153882 0.979173 0.659617 0.930902
0.993164 0.417137 0.968639 1.042404 0.962525 0.853530 0.303517 0.609502 0.201090 0.989582 0.689347 0.974244
1.012954 0.419541 0.924522 0.984605 0.940609 0.837942 0.352008 0.642447 0.182919 1.038470 0.707065 0.933734
0.936108 0.354007 1.015597 0.989342 1.020299 0.874105 0.314196 0.510047 0.129724 0.996733 0.630188 0.990351
1.030579 0.327729 1.000781 0.949348 0.982464 0.755903 0.290464 0.657499 0.141993 0.960781 0.759551 0.824313
0.986792 0.387390 1.154329 0.947329 0.926632 0.827487 0.318661 0.552579 0.141222 1.019299 0.785548 0.868745
0.915991 0.339927 1.054785 1.050009 1.025205 0.933586 0.279311 0.570158 0.161843 0.975304 0.713197 0.961546
0.994902 0.383667 1.033854 0.989810 0.889907 0.855728 0.316067 0.469538 0.141737 0.932624 0.726731 0.896976
0.984595 0.378754 0.916837 1.013133 0.911177 0.796726 0.258922 0.502655 0.136678 0.928926 0.709595 0.955196
0.981978 0.387729 0.959415 0.969848 0.922985 0.738625 0.305836 0.579680 0.186087 1.026652 0.784019 0.841928
0.929333 0.390034 0.992065 0.926633 1.000550 0.777447 0.152698 0.504431 -0.008518 1.053246 0.778153 0.955217
1.047749 0.360721 1.008770 1.000785 0.949245 0.826197 0.356361 0.609030 0.123589 1.031897 0.685011 0.976917
0.968133 0.340251 0.912415 1.063313 0.886978 0.825630 0.282254 0.600377 0.164670 0.980090 0.678463 0.867110
0.986436 0.386410 1.007203 1.045165 1.029502 0.805650 0.238061 0.603142 0.132453 1.040163 0.644315 0.882155
0.969480 0.278223 1.023122 1.059074 0.912323 0.715473 0.233478 0.616677 0.035063 0.966224 0.635621 0.893252
0.947098 0.373169 0.961792 0.981811 0.898834 0.872990 0.350828 0.591771 0.058079 0.905098 0.729729 0.936985
0.957026 0.356307 1.034080 0.995264 1.024943 0.771392 0.274492 0.658980 0.086372 0.965129 0.618267 0.939033
1.089834 0.431845 1.029388 1.023848 0.913808 0.928111 0.238315 0.603824 0.166967 1.101229 0.710499 0.949196
1.067637 0.422283 0.902747 1.029988 0.976801 0.773052 0.287061 0.523392 0.179613 0.965692 0.784243 0.937101
1.030966 0.353426 0.967621 1.034779 0.998546 0.876556 0.288879 0.598408 0.138091 1.014146 0.702227 0.877325
0.960302 0.374074 0.998843 1.035121 0.958902 0.849251 0.273417 0.464338 0.109117 1.033319 0.681827 0.825092
0.948049 0.323056 0.964596 1.001918 0.988582 0.808615 0.256901 0.512340 0.042150 0.943698 0.704644 0.919589
1.015462 0.401053 0.968684 1.022551 0.881806 0.853983 0.287594 0.588895 0.087927 0.970150 0.681270 0.947205
1.022048 0.452584 1.057063 0.993680 0.945399 0.771210 0.321547 0.527805 0.177886 1.074869 0.689162 0.860272
1.038324 0.347367 0.944210 0.944509 0.937518 0.763408 0.329237 0.610548 0.069977 1.007192 0.650079 0.930199
0.884705 0.321466 0.919583 1.100653 1.014806 0.928823 0.344428 0.609484 0.020112 1.015614 0.697909 0.958684
0.937891 0.408880 0.887063 1.048998 1.017664 0.880967 0.252969 0.587896 0.002964 0.950386 0.678290 0.908744
1.063965 0.319904 0.928862 0.950736 0.976190 0.827379 0.196487 0.567252 0.155804 1.062285 0.782721 0.815127
0.982785 0.350931 0.960927 1.034734 1.029289 0.832282 0.274074 0.460200 0.090982 0.971200 0.634986 0.941039
0.915120 0.355700 0.994605 0.953901 0.948556 0.859832 0.196988 0.449994 0.133367 0.966548 0.585706 1.026832
0.929109 0.414786 0.989247 1.087476 0.986996 0.823346 0.260897 0.611950 0.149045 0.944354 0.694629 0.879607
1.061490 0.350879 0.940279 0.938703 1.030941 0.796499 0.256104 0.611077 0.117846 1.002014 0.599906 0.936089
0.993206 0.554748 1.068252 1.061889 1.054066 0.972034 0.272483 0.581657 0.211763 0.960229 0.731763 0.952009
0.996377 0.378077 0.921473 1.060863 1.003375 0.872592 0.360210 0.472391 0.177467 1.003534 0.727292 0.914367
1.061301 0.305004 1.039507 0.955089 0.930173 0.823336 0.312847 0.544160 0.149840 1.032964 0.755027 1.000068
0.997719 0.413420 0.966270 0.953750 0.973419 0.877841 0.247418 0.613456 0.189531 0.891565 0.633577 0.952537
0.981503 0.348499 0.991326 0.942906 1.001862 0.758398 0.306603 0.579597 0.209064 0.992122 0.665824 0.910915
0.991077 0.379638 0.982801 0.987991 0.974446 0.841240 0.297635 0.497939 0.072993 1.013678 0.753952 0.902714
1.053284 0.286582 1.024776 1.011785 0.936276 0.876387 0.324048 0.538207 0.125726 1.001027 0.703061 0.954061
0.987336 0.425335 1.015088 0.953335 1.002024 0.924822 0.289818 0.503627 0.206507 1.018624 0.761746 0.923366
1.083533 0.415599 1.009498 1.051451 1.000739 0.880412 0.288051 0.610405 0.200471 0.943231 0.685152 0.886357
1.011390 0.462251 1.008292 1.004007 1.018419 0.880468 0.302737 0.499530 0.155624 0.979090 0.727559 0.869396
1.021219 0.322635 0.974481 0.991377 0.883886 0.769286 0.228007 0.673269 0.077354 1.006850 0.627134 0.967612
1.030321 0.361486 0.903481 1.051682 0.943471 0.896498 0.322699 0.464666 0.190736 1.066134 0.707077 0.961292
0.982944 0.341879 0.977645 0.996861 0.966680 0.843917 0.356596 0.544561 0.097020 1.041887 0.697066 0.976497
0.984428 0.371988 0.897999 0.907407 0.930797 0.815515 0.302981 0.583752 0.101943 1.071115 0.778700 0.912597
0.911928 0.459957 1.033661 1.024452 0.961529 0.848458 0.280383 0.534106 0.197686 0.985716 0.722235 0.884055
1.011278 0.399974 1.020534 0.920563 0.988932 0.836154 0.314757 0.569795 0.161466 0.996708 0.765469 0.913906
0.992540 0.487121 1.002902 0.950581 1.044209 0.813852 0.295662 0.606520 0.080562 1.024333 0.760024 0.855744
1.009251 0.354283 1.006720 1.052536 0.929826 0.950153 0.214700 0.529222 0.067919 0.988313 0.757664 0.927923
0.988064 0.354082 0.944067 0.916004 0.911851 0.851520 0.238231 0.457658 0.088742 1.037156 0.776463 0.883722
1.051729 0.388600 0.914081 1.088363 1.032279 0.895633 0.338856 0.530869 0.088813 0.923080 0.670914 0.879284
1.090402 0.469124 0.930306 0.948760 0.943982 0.811178 0.258284 0.590924 0.058894 0.954203 0.690227 0.873405
0.930074 0.403838 0.959321 0.958183 0.957646 0.803450 0.312883 0.591315 0.086794 0.942397 0.633328 0.943941
0.920692 0.354574 0.974737 0.975385 0.946999 0.866983 0.241774 0.610360 0.178170 0.989715 0.583186 0.947565
0.980203 0.342723 1.016569 0.954225 0.917145 0.790141 0.228727 0.526426 0.163039 1.022251 0.720489 0.906487
0.922815 0.369423 0.943130 0.954730 0.969211 0.934221 0.309822 0.504254 0.122801 1.011025 0.706852 0.938649
1.011464 0.394326 1.038407 1.082985 1.085432 0.882939 0.289004 0.659645 0.206361 1.027874 0.786288 0.887228
1.033298 0.421582 0.999053 1.058547 0.990121 0.895612 0.293482 0.561514 0.143915 1.005030 0.662530 0.845850
1.138284 0.344565 0.989069 1.011318 0.922904 0.885228 0.252369 0.653491 0.125216 1.017503 0.693220 0.995907
0.985870 0.378100 0.930686 0.953710 1.062629 0.960850 0.200457 0.609080 0.159920 0.877679 0.623808 0.890626
1.037093 0.398110 0.996285 0.986715 0.933573 0.849054 0.145571 0.616875 0.021346 0.921454 0.677305 0.931159
0.885101 0.391785 0.996299 1.025833 0.967024 0.806402 0.251635 0.531126 0.099394 1.054098 0.664358 0.973451
1.013794 0.354557 1.004095 0.998023 0.952120 0.791668 0.281181 0.592860 0.164778 0.966871 0.658690 0.865951
0.992303 0.410315 0.926736 0.973260 0.955892 0.958492 0.243362 0.543188 0.125121 0.940005 0.712313 0.852442
0.987210 0.352869 0.966235 0.968703 0.947328 0.804502 0.302805 0.638261 0.049960 0.987973 0.707003 0.952354
1.059235 0.370119 0.941589 1.028068 0.984274 0.812174 0.281166 0.542834 0.096591 1.106371 0.671965 0.890942
1.017148 0.345196 1.023726 1.020477 0.951690 0.843510 0.243794 0.525859 0.098070 1.094250 0.718417 0.891192
1.069296 0.448323 0.993468 0.902317 0.937113 0.769551 0.306824 0.513659 0.149634 1.049139 0.673274 0.830559
0.923775 0.369314 0.871744 1.003064 0.925763 1.022945 0.268784 0.595207 0.128048 0.886581 0.693625 0.868641
0.976982 0.331573 0.942378 0.934620 0.946071 0.895209 0.257428 0.590143 0.115453 1.053632 0.693662 0.944328
0.932433 0.437820 0.971249 0.877978 0.967735 0.837886 0.314701 0.577008 0.029069 1.083941 0.681101 0.927817
0.960397 0.385458 0.958106 0.968053 0.937546 0.829224 0.329969 0.558226 0.091519 1.072466 0.634651 0.872695
1.001328 0.357185 0.955852 0.916062 0.957592 0.882167 0.240812 0.677673 0.025812 1.015189 0.629689 0.980084
1.069738 0.337923 0.954091 0.907910 0.961513 0.896520 0.297544 0.552614 0.165634 0.916264 0.680764 0.961855
1.041781 0.409613 0.998727 1.007118 0.964937 0.779586 0.273995 0.462597 0.067701 0.990095 0.724120 0.889556
0.911924 0.415239 0.993209 0.960710 0.904194 0.810301 0.203758 0.574085 0.174277 0.930666 0.700209 0.984613
0.938594 0.354748 0.972536 0.954899 1.002229 0.784715 0.299621 0.526070 0.157282 0.987659 0.743126 0.894308
0.996601 0.257877 1.144875 0.978883 0.918067 0.809265 0.281381 0.606631 0.085806 0.980490 0.622527 0.846323
0.924356 0.352524 0.950420 1.027857 1.026331 0.929094 0.290762 0.577766 0.145575 0.935779 0.655070 0.934845
0.998602 0.271084 0.989191 0.981035 1.000926 0.769557 0.292142 0.528327 0.101118 0.913665 0.622390 0.865172
1.005061 0.326174 0.931658 1.020930 1.008684 0.902399 0.156501 0.512112 0.113987 1.054351 0.757280 0.872299
1.002528 0.428156 0.895456 0.986196 1.046503 0.776148 0.259473 0.599187 0.163574 1.001949 0.666251 0.934258
1.003726 0.296820 0.954719 1.022153 0.981562 0.736264 0.236783 0.549862 0.217747 1.016832 0.701864 0.906188
0.953799 0.341520 1.042241 1.030539 1.039403 0.822856 0.298764 0.593381 0.087549 0.941062 0.656639 0.930199
1.057823 0.285655 0.971231 1.056277 1.000875 0.792239 0.202945 0.474224 0.111331 0.970858 0.737942 0.912159
0.988057 0.441165 0.946701 0.960670 0.995440 0.925839 0.247565 0.529233 0.203205 1.006100 0.721607 0.854855
0.928099 0.428297 1.061148 1.009107 1.000217 0.817425 0.224993 0.625036 0.169979 1.010955 0.700463 0.981863
1.044443 0.400170 0.968367 0.962302 0.896047 0.842353 0.391525 0.607202 0.096220 0.985855 0.713043 0.956999
0.935239 0.411741 0.968686 0.973553 0.853738 0.822589 0.242845 0.495012 0.203956 0.987617 0.659175 0.897584
0.983527 0.381622 1.009444 0.970258 1.037276 0.908407 0.294868 0.556252 0.149646 0.978253 0.644382 0.909589
0.991931 0.380595 0.989999 0.975363 1.034653 0.896627 0.327000 0.476082 0.196664 1.131443 0.682056 0.919266
1.005206 0.433556 1.000258 0.930733 0.993223 0.881188 0.255137 0.504450 0.249717 0.952389 0.666048 0.855430
0.985675 0.345636 1.004492 0.958645 1.005272 0.905088 0.224000 0.538027 0.106222 0.993616 0.632115 0.974584
1.044579 0.343981 1.026142 1.043690 0.970894 0.830053 0.221021 0.473354 0.123555 1.006456 0.756269 0.990295
1.036440 0.359043 0.946218 1.044418 1.094031 0.864411 0.288450 0.583679 0.097157 1.078158 0.671951 0.895554
1.038395 0.417431 0.988796 0.932013 0.946248 0.838546 0.245648 0.520404 0.137652 1.012610 0.696545 0.945743
0.986059 0.386409 0.920655 1.077004 0.963595 0.838210 0.249267 0.556492 0.132330 0.976914 0.739923 0.946537
0.969929 0.359261 1.029393 1.091196 1.069065 0.793297 0.254216 0.556484 0.153883 0.954839 0.693492 0.914741
1.059265 0.386731 0.983541 0.935988 0.980951 0.807682 0.306969 0.543517 0.095133 0.975721 0.715190 0.938246
0.936515 0.344444 1.027854 0.957429 1.040340 0.848681 0.310940 0.637141 0.163944 0.988280 0.688179 0.889515
1.010402 0.291180 1.077316 1.012547 0.857592 0.932267 0.323040 0.664609 0.117286 0.944443 0.705950 0.824798
1.084706 0.411361 0.965624 0.943232 1.046363 0.910138 0.245753 0.566761 0.012780 0.969651 0.744143 0.959138
1.089804 0.422680 0.926471 1.100834 0.895791 0.924096 0.193997 0.580730 0.139092 0.969349 0.713918 0.993054
1.017720 0.386643 0.893774 0.980295 0.949585 0.785787 0.240163 0.579601 0.102727 0.986724 0.739181 0.938000
0.922653 0.449941 0.827809 1.008288 0.922061 0.837893 0.288517 0.559285 0.126448 1.020432 0.604874 0.910353
0.930599 0.327770 0.992998 0.953120 0.907304 0.729117 0.270896 0.544148 0.048123 0.931433 0.627367 0.899810
0.931988 0.401179 0.987194 0.954895 0.997293 0.861304 0.249812 0.511812 0.140291 1.059742 0.674585 0.990441
1.077969 0.395222 1.057060 0.897624 0.910046 0.837631 0.309499 0.605456 0.140965 0.877723 0.758912 0.845474
1.085728 0.392808 0.961435 0.998271 0.904502 0.812792 0.279605 0.490616 0.172326 0.995928 0.683037 0.912397
1.021007 0.358584 1.039933 1.024034 0.921882 0.942324 0.306632 0.533135 0.155008 0.988361 0.611463 0.994185
0.940941 0.395741 0.961913 0.971601 0.946371 0.807723 0.180459 0.633538 0.168445 1.019678 0.711798 0.902229
0.951692 0.352197 0.914798 1.045461 1.034102 0.849195 0.335818 0.501992 0.075381 0.902800 0.708710 0.916040
0.967490 0.343280 1.049398 0.900053 1.052509 0.891817 0.238131 0.605374 0.183721 1.011683 0.661020 0.904198
0.992557 0.473294 0.929172 1.013316 0.909236 0.863592 0.311467 0.660690 0.229921 0.914337 0.690414 0.916869
0.906769 0.382357 1.010945 0.976055 1.017471 0.872207 0.215392 0.528553 0.136182 0.927317 0.735245 0.962137
0.914950 0.441373 0.937121 1.007421 0.963162 0.901410 0.244244 0.613772 0.179085 0.936926 0.713910 0.951615
1.013237 0.338940 0.967144 1.029596 1.000913 0.845837 0.210493 0.552991 0.093070 0.967736 0.569782 0.911542
0.987438 0.420547 0.882855 1.089040 0.958201 0.841042 0.355233 0.575074 0.115792 1.018837 0.741331 0.992630
1.039334 0.332502 0.924613 0.982193 0.926102 0.937581 0.233870 0.453481 0.183683 0.977476 0.693415 0.833533
1.006486 0.379737 0.972834 0.988893 0.915508 0.849535 0.220065 0.511789 0.154797 1.104087 0.676780 1.004514
0.948651 0.379461 1.045185 0.985208 0.994524 0.876559 0.310795 0.507357 0.129207 1.012547 0.698793 0.897762
1.022195 0.363743 0.880121 1.043691 1.075675 0.766690 0.232676 0.453096 0.083258 0.945979 0.688473 0.890962
0.912098 0.372954 0.976750 1.002430 0.945181 0.829147 0.316400 0.505666 0.148941 0.934469 0.713863 0.923816
1.081354 0.358711 1.031127 0.937674 0.875945 0.839641 0.307890 0.556030 0.163188 1.039758 0.658758 0.833857
0.996607 0.480515 0.952172 0.951741 0.918623 0.892001 0.311520 0.558156 0.093770 1.028186 0.679267 0.920266
0.970437 0.193965 1.008702 1.052721 1.016237 0.869700 0.191967 0.502745 0.148714 1.051630 0.639795 0.984578
0.924063 0.436395 1.002815 1.069262 0.864089 0.771645 0.272776 0.527792 0.168390 1.003586 0.645878 0.922683
1.033500 0.370480 0.998697 0.964221 0.906785 0.947913 0.323500 0.560146 0.100355 1.066942 0.690938 0.979716
0.951669 0.430505 1.101786 1.040593 0.896673 0.894229 0.315342 0.670792 0.179653 0.921414 0.656629 0.850381
0.957506 0.428623 1.024755 0.988245 0.871099 0.822719 0.234931 0.588371 0.166960 0.973609 0.633817 0.957588
1.041256 0.415750 1.017316 1.018311 0.927454 0.801049 0.259945 0.529203 0.105186 0.956101 0.698539 1.006671
0.991034 0.403579 0.975504 1.080018 0.874876 0.766212 0.182997 0.499933 0.132637 0.993948 0.648516 0.920441
1.036631 0.343925 1.007397 1.020552 1.009705 0.908724 0.202974 0.474091 0.096870 1.081227 0.737326 0.933392
0.966562 0.416303 1.041403 1.073736 1.024167 0.811576 0.266639 0.621161 0.078612 0.972901 0.641070 0.940375
0.967352 0.423601 0.986981 0.913906 0.960113 0.840235 0.294951 0.512106 -0.005787 1.059843 0.687725 0.975710
1.047271 0.332926 1.018693 0.933228 0.896697 0.826114 0.295358 0.637655 0.063971 0.980229 0.687795 0.935141
1.067327 0.369282 0.920954 1.021053 0.980347 0.917704 0.347850 0.537413 0.175954 0.938065 0.640975 1.021710
0.992541 0.395604 1.015238 0.969271 1.014130 0.811721 0.257783 0.613554 0.063423 0.938201 0.740771 0.878109
1.028042 0.372942 0.992378 0.931948 1.039083 0.850614 0.338697 0.522665 0.146679 1.005473 0.593811 0.867298
1.031361 0.383086 0.975237 0.956319 0.887985 0.908023 0.353935 0.603530 0.127830 0.982498 0.727274 0.975630
1.000297 0.280367 0.971198 1.036790 0.959150 0.900768 0.264314 0.471477 0.232093 0.929279 0.745207 0.858457
1.026606 0.281506 0.956357 1.023992 0.965086 0.806011 0.211330 0.571377 0.151468 1.016459 0.656085 0.956718
0.993951 0.356514 0.932539 0.961352 1.014203 0.854986 0.211945 0.529068 0.079083 0.877274 0.648573 0.828253
0.983454 0.379943 0.936607 1.030499 0.872935 0.825016 0.204783 0.567710 0.053220 1.124155 0.689590 0.845998
0.952682 0.391099 1.114868 0.980856 0.970100 0.947730 0.290792 0.522990 0.077376 1.007183 0.718179 0.936078
0.984029 0.345725 0.959023 0.943677 0.891087 0.884914 0.268551 0.620002 0.239319 1.016622 0.658837 0.911134
0.941202 0.482255 1.015233 1.016698 0.923559 0.853429 0.299431 0.527511 0.170306 0.892587 0.679344 0.906015
1.027165 0.366211 0.964257 1.012072 0.931517 0.892355 0.273698 0.677176 0.081835 1.026840 0.656849 0.877618
1.069597 0.355327 0.993323 1.026686 0.960395 0.773115 0.300682 0.585455 0.129530 0.981471 0.752976 0.979046
1.060488 0.409727 1.018234 0.973351 1.070927 0.906923 0.307526 0.454735 0.062233 1.011151 0.733714 0.931903
0.925923 0.418379 1.013702 1.033421 0.864280 0.867822 0.260013 0.512809 0.059679 0.952605 0.624327 0.950060
0.970931 0.372517 1.006635 1.067549 1.039948 0.863914 0.222509 0.510289 0.059711 0.920536 0.628696 0.964247
0.952144 0.364873 1.068228 1.092551 1.004418 0.769574 0.287708 0.470103 0.062991 1.060944 0.658745 0.960466
1.083824 0.277368 1.000770 1.000116 0.939018 0.757031 0.289665 0.588240 0.089950 1.019300 0.608769 0.873769
0.968705 0.347443 0.938529 0.979127 0.973938 0.870503 0.246129 0.610118 0.066556 1.040266 0.740735 0.865436
1.060508 0.354744 0.924470 0.980664 0.967869 0.773306 0.268633 0.536685 0.234019 1.016792 0.687310 0.891526
1.048632 0.403300 0.978950 1.024048 0.988238 0.829377 0.202651 0.570648 0.180007 0.960246 0.656774 0.938501
0.947868 0.423505 1.015201 1.029173 0.841631 0.769269 0.358139 0.551291 0.140006 0.977571 0.709225 0.956558
1.006766 0.360925 1.008956 1.013318 0.978217 0.849287 0.283724 0.500283 0.165389 1.023759 0.713330 0.874031
1.087999 0.385867 1.079750 1.067679 0.926978 0.816070 0.198853 0.589095 0.091069 0.970296 0.737613 0.987439
1.004788 0.328426 1.079163 0.989928 0.933169 0.757675 0.308125 0.539866 0.126633 1.010515 0.697247 0.970841
0.936322 0.391154 0.950837 1.011098 1.017596 0.869248 0.277651 0.520380 0.164219 0.963390 0.675335 0.813317
0.968035 0.417331 1.032162 1.001763 0.967767 0.770812 0.275652 0.513825 0.270238 0.953090 0.612416 0.926551
0.992364 0.349093 1.019854 0.991558 0.899076 0.788375 0.272833 0.632789 0.140696 1.018869 0.709209 0.872373
0.869475 0.414718 1.060691 0.959176 1.018540 0.858852 0.234604 0.544439 0.191953 0.990133 0.640482 1.001680
1.006846 0.389150 1.054563 0.999870 0.962854 0.969979 0.308938 0.552515 0.154940 0.910721 0.690908 1.014585
1.038267 0.427660 0.966358 0.931918 1.014695 0.885940 0.268405 0.565977 0.032544 0.968075 0.717640 0.884233
1.089756 0.459638 1.098182 1.034035 0.903701 0.798108 0.237753 0.543156 0.050895 0.948367 0.721398 0.954114
0.981437 0.364026 0.989117 0.967944 0.798542 0.853828 0.257524 0.569397 0.193109 1.001285 0.717949 0.983038
0.983058 0.369951 1.051677 0.977998 0.894703 0.827632 0.204164 0.514374 0.106615 1.006340 0.740959 0.962831
1.044864 0.370197 0.922699 1.005053 0.896026 0.837339 0.223892 0.522342 0.187570 1.020973 0.731792 0.846712
1.016612 0.361152 0.930254 0.994635 0.947529 0.797594 0.295339 0.568948 0.113008 0.971135 0.693035 0.879744
0.960210 0.412800 1.067297 1.048830 0.914943 0.852194 0.286734 0.659602 0.132597 0.966829 0.778614 0.916174
1.051439 0.389736 0.976824 0.882681 0.976502 0.862217 0.318241 0.533668 0.120164 0.992730 0.808970 0.882343
0.966536 0.413771 0.951023 0.935573 0.955699 0.793358 0.154333 0.550776 0.191478 1.109940 0.638379 0.888773
0.972445 0.342736 0.990341 0.941392 0.944801 0.876699 0.277130 0.523411 0.153232 0.953348 0.674928 0.948872
0.973167 0.358522 0.952108 0.912279 0.901654 0.910768 0.243404 0.542031 0.124521 1.013919 0.787966 0.956021
0.910238 0.431210 0.885009 1.055278 1.060262 0.883295 0.308283 0.616373 0.156454 0.942078 0.593978 0.918149
1.005608 0.286314 0.904433 1.054754 0.914281 0.833639 0.325973 0.530260 0.130728 1.007940 0.687594 0.756603
1.068271 0.480489 1.022830 0.922696 0.961364 0.784196 0.308246 0.480738 0.159459 1.021518 0.695058 1.003059
1.018107 0.467932 0.996726 0.979840 0.939720 0.760001 0.292052 0.598649 0.129557 1.092650 0.685242 1.047449
0.917213 0.295465 0.974860 0.967115 1.028596 0.813088 0.294223 0.616088 0.167684 1.021610 0.647094 0.927662
1.077330 0.493609 1.078564 0.924425 0.997075 0.845088 0.255604 0.522768 0.064506 1.060622 0.701004 0.897947
1.048225 0.412983 0.993772 1.103100 1.005221 0.798798 0.326756 0.568169 0.138337 0.960108 0.599902 0.967734
0.971326 0.426007 0.973816 1.053705 0.974031 0.870840 0.258624 0.636155 0.219735 0.863283 0.783697 0.918651
1.010012 0.371246 1.016893 1.049740 1.046461 0.896730 0.252949 0.629589 0.183796 0.914371 0.756624 0.981775
0.948636 0.373617 0.986674 0.936739 1.037256 0.902527 0.268467 0.577611 0.132606 1.022933 0.746271 0.974301
0.899978 0.368811 0.927427 0.951863 0.863251 0.881269 0.259774 0.632802 0.064876 1.022377 0.669570 0.925423
1.007961 0.394544 1.013166 0.981116 1.049869 0.947581 0.349862 0.554294 0.095118 0.921569 0.741159 0.972158
0.979621 0.347644 1.012814 0.995494 1.013953 0.893064 0.332499 0.558813 0.110588 1.031288 0.714908 0.901465
0.898448 0.332905 1.027537 0.993122 0.984788 0.816484 0.321140 0.523180 0.128528 0.965254 0.657146 0.917352
0.963208 0.314789 1.063623 0.985717 0.992207 0.798425 0.189754 0.560033 0.148318 1.065029 0.726698 0.896998
0.966419 0.310984 0.960446 1.039614 0.902171 0.832238 0.326407 0.559066 0.107154 0.999325 0.766330 0.851816
1.021399 0.394914 1.041715 0.993220 0.908320 0.864420 0.242535 0.549429 0.084999 0.968281 0.756402 0.912069
1.016982 0.403294 1.061981 0.972330 0.958429 0.756151 0.340116 0.550947 0.221993 1.004598 0.722844 0.842249
0.986641 0.417350 1.038450 0.988768 1.033417 0.871209 0.341039 0.534565 0.181885 0.940724 0.695405 1.000563
0.995012 0.366767 0.944434 1.004237 0.954180 0.873114 0.172956 0.428625 0.008623 1.038691 0.735576 0.882330
0.900044 0.348922 0.932452 1.057352 0.917526 0.878415 0.225458 0.592519 0.169147 1.036769 0.770081 0.914290
1.029843 0.357687 0.953750 0.927654 0.998711 0.832881 0.215927 0.517324 0.053673 0.950123 0.627776 0.833927
1.088961 0.410228 0.992431 0.921081 0.998153 0.849410 0.299236 0.508515 0.113619 1.024508 0.659598 0.973689
1.010504 0.355857 1.006988 0.976202 1.024223 0.866335 0.330721 0.593799 0.108118 1.011612 0.660288 0.955383
1.000006 0.291090 0.945009 1.068368 0.929674 0.862990 0.316530 0.599562 0.149645 0.976747 0.653357 0.929793
1.057086 0.407685 0.932744 1.079721 0.955400 0.820678 0.223213 0.515225 0.074383 0.972393 0.769987 0.879348
1.024453 0.405135 0.974340 1.092628 1.126314 0.898839 0.270693 0.587874 0.076834 1.022733 0.629387 0.907325
1.015632 0.331248 0.965739 0.908596 0.934493 0.897702 0.327003 0.498188 0.162514 1.088781 0.687316 0.919174
1.011432 0.317628 1.022463 0.951148 0.944816 0.862258 0.306084 0.592586 0.206182 1.023346 0.622878 0.805715
0.956371 0.324419 1.016495 0.979927 0.993647 0.782100 0.290381 0.653446 0.180759 1.006469 0.690495 0.857225
1.007440 0.371358 0.965332 0.976615 0.998348 0.863985 0.223606 0.437728 0.114341 0.981505 0.653138 1.053399
1.002384 0.460413 0.997600 0.957118 0.895667 0.817987 0.270765 0.589027 0.155898 1.063985 0.717963 0.854050
1.058364 0.405788 0.983497 0.979070 0.994351 0.792278 0.230775 0.613496 -0.004439 1.000799 0.663861 0.871416
0.950593 0.428887 0.924505 1.084860 0.956110 0.884624 0.224378 0.518139 0.064641 0.980015 0.721274 0.895830
1.017276 0.366701 0.945173 0.963418 1.035370 0.887080 0.221493 0.547463 0.129408 1.029288 0.659732 0.933346
0.991674 0.418176 0.930793 0.959533 0.966521 0.911588 0.151500 0.470398 0.082256 1.014613 0.543767 0.858330
0.906396 0.355503 1.056241 0.996369 1.051464 0.915460 0.370893 0.557838 0.052047 0.952813 0.660338 0.996218
1.001379 0.456663 1.010773 0.961399 1.008528 0.906997 0.268346 0.572150 0.200971 0.990140 0.619058 0.866672
1.006802 0.310012 0.954639 1.087727 1.035454 0.844390 0.263929 0.580540 0.181319 0.973805 0.810226 0.982907
1.010424 0.335381 0.946224 0.937035 0.940053 0.849546 0.278486 0.563010 0.063621 1.099436 0.738654 0.929343
1.021929 0.459178 0.977422 0.905929 0.958874 0.808012 0.321099 0.690786 0.139804 0.914920 0.753051 0.943353
1.048405 0.380132 0.959949 0.984493 0.995602 0.815821 0.269005 0.580975 0.145246 0.958175 0.685154 0.972111
1.027675 0.334819 1.102758 1.028615 0.901761 0.792709 0.278209 0.578073 0.158317 0.958411 0.839392 0.924273
1.026621 0.467082 1.018960 1.026266 0.918430 0.824935 0.311432 0.612495 0.059892 1.023470 0.706041 0.976413
1.030796 0.230316 0.956455 0.923377 0.980663 0.916831 0.266212 0.508972 0.187933 1.058207 0.672697 0.973230
0.963280 0.310345 0.933834 1.088341 0.999414 0.975670 0.281839 0.495512 0.154405 1.049312 0.663294 0.917068
1.020458 0.384269 0.950439 0.967807 1.047193 0.889942 0.267112 0.598644 0.087702 0.975477 0.700434 0.961833
0.996764 0.355470 0.961862 1.016120 1.117746 0.854336 0.330224 0.551757 0.132577 1.076605 0.675528 0.879218
0.966751 0.338322 0.958676 1.074765 1.042076 0.816660 0.235960 0.517155 0.173593 1.039716 0.655295 0.999789
0.956474 0.318650 1.050591 1.015468 0.963950 0.812455 0.256829 0.583809 0.085450 1.041184 0.673698 0.907661
0.959285 0.370253 1.089517 1.015714 1.055977 0.785063 0.300648 0.621502 0.051824 0.988346 0.704797 0.880892
