1000 12 900
0.604618 0.977988 0.229513 0.485036 0.767437 0.355706 0.712451 0.395257 0.943154 0.702581 0.103165 0.251170
0.622056 0.969185 0.289987 0.455087 0.764888 0.201661 0.618866 0.395898 0.873146 0.760937 0.087399 0.217628
0.521629 0.995858 0.187336 0.450157 0.761449 0.323607 0.686735 0.283440 0.952055 0.727185 0.023478 0.185762
0.603347 0.891845 0.210799 0.471491 0.779782 0.320137 0.693614 0.402435 0.922055 0.809286 0.002569 0.316360
0.555469 0.968832 0.252182 0.460565 0.780256 0.365469 0.782039 0.280982 1.036140 0.744320 0.038185 0.220303
0.584787 1.005325 0.312965 0.480137 0.812959 0.318617 0.771301 0.356970 0.882177 0.789559 0.143098 0.215645
0.586893 0.878239 0.278548 0.526388 0.696404 0.302849 0.808950 0.323908 0.952543 0.797591 0.016630 0.237867
0.533819 0.935463 0.230926 0.425592 0.779794 0.344411 0.657799 0.370077 0.935015 0.764743 0.011121 0.245446
0.568652 0.862139 0.231060 0.438374 0.750309 0.320618 0.696195 0.324128 0.994575 0.736253 0.033719 0.184453
0.626772 0.981769 0.229160 0.468705 0.741482 0.303155 0.705134 0.353039 0.972845 0.811848 0.035074 0.151622
0.683747 1.027056 0.268028 0.407261 0.754197 0.311341 0.639562 0.384893 0.891678 0.765147 -0.033415 0.243101
0.532476 0.972860 0.154833 0.407166 0.831477 0.358899 0.762210 0.361277 1.001380 0.707510 0.031261 0.291949
0.622751 0.974476 0.327214 0.507638 0.784544 0.264438 0.697963 0.327409 0.908088 0.802760 0.068166 0.220199
0.684295 0.873427 0.221332 0.535378 0.778846 0.424759 0.719339 0.309582 0.869997 0.734090 0.031808 0.208986
0.683262 0.902149 0.190531 0.454829 0.717566 0.308531 0.784122 0.392396 1.062279 0.876398 -0.015204 0.243417
0.570270 0.974182 0.218112 0.331980 0.742109 0.363100 0.670773 0.347574 0.920991 0.800576 0.063313 0.262678
0.615991 0.889310 0.192049 0.363894 0.857504 0.273296 0.620806 0.359468 0.905555 0.786166 0.046663 0.202928
0.725116 0.933190 0.192139 0.436509 0.736164 0.311489 0.698702 0.295447 0.980425 0.745167 0.006033 0.255673
0.599711 0.885291 0.243184 0.430240 0.749879 0.188673 0.676342 0.323601 1.001544 0.728883 -0.004174 0.230745
0.580996 0.870507 0.186998 0.472277 0.769043 0.347102 0.732478 0.263169 0.895706 0.733877 -0.021653 0.208742
0.590805 0.973977 0.289449 0.530507 0.723357 0.329684 0.707550 0.290157 0.977263 0.719320 0.009757 0.315659
0.589118 0.961792 0.219029 0.483374 0.734349 0.262486 0.684195 0.351068 0.970173 0.742665 -0.010195 0.201079
0.568816 0.990716 0.228541 0.482573 0.773244 0.320259 0.668358 0.330778 0.922887 0.820220 0.013339 0.128657
0.625504 0.905249 0.292600 0.442138 0.737860 0.301619 0.813146 0.266460 0.957365 0.680929 0.088534 0.292255
0.663580 0.856683 0.160538 0.466506 0.723209 0.339126 0.713569 0.314131 0.959474 0.686132 -0.009085 0.354615
0.636883 0.965963 0.297222 0.405515 0.686052 0.265970 0.704219 0.410100 0.896596 0.728376 0.078002 0.203940
0.717191 0.903773 0.260710 0.437717 0.669632 0.262516 0.729899 0.420117 0.970824 0.763868 0.070562 0.229042
0.562273 1.030651 0.185362 0.494251 0.726094 0.209379 0.670642 0.376451 0.977596 0.736374 0.083114 0.312935
0.533315 0.932749 0.289186 0.494139 0.807345 0.268987 0.618612 0.392634 0.921689 0.710397 0.013759 0.325153
0.594904 0.808329 0.240213 0.403191 0.756696 0.305337 0.736824 0.337172 0.968392 0.759008 0.028551 0.282804
0.520503 0.856941 0.203602 0.516622 0.796220 0.308520 0.705440 0.298800 0.897024 0.765645 0.097636 0.244240
0.677076 0.903481 0.261565 0.559068 0.777334 0.267244 0.751142 0.219104 0.971918 0.751977 0.005065 0.208002
0.530288 0.934876 0.204562 0.462842 0.808516 0.232497 0.744303 0.328967 0.882845 0.823703 0.050892 0.230055
0.484201 0.966858 0.187422 0.491842 0.779990 0.313600 0.684636 0.363237 0.984833 0.774152 0.004268 0.201898
0.565789 1.008712 0.286310 0.515826 0.758454 0.337383 0.639371 0.333617 0.894540 0.771624 -0.050455 0.281132
0.561481 0.923253 0.223832 0.397664 0.732794 0.252272 0.650477 0.430266 0.948113 0.792514 -0.010847 0.236396
0.517620 0.919566 0.228612 0.476180 0.749053 0.225038 0.773744 0.422968 0.999901 0.768479 0.034777 0.275082
0.628934 0.875188 0.153600 0.486876 0.674031 0.281359 0.711117 0.264145 0.894423 0.786734 -0.000739 0.270496
0.555098 0.981860 0.143309 0.475566 0.746476 0.441898 0.685440 0.335085 1.001964 0.751064 0.097949 0.308602
0.548049 1.012058 0.257654 0.406921 0.751661 0.281417 0.691479 0.310823 0.964736 0.712598 0.097607 0.252596
0.590146 0.922916 0.198095 0.435733 0.821611 0.229654 0.750286 0.371664 0.876852 0.752008 0.070004 0.187752
0.638583 0.941611 0.267539 0.429408 0.813515 0.274485 0.789651 0.363268 0.916699 0.651688 0.046960 0.273193
0.573603 0.918230 0.196256 0.527263 0.771625 0.276668 0.676012 0.306503 0.856784 0.774244 -0.026428 0.219352
0.631819 0.950146 0.220643 0.434762 0.710181 0.254116 0.711636 0.305469 1.014401 0.819860 -0.028143 0.220605
0.649383 0.987450 0.267719 0.439208 0.765515 0.330759 0.745047 0.436359 0.925967 0.723953 0.046122 0.226078
0.591384 1.035772 0.329784 0.486869 0.737240 0.312120 0.688415 0.286497 0.986038 0.871652 0.009578 0.200759
0.689253 0.814676 0.202135 0.489574 0.733936 0.217691 0.700500 0.319565 0.902289 0.741088 0.032412 0.130594
0.569392 0.943087 0.220363 0.435242 0.755280 0.274823 0.649214 0.315460 0.966124 0.674648 0.168262 0.184313
0.550049 0.935761 0.252416 0.504098 0.758047 0.269216 0.712878 0.427999 0.898889 0.749572 0.013975 0.222699
0.614183 0.948381 0.317559 0.444537 0.866709 0.250411 0.701864 0.405769 0.928589 0.834661 0.044619 0.263698
0.510534 0.979227 0.216878 0.440169 0.742675 0.294149 0.779024 0.373788 0.973225 0.771810 0.010253 0.258720
0.556438 1.009942 0.296772 0.431568 0.842700 0.327047 0.695771 0.348363 0.962392 0.783546 0.006125 0.252912
0.648284 0.964539 0.208530 0.415368 0.652754 0.160201 0.684047 0.331395 0.879860 0.755885 0.011460 0.229253
0.481331 0.969370 0.226057 0.495022 0.766649 0.500844 0.686357 0.390965 0.902407 0.901711 -0.003054 0.300429
0.537643 0.936228 0.312786 0.455636 0.790696 0.285213 0.567883 0.339282 0.987548 0.746963 0.095552 0.086414
0.554241 0.933607 0.159533 0.489905 0.727688 0.293509 0.690351 0.319460 0.947120 0.792751 0.071978 0.181069
0.524755 0.959899 0.220451 0.357103 0.816796 0.357150 0.714784 0.383931 0.861514 0.776754 0.059702 0.229144
0.601324 0.927488 0.125157 0.442697 0.778433 0.324932 0.772982 0.313197 0.981070 0.788981 0.087608 0.186224
0.679205 0.939060 0.278512 0.356668 0.750145 0.211375 0.692364 0.355454 0.983982 0.678581 0.060596 0.228403
0.602188 0.926856 0.260210 0.533360 0.732883 0.222004 0.719309 0.332529 1.016526 0.727529 -0.061147 0.311545
0.541871 0.930110 0.294238 0.557822 0.820100 0.280424 0.743744 0.330336 1.058428 0.730628 0.033459 0.271867
0.596197 0.971452 0.240451 0.468118 0.756411 0.349994 0.784627 0.341553 0.930462 0.767943 0.112186 0.195376
0.671885 0.965983 0.300057 0.506015 0.770568 0.292687 0.711053 0.330808 0.992078 0.737394 0.035279 0.319540
0.540230 0.915953 0.236814 0.448826 0.895113 0.256485 0.715770 0.425950 0.860475 0.749074 -0.035941 0.219941
0.531915 0.877073 0.221073 0.428322 0.676806 0.197590 0.650407 0.278808 0.868865 0.679496 0.009893 0.246071
0.575830 0.933986 0.207075 0.356789 0.783342 0.341622 0.732922 0.455105 1.000235 0.803231 0.066895 0.283490
0.620208 0.871191 0.244251 0.475685 0.755090 0.219500 0.716258 0.342061 0.944883 0.771190 0.012570 0.237387
0.648868 1.001554 0.318018 0.403298 0.815875 0.244275 0.643774 0.375077 0.961157 0.708272 -0.019146 0.212472
0.531834 0.918791 0.360242 0.493839 0.745196 0.269228 0.695960 0.292685 0.945515 0.732335 0.084235 0.244167
0.611716 0.957760 0.269739 0.552132 0.817159 0.310398 0.652644 0.391421 0.891882 0.728993 0.063428 0.235286
0.571130 0.961628 0.303628 0.431344 0.789277 0.304407 0.656006 0.318409 1.056197 0.734238 0.044959 0.176677
0.632824 0.990022 0.170240 0.432135 0.807980 0.314307 0.630390 0.340478 1.018551 0.775501 0.059563 0.207473
0.665305 0.900030 0.243918 0.515068 0.831865 0.272039 0.639804 0.377460 0.911123 0.765375 0.068649 0.272576
0.569145 0.992324 0.190210 0.443379 0.780906 0.306029 0.644528 0.311129 0.934062 0.704001 -0.050386 0.170315
0.560768 0.928462 0.127882 0.494626 0.733592 0.294351 0.677972 0.346503 0.978059 0.869266 0.006459 0.101251
0.638166 0.908425 0.239174 0.387801 0.788129 0.266186 0.721752 0.315232 0.925045 0.697966 0.011862 0.169492
0.682846 0.897281 0.285307 0.455930 0.755637 0.411488 0.589759 0.392861 1.089748 0.683566 -0.067669 0.260588
0.671228 0.960251 0.181753 0.499166 0.782015 0.336341 0.678076 0.341423 0.932845 0.890690 -0.014665 0.230678
0.596850 0.962812 0.225712 0.432731 0.773648 0.370959 0.753298 0.304153 0.970644 0.764348 0.021770 0.167265
0.632797 0.969146 0.202387 0.527013 0.723061 0.253418 0.711427 0.314428 0.933428 0.690676 0.036637 0.220608
0.630931 0.869320 0.188719 0.522155 0.821355 0.295457 0.708052 0.336127 0.984466 0.743269 -0.036094 0.228436
0.621822 1.022364 0.242842 0.417944 0.748946 0.318514 0.727922 0.359312 0.975728 0.689459 0.080173 0.237144
0.557129 0.933158 0.349742 0.354720 0.738584 0.338502 0.698369 0.365672 0.931830 0.811119 0.042061 0.247837
0.670848 1.028763 0.263947 0.488909 0.715936 0.393280 0.745227 0.397833 0.963791 0.821196 -0.013858 0.228524
0.562233 0.997693 0.155229 0.452595 0.743606 0.289537 0.684317 0.396084 0.976164 0.728217 0.114460 0.311809
0.696830 0.925687 0.197458 0.453129 0.841476 0.338182 0.755182 0.412991 0.899790 0.820857 -0.006216 0.297573
0.619742 0.876043 0.239184 0.403942 0.759972 0.341096 0.668862 0.346006 0.968247 0.739838 -0.002977 0.265339
0.626489 0.925243 0.210269 0.516189 0.793050 0.341593 0.737246 0.352822 0.971350 0.846158 0.019224 0.173745
0.596962 0.985227 0.254084 0.381127 0.830449 0.272665 0.644616 0.354333 0.918887 0.750268 -0.017233 0.249881
0.643456 0.912271 0.211936 0.468703 0.720597 0.345326 0.746724 0.305440 0.942222 0.747012 0.082086 0.142168
0.609257 0.930231 0.194662 0.269026 0.817299 0.307435 0.658237 0.412536 0.974550 0.851618 0.037055 0.278780
0.649992 0.957811 0.278139 0.473469 0.870965 0.292218 0.661691 0.344967 1.008055 0.699559 0.111123 0.151226
0.591272 0.892514 0.239062 0.491425 0.818108 0.368394 0.748405 0.337380 1.008556 0.699872 -0.032416 0.210042
0.669934 0.997022 0.207161 0.487417 0.829374 0.357901 0.699129 0.301103 0.999252 0.753767 -0.047717 0.294983
0.544710 0.954983 0.298976 0.474403 0.719464 0.300339 0.692782 0.443960 0.891854 0.685546 0.052437 0.275842
0.626610 0.943914 0.134273 0.438528 0.825154 0.393585 0.665657 0.344834 0.967964 0.733945 0.067920 0.180390
0.620156 0.913472 0.317496 0.494315 0.782393 0.272031 0.693707 0.378503 0.958959 0.787675 0.078383 0.216680
0.631580 1.020761 0.255897 0.478418 0.772433 0.343343 0.759548 0.307952 0.946791 0.768898 0.012973 0.304792
0.650983 0.976092 0.196329 0.453159 0.795215 0.331631 0.645230 0.282764 0.942633 0.906459 0.011852 0.231397
0.615090 1.060802 0.156130 0.547261 0.685511 0.305644 0.719260 0.331359 0.898009 0.700334 0.065800 0.263662
0.558482 0.935441 0.158861 0.430496 0.819961 0.320015 0.666203 0.343842 1.019653 0.800531 -0.014816 0.228667
0.608912 0.815938 0.194964 0.388197 0.761751 0.208948 0.782533 0.433077 1.061814 0.702387 0.100210 0.204035
0.640936 0.991324 0.367651 0.465723 0.706127 0.310285 0.712572 0.275319 0.929929 0.755227 0.001647 0.239811
0.489721 0.986722 0.176958 0.499100 0.769142 0.345836 0.693477 0.251904 0.929362 0.785455 0.041521 0.188142
0.573652 0.896402 0.234617 0.393317 0.828291 0.215916 0.612657 0.323211 1.009051 0.749205 0.065594 0.270654
0.687328 0.916970 0.292095 0.418276 0.833466 0.305702 0.701706 0.301314 0.834037 0.828304 0.088264 0.287894
0.628003 1.009536 0.216020 0.446594 0.775503 0.235701 0.753174 0.323611 0.838020 0.738099 0.067196 0.239612
0.548484 1.036815 0.248110 0.423840 0.768140 0.330984 0.642669 0.383755 0.889168 0.739407 0.076078 0.251467
0.551609 0.892636 0.183487 0.451305 0.854064 0.269289 0.741943 0.269969 1.109650 0.704730 0.004316 0.287100
0.607133 1.001189 0.223708 0.473142 0.675903 0.275460 0.722708 0.414554 0.930412 0.821750 0.038296 0.257707
0.567775 0.990511 0.189879 0.437464 0.774146 0.455793 0.754169 0.305380 0.945514 0.765309 0.064786 0.259940
0.682618 0.890991 0.222175 0.482924 0.797695 0.216262 0.700066 0.352152 0.966079 0.745558 -0.040795 0.238596
0.666555 1.024470 0.184303 0.409593 0.755522 0.322321 0.579669 0.394184 0.902856 0.827712 -0.023377 0.261965
0.650679 0.943248 0.227006 0.494253 0.729801 0.323365 0.778648 0.330324 0.925656 0.642777 -0.003119 0.228554
0.599827 0.970663 0.256559 0.490606 0.750583 0.285029 0.764904 0.386220 0.939848 0.810839 0.019057 0.281964
0.605575 0.856194 0.283373 0.354261 0.789119 0.231945 0.671383 0.368024 0.944180 0.758801 0.066311 0.348371
0.520655 0.929613 0.234332 0.441521 0.781799 0.242283 0.755971 0.316929 1.010438 0.701259 0.053661 0.162066
0.562182 0.958976 0.266430 0.381438 0.786891 0.215118 0.700274 0.402624 0.958376 0.791462 0.057269 0.178029
0.575630 1.009668 0.266581 0.409964 0.765433 0.329478 0.701922 0.347234 1.007955 0.762930 0.073186 0.204772
0.636709 0.943091 0.238270 0.423751 0.795104 0.336852 0.677745 0.427839 0.919347 0.784522 -0.021068 0.196584
0.545683 0.992702 0.177936 0.527288 0.801107 0.267605 0.608005 0.349846 0.939098 0.764003 0.051826 0.115132
0.545946 0.873038 0.237465 0.559101 0.742640 0.264757 0.713934 0.360161 0.923161 0.742331 -0.040263 0.201868
0.647160 0.914425 0.190745 0.420281 0.689742 0.248927 0.656955 0.379782 1.027170 0.779679 0.050941 0.316061
0.634674 0.971752 0.226036 0.447263 0.692410 0.265609 0.682146 0.293617 0.958752 0.606210 -0.016804 0.246248
0.651275 1.059092 0.248497 0.486918 0.743021 0.336586 0.770481 0.302320 0.875423 0.748534 0.028565 0.227899
0.660193 0.865437 0.218406 0.415098 0.727379 0.335254 0.633134 0.279723 0.917239 0.771674 -0.009269 0.219893
0.618043 0.959331 0.148454 0.455943 0.740154 0.291769 0.682090 0.418049 0.969859 0.781479 0.110535 0.167653
0.562466 0.919732 0.150548 0.494580 0.747634 0.335260 0.690179 0.356118 0.930722 0.833263 0.022959 0.249322
0.665122 0.961068 0.254689 0.437494 0.753142 0.271442 0.732560 0.385132 0.981341 0.768689 0.028318 0.192316
0.698182 0.929732 0.284521 0.518939 0.667902 0.411359 0.630270 0.295844 1.043640 0.812051 0.052714 0.165290
0.673662 1.058022 0.334316 0.412639 0.803009 0.263161 0.628767 0.363033 0.988180 0.785238 -0.009043 0.244026
0.593992 0.900212 0.303866 0.441482 0.774406 0.324446 0.647615 0.379554 0.937000 0.781346 0.032394 0.193480
0.525698 0.874962 0.237243 0.484613 0.851726 0.239891 0.674100 0.377725 0.905389 0.787353 0.036585 0.199840
0.573701 0.931231 0.202955 0.466140 0.775915 0.330309 0.701544 0.484011 0.961198 0.776646 -0.007790 0.300300
0.676334 0.969441 0.163175 0.423645 0.854802 0.410590 0.660716 0.315818 1.004335 0.720534 0.044975 0.256488
0.638532 0.960774 0.204178 0.390144 0.699231 0.322969 0.668959 0.372131 1.023120 0.839422 0.031805 0.202320
0.601751 0.841851 0.322888 0.609238 0.744060 0.354495 0.830911 0.256603 1.001808 0.787158 -0.020629 0.157578
0.664120 0.964913 0.320802 0.406209 0.778087 0.348791 0.759949 0.369948 1.013934 0.788947 0.050354 0.233125
0.588462 0.917220 0.199576 0.407690 0.743520 0.343459 0.676451 0.323129 0.983504 0.772838 0.085616 0.219478
0.529594 0.935890 0.257822 0.482394 0.822557 0.329424 0.626823 0.449924 0.900829 0.720762 0.071261 0.215703
0.634817 1.046938 0.207769 0.424527 0.786539 0.331522 0.629878 0.423093 0.866549 0.734313 -0.003372 0.153897
0.609370 0.911302 0.249887 0.498302 0.751179 0.247587 0.731836 0.315098 1.019957 0.824913 0.052900 0.260015
0.690538 0.954668 0.135221 0.628334 0.725757 0.326558 0.677811 0.254232 0.895140 0.767181 0.056203 0.264138
0.531183 1.011632 0.269232 0.300982 0.750311 0.353854 0.742281 0.435133 1.011735 0.744445 0.001849 0.232114
0.536029 0.991743 0.177993 0.435214 0.747579 0.374218 0.591004 0.405162 0.959654 0.753067 -0.006454 0.245975
0.607206 0.972643 0.235403 0.399941 0.809099 0.307655 0.716069 0.332812 1.052119 0.739451 0.050890 0.253860
0.575418 1.001416 0.202567 0.595175 0.825335 0.263160 0.669137 0.368630 0.884138 0.792232 0.031616 0.222998
0.524494 0.950539 0.199519 0.476377 0.788626 0.275613 0.775204 0.315514 0.897023 0.738227 0.059657 0.303097
0.625118 0.933576 0.245033 0.506028 0.663497 0.325386 0.676943 0.419769 0.969236 0.712977 -0.010145 0.203584
0.568493 1.059846 0.254660 0.431014 0.811600 0.293326 0.674462 0.361698 0.957296 0.861604 0.063656 0.181342
0.620394 0.954529 0.270796 0.424660 0.697629 0.362522 0.754462 0.333426 0.954612 0.774193 0.108154 0.229372
0.628153 0.991970 0.296546 0.454700 0.694015 0.303447 0.707995 0.457670 0.974512 0.648041 0.007658 0.208845
0.573159 0.889338 0.274644 0.469161 0.724063 0.326514 0.670780 0.294913 1.003851 0.783220 -0.009660 0.157760
0.621628 0.925351 0.307663 0.476236 0.773766 0.273410 0.624217 0.404627 0.996485 0.732671 0.025530 0.238842
0.636861 0.949768 0.212402 0.437511 0.823006 0.325631 0.621854 0.292743 0.983681 0.720173 0.037620 0.210490
0.572045 0.928933 0.225622 0.422331 0.811372 0.236442 0.665046 0.294562 0.921063 0.798157 0.054841 0.207934
0.626031 0.984998 0.312559 0.447250 0.750471 0.358537 0.660525 0.268521 0.960584 0.782724 0.005874 0.219974
0.649407 0.907466 0.213972 0.493645 0.826897 0.348132 0.694156 0.371415 0.942673 0.763584 0.090681 0.263841
0.602242 0.949218 0.267540 0.422435 0.844703 0.234165 0.633143 0.350737 0.986837 0.775346 0.006005 0.286055
0.692579 0.892821 0.116926 0.413459 0.788896 0.354241 0.681352 0.245732 1.011605 0.735843 0.057783 0.188570
0.641023 0.979967 0.185121 0.554568 0.790307 0.311000 0.693317 0.333931 0.885655 0.856525 -0.071175 0.286494
0.616569 0.945594 0.279940 0.483212 0.729166 0.272991 0.741141 0.345208 1.002326 0.772853 -0.051186 0.220041
0.599436 0.991655 0.245228 0.471316 0.781068 0.292193 0.760090 0.297849 0.875490 0.780982 0.048871 0.153721
0.625961 0.828339 0.206214 0.373209 0.696856 0.285444 0.713931 0.476586 0.868621 0.634931 0.032665 0.134296
0.566928 1.066151 0.255409 0.459079 0.762945 0.245858 0.710017 0.223928 0.901048 0.796630 0.037538 0.235056
0.642138 0.997761 0.253323 0.386101 0.821924 0.245988 0.663469 0.349799 0.972904 0.650940 0.098802 0.228315
0.602374 0.918858 0.214465 0.428473 0.806158 0.299806 0.729046 0.303881 0.990519 0.706706 0.012981 0.210708
0.316174 0.198326 0.178822 0.482082 0.152642 0.244048 0.457382 0.775741 0.012196 0.370928 0.387349 0.036652
0.391212 0.206094 0.156890 0.352150 0.198649 0.267313 0.489631 0.673424 0.033151 0.320936 0.500000 0.068723
0.296507 0.249627 0.151468 0.397670 0.148730 0.189995 0.492838 0.802004 -0.037720 0.479179 0.483641 0.147261
0.405272 0.212827 0.197784 0.447207 0.213108 0.163279 0.415054 0.829645 0.002103 0.446824 0.513078 0.121806
0.305100 0.257657 0.142945 0.463593 0.119326 0.281483 0.461871 0.736817 0.068146 0.283286 0.387071 0.110065
0.336807 0.264940 0.270651 0.430382 0.186217 0.372861 0.475796 0.691896 0.048284 0.351484 0.377901 0.085104
0.347375 0.222591 0.233752 0.410530 0.170533 0.119928 0.521845 0.734556 0.004477 0.344534 0.412961 0.057357
0.327757 0.129417 0.160971 0.500819 0.134201 0.288671 0.525411 0.795539 0.032223 0.420540 0.429516 0.103230
0.269193 0.112872 0.188938 0.446377 0.120371 0.243675 0.487055 0.802212 0.063947 0.328039 0.381699 0.111598
0.268474 0.225380 0.114988 0.430879 0.171935 0.205457 0.445664 0.773620 -0.035850 0.368886 0.470818 0.179599
0.294047 0.231734 0.171018 0.372148 0.108714 0.288429 0.479689 0.828328 -0.006239 0.324357 0.383312 0.043975
0.391958 0.140736 0.128231 0.394472 0.189540 0.302319 0.476618 0.708750 0.076851 0.325261 0.432476 0.044743
0.317021 0.173798 0.201062 0.346172 0.133786 0.183657 0.448370 0.752210 -0.036632 0.257622 0.329416 0.154175
0.315579 0.260979 0.122669 0.341560 0.187499 0.192565 0.450959 0.701525 -0.021832 0.342397 0.476433 0.067913
0.277213 0.220460 0.219591 0.424006 0.095976 0.235966 0.439192 0.691305 0.005760 0.288967 0.450728 0.060551
0.360444 0.207191 0.179144 0.385140 0.190816 0.203166 0.518534 0.746095 0.168369 0.294079 0.334001 0.070983
0.307597 0.168811 0.197370 0.411162 0.166781 0.228598 0.437833 0.793803 -0.007364 0.448673 0.468899 0.110169
0.330745 0.209897 0.157216 0.477697 0.167845 0.245031 0.438914 0.657267 -0.102249 0.317448 0.451374 0.057786
0.309239 0.198603 0.268790 0.419777 0.111705 0.264883 0.397296 0.782303 -0.006401 0.390971 0.338187 0.108582
0.350933 0.174788 0.216142 0.430717 0.218121 0.326704 0.449001 0.736114 0.015843 0.379611 0.456272 -0.063586
0.345918 0.205440 0.179933 0.415163 0.241072 0.257319 0.473100 0.816761 -0.057384 0.326490 0.360763 0.126686
0.291046 0.224435 0.241054 0.406562 0.177067 0.323327 0.406800 0.829278 0.057759 0.300108 0.280409 0.075268
0.371422 0.238025 0.266630 0.374647 0.163225 0.233472 0.439949 0.751710 0.032652 0.273087 0.510261 0.093747
0.321968 0.143096 0.176301 0.367561 0.185351 0.202908 0.557626 0.731628 0.070723 0.405072 0.474874 0.147712
0.268597 0.207678 0.181398 0.462151 0.163545 0.239409 0.477088 0.764798 0.102719 0.361678 0.333909 0.072726
0.334824 0.183871 0.177823 0.468617 0.145883 0.252515 0.438930 0.752646 0.113770 0.312559 0.445659 0.055451
0.318203 0.185529 0.201149 0.442477 0.235180 0.154631 0.381919 0.711812 0.018120 0.301153 0.362108 -0.017309
0.388092 0.282563 0.210736 0.477918 0.230995 0.175359 0.495397 0.683711 0.064383 0.273146 0.414107 0.112093
0.377646 0.276758 0.036304 0.430870 0.235887 0.117352 0.508688 0.758662 0.062460 0.354571 0.421529 0.140274
0.325348 0.216807 0.236864 0.381012 0.128057 0.246778 0.468307 0.765163 0.126482 0.331815 0.364944 0.101438
0.296866 0.211358 0.125755 0.491275 0.166053 0.184537 0.514487 0.828797 -0.014637 0.277995 0.409978 0.079987
0.313496 0.181148 0.199316 0.416664 0.090767 0.170636 0.466680 0.748774 0.076007 0.339823 0.392670 0.065650
0.402880 0.250123 0.167258 0.411379 0.032072 0.212776 0.443259 0.850847 -0.005166 0.314482 0.339449 0.105979
0.265154 0.167531 0.185811 0.331847 0.242520 0.281065 0.532423 0.716788 -0.072996 0.239376 0.436053 0.050727
0.358663 0.186580 0.256459 0.479989 0.213160 0.352803 0.481731 0.724561 0.009704 0.281620 0.376528 0.033430
0.369167 0.125602 0.088224 0.498707 0.186198 0.158359 0.468600 0.727677 0.042645 0.324440 0.476584 0.109979
0.367529 0.243985 0.280508 0.429158 0.105703 0.170400 0.520744 0.724984 0.005906 0.361100 0.488635 0.059007
0.376233 0.221156 0.070930 0.432884 0.181387 0.301217 0.508354 0.724918 0.002924 0.368559 0.466735 0.054745
0.408285 0.256878 0.135017 0.417148 0.203821 0.249070 0.486313 0.767049 -0.014194 0.339702 0.351362 0.060656
0.355623 0.232851 0.138524 0.593244 0.162794 0.233152 0.494680 0.770856 0.069545 0.361017 0.297601 0.115689
0.304441 0.229220 0.212719 0.428950 0.235455 0.244501 0.519551 0.786712 0.076547 0.262587 0.384627 0.050940
0.336058 0.190112 0.109274 0.413453 0.096180 0.250992 0.473192 0.776904 0.078850 0.299124 0.424297 0.092682
0.258689 0.231139 0.195351 0.421695 0.250571 0.243605 0.484648 0.766402 0.006939 0.306317 0.393445 0.089674
0.276046 0.180928 0.213235 0.408353 0.149156 0.219655 0.449717 0.738570 0.012003 0.404937 0.428176 0.026315
0.325933 0.169603 0.136813 0.377815 0.288434 0.236583 0.570192 0.775060 0.065688 0.370004 0.404514 0.102493
0.326858 0.224350 0.246850 0.450915 0.170766 0.189828 0.413376 0.666844 0.003799 0.310886 0.441337 0.111004
0.310592 0.142269 0.223278 0.362062 0.175619 0.213235 0.335059 0.681879 0.076150 0.305156 0.411445 0.086991
0.397941 0.113143 0.143663 0.373865 0.163664 0.230573 0.485816 0.750097 -0.000152 0.390258 0.398339 0.138339
0.343885 0.276473 0.183387 0.466550 0.164475 0.101261 0.477722 0.791860 0.028139 0.393152 0.339928 0.179039
0.262373 0.210630 0.183594 0.479147 0.135395 0.239168 0.508246 0.706073 0.052908 0.330849 0.407527 0.008219
0.321131 0.273367 0.114982 0.448001 0.192006 0.249829 0.406389 0.742569 -0.070988 0.287985 0.492273 0.055865
0.276691 0.272705 0.131971 0.414024 0.130885 0.276941 0.470347 0.746211 0.083379 0.374589 0.371216 0.079098
0.386069 0.230164 0.224897 0.580985 0.140221 0.269423 0.481158 0.735330 0.067767 0.343338 0.334822 0.048409
0.315982 0.222491 0.169950 0.508658 0.255547 0.170282 0.363115 0.730206 0.097780 0.264293 0.385166 0.069663
0.381027 0.136175 0.150623 0.400081 0.113536 0.284245 0.516162 0.746533 -0.000524 0.282022 0.373484 0.052166
0.300107 0.246854 0.143398 0.413329 0.165503 0.290062 0.383418 0.736778 0.027912 0.330808 0.442207 0.073274
0.273438 0.331190 0.155189 0.398086 0.129164 0.238974 0.432386 0.830521 0.049878 0.341608 0.419677 0.044310
0.287049 0.145154 0.191682 0.410313 0.220420 0.266076 0.505245 0.842897 0.055330 0.354350 0.377502 0.125804
0.322935 0.197775 0.123910 0.493177 0.126546 0.261859 0.422911 0.658914 0.078420 0.378132 0.413792 -0.001409
0.268600 0.256169 0.186370 0.412220 0.192057 0.177624 0.349582 0.723286 0.018086 0.354104 0.274064 0.145741
0.336589 0.206851 0.249285 0.434605 0.176797 0.229388 0.425585 0.823918 0.032545 0.290225 0.369566 0.036904
0.357699 0.233651 0.112980 0.404841 0.168527 0.127693 0.501493 0.737830 -0.002952 0.319241 0.387471 0.059514
0.333968 0.180990 0.171787 0.392292 0.194742 0.224520 0.436889 0.780179 0.011473 0.364770 0.446036 0.148681
0.415762 0.233272 0.103721 0.435777 0.146265 0.219865 0.506164 0.791464 -0.016718 0.291400 0.421632 0.153603
0.307625 0.229734 0.219989 0.424020 0.170278 0.220064 0.516541 0.834146 0.010910 0.437793 0.366063 0.100587
0.266954 0.213739 0.196275 0.464576 0.173271 0.208879 0.409677 0.734602 0.090030 0.381022 0.397477 0.038576
0.290800 0.217700 0.212570 0.380402 0.253600 0.285377 0.455448 0.814281 0.061827 0.354387 0.337386 0.048036
0.414842 0.193587 0.184267 0.334397 0.303973 0.272186 0.413827 0.756819 -0.024266 0.314865 0.336466 0.054268
0.266908 0.229388 0.250318 0.455538 0.098890 0.138448 0.391189 0.755943 0.030323 0.278578 0.424066 0.103231
0.299120 0.220145 0.163974 0.464057 0.259202 0.261970 0.517776 0.692385 0.024048 0.341308 0.451315 0.040870
0.340835 0.145507 0.158350 0.425581 0.207242 0.224495 0.488637 0.723482 0.036537 0.342504 0.303056 0.082418
0.361755 0.184000 0.195887 0.404153 0.265054 0.190512 0.468646 0.753120 0.039700 0.262740 0.480050 0.207630
0.323721 0.256701 0.161160 0.258543 0.156977 0.201658 0.460015 0.672143 0.043983 0.254460 0.378284 0.101210
0.305875 0.225883 0.198905 0.387536 0.175024 0.188952 0.515259 0.661253 0.039687 0.348771 0.361776 0.135396
0.382807 0.221779 0.216418 0.461390 0.255441 0.257753 0.455956 0.738086 0.000619 0.343702 0.451022 0.029271
0.295127 0.177603 0.118531 0.442536 0.305712 0.177512 0.440382 0.757525 0.027528 0.328531 0.344956 0.088577
0.391214 0.162208 0.184292 0.492338 0.166624 0.319353 0.535787 0.678356 0.031474 0.344271 0.359763 0.043386
0.344083 0.167321 0.236059 0.475167 0.206883 0.189623 0.534070 0.736918 0.130700 0.335443 0.356789 0.065810
0.276308 0.233463 0.224451 0.429310 0.179634 0.204295 0.464779 0.859790 -0.007139 0.403376 0.466229 0.097629
0.330715 0.158146 0.181373 0.407766 0.191209 0.168231 0.380783 0.745053 -0.025604 0.333547 0.441525 0.154482
0.309257 0.188889 0.165474 0.436997 0.205686 0.237088 0.465237 0.720184 0.079514 0.302720 0.399549 0.100054
0.316013 0.281076 0.120070 0.485852 0.160472 0.284526 0.445138 0.728052 0.006143 0.282289 0.352959 0.062348
0.390605 0.208205 0.116753 0.432610 0.166977 0.224869 0.510822 0.856967 0.023969 0.303193 0.389087 0.060182
0.303565 0.165875 0.133183 0.393010 0.152532 0.206605 0.457245 0.736815 0.061437 0.312271 0.420059 0.109716
0.301055 0.190294 0.169319 0.411955 0.246866 0.260734 0.438754 0.711950 0.002356 0.335365 0.404712 0.067242
0.320020 0.194771 0.231341 0.464720 0.124349 0.259414 0.490814 0.768854 0.027363 0.307829 0.304793 0.078974
0.363506 0.277158 0.171962 0.417084 0.218404 0.239214 0.492988 0.739181 0.124051 0.323136 0.452891 0.040278
0.294844 0.230312 0.254322 0.451884 0.235517 0.285897 0.420505 0.694343 -0.014975 0.376031 0.483185 0.078918
0.303158 0.183500 0.274781 0.395862 0.257366 0.215790 0.502595 0.741873 0.069182 0.327244 0.406125 0.021347
0.370306 0.318379 0.269082 0.451631 0.240472 0.244356 0.435706 0.753437 0.028073 0.279261 0.404283 0.170188
0.376599 0.149531 0.222363 0.403116 0.177607 0.221220 0.428353 0.791795 0.004412 0.350966 0.425137 0.200939
0.291477 0.249243 0.137336 0.483626 0.163518 0.298528 0.494958 0.738351 0.004980 0.278443 0.475112 0.092954
0.410435 0.193103 0.111640 0.405795 0.165229 0.256814 0.542604 0.804925 0.097168 0.406420 0.391662 0.003666
0.370831 0.187510 0.192654 0.424100 0.175499 0.244045 0.485077 0.741363 0.097586 0.426797 0.381893 0.116452
0.282925 0.194975 0.155157 0.446736 0.136875 0.192525 0.464871 0.731706 0.050718 0.328467 0.440667 0.089798
0.321980 0.242063 0.202638 0.400370 0.250959 0.134382 0.332324 0.720382 0.024631 0.328098 0.405513 0.143637
0.337005 0.256418 0.233665 0.364972 0.113516 0.244090 0.453107 0.719537 0.063623 0.370672 0.351421 0.066672
0.278022 0.248492 0.197727 0.417104 0.243175 0.188660 0.470169 0.821804 0.097664 0.474953 0.474204 0.030451
0.398373 0.208631 0.112009 0.381046 0.192515 0.257000 0.464096 0.821883 -0.005999 0.260893 0.405087 0.111563
0.296610 0.211265 0.194682 0.431513 0.176425 0.252365 0.363587 0.711553 0.130151 0.325050 0.486095 0.073476
0.366243 0.216940 0.159638 0.417222 0.164509 0.241089 0.486664 0.723499 0.097536 0.330836 0.292245 0.087481
0.281286 0.266331 0.227515 0.396916 0.262763 0.158510 0.497371 0.746615 0.098221 0.370468 0.303510 0.055009
0.323219 0.284097 0.113886 0.476919 0.153152 0.133733 0.521376 0.714196 0.087302 0.370737 0.368348 -0.015570
0.328215 0.229516 0.070797 0.340614 0.168664 0.145963 0.454719 0.706057 -0.008852 0.344034 0.405950 0.092333
0.256072 0.145919 0.098221 0.409617 0.207647 0.191121 0.441160 0.719880 0.044957 0.391802 0.491707 0.040651
0.337407 0.250235 0.101259 0.373933 0.207592 0.193401 0.405952 0.699945 0.119810 0.294346 0.410956 -0.030218
0.329022 0.157730 0.085379 0.378553 0.191512 0.178112 0.441473 0.854583 0.060700 0.304009 0.283051 0.131850
0.310138 0.260425 0.186738 0.393598 0.189024 0.273728 0.481049 0.707176 0.078127 0.314191 0.395751 0.148264
0.244404 0.212871 0.169463 0.384849 0.235988 0.211960 0.427303 0.730402 -0.056609 0.393035 0.399464 0.071076
0.306255 0.203102 0.126123 0.436607 0.202243 0.284432 0.426485 0.761690 0.055748 0.373838 0.485507 0.151126
0.352386 0.196592 0.233799 0.451970 0.163248 0.285850 0.479235 0.726380 -0.035896 0.290312 0.426440 0.050746
0.342863 0.128493 0.200152 0.420710 0.218870 0.263468 0.475122 0.714024 0.055603 0.336019 0.378996 0.117065
0.318648 0.272643 0.155385 0.296108 0.196478 0.321145 0.363907 0.717200 0.121135 0.331549 0.416729 0.023663
0.385233 0.164725 0.183604 0.381832 0.112044 0.206902 0.433168 0.773222 0.021034 0.307928 0.318114 0.019486
0.370650 0.165667 0.182267 0.362876 0.139666 0.190990 0.415603 0.753681 0.034440 0.394792 0.438227 0.095404
0.406262 0.225498 0.171677 0.428344 0.250406 0.240535 0.496150 0.805563 0.004287 0.330720 0.401641 0.089752
0.294197 0.246075 0.197658 0.431089 0.105860 0.283878 0.464533 0.769377 -0.047637 0.324964 0.360940 0.092385
0.279215 0.233142 0.153352 0.440779 0.118669 0.189382 0.567119 0.760726 -0.103882 0.373092 0.473927 0.024144
0.330053 0.151525 0.213767 0.459806 0.135457 0.327313 0.420162 0.825712 0.044801 0.360958 0.418579 0.151442
0.441408 0.231747 0.162757 0.353848 0.191153 0.273298 0.392860 0.691934 -0.016943 0.376639 0.474666 0.072337
0.269228 0.205027 0.204492 0.476182 0.144578 0.254063 0.501074 0.857544 0.101574 0.344127 0.385818 0.061494
0.336689 0.176728 0.203787 0.521151 0.224556 0.238499 0.388766 0.779512 0.079951 0.399808 0.374120 0.058495
0.265275 0.227611 0.064371 0.386868 0.187962 0.286728 0.505129 0.816807 0.083720 0.377113 0.444902 0.069428
0.353073 0.263049 0.207399 0.406907 0.155190 0.253838 0.431172 0.729312 -0.041792 0.322062 0.476197 0.086255
0.304804 0.157148 0.223424 0.435874 0.196241 0.236245 0.467773 0.741785 -0.028524 0.328057 0.444343 0.088889
0.391838 0.224574 0.160258 0.460923 0.217538 0.194799 0.441890 0.748673 0.025629 0.257409 0.371819 0.061748
0.333409 0.238533 0.171084 0.349752 0.199650 0.206014 0.516812 0.805691 0.008349 0.383074 0.378939 0.131285
0.324994 0.210953 0.066217 0.398871 0.216504 0.255286 0.466940 0.738721 0.053902 0.331579 0.410876 0.131141
0.457586 0.259732 0.125832 0.415664 0.251110 0.337111 0.493718 0.750250 -0.035624 0.291133 0.412000 0.091709
0.333154 0.244037 0.150374 0.399370 0.170613 0.249906 0.469645 0.695763 0.016314 0.266280 0.377011 0.064004
0.286627 0.231410 0.120108 0.374725 0.147911 0.331781 0.452564 0.854824 0.012908 0.340247 0.360291 0.048893
0.372866 0.161216 0.131491 0.302367 0.179260 0.148692 0.443246 0.728518 0.106680 0.313867 0.345240 0.176416
0.309759 0.202340 0.109322 0.409478 0.105340 0.292774 0.447909 0.787142 0.033912 0.444190 0.374847 0.074055
0.437808 0.163330 0.204134 0.464790 0.185126 0.248719 0.508825 0.724947 -0.034872 0.368435 0.466187 0.127745
0.279462 0.125229 0.175413 0.411488 0.217943 0.228265 0.497974 0.804213 0.073580 0.348144 0.433809 0.086251
0.250604 0.207046 0.171816 0.372015 0.145704 0.189273 0.429701 0.810631 -0.079894 0.297470 0.406807 0.163172
0.384586 0.171478 0.097265 0.413155 0.131998 0.220614 0.472870 0.699707 -0.068386 0.284204 0.401256 0.146464
0.381207 0.215593 0.161898 0.438326 0.181051 0.296855 0.591901 0.801529 0.058294 0.330131 0.438192 0.105030
0.403341 0.102537 0.137149 0.421242 0.166438 0.216677 0.453025 0.741313 0.064090 0.216483 0.508419 0.078607
0.290228 0.260935 0.178722 0.407244 0.227798 0.232093 0.495804 0.753182 0.054670 0.256558 0.334314 0.082553
0.339528 0.220559 0.097467 0.479584 0.204447 0.188104 0.403067 0.758253 0.038357 0.333422 0.230483 0.120396
0.299526 0.266245 0.213618 0.419571 0.119314 0.123790 0.452162 0.775494 0.053859 0.274210 0.420240 0.038867
0.291310 0.156665 0.238753 0.466984 0.155477 0.252731 0.474501 0.820126 -0.032097 0.238404 0.421127 0.083305
0.362555 0.133973 0.154030 0.486611 0.079602 0.260699 0.490799 0.836112 0.070522 0.415468 0.469262 0.099754
0.283397 0.249923 0.172525 0.409951 0.268893 0.212667 0.507865 0.863680 0.108708 0.380014 0.395501 0.098467
0.441261 0.176699 0.168982 0.472870 0.227343 0.185258 0.410081 0.652859 -0.001490 0.327733 0.455946 0.076871
0.350301 0.215004 0.215198 0.414604 0.234565 0.137612 0.501208 0.786266 -0.030983 0.338709 0.451004 0.045089
0.351959 0.222594 0.181529 0.431503 0.223014 0.188459 0.419761 0.789716 -0.009047 0.342354 0.391499 0.016541
0.377925 0.192232 0.196227 0.382138 0.182045 0.216913 0.478362 0.792129 0.004641 0.333522 0.363567 0.063914
0.362396 0.150865 0.161598 0.461090 0.154572 0.167555 0.466391 0.805866 0.078859 0.266441 0.429365 0.034822
0.398253 0.154492 0.195545 0.399393 0.175356 0.240580 0.466472 0.692159 0.044693 0.231207 0.441436 0.105817
0.205285 0.185102 0.191294 0.451353 0.145121 0.209448 0.362273 0.719110 0.103028 0.325718 0.400527 -0.021379
0.316136 0.234056 0.162491 0.448287 0.225505 0.266069 0.550557 0.657493 0.015043 0.404692 0.303317 0.055005
0.331111 0.170613 0.211108 0.399749 0.205654 0.134829 0.453149 0.678202 0.055742 0.424204 0.420050 0.029464
0.377398 0.056716 0.201563 0.467240 0.226381 0.245959 0.452077 0.825178 0.036791 0.316864 0.471758 0.059254
0.320677 0.150682 0.238868 0.394242 0.328002 0.244256 0.654750 0.748131 -0.026655 0.264728 0.312362 0.078585
0.385701 0.132061 0.090714 0.375467 0.116104 0.273944 0.467151 0.750648 -0.025348 0.325530 0.441651 0.027728
0.386755 0.210369 0.043976 0.380019 0.167261 0.173952 0.498431 0.790306 0.055139 0.382414 0.420382 0.084657
0.316408 0.179047 0.210465 0.501201 0.294095 0.127315 0.546270 0.735438 0.116458 0.281567 0.444996 0.042356
0.319669 0.136325 0.217187 0.488302 0.199739 0.185476 0.480019 0.690625 0.096182 0.273903 0.452894 0.026399
0.285827 0.141119 0.178783 0.459187 0.154581 0.183352 0.431079 0.700466 -0.006377 0.281731 0.426726 0.119543
0.320086 0.128063 0.131684 0.411618 0.186779 0.232544 0.416971 0.681126 0.016868 0.349625 0.437772 -0.058799
0.344800 0.207189 0.219177 0.463766 0.135157 0.150642 0.451085 0.730893 -0.030066 0.353710 0.262825 0.110885
0.364586 0.229357 0.149733 0.423185 0.222885 0.199984 0.489176 0.811638 0.050139 0.382386 0.411764 0.110162
0.301685 0.194395 0.148050 0.338094 0.201841 0.235610 0.523714 0.723247 0.024256 0.400563 0.282090 0.141823
0.299078 0.183779 0.150393 0.398259 0.188756 0.242620 0.514356 0.757082 0.037497 0.450692 0.416883 -0.023636
0.361604 0.138841 0.126571 0.401131 0.249996 0.199531 0.461116 0.855217 0.061295 0.333825 0.458982 0.103758
0.363961 0.217739 0.210806 0.441210 0.145861 0.318226 0.559237 0.792556 0.063269 0.313928 0.432891 0.126378
0.382806 0.169767 0.091035 0.413868 0.180633 0.391677 0.473665 0.774145 -0.010842 0.409422 0.466389 0.062753
0.307989 0.147877 0.073544 0.381397 0.210425 0.223370 0.464904 0.813860 0.072546 0.264612 0.449513 0.044980
0.301059 0.157268 0.218553 0.478314 0.195696 0.189710 0.395771 0.643455 0.141390 0.400078 0.439097 0.087235
0.308900 0.244108 0.169766 0.392721 0.249758 0.244424 0.491862 0.798141 0.115836 0.270714 0.432466 0.017848
0.258720 0.149811 0.158172 0.576651 0.113190 0.272118 0.383171 0.824185 0.048633 0.346106 0.406205 -0.014001
0.342410 0.263722 0.147906 0.466255 0.220042 0.191618 0.523928 0.844043 0.018031 0.351132 0.390865 0.076003
0.290736 0.173083 0.173907 0.383278 0.187012 0.290441 0.404277 0.783875 0.132369 0.392273 0.336437 0.137944
0.381715 0.205755 0.184497 0.440993 0.150501 0.253260 0.521004 0.801311 0.064822 0.422560 0.469693 0.098642
0.350420 0.233135 0.176550 0.462659 0.169888 0.221619 0.466585 0.731170 0.019719 0.391240 0.461442 0.048119
0.306833 0.208996 0.195952 0.358014 0.136542 0.161422 0.520290 0.718373 0.083225 0.403302 0.382175 0.140564
0.321561 0.257580 0.183013 0.450505 0.112474 0.377537 0.473582 0.671419 0.016962 0.317942 0.442828 0.068352
0.331546 0.284111 0.173237 0.432326 0.217854 0.224784 0.487557 0.748836 0.124941 0.430286 0.398511 0.055702
0.357432 0.187958 0.149145 0.380408 0.112556 0.230224 0.522017 0.737566 -0.046983 0.332020 0.374139 0.145879
0.305307 0.181077 0.152841 0.403332 0.166292 0.208248 0.508896 0.773534 -0.027281 0.328187 0.503894 0.124846
0.451676 0.087652 0.184204 0.373458 0.105727 0.263159 0.404404 0.763173 0.019889 0.393804 0.420251 0.012618
0.323674 0.214643 0.038071 0.442278 0.095929 0.218458 0.439659 0.734702 0.019801 0.294074 0.464981 0.048202
0.343909 0.148538 0.221660 0.352610 0.164992 0.207520 0.392104 0.716565 -0.013878 0.334167 0.341597 0.143860
0.344530 0.219952 0.146335 0.422357 0.219876 0.292347 0.473124 0.809540 0.098110 0.282163 0.372103 0.082337
0.354613 0.235644 0.143248 0.445737 0.206759 0.220681 0.401348 0.781532 0.099208 0.300800 0.434438 0.127541
0.219933 0.152652 0.103843 0.329105 0.171906 0.246554 0.521981 0.731947 -0.006490 0.314568 0.364016 0.036639
0.344912 0.188360 0.108742 0.422721 0.196408 0.196019 0.450139 0.736229 0.106800 0.313239 0.474028 0.044581
0.345969 0.187822 0.205143 0.408369 0.115861 0.364837 0.460134 0.766581 0.073692 0.359451 0.383986 0.064818
0.407973 0.155544 0.070115 0.349085 0.166585 0.210321 0.444475 0.753374 0.045592 0.379359 0.468123 0.020582
0.327434 0.238279 0.263797 0.372019 0.145742 0.261716 0.386759 0.748688 0.039880 0.363717 0.405316 0.120609
0.392724 0.296874 0.226125 0.466730 0.129297 0.193340 0.394398 0.700192 -0.030903 0.316419 0.401515 0.090439
0.380964 0.193180 0.237179 0.473833 0.198771 0.218061 0.396554 0.826107 0.109641 0.433535 0.371991 0.198243
0.263390 0.094573 0.213694 0.356675 0.104809 0.246097 0.466756 0.718025 0.093747 0.333956 0.456880 0.027751
0.350371 0.231398 0.183700 0.434400 0.266825 0.240396 0.352782 0.748915 0.020870 0.250754 0.454860 0.205813
0.381805 0.166917 0.169847 0.407541 0.150583 0.247194 0.455421 0.780227 -0.087077 0.387974 0.331826 0.073298
0.374706 0.218824 0.287532 0.473901 0.133784 0.239342 0.471982 0.745079 0.060499 0.236181 0.374537 0.039581
0.268522 0.245013 0.205289 0.521034 0.197914 0.243985 0.410625 0.749783 0.005027 0.336090 0.411976 0.061620
0.177607 0.255686 0.194051 0.361718 0.205275 0.233311 0.456592 0.760335 0.011475 0.387203 0.377804 0.032392
0.411129 0.238856 0.101396 0.473249 0.151363 0.213562 0.462670 0.781735 0.005532 0.259879 0.385001 0.114807
0.431081 0.217455 0.224669 0.357397 0.175840 0.247222 0.492457 0.703783 0.038572 0.433320 0.295981 0.012657
0.404232 0.217679 0.199177 0.395782 0.207192 0.189923 0.469741 0.789686 0.078972 0.307443 0.488006 0.066519
0.265727 0.301638 0.064177 0.384452 0.133529 0.190412 0.523230 0.831136 0.017304 0.408342 0.391739 0.092302
0.381719 0.234916 0.229253 0.437574 0.073151 0.237574 0.405937 0.807223 0.012506 0.416136 0.424373 0.073297
0.315863 0.205738 0.158481 0.426062 0.151411 0.190547 0.449570 0.727419 0.015897 0.319344 0.337759 0.043829
0.312621 0.175088 0.197303 0.447459 0.253544 0.353215 0.498249 0.772838 0.074723 0.425032 0.398548 0.077182
0.304133 0.210919 0.119555 0.361040 0.200574 0.308899 0.417227 0.739186 -0.007350 0.265871 0.492461 0.127336
0.350376 0.171968 0.226940 0.373837 0.194822 0.235812 0.517397 0.831449 -0.033699 0.441817 0.459704 0.147516
0.349075 0.166856 0.212707 0.424745 0.198992 0.268593 0.475275 0.725247 -0.052957 0.420166 0.485624 0.083393
0.371845 0.099935 0.117312 0.411615 0.107327 0.252869 0.479005 0.773701 -0.014139 0.309497 0.365763 0.114100
0.378396 0.115072 0.241534 0.488562 0.135745 0.274734 0.437061 0.776873 0.005360 0.257191 0.433253 0.038472
0.369769 0.196350 0.151961 0.447512 0.175484 0.299042 0.476434 0.722239 0.092648 0.390824 0.516248 0.105858
0.265707 0.217703 0.177249 0.361441 0.173149 0.227994 0.423740 0.791087 0.120070 0.351893 0.368865 0.047356
0.302527 0.217095 0.155103 0.446890 0.162331 0.227221 0.478491 0.914902 -0.002978 0.388238 0.368132 0.078533
0.359450 0.257778 0.146606 0.433481 0.192410 0.295107 0.442677 0.736972 0.024038 0.275900 0.434121 0.125098
0.444514 0.202022 0.201038 0.453145 0.201609 0.258094 0.497007 0.750287 0.097976 0.301005 0.361234 0.055602
0.370273 0.177504 0.259021 0.358643 0.221478 0.278910 0.494048 0.886905 0.003677 0.327197 0.439073 0.144534
0.241296 0.180045 0.229831 0.412349 0.186344 0.164272 0.410765 0.762037 0.012853 0.334291 0.387525 0.015560
0.353556 0.231227 0.202762 0.413945 0.234532 0.242798 0.517965 0.747282 -0.053693 0.313281 0.396093 0.052706
0.371418 0.293577 0.081746 0.370811 0.142569 0.250229 0.458002 0.819047 -0.012252 0.275118 0.347466 0.117275
0.302232 0.219099 0.233986 0.497752 0.215215 0.247542 0.487688 0.691797 0.000381 0.428968 0.376531 0.003442
0.362833 0.204563 0.182083 0.432961 0.237419 0.220415 0.459043 0.670311 0.029058 0.265515 0.415286 0.082846
0.357403 0.152305 0.095128 0.449056 0.176310 0.334484 0.453229 0.786465 0.041725 0.348144 0.354048 0.095638
0.338366 0.280998 0.121169 0.399876 0.129851 0.302805 0.444970 0.739495 0.080131 0.313776 0.439703 0.057252
0.380544 0.123613 0.181022 0.351546 0.222769 0.110658 0.568491 0.641923 0.025442 0.293329 0.368774 0.087858
0.329664 0.244756 0.209620 0.437556 0.198292 0.265092 0.401805 0.713000 -0.000521 0.285824 0.398664 0.087222
0.347841 0.278578 0.241989 0.442824 0.253919 0.214086 0.567632 0.790368 0.041513 0.309115 0.332736 0.016739
0.314023 0.195395 0.232020 0.363420 0.148080 0.123317 0.446380 0.764714 0.005034 0.384875 0.418286 0.049678
0.352788 0.187811 0.282034 0.375250 0.182956 0.229755 0.539027 0.825829 -0.003842 0.425684 0.393509 0.071564
0.323105 0.214062 0.060049 0.369461 0.177914 0.174009 0.580101 0.726064 -0.015678 0.336352 0.395262 0.044601
0.294646 0.244626 0.200608 0.399589 0.163719 0.194607 0.485212 0.727917 0.014425 0.304981 0.381608 0.023670
0.307630 0.342579 0.197493 0.386235 0.230321 0.173091 0.462610 0.750455 0.032710 0.232460 0.355088 0.135623
0.351225 0.173201 0.195951 0.469803 0.130579 0.194552 0.526678 0.690272 -0.054815 0.367153 0.449491 0.058803
0.286033 0.176112 0.109882 0.396156 0.231781 0.247130 0.489691 0.765822 0.037046 0.394923 0.427394 0.118467
0.347554 0.213885 0.181549 0.380488 0.240452 0.214659 0.553701 0.802218 0.045554 0.393209 0.383087 0.105426
0.293179 0.240332 0.214675 0.381573 0.142084 0.127749 0.480211 0.793404 -0.018685 0.372354 0.400137 0.178728
0.303243 0.208574 0.180860 0.527167 0.142722 0.291574 0.394484 0.799813 -0.048827 0.337432 0.477324 0.177604
0.326081 0.199135 0.292475 0.403421 0.104830 0.168842 0.402681 0.741796 0.061713 0.363786 0.383598 0.132385
0.298938 0.218181 0.175653 0.490529 0.183483 0.292399 0.392698 0.762323 0.028246 0.322871 0.375387 0.108838
0.430334 0.233029 0.228739 0.429711 0.164400 0.283351 0.467638 0.849770 0.047973 0.326254 0.335511 0.128949
0.433049 0.198620 0.166408 0.418187 0.237587 0.332483 0.504671 0.759452 -0.012219 0.264786 0.415484 0.029317
0.302426 0.193309 0.220679 0.507750 0.106999 0.254966 0.502564 0.816966 0.059094 0.366673 0.421889 0.119946
0.292923 0.182152 0.272018 0.390970 0.108319 0.244839 0.362037 0.702214 -0.002724 0.271623 0.327519 0.107879
0.226339 0.158365 0.206687 0.375268 0.104199 0.086938 0.405836 0.734660 -0.083379 0.303653 0.349084 0.079683
0.316507 0.259339 0.158959 0.462447 0.180570 0.295658 0.420777 0.718827 -0.009589 0.354998 0.407132 0.090308
0.329458 0.202080 0.194535 0.494367 0.201099 0.299510 0.415504 0.730337 0.055934 0.408466 0.393813 0.100095
0.345127 0.264846 0.100453 0.405620 0.187404 0.215375 0.394625 0.669601 0.048621 0.312811 0.384126 0.077738
0.343585 0.276537 0.104601 0.455978 0.256746 0.204327 0.440504 0.798380 0.150846 0.246952 0.433602 0.183192
0.392513 0.059445 0.227703 0.473176 0.156924 0.216403 0.424502 0.843489 -0.004555 0.318185 0.337691 0.058906
0.314527 0.175213 0.087796 0.349400 0.207365 0.244192 0.430836 0.821080 0.103958 0.344784 0.486355 0.080603
0.343470 0.275165 0.198269 0.456830 0.166579 0.258728 0.471398 0.840073 0.127555 0.322377 0.459568 -0.007469
0.224529 0.180182 0.141981 0.386722 0.268887 0.201661 0.477072 0.692360 0.092979 0.282616 0.440846 0.076074
0.410205 0.159009 0.181486 0.526796 0.137865 0.169268 0.470461 0.825458 0.117468 0.347267 0.363715 0.155399
0.338167 0.143178 0.271041 0.422803 0.133080 0.136836 0.334202 0.770119 0.087062 0.256133 0.369350 0.065031
0.474156 0.200641 0.295633 0.364717 0.191505 0.165384 0.412061 0.661894 0.091118 0.338344 0.378060 0.128652
0.319594 0.198746 0.183142 0.465288 0.262338 0.291591 0.416349 0.794615 0.022408 0.284271 0.424690 0.268912
0.379939 0.271055 0.082350 0.422843 0.035220 0.171414 0.399148 0.705584 -0.016753 0.393320 0.349784 0.101016
0.300406 0.124877 0.244127 0.438178 0.183353 0.200875 0.395726 0.811252 -0.001709 0.371296 0.358601 0.030261
0.297666 0.166316 0.306408 0.389645 0.077314 0.268008 0.420187 0.822661 0.053539 0.317507 0.362651 0.132028
0.282028 0.295205 0.197090 0.331536 0.178374 0.200320 0.481621 0.757903 -0.051029 0.321857 0.410699 0.114189
0.328772 0.239081 0.189683 0.359642 0.250824 0.197734 0.411680 0.793687 0.012105 0.330671 0.361212 0.070864
0.377688 0.287395 0.194140 0.365051 0.192197 0.220943 0.427135 0.737928 0.027674 0.283959 0.271704 0.106286
0.307374 0.168199 0.170872 0.406061 0.189301 0.206676 0.492119 0.689718 0.170731 0.327592 0.352886 0.046095
0.353592 0.155209 0.239554 0.443119 0.264319 0.263470 0.436817 0.786485 0.058838 0.467190 0.401685 0.097678
0.296749 0.303004 0.141282 0.464973 0.200580 0.234395 0.477466 0.825926 0.089896 0.406611 0.466905 0.065599
0.415727 0.184858 0.210644 0.343306 0.138489 0.135878 0.384068 0.807336 0.075427 0.328440 0.308531 0.067917
0.385279 0.238285 0.096889 0.436460 0.235420 0.269992 0.460384 0.634326 0.055316 0.369026 0.438184 0.126308
0.373218 0.187148 0.109686 0.449759 0.144679 0.220976 0.524407 0.757994 0.020064 0.258627 0.395912 0.126848
0.301736 0.226737 0.170734 0.470542 0.167485 0.194654 0.512838 0.672803 0.043818 0.321082 0.463047 0.055279
0.295411 0.225758 0.236237 0.489725 0.272981 0.187007 0.574743 0.735534 0.044643 0.315961 0.405986 0.107280
0.331786 0.279992 0.154611 0.514936 0.150757 0.248388 0.410843 0.776720 0.007499 0.220341 0.453617 0.025697
0.418322 0.249721 0.160557 0.448396 0.231084 0.243531 0.477079 0.789841 -0.078262 0.359911 0.390662 0.051214
0.267843 0.240943 0.101064 0.392692 0.132615 0.294827 0.397957 0.682561 0.095314 0.335780 0.328933 0.023215
0.196594 0.181845 0.108216 0.415171 0.177634 0.211758 0.397371 0.743366 0.079723 0.308005 0.396084 0.096331
0.309436 0.181681 0.231160 0.453395 0.238056 0.200500 0.489840 0.784207 0.049614 0.360615 0.360686 0.071533
0.337840 0.151829 0.229238 0.495162 0.050310 0.097756 0.487446 0.764826 0.093483 0.393203 0.454445 0.086476
0.248506 0.274982 0.207873 0.374839 0.160964 0.148319 0.479780 0.796609 0.090014 0.392051 0.372912 0.026121
0.301138 0.137594 0.255897 0.359008 0.122279 0.243907 0.452249 0.835393 0.035242 0.366215 0.431261 0.037449
0.384812 0.209397 0.202423 0.462912 0.172339 0.237289 0.461617 0.796400 -0.050092 0.233472 0.327330 0.071434
0.368004 0.206887 0.192879 0.446531 0.173364 0.251055 0.541746 0.695765 0.002041 0.293625 0.407739 0.025615
0.344528 0.241906 0.247153 0.377941 0.232927 0.152982 0.448333 0.681871 0.075020 0.323673 0.351825 0.091836
0.320231 0.244221 0.212477 0.411614 0.161698 0.211449 0.421468 0.757085 -0.002004 0.427370 0.409512 0.060103
0.338392 0.225635 0.085146 0.442050 0.242827 0.250557 0.519647 0.733293 0.068589 0.348450 0.379935 0.186996
0.256744 0.218049 0.106721 0.475110 0.243661 0.173817 0.515105 0.711039 0.006022 0.325494 0.406665 0.136547
0.379244 0.267937 0.141942 0.397032 0.090385 0.210309 0.446076 0.784469 0.005314 0.367283 0.370919 0.074494
0.336758 0.226250 0.152702 0.395660 0.226173 0.250271 0.442287 0.697485 0.040130 0.365173 0.486370 0.081494
0.349639 0.270615 0.140273 0.464627 0.222367 0.208374 0.552375 0.675351 0.053635 0.361133 0.380476 0.182650
0.316625 0.259732 0.219544 0.348897 0.231038 0.189273 0.419586 0.688647 -0.000135 0.257033 0.453429 0.069582
0.353516 0.132640 0.281159 0.416766 0.200154 0.171985 0.412262 0.792505 0.069458 0.306349 0.491213 0.110616
0.432140 0.268304 0.176298 0.350399 0.164767 0.235398 0.441561 0.693478 0.036735 0.400188 0.400523 0.046501
0.350043 0.302549 0.227145 0.435008 0.178516 0.255655 0.442399 0.789321 0.101927 0.413284 0.338008 0.152928
0.373424 0.233254 0.163777 0.340275 0.197940 0.128000 0.478431 0.705130 0.003578 0.252099 0.542951 0.084254
0.319964 0.156176 0.174288 0.464373 0.150372 0.185748 0.487102 0.738475 0.082054 0.372097 0.379282 0.042552
0.389636 0.180099 0.191866 0.454153 0.059182 0.228389 0.456854 0.750071 -0.095959 0.283489 0.420895 0.002513
0.279057 0.285974 0.206658 0.424689 0.170659 0.118996 0.474221 0.754423 -0.094647 0.371833 0.416544 0.041842
0.309670 0.305538 0.092564 0.437080 0.209527 0.306566 0.494326 0.674017 0.049252 0.296798 0.462918 0.093679
0.362120 0.227535 0.204217 0.392285 0.174777 0.235964 0.441336 0.740190 0.016227 0.299047 0.455967 0.166039
0.282437 0.107150 0.153088 0.497110 0.153108 0.263439 0.495598 0.819550 0.053484 0.272811 0.388516 0.063162
0.300973 0.297545 0.186744 0.393516 0.178966 0.215870 0.469036 0.803217 -0.095063 0.280527 0.452066 0.063253
0.363438 0.178549 0.209685 0.348125 0.206142 0.241491 0.471383 0.818578 0.169086 0.300792 0.390708 0.063801
0.397703 0.188442 0.141054 0.427104 0.220372 0.308322 0.481476 0.696180 0.002961 0.331973 0.285202 0.104385
0.372981 0.231563 0.118873 0.504451 0.109214 0.229551 0.505644 0.841081 0.072117 0.348785 0.422062 0.050824
0.288269 0.106125 0.112707 0.385105 0.146909 0.230749 0.472084 0.835478 0.066898 0.286393 0.372452 0.095450
0.252536 0.247565 0.183076 0.357747 0.125880 0.264237 0.433133 0.763167 0.032983 0.317878 0.463026 0.056445
0.347241 0.271229 0.172376 0.400988 0.157069 0.233657 0.619104 0.814483 0.105993 0.331534 0.415112 0.067184
0.389552 0.282706 0.261326 0.380257 0.234088 0.354301 0.447346 0.804324 0.090511 0.389953 0.390984 0.102573
0.287576 0.204505 0.194089 0.412969 0.135271 0.319412 0.488245 0.704588 -0.006293 0.269858 0.483853 0.089237
0.275873 0.200693 0.215972 0.462702 0.143616 0.258535 0.399721 0.830135 0.030745 0.396911 0.405586 0.163519
0.415746 0.201318 0.160885 0.386029 0.147621 0.320783 0.514088 0.750823 -0.012939 0.297017 0.433779 0.105082
0.300724 0.193893 0.179741 0.454824 0.246250 0.259898 0.478044 0.718254 -0.046331 0.344459 0.338692 0.089041
0.276234 0.212356 0.185316 0.405766 0.183944 0.244480 0.411106 0.747813 0.000818 0.195922 0.341073 0.001304
0.374674 0.194491 0.157701 0.426485 0.131361 0.169565 0.512328 0.676421 -0.007804 0.357034 0.352961 0.171504
0.364610 0.095849 0.185941 0.393114 0.130220 0.197621 0.496186 0.759502 0.054501 0.315252 0.391276 0.090722
0.382706 0.232752 0.134435 0.403763 0.305298 0.191993 0.513804 0.818361 0.035435 0.345733 0.420363 0.052670
0.242833 0.216751 0.149054 0.297307 0.338144 0.206497 0.436264 0.909286 -0.046861 0.354579 0.400550 0.162442
0.348126 0.231974 0.134951 0.393233 0.170464 0.189987 0.507943 0.727421 0.011799 0.275564 0.472840 0.024801
0.325008 0.136826 0.161810 0.373519 0.044325 0.174500 0.373010 0.792713 0.014422 0.303915 0.348539 -0.082546
0.335684 0.113423 0.137052 0.343740 0.090128 0.247122 0.488078 0.753159 0.085396 0.273963 0.418404 0.058273
0.251093 0.264328 0.117883 0.366927 0.160570 0.140628 0.515338 0.778484 -0.010060 0.268571 0.420871 -0.035871
0.262125 0.222870 0.186892 0.369678 0.207356 0.209115 0.387981 0.845542 0.009517 0.259305 0.473089 0.031501
0.235160 0.232109 0.209629 0.409021 0.098445 0.231113 0.479181 0.685205 0.024277 0.300898 0.408205 0.093466
0.301498 0.204361 0.126663 0.323542 0.245147 0.109625 0.460475 0.771300 0.001440 0.327106 0.398833 0.148272
0.401737 0.164703 0.264713 0.309348 0.161672 0.254051 0.543590 0.815374 0.017909 0.235326 0.337872 0.087705
0.358122 0.279037 0.157621 0.292229 0.176808 0.161143 0.407104 0.750951 0.011468 0.340422 0.471827 0.052851
0.348978 0.353127 0.210625 0.404042 0.228197 0.251567 0.514006 0.697271 0.029371 0.253602 0.439793 0.019336
0.326439 0.270665 0.184067 0.365606 0.181542 0.186099 0.385688 0.701624 0.052581 0.309794 0.406028 0.108749
0.258858 0.240077 0.189769 0.451678 0.110051 0.198837 0.473718 0.744357 -0.023279 0.360303 0.290144 0.089557
0.381675 0.208228 0.177361 0.439471 0.220067 0.254041 0.484919 0.719395 0.029908 0.315947 0.381029 0.005982
0.347380 0.180606 0.134142 0.468961 0.123887 0.237565 0.429743 0.898973 0.032949 0.290920 0.483095 0.068206
0.312750 0.142576 0.161076 0.434040 0.193729 0.298373 0.486964 0.783743 0.010044 0.198020 0.366315 -0.018863
0.326051 0.209469 0.206876 0.432116 0.202524 0.240770 0.427444 0.742656 0.046684 0.356509 0.467907 0.146246
0.390442 0.221777 0.121603 0.357602 0.239317 0.166546 0.469935 0.721862 0.016999 0.327089 0.347062 0.029415
0.264694 0.220716 0.161643 0.377865 0.194164 0.322946 0.489420 0.836004 -0.002367 0.375288 0.468067 0.034341
0.169361 0.558774 0.183110 0.846325 0.689766 1.003582 0.557293 0.470698 0.566164 0.292756 0.249653 0.447735
0.083336 0.706561 0.098716 0.737428 0.541579 0.937639 0.543870 0.567049 0.411572 0.231540 0.251007 0.455244
0.135609 0.666203 0.169538 0.696684 0.685047 0.894196 0.451032 0.507973 0.468262 0.246501 0.322314 0.489120
-0.025787 0.746130 0.147375 0.773035 0.745775 1.072742 0.584547 0.479699 0.416149 0.216805 0.353683 0.453561
0.128949 0.691003 0.007701 0.757793 0.611787 0.979508 0.552316 0.503753 0.500049 0.250438 0.242206 0.429705
0.047006 0.560836 0.096416 0.762576 0.681039 0.888532 0.487845 0.432322 0.429403 0.230984 0.262511 0.522629
0.096103 0.688221 0.073689 0.763276 0.666673 1.016630 0.484800 0.511907 0.438182 0.140449 0.246349 0.375930
0.124200 0.574913 0.174063 0.772650 0.639898 0.923315 0.571659 0.613704 0.500065 0.321604 0.357036 0.476893
0.087377 0.665584 0.125007 0.803693 0.667360 0.914917 0.471278 0.531772 0.384753 0.276346 0.295526 0.382277
0.032343 0.747747 0.023007 0.819496 0.625695 0.936590 0.558612 0.447965 0.577088 0.188769 0.256972 0.440718
0.109645 0.594508 0.078988 0.801605 0.630247 0.946193 0.500805 0.549536 0.467546 0.280015 0.271010 0.454716
0.143648 0.552915 0.137973 0.758916 0.711622 0.869470 0.439009 0.603287 0.453576 0.236434 0.399439 0.471279
0.063565 0.702583 0.148695 0.742103 0.636979 0.950178 0.601042 0.614845 0.439264 0.241989 0.287440 0.462532
0.113706 0.682736 0.159128 0.659477 0.654287 0.979784 0.552370 0.542458 0.634576 0.267131 0.402755 0.454362
0.064481 0.652495 0.095372 0.868955 0.706078 0.878474 0.495313 0.546806 0.413277 0.193717 0.254266 0.438352
0.141963 0.693727 0.184634 0.821076 0.630976 0.910254 0.481373 0.565084 0.451600 0.276789 0.355283 0.544863
0.046480 0.631097 0.151228 0.765973 0.670319 0.861268 0.551920 0.467483 0.507580 0.297950 0.210161 0.440176
0.200168 0.668771 0.139255 0.799375 0.662741 1.033353 0.495244 0.560639 0.480143 0.210503 0.276128 0.413903
0.055999 0.643577 0.096160 0.803939 0.582999 0.930984 0.517264 0.576893 0.496609 0.270461 0.265692 0.437450
0.100443 0.731628 0.105565 0.698950 0.690003 0.946934 0.508756 0.638155 0.511727 0.292393 0.241307 0.436019
0.104116 0.713902 0.093783 0.744484 0.572795 1.047807 0.495468 0.622335 0.398245 0.276414 0.261349 0.449158
0.045254 0.691086 0.116776 0.831066 0.612352 0.910470 0.463622 0.584000 0.481034 0.209895 0.277258 0.389270
0.088578 0.610439 0.131091 0.804997 0.574785 0.975880 0.575389 0.468777 0.425151 0.199252 0.316448 0.473376
0.000597 0.577165 0.195797 0.721114 0.655381 0.984010 0.521725 0.539859 0.497346 0.268729 0.398181 0.417165
0.086830 0.606690 0.114138 0.718366 0.680087 0.919736 0.536141 0.443818 0.466120 0.192845 0.285382 0.540107
0.095660 0.572249 0.261279 0.743132 0.758903 0.971804 0.590078 0.515155 0.461792 0.181073 0.303861 0.407232
0.025328 0.620569 0.126685 0.807291 0.637069 0.796532 0.547415 0.517495 0.494301 0.138458 0.184199 0.460720
0.002856 0.573205 0.107480 0.715149 0.708376 0.996096 0.469446 0.515405 0.462959 0.232235 0.354539 0.439781
0.000281 0.616874 0.086346 0.787740 0.574389 0.824216 0.455039 0.598879 0.471606 0.235126 0.278765 0.407953
0.007108 0.594353 0.011582 0.683723 0.682194 0.950957 0.585797 0.516760 0.492320 0.164572 0.276157 0.489980
0.045634 0.649411 0.104219 0.816683 0.573303 0.909956 0.541526 0.495429 0.404072 0.245302 0.225777 0.376846
0.153055 0.648738 0.165878 0.713914 0.674001 0.905181 0.383420 0.561810 0.402814 0.275349 0.323373 0.429658
0.065306 0.608377 0.102447 0.857024 0.580464 0.894488 0.533457 0.471088 0.391383 0.186019 0.377727 0.324916
0.088777 0.587512 0.084426 0.802900 0.693214 0.926847 0.441537 0.546077 0.516599 0.279807 0.253924 0.467478
0.012355 0.593284 0.150682 0.761103 0.698316 0.955748 0.543226 0.463281 0.519419 0.271304 0.303991 0.456930
0.038845 0.632186 0.146031 0.823756 0.616109 0.948042 0.470915 0.564053 0.404842 0.233963 0.297682 0.554638
0.024339 0.615980 0.181941 0.857946 0.631725 0.835112 0.627877 0.543601 0.483676 0.224389 0.242706 0.418685
-0.001241 0.668171 0.107517 0.772084 0.676342 0.972842 0.527192 0.593647 0.463320 0.141159 0.259812 0.333554
0.162739 0.601562 0.127517 0.707958 0.672014 1.019049 0.514274 0.563156 0.556529 0.304352 0.344893 0.416356
0.171315 0.634838 0.125292 0.793383 0.572478 0.933582 0.495473 0.547253 0.439126 0.310136 0.373668 0.418555
0.032843 0.657506 0.163754 0.769079 0.672895 0.899376 0.498048 0.487909 0.458504 0.258429 0.210106 0.409914
-0.009853 0.631463 0.198019 0.733621 0.710595 1.074074 0.487551 0.467649 0.455214 0.194731 0.301636 0.423028
0.032191 0.655912 0.127089 0.753541 0.565505 0.929279 0.454708 0.416416 0.451933 0.208784 0.231184 0.530373
0.176774 0.725892 0.042072 0.814690 0.754848 0.982303 0.532618 0.565889 0.384788 0.260328 0.243541 0.424402
0.007450 0.606676 0.103491 0.856383 0.729336 0.952824 0.542066 0.496760 0.428649 0.219790 0.230293 0.436740
0.078405 0.665520 0.134773 0.838746 0.655051 1.019514 0.541968 0.496000 0.466901 0.210690 0.277685 0.435706
0.136764 0.612499 0.118633 0.802982 0.615497 0.900381 0.480933 0.533206 0.511659 0.198886 0.286921 0.324835
0.110891 0.680691 0.086444 0.772419 0.721364 0.897402 0.490344 0.520981 0.522173 0.166455 0.277608 0.408328
0.058070 0.585344 0.157348 0.801088 0.635311 0.907341 0.562594 0.509572 0.495484 0.232836 0.261517 0.401356
0.175325 0.611134 0.184690 0.825545 0.673872 1.065268 0.519366 0.561321 0.365586 0.190872 0.314901 0.469690
0.168258 0.601871 0.087143 0.739114 0.729475 0.950976 0.557227 0.529826 0.464924 0.184689 0.228905 0.440378
0.127648 0.628982 0.104454 0.828128 0.672877 0.969814 0.498002 0.626872 0.512556 0.288954 0.338284 0.415034
0.092736 0.613860 0.197329 0.702912 0.550697 1.051848 0.537520 0.585833 0.464255 0.162145 0.219105 0.443834
0.093943 0.676491 0.070843 0.830745 0.605817 0.987037 0.533081 0.609358 0.478398 0.241773 0.287551 0.540746
0.111272 0.713534 0.051334 0.776894 0.651563 0.930679 0.565369 0.528034 0.468379 0.218915 0.319458 0.339740
0.066774 0.687931 0.109621 0.735776 0.616013 0.955516 0.584549 0.546982 0.422291 0.220707 0.343597 0.383177
0.054853 0.661991 0.167150 0.759060 0.660573 0.949303 0.619331 0.557620 0.466927 0.201985 0.288693 0.479860
0.033145 0.657201 0.046147 0.837989 0.623351 0.867603 0.445812 0.529936 0.487592 0.269794 0.340390 0.366340
0.103370 0.617172 0.112221 0.748329 0.638928 0.926545 0.565589 0.465562 0.436777 0.187815 0.327871 0.388002
0.071404 0.668626 0.207477 0.775440 0.677635 0.928820 0.466356 0.544993 0.423220 0.187157 0.300597 0.399422
0.085174 0.647736 0.108534 0.821651 0.620924 0.872366 0.503766 0.504133 0.452070 0.225012 0.259991 0.393709
0.070453 0.731564 0.197300 0.720723 0.669834 0.941840 0.558613 0.614972 0.387423 0.207800 0.365048 0.471931
0.069933 0.601519 0.126666 0.781166 0.662858 0.896947 0.539300 0.518557 0.480173 0.158026 0.317932 0.395027
0.128484 0.617056 0.117721 0.734258 0.750903 0.961845 0.502264 0.540417 0.464997 0.147895 0.362668 0.500520
0.088022 0.569981 -0.014490 0.757797 0.646166 1.059561 0.521091 0.563936 0.421986 0.234806 0.244072 0.499007
0.089321 0.658558 0.155179 0.784625 0.654587 0.917337 0.456551 0.441470 0.390098 0.273454 0.256859 0.451112
0.163934 0.666729 0.088506 0.789290 0.605578 0.940369 0.539813 0.619672 0.465228 0.195525 0.254269 0.372351
0.131000 0.619407 0.142805 0.726068 0.644853 0.972447 0.486774 0.495320 0.466674 0.191730 0.269896 0.325504
0.172757 0.624465 0.084765 0.777311 0.657594 0.879840 0.465102 0.489770 0.416834 0.297104 0.352790 0.445436
0.102654 0.677197 0.057336 0.830013 0.640250 0.954968 0.477516 0.532355 0.516645 0.270186 0.250745 0.531045
0.100141 0.653993 0.064061 0.729654 0.633490 0.960735 0.473921 0.477842 0.458683 0.299081 0.203842 0.438779
0.046536 0.716119 0.139166 0.808909 0.648604 0.959450 0.405467 0.624647 0.442071 0.248260 0.275950 0.433309
0.056287 0.647744 0.144146 0.820740 0.706061 1.014510 0.571100 0.579307 0.445095 0.240069 0.230170 0.458671
0.015098 0.647851 0.133475 0.704036 0.550867 0.950847 0.510583 0.591201 0.513269 0.179263 0.257300 0.443187
0.112536 0.619716 0.081662 0.796352 0.594695 1.028958 0.446133 0.497442 0.484087 0.190650 0.273817 0.381298
0.113000 0.636749 0.067816 0.752279 0.665922 1.030088 0.500487 0.571668 0.474592 0.337613 0.313579 0.470895
0.137789 0.632517 0.138273 0.769924 0.646080 0.902794 0.472248 0.447384 0.535632 0.223724 0.314089 0.545465
0.111065 0.618415 0.086595 0.750393 0.634996 0.902756 0.514279 0.492552 0.505250 0.198405 0.304067 0.378059
0.094820 0.711227 0.105906 0.749471 0.606809 0.968821 0.391693 0.478552 0.381945 0.290052 0.231107 0.448589
0.113586 0.634068 0.081366 0.754511 0.628390 0.966408 0.383881 0.590956 0.470856 0.272392 0.332779 0.389733
-0.020150 0.664312 0.003154 0.738754 0.607174 0.929882 0.492056 0.472696 0.515441 0.180798 0.249220 0.407974
0.211420 0.642329 0.048326 0.758464 0.582631 0.861765 0.559440 0.372045 0.512364 0.054020 0.350432 0.389606
0.020647 0.618871 0.065003 0.762324 0.642956 0.816845 0.505734 0.469730 0.474049 0.229296 0.273664 0.433568
0.020313 0.624658 0.211153 0.756467 0.596302 0.857243 0.495837 0.576884 0.546996 0.281498 0.260321 0.517054
0.108033 0.659941 0.136701 0.762855 0.613244 0.902991 0.584293 0.568643 0.396691 0.196907 0.201179 0.454883
0.050578 0.651335 0.102396 0.789637 0.695465 0.954205 0.423667 0.536719 0.440223 0.165285 0.260847 0.463295
0.127601 0.634470 0.171903 0.697515 0.584829 0.823584 0.538010 0.496574 0.463052 0.252509 0.361805 0.380578
0.015451 0.655687 0.101609 0.739545 0.623309 0.871139 0.535624 0.555498 0.467131 0.152978 0.404014 0.459132
0.070595 0.586635 0.135534 0.719033 0.647252 1.014299 0.390387 0.416008 0.491273 0.164403 0.283218 0.466635
0.082801 0.631944 0.134280 0.821770 0.606330 0.940437 0.509984 0.551482 0.440387 0.281954 0.345716 0.404606
-0.035725 0.697956 0.150683 0.737613 0.521040 0.943236 0.577681 0.539056 0.492598 0.192368 0.377690 0.452833
0.107846 0.670689 0.055697 0.703128 0.724863 0.861304 0.502862 0.555482 0.565668 0.265321 0.241709 0.445154
0.079463 0.596148 0.222809 0.709867 0.564970 0.875434 0.451813 0.567883 0.439232 0.239756 0.282331 0.405684
0.097232 0.612404 0.075228 0.842690 0.637646 0.995927 0.499513 0.630574 0.471632 0.225418 0.288268 0.423684
0.089841 0.601156 0.090340 0.790091 0.616072 0.972318 0.450528 0.528584 0.402923 0.230693 0.273502 0.450600
0.129054 0.608715 0.068039 0.861349 0.621045 0.904908 0.504872 0.526344 0.462701 0.212434 0.277780 0.418690
0.053126 0.706730 0.160559 0.802923 0.689738 0.976894 0.508443 0.575287 0.465317 0.170589 0.191315 0.388303
0.073987 0.585399 0.101785 0.779490 0.784591 0.978153 0.456741 0.475789 0.456497 0.242841 0.264488 0.528540
0.109538 0.697247 0.097517 0.783817 0.629556 0.962100 0.533211 0.558232 0.433047 0.250501 0.257977 0.396899
0.145787 0.767010 0.156103 0.712421 0.587085 0.956493 0.528061 0.632593 0.485032 0.145604 0.281461 0.472523
0.122936 0.629313 0.191321 0.727405 0.581956 0.900521 0.557571 0.501820 0.363760 0.248757 0.319200 0.556761
0.143292 0.621204 0.085531 0.795881 0.601493 0.985105 0.535252 0.618651 0.420696 0.218500 0.306464 0.362714
-0.007899 0.658764 0.160345 0.844701 0.638854 0.927392 0.460801 0.516590 0.408069 0.278136 0.257346 0.486743
0.103278 0.616266 0.147408 0.750913 0.588129 1.023602 0.520707 0.716863 0.388927 0.247591 0.362694 0.405243
0.068098 0.567222 0.155883 0.754967 0.751683 1.001537 0.400480 0.596451 0.443059 0.242730 0.290197 0.497860
0.160467 0.701483 0.085001 0.730600 0.668838 0.933269 0.380995 0.645371 0.487247 0.156297 0.273870 0.414638
0.045937 0.618910 0.107561 0.808309 0.642741 0.905309 0.555551 0.547594 0.425848 0.172046 0.304740 0.375697
0.091385 0.705494 0.162842 0.749921 0.645376 0.970821 0.477846 0.661984 0.480376 0.168681 0.271132 0.432313
0.044585 0.588336 0.157963 0.745307 0.659112 0.938617 0.512462 0.554384 0.450313 0.206241 0.260692 0.454618
0.022964 0.664088 0.095050 0.759755 0.612346 0.912614 0.492226 0.502785 0.443979 0.220818 0.318224 0.487363
0.110809 0.646143 0.144595 0.678951 0.649027 0.931951 0.408567 0.501773 0.492901 0.244274 0.346916 0.462011
0.096905 0.631335 0.197999 0.743855 0.732118 1.006672 0.493044 0.604266 0.393314 0.329111 0.301789 0.451693
0.060311 0.545457 0.198601 0.798675 0.751941 0.935833 0.438740 0.569649 0.566711 0.206964 0.255717 0.450114
0.101591 0.623823 0.087149 0.778947 0.660367 0.948881 0.505449 0.584689 0.442108 0.295602 0.334400 0.448911
0.093559 0.645902 0.076175 0.766427 0.639270 0.924331 0.577713 0.487719 0.442582 0.263734 0.347523 0.415693
0.032782 0.664459 0.103973 0.917003 0.600913 0.939816 0.480067 0.528084 0.569764 0.138108 0.290142 0.390584
0.116738 0.706317 0.171317 0.758500 0.621164 0.989059 0.489002 0.494122 0.538882 0.215782 0.196134 0.428374
0.197099 0.614592 0.145172 0.808871 0.654154 1.102665 0.453973 0.457089 0.407192 0.306253 0.265499 0.408161
0.006273 0.586865 0.178072 0.730790 0.639780 0.904623 0.405180 0.635220 0.488053 0.258359 0.280492 0.553314
0.210289 0.731301 0.138649 0.794207 0.599337 1.068239 0.535552 0.506561 0.469997 0.197098 0.305537 0.515402
0.068991 0.711248 0.174708 0.839400 0.725909 0.967288 0.512823 0.553093 0.430945 0.188101 0.320850 0.393472
0.027281 0.646100 0.032231 0.754137 0.560095 0.903550 0.440163 0.512272 0.463148 0.201614 0.227625 0.562876
0.137486 0.711139 0.082943 0.797764 0.557780 0.894787 0.471774 0.613868 0.542001 0.298427 0.273093 0.438389
0.126068 0.533092 0.153561 0.883899 0.655788 0.918235 0.527727 0.472269 0.428622 0.265503 0.262766 0.516267
0.140300 0.658956 0.085880 0.822248 0.633291 0.926019 0.508771 0.491602 0.439926 0.265926 0.237960 0.420695
0.041436 0.637602 0.175647 0.854584 0.681423 0.928230 0.487514 0.519677 0.415671 0.295587 0.320177 0.423865
0.085007 0.641947 0.020550 0.758976 0.739142 0.914210 0.532057 0.513497 0.455701 0.189308 0.329814 0.424564
0.093978 0.661870 0.180775 0.784874 0.644539 0.947456 0.519736 0.591930 0.388790 0.255389 0.373312 0.512203
0.094637 0.599223 0.068955 0.727880 0.615790 0.993907 0.508578 0.621367 0.439587 0.153085 0.296363 0.455054
0.126674 0.612326 0.011711 0.829346 0.689004 0.924563 0.391576 0.542737 0.535943 0.171350 0.261299 0.532724
0.020305 0.664286 0.166361 0.812868 0.622167 0.979185 0.526755 0.623617 0.501019 0.237938 0.270778 0.447569
0.039953 0.669379 0.169898 0.804625 0.655471 0.945756 0.580773 0.542942 0.405723 0.194332 0.290403 0.458866
0.083914 0.631461 0.107276 0.848506 0.637966 0.944078 0.390404 0.573556 0.512170 0.198869 0.256531 0.484860
0.048986 0.700203 0.120144 0.734461 0.657307 0.910598 0.522396 0.554526 0.421277 0.270283 0.272208 0.484910
0.096433 0.609506 0.107260 0.747192 0.682822 0.865632 0.612973 0.562335 0.518838 0.273819 0.350404 0.513028
0.123090 0.629377 0.145006 0.715077 0.597815 0.911349 0.442248 0.502547 0.559642 0.238677 0.412404 0.370399
0.084213 0.679776 0.108515 0.774811 0.663485 0.954420 0.502120 0.594271 0.469028 0.347419 0.271964 0.445863
0.081915 0.658337 0.195195 0.813531 0.638124 0.845584 0.472855 0.618073 0.460689 0.264178 0.288857 0.504038
0.081773 0.602479 0.146340 0.854677 0.741084 0.899307 0.438195 0.497418 0.436501 0.254497 0.273743 0.352389
0.105831 0.601071 0.055642 0.749964 0.592650 1.027576 0.565186 0.460469 0.449498 0.193818 0.300157 0.481303
0.085028 0.568066 0.114098 0.840716 0.606914 1.018054 0.520755 0.533246 0.463310 0.366295 0.200883 0.421124
0.104830 0.581635 0.133102 0.691121 0.687835 1.014699 0.439255 0.482340 0.529155 0.274049 0.248046 0.419276
0.014217 0.669951 0.114105 0.766938 0.587780 0.961691 0.621305 0.489666 0.436379 0.168748 0.250188 0.469255
0.059917 0.657991 0.158909 0.710296 0.664674 0.996965 0.442929 0.550137 0.439594 0.201683 0.213709 0.505554
0.038660 0.698623 0.147219 0.755181 0.652080 0.877912 0.498296 0.583923 0.454732 0.210365 0.250504 0.417299
0.097012 0.680539 0.133692 0.746798 0.719748 0.884572 0.501044 0.574209 0.458114 0.219722 0.202232 0.468974
0.067517 0.671621 0.188001 0.795324 0.678543 0.945193 0.489466 0.616237 0.402049 0.207807 0.349838 0.464871
0.071983 0.630939 0.035335 0.767571 0.628630 0.981659 0.482801 0.492187 0.467981 0.180349 0.236284 0.471723
0.070683 0.693863 0.220581 0.772439 0.643700 0.978702 0.517878 0.463326 0.476421 0.255738 0.318462 0.410074
0.069618 0.571875 0.238378 0.756154 0.593705 0.923724 0.503298 0.560127 0.387740 0.220003 0.332903 0.484696
0.015012 0.579783 0.069824 0.768431 0.709238 0.949063 0.440225 0.521037 0.432439 0.144247 0.333540 0.365691
0.082748 0.542464 0.157164 0.710247 0.650349 0.977658 0.436812 0.478552 0.634801 0.280465 0.344907 0.433776
-0.007636 0.646059 0.212173 0.798595 0.723947 0.888555 0.584038 0.609232 0.437792 0.358151 0.347360 0.555140
0.117131 0.666171 0.117792 0.757393 0.598859 0.949282 0.490706 0.562411 0.509508 0.174725 0.327942 0.488208
0.191804 0.707770 0.057703 0.794856 0.626021 0.961530 0.510358 0.513053 0.489871 0.293575 0.317019 0.345217
0.153000 0.687563 0.029247 0.779537 0.666361 0.954340 0.529546 0.498347 0.437727 0.227593 0.268140 0.357097
-0.067359 0.593834 0.137045 0.712151 0.595865 0.913075 0.536355 0.566709 0.538604 0.157556 0.313065 0.414912
0.125247 0.679486 0.132180 0.817809 0.606696 0.935055 0.513098 0.555078 0.501219 0.268910 0.245425 0.436834
0.106878 0.661357 0.154548 0.852825 0.659219 0.928183 0.602392 0.603462 0.522729 0.363311 0.215730 0.403825
0.126618 0.619599 0.119633 0.852472 0.673311 0.888813 0.475129 0.589166 0.470138 0.197425 0.385689 0.424161
0.131473 0.720366 0.120624 0.706658 0.673165 0.985689 0.472919 0.512777 0.510720 0.080977 0.202077 0.422032
0.055152 0.645630 0.089767 0.760268 0.581753 0.908527 0.467258 0.523212 0.452164 0.190469 0.348118 0.455668
0.133864 0.717725 0.089789 0.823530 0.654604 0.885756 0.456935 0.620153 0.566638 0.196417 0.297680 0.396067
0.076031 0.623069 0.093405 0.764346 0.567466 0.921060 0.497407 0.414743 0.528658 0.227596 0.395506 0.537762
0.098481 0.648657 0.033981 0.760362 0.549580 0.988025 0.518156 0.517264 0.438826 0.168101 0.378762 0.476844
-0.018256 0.747784 0.172595 0.778254 0.734508 0.856806 0.477682 0.573735 0.556272 0.215332 0.265519 0.482876
0.105127 0.676693 0.084095 0.763009 0.604268 0.967989 0.402599 0.531517 0.450151 0.217857 0.297992 0.439475
0.330366 0.188566 0.201744 0.401508 0.187169 0.237966 0.451002 0.820617 0.084108 0.385317 0.427831 0.119284
0.278197 0.196143 0.243098 0.442891 0.208158 0.267158 0.495552 0.760192 0.092024 0.362252 0.380863 0.067162
0.412931 0.164558 0.233960 0.373151 0.154627 0.239232 0.458450 0.771041 0.038069 0.314591 0.461506 0.134437
0.375767 0.133649 0.149043 0.430188 0.110698 0.246300 0.459758 0.774678 0.012557 0.312820 0.424037 0.106187
0.321812 0.301942 0.165513 0.486121 0.213073 0.234193 0.460573 0.685314 0.016976 0.332231 0.378802 0.113614
0.245940 0.262290 0.184284 0.367262 0.274475 0.292970 0.430157 0.810648 0.030430 0.324536 0.368279 0.096905
0.354560 0.163098 0.095898 0.364160 0.201937 0.326739 0.409220 0.733490 0.045163 0.355003 0.302718 0.050573
0.271488 0.158897 0.184256 0.435028 0.168619 0.180851 0.436639 0.738488 0.033433 0.400901 0.302251 0.031646
0.426415 0.203531 0.167453 0.483052 0.136292 0.209105 0.487670 0.768836 -0.036512 0.310150 0.432370 0.099359
0.411261 0.180986 0.176809 0.479491 0.191608 0.300910 0.463215 0.823578 -0.036832 0.317771 0.447664 0.034924
0.329831 0.228461 0.205253 0.498470 0.203455 0.220681 0.420072 0.784662 0.141390 0.319679 0.386118 0.161415
0.357914 0.275992 0.175723 0.331857 0.193976 0.196238 0.414619 0.733993 0.039094 0.317146 0.468180 0.057428
0.410542 0.205563 0.178851 0.426199 0.172749 0.246050 0.511279 0.764739 0.043827 0.396233 0.400993 0.030630
0.365464 0.311613 0.223415 0.413301 0.158308 0.134919 0.400742 0.731805 0.113334 0.321195 0.394819 -0.008597
0.220435 0.279530 0.244987 0.383463 0.101683 0.163905 0.515150 0.682103 0.055778 0.379321 0.460890 0.043923
0.366661 0.197136 0.255147 0.292906 0.114121 0.203960 0.504954 0.778846 -0.031709 0.305302 0.347429 0.093203
0.375061 0.219106 0.245209 0.418120 0.272257 0.228917 0.481198 0.750287 0.034373 0.316536 0.465081 0.070188
0.406514 0.238924 0.249060 0.391806 0.159469 0.262706 0.466329 0.702208 -0.004502 0.335447 0.478813 0.016646
0.316258 0.232861 0.162382 0.453267 0.192076 0.235403 0.470306 0.775791 0.121628 0.294431 0.461028 -0.027639
0.321306 0.271241 0.230613 0.354758 0.193404 0.310332 0.452996 0.727220 -0.005320 0.340205 0.465794 0.114661
0.251827 0.191963 0.200138 0.393750 0.128550 0.279756 0.386980 0.789808 0.066664 0.352755 0.422222 0.006360
0.342166 0.219040 0.225195 0.363111 0.263192 0.257011 0.484342 0.789868 0.026608 0.388404 0.443151 0.087053
0.360257 0.246556 0.182417 0.400846 0.175466 0.223257 0.502251 0.757028 0.029822 0.334022 0.498074 0.040464
0.285309 0.167639 0.119915 0.343384 0.175204 0.143350 0.513330 0.801347 0.026568 0.297025 0.346790 0.048822
0.298894 0.160646 0.151119 0.450764 0.194191 0.169961 0.551332 0.717863 0.064018 0.405187 0.390595 0.038247
0.333511 0.213891 0.283348 0.393499 0.104677 0.266604 0.526273 0.763896 -0.022811 0.327910 0.411254 0.067452
0.221665 0.242446 0.105289 0.456258 0.085526 0.206188 0.410282 0.702277 0.077648 0.298792 0.318630 0.098697
0.387768 0.169678 0.207959 0.437802 0.226034 0.212938 0.477041 0.809114 0.123093 0.387986 0.349047 0.065484
0.359012 0.203527 0.142367 0.429192 0.166338 0.317809 0.498454 0.798742 -0.012858 0.418485 0.495636 0.056700
0.235210 0.187795 0.263188 0.471438 0.145811 0.221777 0.417173 0.715209 -0.008665 0.321901 0.419192 0.092624
0.357518 0.215125 0.216207 0.359375 0.113211 0.260105 0.396617 0.736038 0.009586 0.405152 0.355849 0.106023
0.384930 0.183108 0.164882 0.470137 0.151367 0.253268 0.467509 0.773591 0.104195 0.404962 0.435311 0.046895
0.348787 0.232686 0.140558 0.378025 0.245248 0.217256 0.428689 0.791006 0.018961 0.363562 0.388077 -0.002606
0.289013 0.212729 0.201724 0.373587 0.135790 0.287191 0.458993 0.768229 0.042058 0.325118 0.481689 0.071203
0.309025 0.226116 0.197524 0.369261 0.157552 0.244832 0.492180 0.736669 0.018291 0.262864 0.345123 0.029021
0.333692 0.236953 0.171583 0.369224 0.136207 0.159657 0.520296 0.775701 0.092042 0.356393 0.330458 0.097296
0.277379 0.183478 0.223583 0.371172 0.123995 0.234950 0.391166 0.737605 0.013417 0.309588 0.424052 0.097177
0.317420 0.205430 0.195742 0.433807 0.107428 0.218984 0.516301 0.761346 0.083621 0.453559 0.406646 0.065325
0.327179 0.239515 0.193377 0.402032 0.162993 0.201648 0.493619 0.665068 0.050946 0.438451 0.394089 0.101812
0.389664 0.189055 0.230090 0.350780 0.220060 0.234597 0.496086 0.703221 0.081425 0.389341 0.464778 0.097387
0.239043 0.266384 0.204257 0.367982 0.232222 0.176433 0.500967 0.759015 0.021056 0.183490 0.380548 0.176090
0.308258 0.158029 0.196122 0.354581 0.268686 0.247015 0.552585 0.762756 0.000793 0.340023 0.369827 0.070183
0.281714 0.167245 0.131292 0.431290 0.205158 0.217412 0.452235 0.771716 0.039306 0.354017 0.378245 0.097481
0.409859 0.206410 0.173058 0.424196 0.219165 0.221712 0.440661 0.804448 0.054250 0.266128 0.369072 0.015685
0.407532 0.234105 0.109634 0.469001 0.232108 0.206833 0.424584 0.693989 0.028296 0.299010 0.348348 -0.027024
0.314286 0.238681 0.196536 0.394338 0.182360 0.178996 0.482373 0.781089 0.060810 0.335453 0.319426 0.148704
0.334782 0.253203 0.159773 0.454524 0.267033 0.213653 0.504967 0.785547 -0.009895 0.252098 0.409873 0.106066
0.348921 0.213982 0.211222 0.475766 0.151232 0.252879 0.478893 0.753463 0.069345 0.315901 0.425261 0.105805
0.368449 0.216608 0.196883 0.431461 0.204640 0.214418 0.513982 0.680697 -0.102435 0.316689 0.430384 0.083839
0.374463 0.122408 0.261178 0.498441 0.248180 0.321432 0.529989 0.683941 -0.013023 0.340370 0.461719 0.114554
0.276233 0.241442 0.195874 0.445201 0.103100 0.111256 0.453864 0.770726 0.076862 0.313770 0.384582 0.100567
0.380262 0.167662 0.161554 0.369641 0.119950 0.212329 0.471822 0.759544 0.111182 0.326780 0.444365 0.118493
0.354244 0.153136 0.209483 0.456786 0.231205 0.239224 0.407686 0.626383 0.099472 0.375929 0.392039 0.083759
0.413026 0.224801 0.154415 0.466098 0.147052 0.294477 0.465433 0.821929 0.080994 0.388477 0.510440 0.086910
0.339054 0.124724 0.228417 0.539360 0.195965 0.237606 0.470060 0.704500 0.121760 0.445438 0.464219 -0.014373
0.314429 0.162316 0.244826 0.353095 0.223899 0.250214 0.504193 0.855304 0.039748 0.238537 0.311666 0.054087
0.280852 0.233372 0.172417 0.464360 0.179834 0.129919 0.517143 0.765965 0.036027 0.350751 0.363091 0.055284
0.402336 0.210565 0.119507 0.414445 0.214754 0.186946 0.489349 0.770028 0.032293 0.287453 0.350326 0.116468
0.355195 0.191871 0.226943 0.425364 0.213282 0.148829 0.424783 0.738880 -0.040141 0.374609 0.427963 0.081987
0.301507 0.149807 0.146086 0.436042 0.164737 0.175628 0.512074 0.719627 0.173933 0.364798 0.556139 0.067985
0.285457 0.196614 0.154167 0.414753 0.115886 0.272708 0.506970 0.711739 0.061199 0.262175 0.418161 0.094912
0.366185 0.280569 0.162764 0.398373 0.164610 0.104294 0.463319 0.833073 0.110253 0.300189 0.377117 -0.013947
0.364710 0.239618 0.212846 0.365600 0.173819 0.155422 0.437116 0.723733 0.047900 0.383761 0.425039 0.037821
0.364961 0.243209 0.227935 0.389771 0.084544 0.329644 0.394520 0.775948 0.044326 0.267279 0.421346 0.114674
0.264276 0.256557 0.115147 0.430478 0.190347 0.226077 0.395942 0.696504 -0.035885 0.305178 0.379117 0.113010
0.363754 0.169347 0.180525 0.375960 0.166269 0.216350 0.569821 0.784063 0.071588 0.342735 0.397669 0.054217
0.368935 0.274292 0.169586 0.466142 0.263503 0.276413 0.519899 0.763427 0.097537 0.308604 0.458282 0.084958
0.380179 0.264114 0.248336 0.461452 0.292779 0.209235 0.508767 0.782269 -0.012268 0.308747 0.417715 0.100928
0.353642 0.178139 0.179816 0.441489 0.178919 0.204361 0.451049 0.730801 0.021373 0.319686 0.360262 0.136282
0.287275 0.145427 0.163035 0.446963 0.281486 0.209227 0.556857 0.736922 -0.013783 0.390750 0.452899 0.064650
0.319644 0.223165 0.200399 0.386134 0.289217 0.345796 0.523961 0.814359 -0.015300 0.261256 0.403107 0.083031
0.375859 0.202664 0.223515 0.398421 0.141243 0.234758 0.449163 0.809149 0.169857 0.323902 0.416353 0.038500
0.289674 0.147471 0.244817 0.378962 0.071311 0.197812 0.488845 0.808129 -0.000946 0.329092 0.393538 0.062422
0.434868 0.229996 0.130276 0.419733 0.126795 0.228918 0.438748 0.804438 0.066891 0.348828 0.331958 0.003167
0.269566 0.265115 0.199034 0.468431 0.232193 0.207797 0.426559 0.804525 -0.052488 0.260864 0.405244 0.037426
0.329917 0.208021 0.207920 0.542736 0.077529 0.266228 0.491041 0.780810 0.036417 0.443090 0.442086 0.076078
0.330589 0.243745 0.182968 0.439465 0.220500 0.151172 0.493823 0.748637 0.087446 0.355659 0.456436 0.112871
0.429159 0.212350 0.293516 0.334921 0.096356 0.240038 0.466640 0.676041 -0.035622 0.331013 0.448132 0.015156
0.256225 0.212922 0.219559 0.485943 0.252148 0.178668 0.361126 0.797009 0.007827 0.274832 0.521538 0.085721
0.367680 0.281941 0.104869 0.371909 0.166070 0.252015 0.470826 0.767752 0.052805 0.391193 0.399762 0.061208
0.433185 0.118537 0.193035 0.440669 0.181008 0.258692 0.453844 0.793398 -0.051024 0.339207 0.380085 0.031450
0.377272 0.236647 0.202085 0.372435 0.236623 0.197885 0.427657 0.707327 0.058753 0.320362 0.403881 0.029364
0.390886 0.111168 0.186187 0.376506 0.283207 0.285560 0.400240 0.713528 0.097658 0.328143 0.354689 0.103034
0.276778 0.277730 0.260024 0.425019 0.145422 0.136495 0.433197 0.730603 0.043842 0.344267 0.402129 0.161918
0.318262 0.219880 0.182066 0.367943 0.248325 0.249638 0.455606 0.665022 0.024785 0.357986 0.402197 0.082518
0.213868 0.198160 0.213664 0.440777 0.138442 0.238180 0.454093 0.823387 0.108553 0.341250 0.460930 0.038730
0.243138 0.258949 0.221476 0.417870 0.215218 0.255708 0.520360 0.727524 0.029012 0.279673 0.419496 0.150740
0.365904 0.166904 0.106541 0.400252 0.204665 0.141752 0.464635 0.828002 -0.001607 0.333148 0.379224 0.080434
0.261937 0.264511 0.196255 0.409849 0.208924 0.236842 0.385618 0.738931 0.010184 0.327646 0.435958 0.121567
0.308573 0.228563 0.221852 0.354967 0.228035 0.231950 0.460633 0.704718 0.084820 0.351778 0.349680 0.022606
0.265722 0.181027 0.208618 0.373999 0.186217 0.206706 0.484111 0.834601 -0.024242 0.332202 0.488261 0.095176
0.340466 0.140987 0.226058 0.376860 0.134832 0.157492 0.433952 0.766336 0.066418 0.292923 0.350285 -0.014912
0.355941 0.224513 0.235483 0.342505 0.138173 0.236343 0.384141 0.804718 0.116224 0.306474 0.357897 0.128983
0.207961 0.238582 0.213602 0.387527 0.181073 0.177729 0.462420 0.819086 0.012680 0.283511 0.476112 0.127221
0.482701 0.121573 0.201160 0.321430 0.088149 0.224517 0.404511 0.710093 -0.002880 0.337011 0.430098 0.092602
0.358222 0.074462 0.181601 0.422421 0.127728 0.307012 0.480058 0.743928 0.056320 0.387680 0.457806 0.141511
0.404789 0.215544 0.195250 0.373724 0.243076 0.247970 0.513243 0.696184 0.066633 0.370047 0.371424 0.129946
0.417600 0.217411 0.202768 0.470455 0.243386 0.289881 0.486359 0.721972 -0.084349 0.361568 0.417070 0.104338
0.332331 0.218586 0.208407 0.365655 0.246400 0.156946 0.332408 0.783176 0.000576 0.372736 0.426862 0.054400
0.365783 0.157667 0.224848 0.413904 0.124066 0.173679 0.448039 0.717859 -0.032212 0.294484 0.343871 0.139222
0.334022 0.256898 0.290800 0.443145 0.193401 0.174953 0.540321 0.672469 0.035158 0.340871 0.359170 -0.011361
0.400916 0.229814 0.148404 0.401599 0.242573 0.258814 0.408439 0.759551 0.014894 0.232476 0.423060 0.104244
0.240078 0.165219 0.177489 0.432173 0.188334 0.181419 0.475402 0.743784 0.016371 0.407661 0.486191 0.102978
0.389917 0.271634 0.194403 0.402989 0.223694 0.194005 0.459049 0.792315 0.104964 0.356060 0.413804 0.112471
0.303295 0.173780 0.186630 0.451999 0.149854 0.331735 0.415718 0.797569 0.042886 0.249949 0.459779 0.009078
0.363119 0.240234 0.139454 0.337999 0.155556 0.194305 0.489496 0.746527 0.090307 0.416654 0.375960 0.103420
0.347989 0.276923 0.134010 0.412538 0.208585 0.177451 0.435562 0.705710 0.106097 0.366377 0.422928 0.101575
0.301885 0.147339 0.140844 0.323812 0.154402 0.263131 0.397584 0.770104 0.046338 0.294702 0.474643 0.085163
0.323222 0.154635 0.275242 0.401802 0.077098 0.203347 0.469829 0.782028 0.085790 0.303870 0.375559 0.077984
0.363945 0.271899 0.150945 0.427603 0.077272 0.272387 0.447730 0.865363 0.008434 0.320150 0.441702 0.073300
0.302686 0.231669 0.125707 0.376119 0.211481 0.309743 0.412375 0.771310 0.038017 0.314652 0.361148 0.029315
0.332016 0.231056 0.244205 0.401346 0.238199 0.347390 0.491420 0.805119 0.044437 0.305766 0.322798 0.139297
0.330252 0.208270 0.163592 0.450052 0.227573 0.228403 0.494922 0.749710 0.147115 0.285370 0.431354 -0.010145
0.318758 0.245692 0.192121 0.389136 0.156307 0.209740 0.471349 0.800097 0.079687 0.337689 0.465754 0.149958
0.395535 0.179805 0.092799 0.530758 0.274852 0.208442 0.451902 0.872041 0.110115 0.384740 0.448404 0.056223
0.357651 0.247328 0.225906 0.418692 0.116632 0.259416 0.526766 0.725040 0.002402 0.359943 0.479576 0.071591
0.429804 0.260029 0.175543 0.372905 0.200930 0.165356 0.380055 0.818692 0.139431 0.338464 0.399969 0.122135
0.323452 0.278873 0.170771 0.467519 0.141581 0.187248 0.490791 0.658307 0.076012 0.379540 0.434748 0.112783
0.314548 0.252569 0.214106 0.356945 0.208734 0.299115 0.510550 0.645349 0.019285 0.259443 0.410700 0.088096
0.342287 0.173749 0.131004 0.359556 0.166667 0.206321 0.482424 0.788475 0.034339 0.413918 0.314442 0.049722
0.395575 0.141511 0.105995 0.512520 0.208922 0.225917 0.494547 0.825656 0.003148 0.370849 0.340813 0.112310
0.382067 0.174057 0.129193 0.395514 0.210152 0.253196 0.469461 0.714408 0.041769 0.343452 0.364145 0.021835
0.264291 0.228603 0.129245 0.329763 0.203017 0.273224 0.573638 0.735707 0.006090 0.289239 0.377557 -0.003813
0.294557 0.247345 0.170155 0.433411 0.204619 0.281536 0.493293 0.719597 -0.036570 0.285131 0.309656 0.073125
0.407445 0.148182 0.218655 0.344540 0.240206 0.249100 0.397524 0.741079 0.048150 0.380499 0.363009 0.130497
0.336745 0.214833 0.243977 0.433550 0.115738 0.208957 0.433550 0.694859 -0.015724 0.388043 0.446291 0.112132
0.378428 0.156518 0.242280 0.375964 0.177234 0.140244 0.454665 0.763669 0.124204 0.429316 0.339026 0.088454
0.353732 0.254996 0.203806 0.443708 0.105528 0.209471 0.376863 0.815938 -0.009903 0.321306 0.395980 0.140265
0.347941 0.216296 0.252010 0.478162 0.205056 0.260250 0.451141 0.754018 0.006575 0.321818 0.370048 0.049735
0.351304 0.243015 0.162096 0.434781 0.217125 0.173082 0.475497 0.755505 0.009856 0.316629 0.384940 0.077316
0.377191 0.144943 0.159871 0.417835 0.180096 0.239742 0.489458 0.834894 0.026863 0.355916 0.445000 0.038540
0.388979 0.268370 0.124066 0.372217 0.190445 0.213014 0.545099 0.725593 -0.018738 0.402484 0.336490 0.089732
0.286294 0.133747 0.160924 0.437589 0.183243 0.238544 0.323056 0.704130 -0.011924 0.373524 0.447247 0.011241
0.304086 0.169435 0.103228 0.515615 0.188644 0.218508 0.492231 0.773414 -0.004594 0.355130 0.424243 0.044652
0.284114 0.151514 0.191358 0.446924 0.160134 0.215620 0.405501 0.659019 -0.010324 0.311121 0.398148 0.093302
0.356595 0.258984 0.149814 0.374356 0.166771 0.183932 0.434362 0.731774 0.075067 0.216402 0.381581 0.059764
0.308299 0.174022 0.148712 0.452850 0.177920 0.212856 0.405060 0.839923 0.028743 0.301617 0.471374 0.152324
0.367139 0.306513 0.162856 0.395142 0.182461 0.186140 0.500818 0.790888 -0.061413 0.332144 0.325937 0.046834
0.331257 0.124892 0.183050 0.303327 0.209724 0.257985 0.461012 0.743836 -0.002890 0.373410 0.355249 0.059654
0.243170 0.206473 0.161119 0.387055 0.145001 0.285789 0.435178 0.791303 0.063535 0.418027 0.479609 -0.001430
0.228845 0.172817 0.143513 0.376928 0.195912 0.234750 0.492617 0.665293 -0.053137 0.222639 0.489683 0.098912
0.374514 0.188152 0.150785 0.407146 0.103925 0.327159 0.524461 0.786268 0.083851 0.303305 0.348651 0.044843
0.392820 0.218648 0.130805 0.436494 0.133765 0.272843 0.394636 0.781210 0.028573 0.396689 0.428465 -0.008715
0.322291 0.280584 0.250679 0.439896 0.277131 0.291450 0.471630 0.812242 -0.017284 0.370783 0.475312 0.001006
0.320971 0.184151 0.086537 0.374634 0.294371 0.250791 0.521445 0.717773 -0.027705 0.315897 0.442438 0.171009
0.341518 0.132739 0.142945 0.472192 0.159560 0.216306 0.429835 0.716415 0.046259 0.400452 0.433261 0.069489
0.322237 0.095825 0.261543 0.477327 0.142089 0.222910 0.455090 0.753288 0.004536 0.360558 0.396935 0.046705
0.271641 0.211213 0.302956 0.425703 0.222377 0.168462 0.483448 0.845292 0.135338 0.320238 0.413341 0.070216
0.343361 0.179232 0.137553 0.378556 0.116100 0.244403 0.467632 0.650972 0.082682 0.321905 0.478457 0.050192
0.383037 0.225908 0.153175 0.372366 0.250869 0.092118 0.466768 0.723610 0.083978 0.361241 0.305793 0.095151
0.315201 0.258047 0.125289 0.385005 0.100882 0.245002 0.560035 0.729616 0.020648 0.436383 0.396795 0.136277
0.361593 0.150646 0.177679 0.343370 0.143202 0.208949 0.424369 0.764274 0.071288 0.298977 0.381881 0.100710
0.295583 0.102900 0.211226 0.423675 0.198702 0.248044 0.447850 0.710921 0.048701 0.272704 0.387661 0.090719
0.350371 0.202461 0.220121 0.423987 0.189891 0.199322 0.397114 0.797354 0.021225 0.384882 0.429063 0.117610
0.342782 0.275388 0.247373 0.371925 0.188785 0.158307 0.413464 0.686769 -0.042423 0.322241 0.391131 0.165577
0.226569 0.221408 0.205542 0.457851 0.279514 0.183997 0.362418 0.727531 -0.039879 0.224238 0.354049 0.145105
0.407055 0.203370 0.233696 0.482481 0.189054 0.267639 0.439881 0.824918 0.121524 0.376309 0.386681 0.173123
0.289332 0.155954 0.210351 0.456993 0.310412 0.344087 0.440225 0.747849 0.087889 0.262763 0.414293 0.002970
0.215444 0.215326 0.182932 0.379468 0.065407 0.293508 0.544776 0.781891 0.081916 0.305533 0.447112 0.027401
0.365893 0.194710 0.150344 0.510905 0.152762 0.165858 0.517398 0.717427 0.022643 0.336979 0.439121 0.067443
0.355964 0.226379 0.169422 0.456730 0.158427 0.124893 0.501693 0.772856 0.011319 0.356868 0.393243 0.008576
0.274304 0.192058 0.158619 0.407444 0.099699 0.169960 0.367161 0.760455 -0.038433 0.342775 0.369003 0.079843
0.315095 0.204643 0.172732 0.447943 0.143231 0.312454 0.437987 0.731602 0.003094 0.343605 0.393813 0.100667
0.361996 0.152899 0.164746 0.434822 0.222305 0.192065 0.505445 0.781831 0.082798 0.311838 0.392547 0.076080
0.349078 0.168833 0.232164 0.450311 0.132492 0.195322 0.463867 0.695967 -0.030694 0.309818 0.373479 0.017831
0.357047 0.163207 0.152455 0.443308 0.200705 0.132737 0.543504 0.815533 0.119054 0.305864 0.379118 0.095464
0.268622 0.173711 0.160879 0.413995 0.167198 0.204093 0.521789 0.686969 0.018253 0.336922 0.359950 0.105328
0.323363 0.224023 0.222547 0.387356 0.206607 0.202697 0.496066 0.749950 0.017964 0.316765 0.347235 0.098126
0.338709 0.162860 0.030383 0.496913 0.179700 0.229189 0.459402 0.733072 0.074531 0.256480 0.417297 0.061275
0.242565 0.268443 0.162753 0.463527 0.227615 0.262433 0.468578 0.727562 0.074342 0.286498 0.424779 0.016346
0.323870 0.179039 0.209526 0.448802 0.205718 0.205231 0.473625 0.805666 -0.018698 0.335502 0.449210 0.092684
0.378683 0.098001 0.201985 0.401313 0.172865 0.276028 0.443713 0.710387 -0.109076 0.329441 0.403881 0.137331
0.307392 0.183741 0.254045 0.467085 0.119889 0.231661 0.481337 0.761447 0.047429 0.283275 0.418306 0.042653
0.340063 0.160224 0.134181 0.421853 0.075083 0.264571 0.445038 0.774783 -0.044394 0.364354 0.385493 0.077163
0.385957 0.230924 0.084243 0.419124 0.197417 0.236579 0.490062 0.756983 0.001219 0.361866 0.410346 0.160806
0.255669 0.201938 0.094781 0.512140 0.205537 0.204521 0.458531 0.687600 0.006802 0.372531 0.285520 0.073060
0.326428 0.181879 0.169636 0.445939 0.216156 0.204945 0.486651 0.771159 0.071154 0.371829 0.475637 0.074215
0.405929 0.155034 0.153320 0.399598 0.172124 0.208455 0.524571 0.783084 0.035509 0.311448 0.369489 0.179001
0.287778 0.147160 0.233462 0.419634 0.234027 0.262510 0.476430 0.824337 0.031007 0.365604 0.462269 0.064853
0.324150 0.223360 0.258979 0.482811 0.191068 0.154712 0.471775 0.729923 -0.042660 0.384624 0.347719 0.068244
0.366812 0.245344 0.151960 0.393005 0.145366 0.259660 0.512222 0.667937 0.048810 0.329337 0.412975 0.103915
0.347866 0.171658 0.146445 0.420033 0.171363 0.239558 0.459612 0.767038 0.075048 0.401256 0.427499 0.091616
0.356479 0.264117 0.199116 0.330361 0.258888 0.155544 0.416561 0.720012 0.024152 0.368149 0.371140 0.066323
0.381420 0.151309 0.181578 0.342063 0.095982 0.307680 0.522643 0.703896 0.039981 0.393754 0.358125 -0.050683
0.336035 0.193982 0.176942 0.418810 0.167991 0.264336 0.460667 0.757483 0.147900 0.456266 0.421093 0.076712
0.353515 0.119409 0.161177 0.448310 0.141189 0.192226 0.444975 0.767058 -0.021416 0.355184 0.361115 0.069551
0.336519 0.153191 0.160638 0.389071 0.167765 0.275802 0.455403 0.801957 0.049514 0.260694 0.383922 0.104814
0.258715 0.139327 0.198610 0.427750 0.149781 0.289196 0.565243 0.680524 0.154878 0.323835 0.323820 0.066239
0.348175 0.153527 0.208815 0.375085 0.202938 0.214342 0.542311 0.874345 0.040304 0.213711 0.439697 0.189455
0.271624 0.219189 0.159629 0.371225 0.158680 0.269834 0.486073 0.733105 0.055491 0.429484 0.408255 0.034052
0.401653 0.225724 0.195639 0.492275 0.119988 0.236984 0.470153 0.762499 0.105328 0.258281 0.432387 0.081165
0.359991 0.243429 0.265712 0.477216 0.247289 0.275357 0.540102 0.759843 0.056143 0.321190 0.359842 0.050864
0.334602 0.385282 0.164757 0.387116 0.070026 0.104079 0.440684 0.730837 0.063410 0.314923 0.423128 0.025496
0.350657 0.288380 0.219145 0.429877 0.188722 0.175561 0.516262 0.729543 0.066889 0.352794 0.353556 0.109593
0.299213 0.101145 0.195287 0.444025 0.177893 0.268051 0.511366 0.728520 0.059772 0.349979 0.442888 0.039294
0.333878 0.253536 0.258018 0.432806 0.094178 0.265162 0.450488 0.765295 0.036144 0.253904 0.438900 0.003331
0.327358 0.199231 0.322515 0.394148 0.244094 0.252712 0.455741 0.733801 0.003963 0.271612 0.435521 0.117211
0.314134 0.152987 0.144482 0.390105 0.217872 0.399453 0.534049 0.763779 -0.014040 0.428390 0.402357 -0.049566
0.409614 0.193747 0.289547 0.410117 0.137381 0.197755 0.450742 0.714150 -0.010761 0.282181 0.331663 0.139174
0.295409 0.170115 0.285503 0.454201 0.116377 0.224290 0.420973 0.706142 0.069058 0.361903 0.347989 0.140574
0.328043 0.261086 0.294322 0.455679 0.164720 0.184693 0.480328 0.781490 0.123518 0.312574 0.356770 0.107469
0.313147 0.163919 0.258119 0.387562 0.230943 0.206111 0.444406 0.809423 -0.010507 0.352295 0.322842 0.152407
0.369915 0.211190 0.174144 0.370327 0.161174 0.265590 0.529613 0.704481 -0.015599 0.286922 0.393395 0.093490
0.377907 0.170919 0.206691 0.435861 0.236172 0.268161 0.521896 0.726884 0.031939 0.289584 0.429066 0.136888
0.325182 0.255773 0.146679 0.368189 0.210715 0.186210 0.490645 0.779636 0.049372 0.325432 0.340584 0.098003
0.332687 0.179831 0.179521 0.466554 0.257462 0.231547 0.453696 0.720421 0.087124 0.355970 0.383681 -0.004033
0.310128 0.159192 0.093210 0.468658 0.166196 0.214334 0.435816 0.792556 -0.031050 0.328033 0.429223 0.110516
0.329978 0.201174 0.230259 0.373597 0.229292 0.298221 0.516191 0.749393 0.009055 0.387963 0.392879 0.105879
0.299240 0.228471 0.251665 0.557817 0.267318 0.238165 0.455783 0.819880 0.047062 0.299277 0.350704 0.043429
0.295938 0.168322 0.179368 0.413098 0.197257 0.176499 0.573460 0.798456 0.029836 0.291295 0.414780 0.160647
0.358939 0.064653 0.268445 0.436466 0.195670 0.207686 0.429264 0.711245 0.058451 0.308611 0.344584 0.113035
0.363463 0.236140 0.149377 0.495110 0.126055 0.151042 0.462982 0.698117 0.101627 0.404744 0.361781 -0.047895
0.423594 0.185059 0.156977 0.313078 0.209126 0.252468 0.485134 0.703780 0.099296 0.215787 0.413336 0.242216
0.296490 0.162361 0.159444 0.446912 0.193494 0.281603 0.393222 0.833965 -0.017976 0.295364 0.412291 0.098339
0.228992 0.170293 0.214995 0.324287 0.235837 0.251237 0.509946 0.832225 -0.018331 0.325689 0.476321 0.007706
0.314438 0.210393 0.168498 0.401690 0.190810 0.164116 0.465537 0.811909 0.009434 0.300573 0.425991 0.051997
0.293133 0.112887 0.103672 0.358344 0.156568 0.251452 0.370695 0.789965 -0.015449 0.336282 0.380023 0.044366
0.317845 0.195008 0.250232 0.345264 0.234178 0.239350 0.474380 0.790229 0.100303 0.331720 0.381009 0.072046
0.414123 0.263907 0.166028 0.487056 0.115590 0.165981 0.400164 0.776028 0.074700 0.373560 0.475092 0.069583
0.395849 0.171739 0.125947 0.447979 0.194209 0.252558 0.465745 0.720463 0.039504 0.390681 0.505380 0.128024
0.283187 0.189383 0.108820 0.497423 0.216253 0.203607 0.491812 0.758791 0.062615 0.334592 0.368641 0.060462
0.313844 0.252239 0.154310 0.388513 0.167640 0.300648 0.429994 0.680481 0.047318 0.323832 0.460676 0.032230
0.277869 0.182258 0.159895 0.447125 0.100600 0.210125 0.475672 0.705516 0.050706 0.312359 0.305225 0.095815
0.357087 0.187999 0.198077 0.388138 0.188939 0.238334 0.456909 0.778249 0.090128 0.324895 0.319479 0.126888
0.355156 0.179329 0.256102 0.475150 0.209381 0.227725 0.407371 0.822192 0.036285 0.344195 0.502532 0.116299
0.348510 0.222895 0.182035 0.376853 0.268078 0.234672 0.431182 0.788266 -0.020140 0.345690 0.461179 0.071317
0.413020 0.280933 0.228422 0.390188 0.184950 0.302046 0.382738 0.801286 0.072014 0.317222 0.315846 0.050022
0.396246 0.280727 0.123819 0.405639 0.118777 0.233399 0.505755 0.814388 0.103804 0.350474 0.469800 0.142734
0.336121 0.174308 0.144511 0.345545 0.173459 0.195894 0.467324 0.828527 0.079639 0.368729 0.397329 0.044310
0.414260 0.103208 0.173078 0.410025 0.207365 0.179151 0.537869 0.791990 0.018328 0.348803 0.461504 0.124124
0.276632 0.103101 0.121244 0.366734 0.156471 0.199092 0.502522 0.779345 0.124834 0.367827 0.298971 0.129766
0.444935 0.168373 0.126564 0.376207 0.194024 0.184992 0.420508 0.857460 0.060902 0.308175 0.517304 0.167688
0.338420 0.221184 0.162598 0.483269 0.148448 0.251284 0.512025 0.627189 0.016096 0.312467 0.421031 0.101805
0.260233 0.188180 0.150926 0.406219 0.138800 0.246762 0.431381 0.702292 0.048953 0.317270 0.446908 0.108665
0.239746 0.246465 0.139108 0.341481 0.174878 0.360220 0.568683 0.759384 -0.034909 0.267831 0.449744 -0.037596
0.305416 0.152955 0.225738 0.377157 0.243537 0.149483 0.334528 0.725716 0.024788 0.434516 0.439493 0.036202
0.281181 0.179074 0.140752 0.471799 0.210358 0.276745 0.477491 0.708555 0.031281 0.413053 0.452637 0.062466
0.371046 0.157919 0.126737 0.493536 0.212576 0.230948 0.443081 0.695347 0.041548 0.417555 0.360188 0.083844
0.408029 0.228716 0.089278 0.409526 0.141599 0.229554 0.475664 0.724847 0.080992 0.340002 0.381678 0.070075
0.294575 0.303799 0.140275 0.468766 0.213015 0.279906 0.483288 0.787819 0.113049 0.322909 0.351455 0.176614
0.415736 0.190241 0.154372 0.373669 0.195479 0.140596 0.483888 0.678174 -0.015351 0.356853 0.419892 0.077256
0.341135 0.261448 0.241860 0.485011 0.221435 0.286726 0.362639 0.865662 0.109797 0.277490 0.407452 0.068729
0.303668 0.186444 0.145983 0.488397 0.323315 0.149449 0.447597 0.645957 0.058732 0.411574 0.417548 -0.017783
0.291069 0.274161 0.173324 0.409327 0.240111 0.251023 0.480591 0.756865 0.012430 0.436612 0.354149 0.056346
0.339921 0.117744 0.149130 0.356345 0.142924 0.221851 0.528316 0.804909 0.000113 0.327818 0.473724 0.080243
0.346050 0.178149 0.165139 0.329840 0.164420 0.214738 0.508146 0.717536 0.072675 0.397321 0.368995 0.077745
0.273889 0.209013 0.196040 0.392500 0.205155 0.236637 0.469944 0.800242 0.003850 0.334510 0.369102 0.057614
0.282420 0.211618 0.222770 0.435385 0.158226 0.173292 0.471202 0.809634 0.052095 0.392915 0.463571 0.045027
0.309535 0.148254 0.242702 0.417952 0.197800 0.220014 0.459143 0.779684 0.023071 0.369795 0.366739 0.049229
0.325510 0.195681 0.171887 0.426278 0.089010 0.231158 0.554470 0.749151 0.110940 0.327166 0.428542 0.099745
0.353022 0.240904 0.161587 0.466330 0.215600 0.299799 0.319358 0.759924 0.093744 0.343038 0.371228 0.178519
0.322999 0.161322 0.099835 0.386581 0.211975 0.191427 0.519005 0.708336 0.101684 0.271837 0.401855 0.069178
0.366269 0.263430 0.177097 0.374423 0.129376 0.205311 0.565299 0.810117 0.076885 0.435208 0.414952 0.090493
0.330764 0.233938 0.103501 0.384870 0.171885 0.216665 0.414757 0.767527 0.053838 0.402564 0.354448 0.119272
0.294330 0.190529 0.129618 0.398116 0.152839 0.245085 0.498415 0.788667 -0.020016 0.308251 0.409199 0.150813
0.281116 0.237914 0.318284 0.367947 0.215853 0.175661 0.424957 0.819794 0.077885 0.236007 0.404332 0.126215
0.257894 0.258494 0.279237 0.361792 0.268145 0.302281 0.477130 0.789165 0.000635 0.344994 0.360677 0.061635
0.338083 0.159700 0.159254 0.325285 0.257137 0.118668 0.470808 0.784079 -0.007972 0.284105 0.382972 0.121036
0.371558 0.259003 0.254965 0.476149 0.145918 0.199004 0.496417 0.744238 0.109992 0.434754 0.291635 0.137727
0.229410 0.211132 0.143553 0.362434 0.213552 0.120574 0.430393 0.772776 0.062286 0.379840 0.456595 0.050247
0.285601 0.206350 0.175681 0.405544 0.155202 0.174275 0.466755 0.781808 -0.002803 0.368479 0.382549 0.101812
0.332132 0.216780 0.156161 0.409323 0.084012 0.255306 0.473054 0.734552 0.162251 0.328246 0.351977 0.011726
0.359812 0.265846 0.147229 0.418755 0.277374 0.251020 0.417971 0.779795 0.019638 0.310233 0.465274 0.177689
0.345743 0.222660 0.193185 0.390984 0.123902 0.170771 0.519384 0.854706 0.011585 0.258029 0.402967 0.055668
0.193469 0.216011 0.105725 0.401003 0.186484 0.295127 0.403394 0.782586 0.021627 0.264587 0.435494 0.068442
0.295685 0.176308 0.183535 0.491854 0.141094 0.252679 0.472079 0.789855 0.046147 0.249202 0.446115 0.064807
0.337114 0.169417 0.248256 0.525141 0.121884 0.294048 0.472106 0.734105 0.012101 0.328691 0.413377 0.055347
0.369019 0.223466 0.136516 0.404956 0.163707 0.286026 0.465230 0.849058 -0.013501 0.315021 0.429709 0.038753
0.399228 0.205346 0.146626 0.482449 0.133094 0.202144 0.416462 0.699528 0.091027 0.332508 0.395802 0.152202
0.238259 0.186432 0.159281 0.358233 0.143638 0.172849 0.463955 0.663337 0.113767 0.453417 0.431365 0.043188
0.293478 0.309380 0.207456 0.395801 0.165748 0.264658 0.455434 0.809541 0.096305 0.382312 0.363126 0.098665
0.306991 0.183813 0.160483 0.382118 0.186150 0.237551 0.500273 0.772514 0.060511 0.360911 0.390158 0.052136
0.346331 0.082167 0.176952 0.423307 0.104948 0.237332 0.426823 0.773137 0.046355 0.383837 0.395456 0.088723
0.318925 0.206965 0.111303 0.400141 0.180523 0.208637 0.500703 0.782571 -0.008983 0.359380 0.391310 0.052611
0.339032 0.259199 0.133735 0.359035 0.169912 0.108723 0.481381 0.726333 0.018717 0.301676 0.416354 0.100326
0.291339 0.273560 0.204486 0.371783 0.164007 0.149123 0.450932 0.690330 0.020726 0.344091 0.276939 0.042230
0.314067 0.167108 0.245399 0.413463 0.267880 0.160433 0.434908 0.730853 0.085623 0.362518 0.315875 0.089838
0.329188 0.177695 0.177550 0.401436 0.174917 0.241394 0.489429 0.681998 0.051238 0.296850 0.399525 0.034525
0.260254 0.155981 0.312730 0.393838 0.098564 0.297444 0.320493 0.698330 0.002919 0.411309 0.351996 0.065111
0.299149 0.239152 0.203703 0.485886 0.118146 0.194328 0.445242 0.766444 -0.005081 0.324996 0.431108 0.088598
0.341733 0.156791 0.164657 0.460171 0.208895 0.206117 0.552042 0.765205 0.003321 0.379790 0.422432 0.021987
0.266956 0.230569 0.062225 0.454385 0.210360 0.229640 0.451595 0.821208 0.043329 0.277889 0.346567 0.069980
0.259150 0.223803 0.100860 0.451508 0.230734 0.261160 0.524517 0.708315 -0.021269 0.358400 0.421573 0.082603
0.394276 0.246374 0.172428 0.463964 0.131563 0.223872 0.521807 0.767939 0.162448 0.393015 0.434011 0.127396
0.313254 0.244870 0.178675 0.498924 0.178406 0.183041 0.578445 0.770023 0.013041 0.340656 0.370891 0.054418
0.317959 0.134011 0.172025 0.428697 0.242174 0.168047 0.471720 0.725569 -0.024922 0.346333 0.439882 0.109259
0.362948 0.208165 0.156772 0.446637 0.281080 0.269360 0.453153 0.768990 0.116188 0.307583 0.337939 0.127774
0.300798 0.290485 0.199482 0.424200 0.150454 0.250563 0.445108 0.743790 0.072427 0.310142 0.381219 0.055198
0.308003 0.126534 0.255603 0.458917 0.139447 0.228480 0.469511 0.785222 0.057354 0.266743 0.417486 0.067492
0.319437 0.258051 0.220237 0.537504 0.159645 0.169070 0.520735 0.782650 0.014999 0.342158 0.379612 0.116979
0.455582 0.248126 0.143970 0.428412 0.247344 0.236102 0.516876 0.687432 0.054629 0.323678 0.335811 0.111081
0.247269 0.206526 0.134671 0.508357 0.173487 0.227665 0.480308 0.715102 0.059417 0.371376 0.466230 -0.022895
0.282364 0.257725 0.120091 0.420507 0.258019 0.131447 0.501215 0.708853 0.029464 0.318656 0.441002 -0.013812
0.337666 0.250394 0.192191 0.493906 0.194701 0.198884 0.436202 0.761739 0.016593 0.310310 0.482074 0.029145
0.321970 0.235234 0.134732 0.454010 0.129307 0.176661 0.424990 0.773479 0.071935 0.310691 0.457663 -0.018322
0.294392 0.113990 0.201355 0.414304 0.293626 0.167280 0.307308 0.752301 0.093331 0.316239 0.405230 0.064453
0.308782 0.213568 0.160398 0.487553 0.149009 0.223870 0.499797 0.772627 0.013184 0.300954 0.352942 0.000208
0.347348 0.275528 0.209928 0.361674 0.073390 0.207223 0.443059 0.674048 0.029282 0.288903 0.453248 0.036231
0.251733 0.203636 0.225757 0.415017 0.172434 0.257496 0.471895 0.755070 0.033935 0.366038 0.417604 0.093620
0.303644 0.298813 0.211875 0.474933 0.144112 0.273908 0.379559 0.729253 0.087612 0.334796 0.385304 0.054838
0.319999 0.148323 0.144215 0.426225 0.237370 0.251205 0.440583 0.643634 0.051567 0.272070 0.424776 0.066962
0.365399 0.109986 0.191717 0.320930 0.167022 0.198038 0.478483 0.715492 -0.064655 0.342793 0.381643 0.151246
0.363215 0.180280 0.132690 0.352766 0.131011 0.204112 0.444045 0.825950 -0.027162 0.292407 0.408565 0.087541
0.336533 0.173832 0.148498 0.437640 0.178957 0.185764 0.541120 0.678758 -0.011858 0.309496 0.389651 0.115589
0.247768 0.107832 0.198494 0.442650 0.226690 0.320678 0.460086 0.728679 -0.006954 0.318682 0.413500 0.087000
0.291542 0.111817 0.161621 0.444296 0.158226 0.278956 0.508141 0.808856 0.015460 0.284864 0.464230 0.079500
0.379668 0.291502 0.128737 0.398695 0.127286 0.213877 0.510921 0.828671 0.036259 0.303792 0.396370 0.089988
0.333775 0.168900 0.164588 0.431475 0.307257 0.155781 0.456402 0.820969 0.089470 0.333545 0.435799 0.070933
0.299898 0.186953 0.196132 0.481787 0.186569 0.275740 0.408337 0.806682 -0.012912 0.355434 0.456399 0.155956
0.344711 0.202949 0.175073 0.357220 0.236805 0.260749 0.498461 0.697572 0.039553 0.353233 0.477014 0.055350
0.328469 0.231403 0.144767 0.423799 0.138851 0.170221 0.495185 0.746346 0.024829 0.281974 0.468616 0.054453
0.263393 0.255369 0.164723 0.439610 0.227992 0.259980 0.495875 0.792740 0.040858 0.337656 0.402250 0.106787
0.396369 0.202301 0.209461 0.418106 0.151977 0.248249 0.465592 0.763925 0.054428 0.284846 0.405058 0.081829
0.303480 0.269837 0.195778 0.397685 0.259447 0.225702 0.433430 0.806529 0.074060 0.226341 0.420747 0.160600
0.316982 0.206630 0.156018 0.395144 0.144818 0.248259 0.437431 0.856949 -0.051123 0.300231 0.343045 0.119956
0.275027 0.175980 0.161010 0.407182 0.105879 0.194980 0.489981 0.797537 0.012662 0.296763 0.456280 0.108154
0.357172 0.159408 0.114380 0.403810 0.212973 0.221555 0.507346 0.679211 0.152410 0.430214 0.358869 -0.015364
0.274481 0.201851 0.157898 0.509161 0.227654 0.192722 0.399039 0.790092 -0.025493 0.311790 0.465076 0.057738
0.340509 0.218053 0.192929 0.413124 0.243299 0.206307 0.494027 0.748232 -0.023700 0.402313 0.385285 -0.005651
0.406536 0.255167 0.168536 0.310911 0.164125 0.168906 0.552015 0.730808 0.118700 0.258787 0.440184 0.134894
0.318304 0.240292 0.130043 0.459077 0.167103 0.279063 0.495227 0.708212 0.058055 0.342500 0.404076 0.077171
0.266788 0.245366 0.254328 0.416343 0.238167 0.208427 0.488071 0.862122 0.082145 0.440152 0.468817 0.065034
0.286395 0.183174 0.221794 0.411297 0.198221 0.186193 0.499461 0.680009 0.033023 0.339659 0.325654 0.025212
0.323150 0.179143 0.156651 0.413487 0.208006 0.196988 0.432846 0.760274 0.016559 0.355342 0.414809 0.016194
0.278602 0.241787 0.185192 0.361025 0.254795 0.249808 0.422795 0.774482 0.049403 0.278697 0.421709 0.092682
0.321072 0.223300 0.223104 0.376885 0.197607 0.215889 0.526666 0.675077 -0.018341 0.389634 0.353236 0.078678
0.381290 0.246280 0.215666 0.459965 0.129533 0.271053 0.464149 0.812125 0.000134 0.382076 0.405110 0.093013
0.355986 0.245838 0.094981 0.480609 0.223749 0.177878 0.462536 0.660194 -0.002877 0.308045 0.381235 0.080916
0.391035 0.277226 0.199463 0.415267 0.218558 0.244083 0.488037 0.782462 0.049330 0.307299 0.410067 0.071242
0.372918 0.178086 0.229494 0.395874 0.142687 0.133517 0.379628 0.780887 0.035270 0.394650 0.437966 0.181228
0.377721 0.188621 0.137417 0.456989 0.227865 0.261819 0.483728 0.786648 0.032137 0.329180 0.353781 0.007423
0.363893 0.128278 0.142549 0.497293 0.151509 0.169924 0.471087 0.755295 0.054354 0.331605 0.334664 0.049237
