1000 12 1000
0.729221 0.241869 0.526921 0.136765 0.145477 0.294611 0.184406 0.155515 0.204584 0.150341 0.873802 0.748639
0.614144 0.312839 0.615983 0.232751 0.051662 0.242880 0.110386 0.305250 0.296800 0.169421 0.779944 0.675382
0.702940 0.279056 0.638052 0.086366 0.045682 0.220368 0.119858 0.179380 0.223151 0.197015 0.844431 0.775895
0.698218 0.276006 0.677210 0.130718 0.132499 0.212802 0.067787 0.222992 0.257260 0.098491 0.834301 0.753187
0.635975 0.242601 0.626385 0.120531 0.069742 0.309576 0.072843 0.175353 0.296477 0.242937 0.879538 0.648730
0.631605 0.250692 0.719644 0.258952 0.097716 0.357306 0.054849 0.173271 0.212805 0.142538 0.837313 0.697112
0.638870 0.305670 0.675392 0.113036 0.111001 0.337330 0.071991 0.197499 0.279619 0.190821 0.802165 0.643884
0.601666 0.299222 0.601518 0.223558 0.096641 0.298928 0.081743 0.183684 0.226063 0.145092 0.833176 0.671473
0.604307 0.304402 0.645864 0.227996 0.106585 0.255104 0.082251 0.208660 0.244787 0.111461 0.664192 0.638002
0.625001 0.253303 0.614733 0.148784 0.090089 0.279911 0.119030 0.168021 0.247962 0.113694 0.864681 0.657419
0.624564 0.292906 0.592117 0.070459 0.133130 0.339833 0.143498 0.168457 0.239302 0.168477 0.780147 0.728960
0.596425 0.290832 0.634017 0.230086 0.132009 0.270401 0.104324 0.202480 0.214914 0.200531 0.830270 0.770762
0.633637 0.293204 0.606197 0.188672 0.081396 0.216812 0.113857 0.245070 0.238070 0.155569 0.867379 0.656681
0.688177 0.264363 0.661315 0.232252 0.037677 0.293574 0.141394 0.133353 0.144286 0.136812 0.758697 0.708575
0.680058 0.229664 0.671081 0.172857 0.059354 0.348120 0.101922 0.248141 0.255332 0.138358 0.863718 0.654022
0.650741 0.243659 0.601497 0.193063 0.151189 0.242243 0.077818 0.177388 0.272943 0.183699 0.918622 0.711259
0.724384 0.170988 0.670426 0.169305 0.105868 0.254717 0.021620 0.140585 0.159779 0.165228 0.803426 0.666890
0.685038 0.297101 0.617289 0.168792 0.125257 0.294724 0.034039 0.208866 0.216468 0.127140 0.937264 0.632305
0.662511 0.327273 0.640449 0.144595 0.115311 0.335460 0.040275 0.187553 0.216625 0.016210 0.826164 0.670705
0.726853 0.366772 0.621166 0.088698 0.161667 0.279747 0.065574 0.123329 0.249144 0.151252 0.748736 0.639377
0.736206 0.226018 0.602161 0.242594 0.074767 0.229373 0.087291 0.213569 0.209366 0.006467 0.769413 0.709069
0.638321 0.249398 0.666732 0.173530 0.218004 0.353896 0.161456 0.206649 0.276930 0.134021 0.808069 0.693196
0.662933 0.264112 0.667253 0.161122 0.078373 0.272091 0.159459 0.197042 0.286198 0.162564 0.851071 0.691757
0.609751 0.360316 0.597543 0.238220 0.097142 0.239270 0.051504 0.145380 0.208594 0.087853 0.833327 0.782136
0.666451 0.209495 0.560764 0.115333 0.180342 0.269853 0.096793 0.254544 0.084672 0.129469 0.800845 0.680932
0.652910 0.340986 0.581551 0.085971 0.136970 0.363577 0.105537 0.180798 0.167385 0.128115 0.850705 0.705259
0.556047 0.246556 0.607804 0.153964 0.132789 0.274307 0.126751 0.132236 0.258079 0.188815 0.842965 0.660211
0.652153 0.233656 0.672557 0.187112 0.148953 0.244892 0.093781 0.200405 0.182026 0.185386 0.878217 0.554572
0.693177 0.266538 0.645268 0.234397 0.122512 0.410884 0.121870 0.187115 0.270252 0.084844 0.814365 0.688809
0.582877 0.271556 0.514037 0.084942 0.033769 0.311004 0.062564 0.214727 0.276841 0.145510 0.784136 0.674511
0.596457 0.280963 0.642696 0.123531 0.106617 0.280172 0.145623 0.253770 0.254436 0.111234 0.919091 0.675610
0.681771 0.237302 0.617229 0.097850 0.145678 0.222871 0.089537 0.149583 0.255235 0.149773 0.897370 0.720068
0.674215 0.207109 0.651643 0.139658 0.140328 0.274769 0.144586 0.176104 0.258577 0.234769 0.789510 0.769193
0.717048 0.318602 0.653989 0.114503 0.091363 0.297298 0.123780 0.242386 0.305285 0.175386 0.844391 0.590248
0.657652 0.299008 0.597111 0.095447 0.075773 0.210095 0.078918 0.291650 0.216638 0.079102 0.902381 0.691905
0.676684 0.253660 0.547549 0.135684 0.094572 0.282032 0.202923 0.243524 0.184975 0.083984 0.860194 0.637690
0.663200 0.177333 0.671277 0.191707 0.096595 0.270980 0.097173 0.282499 0.221736 0.203233 0.805565 0.625158
0.703492 0.252528 0.689885 0.194370 0.072247 0.329731 0.120920 0.229710 0.303923 0.165203 0.773928 0.691199
0.724296 0.251239 0.639246 0.228530 0.088151 0.321607 0.017068 0.247740 0.158018 0.104030 0.883404 0.654105
0.656547 0.291454 0.623637 0.258241 0.146654 0.353235 0.106504 0.159152 0.229018 0.121724 0.817062 0.676696
0.717252 0.247070 0.643644 0.169032 0.106430 0.226717 0.049703 0.151337 0.272501 0.143872 0.752369 0.675956
0.654281 0.229003 0.627902 0.178016 0.096075 0.277926 0.153815 0.160256 0.233212 0.138865 0.792562 0.632956
0.645761 0.307893 0.576374 0.209565 0.074578 0.271068 -0.012040 0.233630 0.208241 0.152344 0.821343 0.685775
0.722105 0.279721 0.613553 0.114060 0.093013 0.338122 0.128577 0.106107 0.276032 0.240009 0.860780 0.708894
0.615137 0.233464 0.652513 0.162246 0.168447 0.299822 0.004680 0.209022 0.216167 0.111365 0.900751 0.704911
0.665806 0.338577 0.588487 0.242584 0.068406 0.286262 0.141467 0.217481 0.267110 0.189226 0.915737 0.642790
0.724308 0.240494 0.573848 0.233017 0.122936 0.288813 0.174305 0.249450 0.175528 0.185258 0.803756 0.582862
0.678357 0.267456 0.664458 0.205805 0.136286 0.327915 0.064918 0.244588 0.216839 0.147766 0.810065 0.719355
0.548013 0.305951 0.576538 0.191080 0.124989 0.218043 0.040588 0.261054 0.285008 0.113787 0.875256 0.663105
0.675509 0.147351 0.567099 0.086201 0.103932 0.295882 0.226736 0.198661 0.233943 0.068548 0.902664 0.640000
0.633526 0.197588 0.659136 0.256665 0.104119 0.274610 0.133076 0.214710 0.207597 0.175293 0.754869 0.687308
0.647404 0.291159 0.640370 0.221585 0.038203 0.258200 0.145481 0.197682 0.293898 0.195036 0.796882 0.719321
0.768758 0.239852 0.652345 0.141161 0.136940 0.177370 0.050435 0.200203 0.253781 0.218198 0.856023 0.742201
0.711195 0.247186 0.614325 0.178498 0.124527 0.241036 0.073149 0.194147 0.282998 0.059663 0.842611 0.577307
0.671318 0.305423 0.609795 0.256792 0.021285 0.233053 0.118217 0.267537 0.251118 0.099410 0.867701 0.645155
0.671175 0.253792 0.661851 0.173675 0.203028 0.377785 0.112565 0.273964 0.195925 0.132647 0.751001 0.631757
0.680250 0.254391 0.662901 0.121287 0.108869 0.313047 0.040101 0.227980 0.252708 0.219046 0.892807 0.592859
0.645208 0.281039 0.609495 0.226048 0.076572 0.274584 0.169205 0.143795 0.290359 0.146516 0.809162 0.610893
0.757832 0.335462 0.641596 0.123297 0.089764 0.280024 0.088402 0.267619 0.264612 0.102691 0.905323 0.637879
0.700038 0.282094 0.596088 0.158776 0.104154 0.304645 0.095700 0.150541 0.250848 0.114422 0.807060 0.644622
0.654701 0.238640 0.544662 0.168830 0.187177 0.276998 0.090999 0.070139 0.216891 0.132595 0.891261 0.613541
0.583515 0.368577 0.703203 0.204751 0.069098 0.265885 0.199921 0.128572 0.320099 0.118682 0.876769 0.532858
0.648346 0.263024 0.637131 0.226095 0.143794 0.254473 0.168449 0.183493 0.198083 0.076859 0.875497 0.660256
0.665476 0.371345 0.686690 0.139416 0.133842 0.367438 0.013143 0.269874 0.220069 0.217479 0.826283 0.671841
0.651123 0.245324 0.596106 0.180231 0.133036 0.369034 0.146687 0.151537 0.285901 0.168520 0.865733 0.733734
0.693077 0.303112 0.609752 0.091476 0.193007 0.330655 0.092247 0.231634 0.177424 0.169703 0.808138 0.709087
0.642474 0.338665 0.509213 0.173209 0.104420 0.293469 0.223104 0.216863 0.202597 0.231118 0.732347 0.584076
0.640965 0.290579 0.590898 0.116610 0.123736 0.282413 0.086796 0.227860 0.264866 0.040602 0.863076 0.634946
0.722887 0.239583 0.593514 0.156622 0.131538 0.348737 0.147933 0.251823 0.286458 0.057578 0.838011 0.613027
0.628818 0.242763 0.676452 0.202461 0.135592 0.309560 0.100718 0.338791 0.261358 0.145141 0.918134 0.680242
0.701323 0.259135 0.645251 0.169713 0.076263 0.302584 0.109330 0.166645 0.246452 0.259640 0.764228 0.746263
0.600781 0.189640 0.591759 0.211202 0.159051 0.206175 0.113298 0.230916 0.304567 0.115142 0.852181 0.597665
0.610307 0.296949 0.586725 0.192315 0.016650 0.291535 -0.023155 0.199797 0.281142 0.115007 0.830816 0.690684
0.638839 0.320768 0.659584 0.182315 0.057462 0.199452 0.097372 0.204060 0.211376 0.168864 0.825879 0.689709
0.692471 0.327034 0.652336 0.248587 0.045433 0.227383 0.115659 0.239304 0.267081 0.016392 0.888308 0.749127
0.590534 0.275882 0.644124 0.210876 0.129616 0.311697 0.172615 0.137828 0.172823 0.173172 0.806713 0.693166
0.703058 0.252880 0.567947 0.154374 0.175543 0.345199 0.153656 0.212222 0.340416 0.087420 0.819131 0.624011
0.662726 0.225315 0.595219 0.194784 0.113995 0.273860 0.082863 0.196221 0.227888 0.133130 0.886186 0.643457
0.720537 0.241236 0.544663 0.166469 0.207658 0.273490 0.048598 0.176248 0.226327 0.204554 0.822321 0.644647
0.676891 0.331430 0.619978 0.150482 0.050334 0.279203 0.122347 0.252238 0.242074 0.153937 0.762161 0.651490
0.558322 0.283927 0.670051 0.161881 0.190144 0.219277 0.078662 0.228606 0.313672 0.097418 0.838315 0.720648
0.707305 0.240706 0.644504 0.187732 0.140162 0.337372 0.054234 0.234071 0.180554 0.137145 0.815355 0.635213
0.665996 0.284964 0.633441 0.136368 0.084470 0.204572 -0.010625 0.154121 0.249648 0.091381 0.852667 0.736502
0.580261 0.330305 0.639681 0.155878 0.109567 0.231977 0.143147 0.188381 0.250944 0.162181 0.884609 0.643610
0.703414 0.301170 0.619787 0.106863 0.154717 0.373083 0.104556 0.238614 0.206961 0.111808 0.818303 0.696650
0.696507 0.227384 0.542560 0.180444 0.099368 0.322633 0.104056 0.230496 0.244196 0.282075 0.751863 0.729080
0.681712 0.257802 0.629287 0.167135 0.068554 0.383293 0.071328 0.272785 0.245587 0.135765 0.898197 0.640911
0.640728 0.241687 0.617626 0.173928 0.106729 0.205286 0.055142 0.153997 0.279265 0.225225 0.831392 0.635038
0.633688 0.259225 0.680828 0.218872 0.190066 0.267543 0.157604 0.226427 0.131013 0.189539 0.849650 0.733246
0.627910 0.325818 0.555316 0.246564 0.072904 0.210450 0.191056 0.208518 0.211505 0.157648 0.875915 0.754603
0.626844 0.323879 0.522305 0.175863 0.014417 0.297126 0.144815 0.256389 0.232483 0.193459 0.904466 0.640447
0.628300 0.312818 0.581373 0.201959 0.014706 0.242705 0.079524 0.236159 0.176285 0.069304 0.880862 0.720429
0.606969 0.237954 0.586070 0.234078 0.075702 0.293260 0.056341 0.238623 0.200049 0.181742 0.889123 0.720452
0.687312 0.314251 0.555783 0.103679 0.136456 0.276716 0.109582 0.229117 0.106203 0.195276 0.873668 0.687636
0.612386 0.287986 0.625718 0.174460 0.126789 0.284273 0.114915 0.204413 0.289610 0.162898 0.800344 0.716788
0.651118 0.312913 0.657011 0.251576 0.152269 0.310561 0.082968 0.200096 0.206753 0.112310 0.795539 0.726254
0.653795 0.258468 0.605092 0.219961 0.139836 0.351083 0.085065 0.216350 0.330215 0.145530 0.854475 0.732089
0.667221 0.355285 0.574686 0.151550 0.129174 0.210799 0.121770 0.198439 0.200228 0.130255 0.692173 0.634910
0.703987 0.279677 0.532972 0.184034 0.083278 0.303740 0.046715 0.177484 0.273017 0.103630 0.733653 0.722706
0.601403 0.250370 0.560202 0.214672 0.053504 0.420177 0.089568 0.268966 0.199910 0.104066 0.913768 0.678821
0.672707 0.257591 0.659145 0.117542 0.186318 0.295964 0.026611 0.247547 0.251240 0.131642 0.854921 0.701553
0.755398 0.252036 0.611208 0.131510 0.126643 0.288491 0.080370 0.173269 0.175421 0.259494 0.905372 0.654941
0.683696 0.331138 0.577901 0.086449 0.048434 0.345143 0.116128 0.203061 0.257870 0.152451 0.778763 0.727765
0.694914 0.240440 0.579807 0.175290 0.120429 0.217394 0.152237 0.213806 0.157222 0.111869 0.823026 0.603126
0.759880 0.286357 0.646373 0.314662 0.081318 0.351043 0.139960 0.197717 0.206248 0.189771 0.833291 0.644158
0.699610 0.288075 0.588307 0.252830 0.142604 0.291481 0.045644 0.284988 0.266040 0.141177 0.818924 0.660544
0.644259 0.229993 0.691855 0.230684 0.101664 0.284215 0.064785 0.218281 0.246267 0.174442 0.782902 0.627501
0.722995 0.262572 0.562023 0.200972 0.117646 0.246786 -0.002105 0.191876 0.182222 0.104128 0.935462 0.643610
0.704805 0.262146 0.629861 0.194924 0.069868 0.364796 -0.039701 0.272301 0.280544 0.153070 0.824341 0.652240
0.750295 0.279610 0.551711 0.237854 0.209769 0.346286 0.099653 0.152737 0.286746 0.079457 0.746224 0.652103
0.634981 0.308698 0.569945 0.129161 0.060510 0.338876 0.107650 0.143175 0.233919 0.189390 0.813844 0.609978
0.601777 0.224640 0.634194 0.118257 0.073908 0.235789 0.114543 0.233124 0.229893 0.200376 0.836933 0.574556
0.695358 0.309935 0.743160 0.136592 0.087010 0.311884 0.180276 0.206025 0.196810 0.148666 0.782223 0.577693
0.622492 0.415739 0.602505 0.161620 0.068086 0.204528 0.015415 0.247340 0.142078 0.188284 0.728998 0.658355
0.642388 0.256507 0.608666 0.309374 0.142196 0.232316 0.075525 0.136072 0.244685 0.111539 0.858798 0.648270
0.581970 0.247199 0.612373 0.155828 0.127142 0.322187 0.084729 0.262536 0.259638 0.133536 0.818764 0.691250
0.594603 0.327667 0.643140 0.154688 0.142109 0.215385 0.083168 0.381747 0.215965 0.070010 0.760750 0.655390
0.674252 0.288293 0.586666 0.239568 0.153479 0.251788 0.182488 0.161295 0.141974 0.162716 0.792435 0.618042
0.693180 0.217253 0.700110 0.207655 0.092930 0.182121 0.116631 0.121972 0.255802 0.069069 0.877813 0.666312
0.574450 0.263001 0.655012 0.261084 0.167914 0.239828 0.079584 0.179865 0.263073 0.098819 0.800246 0.656674
0.663250 0.266508 0.751557 0.139042 0.269448 0.282943 0.129244 0.190454 0.199747 0.201098 0.834677 0.632823
0.737854 0.263686 0.673920 0.112299 0.154845 0.339488 0.160303 0.288494 0.192367 0.188813 0.778569 0.650687
0.684312 0.307388 0.579859 0.148413 0.165140 0.189208 0.138009 0.239456 0.218813 0.205994 0.901300 0.713454
0.678991 0.247765 0.687388 0.136173 0.128918 0.325729 0.119355 0.212436 0.309745 0.178143 0.762032 0.626260
0.693287 0.255884 0.687122 0.131051 0.164025 0.251026 0.142364 0.226997 0.206709 0.172422 0.732535 0.689290
0.672491 0.240488 0.577105 0.222123 0.194979 0.268243 0.006797 0.200407 0.223454 0.066429 0.774400 0.718998
0.639731 0.223872 0.601072 0.150356 0.122252 0.248400 0.103498 0.173621 0.312187 0.167925 0.874428 0.716241
0.613609 0.288743 0.719289 0.107264 0.084465 0.220956 0.067343 0.163222 0.247771 0.097583 0.812457 0.716401
0.584649 0.296115 0.699745 0.128459 0.204117 0.328724 0.202335 0.239532 0.278606 0.208376 0.723265 0.727565
0.658334 0.246718 0.612965 0.123220 0.175898 0.232408 0.141632 0.246989 0.265032 0.109308 0.726266 0.652305
0.647535 0.266469 0.637936 0.208900 0.124917 0.305042 0.126633 0.126646 0.281387 0.126102 0.822279 0.704014
0.649021 0.265676 0.635995 0.154020 0.160241 0.208676 0.169645 0.230916 0.202585 0.075383 0.894372 0.684210
0.664208 0.225606 0.668357 0.183724 0.116797 0.276067 0.072730 0.152286 0.232416 0.189130 0.869526 0.715782
0.652670 0.237317 0.625764 0.201654 0.111624 0.285369 0.014747 0.148956 0.141057 0.124616 0.905454 0.674700
0.618341 0.286527 0.618099 0.177660 0.036135 0.325870 0.215144 0.194599 0.210676 0.199388 0.833986 0.660171
0.644168 0.347103 0.578907 0.172824 0.135809 0.277291 0.149850 0.219449 0.234118 0.153954 0.910505 0.750738
0.658728 0.228570 0.622579 0.134850 0.035942 0.246322 0.103545 0.244607 0.292943 0.113550 0.842760 0.682694
0.691599 0.302709 0.642431 0.184181 0.090350 0.279390 0.109192 0.206606 0.208048 0.234672 0.822141 0.668592
0.659108 0.219870 0.691892 0.185558 0.155563 0.271898 0.098199 0.207111 0.257390 0.187215 0.861363 0.658538
0.697041 0.308658 0.669035 0.110315 0.228632 0.307845 0.133533 0.155858 0.132720 0.184267 0.871748 0.629724
0.734403 0.363458 0.568531 0.239552 0.048932 0.280415 0.074976 0.362900 0.185130 0.090571 0.754429 0.698632
0.723021 0.294872 0.589726 0.154427 0.120561 0.203545 0.133635 0.227188 0.201974 0.150914 0.846270 0.665516
0.623320 0.296380 0.724548 0.079199 0.113211 0.278711 0.181277 0.164670 0.189641 0.123558 0.934541 0.740440
0.674078 0.289039 0.623933 0.245823 0.164445 0.256851 0.196927 0.100046 0.309298 0.183275 0.858016 0.671056
0.712133 0.319136 0.564220 0.129138 0.102168 0.260488 0.103992 0.138149 0.255750 0.250828 0.828152 0.549023
0.684456 0.263740 0.616025 0.214490 0.139524 0.204863 0.075467 0.219055 0.184467 0.132230 0.868300 0.751794
0.704632 0.294161 0.531080 0.100273 0.056615 0.264497 0.022310 0.167412 0.260498 0.150050 0.866125 0.628336
0.681885 0.237623 0.586610 0.167795 0.106799 0.338631 0.008382 0.210824 0.234150 0.161956 0.818769 0.646941
0.764731 0.304598 0.612388 0.157089 0.158537 0.340912 0.031825 0.169119 0.107224 0.085021 0.889748 0.634597
0.657320 0.310173 0.640455 0.136531 0.025523 0.297254 -0.005691 0.123749 0.212357 0.166987 0.880404 0.578956
0.642242 0.202080 0.570664 0.197999 0.073870 0.250527 0.098255 0.270192 0.273418 0.166033 0.849180 0.617647
0.638695 0.240483 0.625664 0.216882 0.167621 0.331022 0.186733 0.282866 0.252465 0.200200 0.873721 0.660226
0.730089 0.317015 0.676567 0.232313 0.133656 0.316565 0.059499 0.195568 0.248384 0.211025 0.858639 0.586281
0.590845 0.332483 0.695039 0.171098 0.049348 0.281319 0.160649 0.159544 0.267441 0.099509 0.759446 0.698359
0.566821 0.266288 0.646966 0.177644 -0.017385 0.264704 0.079143 0.117055 0.203454 0.188141 0.832897 0.733940
0.607698 0.285583 0.674999 0.164491 0.122313 0.210599 0.059175 0.256072 0.204541 0.115130 0.827196 0.595469
0.612369 0.314624 0.671028 0.202866 0.162837 0.384866 0.069437 0.261032 0.288079 0.127672 0.854749 0.689754
0.750921 0.217979 0.578727 0.217495 0.107276 0.262538 0.063040 0.079894 0.285694 0.156922 0.737216 0.608424
0.721188 0.221716 0.595105 0.180320 -0.001661 0.348175 0.138241 0.273587 0.162824 0.130828 0.801890 0.662237
0.632665 0.379374 0.668706 0.217169 0.141031 0.201825 0.051781 0.205892 0.208791 0.061716 0.882286 0.607548
0.687527 0.311461 0.644634 0.127340 0.082392 0.298565 0.099870 0.289779 0.323738 0.200450 0.817037 0.571133
0.635352 0.339326 0.680787 0.141697 0.144528 0.229490 0.032865 0.188361 0.203319 0.066738 0.791513 0.628810
0.641840 0.354905 0.648907 0.201555 0.092166 0.320509 0.052863 0.207062 0.217416 0.219864 0.839128 0.747423
0.678835 0.262286 0.639444 0.081906 0.096542 0.263607 0.029493 0.281175 0.211602 0.210751 0.842401 0.767724
0.681222 0.341931 0.600772 0.143093 0.130319 0.217053 0.042914 0.220316 0.275452 0.209910 0.869488 0.640848
0.693159 0.230154 0.693759 0.257487 0.232545 0.293532 0.152783 0.228458 0.239775 0.151023 0.823489 0.758188
0.625897 0.274098 0.635437 0.245364 0.083322 0.325318 0.083680 0.179475 0.196432 0.212049 0.770186 0.715282
0.161881 0.517490 0.684196 0.918216 0.984659 0.628686 0.185989 0.956539 0.536847 0.357496 0.292389 0.340495
0.321801 0.588303 0.804986 0.907800 0.954897 0.755634 0.240504 0.908866 0.422518 0.410268 0.303943 0.555270
0.294306 0.536144 0.786831 1.046395 0.968077 0.706258 0.257996 0.949540 0.517535 0.305961 0.250888 0.390027
0.232811 0.503098 0.763716 0.991762 1.019523 0.722874 0.307271 0.887558 0.494943 0.307703 0.269426 0.431893
0.339239 0.587169 0.666477 0.913440 0.986019 0.712378 0.254878 0.937375 0.524587 0.310014 0.344571 0.424260
0.282884 0.458564 0.690805 0.974591 0.946609 0.649014 0.280536 1.065213 0.575974 0.296822 0.351941 0.408618
0.375390 0.553587 0.732754 0.921746 0.925831 0.694994 0.229760 0.993762 0.574993 0.339821 0.358000 0.390871
0.320857 0.494769 0.706764 0.801329 0.851475 0.691339 0.219761 0.993331 0.581669 0.354487 0.276813 0.511632
0.337617 0.525795 0.803942 0.961516 1.010871 0.650654 0.158300 0.968156 0.505441 0.312199 0.377599 0.428709
0.275294 0.536142 0.781666 0.938147 1.042653 0.781816 0.233469 0.948703 0.483571 0.327700 0.325673 0.376194
0.215430 0.601683 0.726589 0.962735 0.914311 0.766583 0.190043 0.990801 0.594572 0.298529 0.288055 0.527712
0.412051 0.664493 0.734174 0.930191 1.002875 0.623068 0.270802 0.875938 0.568027 0.389243 0.374697 0.465821
0.250702 0.557586 0.708926 1.014150 0.943789 0.774360 0.277079 1.016367 0.551980 0.340666 0.310597 0.383845
0.380889 0.489168 0.704712 1.001790 0.879013 0.711817 0.260541 1.028502 0.521736 0.312083 0.400005 0.389687
0.290363 0.599745 0.743047 1.007309 0.987740 0.740886 0.262539 0.918422 0.575570 0.353787 0.314603 0.464029
0.252504 0.572399 0.739041 1.020033 0.871674 0.607447 0.351174 0.981326 0.491110 0.429098 0.339817 0.379710
0.289537 0.564452 0.818711 0.970851 0.968450 0.680708 0.281945 0.979067 0.458209 0.382619 0.377325 0.333244
0.309942 0.503573 0.746716 0.899180 0.930832 0.722066 0.299378 0.947970 0.474148 0.398867 0.220729 0.409289
0.351124 0.555124 0.754520 0.977430 0.911335 0.677828 0.222005 0.888277 0.527563 0.315092 0.450493 0.433329
0.396222 0.551830 0.717416 0.873089 1.019255 0.681225 0.113897 0.988593 0.587846 0.328074 0.409762 0.451808
0.338858 0.545009 0.794777 0.958392 0.913634 0.745746 0.272164 0.894745 0.560409 0.308674 0.327406 0.367742
0.309098 0.579227 0.845861 0.986337 0.946425 0.748207 0.206184 0.994182 0.555006 0.306333 0.298769 0.441493
0.346709 0.589555 0.676836 0.941197 1.002112 0.617814 0.181816 0.977851 0.567727 0.305298 0.346028 0.460718
0.307572 0.518943 0.744459 0.963942 0.975967 0.703840 0.142528 0.983970 0.546062 0.386365 0.245233 0.484061
0.390226 0.551302 0.674276 0.970541 0.988715 0.693771 0.247005 0.994127 0.488446 0.367017 0.292121 0.367544
0.319957 0.586686 0.687118 0.956240 0.895087 0.707018 0.245316 0.822645 0.485835 0.388285 0.272314 0.418990
0.288356 0.575657 0.757798 0.929995 0.983123 0.689574 0.176728 0.882338 0.544082 0.365592 0.324959 0.456670
0.194214 0.475126 0.841415 0.976068 0.929967 0.757015 0.218771 0.886573 0.592351 0.341378 0.311644 0.486140
0.248118 0.578307 0.819706 0.959928 0.977878 0.718816 0.308983 0.979292 0.591130 0.296227 0.246989 0.510602
0.278697 0.577332 0.706327 0.942095 0.967330 0.686827 0.333257 0.907702 0.579751 0.399518 0.347395 0.442142
0.248638 0.447961 0.718657 1.090310 1.000113 0.706626 0.274342 1.009128 0.610185 0.297587 0.341038 0.345626
0.396544 0.554711 0.662938 0.942262 1.110523 0.795155 0.237802 0.945416 0.537604 0.379868 0.270380 0.414998
0.327572 0.454228 0.783517 0.958303 0.991896 0.675569 0.189518 0.937080 0.518944 0.451642 0.343971 0.347210
0.326888 0.611559 0.710291 0.964751 0.944288 0.668365 0.137852 0.978078 0.523904 0.483325 0.371394 0.451656
0.318401 0.601901 0.768918 0.976622 0.951764 0.674456 0.239612 0.987769 0.524489 0.376076 0.310394 0.414163
0.307792 0.625373 0.730988 0.979794 0.958243 0.619117 0.189363 0.957376 0.493303 0.339589 0.351576 0.420812
0.208495 0.463174 0.785198 0.912982 0.964023 0.658024 0.308636 0.947414 0.610860 0.372891 0.290566 0.474664
0.270508 0.475352 0.724961 1.035909 0.941308 0.707386 0.326801 0.979093 0.530582 0.386010 0.275230 0.467015
0.305260 0.537312 0.719344 0.919851 0.875264 0.628935 0.201346 1.013036 0.481552 0.309823 0.320076 0.470231
0.314490 0.565618 0.806899 1.083139 1.056096 0.656292 0.282876 0.884577 0.546154 0.390827 0.256086 0.457161
0.345053 0.643610 0.707360 0.969613 0.896232 0.688688 0.356908 1.000243 0.626613 0.338586 0.364272 0.398722
0.231038 0.543524 0.870574 0.953719 0.970278 0.648608 0.261085 0.944900 0.519111 0.270351 0.374036 0.440077
0.261513 0.568080 0.774598 0.961043 0.964654 0.729815 0.251593 0.978568 0.460745 0.289233 0.405967 0.457592
0.246570 0.506220 0.761623 0.973412 0.979883 0.784711 0.206023 0.961613 0.467999 0.300223 0.224158 0.411161
0.282107 0.637925 0.782039 1.017199 0.954728 0.711373 0.238545 0.883849 0.557624 0.389748 0.337139 0.407090
0.317140 0.595883 0.738735 0.979673 0.928920 0.703409 0.282199 0.964135 0.548960 0.333368 0.302090 0.434748
0.225687 0.497226 0.763279 0.989459 0.984134 0.732087 0.283124 0.957946 0.535295 0.279301 0.387185 0.453300
0.302483 0.482347 0.784429 0.990962 0.960471 0.584520 0.250663 0.968099 0.549730 0.267561 0.300478 0.474826
0.246020 0.629792 0.744800 0.991578 1.048368 0.665720 0.271998 0.949073 0.470580 0.353870 0.353325 0.456739
0.341935 0.492697 0.743243 0.935992 1.005868 0.722117 0.240386 0.999540 0.502901 0.360486 0.316734 0.447244
0.194977 0.568518 0.865364 0.854794 0.949339 0.621924 0.285201 1.075136 0.511825 0.316294 0.229548 0.467608
0.293714 0.616682 0.638746 0.883063 1.006858 0.657957 0.162079 1.043122 0.455540 0.281455 0.358546 0.389970
0.239167 0.534698 0.705536 1.042556 0.896430 0.697046 0.317040 0.994390 0.533306 0.304959 0.312144 0.433005
0.315874 0.540153 0.718543 0.944015 0.925672 0.682330 0.374225 0.991193 0.543610 0.386544 0.347720 0.450195
0.348946 0.460766 0.717356 1.059690 0.887042 0.662351 0.237076 0.971782 0.547891 0.352003 0.389933 0.302733
0.308584 0.562993 0.787959 0.968405 0.996821 0.641702 0.233889 0.911675 0.529198 0.367833 0.257737 0.423870
0.301992 0.516727 0.729058 0.889283 0.944582 0.660512 0.283238 0.961158 0.520430 0.351273 0.397579 0.424773
0.365657 0.587878 0.778418 0.889286 0.968469 0.665251 0.231686 0.862814 0.562430 0.304016 0.370480 0.489664
0.221934 0.582058 0.756799 0.994169 1.000100 0.798068 0.202722 0.970332 0.514864 0.377856 0.306472 0.348597
0.199030 0.520684 0.711703 0.977265 0.954870 0.705535 0.347543 0.892561 0.526953 0.316296 0.363578 0.520196
0.243153 0.565891 0.758019 0.937025 0.847711 0.716630 0.317560 0.883924 0.587795 0.396416 0.359536 0.413037
0.297383 0.561958 0.714209 0.942032 0.911678 0.700652 0.310650 0.954449 0.492346 0.320170 0.408812 0.407170
0.382087 0.528127 0.737453 0.954136 0.997331 0.690173 0.236264 0.894682 0.524994 0.334109 0.278963 0.472983
0.337602 0.518596 0.721146 0.953473 0.926844 0.623686 0.351332 1.004024 0.528778 0.443239 0.412180 0.437475
0.259532 0.607529 0.798569 1.073126 1.039743 0.720098 0.247161 1.009605 0.581850 0.382858 0.374911 0.416005
0.358192 0.551441 0.670259 0.994260 1.045881 0.599910 0.273280 0.987585 0.479214 0.353310 0.276053 0.326177
0.333476 0.504276 0.781650 1.047555 0.948127 0.635820 0.228855 0.898718 0.492312 0.312862 0.379422 0.348591
0.389321 0.559593 0.843245 1.023110 0.996372 0.678879 0.216204 0.937165 0.520381 0.369235 0.318223 0.441458
0.215930 0.533608 0.744900 0.986074 0.866691 0.738686 0.213387 0.879186 0.598123 0.401588 0.282034 0.455315
0.348385 0.512121 0.773024 0.932928 0.834382 0.660960 0.300901 1.028821 0.521359 0.375716 0.296171 0.450957
0.274494 0.513433 0.778062 0.991388 0.985362 0.635471 0.230257 0.972976 0.467783 0.327292 0.315839 0.375279
0.326477 0.559889 0.692879 0.904074 0.940530 0.719249 0.295570 0.879789 0.470603 0.379013 0.333067 0.457284
0.357178 0.482434 0.867319 0.874986 0.946798 0.723167 0.226320 0.889431 0.555477 0.337012 0.301010 0.387887
0.324359 0.594972 0.716525 0.961475 1.035618 0.663874 0.306307 1.074395 0.573543 0.419162 0.362767 0.457994
0.308461 0.525622 0.697039 0.987509 0.973799 0.634807 0.217707 0.951833 0.555805 0.406148 0.253470 0.452709
0.282622 0.499110 0.806053 1.012723 1.032810 0.694657 0.266752 0.950221 0.495987 0.445672 0.296930 0.482544
0.385038 0.561620 0.736147 0.988514 1.025597 0.801529 0.301113 0.964927 0.522219 0.402576 0.412084 0.442107
0.301119 0.504856 0.714208 0.993790 0.959844 0.613993 0.244225 0.998898 0.541540 0.315436 0.302307 0.340963
0.349690 0.546727 0.690719 0.973065 1.012142 0.705829 0.180565 0.943379 0.584208 0.291653 0.175080 0.394974
0.274604 0.548858 0.826618 0.908827 0.935252 0.724788 0.174102 0.849398 0.519657 0.378423 0.393255 0.372061
0.357353 0.564563 0.714751 0.970566 0.915125 0.731417 0.273220 1.024892 0.635838 0.279716 0.351464 0.451164
0.290151 0.627946 0.755489 0.959703 0.987103 0.690678 0.187283 1.050040 0.505061 0.315235 0.303923 0.422263
0.301816 0.627661 0.649109 0.957917 1.014270 0.764335 0.257411 0.898166 0.443104 0.362941 0.363582 0.401390
0.320471 0.566970 0.760810 0.912269 0.901521 0.705805 0.224565 0.961484 0.553537 0.306834 0.331296 0.361567
0.290042 0.463726 0.733608 0.950404 1.033255 0.757835 0.238659 0.958676 0.566966 0.396488 0.290428 0.476027
0.345986 0.543254 0.749833 0.939555 0.951253 0.645318 0.333494 0.945003 0.482458 0.316404 0.333411 0.403117
0.258235 0.552331 0.784109 0.959668 1.013839 0.605111 0.308134 1.019640 0.462089 0.359146 0.282998 0.427646
0.283491 0.554038 0.833311 0.967317 0.932952 0.738127 0.253916 0.996121 0.451523 0.370173 0.274259 0.453093
0.268255 0.589738 0.764383 0.978291 0.937715 0.679601 0.120082 1.044421 0.589414 0.350617 0.275442 0.378543
0.289657 0.513654 0.797624 0.983135 1.016593 0.631876 0.291364 1.005627 0.564533 0.330748 0.359006 0.377447
0.391401 0.582371 0.703913 0.976008 0.969277 0.777925 0.248159 0.997458 0.534947 0.320585 0.355348 0.520550
0.394940 0.527274 0.777286 0.947917 0.945305 0.683079 0.305610 1.041945 0.440880 0.330251 0.451414 0.408988
0.269687 0.502800 0.672289 0.935182 1.025657 0.636654 0.263678 1.005599 0.469644 0.465177 0.314664 0.393585
0.364850 0.507173 0.695273 0.898602 1.007041 0.753136 0.243282 1.061735 0.547473 0.412752 0.316524 0.511576
0.380514 0.514119 0.710247 1.020002 0.995193 0.665952 0.258416 1.000737 0.577851 0.295799 0.324728 0.381685
0.394681 0.540998 0.777315 0.966204 1.013988 0.667363 0.199902 0.876257 0.485621 0.318607 0.278951 0.471318
0.237959 0.477361 0.839807 0.989295 1.054349 0.688892 0.171932 0.980873 0.521062 0.376924 0.286884 0.365237
0.293015 0.564563 0.709879 1.038641 0.926295 0.655472 0.223795 0.931321 0.505497 0.362208 0.429371 0.504055
0.267190 0.618802 0.778202 0.998997 0.868507 0.627031 0.356592 0.930475 0.432448 0.298498 0.277491 0.434790
0.328024 0.530738 0.746073 1.022145 1.059949 0.710415 0.318583 0.965061 0.508981 0.470625 0.374096 0.445188
0.342624 0.510659 0.799214 0.906404 0.948218 0.689812 0.266057 0.900500 0.606368 0.391880 0.276041 0.388811
0.308659 0.499762 0.713000 0.963298 0.870098 0.636057 0.230823 1.014248 0.482184 0.355888 0.347191 0.411193
0.294464 0.569923 0.755964 0.922358 0.907411 0.650400 0.198708 0.998124 0.484282 0.398595 0.373756 0.382211
0.315436 0.544145 0.702891 0.941425 0.914107 0.676904 0.241781 0.938696 0.571832 0.339901 0.337029 0.435997
0.211808 0.576801 0.746483 1.017044 0.925792 0.682672 0.128184 0.850267 0.472403 0.364087 0.259090 0.407259
0.169463 0.546652 0.785945 0.973263 0.963177 0.607692 0.180587 0.917486 0.630281 0.296549 0.280989 0.479133
0.319286 0.538670 0.709312 0.958375 0.986414 0.644165 0.237747 0.935592 0.562079 0.357608 0.335417 0.395917
0.276613 0.540928 0.632410 1.030798 0.937178 0.739365 0.234660 0.998749 0.588314 0.325958 0.397383 0.381105
0.336495 0.489760 0.725362 0.980538 0.962262 0.609946 0.282627 0.953539 0.585678 0.406383 0.284831 0.453708
0.273730 0.630086 0.707162 0.849018 0.885298 0.627188 0.272737 0.923259 0.567066 0.340066 0.365449 0.445742
0.258662 0.624526 0.787771 0.954374 0.920349 0.732667 0.256102 1.012448 0.703893 0.337550 0.320874 0.475103
0.305710 0.619685 0.806660 0.937954 0.985781 0.711659 0.243851 0.937117 0.593969 0.422686 0.360104 0.415631
0.273063 0.519198 0.821147 0.908275 0.959696 0.740825 0.116422 0.888520 0.563954 0.352000 0.381695 0.439387
0.275570 0.537859 0.710322 1.101350 1.016276 0.634910 0.218515 1.023712 0.524316 0.311779 0.339952 0.484945
0.277226 0.551565 0.773870 1.031466 0.932947 0.698777 0.237458 0.914449 0.537320 0.345456 0.384351 0.436409
0.232091 0.491761 0.780495 0.975610 0.894025 0.632619 0.346021 0.936774 0.572837 0.318140 0.288458 0.531899
0.375456 0.539979 0.811721 0.911270 1.004740 0.746123 0.247824 0.950813 0.540255 0.297203 0.313457 0.423744
0.271254 0.608370 0.708374 0.909902 1.006828 0.723319 0.254385 0.969688 0.491399 0.366131 0.412629 0.471861
0.323398 0.584659 0.785229 1.052622 0.981390 0.678042 0.248188 1.022532 0.524820 0.363402 0.247536 0.506543
0.256116 0.617050 0.725882 0.990674 0.950831 0.600044 0.183676 1.089869 0.651691 0.310160 0.290107 0.391819
0.215599 0.610293 0.747877 0.914272 1.011192 0.613605 0.180278 0.886748 0.582663 0.339176 0.355490 0.411359
0.375714 0.503604 0.761869 1.013244 0.964616 0.671079 0.301905 0.926404 0.492653 0.371316 0.404090 0.410845
0.252734 0.549658 0.713266 0.954955 1.060584 0.625233 0.294908 0.966585 0.600121 0.390478 0.270114 0.397465
0.319934 0.579668 0.768611 1.001629 0.987895 0.701988 0.293130 0.915451 0.534302 0.385732 0.355629 0.375391
0.325210 0.509116 0.726635 0.994115 0.903037 0.660916 0.281611 0.972177 0.519012 0.349389 0.386111 0.426801
0.221624 0.546146 0.747048 1.021051 1.086654 0.698517 0.289299 1.037337 0.506599 0.390853 0.309199 0.461561
0.272565 0.511374 0.732101 0.950022 0.870638 0.725604 0.253275 0.975282 0.591254 0.364111 0.434401 0.409588
0.250400 0.595006 0.806343 0.932059 0.995483 0.558567 0.266649 1.035328 0.601669 0.311833 0.317166 0.423890
0.365984 0.485395 0.740419 0.930059 0.861990 0.755144 0.259290 0.986263 0.522777 0.389374 0.240050 0.408860
0.258248 0.483009 0.748298 0.958567 1.017727 0.679330 0.306038 0.995762 0.532730 0.342934 0.418794 0.383870
0.404309 0.533334 0.699012 0.867138 0.950240 0.783388 0.353830 0.986575 0.590728 0.342946 0.346928 0.467493
0.257712 0.515412 0.728692 0.918552 1.008827 0.712720 0.370627 0.949567 0.522710 0.381047 0.335367 0.335837
0.283045 0.525394 0.804605 0.946107 0.876005 0.648085 0.288131 1.001782 0.563583 0.402274 0.259194 0.478828
0.322497 0.526407 0.685326 1.033760 0.941326 0.727046 0.215676 0.982705 0.543614 0.333434 0.305704 0.398965
0.306508 0.630460 0.758496 1.001094 0.989465 0.704556 0.113435 0.859103 0.557347 0.390434 0.286516 0.435744
0.347019 0.596503 0.762384 1.058498 0.901555 0.680884 0.201415 0.789778 0.554563 0.400258 0.383760 0.557461
0.375256 0.510901 0.793846 0.878027 0.949671 0.659485 0.264801 0.975175 0.483540 0.414018 0.353178 0.439730
0.280820 0.554690 0.689379 0.962310 0.901249 0.664097 0.320454 1.010318 0.647273 0.266057 0.421881 0.434500
0.279113 0.577588 0.710146 0.911859 0.922631 0.736644 0.248527 0.963318 0.477684 0.304867 0.306793 0.497552
0.330762 0.532386 0.797079 0.932713 0.965073 0.709437 0.283939 0.908633 0.610861 0.285615 0.400899 0.488064
0.322441 0.479365 0.757231 0.938076 1.071220 0.646497 0.250982 0.952930 0.596633 0.337183 0.284684 0.468942
0.260193 0.458428 0.715807 0.996223 0.980118 0.641457 0.239655 0.949091 0.451257 0.306439 0.391028 0.434002
0.327062 0.557093 0.748827 0.959374 0.983458 0.610156 0.243480 0.925331 0.523360 0.332354 0.384890 0.440030
0.300975 0.501378 0.822230 1.004700 0.978191 0.602064 0.276327 1.011248 0.459113 0.422308 0.344189 0.473692
0.319121 0.557786 0.763552 0.952247 1.048715 0.788318 0.166476 0.873213 0.548736 0.393932 0.343889 0.428061
0.237953 0.622307 0.693175 0.990059 0.953469 0.710355 0.276860 0.990368 0.557287 0.229785 0.294841 0.478472
0.237460 0.521115 0.695234 0.903407 0.938221 0.693256 0.266805 0.939644 0.535574 0.399239 0.302766 0.424259
0.355743 0.533145 0.706740 0.943161 0.956249 0.720059 0.317785 0.999215 0.528742 0.337846 0.303651 0.468493
0.308742 0.620620 0.863720 0.882107 0.984666 0.669048 0.225940 0.987477 0.440604 0.295295 0.315353 0.426108
0.246274 0.530411 0.761605 0.953873 0.919138 0.674944 0.229305 0.965484 0.540688 0.390956 0.303441 0.434282
0.264535 0.641965 0.819069 0.962363 0.989087 0.671999 0.247698 0.937164 0.551028 0.355521 0.327875 0.448902
0.290840 0.544246 0.683958 0.963450 0.932696 0.727672 0.286348 0.877789 0.493225 0.385425 0.370539 0.466495
0.282777 0.581548 0.727345 1.044013 0.916643 0.680406 0.279055 1.074010 0.510552 0.408320 0.276865 0.373786
0.296769 0.519471 0.778359 1.025410 1.060787 0.772150 0.353172 0.958180 0.548513 0.360160 0.304708 0.417611
0.354011 0.477254 0.730405 1.029437 0.962933 0.592594 0.203447 1.025571 0.528777 0.394454 0.322842 0.388525
0.299379 0.544129 0.783876 0.946758 1.040062 0.676266 0.241122 0.896923 0.472759 0.331731 0.289707 0.450175
0.246840 0.575456 0.775117 1.071676 0.922887 0.714191 0.250258 1.050025 0.593864 0.349585 0.340802 0.463074
0.299214 0.555697 0.817719 0.907322 1.008362 0.708421 0.234383 1.004760 0.472680 0.281012 0.286267 0.480652
0.271103 0.517968 0.680898 0.980373 0.917357 0.751670 0.230428 0.959972 0.482764 0.355686 0.303638 0.375612
0.274174 0.578503 0.707001 0.998780 0.920563 0.747611 0.239025 0.999866 0.529256 0.350008 0.291911 0.433740
0.206753 0.594279 0.694402 0.979508 0.958698 0.643569 0.295743 1.013454 0.466993 0.452590 0.411793 0.405989
0.266857 0.551796 0.727835 1.004674 1.017219 0.749915 0.300940 0.942653 0.543035 0.317490 0.367308 0.351350
0.281884 0.536022 0.772202 0.916423 0.956451 0.695654 0.213041 0.934382 0.521751 0.299247 0.360268 0.413346
0.287695 0.416886 0.828702 0.889182 0.948663 0.682043 0.177752 0.902454 0.479518 0.275499 0.311106 0.530120
0.282985 0.518848 0.807959 0.989749 0.958635 0.632844 0.197654 0.900883 0.436438 0.313386 0.344826 0.408299
0.355494 0.636574 0.755534 1.014076 0.965408 0.739560 0.205596 0.982542 0.545406 0.329337 0.362114 0.433723
0.319025 0.412380 0.806825 0.956152 0.966412 0.629850 0.239481 0.938333 0.388055 0.266268 0.275392 0.398761
0.277956 0.539296 0.768479 0.936695 0.909177 0.646031 0.322988 0.914294 0.452899 0.417227 0.325919 0.426771
0.314630 0.527650 0.806540 0.992218 1.004960 0.768550 0.257552 0.967874 0.508817 0.382441 0.321355 0.420088
0.276076 0.624990 0.777293 1.038674 0.949420 0.723420 0.245497 0.969203 0.557873 0.384812 0.396078 0.407774
0.313899 0.436822 0.689710 1.072239 0.986845 0.686475 0.175552 0.964456 0.476577 0.336501 0.367750 0.380057
0.243836 0.513812 0.781388 0.958144 0.979097 0.753585 0.228897 0.952770 0.464668 0.387268 0.278424 0.462897
0.274077 0.560474 0.791795 0.938345 0.936330 0.612820 0.275845 0.976566 0.541669 0.347039 0.348254 0.446755
0.254826 0.516442 0.754487 0.955742 0.955232 0.768332 0.175778 0.985450 0.520608 0.367319 0.416020 0.397431
0.273303 0.555677 0.753387 0.996413 0.928905 0.702134 0.257518 1.109213 0.530820 0.316699 0.333721 0.483483
0.351700 0.553109 0.712300 0.951397 1.025655 0.670351 0.125386 1.017702 0.574224 0.411366 0.421735 0.414874
0.328400 0.507254 0.711444 1.058745 0.947278 0.715725 0.233073 1.053699 0.576387 0.378739 0.304518 0.408750
0.291056 0.598336 0.681232 0.975138 0.920779 0.625969 0.289372 0.929306 0.556473 0.316061 0.277938 0.473815
0.331388 0.547544 0.727427 0.928665 1.020577 0.645455 0.216804 1.055090 0.552018 0.287134 0.308279 0.442873
0.363802 0.560113 0.802454 1.111722 0.907501 0.694384 0.259770 0.995315 0.537149 0.356186 0.302386 0.425928
0.282258 0.525689 0.831167 0.999889 1.000425 0.728117 0.303171 0.876700 0.530650 0.339632 0.292052 0.347030
0.262305 0.496437 0.704013 0.968709 0.918110 0.728712 0.253079 0.953469 0.476099 0.284608 0.343848 0.430912
0.384448 0.574715 0.777989 0.969334 0.976463 0.621010 0.333664 1.014364 0.493886 0.327208 0.337819 0.416662
0.323552 0.569188 0.716114 0.897116 1.014372 0.753627 0.284911 0.972777 0.573919 0.302096 0.287704 0.453389
0.319194 0.597202 0.767592 0.888562 0.977626 0.733729 0.199696 0.979764 0.546122 0.302451 0.311911 0.371604
0.334099 0.547107 0.797666 0.885405 0.885269 0.539778 0.221090 0.919918 0.529768 0.334651 0.319837 0.395794
0.278835 0.565722 0.675696 1.023268 0.999242 0.722856 0.221630 1.032285 0.551827 0.338153 0.319930 0.444445
0.308706 0.501535 0.803020 0.981399 0.934938 0.774349 0.171153 1.014930 0.557321 0.412817 0.336503 0.376528
0.258360 0.659262 0.805331 0.916664 0.942107 0.670791 0.276892 0.979271 0.465013 0.289032 0.377108 0.459976
0.299778 0.668573 0.738645 1.071558 1.024605 0.737265 0.250593 0.858061 0.491303 0.345798 0.341446 0.472725
0.330256 0.606684 0.768654 1.015456 0.944172 0.734356 0.178436 0.992448 0.491689 0.442413 0.373679 0.469003
0.298539 0.537788 0.760696 0.954900 0.949595 0.676530 0.251035 0.955283 0.489167 0.445626 0.355104 0.466254
0.363528 0.556800 0.740593 1.039115 0.956388 0.625856 0.218739 0.985371 0.584513 0.419903 0.353420 0.499541
0.331536 0.534009 0.765543 0.981320 0.984289 0.805171 0.224758 0.949365 0.556500 0.377385 0.321702 0.446215
0.404519 0.526753 0.793863 0.996369 0.894560 0.696550 0.183085 0.956806 0.412540 0.306470 0.375627 0.389525
0.251036 0.538099 0.742009 0.979083 0.975655 0.637144 0.207359 1.030385 0.495962 0.314863 0.319826 0.422633
0.422858 0.535620 0.817811 0.922861 1.018666 0.680883 0.299329 1.061578 0.496583 0.377208 0.311555 0.430223
0.312021 0.558863 0.689520 0.998878 0.934495 0.651581 0.221663 0.946923 0.543715 0.319917 0.352271 0.423496
0.233461 0.530290 0.770044 0.969822 0.965378 0.713026 0.187128 0.958912 0.645993 0.349587 0.396556 0.455105
0.230691 0.567415 0.711405 1.077331 0.905719 0.688059 0.211392 0.995808 0.580167 0.445538 0.385106 0.460897
0.301473 0.574936 0.803755 1.040288 1.013196 0.645104 0.326896 1.054531 0.553005 0.367722 0.375328 0.413538
0.305550 0.626161 0.819005 0.936703 0.886510 0.677223 0.282207 1.047946 0.519661 0.243812 0.312984 0.464739
0.309800 0.639380 0.688195 1.012844 1.043437 0.703625 0.263799 1.056527 0.556196 0.321688 0.340335 0.461658
0.201022 0.535160 0.799474 1.016967 0.882044 0.682709 0.231270 0.974789 0.556784 0.191661 0.309643 0.459199
0.214285 0.455675 0.727341 0.876911 0.961862 0.716874 0.313489 0.977874 0.531641 0.311513 0.373743 0.372639
0.326406 0.492489 0.861824 0.886169 0.883277 0.667683 0.290938 1.018044 0.491597 0.391234 0.303631 0.437402
0.341590 0.661202 0.712337 0.912197 0.969923 0.699915 0.317294 1.004088 0.652044 0.334221 0.349427 0.534604
0.276562 0.563506 0.761815 0.965169 0.984701 0.720614 0.346880 0.836911 0.595880 0.400978 0.329014 0.442452
0.241115 0.497951 0.718383 0.953892 0.985778 0.668857 0.285171 0.912644 0.513905 0.320416 0.274692 0.503922
0.314536 0.519831 0.701282 0.982248 1.016362 0.711769 0.365578 0.995359 0.447359 0.451532 0.435854 0.397368
0.279259 0.632193 0.787585 0.933886 0.939682 0.678689 0.150776 1.008710 0.551134 0.369663 0.300332 0.364786
0.349747 0.553301 0.768392 0.979506 0.917814 0.679770 0.310344 0.994441 0.565507 0.388866 0.367910 0.461725
0.270435 0.530269 0.729492 0.920782 0.977118 0.662782 0.174924 1.000451 0.547296 0.359420 0.305374 0.529424
0.285806 0.571382 0.601221 0.976749 0.904535 0.749105 0.186030 0.994037 0.526666 0.328188 0.281833 0.473564
0.338173 0.607714 0.682000 0.956404 0.912638 0.646318 0.197313 0.911696 0.522892 0.440784 0.312775 0.460771
0.269369 0.487335 0.707545 0.983240 1.044881 0.750793 0.222534 1.004002 0.443349 0.437547 0.294742 0.414808
0.284033 0.522931 0.726989 0.963710 0.947899 0.641351 0.218838 0.964942 0.497240 0.468877 0.343551 0.373126
0.295131 0.514033 0.664959 0.982185 1.011167 0.666135 0.316032 0.975211 0.526159 0.428573 0.280995 0.452928
0.175809 0.477050 0.754587 0.993892 1.031393 0.655056 0.311539 1.027693 0.575393 0.305922 0.348103 0.468142
0.268881 0.631139 0.679481 0.830137 1.020712 0.710878 0.257437 0.979727 0.588944 0.388046 0.321623 0.423974
0.360404 0.572936 0.683239 0.956293 1.001762 0.616819 0.218515 0.947697 0.483410 0.440064 0.267059 0.475401
0.294109 0.598919 0.749796 0.938351 1.015674 0.586131 0.292099 0.940374 0.559958 0.442191 0.312621 0.453351
0.349918 0.595018 0.752412 0.964026 0.853257 0.704118 0.373517 0.949178 0.562634 0.264860 0.373694 0.400307
0.343916 0.500673 0.727309 0.922403 0.994480 0.826700 0.235722 0.976787 0.534664 0.329723 0.333586 0.455431
0.305188 0.571618 0.696781 1.004218 0.989040 0.608992 0.244345 0.986069 0.504794 0.334893 0.307538 0.484836
0.281898 0.578062 0.766944 0.937582 0.889572 0.680488 0.251030 0.944421 0.473089 0.359890 0.353054 0.539883
0.268758 0.431245 0.656849 0.937225 1.053836 0.692909 0.279162 0.926208 0.426601 0.365501 0.311545 0.432415
0.218266 0.596217 0.754751 0.974280 0.966688 0.706313 0.195300 0.910746 0.563363 0.382926 0.345970 0.500224
0.316775 0.575788 0.674562 0.842561 0.969503 0.680862 0.186813 0.910500 0.571509 0.348390 0.369174 0.391459
0.357534 0.589731 0.830174 0.926234 0.959442 0.670185 0.193286 0.975320 0.491148 0.349525 0.365811 0.377318
0.254178 0.614227 0.724138 1.061409 0.956390 0.822988 0.145514 0.893837 0.602569 0.359349 0.321975 0.480965
0.341427 0.539059 0.729389 1.017048 0.990607 0.705836 0.182486 0.950907 0.521104 0.337422 0.204579 0.455584
0.305898 0.565069 0.674682 0.981563 0.941756 0.668178 0.173158 0.931369 0.432500 0.357671 0.439915 0.320240
0.332132 0.541253 0.773337 1.048367 0.994671 0.736146 0.276922 0.902603 0.516632 0.338863 0.327723 0.387667
0.329304 0.582113 0.740620 0.943582 0.855927 0.707780 0.301428 0.950986 0.600165 0.327049 0.369925 0.369271
0.363926 0.540195 0.757498 0.972628 0.900059 0.652205 0.190447 1.004670 0.486874 0.363741 0.397511 0.422185
0.390552 0.661137 0.809247 1.081652 1.000226 0.625619 0.275777 1.000038 0.528395 0.285239 0.366565 0.402972
0.344999 0.507367 0.746577 0.961686 1.026202 0.655251 0.224114 0.983985 0.482907 0.323860 0.409052 0.461374
0.289642 0.477032 0.770821 0.914745 0.969284 0.677371 0.361738 0.959882 0.582674 0.335908 0.337023 0.401226
0.314259 0.506233 0.705935 0.967365 0.958573 0.754417 0.226473 1.031536 0.546432 0.378196 0.391911 0.327332
0.368017 0.507429 0.741671 1.040388 0.905571 0.724360 0.263574 1.074221 0.494735 0.357712 0.347644 0.349493
0.276315 0.532466 0.752464 0.945014 1.038853 0.676480 0.273408 0.927845 0.612794 0.267380 0.316032 0.419718
0.295476 0.503078 0.636697 1.003801 0.930825 0.602133 0.235621 0.957627 0.593454 0.456943 0.278668 0.479771
0.331654 0.553287 0.760201 1.063228 0.925248 0.633645 0.315293 1.003696 0.536588 0.321629 0.320709 0.390065
0.365594 0.523059 0.693263 0.900028 1.043727 0.599052 0.207609 0.891556 0.477436 0.372543 0.324135 0.439851
0.265645 0.539637 0.665961 0.980740 0.973753 0.599723 0.273960 0.967591 0.516797 0.289637 0.305850 0.544870
0.303906 0.575061 0.677911 0.995283 1.077874 0.699537 0.209622 0.910586 0.563469 0.372261 0.347345 0.463977
0.260371 0.655715 0.723466 0.833619 0.944771 0.710702 0.157951 0.952071 0.584052 0.360709 0.409484 0.379478
0.323986 0.576169 0.775260 1.021259 0.953496 0.717207 0.272974 0.906754 0.468167 0.403215 0.301033 0.455347
0.314813 0.508177 0.677305 0.942758 0.962897 0.644915 0.252644 0.992277 0.588625 0.363843 0.315255 0.381464
0.304238 0.545849 0.712379 0.989412 0.994970 0.668209 0.296472 0.880087 0.566104 0.331895 0.362565 0.425983
0.274517 0.524003 0.815071 0.977606 0.951436 0.707176 0.262748 1.044861 0.510452 0.341442 0.250518 0.365040
0.315459 0.610419 0.724128 0.925973 0.946790 0.695235 0.195385 1.015884 0.505657 0.315439 0.262006 0.399837
0.315409 0.574995 0.703631 0.941302 1.034960 0.784032 0.297125 0.906028 0.567966 0.306323 0.333245 0.423251
0.376648 0.595410 0.842678 0.904332 1.049989 0.809389 0.216324 1.028288 0.469736 0.382191 0.302920 0.364143
0.372091 0.551103 0.708588 1.065215 0.939270 0.658265 0.287094 0.970476 0.560276 0.449166 0.236101 0.455366
0.351796 0.562668 0.795834 0.977433 1.020804 0.709173 0.249237 0.955768 0.490547 0.399450 0.292879 0.395644
0.242474 0.497542 0.711435 0.985884 0.886912 0.685366 0.163279 0.986587 0.610357 0.329183 0.437348 0.419754
0.232661 0.504805 0.684853 1.017935 0.998548 0.728755 0.198597 0.996286 0.438322 0.369087 0.378544 0.373265
0.166765 0.595102 0.739802 1.082947 1.031411 0.694491 0.202512 0.930465 0.572666 0.306554 0.284354 0.448146
0.315771 0.534403 0.801591 0.801726 1.015733 0.685844 0.100963 1.012379 0.541292 0.326098 0.310201 0.373241
0.288382 0.590793 0.747209 0.902480 0.852494 0.684187 0.213220 0.927566 0.559506 0.365017 0.252322 0.369928
0.273933 0.593211 0.766776 0.935316 0.999808 0.679927 0.300879 0.934825 0.520670 0.273007 0.296546 0.473282
0.345808 0.456978 0.770920 0.938737 0.978313 0.647429 0.299372 0.985214 0.494335 0.319000 0.316958 0.441785
0.310806 0.602061 0.852006 0.958445 1.009734 0.751746 0.215484 0.956306 0.508821 0.425326 0.409009 0.432390
0.375726 0.564302 0.792352 0.915269 0.964032 0.703420 0.230041 0.893193 0.485220 0.439807 0.287423 0.384344
0.279248 0.510141 0.789045 0.987313 1.023938 0.702348 0.169479 0.878698 0.546661 0.432326 0.364717 0.498225
0.313190 0.472946 0.841106 0.956062 0.971322 0.737684 0.279934 0.864748 0.459544 0.295242 0.346479 0.458215
0.352273 0.433673 0.774930 0.955379 0.945611 0.765387 0.232990 0.873870 0.443017 0.386383 0.224440 0.420322
0.341035 0.520828 0.720663 0.989773 0.987293 0.691742 0.261902 0.979327 0.530614 0.375298 0.349348 0.395678
0.343729 0.476275 0.794634 0.973421 0.964610 0.676347 0.327863 0.929495 0.559032 0.322995 0.337231 0.477164
0.263331 0.536233 0.770513 0.960922 0.954962 0.731241 0.177088 1.055966 0.511515 0.325811 0.336749 0.425426
0.375664 0.573409 0.719091 0.969404 0.981933 0.783486 0.259915 0.937902 0.557915 0.364977 0.234310 0.394498
0.268756 0.550832 0.799933 0.939400 0.967611 0.718733 0.306564 0.904305 0.535572 0.350380 0.372870 0.359894
0.404765 0.580555 0.743191 0.870172 1.039755 0.690042 0.256721 1.017451 0.483672 0.332510 0.334470 0.463858
0.337000 0.569231 0.771349 1.071919 1.003059 0.716340 0.208037 1.041869 0.408613 0.362351 0.398916 0.481981
0.287466 0.553824 0.801412 1.023002 0.933710 0.853990 0.193348 1.022738 0.456339 0.306699 0.416521 0.479546
0.284048 0.552599 0.756147 1.013983 0.930219 0.754960 0.223369 0.931544 0.481460 0.318653 0.254300 0.330055
0.365344 0.623414 0.767067 0.968722 1.036071 0.734140 0.215200 0.990676 0.559639 0.408604 0.344281 0.338157
0.334078 0.460628 0.771681 0.952772 0.994529 0.708229 0.103028 1.010971 0.495864 0.302246 0.240093 0.440669
0.199915 0.560723 0.807105 0.910849 1.000188 0.712133 0.275627 0.883357 0.531182 0.359280 0.348858 0.426624
0.298810 0.555721 0.726056 0.990584 0.983979 0.729333 0.234017 0.950919 0.538302 0.272041 0.281645 0.344151
0.275085 0.564297 0.736087 0.928735 1.006798 0.790855 0.293142 0.932315 0.578281 0.322765 0.387720 0.394722
0.354394 0.480584 0.775456 1.036625 1.013139 0.733937 0.370718 0.974921 0.551750 0.290956 0.389763 0.378598
0.266277 0.648406 0.753803 0.902704 0.954207 0.679763 0.291599 0.927590 0.528325 0.420709 0.333071 0.383291
0.238453 0.609739 0.762338 1.006239 0.985459 0.732492 0.205027 0.963512 0.503815 0.363376 0.331661 0.348041
0.342794 0.522035 0.737313 1.035804 0.970350 0.752258 0.141645 0.910373 0.603938 0.293535 0.340238 0.448991
0.264168 0.620757 0.689124 0.957146 1.036126 0.665181 0.212259 0.943244 0.583384 0.361391 0.332659 0.374969
0.320206 0.511917 0.752678 1.019131 0.971179 0.700377 0.210548 0.849188 0.563914 0.466258 0.375541 0.475652
0.304354 0.591642 0.765485 0.960294 0.953947 0.726317 0.298283 0.940404 0.559587 0.415228 0.338733 0.383274
0.317783 0.434235 0.739783 0.872015 1.024884 0.788646 0.207885 0.959723 0.587514 0.369558 0.320122 0.358111
0.274971 0.601950 0.757371 1.085313 0.879694 0.644719 0.230565 0.883257 0.527209 0.333074 0.266007 0.416657
0.327812 0.476289 0.634587 1.044937 0.974329 0.707138 0.131364 0.927278 0.505317 0.306391 0.306065 0.428845
0.355185 0.568270 0.739007 1.003303 0.953168 0.776257 0.346141 0.929783 0.451498 0.359371 0.426104 0.296326
0.261348 0.520523 0.743454 1.013529 0.884272 0.718447 0.174413 0.968471 0.574455 0.256393 0.303371 0.425335
0.371592 0.593092 0.672312 0.880798 0.848160 0.637234 0.302965 0.890693 0.513514 0.343840 0.365423 0.540033
0.308148 0.611476 0.652166 0.959641 1.002091 0.720127 0.331178 1.028121 0.593340 0.400070 0.384223 0.397960
0.250938 0.600717 0.704527 0.961960 0.962539 0.718413 0.242808 1.000779 0.583443 0.380662 0.237122 0.478907
0.185733 0.503655 0.804452 0.943533 0.944928 0.802403 0.198504 0.912637 0.468972 0.357246 0.403839 0.409167
0.358822 0.557635 0.785153 0.924684 0.957950 0.689475 0.189317 0.946789 0.597651 0.341524 0.319303 0.480869
0.230470 0.568264 0.803719 0.972206 1.016208 0.670245 0.216603 1.031667 0.583314 0.334524 0.291207 0.358734
0.322795 0.572530 0.646162 0.894184 1.007242 0.635131 0.346641 0.952805 0.477424 0.315565 0.309840 0.493773
0.336572 0.529409 0.784504 0.932706 0.984266 0.775677 0.273316 0.987061 0.580508 0.446598 0.421494 0.539862
0.305157 0.535372 0.682708 0.848588 0.979518 0.757083 0.271816 0.994844 0.575982 0.264939 0.240818 0.342632
0.246344 0.458242 0.734080 0.966712 0.983411 0.745256 0.251970 1.009664 0.514215 0.381836 0.334250 0.353633
0.293068 0.551017 0.819311 0.914575 0.956204 0.714143 0.172796 1.008159 0.473401 0.309962 0.348657 0.420316
0.338786 0.637605 0.638454 1.022372 0.993319 0.765831 0.205525 0.974288 0.480140 0.331478 0.356773 0.372494
0.313861 0.521878 0.690613 1.036199 0.967352 0.668943 0.329748 0.977599 0.550593 0.298899 0.329177 0.451321
0.365229 0.521902 0.749698 1.006648 1.012808 0.631434 0.344825 0.987203 0.592420 0.328261 0.317575 0.408650
0.268604 0.461063 0.782035 1.012353 0.943073 0.695504 0.268367 0.916286 0.524829 0.366595 0.365387 0.519500
0.308502 0.576220 0.701857 0.901757 1.010393 0.693937 0.254430 0.937453 0.502593 0.376979 0.345782 0.488267
0.388953 0.537016 0.747002 0.962908 0.945730 0.639231 0.246076 1.032905 0.507546 0.396551 0.361076 0.435573
0.260907 0.561266 0.658338 0.952624 0.939513 0.667779 0.238478 1.032072 0.601342 0.374021 0.397792 0.392748
0.247948 0.658087 0.880406 1.013844 0.943231 0.661314 0.195792 0.953124 0.602015 0.293599 0.382173 0.477704
0.225531 0.532970 0.657873 1.093120 0.892561 0.687911 0.270913 0.977690 0.521113 0.333262 0.205590 0.490580
0.324160 0.653596 0.681927 0.944676 1.020188 0.716367 0.218393 0.935297 0.514155 0.337707 0.353029 0.412043
0.337423 0.575054 0.709950 0.985737 0.918973 0.615883 0.247925 0.964615 0.593414 0.372356 0.329232 0.387575
0.262359 0.504930 0.699372 1.010560 1.042903 0.649354 0.176208 0.898358 0.468450 0.414170 0.397873 0.399941
0.321119 0.519616 0.670461 0.990739 1.040424 0.686523 0.299893 0.947980 0.524876 0.391990 0.364723 0.359471
0.334350 0.543363 0.751507 0.933745 0.993682 0.625146 0.253306 0.976602 0.484614 0.420279 0.318025 0.464721
0.249148 0.566611 0.731527 0.880807 1.023181 0.749262 0.248486 0.925812 0.611077 0.416937 0.243393 0.389788
0.303812 0.577904 0.785047 1.045414 0.820488 0.672380 0.299984 0.907966 0.482393 0.354399 0.373783 0.365905
0.304889 0.515415 0.750968 0.990944 0.936627 0.620060 0.295828 0.975872 0.593621 0.410141 0.306249 0.407026
0.265755 0.530564 0.673956 0.985944 0.924390 0.737511 0.277551 0.972959 0.535188 0.367815 0.311587 0.389194
0.264739 0.579652 0.682733 1.052770 0.993279 0.613308 0.272403 0.939212 0.519133 0.311843 0.402281 0.411515
0.303444 0.495904 0.723250 1.057372 0.949426 0.706708 0.247970 0.993471 0.502421 0.336719 0.396811 0.384195
0.355006 0.512213 0.749059 0.944519 0.928052 0.687626 0.314398 0.954673 0.537338 0.415280 0.335759 0.377935
0.324220 0.554715 0.767322 1.031354 1.008941 0.658461 0.290593 0.867357 0.492036 0.259517 0.328774 0.460760
0.342053 0.599430 0.705038 0.946647 0.947946 0.681829 0.232322 0.911214 0.455924 0.361936 0.347117 0.387196
0.354928 0.541770 0.770979 1.011726 1.060380 0.734556 0.260349 0.901833 0.540626 0.349948 0.343902 0.434816
0.290308 0.524763 0.747740 0.902711 0.960242 0.735654 0.238684 0.915450 0.490034 0.442806 0.354094 0.509326
0.244440 0.527542 0.764551 0.947229 1.027805 0.758930 0.201055 1.015854 0.561935 0.272374 0.362122 0.450648
0.316523 0.525056 0.780230 0.926710 0.961176 0.674519 0.233960 1.043367 0.502706 0.372511 0.339676 0.512443
0.338683 0.538061 0.783631 0.933338 1.021973 0.734842 0.354191 0.964291 0.481019 0.402134 0.385319 0.447061
0.327430 0.657123 0.556987 0.870491 0.402089 0.878444 0.813852 0.874823 0.593551 0.008182 0.163444 0.362414
0.408542 0.655304 0.545902 0.983750 0.257143 0.913496 0.946816 0.834901 0.614388 -0.038348 0.102817 0.448039
0.398182 0.611393 0.464834 0.895284 0.195114 0.788352 0.837170 0.837445 0.542504 0.117207 0.198727 0.390924
0.339273 0.553494 0.614459 0.887114 0.214311 0.804817 0.982342 0.764991 0.462268 0.145599 0.125939 0.387867
0.375219 0.637069 0.604991 0.879876 0.317808 0.884543 0.858475 0.816394 0.529866 0.008074 0.154801 0.380056
0.327117 0.566517 0.534501 0.874301 0.272543 0.775568 0.960029 0.867981 0.558168 0.071830 0.131364 0.467233
0.328815 0.624659 0.452244 0.958891 0.238207 0.824944 0.920209 0.884632 0.578088 0.047119 0.162165 0.473830
0.355269 0.498748 0.542918 0.861083 0.190444 0.783767 0.958139 0.856314 0.615402 0.154763 0.232338 0.404440
0.403622 0.553714 0.562153 0.941710 0.227661 0.770827 0.960740 0.843561 0.567255 0.187766 0.147337 0.422699
0.389808 0.662475 0.540226 0.967034 0.274676 0.761178 0.936875 0.882404 0.551278 0.080618 0.164806 0.431433
0.398501 0.704967 0.581063 0.885992 0.182234 0.726373 0.953896 0.835806 0.583907 0.157216 0.208269 0.353177
0.291785 0.617270 0.552491 0.827815 0.212539 0.857772 0.847447 0.908058 0.555353 0.070448 0.192232 0.421343
0.352675 0.539133 0.593599 0.964087 0.234607 0.831867 0.845399 0.806129 0.598126 -0.013121 0.248981 0.416928
0.371010 0.640556 0.587379 0.924550 0.333012 0.770511 0.886795 0.977769 0.642923 0.078283 0.170891 0.369972
0.285840 0.650408 0.563043 0.926072 0.209194 0.760765 0.959798 0.817388 0.672312 -0.044384 0.100825 0.451496
0.333842 0.684651 0.525049 0.849869 0.246997 0.927451 0.922746 0.854366 0.562196 0.048769 0.205819 0.393337
0.372271 0.645218 0.523402 0.888908 0.174159 0.763972 0.977492 0.909642 0.675259 0.061667 0.211951 0.403242
0.360763 0.618285 0.521798 1.014648 0.210582 0.780270 0.894288 0.923443 0.525628 0.136407 0.195812 0.406122
0.297754 0.616102 0.493201 0.872326 0.231082 0.840732 0.935994 0.869761 0.523464 0.027500 0.141767 0.367839
0.302700 0.621659 0.543485 0.998277 0.277357 0.716819 1.000506 0.874260 0.552600 0.053793 0.174722 0.421185
0.452526 0.636367 0.612029 0.910959 0.226575 0.774462 0.921400 0.777563 0.650239 0.051279 0.165971 0.392884
0.300656 0.649003 0.558786 0.880168 0.301910 0.799930 0.894534 0.854300 0.637917 0.144503 0.222165 0.380708
0.371456 0.651141 0.512947 0.901682 0.309606 0.828948 1.065201 0.832707 0.485829 0.065971 0.207989 0.423088
0.358052 0.540471 0.579966 0.860529 0.268318 0.815237 0.962435 0.793655 0.707022 -0.009225 0.160804 0.378832
0.368442 0.629963 0.540447 0.973226 0.247403 0.784505 0.995776 0.872988 0.527439 0.156750 0.221305 0.475495
0.415682 0.651718 0.506760 0.896235 0.356513 0.693029 1.026430 0.808412 0.507160 0.073832 0.197173 0.405812
0.342311 0.540333 0.539653 0.937962 0.283782 0.779850 0.929257 0.871428 0.545493 0.148341 0.217188 0.417473
0.269527 0.633209 0.533728 0.883189 0.288288 0.819270 0.888185 0.849114 0.554902 0.054546 0.207004 0.366003
0.295303 0.596926 0.551312 0.856481 0.168710 0.817590 0.885701 0.793553 0.427844 0.029130 0.130630 0.298483
0.268726 0.645347 0.540434 0.852885 0.291431 0.852127 0.878183 0.904158 0.536605 0.057071 0.070083 0.390163
0.274529 0.625655 0.535595 0.962478 0.304370 0.769528 0.874606 0.858348 0.567165 0.020107 0.228089 0.472251
0.307189 0.674345 0.544333 0.968980 0.207792 0.718316 0.913487 0.922810 0.562735 0.012858 0.237816 0.370310
0.291221 0.587955 0.622395 0.948321 0.331305 0.840708 0.978338 0.781594 0.549273 0.105828 0.235425 0.429342
0.378742 0.559638 0.587486 0.965368 0.361616 0.799878 0.902264 0.852522 0.603693 0.103227 0.216241 0.416157
0.353942 0.586060 0.574046 0.877577 0.314055 0.892678 1.005200 0.917963 0.603955 -0.023455 0.213583 0.386211
0.344098 0.636941 0.689714 0.926603 0.134169 0.833507 0.971041 0.957508 0.591950 0.080549 0.187700 0.440526
0.302219 0.564219 0.574550 0.909237 0.274661 0.856580 0.919731 0.716329 0.590649 -0.000043 0.147618 0.345038
0.419672 0.649235 0.551358 0.946782 0.245640 0.780488 1.031933 0.821227 0.587515 0.045058 0.192699 0.407550
0.308063 0.589180 0.524765 0.965047 0.336151 0.742504 0.958083 0.846620 0.562616 0.093887 0.213510 0.483202
0.317340 0.572173 0.632075 0.881576 0.233533 0.806086 1.033190 0.773276 0.592865 0.039365 0.250073 0.396640
0.389423 0.566033 0.591602 0.896359 0.229283 0.848093 0.948832 0.831173 0.602999 -0.009428 0.222719 0.322381
0.325702 0.637812 0.477174 0.910535 0.189462 0.749605 0.967498 0.862802 0.687597 0.023404 0.179269 0.400080
0.384079 0.701171 0.585229 0.865837 0.329200 0.788055 0.976650 0.913703 0.553067 0.081629 0.183875 0.368257
0.272459 0.723117 0.537817 0.930073 0.205757 0.712578 0.999806 0.935617 0.605726 0.137675 0.273741 0.511697
0.322666 0.638622 0.541142 0.971020 0.236210 0.773802 0.885768 0.887598 0.572273 0.073900 0.161843 0.307671
0.395527 0.574343 0.581267 0.831613 0.281136 0.822902 1.036129 0.908562 0.642680 0.114186 0.103031 0.454874
0.430966 0.564674 0.480551 0.971686 0.290698 0.724099 0.924657 0.922796 0.643001 -0.005739 0.101458 0.414759
0.279448 0.645976 0.570323 0.869085 0.379196 0.801526 0.948462 0.857246 0.559403 -0.062842 0.236792 0.345231
0.368095 0.638740 0.557088 0.966128 0.341119 0.731679 0.953168 0.931028 0.557766 0.124000 0.220845 0.430648
0.443938 0.669320 0.531311 0.904830 0.275671 0.765071 0.918887 0.871419 0.517430 0.014669 0.207203 0.378320
0.347328 0.614643 0.581314 0.865393 0.183009 0.846337 1.008717 0.833709 0.606831 0.050371 0.159238 0.402303
0.248082 0.582083 0.584494 0.935077 0.191793 0.815750 0.892978 0.840780 0.525870 0.114363 0.178521 0.455460
0.333812 0.598533 0.534059 1.025831 0.208396 0.759767 0.949419 0.869518 0.526452 -0.007291 0.193501 0.344356
0.324280 0.620178 0.446883 0.988943 0.294913 0.822273 0.954150 0.863597 0.590485 0.060694 0.200624 0.526114
0.341826 0.696965 0.497547 0.900076 0.345172 0.768819 0.975232 0.823194 0.567812 0.016738 0.184914 0.386051
0.333992 0.656453 0.627022 0.908530 0.263975 0.810201 0.896063 0.877614 0.598896 0.050765 0.192140 0.319359
0.327470 0.607088 0.494051 0.944138 0.288902 0.775379 1.006993 0.810217 0.595402 0.059609 0.194911 0.401356
0.327056 0.611603 0.633968 0.905890 0.269352 0.806351 0.899829 0.965224 0.582374 0.108573 0.189110 0.440873
0.366586 0.553681 0.561607 0.956863 0.262081 0.811416 0.992817 0.824797 0.632955 0.040604 0.156460 0.454020
0.305518 0.633827 0.573699 0.868359 0.144547 0.773038 0.965327 0.824216 0.621026 0.128015 0.187805 0.451441
0.332114 0.701684 0.532171 0.880017 0.247775 0.778443 0.894244 0.899531 0.586253 0.113750 0.125169 0.322649
0.313900 0.543690 0.515422 0.937080 0.257528 0.749717 0.954842 0.844451 0.537879 0.075136 0.252489 0.363803
0.289806 0.569106 0.626114 0.897719 0.291575 0.846160 0.956005 0.835393 0.600644 0.059904 0.218593 0.455008
0.308635 0.570410 0.516770 0.879213 0.246648 0.940002 0.897742 0.899276 0.547478 0.054177 0.212045 0.396070
0.411356 0.589543 0.528012 0.907535 0.262835 0.820814 0.904010 0.891131 0.615492 0.003682 0.303389 0.423103
0.339559 0.677623 0.458830 0.898070 0.243806 0.762560 0.905357 0.900903 0.580750 0.086672 0.073689 0.343928
0.277963 0.611804 0.576756 0.799766 0.274376 0.867872 0.981997 0.850326 0.577447 0.108403 0.137134 0.371311
0.341716 0.605872 0.521365 0.871369 0.224043 0.803710 1.043570 0.814815 0.556576 0.043047 0.171597 0.464241
0.363365 0.653503 0.546107 0.973112 0.309479 0.773717 1.015581 0.943271 0.609711 0.109344 0.209593 0.316468
0.373926 0.600629 0.576604 0.868041 0.236861 0.814294 0.965934 0.843713 0.552157 0.047123 0.245902 0.465317
0.367233 0.688701 0.554373 0.879902 0.310054 0.732914 0.999773 0.898651 0.588147 0.115246 0.186476 0.391134
0.354955 0.647321 0.509305 0.911842 0.249840 0.847228 0.957689 0.909152 0.628918 0.076098 0.174887 0.427528
0.338536 0.579076 0.518000 0.854298 0.159915 0.721753 0.865138 0.782554 0.526237 0.120408 0.204718 0.522544
0.415139 0.594543 0.537601 1.044730 0.111816 0.872758 1.058884 0.852101 0.557875 0.124381 0.229530 0.420021
0.377098 0.585802 0.529248 0.856485 0.206785 0.880304 1.000932 0.922826 0.546779 0.001189 0.195150 0.368973
0.328169 0.664370 0.670315 0.934270 0.325772 0.830476 1.023695 0.835313 0.647353 0.072268 0.254382 0.428835
0.407207 0.626808 0.556587 0.925326 0.332009 0.843777 0.877951 0.828011 0.646638 -0.041619 0.164479 0.393489
0.389075 0.626425 0.492763 0.902641 0.199905 0.773240 0.893358 0.936267 0.575931 0.066858 0.149963 0.428977
0.297467 0.602900 0.539913 0.957653 0.295504 0.780243 0.969707 0.888973 0.707580 0.063630 0.217629 0.467156
0.417891 0.613290 0.470040 0.844780 0.251864 0.732099 1.007863 0.928096 0.510012 0.068830 0.230822 0.376861
0.304204 0.645519 0.574637 0.806812 0.283170 0.819296 0.963029 0.861568 0.546474 -0.052606 0.096468 0.350847
0.346594 0.628524 0.595383 0.832094 0.257132 0.824373 0.954956 0.867339 0.447895 0.100984 0.226307 0.363879
0.291558 0.579989 0.609687 0.900953 0.211668 0.772694 0.911020 0.896552 0.546660 0.067858 0.169386 0.450026
0.294549 0.572249 0.529303 0.941249 0.352506 0.788061 0.881271 0.954821 0.579150 0.040092 0.200738 0.408907
0.292489 0.629115 0.561021 0.909845 0.210767 0.872803 0.994935 0.865450 0.567145 0.059890 0.098236 0.413497
0.350152 0.672673 0.564675 0.911976 0.262601 0.798753 0.853510 0.907328 0.616782 0.131300 0.266286 0.330271
0.405373 0.644348 0.578447 0.947873 0.238897 0.871823 1.015134 0.884515 0.512806 -0.001169 0.203703 0.353147
0.336249 0.635407 0.475694 0.996148 0.310579 0.839424 0.832742 0.837028 0.546147 0.123132 0.235708 0.400642
0.303275 0.688805 0.581890 0.935039 0.242290 0.768838 0.932606 0.868091 0.523288 0.129007 0.247631 0.506447
0.414924 0.585805 0.543118 0.966280 0.337765 0.804315 0.899973 0.852778 0.652865 0.117260 0.115272 0.389810
0.314100 0.651061 0.583827 0.982546 0.199058 0.759435 0.917307 0.802253 0.526251 0.107493 0.160104 0.464765
0.343444 0.621655 0.591297 0.875554 0.268575 0.828210 1.025167 0.884144 0.483876 0.129215 0.222136 0.463432
0.311025 0.723349 0.537435 0.896126 0.230112 0.713675 1.033229 0.925760 0.442452 0.019486 0.157317 0.382923
0.327346 0.651501 0.562422 0.985930 0.360072 0.812399 0.950862 0.818663 0.608551 0.029677 0.161574 0.396818
0.329365 0.565827 0.548921 0.937780 0.186113 0.851727 0.945906 0.898970 0.621396 0.112465 0.234042 0.479060
0.323088 0.603944 0.639385 1.006429 0.142712 0.826747 0.843296 0.885726 0.495781 0.138310 0.163700 0.430919
0.352739 0.572840 0.615636 1.075139 0.190504 0.768752 0.948975 0.747029 0.529910 -0.005452 0.122430 0.466528
0.312702 0.521639 0.474329 0.973923 0.247041 0.743546 0.952263 0.861258 0.583604 0.104552 0.169935 0.401890
0.321121 0.635303 0.576874 0.903774 0.203348 0.728643 0.948576 0.915221 0.556707 0.040897 0.125213 0.375289
0.398068 0.575373 0.559956 0.919024 0.200410 0.840305 0.953107 0.809008 0.633083 -0.001107 0.158143 0.443187
0.375540 0.588881 0.502718 0.946405 0.235639 0.835992 0.903253 0.816147 0.586068 0.146189 0.222601 0.328045
0.353654 0.600611 0.498324 0.897338 0.266925 0.842267 0.955498 0.864247 0.459054 0.083615 0.138673 0.422412
0.296904 0.603684 0.620051 0.861938 0.275206 0.809122 0.972631 0.897525 0.549343 0.089185 0.229293 0.374084
0.342173 0.578529 0.569886 0.951458 0.283541 0.799118 0.884515 0.850260 0.648006 0.085086 0.155710 0.418645
0.361366 0.626904 0.554090 0.962702 0.252746 0.853442 0.986667 0.796273 0.564191 0.050005 0.266198 0.446041
0.310966 0.601312 0.687689 0.942919 0.267868 0.848771 0.880964 0.909154 0.546966 0.090019 0.180032 0.425232
0.334964 0.666878 0.493533 0.965033 0.233049 0.823219 0.873870 0.840014 0.583844 0.089718 0.215867 0.420793
0.337129 0.622945 0.524769 0.904101 0.241824 0.811186 0.881805 0.885848 0.536907 0.110621 0.201304 0.435319
0.342695 0.668420 0.610482 0.886382 0.191650 0.899935 1.028036 0.833569 0.551455 0.095991 0.116032 0.401886
0.280891 0.683237 0.573447 0.929796 0.206403 0.829553 1.014453 0.866352 0.766837 0.003271 0.214868 0.401731
0.290705 0.613529 0.482673 0.940869 0.220695 0.790769 0.897936 0.861729 0.622772 -0.028435 0.188241 0.470377
0.303795 0.648398 0.536084 0.912443 0.182402 0.779212 0.902981 0.900423 0.627744 0.058146 0.116608 0.384507
0.333975 0.619133 0.578952 0.847539 0.176756 0.755392 0.932685 0.838062 0.584186 0.026991 0.164231 0.495777
0.331070 0.554361 0.572270 0.957600 0.280498 0.857176 0.861110 0.862957 0.636438 0.049661 0.242797 0.368559
0.347069 0.645568 0.586020 0.915205 0.258369 0.802452 0.973440 0.902903 0.558326 0.104536 0.214977 0.421665
0.350898 0.623996 0.543820 0.913359 0.189840 0.808343 0.988097 0.895378 0.556024 0.038570 0.172685 0.336518
0.314118 0.642223 0.555217 1.027059 0.314090 0.829135 1.002762 0.837399 0.604511 0.050158 0.217749 0.534609
0.323561 0.686051 0.491408 0.946625 0.325007 0.790609 1.036370 0.824102 0.593560 -0.007912 0.207125 0.388926
0.384416 0.613720 0.540321 0.906503 0.222949 0.838801 0.952329 0.907067 0.500998 0.109046 0.112333 0.430598
0.471584 0.599999 0.578631 0.962001 0.256500 0.811462 0.881900 0.914140 0.604574 0.076362 0.243791 0.388721
0.287552 0.679991 0.479114 0.960575 0.230475 0.807282 0.906890 0.876822 0.572736 0.122911 0.165657 0.405926
0.388091 0.649836 0.532801 0.904676 0.309237 0.784405 0.956780 0.916801 0.562181 -0.007175 0.177186 0.339710
0.344416 0.606213 0.562211 0.893761 0.276614 0.886605 0.947543 0.935316 0.504962 0.200178 0.195853 0.353957
0.313671 0.631643 0.569225 0.952999 0.305683 0.815810 1.068343 0.840116 0.585595 0.017329 0.111849 0.496397
0.320700 0.632702 0.579271 0.925862 0.184550 0.803857 0.996367 0.849294 0.591529 0.014789 0.158380 0.445225
0.268081 0.648609 0.562987 0.921855 0.258288 0.848836 0.916790 0.745305 0.468953 0.067116 0.187700 0.326706
0.421077 0.660864 0.500253 0.913012 0.228761 0.778284 0.886392 0.869703 0.511636 0.157334 0.225759 0.444352
0.376036 0.613766 0.572573 0.841301 0.301891 0.840323 0.941855 0.914328 0.472626 0.065043 0.211019 0.423722
0.314740 0.626819 0.619262 0.776277 0.236867 0.780923 0.970373 0.964378 0.548920 0.019782 0.133666 0.405639
0.364493 0.659158 0.479654 0.896845 0.297454 0.741908 1.031175 0.945755 0.558077 0.096369 0.232916 0.412407
0.336721 0.644006 0.547950 0.846181 0.218602 0.777598 0.966147 0.811260 0.553544 0.104231 0.099479 0.393808
0.300144 0.632148 0.602420 0.960032 0.190728 0.865348 0.916184 0.970204 0.538295 0.023221 0.160137 0.348325
0.387300 0.545285 0.582014 0.917158 0.237583 0.780767 0.948242 0.893377 0.551213 0.053920 0.130253 0.409621
0.355286 0.655181 0.471429 0.780428 0.224597 0.749136 1.015625 0.839128 0.522711 0.103668 0.240210 0.400282
0.370089 0.647235 0.521404 0.963607 0.213628 0.821988 0.908160 0.856519 0.642768 0.001092 0.183094 0.443319
0.337964 0.683287 0.541642 0.961645 0.261355 0.743884 0.899736 0.899109 0.611195 0.027064 0.141200 0.323611
0.320925 0.666602 0.504463 0.953671 0.170479 0.859487 0.925901 0.822489 0.589458 0.077351 0.101185 0.345508
0.392132 0.601145 0.631674 0.916125 0.235804 0.817723 1.026758 0.935403 0.519046 0.132061 0.252650 0.480838
0.293585 0.540558 0.535325 0.894175 0.266089 0.891016 0.938252 0.835939 0.617688 0.066577 0.176825 0.355798
0.354975 0.551410 0.533666 0.846504 0.307916 0.820624 0.926549 0.971681 0.567738 0.011068 0.269726 0.407636
0.380316 0.595321 0.594617 0.940298 0.193496 0.787884 1.078953 0.828543 0.507049 0.042466 0.101552 0.383173
0.276999 0.590946 0.589255 0.921657 0.388502 0.790860 0.905591 0.873103 0.602857 0.061783 0.178732 0.344849
0.354806 0.610642 0.585613 0.950435 0.210624 0.746517 0.970385 0.911281 0.587901 0.009422 0.238027 0.455994
0.270455 0.565595 0.537415 0.808503 0.280715 0.895323 0.952418 0.847516 0.631509 0.045549 0.192984 0.377650
0.355243 0.669324 0.580298 0.863536 0.293951 0.765037 0.925405 0.968011 0.630536 0.065290 0.180443 0.411171
0.347420 0.645585 0.618549 0.896975 0.235011 0.785069 0.933224 0.823231 0.531105 0.112758 0.198143 0.463976
0.407205 0.646654 0.492311 0.977260 0.290077 0.807294 0.952445 0.834154 0.556760 0.008986 0.196596 0.429695
0.303813 0.574385 0.616804 0.880597 0.300811 0.876080 1.008274 0.797005 0.608807 -0.056679 0.165544 0.427510
0.366097 0.508106 0.588413 0.896029 0.136248 0.791906 0.872202 0.955716 0.580408 0.081712 0.222206 0.447493
0.285661 0.643265 0.530578 0.920693 0.168873 0.774988 1.012478 0.902138 0.508263 0.053784 0.223920 0.400802
0.387844 0.632358 0.597247 0.920410 0.142532 0.676612 1.055850 0.988429 0.518862 0.008125 0.207844 0.400357
0.358108 0.607540 0.636581 0.925171 0.324445 0.785783 0.911518 0.841859 0.508001 0.028933 0.210815 0.342015
0.279569 0.681506 0.470394 0.905665 0.214852 0.862762 0.849568 0.888214 0.442152 0.097354 0.188787 0.275040
0.371468 0.655008 0.566830 0.981234 0.288472 0.870314 0.982171 0.811446 0.648554 0.028015 0.172233 0.435637
0.351051 0.543589 0.509265 0.886547 0.236215 0.807928 0.985844 0.917271 0.565783 0.002195 0.205485 0.409886
0.438939 0.638523 0.696957 0.894311 0.329019 0.747936 0.988574 0.902122 0.612589 -0.029104 0.206759 0.312550
0.278765 0.581151 0.544749 0.840115 0.162387 0.754044 0.956630 0.867867 0.696709 0.039706 0.210230 0.542272
0.454284 0.602054 0.645988 0.888543 0.209417 0.840274 0.870992 0.933422 0.564335 0.002703 0.229035 0.357198
0.279723 0.601375 0.551451 0.836007 0.216231 0.689227 0.941610 0.891478 0.420336 0.046306 0.208088 0.385362
0.361892 0.602561 0.530985 0.829199 0.281379 0.849484 0.983797 0.972870 0.545425 0.068336 0.127918 0.519348
0.343113 0.670200 0.429102 0.888826 0.149623 0.803953 0.969415 0.806102 0.494052 -0.024384 0.117211 0.436439
0.279235 0.649278 0.518396 0.898862 0.247023 0.785385 0.991706 0.865532 0.563375 0.050162 0.251160 0.327938
0.399353 0.651162 0.592543 0.906259 0.199482 0.785120 0.978252 0.935814 0.614895 0.084869 0.254190 0.399735
0.409567 0.721806 0.599140 0.871068 0.266942 0.772492 0.900563 0.795332 0.663194 0.068359 0.208388 0.416814
0.383875 0.642868 0.658524 0.910272 0.239307 0.789036 1.016440 0.796482 0.513953 0.082889 0.185328 0.376413
0.220441 0.628180 0.561759 0.917787 0.198508 0.826146 0.978381 0.873992 0.533037 -0.034839 0.220091 0.392850
0.376216 0.623760 0.495440 0.848838 0.296806 0.773773 0.969021 0.826416 0.584249 0.077145 0.095417 0.462165
0.346624 0.514834 0.736550 1.038329 1.004797 0.685470 0.301711 0.929861 0.531470 0.375416 0.318589 0.410467
0.324778 0.511010 0.735685 1.026011 0.937231 0.710802 0.206075 0.996079 0.534790 0.419525 0.266873 0.410984
0.285969 0.588431 0.756462 0.958851 0.942266 0.678337 0.250820 0.884579 0.476257 0.342872 0.318044 0.480378
0.281924 0.604102 0.677874 0.882204 0.998667 0.628748 0.308316 0.947950 0.563868 0.436716 0.287583 0.536217
0.289602 0.672995 0.677313 1.035152 0.909622 0.670370 0.232956 1.027585 0.504359 0.348871 0.308781 0.366589
0.285892 0.593238 0.738032 0.956527 1.068661 0.755091 0.146892 0.989007 0.480888 0.374022 0.348242 0.497283
0.238248 0.475451 0.774482 0.979822 0.972693 0.710542 0.219033 0.970147 0.446171 0.216361 0.309938 0.433779
0.312199 0.484079 0.734402 0.986372 0.915396 0.644400 0.189404 0.953491 0.555221 0.327837 0.426318 0.556644
0.301139 0.434420 0.773686 0.932125 1.039224 0.740414 0.170745 0.991053 0.562705 0.286294 0.357800 0.383732
0.321740 0.528144 0.815862 0.933979 0.937666 0.810845 0.316555 1.024242 0.561647 0.371710 0.286179 0.469487
0.241577 0.547466 0.740297 1.000714 0.888087 0.636051 0.328888 0.937193 0.563913 0.306570 0.287682 0.409692
0.192741 0.605146 0.751947 0.994177 1.039696 0.690102 0.242922 1.011917 0.505852 0.374107 0.394582 0.469197
0.303999 0.637069 0.740897 0.994888 0.943618 0.650504 0.207130 0.983641 0.530676 0.267431 0.265269 0.510749
0.309787 0.430593 0.758801 0.991831 1.027329 0.672350 0.236052 0.900046 0.504295 0.367270 0.320075 0.526414
0.375902 0.623211 0.721794 1.042806 0.986581 0.720008 0.310976 0.894726 0.576273 0.330399 0.358461 0.387052
0.267376 0.634076 0.766400 0.930390 1.004813 0.634748 0.289373 0.986671 0.647481 0.423800 0.342334 0.536589
0.239647 0.538166 0.812190 1.007953 0.927339 0.692893 0.264851 1.009075 0.547719 0.363210 0.336770 0.403850
0.284033 0.507891 0.670272 0.940544 1.022643 0.720824 0.229238 0.933862 0.537433 0.203918 0.298101 0.386415
0.315921 0.553817 0.667603 0.932455 0.890396 0.639518 0.277840 1.008415 0.553961 0.294925 0.371601 0.418637
0.316709 0.520595 0.836348 0.932782 0.909081 0.641420 0.195330 0.994275 0.500336 0.336908 0.298602 0.441863
0.324168 0.480186 0.721755 0.944882 1.059558 0.684347 0.222609 0.944744 0.581384 0.394727 0.331033 0.441394
0.345105 0.588430 0.770315 0.898455 0.892235 0.622120 0.281657 0.968679 0.521881 0.393463 0.424523 0.414968
0.358764 0.508033 0.859511 0.896407 0.987516 0.676068 0.323450 0.946210 0.525892 0.366350 0.328729 0.407291
0.274125 0.543637 0.685065 0.889034 0.998784 0.674699 0.249743 1.003555 0.416884 0.296852 0.290299 0.431853
0.195620 0.602357 0.693747 0.921991 0.953208 0.681966 0.206004 0.996523 0.475254 0.360564 0.281330 0.420719
0.301110 0.540945 0.779728 0.887842 0.999049 0.673795 0.253719 1.009331 0.522470 0.371135 0.325095 0.411290
0.291136 0.595534 0.826925 1.030484 0.970881 0.606218 0.230209 1.043571 0.528967 0.440987 0.401158 0.488287
0.268863 0.535379 0.709569 0.998518 1.017282 0.703407 0.278813 0.994118 0.543746 0.322324 0.314684 0.434688
0.226715 0.507846 0.712756 0.988427 0.968577 0.730403 0.293671 0.912095 0.687863 0.381282 0.276554 0.452233
0.341707 0.525156 0.671436 0.970249 0.891284 0.674486 0.220783 0.967618 0.541922 0.313198 0.352031 0.326024
0.308399 0.546105 0.740773 0.983881 0.965850 0.737606 0.199459 0.944950 0.569353 0.305273 0.365986 0.446115
0.393929 0.590870 0.748126 0.933834 0.978434 0.779697 0.162044 1.000720 0.487752 0.347737 0.351864 0.453626
0.253365 0.498547 0.675192 0.928761 0.923832 0.790350 0.216298 1.007383 0.596990 0.323893 0.359568 0.358696
0.343821 0.571874 0.697883 0.981258 0.991820 0.692401 0.288609 0.970295 0.503131 0.443489 0.314191 0.384200
0.307722 0.495859 0.801553 1.012464 1.032112 0.793507 0.194330 0.989145 0.432462 0.417919 0.315523 0.453243
0.220707 0.482934 0.742102 0.909507 1.026422 0.726953 0.270921 0.994879 0.436102 0.294570 0.284229 0.468183
0.226713 0.612144 0.795141 0.973315 0.913038 0.670932 0.196645 0.946002 0.580365 0.307975 0.351254 0.479600
0.254764 0.639258 0.806084 0.899837 0.944573 0.683096 0.209575 0.956837 0.516298 0.374109 0.336959 0.367976
0.286405 0.507546 0.747368 1.016401 0.919347 0.635861 0.278604 0.958838 0.504894 0.344479 0.340885 0.430295
0.296318 0.573092 0.711203 0.956826 1.090657 0.621390 0.241396 0.938834 0.529851 0.324420 0.302467 0.462573
0.362364 0.494620 0.686842 1.093376 0.973893 0.703030 0.254025 0.926143 0.433305 0.313884 0.316186 0.454092
0.274420 0.573122 0.810386 1.022002 1.007281 0.654843 0.276408 0.963911 0.607684 0.259414 0.305718 0.446102
0.430204 0.540006 0.823294 0.945826 0.903001 0.695516 0.285269 0.927702 0.544177 0.290998 0.335972 0.436902
0.250453 0.408017 0.733122 1.012824 0.970529 0.628940 0.199258 0.803231 0.487813 0.377878 0.312339 0.410974
0.275112 0.540288 0.678518 0.916374 0.972214 0.678234 0.233093 0.963833 0.557500 0.385703 0.302232 0.430544
0.240716 0.562215 0.740649 0.994696 0.944787 0.689939 0.218780 1.014465 0.468387 0.318836 0.367011 0.411995
0.216468 0.568303 0.741867 0.916135 0.918584 0.719609 0.248928 0.951403 0.489309 0.342659 0.360735 0.417381
0.406449 0.541284 0.780754 0.938215 0.968678 0.705195 0.151600 0.987993 0.500148 0.413435 0.225838 0.340312
0.320067 0.497470 0.777171 0.950072 0.937919 0.708102 0.262491 0.939985 0.543181 0.357432 0.212599 0.467564
0.390748 0.645672 0.786117 0.872794 0.913803 0.665345 0.303970 0.997265 0.518424 0.301105 0.340705 0.485589
0.359685 0.651255 0.727223 0.957581 0.917527 0.759924 0.203399 0.996499 0.454452 0.298794 0.222019 0.347089
0.351918 0.570268 0.804088 0.947268 0.909368 0.671691 0.265401 0.978072 0.519037 0.328577 0.358402 0.452007
0.362901 0.480115 0.751585 1.109395 0.953824 0.618732 0.253496 0.935157 0.551427 0.480503 0.310010 0.349558
0.293395 0.596830 0.759580 0.950595 0.854378 0.614370 0.361779 0.978353 0.518046 0.362601 0.433237 0.434227
0.367906 0.481771 0.807680 0.969796 0.908766 0.722427 0.283865 0.867678 0.519302 0.331210 0.332944 0.404002
0.261993 0.556179 0.761977 1.087359 0.935455 0.714873 0.378219 0.992546 0.615591 0.353523 0.302528 0.426251
0.287405 0.479440 0.778899 0.920586 1.021313 0.715905 0.335587 1.001187 0.573579 0.339193 0.358889 0.488714
0.262307 0.512692 0.748956 0.997173 0.951670 0.659558 0.287727 0.965224 0.545873 0.352959 0.310927 0.443030
0.420673 0.531751 0.717827 0.960207 0.988581 0.566553 0.299344 0.947030 0.578007 0.328586 0.244573 0.442616
0.179256 0.632508 0.783153 0.992411 0.953441 0.628126 0.260104 1.040109 0.488713 0.353438 0.277042 0.463867
0.286356 0.517123 0.797186 0.912632 0.989870 0.687862 0.281007 0.937964 0.535619 0.344872 0.333275 0.413944
0.332005 0.531704 0.833761 0.988267 1.012923 0.728978 0.234091 1.047998 0.469444 0.340662 0.271833 0.451863
0.288027 0.477554 0.733351 1.010306 0.950218 0.762647 0.240622 0.940950 0.460142 0.326344 0.298765 0.399064
0.405635 0.623004 0.755193 0.935486 1.055261 0.728608 0.248104 0.984073 0.572352 0.414276 0.272206 0.400059
0.195000 0.494147 0.759933 0.931860 0.949550 0.754185 0.334572 0.917334 0.594155 0.303312 0.263888 0.386178
0.272892 0.480698 0.771337 1.009461 1.016754 0.826325 0.223542 0.945356 0.504276 0.359205 0.241008 0.377857
0.299484 0.555222 0.658817 1.010666 0.956229 0.695667 0.289656 0.919873 0.499328 0.348986 0.315406 0.506663
0.380630 0.607985 0.778929 1.001802 0.956522 0.657199 0.203794 1.006751 0.541860 0.353239 0.300004 0.475511
0.354524 0.467233 0.700636 0.987570 1.064941 0.695741 0.202143 0.922665 0.541544 0.409284 0.269797 0.517678
0.212773 0.588402 0.838252 0.952834 0.906352 0.682721 0.271801 0.996385 0.493851 0.406522 0.365834 0.419066
0.244377 0.511867 0.742777 1.017555 0.993088 0.650062 0.259139 0.949495 0.508431 0.330975 0.339358 0.370255
0.307526 0.666293 0.827514 1.059137 0.972584 0.720209 0.213002 0.891239 0.522323 0.313925 0.169837 0.393852
0.304420 0.601669 0.734862 1.027478 0.889515 0.655834 0.247341 0.980043 0.429860 0.349478 0.395697 0.372336
0.386904 0.571451 0.717293 1.004755 0.965552 0.704705 0.226793 0.933213 0.506475 0.253160 0.297126 0.524303
0.283467 0.607387 0.759260 0.942802 0.934759 0.777384 0.176224 0.886438 0.562635 0.269744 0.353572 0.450327
0.367286 0.623098 0.795281 1.021586 0.908679 0.687210 0.219598 0.998914 0.533918 0.344653 0.354799 0.392428
0.314678 0.610402 0.684058 0.906932 1.027996 0.643285 0.235992 0.935663 0.565293 0.266187 0.400435 0.431173
0.379828 0.656820 0.693748 0.900908 1.009607 0.754775 0.199807 0.962492 0.517200 0.348389 0.341148 0.474260
0.316502 0.581053 0.733896 1.031123 1.028637 0.761528 0.306587 0.985041 0.524338 0.289872 0.367856 0.415381
0.301412 0.538231 0.671817 0.963557 1.011141 0.705635 0.259772 0.967274 0.543637 0.324263 0.397003 0.381488
0.283547 0.586057 0.833984 1.039214 1.006661 0.760224 0.205452 0.986454 0.535275 0.281110 0.358688 0.347861
0.243767 0.550168 0.737960 0.995735 1.020397 0.744702 0.188056 1.003961 0.543660 0.394849 0.335856 0.414593
0.313891 0.491502 0.793815 1.029731 0.891527 0.745184 0.188531 1.049382 0.488736 0.288809 0.258980 0.366303
0.371166 0.516956 0.697573 0.888345 0.950820 0.701836 0.329849 0.879481 0.544109 0.413636 0.354507 0.490449
0.301665 0.541694 0.791353 1.098734 0.918112 0.628538 0.190698 0.895059 0.602086 0.267250 0.191733 0.420913
0.314453 0.546006 0.731719 0.970565 1.047250 0.700460 0.352420 1.006816 0.432530 0.357242 0.339896 0.475725
0.243928 0.618360 0.782688 1.020689 1.051719 0.722148 0.264907 0.950156 0.457446 0.410230 0.340305 0.398602
0.333057 0.507583 0.753490 1.050699 0.973464 0.545919 0.196981 1.021715 0.491842 0.359016 0.301306 0.423874
0.335534 0.541366 0.746756 0.948644 0.926579 0.706255 0.280901 0.963435 0.475244 0.295345 0.342278 0.329141
0.334657 0.570967 0.744913 1.013763 0.974363 0.686904 0.245208 0.945460 0.538313 0.401907 0.354364 0.413702
0.333930 0.530459 0.851813 1.022345 0.904652 0.648155 0.221754 0.913453 0.547012 0.354055 0.324358 0.410685
0.361911 0.602783 0.763010 0.931695 0.955869 0.771469 0.165060 0.914794 0.614763 0.302065 0.395129 0.462179
0.350782 0.547527 0.776375 0.930837 1.036937 0.730304 0.197184 0.853353 0.487605 0.311096 0.185906 0.435057
0.332236 0.511635 0.764542 0.979774 0.952322 0.630234 0.216699 0.944787 0.575822 0.387324 0.367651 0.401446
0.407911 0.518336 0.787967 0.915264 0.961912 0.609014 0.193453 0.929950 0.556369 0.333018 0.352912 0.428409
0.338685 0.495610 0.680734 0.993188 1.010507 0.723259 0.307224 0.977132 0.535664 0.402614 0.330331 0.398038
0.267735 0.613089 0.737690 0.997592 0.987569 0.675041 0.289589 0.922334 0.578318 0.306960 0.406412 0.335173
0.283818 0.496625 0.704718 1.035794 0.956788 0.723608 0.212791 0.943619 0.599674 0.338471 0.358627 0.478489
0.248363 0.527600 0.757572 0.994111 0.963906 0.686664 0.156586 1.001941 0.558823 0.446478 0.271236 0.535713
0.415574 0.644085 0.664848 1.055227 1.065852 0.697207 0.343378 1.031748 0.429060 0.306977 0.315791 0.498915
0.277820 0.679052 0.730457 0.970357 0.927902 0.698822 0.227232 0.959288 0.532559 0.350560 0.334886 0.425150
0.354445 0.497105 0.710531 0.923588 1.039726 0.708540 0.303034 0.957067 0.536980 0.358256 0.348867 0.417603
0.265930 0.504499 0.766583 0.958868 0.915877 0.800540 0.271761 0.953317 0.586176 0.405267 0.294416 0.330113
0.284121 0.572099 0.746427 0.985358 0.870486 0.736497 0.278664 0.961436 0.511810 0.394527 0.323495 0.406391
0.373638 0.523738 0.785909 0.966416 1.024610 0.647646 0.267116 0.971829 0.502284 0.398877 0.331232 0.337648
0.364009 0.538078 0.719721 0.999359 0.918171 0.668669 0.272347 1.051020 0.497574 0.408193 0.336563 0.422438
0.302129 0.596417 0.738493 1.023125 0.927103 0.635087 0.246896 0.908723 0.642953 0.384744 0.314490 0.364505
0.280239 0.597926 0.790185 0.953342 1.004143 0.768178 0.214187 0.944134 0.574257 0.301877 0.368924 0.376701
0.266002 0.518170 0.815752 1.025464 0.901558 0.645839 0.189868 0.996233 0.448342 0.346750 0.349185 0.435747
0.277882 0.562144 0.752426 0.976458 0.939599 0.674531 0.289747 1.013330 0.519617 0.371426 0.327445 0.436447
0.258900 0.519126 0.783175 1.024914 0.954355 0.643267 0.353642 1.005280 0.604354 0.422778 0.432297 0.349883
0.383779 0.560598 0.925382 1.025718 1.030581 0.670779 0.202596 0.895771 0.457692 0.335221 0.384250 0.449169
0.328445 0.511985 0.674410 0.972503 0.941107 0.676526 0.243721 1.004366 0.569401 0.362435 0.273505 0.403667
0.267424 0.541910 0.678653 0.967855 1.005515 0.654516 0.303145 0.963668 0.523724 0.290829 0.414077 0.490583
0.350934 0.538609 0.824179 1.004286 0.894886 0.602185 0.284630 0.927105 0.543317 0.320408 0.412365 0.428047
0.271903 0.583027 0.736170 0.936964 0.948552 0.745980 0.305455 0.920452 0.515007 0.356213 0.313461 0.477251
0.324030 0.513547 0.755527 1.010379 0.932543 0.617264 0.266434 0.983509 0.540623 0.404078 0.240046 0.445777
0.265296 0.667804 0.698245 0.976259 0.869619 0.737567 0.204661 0.901908 0.548481 0.444675 0.304890 0.417897
0.340878 0.613400 0.615323 0.908972 1.001605 0.660817 0.231537 1.039979 0.546124 0.395740 0.368139 0.444921
0.244137 0.504474 0.808832 0.866128 0.994789 0.603394 0.214437 0.968151 0.539059 0.291253 0.307805 0.461299
0.297256 0.522172 0.693841 0.909347 0.993007 0.671537 0.284763 0.970850 0.509748 0.352278 0.327710 0.382132
0.321248 0.558070 0.780474 0.918539 0.981051 0.759986 0.347303 0.941804 0.572475 0.416932 0.341077 0.457616
0.264010 0.574403 0.764414 0.886789 0.984112 0.697415 0.294639 1.004903 0.532749 0.266776 0.281085 0.378918
0.269861 0.551698 0.685761 1.009616 0.976065 0.651259 0.276856 0.931514 0.628687 0.376242 0.370813 0.482083
0.185526 0.523492 0.740557 1.010017 0.900805 0.706605 0.245150 0.870131 0.549285 0.427168 0.376730 0.431539
0.296147 0.606509 0.741594 0.926308 1.013356 0.769721 0.324727 0.915645 0.502277 0.270832 0.248335 0.337975
0.306741 0.486948 0.660858 0.975857 0.963211 0.679741 0.247260 0.986751 0.508541 0.303431 0.420634 0.461960
0.279770 0.601064 0.773885 1.054489 0.923129 0.657130 0.281262 0.955724 0.518566 0.295801 0.367564 0.487353
0.293549 0.605701 0.786870 1.004724 0.952744 0.738171 0.206065 0.940367 0.572577 0.377972 0.377689 0.402295
0.333341 0.582463 0.841696 0.919542 1.011384 0.697357 0.243037 0.982902 0.553748 0.401864 0.313702 0.417602
0.339316 0.516656 0.647588 1.000284 0.931929 0.707082 0.263773 0.887517 0.532312 0.351972 0.315365 0.418813
0.266415 0.477614 0.715745 0.950717 0.955126 0.731586 0.181883 0.876464 0.648269 0.353912 0.270327 0.495420
0.241842 0.529780 0.735549 0.899684 0.868953 0.602159 0.261063 0.926267 0.570307 0.370539 0.259173 0.435613
0.344166 0.448449 0.804007 0.930484 0.899850 0.615883 0.311821 0.936017 0.505411 0.401300 0.311211 0.485511
0.345177 0.587328 0.705961 0.975954 0.931476 0.693600 0.234835 0.883354 0.497891 0.280065 0.397259 0.366679
0.290906 0.684931 0.726223 1.026464 0.859932 0.735039 0.155015 0.977296 0.501080 0.281691 0.330246 0.407507
0.214209 0.550171 0.764775 0.990226 0.860009 0.738668 0.319379 1.013199 0.591634 0.395724 0.272448 0.468769
0.227674 0.567861 0.749791 1.006266 0.960141 0.679178 0.177573 1.017689 0.473171 0.325398 0.334165 0.439228
0.250240 0.602902 0.780547 1.033958 0.989980 0.633573 0.286488 0.889123 0.497663 0.384533 0.181446 0.432796
0.365504 0.543856 0.865973 0.955370 0.946640 0.726168 0.206391 0.990721 0.489018 0.353329 0.293396 0.449449
0.292648 0.560914 0.716155 1.010318 0.894883 0.662897 0.278447 0.895932 0.546553 0.288447 0.265333 0.360411
0.297354 0.502743 0.660801 0.991965 1.057084 0.674493 0.267963 1.001866 0.516807 0.345058 0.407180 0.376634
0.296501 0.533446 0.767132 0.935459 0.948139 0.682111 0.246751 0.997441 0.529659 0.355747 0.302633 0.380526
0.260481 0.614745 0.736714 1.036690 0.879572 0.592495 0.227359 0.915851 0.488593 0.354885 0.331779 0.378544
0.319065 0.513423 0.741133 0.966844 0.896424 0.696958 0.238910 1.019274 0.506137 0.298685 0.328008 0.535130
0.358569 0.601101 0.765984 0.970763 0.988762 0.675514 0.346604 0.900377 0.542420 0.288670 0.291611 0.389317
0.338763 0.547025 0.722693 0.902631 0.958645 0.762724 0.264858 0.966601 0.538594 0.273072 0.204168 0.335418
0.160352 0.665907 0.813647 0.967617 1.081545 0.723970 0.288982 0.941767 0.481537 0.296573 0.324691 0.479543
0.254719 0.588931 0.782871 0.934084 0.996783 0.619864 0.212699 0.919452 0.592230 0.359504 0.305921 0.351972
0.359356 0.645319 0.703748 0.991977 1.037060 0.725149 0.252049 0.996485 0.574912 0.285744 0.294778 0.370047
0.353614 0.566263 0.691645 0.962812 1.021260 0.695848 0.236450 0.986286 0.553857 0.370479 0.310407 0.326941
0.387302 0.502750 0.739889 1.046541 0.992734 0.650026 0.143231 0.949925 0.561876 0.319193 0.322669 0.425690
0.293445 0.525141 0.712816 1.030145 0.974467 0.699795 0.195886 0.907719 0.493177 0.407718 0.285168 0.474785
0.356808 0.564404 0.847662 0.983991 0.961303 0.696919 0.271529 0.975052 0.526544 0.358383 0.244183 0.417020
0.173842 0.537423 0.749439 0.988161 0.985332 0.871630 0.237393 0.902623 0.590398 0.322742 0.297049 0.379504
0.399519 0.521981 0.742204 0.991195 0.938287 0.772134 0.266760 0.996682 0.482943 0.358120 0.330106 0.500065
0.265183 0.575419 0.770061 0.971555 0.971661 0.738912 0.170592 0.985439 0.530659 0.386895 0.355630 0.370094
0.362995 0.480905 0.739376 1.000118 0.933435 0.698541 0.248061 0.911534 0.480177 0.354024 0.176441 0.403863
0.369482 0.543828 0.769473 1.018605 0.911862 0.676234 0.234576 1.014760 0.568518 0.353864 0.319463 0.442860
0.204805 0.540700 0.729376 1.026723 0.996642 0.754623 0.251898 0.977567 0.581253 0.376013 0.327850 0.417514
0.241359 0.559175 0.770470 1.075929 1.007662 0.605313 0.237979 0.989605 0.507306 0.333338 0.341419 0.494208
0.227517 0.484626 0.689605 1.060195 0.975653 0.664315 0.335245 0.930570 0.500949 0.358346 0.257213 0.450652
0.240631 0.604898 0.795512 1.021127 1.002831 0.675223 0.275469 0.950022 0.576216 0.359585 0.315015 0.400536
0.340320 0.556259 0.673693 1.000008 0.896719 0.709983 0.235324 0.972328 0.566782 0.349304 0.250255 0.383042
0.291829 0.555949 0.656827 1.050951 0.904956 0.712538 0.314075 0.948531 0.610162 0.352144 0.318283 0.417549
0.381935 0.490299 0.677760 0.988215 0.984137 0.666126 0.223631 0.958462 0.496064 0.315218 0.361371 0.431356
0.305613 0.581109 0.828358 1.074265 1.017279 0.676667 0.219832 0.996979 0.538480 0.384872 0.324773 0.436936
0.288950 0.555294 0.732366 1.020335 0.897487 0.677519 0.361035 0.935054 0.511874 0.298173 0.345857 0.488934
0.386247 0.530731 0.787559 0.960357 0.888500 0.679292 0.215663 0.964703 0.538605 0.344746 0.348183 0.490495
0.326473 0.589655 0.768110 1.062800 0.911150 0.846976 0.275609 0.953087 0.462408 0.464543 0.392560 0.375598
0.276617 0.475527 0.721345 0.960161 0.952079 0.708072 0.264064 0.982254 0.494035 0.364785 0.251614 0.460378
0.353545 0.537336 0.704333 0.867981 0.968975 0.645727 0.230275 0.921403 0.484957 0.351126 0.306446 0.468920
0.313555 0.470123 0.695592 1.024453 0.878666 0.724568 0.226125 1.033723 0.512334 0.285079 0.335783 0.368072
0.284326 0.491744 0.714653 0.869752 0.994256 0.697526 0.228908 0.922424 0.454235 0.429380 0.332021 0.447908
0.272003 0.479119 0.632457 0.965776 0.991525 0.598514 0.320602 0.966163 0.535661 0.351685 0.282558 0.451877
0.368365 0.555086 0.812125 0.956748 0.869565 0.656987 0.255410 0.939189 0.549218 0.285780 0.257968 0.438148
0.321416 0.481667 0.742663 0.898006 0.983261 0.631662 0.264876 1.020236 0.487461 0.355206 0.207987 0.494078
0.311860 0.512911 0.656791 0.971593 0.919837 0.709115 0.222915 0.945819 0.514849 0.324196 0.230447 0.476026
0.334616 0.569257 0.683480 1.005504 1.014609 0.704269 0.289438 1.002699 0.529171 0.332218 0.387267 0.376876
0.272831 0.641263 0.777121 0.995691 0.860247 0.726453 0.178325 0.973461 0.518242 0.277166 0.363810 0.393606
0.325281 0.581181 0.657454 0.952501 0.906287 0.649854 0.308575 0.944166 0.538722 0.403768 0.328853 0.437241
0.239955 0.668528 0.706553 1.005078 1.026555 0.689311 0.151914 0.948736 0.602293 0.407965 0.299449 0.449708
0.278960 0.459985 0.734071 0.947240 0.958774 0.715053 0.292972 0.932557 0.563976 0.369927 0.401495 0.429478
0.261007 0.498743 0.739893 0.966506 0.888301 0.757133 0.208827 0.943644 0.533496 0.292156 0.284346 0.395362
0.372268 0.633725 0.711978 0.961996 1.013452 0.704239 0.206911 0.918744 0.430858 0.330820 0.314013 0.432193
0.320657 0.585625 0.735164 0.973685 1.015676 0.667762 0.234673 0.934347 0.562545 0.324747 0.332644 0.373115
0.352552 0.500230 0.640666 0.934048 0.949561 0.687615 0.155742 1.015637 0.542017 0.347773 0.352468 0.432547
0.275257 0.636741 0.874471 0.975401 0.997351 0.684860 0.238692 0.991262 0.435177 0.289677 0.302330 0.412991
0.226642 0.518733 0.744196 0.905375 0.982532 0.716554 0.317019 1.004932 0.594995 0.333559 0.272187 0.452543
0.279528 0.543654 0.714595 1.090894 1.051593 0.765221 0.203782 0.961372 0.480084 0.355252 0.384124 0.450962
0.287663 0.610894 0.805559 0.921364 0.972769 0.772750 0.270041 0.862962 0.552598 0.289292 0.363859 0.395137
0.328324 0.485109 0.717444 0.964747 1.089316 0.759460 0.287531 0.909627 0.562689 0.295108 0.435326 0.416838
0.322525 0.533323 0.705566 0.910728 1.002255 0.614243 0.219992 0.996413 0.474930 0.261012 0.328447 0.415649
0.266160 0.563537 0.680158 0.892279 0.919240 0.752286 0.288098 0.901851 0.512003 0.335444 0.397165 0.370623
0.252004 0.517635 0.639013 1.022399 1.000860 0.686466 0.168493 0.991285 0.492646 0.390529 0.260566 0.427943
0.282911 0.468298 0.689062 0.916125 0.930646 0.640663 0.388797 0.890219 0.570758 0.323889 0.303542 0.394652
0.293648 0.624831 0.727274 1.003683 1.060995 0.660631 0.211630 0.928305 0.511225 0.395985 0.351970 0.444927
0.359673 0.551519 0.782715 0.925896 0.941076 0.687880 0.248937 1.016847 0.576461 0.354871 0.299451 0.422492
0.338318 0.573609 0.687808 0.974342 0.978357 0.711616 0.266937 0.937546 0.570526 0.454909 0.292363 0.359211
0.247534 0.554086 0.744384 0.991862 0.942628 0.732654 0.222177 0.962945 0.544728 0.268302 0.276905 0.450828
0.440960 0.610639 0.724437 0.990119 0.971847 0.722288 0.298214 0.967518 0.481801 0.377016 0.212995 0.408949
0.177583 0.562332 0.782579 0.896523 0.923408 0.632265 0.338959 0.888271 0.624339 0.302543 0.323716 0.464315
0.286463 0.605606 0.640851 0.999306 0.954202 0.737860 0.386247 1.049802 0.539526 0.322625 0.275766 0.332859
0.380417 0.498275 0.783151 1.030242 0.908975 0.701100 0.196167 0.974102 0.510670 0.354450 0.285133 0.441050
0.301876 0.623215 0.656090 1.002258 0.895976 0.645067 0.266356 0.936676 0.572381 0.344145 0.369400 0.435045
0.325505 0.541080 0.712346 1.000237 0.849205 0.690914 0.286140 0.968437 0.556735 0.370770 0.291245 0.431900
0.333755 0.544105 0.718410 0.938301 0.931519 0.723715 0.244287 0.944963 0.433222 0.284179 0.294213 0.419835
0.344471 0.469845 0.769283 0.962733 0.973213 0.709033 0.334239 0.966336 0.384047 0.397170 0.399654 0.381496
0.208407 0.525272 0.703663 0.872389 0.936363 0.763562 0.225813 1.013101 0.532477 0.427895 0.370796 0.433177
0.342839 0.574197 0.698096 1.057148 0.955174 0.733010 0.292416 0.993600 0.478978 0.457208 0.279881 0.393792
0.288849 0.562340 0.709805 0.967072 1.006704 0.647588 0.303483 0.827058 0.490406 0.362914 0.233243 0.451748
0.187970 0.507177 0.741825 0.954683 0.903919 0.740827 0.201197 0.984394 0.531611 0.319773 0.367590 0.435968
0.240847 0.536173 0.728543 0.978422 0.896036 0.687700 0.279570 0.995088 0.486335 0.361289 0.290145 0.450192
0.334138 0.548992 0.739271 1.016256 0.934409 0.606612 0.243140 0.987528 0.603410 0.342838 0.329961 0.429382
0.385173 0.575790 0.760266 0.967022 0.994294 0.658061 0.189814 0.917084 0.580930 0.282956 0.337074 0.446196
0.200740 0.538642 0.693161 0.940246 0.934614 0.729596 0.244658 1.038282 0.604577 0.339102 0.364739 0.359782
0.357620 0.481574 0.669986 0.915372 0.988907 0.691887 0.157419 0.978307 0.580146 0.379716 0.298227 0.394147
0.352353 0.610857 0.639815 0.994190 1.007605 0.712026 0.237861 0.957820 0.540423 0.406538 0.353696 0.431273
0.372622 0.528149 0.676078 0.951184 0.950571 0.568886 0.171724 0.927800 0.535579 0.415370 0.244902 0.428379
0.215988 0.539456 0.779813 0.893997 1.019968 0.685310 0.246621 0.962626 0.554469 0.294018 0.314834 0.478290
0.246150 0.541541 0.801648 0.957807 0.951105 0.636553 0.292959 0.980740 0.442547 0.335850 0.417616 0.397758
0.349135 0.539105 0.797629 1.013395 1.034080 0.698954 0.305167 0.901620 0.568123 0.322680 0.322132 0.386668
0.261224 0.574848 0.854135 0.977249 0.902395 0.803979 0.254518 0.960982 0.534516 0.404532 0.329046 0.399718
0.405136 0.593595 0.702208 0.991728 1.051530 0.617441 0.228249 0.911705 0.498928 0.355988 0.313091 0.415984
0.277943 0.586106 0.732916 0.865126 0.907981 0.784351 0.226029 1.010479 0.513265 0.347682 0.370298 0.332912
0.346879 0.567226 0.746596 0.925753 1.050494 0.778151 0.185912 0.939421 0.530053 0.407261 0.307385 0.423396
0.192966 0.585622 0.654348 1.018959 0.926498 0.682981 0.185196 0.977547 0.475732 0.271713 0.321508 0.432732
0.234364 0.509670 0.779711 0.941024 0.858767 0.710058 0.226328 0.900749 0.463236 0.281511 0.283064 0.430441
0.317850 0.573693 0.800949 0.948455 0.953200 0.707198 0.292948 1.003402 0.548494 0.296149 0.358649 0.547960
0.281993 0.497984 0.740476 0.936112 0.953081 0.682800 0.265192 0.922347 0.513598 0.297603 0.289064 0.362230
0.266410 0.562394 0.784228 0.929686 0.923580 0.683325 0.198625 0.950150 0.548709 0.403398 0.327778 0.487208
0.263488 0.654187 0.725645 1.051946 0.972900 0.641518 0.264135 1.005726 0.542657 0.321162 0.275392 0.420124
0.286309 0.554610 0.624648 0.936946 1.036631 0.772470 0.181399 1.042035 0.522995 0.433447 0.337533 0.404497
0.383389 0.587154 0.680680 0.927604 0.936206 0.707004 0.250565 0.962417 0.497829 0.290884 0.315418 0.366681
0.269086 0.490561 0.709919 0.963981 1.100205 0.610310 0.181099 0.977404 0.534118 0.390642 0.289001 0.367199
0.265664 0.485428 0.771430 0.927793 0.879841 0.735031 0.277442 0.849726 0.615979 0.348127 0.266284 0.494949
0.283784 0.525755 0.745883 0.959742 1.015476 0.689689 0.157425 0.951812 0.425301 0.370429 0.312879 0.371454
0.286756 0.498065 0.748979 0.979613 1.091184 0.664122 0.153103 0.963077 0.499748 0.406057 0.338151 0.319237
0.353036 0.479039 0.754824 1.011344 1.020626 0.677299 0.227448 0.954289 0.560647 0.320133 0.313556 0.449663
0.315906 0.515407 0.737438 0.935860 1.012730 0.721894 0.290484 0.951910 0.528355 0.332562 0.324964 0.411370
0.353021 0.616512 0.698632 0.902586 0.950254 0.713175 0.268158 1.001219 0.552492 0.385400 0.272175 0.423163
0.369469 0.516819 0.707619 0.915430 1.003118 0.618732 0.283450 0.881519 0.453326 0.343807 0.441115 0.420116
0.303466 0.553288 0.740341 0.992079 1.025815 0.799850 0.284519 0.996306 0.450374 0.319598 0.330791 0.369847
0.306632 0.525789 0.726877 0.896560 0.993339 0.635209 0.183675 0.960305 0.628402 0.356777 0.253000 0.390109
0.345854 0.475940 0.843816 1.034785 0.941299 0.671831 0.250876 0.994933 0.566924 0.401674 0.247373 0.524277
0.326792 0.547564 0.677236 1.010663 0.964101 0.685564 0.225886 0.969031 0.509153 0.373026 0.426789 0.404759
0.246975 0.580992 0.694909 0.841978 0.998800 0.725866 0.301127 0.929026 0.563337 0.314527 0.321701 0.390761
0.295631 0.568669 0.707928 0.938281 0.941676 0.652672 0.229085 0.964515 0.493937 0.271562 0.341083 0.402363
0.351978 0.574157 0.747877 0.995044 0.897662 0.664615 0.168110 0.921571 0.503684 0.331640 0.368680 0.540882
0.297416 0.574724 0.837617 1.033615 0.919798 0.615746 0.224415 0.918802 0.547681 0.414989 0.376107 0.384752
0.309383 0.608408 0.800899 0.920782 0.890669 0.688255 0.251362 1.044042 0.538110 0.332045 0.395136 0.399446
0.243522 0.548501 0.796073 0.980293 0.968505 0.715052 0.330685 0.964697 0.409877 0.333841 0.369553 0.408525
0.302860 0.542492 0.717129 1.014907 0.994205 0.658339 0.210406 1.023457 0.543853 0.379693 0.350086 0.404909
0.222667 0.499085 0.807607 0.955449 0.953711 0.700328 0.293504 0.957709 0.526843 0.399005 0.265319 0.479998
0.244036 0.531942 0.752754 1.019185 0.887627 0.720325 0.197914 1.015629 0.573980 0.389217 0.312017 0.421743
0.379060 0.542409 0.643419 0.889125 0.990068 0.834293 0.204397 0.948153 0.543698 0.382191 0.288379 0.423852
0.350887 0.538137 0.740229 1.066248 0.874001 0.714234 0.310407 0.967531 0.534516 0.319692 0.416432 0.457689
0.175144 0.588229 0.749736 1.016626 1.116737 0.703216 0.239107 0.910245 0.575843 0.268557 0.246330 0.414889
0.323164 0.513379 0.719485 0.838261 0.948283 0.715715 0.270208 0.929059 0.526216 0.323301 0.308964 0.407232
0.310808 0.586937 0.728644 0.938920 0.907242 0.669310 0.207739 0.947458 0.517734 0.323625 0.322443 0.481177
0.362516 0.445093 0.686794 0.976361 0.927191 0.653344 0.258135 0.914436 0.454519 0.367418 0.375168 0.440107
0.335248 0.540794 0.774943 0.906466 0.993042 0.727296 0.174409 0.837465 0.574087 0.252396 0.303155 0.368627
0.363657 0.562375 0.736196 0.964289 0.996689 0.661237 0.180372 0.961957 0.495405 0.367995 0.332064 0.505897
0.277823 0.486784 0.742336 0.933034 1.029028 0.632976 0.344706 0.994381 0.498262 0.402519 0.348411 0.593533
0.362556 0.612852 0.688541 1.030981 1.014609 0.630547 0.223804 1.014941 0.563291 0.353687 0.352495 0.468025
0.234590 0.466419 0.804197 0.942712 0.966917 0.707410 0.298051 0.918235 0.476241 0.344263 0.319837 0.470602
0.349473 0.534158 0.693633 1.071068 0.973536 0.689025 0.227154 1.017402 0.537025 0.315162 0.450098 0.434714
0.214711 0.458795 0.693307 0.895309 1.011490 0.703790 0.129400 0.948494 0.517309 0.326182 0.323615 0.374489
0.241506 0.521626 0.683435 0.916124 1.052113 0.698170 0.289315 0.958007 0.544004 0.295387 0.357836 0.423983
0.293830 0.439689 0.696974 0.942031 1.050178 0.759774 0.281024 0.984670 0.467933 0.404372 0.359307 0.380077
0.395350 0.600823 0.716827 0.925632 0.841839 0.586113 0.346417 0.991010 0.555932 0.297820 0.406046 0.513723
0.272980 0.462322 0.714233 0.957883 1.010029 0.685362 0.317176 0.965557 0.627041 0.395280 0.402292 0.434672
0.288210 0.580339 0.726075 0.886199 1.104186 0.676736 0.247240 0.872084 0.486558 0.398954 0.335368 0.389708
0.311964 0.512169 0.730339 1.060203 0.985158 0.725745 0.234970 0.960722 0.523534 0.283102 0.311760 0.384661
0.263741 0.554378 0.773461 0.908474 0.916915 0.685145 0.280579 0.953768 0.566006 0.287566 0.333735 0.382262
0.259415 0.623442 0.680593 1.035485 0.943303 0.653700 0.182154 0.989898 0.454617 0.364934 0.287024 0.441456
0.320660 0.465479 0.726991 0.929067 0.958793 0.744596 0.292785 0.898111 0.597537 0.295699 0.281289 0.421671
0.339549 0.533291 0.709254 0.947231 0.974901 0.615820 0.273083 0.929151 0.585559 0.351562 0.215991 0.355495
0.308900 0.561766 0.726548 0.960365 0.956749 0.713293 0.225554 0.965558 0.492090 0.368498 0.245670 0.338093
0.305581 0.570499 0.829060 0.998393 0.972894 0.679498 0.213274 1.008594 0.464704 0.360303 0.336010 0.476125
0.286681 0.556673 0.796596 0.928653 1.000881 0.725999 0.180101 0.975049 0.529952 0.280464 0.352112 0.410563
0.358536 0.526736 0.682458 0.952894 0.893422 0.708529 0.271722 0.989091 0.495795 0.348120 0.381909 0.455797
0.185106 0.475633 0.637552 1.061322 0.949997 0.694967 0.310519 0.872673 0.505945 0.343672 0.330424 0.430698
0.359342 0.557584 0.775847 0.951346 0.941249 0.695169 0.288064 1.005897 0.478167 0.366786 0.359817 0.409306
0.326562 0.485465 0.842181 1.045735 0.962888 0.703075 0.174423 0.947865 0.490174 0.388054 0.235760 0.395247
0.338303 0.525218 0.741376 0.951403 0.911757 0.613446 0.316485 0.986866 0.607498 0.365783 0.322207 0.399477
0.257172 0.591501 0.780314 0.990324 0.921371 0.725164 0.227376 1.022264 0.536611 0.253294 0.322599 0.423406
0.390364 0.538874 0.715937 0.975400 0.884681 0.676518 0.233355 0.962306 0.586009 0.382186 0.351339 0.414949
0.340682 0.478130 0.789147 0.926205 0.938655 0.629066 0.210573 0.926870 0.470641 0.343888 0.364696 0.394197
0.292981 0.686932 0.769304 0.965549 1.022554 0.701147 0.249257 0.998310 0.524769 0.375410 0.310295 0.314400
0.265721 0.555021 0.759297 0.912732 0.940924 0.627937 0.281950 1.004328 0.610712 0.378616 0.196231 0.331822
0.324028 0.540602 0.721703 0.947984 1.003862 0.712015 0.224284 1.076227 0.553243 0.354541 0.361523 0.397072
0.311333 0.667793 0.763096 0.972541 0.901338 0.722968 0.288277 0.972592 0.501256 0.309298 0.327216 0.426395
0.298469 0.588054 0.798866 0.927078 0.973112 0.696827 0.362209 0.989765 0.483911 0.427100 0.282712 0.419648
0.278382 0.536894 0.723134 0.939659 1.007673 0.635008 0.226142 0.898086 0.498003 0.276037 0.295965 0.476643
0.273517 0.590472 0.717355 0.959727 0.919564 0.643588 0.359928 0.956075 0.540831 0.352868 0.341101 0.363905
0.364063 0.509369 0.755082 1.079200 1.030830 0.704097 0.222922 0.990368 0.526702 0.271989 0.232097 0.404606
0.298272 0.626017 0.772834 0.892836 0.980442 0.571700 0.300123 1.026699 0.537001 0.276573 0.348940 0.361781
0.354125 0.577651 0.787010 1.012858 0.977373 0.684693 0.313325 0.970872 0.495638 0.354248 0.219713 0.433283
0.342562 0.424268 0.750897 0.940613 0.935158 0.694887 0.215202 1.038375 0.657278 0.382758 0.351778 0.393734
0.319247 0.475214 0.746098 0.825254 1.081934 0.677264 0.281295 0.951475 0.510142 0.300453 0.306623 0.444187
0.257048 0.593342 0.764145 0.968382 0.979857 0.637936 0.355545 0.954383 0.535081 0.345083 0.288314 0.441489
0.233915 0.590077 0.743233 0.909168 0.967174 0.650284 0.306496 0.993129 0.506502 0.318671 0.257084 0.469061
0.326714 0.564964 0.682161 0.944645 0.919485 0.712612 0.239472 0.905608 0.507448 0.386692 0.384923 0.420949
0.334325 0.628244 0.809513 1.015600 1.133737 0.663829 0.233906 0.939921 0.497927 0.264268 0.279079 0.416412
0.288222 0.557765 0.715176 0.973964 0.932541 0.673733 0.174473 1.042532 0.566066 0.374701 0.344651 0.420293
0.405137 0.557359 0.726832 0.931387 0.985200 0.655259 0.251936 0.977783 0.539917 0.270443 0.358056 0.416853
0.252877 0.586405 0.869795 1.050700 1.013092 0.691497 0.271845 0.970073 0.457423 0.333174 0.331852 0.478815
0.233340 0.500436 0.730078 1.013878 1.008648 0.803603 0.263731 1.036310 0.619657 0.316518 0.295284 0.396575
0.270486 0.493876 0.755049 1.027575 1.063447 0.654510 0.187069 0.968651 0.540078 0.419796 0.306936 0.481560
0.275565 0.549314 0.732402 1.057988 0.969803 0.650899 0.322157 1.019630 0.493220 0.391452 0.283928 0.495619
0.274661 0.571667 0.710435 0.952103 0.936803 0.611309 0.295397 0.929180 0.558854 0.318660 0.358298 0.494517
0.375383 0.562658 0.739051 0.909749 0.935547 0.746428 0.229618 1.055206 0.599867 0.364858 0.294821 0.391153
0.348730 0.498113 0.668762 0.894805 0.937440 0.683753 0.266357 0.955079 0.558935 0.351894 0.274763 0.442185
0.325369 0.540845 0.750950 0.991130 0.980511 0.652536 0.232233 0.973461 0.517682 0.310153 0.265659 0.461694
0.225765 0.371786 0.729574 0.895959 0.993332 0.769011 0.259574 1.106282 0.502310 0.389707 0.348307 0.488209
0.373009 0.517211 0.779381 0.974997 0.952701 0.697633 0.295488 0.947445 0.558728 0.286361 0.358697 0.462283
0.284873 0.488787 0.712722 0.899690 0.996323 0.677499 0.267192 0.978507 0.512020 0.461861 0.338233 0.490964
0.359367 0.569351 0.786295 0.970382 0.968096 0.655963 0.277470 0.897231 0.484115 0.350310 0.399234 0.390042
0.379515 0.545660 0.738446 0.959429 0.895726 0.764527 0.158058 0.938201 0.555649 0.380515 0.388765 0.377122
0.420168 0.672228 0.765003 1.008859 1.062936 0.650048 0.273702 0.903371 0.576349 0.371019 0.409950 0.521543
0.283348 0.502117 0.697938 0.922456 0.896438 0.712338 0.355737 0.993245 0.567385 0.442753 0.299064 0.541695
0.272632 0.630630 0.800673 0.931287 0.966959 0.607108 0.158561 1.054513 0.587367 0.329755 0.295940 0.448317
0.295104 0.573587 0.679443 1.011744 0.934300 0.688117 0.374211 0.995853 0.545944 0.347983 0.296358 0.430569
0.327250 0.532906 0.733339 1.011231 1.042847 0.636849 0.315490 0.916635 0.531857 0.367739 0.311334 0.414265
0.366700 0.474996 0.724343 0.864085 1.036678 0.737352 0.193546 0.990451 0.512151 0.347946 0.273370 0.476882
0.360778 0.599886 0.728637 1.004180 1.057066 0.692022 0.282536 0.985229 0.537623 0.376785 0.336000 0.365149
0.381836 0.506311 0.735136 1.008799 0.961537 0.636406 0.261490 0.867994 0.433734 0.351493 0.359109 0.489852
0.219048 0.588860 0.764776 0.977712 0.850897 0.726137 0.269883 0.977891 0.569189 0.384256 0.452290 0.395687
0.311675 0.561215 0.762987 0.872398 0.995684 0.684389 0.198334 0.961282 0.443415 0.399471 0.324958 0.423355
0.350451 0.602879 0.824216 1.018555 0.971866 0.715801 0.234436 0.930860 0.509653 0.376480 0.324023 0.328400
0.366090 0.602144 0.744817 0.956101 1.003888 0.676395 0.264247 0.958117 0.554190 0.263334 0.282396 0.425851
