1000 12 350
0.187138 0.288218 0.440188 0.677328 0.571143 0.965534 0.695580 0.738173 0.342173 0.814466 -0.084169 0.136326
0.249023 0.276109 0.375662 0.630818 0.662513 0.898425 0.573605 0.749828 0.422168 0.791020 0.037562 0.033381
0.269021 0.257598 0.396973 0.630190 0.634894 0.955720 0.527208 0.725856 0.349251 0.780221 -0.024031 0.065982
0.226956 0.388394 0.443615 0.595101 0.571032 0.875152 0.636515 0.724271 0.411407 0.770169 -0.002831 0.059812
0.224500 0.283992 0.438904 0.660390 0.612366 0.917975 0.500359 0.700981 0.451122 0.812560 0.049874 0.027194
0.263904 0.315918 0.436229 0.603989 0.653494 0.920113 0.653901 0.655377 0.404087 0.845793 -0.035736 0.160441
0.264118 0.263308 0.272284 0.687902 0.646076 0.852726 0.509980 0.757141 0.478387 0.805537 0.062494 0.066241
0.148536 0.313208 0.498392 0.617422 0.578748 0.874687 0.491684 0.796813 0.395992 0.828880 0.056999 0.038385
0.282942 0.287923 0.456914 0.675323 0.574504 0.989335 0.563636 0.707761 0.448819 0.798716 -0.009684 0.070683
0.175259 0.338991 0.427513 0.670239 0.580463 0.890213 0.654081 0.749233 0.371269 0.747919 -0.026984 0.101147
0.167879 0.291920 0.421691 0.695402 0.738330 0.937653 0.578222 0.843282 0.458746 0.793756 -0.004891 0.137028
0.216417 0.293685 0.497609 0.709016 0.694699 0.906137 0.567934 0.738452 0.382847 0.847750 -0.000763 0.092680
0.253828 0.312192 0.486008 0.643120 0.653885 1.002649 0.566362 0.799620 0.404606 0.788086 0.015687 0.039696
0.221509 0.268720 0.399159 0.685976 0.683947 0.949691 0.601834 0.705807 0.420469 0.854440 0.053346 0.015644
0.196637 0.395481 0.458280 0.661328 0.571440 0.978166 0.528326 0.767699 0.401180 0.732450 0.004886 0.069092
0.253852 0.310955 0.408933 0.630752 0.632410 0.933323 0.631955 0.783721 0.464782 0.770360 -0.010449 0.079024
0.227825 0.286563 0.536314 0.658299 0.557488 0.926944 0.628753 0.737378 0.371929 0.822786 0.090427 0.046791
0.186376 0.366165 0.568825 0.592752 0.565909 0.969192 0.514701 0.717150 0.399378 0.712491 0.134119 0.055252
0.268297 0.291082 0.409863 0.527344 0.500755 0.978509 0.566515 0.734670 0.445287 0.847707 0.046996 0.055161
0.221738 0.233551 0.419207 0.616856 0.618794 1.003150 0.561078 0.690539 0.444110 0.838866 0.009178 0.049653
0.259566 0.278397 0.350540 0.671958 0.618124 0.960152 0.602482 0.698166 0.298922 0.816214 0.014660 0.050504
0.199174 0.251452 0.410551 0.753547 0.587394 0.956504 0.543683 0.788899 0.388897 0.827039 0.168883 0.055169
0.178513 0.250201 0.525661 0.740001 0.605427 0.887065 0.474595 0.728831 0.440986 0.824498 0.090062 0.054947
0.228893 0.317978 0.301075 0.695057 0.614737 0.922883 0.571048 0.855767 0.387450 0.919437 0.002708 0.098577
0.226067 0.313673 0.444402 0.768677 0.595650 0.893993 0.546922 0.703397 0.365249 0.864915 0.038741 0.084678
0.222267 0.343071 0.315489 0.675963 0.703825 0.894363 0.632995 0.782817 0.395522 0.849897 -0.058600 -0.020144
0.174943 0.233149 0.450971 0.600656 0.610327 0.890408 0.610043 0.727374 0.431490 0.801827 -0.005785 0.062827
0.250669 0.325983 0.428971 0.666948 0.690579 0.873916 0.600353 0.773349 0.486115 0.813782 0.055766 0.051245
0.228195 0.310102 0.431729 0.669297 0.643121 0.880026 0.555399 0.723950 0.405108 0.879788 0.047315 0.050206
0.317212 0.351818 0.365365 0.635763 0.595994 0.845353 0.547953 0.791041 0.381119 0.813369 0.060858 0.086859
0.272739 0.203513 0.355996 0.652523 0.521346 0.893151 0.467753 0.776684 0.434800 0.793808 0.114958 0.047730
0.078113 0.373907 0.420267 0.587732 0.689365 0.881300 0.637398 0.684491 0.443907 0.762938 0.010511 0.120863
0.219646 0.379078 0.510291 0.670222 0.600605 0.887870 0.610069 0.743446 0.434547 0.872478 0.137920 0.001772
0.227921 0.359112 0.308411 0.637077 0.657962 0.875727 0.531739 0.788257 0.407588 0.829792 -0.001562 0.053329
0.142119 0.333727 0.375187 0.742659 0.647199 0.922776 0.535114 0.782867 0.459213 0.754045 0.047683 0.071457
0.250029 0.338221 0.446017 0.626929 0.578023 0.962253 0.653082 0.753798 0.443483 0.787023 -0.001034 0.047298
0.204628 0.418394 0.362791 0.738771 0.656533 0.959705 0.491202 0.795645 0.351173 0.810227 0.083244 0.051443
0.214661 0.301965 0.428820 0.616261 0.697342 0.948552 0.563673 0.748523 0.453498 0.737983 -0.015326 0.145553
0.157153 0.324900 0.460201 0.734604 0.550669 0.866073 0.543376 0.755758 0.411388 0.823956 -0.040163 0.037321
0.209397 0.257649 0.407137 0.777457 0.640913 0.822231 0.446740 0.793916 0.367181 0.805766 0.008348 0.055792
0.221259 0.286255 0.401177 0.666711 0.602113 0.912616 0.514929 0.709445 0.415419 0.713641 0.028457 0.096279
0.223944 0.369363 0.319949 0.546120 0.574601 0.918476 0.609297 0.623392 0.386608 0.712548 -0.033217 0.058283
0.216939 0.316181 0.412466 0.704548 0.596254 0.943491 0.585949 0.703268 0.351393 0.817804 0.065545 0.115034
0.271903 0.323345 0.475037 0.602046 0.641843 0.872373 0.581256 0.700245 0.378786 0.788807 -0.011955 0.085357
0.212444 0.270834 0.333569 0.706978 0.590735 0.881437 0.618206 0.733198 0.476315 0.785215 -0.033572 0.027524
0.135995 0.362713 0.397586 0.600936 0.653052 0.946008 0.646321 0.718834 0.355877 0.857068 -0.002829 0.097783
0.270639 0.379519 0.401820 0.667881 0.575348 0.960248 0.481708 0.742452 0.289972 0.788382 0.043439 0.198006
0.246855 0.287160 0.375368 0.613889 0.682255 0.893955 0.594564 0.669971 0.448604 0.899143 0.039881 0.019370
0.305117 0.313302 0.355491 0.668102 0.673029 0.877783 0.495770 0.665760 0.301999 0.735031 0.063594 0.162248
0.177296 0.371672 0.430718 0.697471 0.599559 0.840336 0.587787 0.664452 0.412412 0.798217 0.010568 0.087278
0.234000 0.247020 0.500104 0.697615 0.685532 1.010919 0.559744 0.755191 0.438217 0.795736 0.010593 0.067162
0.212808 0.270484 0.439061 0.668608 0.612487 1.041138 0.674685 0.725860 0.388848 0.833262 -0.006208 0.022836
0.127445 0.340438 0.413491 0.603285 0.570833 0.941882 0.652478 0.741492 0.345797 0.763673 -0.111650 0.076989
0.175094 0.333901 0.409676 0.616908 0.489948 0.934877 0.550351 0.775040 0.389082 0.768688 0.077756 0.140791
0.208283 0.304115 0.321713 0.715788 0.629518 0.917628 0.512455 0.731445 0.413530 0.723402 -0.013680 0.129771
0.165247 0.272308 0.427563 0.618394 0.680569 0.849629 0.517640 0.655155 0.373794 0.810279 0.020297 0.119295
0.079724 0.244303 0.435193 0.563252 0.669427 0.963281 0.572082 0.718422 0.402654 0.797728 -0.051660 0.071524
0.270010 0.362170 0.384205 0.635701 0.650982 0.914479 0.585996 0.607269 0.401787 0.753567 0.081637 0.071748
0.213321 0.321933 0.342967 0.610320 0.560800 0.869274 0.536131 0.714973 0.475395 0.758202 0.028015 0.040252
0.203624 0.376474 0.428387 0.642706 0.629195 0.805444 0.604239 0.717649 0.420926 0.808080 0.059221 0.038159
0.267226 0.297650 0.367369 0.708471 0.636766 0.941033 0.657437 0.653884 0.374142 0.758838 -0.023908 0.065015
0.259607 0.287638 0.447356 0.634007 0.563100 0.922331 0.503704 0.688606 0.424717 0.824434 -0.036910 0.081434
0.181488 0.370560 0.406221 0.680414 0.583925 0.920413 0.576292 0.888672 0.416572 0.762881 0.031370 0.057992
0.299228 0.290277 0.362662 0.656197 0.597172 0.870072 0.526085 0.771367 0.394892 0.772029 0.038745 0.172961
0.246860 0.328932 0.448921 0.670639 0.655428 0.875490 0.674745 0.745648 0.428901 0.765436 -0.059228 0.061594
0.176824 0.315259 0.461774 0.659464 0.516165 0.938438 0.599150 0.723933 0.466459 0.826072 0.022668 0.097832
0.217903 0.402412 0.422436 0.696459 0.611713 0.842335 0.609085 0.750232 0.341646 0.757089 -0.025762 0.103084
0.189852 0.296146 0.316999 0.746684 0.513739 0.956483 0.675828 0.760069 0.547051 0.830709 0.064773 0.052225
0.184171 0.307520 0.511231 0.654654 0.675596 0.944072 0.615390 0.702446 0.357464 0.819297 -0.056726 0.048708
0.191236 0.290077 0.432364 0.682710 0.589226 0.909732 0.527690 0.720097 0.397651 0.783452 0.024920 0.040303
0.164732 0.290549 0.313670 0.780652 0.575930 1.015343 0.526143 0.862103 0.449043 0.820665 -0.014098 0.130209
0.199939 0.316021 0.470522 0.602572 0.621315 0.833388 0.521431 0.646698 0.430748 0.751728 0.057305 0.039469
0.201251 0.378345 0.411772 0.615273 0.602948 0.910795 0.642797 0.712945 0.437434 0.790568 0.096245 0.017908
0.225580 0.296645 0.444200 0.576200 0.581155 0.964439 0.564147 0.778540 0.408731 0.800688 0.025268 0.019671
0.251623 0.289905 0.502179 0.664195 0.581223 0.949999 0.532966 0.841076 0.395101 0.818371 -0.011260 0.013789
0.279450 0.281369 0.435557 0.614063 0.567787 0.895443 0.544818 0.738205 0.372043 0.822257 0.072102 0.032053
0.272434 0.326126 0.462558 0.615237 0.675261 0.955918 0.480474 0.813537 0.419701 0.927926 0.101291 0.121468
0.232798 0.288566 0.488312 0.697882 0.656544 0.921545 0.560469 0.789362 0.394713 0.872750 0.080846 0.034690
0.200842 0.243161 0.431320 0.608064 0.592443 0.946311 0.663147 0.661870 0.361088 0.805859 0.049656 -0.004340
0.243723 0.356548 0.455621 0.579980 0.541217 0.900912 0.532451 0.649301 0.358078 0.805367 0.059812 0.070647
0.262996 0.384497 0.441853 0.674221 0.559265 0.942784 0.630396 0.670508 0.449226 0.818997 0.017005 -0.006458
0.211834 0.312337 0.462124 0.697740 0.598535 1.021777 0.495925 0.767936 0.394905 0.792473 0.022561 0.155688
0.277108 0.338669 0.448612 0.608325 0.635735 0.996239 0.609007 0.775699 0.384830 0.926907 -0.003823 0.000272
0.272540 0.314998 0.458172 0.684305 0.627445 1.003011 0.631501 0.776593 0.396006 0.840710 0.059829 0.035944
0.223717 0.355690 0.478356 0.742897 0.635012 0.969345 0.588117 0.723011 0.337876 0.797337 0.057725 0.068613
0.262618 0.331196 0.423879 0.596076 0.571725 0.990652 0.543866 0.754363 0.407135 0.808025 -0.000934 0.060070
0.169331 0.285433 0.428277 0.649388 0.790517 0.951057 0.594565 0.761233 0.326825 0.852743 0.005878 0.121573
0.221836 0.273426 0.388297 0.640353 0.572886 0.920841 0.612445 0.650266 0.387444 0.883238 -0.074764 0.025024
0.153170 0.416033 0.428101 0.577598 0.635256 0.939559 0.595150 0.791065 0.384504 0.763651 -0.033458 0.012034
0.271306 0.270961 0.437420 0.608020 0.504446 0.946682 0.563175 0.661650 0.489165 0.816721 0.068876 0.121910
0.217364 0.322953 0.478179 0.706000 0.652206 0.875242 0.567334 0.656303 0.436340 0.856290 0.113076 0.071554
0.316337 0.287609 0.284338 0.608238 0.574048 0.889836 0.552884 0.862182 0.404307 0.831458 -0.075049 0.119314
0.265250 0.365483 0.398140 0.768283 0.598868 0.982269 0.616833 0.666977 0.410945 0.735820 -0.007616 0.088885
0.206455 0.329385 0.415165 0.734912 0.535099 0.967090 0.577414 0.712912 0.449294 0.791985 0.035529 0.075285
0.177794 0.345073 0.405865 0.736532 0.554495 0.955408 0.637694 0.696401 0.344636 0.806559 0.051719 0.164794
0.159667 0.234576 0.481149 0.640461 0.591399 0.926977 0.519966 0.689846 0.494114 0.831558 0.088440 0.083471
0.277240 0.283524 0.384366 0.564906 0.583675 0.942255 0.589046 0.698834 0.366961 0.757013 -0.069588 0.026589
0.190986 0.294234 0.366633 0.642130 0.644353 1.008173 0.539589 0.822459 0.485791 0.796547 -0.013703 0.126816
0.267543 0.305508 0.409655 0.741788 0.557195 0.934241 0.517295 0.679098 0.354255 0.777004 0.039589 0.098057
0.255213 0.366886 0.427874 0.736541 0.624141 0.836064 0.659326 0.738244 0.358486 0.788901 -0.034302 0.013420
0.255058 0.356012 0.367784 0.633890 0.651568 0.928306 0.613299 0.708437 0.399867 0.733419 0.026160 0.049778
0.173068 0.324980 0.464535 0.692668 0.647288 0.894222 0.604548 0.775254 0.520827 0.730371 -0.008163 0.068550
0.244380 0.358804 0.432560 0.601687 0.620356 0.932854 0.617418 0.764298 0.354579 0.836488 0.032242 0.023522
0.229368 0.372146 0.449228 0.601021 0.709925 1.028652 0.545752 0.800443 0.435041 0.737327 -0.012683 -0.024008
0.178805 0.352815 0.338470 0.695299 0.649641 0.878517 0.580149 0.691349 0.379276 0.835765 0.024023 0.118642
0.205467 0.257679 0.436787 0.700661 0.610634 0.972665 0.418381 0.762982 0.405308 0.774916 0.024099 -0.035705
0.311500 0.187322 0.390531 0.724561 0.585397 0.946819 0.502876 0.762568 0.323317 0.777598 0.010365 0.030479
0.161024 0.317998 0.463175 0.705849 0.680848 0.938175 0.544681 0.769986 0.431717 0.903652 0.017128 0.093762
0.279558 0.244751 0.391097 0.665504 0.600906 0.989378 0.700196 0.706180 0.404367 0.815308 0.051301 0.091233
0.238840 0.371465 0.424727 0.629590 0.638070 0.965627 0.632889 0.747367 0.313222 0.798125 0.013124 0.107778
0.136103 0.303228 0.468389 0.601428 0.647896 1.035965 0.637425 0.701207 0.388316 0.749291 0.004471 0.088771
0.233517 0.382639 0.334141 0.634262 0.616039 0.949886 0.588987 0.642132 0.448594 0.779006 -0.013514 -0.033026
0.275592 0.309071 0.459560 0.638125 0.559519 1.018791 0.619481 0.729891 0.471148 0.765483 0.058806 0.041714
0.259135 0.356875 0.396191 0.702749 0.649371 0.999172 0.471020 0.821116 0.414367 0.826877 0.133935 0.131628
0.294375 0.271400 0.430625 0.657427 0.646092 0.933946 0.493531 0.702876 0.421733 0.780164 0.032854 -0.017756
0.233932 0.302595 0.502745 0.702405 0.529477 0.879192 0.547836 0.756180 0.324223 0.811587 0.001246 0.064989
0.180253 0.322695 0.356392 0.569806 0.615264 0.881145 0.694376 0.655769 0.374480 0.764750 0.025439 0.122531
0.176663 0.328888 0.430211 0.624869 0.633005 0.954859 0.544255 0.665671 0.442841 0.813679 -0.006985 0.143601
0.211421 0.350412 0.258593 0.682111 0.577367 0.980987 0.534824 0.707391 0.361712 0.785038 -0.051873 0.021191
0.170475 0.391506 0.394952 0.648139 0.593762 0.757764 0.540645 0.706075 0.392612 0.749228 0.000264 0.067989
0.133439 0.402269 0.444244 0.680716 0.569324 0.920588 0.560629 0.718750 0.464012 0.831918 0.025004 0.035189
0.197968 0.347600 0.434859 0.675806 0.665670 0.935549 0.578688 0.801659 0.387360 0.746353 0.111221 0.110967
0.190717 0.267913 0.371421 0.605447 0.675171 0.926245 0.578686 0.780439 0.407120 0.827082 -0.048694 0.144566
0.294385 0.327750 0.369567 0.678268 0.614732 0.946460 0.586748 0.725837 0.419633 0.740685 0.110687 -0.021796
0.262304 0.363121 0.396835 0.694345 0.644452 0.829528 0.610507 0.736385 0.385781 0.793487 -0.008735 -0.012015
0.178524 0.345221 0.462650 0.650121 0.543637 0.893626 0.612541 0.678401 0.440383 0.830273 -0.049821 -0.014600
0.220187 0.315724 0.358084 0.704514 0.618199 0.949220 0.555807 0.742273 0.312284 0.707315 0.088735 0.072832
0.162888 0.367311 0.390721 0.744224 0.635621 0.890312 0.601280 0.837025 0.418665 0.791053 0.020132 0.005101
0.194200 0.332408 0.464011 0.618248 0.664972 0.798926 0.510323 0.711709 0.405774 0.839750 0.013466 0.102212
0.256991 0.275045 0.369407 0.668231 0.666023 0.915168 0.554830 0.735355 0.390171 0.845501 -0.029543 0.058055
0.270185 0.361704 0.418867 0.737556 0.613499 0.956836 0.572902 0.844572 0.393767 0.814698 0.026283 0.072148
0.223525 0.261102 0.471477 0.628680 0.644396 0.911066 0.534147 0.752658 0.358143 0.754046 0.057832 0.090599
0.281579 0.357575 0.306552 0.737971 0.607708 0.928144 0.605895 0.822031 0.518785 0.794906 -0.016289 0.030317
0.246033 0.200000 0.468605 0.722082 0.581943 0.921879 0.521890 0.674142 0.302203 0.752513 0.040613 0.055389
0.277249 0.299697 0.395338 0.723526 0.549395 0.925292 0.602116 0.777738 0.373771 0.837180 0.009430 0.089504
0.252109 0.313555 0.320292 0.640981 0.698559 0.928775 0.656428 0.704519 0.405824 0.807520 0.084568 -0.039541
0.255817 0.332917 0.400431 0.688127 0.582866 0.907666 0.650613 0.759856 0.419879 0.825440 0.026952 0.064919
0.191802 0.277670 0.433111 0.624060 0.564908 1.016679 0.565100 0.745342 0.377290 0.767819 -0.017507 0.080494
0.262247 0.309051 0.435612 0.647937 0.693005 0.894473 0.581485 0.668767 0.439800 0.909684 0.032205 0.027850
0.261559 0.266476 0.522192 0.705995 0.604777 0.950688 0.600444 0.814161 0.365093 0.713430 -0.055176 0.038818
0.250564 0.305801 0.353254 0.732026 0.691501 0.897358 0.718047 0.776563 0.333577 0.705893 0.016378 0.073018
0.160827 0.251310 0.319094 0.591359 0.626436 0.935493 0.571616 0.729407 0.408409 0.725915 0.006758 0.137189
0.190562 0.269127 0.353949 0.648420 0.693814 0.855965 0.592301 0.604598 0.391197 0.876761 0.098407 0.093255
0.144473 0.282467 0.397496 0.727955 0.553109 0.916694 0.561560 0.753126 0.437973 0.803360 0.023379 0.099959
0.181077 0.215579 0.386897 0.647605 0.602840 0.967335 0.659494 0.661133 0.415840 0.868907 -0.089879 0.058463
0.280103 0.326747 0.401045 0.610708 0.592190 0.866338 0.572431 0.711433 0.420883 0.743822 0.048404 0.105550
0.201255 0.378078 0.470208 0.668140 0.664357 0.944226 0.634823 0.646906 0.434387 0.856271 0.054034 0.113222
0.211337 0.276231 0.454852 0.643242 0.666960 0.852714 0.623541 0.734939 0.440433 0.768236 0.001636 0.088090
0.219923 0.355513 0.427934 0.721302 0.584324 0.956868 0.585820 0.850748 0.343566 0.769066 0.049089 0.085731
0.103865 0.262046 0.343872 0.686356 0.585857 0.850987 0.573174 0.785291 0.432877 0.798294 -0.026109 0.125591
0.235536 0.283089 0.444808 0.687866 0.632575 0.964885 0.569259 0.807112 0.420735 0.803175 -0.010500 0.101469
0.324332 0.314502 0.450017 0.631826 0.581429 0.936583 0.452114 0.766442 0.487450 0.815055 0.000951 0.100229
0.227130 0.338214 0.475906 0.627116 0.566568 0.930859 0.648893 0.715074 0.373641 0.736382 0.051238 0.033430
0.209155 0.265565 0.503883 0.629498 0.630351 0.954963 0.584387 0.782878 0.433076 0.782794 -0.110904 0.116158
0.255949 0.353686 0.429426 0.697859 0.527255 1.005019 0.616011 0.775922 0.378664 0.762688 -0.034779 0.140603
0.224607 0.306526 0.345682 0.625437 0.560098 0.998278 0.580504 0.779978 0.344788 0.756766 0.050572 0.083909
0.258560 0.308307 0.422224 0.635457 0.668630 0.995803 0.574268 0.580610 0.437165 0.723192 -0.010454 0.179970
0.295709 0.335997 0.354986 0.648737 0.651580 1.015776 0.496454 0.647029 0.516226 0.820107 -0.064358 0.024769
0.168642 0.327734 0.322874 0.733003 0.648912 0.884553 0.571129 0.765981 0.375005 0.775200 -0.025390 0.104028
0.284811 0.197992 0.410460 0.681911 0.628830 0.851659 0.594522 0.736732 0.462968 0.802396 0.169669 0.165470
0.187553 0.268246 0.421781 0.573761 0.580520 0.976337 0.555845 0.770424 0.412091 0.797121 -0.009820 0.071823
0.239638 0.314078 0.440629 0.701713 0.624635 0.937746 0.617000 0.756535 0.345852 0.830376 -0.035876 0.025233
0.216009 0.365225 0.472739 0.653257 0.618718 0.890797 0.507635 0.675564 0.382137 0.820735 0.025292 0.063176
0.240641 0.319923 0.466968 0.544297 0.636700 0.997540 0.641744 0.668410 0.420876 0.941605 0.071425 0.109026
0.196268 0.221437 0.364097 0.675838 0.556121 0.983789 0.580333 0.729927 0.374714 0.841150 0.057768 -0.051527
0.188626 0.314758 0.454702 0.668182 0.603567 0.915649 0.599640 0.766697 0.492648 0.712629 0.069498 0.026548
0.244129 0.310418 0.471518 0.607444 0.602902 1.001485 0.505351 0.744192 0.394288 0.874225 -0.001221 0.111244
0.232214 -0.055001 0.698346 0.739214 0.051892 0.494343 0.218935 0.605436 0.332382 0.849789 0.818911 0.194592
0.211789 -0.042165 0.649052 0.658457 0.060459 0.483483 0.347358 0.706131 0.309018 0.890966 0.715913 0.156158
0.267173 -0.044431 0.741377 0.680988 0.026558 0.525500 0.196320 0.610820 0.371235 0.888514 0.670215 0.145550
0.186531 -0.098043 0.750831 0.663139 0.086319 0.389676 0.360421 0.684588 0.281930 0.933908 0.742419 0.136577
0.255644 0.016995 0.770578 0.605995 0.046450 0.561927 0.239152 0.737116 0.235520 0.985037 0.689937 0.120311
0.302496 0.027760 0.733512 0.686620 0.055072 0.464193 0.304901 0.622560 0.226176 1.037605 0.758973 0.138207
0.296029 -0.047565 0.883197 0.686172 0.061139 0.350052 0.358391 0.622893 0.126838 0.930146 0.733478 0.197705
0.251527 -0.042784 0.760790 0.725225 0.040917 0.445057 0.288442 0.655865 0.320135 0.888496 0.719696 0.208436
0.263718 -0.019856 0.780935 0.716554 0.089895 0.464835 0.215819 0.614921 0.297599 0.924852 0.690764 0.179721
0.236784 -0.016829 0.707077 0.722908 0.093423 0.476581 0.371687 0.668667 0.232010 0.962333 0.757794 0.125797
0.283741 0.022729 0.714241 0.670983 0.028695 0.438619 0.243035 0.641682 0.292710 0.996648 0.768311 0.187755
0.236759 -0.021916 0.786730 0.670439 0.071007 0.483825 0.363757 0.770378 0.258185 0.854964 0.685037 0.181540
0.255741 0.071478 0.728218 0.699751 0.004191 0.433983 0.286234 0.683233 0.226716 0.900173 0.653604 0.145067
0.290690 0.030125 0.665570 0.665321 0.056044 0.416581 0.176997 0.726827 0.339414 0.882047 0.760623 0.073941
0.292951 0.023431 0.758256 0.710367 0.096179 0.562982 0.323093 0.637746 0.232834 0.948311 0.707493 0.153864
0.311164 -0.008210 0.753504 0.723117 0.001968 0.416445 0.285114 0.723705 0.297023 0.858081 0.770621 0.146485
0.231852 0.016880 0.740582 0.679885 0.028104 0.514982 0.272870 0.689152 0.336570 0.936136 0.745410 0.153104
0.246187 -0.016987 0.754774 0.790526 0.118712 0.452099 0.291891 0.697227 0.258049 0.841603 0.733495 0.204399
0.247077 0.013440 0.753377 0.747733 0.065359 0.347250 0.284828 0.733426 0.157798 0.952671 0.702977 0.066865
0.201178 0.009750 0.742829 0.639638 0.024735 0.559786 0.380583 0.630976 0.315729 0.930810 0.708918 0.100753
0.228044 0.039574 0.700145 0.704971 0.021615 0.436437 0.259753 0.617620 0.239094 0.965770 0.763729 0.168217
0.209842 0.021659 0.766163 0.743721 -0.016327 0.467697 0.412805 0.589708 0.336404 0.874802 0.780607 0.174680
0.178794 0.058623 0.782471 0.672755 0.041122 0.508450 0.333017 0.707663 0.267721 0.911894 0.750789 0.280522
0.152789 -0.036361 0.704099 0.784263 -0.048346 0.468508 0.278326 0.685549 0.300801 0.957870 0.707240 0.129503
0.237452 0.056095 0.806200 0.739955 0.062228 0.477546 0.278839 0.724913 0.246441 0.895101 0.733088 0.135862
0.215676 0.003029 0.724719 0.671307 0.044443 0.453782 0.368166 0.630946 0.269204 0.886049 0.707437 0.212205
0.230328 0.041072 0.689407 0.701937 0.095028 0.386756 0.326381 0.678404 0.195440 0.951985 0.739133 0.179436
0.155777 0.025501 0.778710 0.682984 -0.032910 0.301234 0.390396 0.650923 0.247784 0.965202 0.780105 0.223759
0.301384 0.002611 0.698811 0.640051 0.070737 0.412182 0.280308 0.720286 0.263487 0.984497 0.774300 0.192961
0.274564 -0.039597 0.794116 0.656816 0.066210 0.394461 0.323106 0.646733 0.327761 0.898138 0.695542 0.232889
0.205760 -0.008523 0.768869 0.692712 0.114113 0.400494 0.226003 0.621829 0.330012 0.803648 0.744697 0.110836
0.233620 -0.002771 0.781275 0.752248 0.031358 0.480529 0.258523 0.684422 0.267771 1.023245 0.737324 0.102707
0.275956 -0.022101 0.799005 0.691949 0.138631 0.469981 0.286102 0.762735 0.206802 0.915230 0.733916 0.144919
0.264400 -0.030560 0.751715 0.682865 0.096382 0.408292 0.246656 0.633485 0.249172 0.937451 0.722796 0.148483
0.298618 -0.027949 0.687727 0.793949 0.076242 0.370850 0.333375 0.654596 0.182494 0.906224 0.780511 0.194492
0.273311 0.005490 0.716570 0.670466 0.022409 0.499323 0.240581 0.687399 0.265206 1.014067 0.660568 0.139034
0.215856 0.016999 0.760339 0.676944 0.135068 0.395699 0.353939 0.621018 0.188336 0.981209 0.725096 0.087401
0.237313 0.002257 0.659251 0.780992 0.045718 0.438873 0.295508 0.797274 0.287972 0.911496 0.751669 0.114778
0.241512 -0.013216 0.672751 0.684160 -0.020744 0.557738 0.318486 0.646551 0.260759 0.920293 0.706582 0.157153
0.308180 -0.028269 0.776452 0.720184 0.048897 0.402506 0.302865 0.688762 0.261460 0.926357 0.807947 0.154154
0.256236 0.056037 0.715389 0.735392 0.153152 0.478246 0.322933 0.697696 0.234526 0.853553 0.688535 0.068998
0.243701 -0.030617 0.660478 0.670297 0.021823 0.502437 0.302787 0.639299 0.227052 0.907635 0.713094 0.135787
0.286021 -0.071834 0.802164 0.664819 0.165779 0.441285 0.270991 0.603723 0.250681 0.936001 0.688824 0.164687
0.281971 0.058572 0.726908 0.741451 0.007758 0.399465 0.371169 0.672380 0.275014 0.969520 0.721635 0.160220
0.127874 0.051082 0.746682 0.738139 0.044229 0.527827 0.211212 0.683755 0.281939 0.932100 0.673362 0.249963
0.255701 0.062475 0.755272 0.661105 0.113148 0.533999 0.297018 0.782470 0.229579 0.900754 0.758151 0.242540
0.253304 0.031803 0.685681 0.744180 0.041206 0.415134 0.214143 0.726620 0.342839 1.014762 0.792563 0.136175
0.206367 -0.012319 0.684987 0.684503 0.133169 0.477905 0.349030 0.594017 0.234477 0.937815 0.710267 0.136982
0.303614 0.044547 0.708301 0.601443 0.041850 0.416734 0.353589 0.634350 0.383776 0.880042 0.718794 0.117405
0.144492 0.007016 0.728515 0.700528 0.034175 0.467076 0.357425 0.641867 0.256148 0.933677 0.694325 0.220396
0.226163 -0.036202 0.760987 0.647902 0.062640 0.443876 0.240861 0.606111 0.200122 0.921687 0.784619 0.111758
0.258458 0.069041 0.773222 0.721832 0.084481 0.458285 0.315003 0.574835 0.279802 0.888670 0.662625 0.166559
0.272535 -0.038068 0.697488 0.721291 0.117655 0.433961 0.309037 0.762349 0.219406 0.804221 0.652542 0.176421
0.179875 -0.006747 0.719519 0.699423 0.057908 0.432571 0.305479 0.671896 0.311823 0.939627 0.836485 0.141740
0.243956 0.004371 0.704461 0.680613 0.135949 0.480338 0.336628 0.562758 0.265080 0.976721 0.747408 0.104080
0.223673 -0.018636 0.666016 0.643187 0.042524 0.450142 0.229054 0.637387 0.274630 0.921198 0.689174 0.089142
0.270438 0.005205 0.714698 0.738880 0.053235 0.486629 0.282951 0.646958 0.319047 0.850439 0.781641 0.185678
0.239419 -0.010910 0.773839 0.701646 0.055999 0.478554 0.294683 0.697060 0.242899 0.977768 0.721193 0.231634
0.268164 -0.013949 0.753694 0.738870 0.039944 0.451338 0.220596 0.653032 0.280230 0.953470 0.687023 0.145747
0.220916 -0.007397 0.842722 0.702654 0.147932 0.518735 0.235182 0.639267 0.280784 0.955979 0.737255 0.154286
0.222968 -0.017958 0.747183 0.698820 0.088003 0.466503 0.284156 0.703207 0.286104 1.035559 0.787457 0.182776
0.182375 0.036100 0.762826 0.639863 0.105288 0.409979 0.339657 0.622925 0.361745 0.930116 0.757972 0.236503
0.184974 0.021652 0.818794 0.636450 0.032447 0.395131 0.376132 0.705800 0.379285 0.849454 0.721019 0.107181
0.275213 0.048499 0.668246 0.597592 0.113883 0.443326 0.316655 0.632846 0.275972 0.946086 0.788765 0.164282
0.323362 0.015137 0.786055 0.760364 0.033444 0.481632 0.271225 0.658814 0.246151 0.855561 0.754393 0.161238
0.157546 -0.017714 0.709511 0.768579 0.105797 0.429056 0.336328 0.621323 0.340344 0.844018 0.658164 0.096490
0.283661 0.045475 0.825530 0.706911 -0.032014 0.454074 0.222519 0.691494 0.351598 0.973588 0.677702 0.085531
0.219270 -0.069223 0.764293 0.781979 0.044635 0.490697 0.218332 0.681011 0.194373 0.969388 0.716486 0.119509
0.343467 -0.021442 0.709920 0.736989 0.128130 0.398075 0.302325 0.639975 0.240252 0.858365 0.740380 0.122869
0.167623 -0.021153 0.805506 0.575895 0.067592 0.454090 0.271364 0.625063 0.276836 0.985438 0.735259 0.133323
0.262918 0.048736 0.725239 0.648692 0.037929 0.434579 0.248220 0.616669 0.314378 0.879129 0.738153 0.065259
0.296694 -0.021958 0.721014 0.731240 0.091117 0.479729 0.357381 0.601872 0.212375 0.866454 0.695499 0.088071
0.264302 -0.069424 0.737364 0.617842 0.063718 0.503114 0.435363 0.605610 0.307434 0.894746 0.772314 0.147898
0.182940 0.003566 0.767727 0.687532 0.070691 0.344123 0.309231 0.669414 0.184390 0.999640 0.744394 0.189894
0.161731 0.058843 0.704181 0.655186 -0.017984 0.515217 0.305545 0.640898 0.237153 0.893345 0.697160 0.220029
0.319609 -0.016200 0.822911 0.704746 0.119771 0.445015 0.246580 0.632747 0.246928 0.964677 0.682365 0.088020
0.270124 -0.049917 0.726447 0.753526 0.042261 0.472301 0.345148 0.690255 0.206178 0.896457 0.762957 0.139357
0.247199 0.013475 0.736265 0.660887 0.125576 0.456622 0.301669 0.682453 0.193910 0.899639 0.778094 0.191257
0.254393 -0.015047 0.749779 0.677846 -0.014587 0.375443 0.320699 0.630413 0.282979 0.896852 0.637177 0.133006
0.311621 0.039490 0.748966 0.611794 0.008253 0.411523 0.299390 0.624514 0.263613 0.971740 0.757931 0.114150
0.274312 0.010779 0.667932 0.633786 0.007295 0.460254 0.251738 0.675087 0.210250 0.974489 0.771825 0.127730
0.262022 -0.098787 0.748915 0.597479 0.134708 0.562369 0.324729 0.537947 0.206177 0.955397 0.700064 0.105379
0.219220 -0.078213 0.756409 0.707152 0.057469 0.485058 0.330389 0.687229 0.318992 0.928313 0.796086 0.157267
0.286398 -0.057039 0.683916 0.777236 0.067321 0.470193 0.281244 0.641273 0.241681 0.949770 0.687003 0.191871
0.325466 -0.074339 0.680132 0.586652 0.005431 0.530196 0.238465 0.673898 0.345485 0.924258 0.684258 0.045354
0.175429 -0.027326 0.834203 0.728442 0.026999 0.474753 0.284901 0.691778 0.231314 0.909628 0.672994 0.069820
0.221281 0.064146 0.725085 0.695821 0.070623 0.458458 0.250516 0.642282 0.215227 0.927726 0.732931 0.245835
0.277703 0.062689 0.735212 0.782319 0.123360 0.400960 0.340569 0.685309 0.203126 0.997750 0.703331 0.228951
0.188891 0.018346 0.644200 0.676787 0.043701 0.464342 0.268717 0.605862 0.251787 0.954686 0.888391 0.128767
0.276596 0.017374 0.797335 0.672125 0.107144 0.463499 0.326323 0.654409 0.270095 0.950672 0.678899 0.102346
0.308712 -0.009660 0.694124 0.719163 0.067879 0.454870 0.325014 0.738170 0.257345 0.978109 0.830774 0.174804
0.224940 0.030792 0.822291 0.695701 0.050951 0.481273 0.294469 0.666391 0.208057 1.029696 0.667767 0.173752
0.242567 -0.007800 0.714619 0.640378 0.068552 0.436058 0.238556 0.707817 0.294030 0.823378 0.737741 0.103744
0.202420 0.066829 0.763862 0.556108 0.080094 0.444669 0.400858 0.588124 0.261586 0.961093 0.788701 0.212914
0.301325 0.104497 0.707074 0.716834 0.034859 0.415046 0.397550 0.742882 0.284756 0.919419 0.740662 0.249693
0.215219 0.021739 0.784000 0.726656 0.014775 0.498217 0.308639 0.612253 0.273780 0.895790 0.716827 0.051485
0.237433 -0.043107 0.662787 0.727411 0.167339 0.484551 0.281072 0.639913 0.290877 0.861717 0.718058 0.046254
0.285823 -0.010068 0.715653 0.646128 0.097743 0.434112 0.250480 0.641169 0.318026 0.907791 0.732706 0.100941
0.261167 0.006892 0.740857 0.736673 0.030191 0.543465 0.223290 0.588568 0.229257 0.845807 0.798384 0.185030
0.318068 0.010851 0.680423 0.687647 0.105590 0.476007 0.368467 0.640748 0.245747 0.984779 0.781614 0.143178
0.231038 -0.059879 0.779998 0.601217 0.092800 0.534388 0.302986 0.626796 0.235505 0.980990 0.783361 0.134403
0.276918 0.066846 0.762904 0.682290 0.120521 0.428408 0.403485 0.655889 0.182318 0.988450 0.735972 0.218248
0.203223 0.098751 0.809540 0.741173 0.066982 0.357895 0.333321 0.693087 0.213020 0.920048 0.781185 0.140339
0.260114 -0.007552 0.733813 0.678995 0.104684 0.438484 0.309035 0.694219 0.265499 0.815823 0.619551 0.196476
0.267066 -0.007609 0.758310 0.695160 0.076263 0.430209 0.438940 0.661594 0.280354 0.898391 0.797342 0.187741
0.214809 -0.003470 0.760251 0.663824 -0.018145 0.418788 0.305307 0.605218 0.144708 0.907746 0.752955 0.107885
0.276168 -0.060825 0.711946 0.632996 0.109627 0.443271 0.368977 0.716916 0.250846 0.921538 0.663494 0.178280
0.286432 -0.010907 0.699924 0.724268 0.096295 0.433077 0.215749 0.676811 0.346619 0.974984 0.639037 0.193739
0.268097 0.117683 0.726060 0.747703 0.019152 0.448495 0.328013 0.624636 0.213669 0.904845 0.715289 0.128218
0.279680 -0.083036 0.764796 0.654116 0.117740 0.389685 0.319516 0.665724 0.207960 0.958403 0.771403 0.232815
0.195015 -0.000327 0.727343 0.708133 0.165774 0.457417 0.343849 0.693478 0.220731 0.918629 0.682460 0.163066
0.232427 0.044432 0.843251 0.745862 0.020333 0.311885 0.301081 0.718780 0.265875 0.927345 0.828514 0.188279
0.223027 0.000842 0.681697 0.735022 0.091892 0.436008 0.267810 0.693769 0.338936 0.993919 0.717202 0.248720
0.233817 -0.059325 0.693411 0.767220 0.055749 0.437580 0.285313 0.667588 0.274674 0.976518 0.726113 0.186238
0.227941 -0.026244 0.771921 0.624739 0.080551 0.499530 0.315814 0.702345 0.395948 0.922336 0.826178 0.192807
0.251635 -0.018690 0.647719 0.705150 0.095492 0.517502 0.316414 0.682030 0.194139 0.895866 0.716023 0.136729
0.192352 0.094574 0.738484 0.713251 0.117870 0.465787 0.289219 0.675292 0.233991 0.921677 0.777812 0.138680
0.178743 0.020669 0.821253 0.634969 0.060600 0.444661 0.286325 0.655922 0.247787 0.864325 0.695290 0.239136
0.275289 -0.009838 0.740913 0.682319 0.003784 0.356036 0.289337 0.661375 0.202016 0.901804 0.801685 0.201825
0.208494 0.014966 0.746761 0.667830 0.093081 0.378723 0.387584 0.682435 0.316739 0.989007 0.703669 0.125724
0.104609 0.071648 0.810479 0.664142 0.066606 0.442550 0.256098 0.623643 0.368027 0.963780 0.694961 0.119574
0.211856 0.004154 0.653416 0.716313 0.044503 0.422564 0.300000 0.666854 0.275480 0.939390 0.733313 0.241357
0.291173 0.025669 0.825334 0.622628 0.083198 0.476918 0.312708 0.624428 0.254864 0.925371 0.766015 0.182070
0.225688 0.065857 0.757904 0.623358 0.071489 0.447048 0.286154 0.738870 0.310974 0.941799 0.731874 0.148394
0.251829 -0.038618 0.782017 0.687269 0.158733 0.398042 0.343243 0.707949 0.264232 0.965901 0.720659 0.079348
0.220304 -0.025824 0.806417 0.793609 0.075937 0.455105 0.319854 0.624742 0.325216 0.891146 0.728360 0.234490
0.232389 -0.068533 0.774475 0.803904 -0.036311 0.433621 0.263299 0.557595 0.304461 0.978718 0.697448 0.197277
0.279020 -0.016631 0.740516 0.749001 0.086607 0.421476 0.316427 0.633035 0.277581 0.845246 0.782365 0.087623
0.206913 0.086825 0.686915 0.571969 0.055699 0.400662 0.308455 0.624082 0.252210 0.902033 0.760691 0.157714
0.293596 -0.006068 0.748502 0.693628 0.131106 0.470155 0.317878 0.723409 0.274437 0.900095 0.786330 0.167339
0.283184 0.100819 0.664717 0.657823 -0.011225 0.538835 0.234135 0.767762 0.347596 0.979767 0.706739 0.180153
0.206194 0.099713 0.801377 0.692608 0.041895 0.431014 0.367654 0.697521 0.288249 0.968703 0.641889 0.145889
0.253043 0.039703 0.796632 0.763586 -0.000651 0.516965 0.201547 0.748601 0.270908 1.009724 0.782628 0.194595
0.239609 -0.025919 0.742700 0.676918 0.101666 0.493598 0.321273 0.637872 0.283366 0.997706 0.743364 0.169796
0.313713 -0.007903 0.716531 0.641893 0.045213 0.518892 0.332456 0.665549 0.309755 0.986597 0.767911 0.113391
0.169582 -0.009122 0.683727 0.742205 0.174211 0.391493 0.287721 0.676819 0.284835 0.852764 0.733311 0.103150
0.307199 0.078797 0.794632 0.748568 0.043960 0.418329 0.369881 0.663208 0.311537 1.000636 0.821846 0.073816
0.171222 -0.019394 0.770590 0.679305 0.098767 0.500524 0.315823 0.733241 0.234127 0.910945 0.767698 0.207708
0.241702 0.024527 0.728951 0.717725 0.046879 0.428733 0.286649 0.657802 0.289154 0.992738 0.705719 0.154579
0.233049 0.031893 0.726767 0.733000 0.086905 0.517548 0.340716 0.558423 0.219029 0.951775 0.601245 0.198499
0.369053 0.075324 0.748592 0.756155 0.059478 0.421754 0.249076 0.643899 0.232737 0.971034 0.783263 0.125191
0.223290 0.009505 0.659278 0.642772 -0.007317 0.426397 0.254429 0.644622 0.252475 0.940773 0.724295 0.048207
0.275951 -0.011265 0.751682 0.768572 0.088590 0.437330 0.288270 0.678740 0.345710 0.940169 0.818956 0.069885
0.211474 0.006086 0.606605 0.608449 -0.023392 0.369834 0.271042 0.553147 0.339677 0.990981 0.728912 0.153499
0.225288 -0.007155 0.718567 0.606259 0.141619 0.478935 0.350692 0.682931 0.241365 0.903354 0.863492 0.123629
0.226959 0.028349 0.714362 0.609596 -0.023932 0.388332 0.311299 0.529948 0.243534 0.926168 0.738763 0.218200
0.283942 0.054727 0.755281 0.597762 0.021208 0.480750 0.362479 0.594678 0.164129 0.908462 0.752148 0.094073
0.239227 0.049735 0.787322 0.639184 0.078879 0.497472 0.268219 0.673381 0.139524 0.895551 0.745210 0.102806
0.224403 -0.024872 0.752671 0.681396 0.051442 0.414187 0.268919 0.711118 0.266699 0.930635 0.755157 0.240598
0.223715 -0.041769 0.717929 0.724785 0.071869 0.401317 0.305974 0.694263 0.351311 0.824305 0.741279 0.123793
0.247939 -0.005976 0.736022 0.646692 0.060695 0.486438 0.271447 0.648224 0.241535 0.910465 0.666409 0.157811
0.177435 -0.100046 0.680629 0.705343 0.089675 0.463173 0.282386 0.699196 0.322834 1.004395 0.611548 0.117476
0.161800 -0.009645 0.824635 0.689556 0.004598 0.367400 0.318719 0.667840 0.285656 0.936718 0.641531 0.154410
0.336505 -0.005494 0.683904 0.684139 0.052245 0.382845 0.266189 0.671230 0.291436 0.872663 0.744518 0.113792
0.254648 0.072011 0.647643 0.737688 0.051396 0.398645 0.285147 0.709856 0.270582 0.877494 0.727656 0.099589
0.278368 -0.035795 0.741344 0.659510 0.088458 0.385557 0.347574 0.711447 0.271977 0.782817 0.791472 0.193500
0.192327 0.031558 0.811736 0.672953 0.029915 0.486887 0.313354 0.694387 0.309809 0.896464 0.742248 0.218510
0.235253 0.029530 0.763458 0.672498 -0.000665 0.508149 0.369418 0.714851 0.284986 0.882842 0.691803 0.130273
0.366032 0.069487 0.819999 0.709599 -0.012509 0.387984 0.197512 0.773005 0.289416 0.955156 0.737580 0.123426
0.220201 -0.046293 0.799488 0.693762 0.052591 0.528793 0.303532 0.662651 0.229792 0.905708 0.734597 0.171307
0.194230 0.023288 0.754103 0.587808 0.048987 0.418590 0.282531 0.684953 0.290776 1.033981 0.654096 0.193972
0.231962 0.030107 0.787497 0.718403 0.166803 0.523934 0.242892 0.708303 0.256020 0.900229 0.718988 0.220727
0.254714 -0.021816 0.712364 0.688892 0.069575 0.449882 0.307839 0.747040 0.269953 0.873657 0.694829 0.173136
0.228773 0.039678 0.753552 0.750587 0.095789 0.445074 0.352802 0.721765 0.324838 0.950273 0.725074 0.121240
0.207612 0.077109 0.748799 0.665643 0.033046 0.453893 0.167888 0.554204 0.263220 0.904754 0.813232 0.186653
0.167903 -0.009997 0.673879 0.643976 0.101782 0.563641 0.212791 0.674630 0.314436 0.909850 0.730218 0.173060
0.272760 -0.136033 0.737191 0.719887 0.062654 0.441540 0.327073 0.624087 0.355147 0.913015 0.722997 0.146852
0.197965 -0.066332 0.730700 0.711141 0.043329 0.501346 0.247297 0.618163 0.204062 0.943872 0.711993 0.140427
0.237600 0.018488 0.737303 0.722732 0.097168 0.507646 0.297523 0.646763 0.243939 0.949810 0.807832 0.233606
0.274701 -0.056754 0.756032 0.677767 -0.037140 0.496022 0.213563 0.653649 0.282260 0.981513 0.744958 0.138785
0.238130 -0.064977 0.721870 0.750409 0.013790 0.430588 0.354461 0.599372 0.255144 0.952910 0.771582 0.170679
0.258248 -0.046147 0.672135 0.727320 0.081576 0.430582 0.282046 0.745272 0.260890 1.009199 0.679292 0.123558
0.357299 0.117636 0.751545 0.740879 0.070904 0.448163 0.341628 0.677110 0.194103 0.854582 0.662229 0.051108
0.191595 -0.067386 0.724274 0.785869 0.106499 0.448366 0.323689 0.702925 0.238191 0.936363 0.656029 0.142382
0.280066 0.030326 0.745677 0.684690 0.023503 0.336972 0.367067 0.688189 0.288747 0.902299 0.636924 0.161735
0.192783 -0.088515 0.777572 0.679737 0.114683 0.511242 0.335004 0.598790 0.244297 0.882765 0.806185 0.169545
0.296093 0.015942 0.768832 0.621758 0.001680 0.474932 0.324701 0.656405 0.250240 0.950841 0.689922 0.020730
0.242200 0.027816 0.759436 0.640681 0.067320 0.445945 0.295785 0.654420 0.331578 0.891677 0.582242 0.158060
0.268760 -0.050859 0.647574 0.640259 0.079309 0.438818 0.286201 0.659928 0.233353 0.900073 0.695458 0.068933
0.197327 0.039764 0.744229 0.697584 0.085406 0.508742 0.316869 0.697706 0.295047 0.905859 0.648057 0.075413
0.192529 -0.020512 0.684691 0.676538 0.128646 0.343421 0.311117 0.742995 0.315475 0.932380 0.661995 0.094160
0.259674 -0.015955 0.727154 0.714441 0.035351 0.421246 0.360398 0.709110 0.315550 0.960012 0.802529 0.094422
0.243424 -0.051319 0.767434 0.638923 0.035621 0.395305 0.381152 0.700470 0.240784 0.944433 0.702828 0.206712
0.239779 -0.075064 0.646243 0.662767 0.043939 0.461378 0.300078 0.660572 0.233883 0.977107 0.730617 0.154915
0.235768 0.029366 0.645231 0.605920 -0.002452 0.429080 0.300230 0.723823 0.226396 0.973136 0.722559 0.200697
0.216380 0.001289 0.778666 0.678187 0.118158 0.445161 0.285537 0.723255 0.285436 0.994298 0.727248 0.208830
0.370605 0.017949 0.662290 0.617159 0.185681 0.363653 0.324306 0.585474 0.296493 0.947537 0.759305 0.150241
0.250921 -0.076662 0.766245 0.707308 0.042911 0.413028 0.325967 0.615372 0.221948 0.924053 0.796356 0.210112
0.300828 0.060228 0.694620 0.701579 -0.025745 0.535422 0.238478 0.607992 0.246835 0.912137 0.836563 0.119515
0.328288 -0.055815 0.814315 0.758605 0.044146 0.514591 0.244912 0.601457 0.245554 0.955212 0.669023 0.165168
0.205994 -0.026827 0.760715 0.731001 0.065240 0.441697 0.300337 0.611621 0.232500 0.922869 0.774214 0.222535
0.191692 0.045054 0.839296 0.615141 0.080137 0.475315 0.298285 0.638261 0.267835 0.944481 0.698433 0.104992
0.333194 -0.109199 0.855078 0.773450 0.022129 0.448100 0.328322 0.639906 0.177394 0.989093 0.777960 0.170339
0.235169 0.048013 0.746409 0.699977 0.043028 0.563834 0.294226 0.666006 0.234260 0.936438 0.661063 0.055251
0.246747 0.049317 0.740709 0.718357 0.061449 0.413879 0.241025 0.761804 0.255302 0.911585 0.801777 0.162599
0.274615 0.036539 0.771766 0.691641 -0.011950 0.362170 0.307169 0.642177 0.231475 0.872849 0.703219 0.138884
0.129349 -0.027224 0.686041 0.673311 0.137421 0.508502 0.307279 0.732816 0.238428 1.004983 0.788349 0.172666
0.204704 0.045697 0.803098 0.678831 0.220245 0.472084 0.259357 0.657979 0.333548 0.975623 0.819516 0.112213
0.158744 -0.069513 0.739668 0.570148 0.028739 0.466195 0.336617 0.639485 0.340515 1.027606 0.820045 0.057602
0.300409 -0.021518 0.744445 0.637579 0.091618 0.483431 0.380440 0.653360 0.290097 0.990833 0.779205 0.175082
0.266815 -0.007695 0.789766 0.666637 0.096472 0.510883 0.309889 0.623704 0.239750 0.896359 0.750879 0.144614
0.271086 0.093039 0.794508 0.555189 -0.012118 0.394886 0.295412 0.673449 0.209031 0.970987 0.727505 0.148866
0.325139 0.022555 0.746285 0.852272 0.002080 0.486421 0.364009 0.597168 0.295561 0.847744 0.742983 0.155541
0.164310 -0.052452 0.738282 0.704178 0.038821 0.410694 0.307632 0.654401 0.243099 0.944024 0.737680 0.121071
0.191658 -0.014570 0.774039 0.587846 0.135874 0.489961 0.322767 0.680699 0.296087 0.899404 0.705487 0.161327
0.268842 0.072846 0.783359 0.666984 0.109308 0.492359 0.315790 0.648224 0.268633 0.919359 0.722829 0.142296
0.226944 0.049062 0.791750 0.657764 0.065270 0.368949 0.317030 0.632605 0.235668 0.918345 0.681743 0.185839
0.250590 -0.063022 0.706493 0.721031 0.057455 0.496515 0.351766 0.646338 0.257838 0.954564 0.764977 0.111057
0.155429 0.000285 0.845358 0.670320 -0.003468 0.446458 0.308683 0.601492 0.299189 0.965293 0.740751 0.206683
0.132035 -0.042678 0.729874 0.656476 0.092585 0.464283 0.289472 0.719261 0.362737 0.914198 0.765483 0.131475
0.221090 -0.120982 0.752759 0.753338 0.063044 0.503998 0.341573 0.726886 0.349068 1.000121 0.691231 0.036157
0.203622 -0.000249 0.763764 0.654643 0.103698 0.494294 0.233967 0.655043 0.321502 0.864919 0.713995 0.121506
0.252288 -0.015478 0.782189 0.691414 -0.006320 0.525574 0.253651 0.594022 0.230885 0.861893 0.700777 0.177681
0.299666 -0.043222 0.790783 0.647390 0.098498 0.447896 0.274256 0.729817 0.245544 0.929803 0.760582 0.193308
0.220051 -0.092332 0.634255 0.709583 0.140801 0.503871 0.263921 0.689498 0.394830 0.882536 0.671852 0.083034
0.262979 0.001821 0.768076 0.644450 0.076620 0.424801 0.336847 0.676438 0.261758 0.864432 0.768516 0.186816
0.250077 0.003912 0.754174 0.605901 0.058221 0.518251 0.277454 0.639264 0.252685 0.935896 0.730829 0.067854
0.176095 0.126578 0.813658 0.782144 0.073773 0.385510 0.356464 0.636048 0.338337 0.971305 0.718551 0.152543
0.253504 0.101095 0.749270 0.702513 0.042646 0.397780 0.298875 0.694272 0.275372 0.985866 0.893123 0.255485
0.250729 0.007429 0.737998 0.780917 0.064637 0.411446 0.310281 0.664282 0.328420 1.017597 0.708683 0.200831
0.312717 0.069528 0.819672 0.784316 0.137294 0.429118 0.308766 0.691534 0.384024 0.833379 0.729099 0.119589
0.195716 -0.082014 0.714870 0.626606 0.093096 0.498435 0.297068 0.694165 0.227857 0.953576 0.792660 0.160585
0.175875 0.019648 0.754073 0.738537 -0.007356 0.432593 0.360173 0.585425 0.278595 0.993836 0.735321 0.151836
0.268153 0.041320 0.837307 0.727120 -0.021401 0.515943 0.287384 0.667008 0.254601 0.924967 0.685160 0.133185
0.189144 0.043945 0.744785 0.764037 0.089008 0.405294 0.408802 0.613606 0.314742 0.951170 0.684010 0.136587
0.292688 -0.008582 0.635154 0.645172 0.044158 0.519175 0.327029 0.622904 0.321946 1.011086 0.696470 0.153039
0.220378 0.035516 0.633040 0.729681 0.075495 0.432788 0.278361 0.680716 0.235093 0.908701 0.718415 0.071790
0.352241 -0.008615 0.822088 0.649329 0.038557 0.449907 0.371571 0.665837 0.383466 0.924648 0.742647 0.172465
0.241652 0.014641 0.781667 0.663740 0.054397 0.437284 0.250233 0.665435 0.206671 0.921462 0.784570 0.160654
0.136905 0.044060 0.702746 0.649145 0.023501 0.493640 0.368272 0.676221 0.238052 0.894667 0.799585 0.119449
0.236661 -0.011503 0.737719 0.653981 -0.002260 0.421542 0.225640 0.576811 0.293364 0.951596 0.809845 0.232305
0.218766 0.000255 0.723072 0.748940 0.082926 0.408818 0.287941 0.710521 0.379201 0.884815 0.744712 0.171255
0.229520 -0.036240 0.719205 0.712476 0.074868 0.458711 0.340323 0.626482 0.290633 1.045010 0.701613 0.180313
0.211421 0.094853 0.783162 0.730105 0.044948 0.394286 0.286896 0.713448 0.256689 0.965856 0.806053 0.139015
0.220972 -0.049984 0.774006 0.673923 0.088730 0.491691 0.297850 0.687921 0.222447 0.965244 0.653809 0.154096
0.218601 0.018851 0.762647 0.707483 0.098447 0.465562 0.319447 0.643228 0.259661 0.922384 0.675560 0.154194
0.260445 -0.040679 0.634185 0.669200 0.031157 0.458127 0.297688 0.653899 0.272258 0.980735 0.703337 0.165854
0.187147 0.010163 0.743513 0.702293 0.026510 0.479593 0.366453 0.625834 0.202203 0.930543 0.819865 0.164974
0.261605 -0.006102 0.697687 0.658942 0.102674 0.443128 0.261678 0.618598 0.262381 0.948254 0.747627 0.163094
0.258930 0.139812 0.800241 0.749969 0.023205 0.478385 0.321323 0.657311 0.263436 0.986434 0.707480 0.098735
0.261595 -0.052147 0.798226 0.677862 0.110199 0.543566 0.260383 0.682283 0.269524 0.834377 0.715936 0.237560
0.258630 -0.052804 0.707968 0.731481 0.134077 0.393801 0.231694 0.671339 0.178618 0.974861 0.791651 0.111435
0.215786 0.022985 0.704382 0.714198 0.086507 0.402787 0.285208 0.690764 0.286216 0.889463 0.718493 0.153373
0.292384 -0.051784 0.689973 0.702054 0.082540 0.392599 0.290938 0.725457 0.245050 0.851881 0.701058 0.113255
0.193513 0.044512 0.695021 0.686728 0.065211 0.389932 0.297661 0.644981 0.318854 0.948956 0.803495 0.069526
0.235206 0.019131 0.763473 0.721586 0.054959 0.428736 0.289096 0.698375 0.186471 0.923599 0.738209 0.092679
0.217847 0.105913 0.777913 0.673428 0.081812 0.379976 0.290424 0.679228 0.213002 0.891884 0.799104 0.193367
0.240571 -0.011938 0.750820 0.732161 0.038996 0.378064 0.211501 0.740999 0.182372 0.898900 0.774918 0.109283
0.225417 0.007283 0.676581 0.614264 0.074708 0.465460 0.293485 0.686742 0.194227 0.933605 0.761963 0.062806
0.196908 -0.068561 0.715431 0.651413 0.016691 0.474247 0.383463 0.685267 0.256025 0.976266 0.725266 0.156970
0.206021 0.029608 0.804667 0.694883 0.172480 0.446713 0.283035 0.588853 0.271556 0.916434 0.836003 0.183518
0.308713 -0.035802 0.657452 0.686441 0.001007 0.528512 0.239089 0.698512 0.272039 0.889270 0.686803 0.070519
0.267051 -0.030583 0.679866 0.736995 0.061785 0.470201 0.329637 0.632952 0.357944 0.979501 0.666998 0.141593
0.199766 0.025040 0.789826 0.709890 0.089071 0.444230 0.282453 0.647868 0.236135 0.908535 0.846781 0.127299
0.206595 0.035251 0.727053 0.627463 0.051620 0.450869 0.318970 0.660292 0.275298 0.844015 0.756895 0.143570
0.239553 -0.042081 0.753045 0.725380 0.060164 0.413377 0.360823 0.729589 0.258048 0.923773 0.757298 0.071343
0.255528 -0.100976 0.777753 0.666754 0.076574 0.435339 0.305155 0.740519 0.311961 0.940058 0.736053 0.119728
0.251447 0.033812 0.779670 0.608597 0.019470 0.465781 0.264449 0.643578 0.291828 0.946972 0.730979 0.210236
0.287585 0.054232 0.694842 0.692239 0.092297 0.458868 0.319429 0.624020 0.356094 0.861142 0.623374 0.163560
0.245931 -0.026130 0.781288 0.632046 0.078795 0.473527 0.284373 0.612238 0.253444 0.861751 0.633714 0.155300
0.229245 -0.098688 0.716753 0.623833 -0.020345 0.416061 0.310471 0.732077 0.208794 0.945426 0.733490 0.152310
0.182969 -0.062055 0.705228 0.704279 0.088369 0.364728 0.284205 0.572589 0.326009 0.918429 0.800540 0.078649
0.240356 0.043305 0.719484 0.601962 0.066240 0.465337 0.446018 0.716948 0.278789 0.946793 0.715183 0.174300
0.294931 -0.030354 0.760036 0.671200 0.035041 0.475571 0.263490 0.728483 0.283158 0.963645 0.753057 0.113624
0.211819 0.074650 0.726872 0.746436 0.117760 0.369947 0.336202 0.701698 0.290419 0.989106 0.735912 0.075954
0.246090 0.078015 0.725078 0.702449 0.059617 0.447100 0.274705 0.634751 0.232149 0.877435 0.778199 0.109527
0.238693 0.004525 0.797733 0.637759 0.167859 0.548356 0.306100 0.615127 0.320509 0.851791 0.702355 0.178997
0.300610 0.009397 0.737332 0.720818 0.104339 0.402870 0.231414 0.651776 0.259321 0.862075 0.792478 0.171925
0.194923 -0.009468 0.782627 0.702356 0.025918 0.436314 0.322841 0.782175 0.257966 0.951299 0.779577 0.218029
0.209184 0.062848 0.751175 0.716419 0.077403 0.508268 0.212043 0.668539 0.178168 0.906642 0.707195 0.165902
0.239287 -0.035452 0.752775 0.617900 0.084275 0.376994 0.298044 0.686874 0.223779 1.044850 0.774504 0.216641
0.275678 -0.127724 0.711078 0.735582 0.065180 0.503984 0.201093 0.642309 0.316374 0.917244 0.694057 0.145720
0.224782 -0.037236 0.746317 0.675347 0.023022 0.401873 0.353842 0.681561 0.265458 0.972307 0.746239 0.190342
0.341688 -0.017914 0.754664 0.660986 0.057954 0.494895 0.329730 0.648084 0.266287 0.977773 0.674950 0.199895
0.270037 0.132004 0.756133 0.685688 0.126735 0.452584 0.221131 0.654562 0.355306 0.968720 0.773563 0.128994
0.237789 0.011857 0.770914 0.677421 0.076077 0.374591 0.241811 0.630578 0.237793 0.960158 0.791505 0.213614
0.130745 0.086827 0.718256 0.742288 0.137793 0.499577 0.304898 0.611689 0.245773 0.859686 0.801335 0.176048
0.205178 -0.002218 0.747631 0.724515 0.044193 0.411968 0.250083 0.749895 0.251316 0.986202 0.720472 0.119791
0.279136 0.026068 0.748116 0.667550 0.090047 0.526928 0.353748 0.581032 0.301959 0.894547 0.797664 0.102829
0.224834 -0.023633 0.768266 0.772284 0.093237 0.481530 0.228651 0.677538 0.197454 0.941133 0.758346 0.114603
0.295328 -0.042320 0.711347 0.704665 0.155659 0.490393 0.303175 0.565765 0.175325 0.931648 0.774673 0.175064
0.254076 0.029213 0.797280 0.722227 0.079405 0.472229 0.254152 0.764078 0.333621 0.987053 0.669532 0.131356
0.189012 0.054648 0.731896 0.706389 0.087732 0.369963 0.318594 0.690839 0.257842 0.919379 0.779390 0.218823
0.194582 -0.072741 0.739491 0.749890 0.002020 0.489783 0.274170 0.763046 0.268406 0.908280 0.850656 0.244000
0.305926 -0.102648 0.757936 0.750764 0.085528 0.522560 0.304672 0.659966 0.263035 0.924946 0.803558 0.088598
0.224633 0.017200 0.786468 0.746322 0.086680 0.470876 0.262900 0.619338 0.271639 0.899018 0.706287 0.074293
0.235987 0.017538 0.798429 0.730002 0.042478 0.504789 0.368718 0.679442 0.303088 0.886526 0.740847 0.163383
0.292005 0.029005 0.668310 0.624889 -0.009818 0.433224 0.212539 0.729469 0.254904 0.982302 0.780499 0.229772
0.218179 -0.052161 0.732202 0.700171 -0.016125 0.360044 0.405042 0.645359 0.258324 0.901504 0.722735 0.245857
0.211354 0.018189 0.742705 0.696447 0.023468 0.390715 0.311227 0.744865 0.196361 0.941968 0.696772 0.173655
0.220968 -0.029239 0.666848 0.736146 0.016613 0.391150 0.341466 0.612592 0.226286 0.960431 0.809739 0.160408
0.259349 -0.063794 0.699503 0.692871 0.011586 0.414530 0.333170 0.739669 0.302836 0.903329 0.828063 0.170489
0.240443 0.057106 0.747794 0.674883 0.082254 0.456475 0.201230 0.660361 0.305856 0.952114 0.673077 0.096147
0.176809 0.098523 0.741748 0.625949 0.047741 0.401672 0.253703 0.745939 0.347770 0.853310 0.676660 0.118784
0.226193 -0.007050 0.717443 0.760964 0.155724 0.430081 0.272825 0.694576 0.261030 0.969152 0.745171 0.030794
0.230006 -0.042496 0.763133 0.630760 0.019831 0.489075 0.274936 0.751370 0.302440 0.817299 0.725772 0.102925
0.299721 0.043948 0.767955 0.618127 0.038844 0.412003 0.347418 0.624157 0.289666 0.826776 0.720574 0.143417
0.299897 -0.064380 0.748896 0.712629 0.056287 0.486971 0.275730 0.703518 0.143447 0.943722 0.763437 0.163266
0.222302 0.006172 0.769204 0.682085 0.055720 0.516364 0.183715 0.684902 0.255777 0.884898 0.730167 0.098460
0.214517 -0.058832 0.722692 0.673686 0.031027 0.455426 0.286721 0.621733 0.256037 0.995735 0.775711 0.098099
0.218698 0.000942 0.707810 0.720424 0.035109 0.379058 0.398369 0.641377 0.318627 0.950694 0.736732 0.084938
0.172546 0.000988 0.776924 0.804423 0.078175 0.422013 0.308347 0.614419 0.257056 0.961981 0.747218 0.102180
0.262650 -0.046911 0.728336 0.671116 0.044610 0.397207 0.290736 0.640231 0.208150 0.857773 0.683698 0.094516
0.271905 -0.000347 0.721252 0.684847 -0.012743 0.345548 0.305975 0.673761 0.332250 0.800872 0.706867 0.157467
0.274680 0.031873 0.686597 0.650786 0.130030 0.467139 0.357652 0.693648 0.280277 0.976484 0.651633 0.125561
0.242004 0.030254 0.784358 0.655513 0.062336 0.443223 0.394829 0.723393 0.245239 0.806915 0.688826 0.164464
0.285970 0.061142 0.782284 0.695105 0.067145 0.547901 0.357844 0.510735 0.285208 0.903666 0.801638 0.241459
0.220489 -0.014798 0.747244 0.707155 0.066300 0.399721 0.280019 0.649459 0.263739 0.924832 0.800186 0.091136
0.225878 -0.011839 0.801204 0.695805 0.059304 0.505912 0.354741 0.649851 0.269661 0.941290 0.698036 0.208655
0.308776 -0.038811 0.742509 0.738516 0.134915 0.427844 0.338117 0.696528 0.348049 0.784551 0.790241 0.121095
0.212837 -0.002586 0.668391 0.757021 0.001343 0.441648 0.243688 0.649562 0.266352 0.866275 0.761106 0.113151
0.179788 -0.072410 0.810097 0.675835 0.016794 0.485448 0.230156 0.779335 0.205792 0.907641 0.736896 0.131673
0.288836 0.019282 0.780390 0.765488 0.170409 0.434007 0.224009 0.600771 0.313599 0.868316 0.738560 0.182265
0.182068 0.002526 0.740288 0.684729 0.014894 0.497122 0.281018 0.651867 0.318988 0.914762 0.735734 0.080234
0.300883 0.072140 0.726409 0.634185 0.055067 0.417003 0.315643 0.638504 0.214093 0.994381 0.662196 0.175657
0.288263 0.054730 0.765497 0.612694 0.084450 0.420882 0.311334 0.721265 0.219536 1.009368 0.712924 0.240569
0.195017 0.024782 0.715209 0.827191 0.105708 0.431525 0.295048 0.754820 0.268779 0.919013 0.716956 0.074537
0.229800 0.035265 0.736191 0.589940 0.068725 0.479471 0.319612 0.669428 0.199636 0.938734 0.756582 0.129184
0.317957 0.000165 0.819086 0.645220 0.110280 0.506019 0.247903 0.608281 0.287752 0.973526 0.595983 0.063360
0.283690 -0.041929 0.794069 0.668536 0.111958 0.341359 0.303449 0.701843 0.198006 0.993947 0.750738 0.154581
0.305183 0.015491 0.732235 0.702527 0.121084 0.499493 0.289718 0.668998 0.325807 1.054877 0.754635 0.045664
0.314990 0.018847 0.754523 0.687175 0.074213 0.499285 0.272664 0.612664 0.261271 0.960691 0.790076 0.223278
0.218973 0.076360 0.670909 0.642592 0.105152 0.527792 0.193363 0.680913 0.414440 0.991517 0.791887 0.174203
0.190750 -0.009316 0.755781 0.726189 -0.016938 0.479871 0.342304 0.711415 0.208444 1.004756 0.772738 0.198223
0.273628 0.044025 0.726043 0.649679 0.081227 0.420453 0.411878 0.670291 0.254256 0.924544 0.785362 0.133741
0.255241 -0.001779 0.662142 0.696224 0.110294 0.495057 0.329897 0.651920 0.259828 0.955913 0.689295 0.107741
0.344523 0.120681 0.768112 0.787687 0.071241 0.356882 0.256441 0.616548 0.374314 0.950930 0.814367 0.145792
0.127217 0.100773 0.616951 0.691747 0.097306 0.420841 0.405993 0.675174 0.231986 0.932525 0.744299 0.175404
0.275990 -0.004276 0.766969 0.750178 -0.006375 0.424621 0.315625 0.636142 0.326677 0.929774 0.717940 0.068283
0.235482 -0.087029 0.775663 0.635883 0.095646 0.396990 0.247305 0.665063 0.309292 0.925914 0.784589 0.131808
0.337143 -0.069680 0.816174 0.591858 0.051971 0.366719 0.272275 0.644676 0.260495 0.997599 0.690805 0.149307
0.306144 -0.036316 0.744711 0.797806 0.148311 0.432631 0.317496 0.640617 0.267038 0.957287 0.786533 0.095865
0.317578 0.049653 0.753106 0.762246 0.014262 0.463282 0.313905 0.644084 0.243200 0.940788 0.745745 0.092295
0.228964 0.048949 0.712941 0.675283 0.073648 0.462356 0.342292 0.793033 0.372026 0.876431 0.678331 0.191571
0.191052 0.233735 0.471781 0.040725 0.926085 0.615659 0.869445 0.929959 0.955765 0.320299 0.283569 0.340940
0.268451 0.202258 0.549876 -0.034066 0.844034 0.562181 0.848408 0.887769 0.934410 0.261498 0.347422 0.373064
0.277850 0.293081 0.470074 0.086342 0.948686 0.651529 0.915507 1.016293 0.954352 0.232343 0.314987 0.281868
0.198957 0.367431 0.556518 0.111849 0.973394 0.553825 0.835847 0.906557 1.030018 0.199280 0.200989 0.254868
0.149241 0.231942 0.347924 0.095812 0.907655 0.556208 0.798387 0.961489 0.959719 0.336265 0.330475 0.316501
0.231102 0.245306 0.427682 0.075780 0.882545 0.558703 0.826430 0.901818 0.910946 0.324812 0.325693 0.274731
0.245104 0.346274 0.526705 0.012887 0.877533 0.621668 0.824518 0.983437 0.920939 0.265232 0.334564 0.294451
0.209062 0.187396 0.420987 0.071452 0.899675 0.587325 0.879872 0.880891 0.871373 0.192128 0.236425 0.336203
0.273736 0.261186 0.515548 -0.012896 0.955727 0.679400 0.847474 0.838822 1.023922 0.377687 0.405991 0.352712
0.210798 0.305582 0.594706 -0.006934 0.930569 0.548106 0.845013 0.947462 0.931624 0.336310 0.350687 0.324376
0.104644 0.212798 0.560320 -0.001322 0.964489 0.631450 0.830479 1.008565 1.030446 0.174847 0.316135 0.298531
0.160857 0.258846 0.409545 0.052170 0.954924 0.576668 0.823426 0.916087 0.895266 0.245116 0.338583 0.380141
0.207061 0.285844 0.480692 0.046950 0.892082 0.599727 0.861125 1.001551 1.023342 0.304469 0.252272 0.347611
0.171847 0.198970 0.521681 0.071596 0.876965 0.602624 0.769077 0.956957 0.898997 0.299268 0.401924 0.385591
0.242788 0.164376 0.439122 0.119512 0.810861 0.715669 0.814587 0.883606 1.000376 0.188974 0.303567 0.409041
0.222839 0.270916 0.493575 0.033767 0.906689 0.531130 0.854553 0.909171 0.922361 0.244119 0.270057 0.292259
0.261082 0.294208 0.466773 0.005521 0.873258 0.696477 0.863658 1.062958 1.029466 0.222378 0.348282 0.398705
0.190931 0.289509 0.460962 0.042971 0.923245 0.682531 0.868798 0.807048 0.950088 0.339694 0.341597 0.374918
0.325457 0.244319 0.511463 0.073854 1.008073 0.715662 0.989335 0.915414 0.990249 0.312716 0.325076 0.317231
0.193223 0.220893 0.500459 -0.028964 0.904015 0.621458 0.859241 0.867818 1.051233 0.233673 0.370889 0.205362
0.187742 0.209005 0.491900 0.119052 0.836335 0.647053 0.855929 0.929660 1.007381 0.218716 0.274945 0.392090
0.232256 0.255213 0.483024 0.053439 0.970801 0.523907 0.870609 0.908751 0.935923 0.259584 0.346559 0.403391
0.253582 0.333982 0.456525 -0.012284 0.947143 0.556647 0.804716 0.908659 0.984480 0.255314 0.272146 0.385486
0.160605 0.243815 0.495498 0.012396 0.888579 0.589892 0.884417 0.849818 0.924516 0.323172 0.302386 0.324000
0.255698 0.297427 0.483310 0.077049 0.917525 0.650609 0.822545 0.855794 0.930557 0.217868 0.255566 0.342779
0.221290 0.202947 0.445608 0.080705 0.912441 0.698189 0.926359 0.903091 1.040116 0.230301 0.369454 0.405738
0.231098 0.177482 0.515221 0.047214 0.843250 0.619852 0.950546 0.867078 1.076804 0.307555 0.310868 0.370275
0.278555 0.296339 0.592974 0.152108 0.952964 0.552598 0.728970 0.938849 0.907593 0.217564 0.220869 0.373176
0.184415 0.318843 0.544176 0.064731 0.868548 0.562092 0.910687 0.912112 0.990461 0.239564 0.353985 0.323723
0.184490 0.270915 0.453924 0.016222 0.907759 0.637562 0.877687 0.885998 0.909215 0.320924 0.283443 0.425026
0.136345 0.287856 0.543819 -0.016693 0.915964 0.594557 0.792006 0.900678 0.960469 0.271775 0.404890 0.307570
0.257343 0.252780 0.513980 0.025020 0.829198 0.606873 0.932531 1.017821 0.961148 0.220031 0.423093 0.258434
0.243853 0.264286 0.531680 0.022843 0.849368 0.595022 0.891249 0.903119 0.932280 0.287899 0.378380 0.433510
0.255291 0.331183 0.443854 0.044308 0.888236 0.616105 0.856889 0.858549 1.038066 0.299292 0.281817 0.317391
0.243898 0.326298 0.484967 0.010563 0.894898 0.704612 0.786321 0.954686 0.976825 0.275786 0.365115 0.349829
0.186495 0.313296 0.451777 0.031123 0.925613 0.675218 0.843295 0.972948 0.935276 0.283940 0.251101 0.368251
0.156989 0.255610 0.481955 0.068978 0.941465 0.623041 0.803133 0.920577 0.930864 0.264572 0.255578 0.337152
0.112295 0.296742 0.543668 0.072468 0.837232 0.672164 0.925978 0.964264 0.926729 0.237040 0.386791 0.358297
0.273173 0.239829 0.463793 0.070146 0.790776 0.611493 0.908712 0.845131 0.999839 0.262347 0.281511 0.240588
0.233801 0.199261 0.491251 0.069946 0.881623 0.637548 0.841225 0.933103 0.948336 0.263788 0.278951 0.339016
0.200120 0.298321 0.421128 0.088139 0.919014 0.661621 0.869759 0.958920 0.882847 0.330194 0.343106 0.256456
0.178321 0.221143 0.456926 0.054375 0.868350 0.584594 0.788030 0.886625 0.984142 0.226099 0.314985 0.275611
0.140784 0.300769 0.499506 0.071199 0.932917 0.607525 0.892395 0.870459 0.916318 0.321194 0.302797 0.397580
0.204689 0.295372 0.422016 0.140764 1.008504 0.509947 0.777534 0.931318 0.923251 0.263442 0.296886 0.311818
0.175348 0.271088 0.510511 0.089135 0.759837 0.586725 0.797140 0.944133 1.025775 0.256788 0.331194 0.319676
0.245729 0.254225 0.543625 0.114939 0.845011 0.540203 0.867903 0.913958 0.909614 0.232959 0.258077 0.303893
0.288309 0.254056 0.568076 0.108243 0.827300 0.567245 0.902248 0.991955 0.987711 0.340919 0.336565 0.334924
0.222473 0.194074 0.492296 0.047537 0.945236 0.526540 0.823060 1.014126 1.015388 0.212712 0.253820 0.339897
0.176310 0.324722 0.511432 0.040403 0.828188 0.660649 0.947990 0.912128 0.936944 0.273358 0.355345 0.304862
0.204545 0.302867 0.552438 -0.052104 0.913766 0.666834 0.767681 0.995188 1.097044 0.274350 0.332409 0.392883
0.143470 0.257485 0.514941 0.052021 0.885064 0.657783 0.911401 0.950230 0.984573 0.241721 0.325678 0.359717
0.214148 0.234115 0.500626 0.075672 0.886728 0.644252 0.861602 0.858086 0.965493 0.350101 0.272843 0.326284
0.267730 0.126929 0.504026 0.151828 0.920298 0.665633 0.869994 0.974023 0.907915 0.252638 0.329670 0.325866
0.168546 0.259265 0.450037 0.068765 0.937948 0.562303 0.739282 1.041366 0.964559 0.321502 0.411050 0.466849
0.177058 0.277497 0.586084 0.188384 0.920590 0.603500 0.770863 0.917288 0.946688 0.231100 0.285528 0.415733
0.193646 0.311779 0.510395 -0.050259 0.942025 0.721933 0.834411 0.883160 0.924261 0.265851 0.255512 0.289435
0.123609 0.352038 0.481422 -0.035429 0.864126 0.742604 0.851089 0.944992 0.981606 0.265305 0.202478 0.316384
0.210689 0.270750 0.468651 0.014596 0.992804 0.686965 0.831787 0.929112 0.955556 0.259462 0.238956 0.365204
0.201869 0.278027 0.435423 0.066344 0.878707 0.677246 0.780668 0.909162 0.944239 0.369164 0.228504 0.303794
0.253001 0.237977 0.485313 -0.028286 0.843829 0.568129 0.916963 1.007777 0.883924 0.225745 0.386388 0.342978
0.238380 0.248217 0.470099 0.059271 0.952995 0.619714 0.858057 0.965528 0.998619 0.246011 0.321270 0.319487
0.154872 0.247875 0.453161 0.019203 0.834205 0.557903 0.911799 0.874081 1.007033 0.289903 0.222101 0.421058
0.128775 0.151727 0.506780 0.089864 0.898918 0.614879 0.823963 0.929891 1.052403 0.181837 0.311782 0.377151
0.268110 0.293003 0.476119 0.067092 0.899678 0.711927 0.853589 0.896791 1.015185 0.292442 0.315385 0.310736
0.236250 0.326611 0.588792 0.069485 0.960292 0.644345 0.958975 0.947533 0.978846 0.246300 0.345382 0.379854
0.279858 0.268851 0.489640 -0.029819 0.883571 0.585809 0.835357 0.891248 0.998538 0.276650 0.289967 0.384768
0.136926 0.134269 0.441262 0.078662 0.953838 0.567543 0.847833 0.913762 0.958853 0.232360 0.347212 0.373920
0.191690 0.238469 0.544051 0.063374 0.875669 0.528262 0.833131 0.895644 0.999845 0.317166 0.334241 0.318018
0.195990 0.311515 0.524105 0.053986 0.878058 0.567031 0.977724 0.896823 0.886609 0.260717 0.325490 0.368646
0.254853 0.282443 0.413000 0.076434 0.843702 0.575918 0.919943 0.862607 0.961230 0.233789 0.213594 0.255634
0.287378 0.360421 0.416691 0.116117 0.997098 0.634278 0.893076 0.946468 0.959984 0.273147 0.381668 0.308724
0.197096 0.246042 0.536673 0.111262 0.913362 0.592769 0.857856 0.971331 0.922501 0.254018 0.318566 0.306393
0.255770 0.295317 0.452537 0.146512 0.992649 0.568206 0.930505 0.926598 1.031492 0.181262 0.204195 0.333548
0.190526 0.210195 0.496799 0.050671 0.998830 0.657493 0.793730 0.847102 0.924569 0.402989 0.271750 0.343330
0.195444 0.223568 0.508436 0.064158 0.824109 0.594609 0.880925 0.897338 0.885493 0.285286 0.358346 0.330564
0.155652 0.254238 0.501052 0.110113 0.882198 0.595510 0.882250 0.923550 1.073553 0.209094 0.325340 0.239249
0.198723 0.289648 0.532584 0.140036 0.933794 0.631843 0.816266 0.920290 0.979225 0.323610 0.380925 0.330999
0.215685 0.203757 0.448038 0.072621 0.929417 0.589636 0.845364 0.942011 0.945367 0.345067 0.269395 0.415275
0.148376 0.256137 0.430990 0.050327 0.921129 0.631779 0.912634 0.943228 0.953747 0.328290 0.242196 0.361511
0.226905 0.170847 0.408979 0.079536 0.875234 0.660654 0.849186 0.973541 1.057556 0.259291 0.204513 0.279694
0.180081 0.258227 0.537287 0.002881 0.966997 0.637743 0.896831 0.963524 0.882655 0.240462 0.346021 0.268190
0.283340 0.252121 0.502827 0.046495 0.857327 0.599272 0.971146 0.865317 0.924207 0.278508 0.287110 0.336459
0.138914 0.288036 0.534799 0.099728 0.919723 0.607079 0.864137 0.869430 0.907171 0.316424 0.274180 0.372204
0.264620 0.289083 0.518844 0.054480 0.924842 0.518291 0.819548 0.905019 1.000187 0.195514 0.233086 0.334229
0.163324 0.255210 0.462477 0.010239 0.969448 0.562884 0.910957 0.952054 1.022667 0.310387 0.242087 0.362384
0.165184 0.257011 0.496814 0.135947 0.916677 0.599219 0.886038 0.853596 0.985550 0.169107 0.219477 0.365191
0.223340 0.303492 0.483063 0.053453 0.943289 0.589702 0.873142 0.892266 0.944465 0.296696 0.357482 0.253348
0.143896 0.252265 0.373004 0.058569 0.835415 0.544425 0.858906 0.845907 1.020006 0.187818 0.338981 0.262734
0.141408 0.327740 0.507593 0.075289 0.970866 0.591448 0.916257 0.942252 0.984800 0.255547 0.361403 0.403115
0.183286 0.301004 0.518419 0.145869 0.927270 0.514509 0.851696 1.027732 0.981935 0.264220 0.356236 0.306639
0.287069 0.250055 0.476030 0.034035 0.894444 0.640118 0.900622 0.922777 1.007233 0.272124 0.284625 0.380156
0.262722 0.214451 0.543110 0.054799 0.818576 0.663789 0.866138 0.995622 0.989486 0.345998 0.343266 0.329301
0.159825 0.235162 0.485441 -0.001342 0.892062 0.513489 0.839266 0.926312 0.925682 0.238383 0.331203 0.417858
0.117000 0.223665 0.393967 0.049837 0.902280 0.568370 0.900389 0.900396 0.939332 0.214341 0.245069 0.374890
0.196829 0.300106 0.518213 0.033521 0.860838 0.586674 0.811688 0.934569 1.004866 0.263284 0.335892 0.299548
0.210066 0.313431 0.473021 0.028885 0.840551 0.584901 0.936372 0.905786 0.948156 0.381151 0.370228 0.264306
0.191893 0.186115 0.514916 0.070196 0.882790 0.600756 0.923489 0.923513 1.022459 0.246728 0.344001 0.386383
0.157994 0.274308 0.463775 0.056311 0.875514 0.687270 0.816778 0.931508 1.008412 0.279137 0.373063 0.408228
0.303638 0.291861 0.420386 0.106521 0.899437 0.547419 0.760895 1.012867 0.933207 0.335104 0.207845 0.321430
0.137799 0.190287 0.516063 0.046416 0.940797 0.649638 0.876087 0.873424 0.947695 0.282123 0.378507 0.408149
0.231324 0.260324 0.493226 0.001112 0.949515 0.593669 0.869096 0.926138 0.948543 0.363533 0.350272 0.355545
0.180659 0.366442 0.435428 0.003279 0.809970 0.669043 0.937428 0.876173 0.998329 0.164213 0.391552 0.350338
0.297325 0.239482 0.528341 0.068232 0.909859 0.523991 0.891696 0.889271 0.939928 0.298119 0.333692 0.419319
0.215119 0.314878 0.392779 0.052011 0.908199 0.512572 0.894599 0.804027 0.968644 0.245717 0.237063 0.357385
0.238618 0.322405 0.499798 0.046923 0.859162 0.541221 0.787587 0.991498 0.856241 0.159315 0.430068 0.238730
0.198831 0.238470 0.524033 0.046072 0.967415 0.639243 0.774397 0.996153 1.002880 0.293471 0.257773 0.330467
0.214748 0.312265 0.508843 0.081485 0.839863 0.549583 0.807244 0.902684 0.959400 0.159278 0.370332 0.385409
0.183224 0.242070 0.450578 0.026099 0.836787 0.611793 0.882577 0.954459 1.015999 0.205243 0.334104 0.230693
0.298247 0.204674 0.478557 0.037002 0.883108 0.670977 0.883830 0.911151 0.909926 0.286962 0.311707 0.286689
0.216362 0.295010 0.460130 0.025245 0.924009 0.674940 0.847698 0.868778 0.947213 0.255078 0.276422 0.283912
0.230927 0.261446 0.468731 0.126142 0.843803 0.559444 0.837719 0.870785 1.014838 0.333501 0.299720 0.293037
0.295412 0.234742 0.505785 0.036183 0.848164 0.620567 0.920203 0.915183 0.919239 0.274042 0.308112 0.362265
0.112208 0.266832 0.481427 0.062172 0.957781 0.604428 0.824450 0.988957 1.084350 0.215307 0.264695 0.387711
0.225069 0.225233 0.543891 0.059115 0.823376 0.543708 0.906839 0.987007 0.977521 0.300442 0.386544 0.332685
0.259750 0.321909 0.428420 0.053660 0.871488 0.553439 0.805938 0.933883 0.937079 0.329812 0.298503 0.434715
0.205744 0.235201 0.429695 0.060857 0.780333 0.574502 0.904912 0.933277 1.030685 0.238895 0.304258 0.357101
0.181410 0.287857 0.459495 0.027429 0.927380 0.638623 0.862366 0.978913 0.994196 0.338403 0.305002 0.327989
0.172768 0.234178 0.564737 -0.065701 0.831355 0.599245 0.873463 0.977682 0.963491 0.288085 0.334154 0.404263
0.279318 0.276269 0.475931 0.003710 0.854524 0.542558 0.867665 1.033172 1.022481 0.329508 0.325723 0.327634
0.257633 0.141632 0.524652 -0.003937 0.977031 0.562335 0.828979 0.940053 0.912003 0.260690 0.282089 0.345799
0.252884 0.273957 0.429272 0.036410 0.977362 0.710547 0.940781 0.898829 1.007571 0.290658 0.217409 0.384688
0.244479 0.279796 0.424845 -0.030307 0.863687 0.588859 0.862849 0.955617 0.946686 0.213742 0.299462 0.392318
0.227602 0.284174 0.434226 -0.026639 0.921044 0.572881 0.860691 0.878483 0.986994 0.234396 0.245801 0.296493
0.295308 0.280370 0.478625 0.105791 0.892252 0.622610 0.941023 0.907386 1.063364 0.191192 0.284950 0.254472
0.271094 0.267372 0.492132 0.021792 0.898735 0.525292 0.905265 0.893361 0.959861 0.313342 0.250173 0.309003
0.202604 0.190622 0.508921 0.064128 0.982681 0.631289 0.814472 0.921623 0.874775 0.196462 0.333626 0.331049
0.207265 0.270423 0.480114 0.014080 0.868234 0.525743 0.755501 0.975004 0.923040 0.287544 0.296199 0.316244
0.181473 0.243597 0.553382 0.029316 0.897862 0.595700 0.854608 0.907165 0.971771 0.264936 0.296167 0.262848
0.148294 0.233391 0.446442 0.035284 0.950443 0.597100 0.772371 0.931117 0.978065 0.275607 0.219797 0.267889
0.183761 0.295207 0.517288 0.058954 0.818638 0.636265 0.914895 0.966775 0.949909 0.307997 0.280481 0.351379
0.192163 0.288839 0.378856 0.062350 0.865673 0.686252 0.867142 0.891471 0.970079 0.269673 0.378880 0.280882
0.181689 0.189504 0.437466 0.059205 0.897089 0.578207 0.734100 0.996781 0.937326 0.200394 0.218367 0.296967
0.278107 0.165814 0.501704 0.155679 0.858892 0.621092 0.882636 0.928235 0.936585 0.134924 0.360647 0.385306
0.219212 0.284683 0.498408 0.072545 0.931875 0.569231 0.847958 0.980765 0.963946 0.177369 0.205128 0.294570
0.254788 0.233465 0.541766 0.074516 0.857988 0.570574 0.857893 0.884536 0.816546 0.236941 0.387541 0.366571
0.200288 0.319402 0.493081 0.111973 0.967368 0.562382 0.837402 0.883211 0.891421 0.249083 0.262383 0.319285
0.202687 0.280029 0.516986 -0.018057 0.872048 0.593278 0.965564 0.966097 1.001661 0.275965 0.336825 0.372092
0.188256 0.343065 0.447810 0.078481 0.978789 0.580259 0.858514 0.979263 1.014293 0.260752 0.290778 0.393487
0.187751 0.235951 0.465494 0.024534 0.904834 0.668762 0.793765 0.931006 0.977360 0.333421 0.344837 0.343364
0.237893 0.305405 0.533930 0.030924 0.984336 0.708436 0.867483 0.857312 1.010601 0.266226 0.323605 0.407170
0.207510 0.208350 0.348422 0.085046 0.824097 0.562639 0.864236 0.878179 0.962099 0.410476 0.320034 0.347704
0.233649 0.182702 0.520823 0.081917 0.872875 0.692375 0.800791 0.956678 0.919456 0.211767 0.265134 0.307042
0.185115 0.240783 0.443627 0.079789 0.968914 0.576616 0.827294 0.935659 0.948969 0.307389 0.379411 0.337135
0.137500 0.264058 0.448518 0.042862 0.956852 0.555768 0.879063 0.988386 0.930278 0.201775 0.318494 0.359986
0.323156 0.263634 0.488642 0.022401 0.936998 0.636995 0.864936 0.856192 0.981519 0.171764 0.213009 0.326763
0.197116 0.218029 0.429721 0.035742 0.881375 0.598490 0.827261 0.889622 1.000011 0.274312 0.286013 0.375706
0.228509 0.337051 0.444866 0.006606 0.849004 0.625698 0.774562 0.934309 0.950952 0.287853 0.382318 0.345146
0.188693 0.244915 0.464322 0.105412 0.932362 0.572025 0.792286 0.948459 0.955829 0.288534 0.318305 0.356642
0.187308 0.293993 0.323611 -0.011590 0.955779 0.641523 0.863437 0.869395 0.936340 0.271701 0.331362 0.392043
0.240700 0.381750 0.362020 -0.016212 1.039140 0.534901 0.821420 0.954049 0.942251 0.207171 0.312649 0.214505
0.183909 0.233232 0.469869 0.011067 0.881553 0.594744 0.822385 0.906865 0.930177 0.295383 0.187151 0.427757
0.233110 0.265300 0.484281 -0.002347 0.959459 0.604851 0.874991 0.910344 0.976873 0.276230 0.208387 0.308943
0.164993 0.263601 0.438045 0.137797 0.882140 0.638668 0.902838 0.903293 0.976393 0.319137 0.320633 0.338018
0.229956 0.223069 0.536902 0.019863 0.958744 0.593250 0.794081 0.904587 0.937882 0.336838 0.323947 0.366297
0.258254 0.301184 0.459531 0.007808 0.906431 0.606293 0.878963 0.994300 0.912796 0.289449 0.235330 0.385616
0.199645 0.212522 0.448406 0.084520 0.886352 0.609524 0.825303 1.030018 0.922822 0.256030 0.274157 0.314638
0.209746 0.357451 0.504329 0.124550 0.881606 0.585954 0.971718 0.920552 1.011277 0.243489 0.330388 0.366181
0.139734 0.220562 0.483802 -0.047425 0.937548 0.640892 0.783464 0.893955 0.900123 0.264804 0.274093 0.319106
0.187010 0.348509 0.434042 0.101448 0.921879 0.648846 0.809274 0.895582 1.001834 0.255744 0.269965 0.234549
0.210060 0.196914 0.484571 -0.027598 0.896022 0.547636 0.827831 0.831611 0.926550 0.258293 0.390973 0.335140
0.151304 0.223663 0.493361 0.073608 0.871370 0.586784 0.853882 0.912059 0.942675 0.273603 0.252743 0.413236
0.204663 0.263808 0.382701 0.103404 0.958306 0.614322 0.826991 0.931589 0.960765 0.320943 0.308683 0.353312
0.211399 0.323632 0.476839 0.123458 0.939388 0.671059 0.799203 0.808423 0.991473 0.158961 0.299758 0.332925
0.258278 0.319279 0.497381 0.025732 0.852148 0.620620 0.778625 0.893682 1.063148 0.311352 0.301238 0.383067
0.356113 0.297504 0.453685 0.136583 0.853275 0.611807 0.858622 0.961131 0.937937 0.212150 0.300449 0.356080
0.146622 0.259779 0.499143 0.040529 0.906221 0.584870 0.928449 1.063371 0.997391 0.362595 0.219420 0.349348
0.219377 0.291352 0.548733 0.005564 0.942494 0.673689 0.928786 0.891069 0.943710 0.325752 0.412195 0.323283
0.198541 -0.005954 0.754486 0.733588 0.186544 0.410914 0.255877 0.794565 0.220910 0.956445 0.772027 0.199224
0.232104 0.027403 0.732279 0.733667 0.112390 0.574178 0.273757 0.677174 0.220636 0.983625 0.722198 0.097121
0.236290 0.019807 0.833947 0.690139 0.047949 0.429675 0.289275 0.634412 0.275302 0.861613 0.749182 0.097911
0.210623 -0.023322 0.772765 0.652649 0.095705 0.461142 0.274720 0.696870 0.252640 0.925231 0.751682 0.151483
0.179162 0.015828 0.694602 0.678573 0.031884 0.383215 0.328261 0.599952 0.317085 0.915266 0.737245 0.123887
0.252152 -0.011510 0.715173 0.797361 0.012023 0.438558 0.426113 0.645620 0.262396 0.900196 0.743055 0.127351
0.324305 0.035071 0.709218 0.661254 0.102595 0.433560 0.260188 0.586889 0.193705 0.847782 0.769098 0.190608
0.206141 -0.047987 0.682891 0.647479 0.086440 0.483287 0.267865 0.727238 0.410391 0.889575 0.827435 0.096052
0.293181 -0.081027 0.720966 0.685276 0.165109 0.479912 0.237552 0.630978 0.263825 1.011050 0.804052 0.221145
0.239031 -0.015460 0.721485 0.587714 0.092888 0.497000 0.317914 0.618933 0.329131 0.922246 0.784141 0.170287
0.285616 -0.010052 0.759323 0.632230 0.049086 0.432752 0.299022 0.661248 0.282043 0.820130 0.754787 0.157548
0.197813 0.063198 0.765912 0.680446 -0.095682 0.421924 0.250427 0.695174 0.260575 0.914428 0.709418 0.242130
0.264378 0.025195 0.692132 0.673427 0.110456 0.505018 0.268417 0.627837 0.321504 0.896310 0.689161 0.197978
0.250467 -0.011424 0.768865 0.743418 0.123185 0.464810 0.335347 0.729873 0.258218 0.909528 0.722064 0.239889
0.325247 0.008372 0.832637 0.692929 0.115756 0.528748 0.281316 0.680677 0.284286 0.946826 0.727089 0.208702
0.226348 0.002770 0.761890 0.788144 0.025312 0.450211 0.269393 0.672803 0.308679 0.972791 0.688885 0.121528
0.274210 -0.071301 0.800786 0.714670 -0.006362 0.350762 0.231216 0.687298 0.244828 0.969903 0.689351 0.215249
0.286534 -0.028793 0.863990 0.630448 -0.109203 0.458683 0.275074 0.654856 0.254081 0.964005 0.762742 0.107947
0.181701 -0.076225 0.752116 0.678324 0.032609 0.487489 0.289947 0.696377 0.249651 0.966407 0.721969 0.184081
0.279788 -0.015860 0.681769 0.650708 0.066574 0.573965 0.301170 0.671580 0.276919 0.993921 0.724767 0.108169
0.256823 0.016630 0.746032 0.807667 0.041312 0.467809 0.393326 0.655777 0.344165 0.923380 0.689150 0.255713
0.265660 -0.028732 0.795259 0.757325 0.113329 0.462382 0.256573 0.705443 0.207606 0.969472 0.726662 0.130368
0.229417 -0.005135 0.752853 0.664363 0.082011 0.420858 0.316801 0.715217 0.251481 0.886705 0.757908 0.201473
0.276083 -0.068886 0.700225 0.792613 0.153631 0.361124 0.258585 0.749731 0.153960 0.945972 0.724121 0.205599
0.251965 -0.068603 0.762605 0.647644 -0.009150 0.491371 0.297205 0.629736 0.296153 1.051442 0.748528 0.176130
0.254997 -0.028146 0.704898 0.689835 -0.012195 0.466419 0.276100 0.618918 0.352854 0.854399 0.794196 0.154712
0.240892 -0.006264 0.743667 0.734126 0.085528 0.367025 0.395271 0.631826 0.254511 0.923415 0.725065 0.144726
0.247643 0.101649 0.734398 0.715368 0.050162 0.422194 0.303887 0.635579 0.291867 1.007264 0.801515 0.190126
0.193105 -0.029044 0.690823 0.688137 0.130226 0.372392 0.336637 0.741784 0.211716 0.918329 0.737194 0.189740
0.194032 0.004930 0.706117 0.712528 0.063851 0.470032 0.276081 0.709780 0.333126 0.898776 0.749252 0.117679
0.240428 0.083848 0.655506 0.717825 0.086225 0.496377 0.187305 0.600245 0.358847 0.947850 0.748733 0.275528
0.220741 -0.041775 0.686703 0.689573 0.019064 0.402431 0.243620 0.667321 0.292291 0.856692 0.694452 0.144889
0.268048 -0.141912 0.757646 0.661597 0.011279 0.455839 0.365965 0.701280 0.288387 1.014384 0.768442 0.152026
0.263876 -0.037107 0.769243 0.643834 0.107544 0.347089 0.304116 0.609326 0.285543 0.944588 0.770570 0.087100
0.197781 0.011786 0.729988 0.775602 0.077923 0.417607 0.309650 0.499563 0.204277 0.940811 0.626872 0.089075
0.234875 -0.053793 0.766275 0.701622 -0.004256 0.439104 0.310532 0.686972 0.293410 0.933684 0.858646 0.172178
0.316211 0.082285 0.739910 0.634346 0.026216 0.470534 0.263417 0.702037 0.413950 0.977598 0.758390 0.141283
0.233056 0.037176 0.771719 0.626395 -0.061281 0.410339 0.324191 0.703045 0.310502 0.873560 0.710608 0.141271
0.260737 0.050688 0.776864 0.731346 0.081596 0.443847 0.283392 0.662925 0.246080 0.926340 0.749643 0.255731
0.246971 0.062002 0.811644 0.686797 0.083816 0.356472 0.339198 0.628179 0.240704 0.902882 0.682121 0.184611
0.307955 0.032281 0.730458 0.796467 0.022201 0.442982 0.300762 0.637054 0.283551 0.999202 0.750625 0.167160
0.315803 -0.071110 0.747541 0.756210 0.013163 0.429256 0.392559 0.674478 0.305555 0.949602 0.766806 0.151026
0.206286 -0.005662 0.782033 0.734343 0.057672 0.411625 0.353381 0.685577 0.316017 1.030566 0.758705 0.151455
0.196438 0.027917 0.743321 0.494470 0.065221 0.463917 0.202856 0.639503 0.305363 0.964999 0.741257 0.210195
0.264507 -0.009825 0.728800 0.602923 0.150569 0.467513 0.316173 0.665022 0.342502 0.919204 0.731360 0.157376
0.292438 0.029509 0.839802 0.706319 0.156440 0.412492 0.296558 0.672260 0.294026 0.834388 0.803656 0.129107
0.289266 0.060727 0.704382 0.643374 0.060121 0.502226 0.382264 0.702909 0.321097 0.961641 0.773369 0.147080
0.223297 0.029968 0.664636 0.715394 0.084159 0.425653 0.313786 0.679183 0.327114 0.953714 0.759905 0.202425
0.206039 -0.005242 0.744466 0.717020 0.036441 0.408408 0.349830 0.634043 0.287051 0.889572 0.702069 0.161588
0.298467 0.059973 0.774091 0.731093 0.069710 0.396257 0.231607 0.626556 0.250238 0.972004 0.645768 0.170576
0.235262 -0.031183 0.712159 0.664091 0.093914 0.483453 0.286395 0.687872 0.220620 0.863600 0.647109 0.094738
0.308297 0.058493 0.663678 0.655552 0.095839 0.479649 0.262364 0.634377 0.311803 0.983077 0.636265 0.101143
0.287526 0.010648 0.712183 0.715794 -0.002074 0.434971 0.268103 0.704003 0.278987 0.982284 0.735308 0.132665
0.181818 0.020357 0.696678 0.697626 0.143686 0.483848 0.348735 0.694895 0.258126 0.892503 0.697855 0.230595
0.233182 0.004617 0.867163 0.741082 0.051327 0.515315 0.272064 0.698637 0.306457 0.933627 0.778093 0.190528
0.257119 -0.009523 0.753784 0.744803 0.000083 0.438940 0.345328 0.689130 0.298992 0.948320 0.786282 0.103056
0.193085 0.050718 0.664307 0.691635 0.030105 0.490959 0.386229 0.749229 0.349671 0.941546 0.721998 0.134279
0.240512 -0.027595 0.628968 0.657423 0.084155 0.442401 0.406988 0.619350 0.255562 0.958026 0.769134 0.122434
0.126562 -0.006106 0.711477 0.697426 0.075905 0.435692 0.295243 0.635248 0.214154 0.913692 0.712938 0.136451
0.221555 0.012567 0.835602 0.652869 0.038115 0.400995 0.279507 0.626573 0.303962 0.941132 0.690879 0.097307
0.217701 -0.042862 0.728730 0.701247 0.009027 0.363863 0.218639 0.593660 0.276518 0.903331 0.800059 0.159782
0.292672 -0.057098 0.724461 0.598475 0.020892 0.454428 0.208561 0.695268 0.361344 0.980736 0.692814 0.154430
0.134806 0.008809 0.749767 0.759769 0.047344 0.461159 0.359892 0.674735 0.260893 0.884580 0.746455 0.172796
0.229199 0.027711 0.718825 0.743352 0.081679 0.473379 0.313290 0.756009 0.273581 0.982754 0.663488 0.248960
0.248805 -0.051529 0.659709 0.632005 0.040416 0.528894 0.332715 0.694429 0.308431 0.962488 0.760791 0.156838
0.217725 -0.004134 0.682671 0.726195 0.066398 0.479209 0.277778 0.583149 0.260169 0.891549 0.778988 0.191998
0.262886 0.014653 0.760895 0.732626 0.037341 0.457028 0.267287 0.699144 0.310377 0.846860 0.686954 0.184553
0.225853 0.047114 0.727926 0.685724 0.033429 0.430445 0.231564 0.649988 0.292679 0.904773 0.718239 0.089138
0.259719 -0.034732 0.790786 0.724104 0.123585 0.454902 0.259526 0.702733 0.241558 0.946485 0.812001 0.107624
0.244451 -0.021361 0.699201 0.635274 -0.032641 0.491393 0.320230 0.742712 0.261268 0.944988 0.660403 0.127502
0.184046 0.074442 0.649968 0.696219 0.042839 0.397800 0.321361 0.621568 0.259639 0.824969 0.788182 0.118614
0.282506 0.018350 0.710185 0.692174 0.081750 0.459113 0.304895 0.711396 0.249015 0.934886 0.758433 0.153468
0.228326 0.022955 0.746155 0.631925 0.037873 0.462079 0.253085 0.699105 0.327674 0.798068 0.761474 0.058286
0.335357 -0.003533 0.700019 0.704465 0.069826 0.382370 0.287090 0.747180 0.234301 0.905905 0.707667 0.100690
0.254650 -0.025432 0.632819 0.745817 0.095951 0.450745 0.214865 0.634902 0.342829 0.899910 0.747521 0.135899
0.290862 -0.035082 0.761619 0.668461 0.009213 0.435293 0.253460 0.659341 0.276246 0.816659 0.768272 0.229223
0.335446 -0.015828 0.726398 0.746595 0.111222 0.392162 0.312659 0.624089 0.274198 0.945928 0.765874 0.234291
0.211590 0.025400 0.751760 0.637100 0.088876 0.453850 0.307194 0.656267 0.248455 0.966650 0.797686 0.158027
0.300038 0.048675 0.761873 0.631415 0.103685 0.442652 0.277648 0.578932 0.276147 0.940037 0.719536 0.132315
0.226523 -0.014278 0.839610 0.756303 0.076970 0.483351 0.379927 0.682684 0.177964 0.867955 0.727081 0.242953
0.303534 0.001602 0.765729 0.679353 0.035979 0.408919 0.212530 0.632335 0.231491 0.901325 0.757796 0.082035
0.289606 -0.047848 0.742675 0.632393 0.016044 0.435048 0.244552 0.724755 0.120460 0.976013 0.660709 0.306199
0.362133 0.015000 0.684638 0.729988 0.141037 0.518999 0.283152 0.632542 0.222661 0.932366 0.716956 0.153467
0.291497 -0.035184 0.742084 0.700400 0.073038 0.387275 0.333105 0.700462 0.269437 0.936359 0.693908 0.181575
0.247786 -0.007759 0.675856 0.658159 0.067677 0.389047 0.298361 0.680091 0.264576 0.905382 0.688989 0.113263
0.229421 0.024211 0.759834 0.689530 0.097836 0.465950 0.231130 0.665143 0.296778 0.847220 0.701572 0.110758
0.233065 0.035295 0.723373 0.678650 0.076363 0.394606 0.283062 0.738739 0.247277 0.917265 0.806810 0.184207
0.243591 0.043382 0.717337 0.799399 0.003006 0.501961 0.291499 0.712540 0.234884 0.906480 0.676156 0.175017
0.264424 -0.011176 0.800724 0.701669 0.052999 0.375630 0.293626 0.630337 0.313018 0.891041 0.722788 0.105897
0.209517 -0.051030 0.710815 0.617631 0.051359 0.469696 0.250424 0.672117 0.282318 0.890624 0.705212 0.165949
0.244509 0.015429 0.753313 0.655267 0.074595 0.400324 0.359995 0.754224 0.371376 0.898005 0.761751 0.170578
0.294104 0.002166 0.733512 0.613656 0.031639 0.496780 0.334737 0.548396 0.324216 0.935611 0.691495 0.127501
0.217464 0.073770 0.805612 0.714544 0.099651 0.413518 0.335643 0.646180 0.233078 0.961053 0.756660 0.198106
0.246187 -0.047368 0.725388 0.673967 0.146461 0.530654 0.249242 0.722265 0.292210 1.005834 0.732530 0.156358
0.235105 -0.065422 0.681855 0.749334 0.054135 0.383353 0.288400 0.669809 0.278832 1.043121 0.698212 0.167605
0.233831 -0.025288 0.865218 0.740593 0.005541 0.454113 0.330096 0.665135 0.223903 0.970381 0.742607 0.169112
0.272557 -0.028585 0.747195 0.835381 0.041659 0.288166 0.218280 0.631940 0.253432 0.940292 0.719997 0.174317
0.206575 -0.014193 0.795425 0.629706 0.095785 0.446044 0.327896 0.666515 0.319925 0.936120 0.645925 0.213695
0.250324 -0.001875 0.758326 0.689709 0.021198 0.483324 0.370899 0.679836 0.238386 0.957177 0.830885 0.086662
0.230351 0.019703 0.728312 0.669925 0.163891 0.448344 0.373166 0.586147 0.334824 0.904200 0.683222 0.103591
0.306229 -0.027468 0.759849 0.685191 -0.046369 0.509279 0.256045 0.753553 0.326780 0.926223 0.726093 0.114548
0.301962 0.010843 0.783865 0.756347 0.070062 0.527194 0.323929 0.574748 0.334508 0.919448 0.755593 0.054137
0.217599 0.011757 0.749702 0.648865 0.103618 0.464953 0.316203 0.663078 0.323903 0.980917 0.795086 0.140672
0.294293 0.072640 0.739569 0.694645 0.082161 0.457056 0.297828 0.626390 0.220610 0.882816 0.744947 0.207033
0.311797 -0.015983 0.832107 0.586649 0.087643 0.440064 0.363252 0.657132 0.231522 1.013460 0.789143 0.247617
0.212168 -0.007696 0.739782 0.690192 0.073836 0.377435 0.287480 0.644298 0.354291 0.891418 0.701235 0.215700
0.168991 0.036806 0.754999 0.670073 0.188902 0.427143 0.251507 0.676361 0.266368 0.950162 0.752489 0.145357
0.218627 0.012970 0.755942 0.639783 0.022411 0.457825 0.292386 0.631281 0.283089 0.993837 0.661629 0.180458
0.254664 -0.007248 0.735864 0.623399 0.168278 0.464118 0.357135 0.713037 0.286107 0.887712 0.772846 0.166775
0.297533 0.032882 0.729027 0.737511 0.037086 0.350987 0.323407 0.665476 0.198189 0.898041 0.715242 0.030136
0.318831 0.007058 0.749423 0.658002 0.085759 0.448178 0.307255 0.750696 0.256967 0.837958 0.719766 0.106113
0.116373 -0.033839 0.660447 0.669590 0.115770 0.398564 0.303284 0.623026 0.302752 0.955293 0.784067 0.175479
0.281818 -0.016797 0.777041 0.645464 0.095247 0.406994 0.166260 0.642718 0.239621 0.843211 0.714556 0.112317
0.226133 -0.079496 0.773840 0.720956 0.083657 0.418831 0.280007 0.766193 0.214078 0.885809 0.666221 0.198026
0.188085 -0.076002 0.628584 0.695080 0.050097 0.444815 0.282674 0.746491 0.244492 0.902248 0.687743 0.162182
0.215700 0.027130 0.671117 0.718355 0.022953 0.519653 0.384815 0.630072 0.189522 0.903179 0.732580 -0.024155
0.271384 -0.098769 0.710258 0.579183 0.018638 0.524606 0.301639 0.623464 0.245075 0.928775 0.734918 0.211451
0.229504 0.020632 0.811513 0.660977 0.116118 0.520097 0.265103 0.654669 0.229834 0.990414 0.781170 0.189629
0.313509 0.071031 0.723515 0.718264 0.014704 0.450140 0.277404 0.648048 0.285544 0.965051 0.827785 0.118219
0.208558 0.081575 0.739572 0.669072 0.031124 0.489482 0.235900 0.609276 0.281377 0.911179 0.790297 0.124721
0.217238 -0.025752 0.692777 0.706240 0.025422 0.434525 0.252531 0.633308 0.239291 0.847527 0.753753 0.145116
0.315581 0.079176 0.777620 0.616615 0.040131 0.510881 0.398900 0.626498 0.305001 0.890934 0.742166 0.133935
0.184725 -0.005980 0.816537 0.694657 0.120119 0.403778 0.319807 0.681056 0.242143 0.907258 0.802896 0.128097
0.240650 0.094464 0.691633 0.677034 0.013285 0.479335 0.308408 0.543201 0.357418 0.964035 0.699609 0.151518
0.205729 0.088668 0.661072 0.656935 -0.017648 0.429881 0.376458 0.600120 0.182984 0.949142 0.694611 0.140078
0.273718 0.062807 0.813883 0.692269 -0.011485 0.410375 0.412784 0.682794 0.229190 1.051160 0.711478 0.130872
0.215254 0.009816 0.693056 0.707071 0.070659 0.425385 0.255863 0.704588 0.310011 0.959569 0.701019 0.185391
0.262429 0.053695 0.659895 0.597372 0.092657 0.466804 0.250572 0.791058 0.270550 0.960159 0.705285 0.183280
0.276078 -0.010657 0.763121 0.676474 0.139746 0.511903 0.315888 0.617601 0.297502 0.908811 0.674611 0.133059
0.219870 0.080009 0.767161 0.647547 0.043417 0.451996 0.382949 0.661544 0.341892 0.969724 0.726610 0.177126
0.184281 0.099603 0.740459 0.708834 0.100776 0.404681 0.280296 0.678246 0.231759 0.869843 0.728525 0.099209
0.280174 -0.026731 0.614430 0.642865 0.114235 0.460051 0.253540 0.632128 0.232636 0.974959 0.808021 0.138573
0.325877 -0.044761 0.788864 0.669690 0.129143 0.476936 0.268979 0.715738 0.264604 0.957920 0.748322 0.239041
0.252115 0.027008 0.807318 0.699565 0.043366 0.426509 0.285091 0.669577 0.381469 0.887200 0.740635 0.139502
0.175118 -0.023582 0.760436 0.725920 0.094028 0.455229 0.332864 0.610880 0.266869 0.862357 0.771479 0.072264
0.246442 0.076622 0.609186 0.647156 0.044034 0.442692 0.324078 0.704363 0.322583 0.953235 0.692020 0.097718
0.151711 0.053202 0.833219 0.696140 0.044747 0.449584 0.341310 0.675050 0.342160 0.950311 0.705833 0.105412
0.352597 -0.043035 0.687415 0.612747 0.015021 0.448250 0.291542 0.581303 0.239528 0.934317 0.700559 0.172606
0.265288 0.000782 0.732024 0.695495 0.099311 0.436910 0.295179 0.677277 0.158463 0.908852 0.769027 0.140351
0.309117 -0.008560 0.747444 0.683867 0.005996 0.411164 0.285482 0.682755 0.373255 0.956105 0.736747 0.156068
0.223740 -0.005872 0.766576 0.649479 0.005364 0.424286 0.277314 0.647850 0.300182 0.923061 0.761554 0.175236
0.219428 -0.009556 0.783182 0.692122 0.013856 0.448529 0.276724 0.700095 0.266251 0.904507 0.645628 0.205691
0.274229 -0.040553 0.741274 0.686396 0.066047 0.448212 0.219615 0.729572 0.368446 0.911483 0.732590 0.106542
0.206316 0.097875 0.720388 0.682192 -0.026567 0.457895 0.290494 0.693465 0.323239 0.886259 0.670684 0.151884
0.180002 0.121178 0.667890 0.643619 0.060256 0.532528 0.337930 0.699464 0.322040 0.852341 0.740640 0.117643
0.251352 0.021397 0.690393 0.764153 0.093747 0.339607 0.380356 0.622660 0.231269 0.889044 0.732131 0.163784
0.213341 0.055393 0.734859 0.713506 0.012053 0.470132 0.295509 0.646018 0.309685 0.906497 0.612293 0.131686
0.194807 0.011514 0.649553 0.695501 0.035056 0.531576 0.306346 0.615887 0.234919 0.892077 0.768426 0.109869
0.161913 0.053656 0.699253 0.680354 0.039266 0.457768 0.253096 0.665622 0.287851 0.929649 0.707290 0.079193
0.271901 0.027063 0.774861 0.783665 -0.052041 0.432541 0.311184 0.784914 0.217841 0.944447 0.772182 0.203412
0.101181 -0.027590 0.740229 0.598456 0.030756 0.448155 0.293784 0.660546 0.229219 0.945010 0.687414 0.170875
0.234518 0.042371 0.718752 0.673496 0.045981 0.449323 0.260080 0.669743 0.206194 1.033599 0.758210 0.068954
0.205648 0.028272 0.720516 0.730977 0.049542 0.374544 0.285198 0.661344 0.289482 0.876831 0.755468 0.200222
0.219507 -0.042515 0.755470 0.684439 0.127964 0.459380 0.349071 0.677120 0.204341 0.903699 0.693351 0.178463
0.207246 0.008674 0.762697 0.726974 -0.004839 0.494707 0.315400 0.644039 0.311702 0.928750 0.721205 0.156824
0.231217 0.077649 0.802983 0.636386 0.046061 0.486980 0.299550 0.651850 0.274795 0.922477 0.727382 0.132361
0.244935 0.107046 0.698378 0.722077 0.149067 0.486734 0.205280 0.577999 0.295938 0.878094 0.728945 0.018248
0.301871 -0.100403 0.769643 0.620448 0.101522 0.465057 0.340021 0.607701 0.280753 0.954634 0.733110 0.253913
0.276761 -0.043980 0.762577 0.622277 0.055892 0.403873 0.269950 0.725657 0.370342 0.927743 0.768768 0.143402
0.249265 0.064271 0.751803 0.659718 0.061573 0.604716 0.142046 0.717139 0.310436 0.908455 0.701135 0.142522
0.133278 -0.011824 0.780581 0.664001 0.090453 0.480646 0.271645 0.625080 0.269261 0.958197 0.605474 0.152764
0.244945 0.013715 0.801569 0.616736 0.144222 0.565676 0.284629 0.638990 0.339132 0.906617 0.761290 0.106520
0.258338 0.010566 0.756367 0.771976 0.179426 0.433224 0.377904 0.674756 0.235606 0.987486 0.764883 0.164382
0.220250 -0.044997 0.633615 0.721892 -0.028970 0.461706 0.243976 0.669545 0.302356 0.945318 0.648839 0.238855
0.219630 0.051022 0.747403 0.720291 0.025569 0.521112 0.369358 0.591003 0.199670 0.877271 0.749441 0.099451
0.249537 0.045649 0.758470 0.670679 0.085912 0.467086 0.336520 0.679110 0.274125 0.866481 0.714902 0.222310
0.159055 0.013653 0.756997 0.687359 0.049726 0.482458 0.273919 0.693175 0.367056 0.870437 0.758087 0.205033
0.281969 0.017628 0.802934 0.697434 0.069392 0.416492 0.318564 0.663308 0.257839 0.833007 0.689178 0.133495
0.148354 0.120956 0.775353 0.652160 0.083353 0.430233 0.270084 0.663723 0.268104 0.904969 0.735072 0.149292
0.220419 0.024352 0.742530 0.647157 0.136800 0.421057 0.224394 0.618128 0.304284 1.001558 0.833747 0.137701
0.190377 0.044670 0.784675 0.767119 0.084131 0.368745 0.246973 0.634784 0.237047 0.835683 0.844501 0.091493
0.261929 -0.024757 0.780248 0.801977 0.046845 0.416732 0.303823 0.764700 0.254729 0.968483 0.697321 0.131279
0.237461 -0.015651 0.722489 0.669655 0.027919 0.443763 0.315762 0.629415 0.307057 0.873425 0.626190 0.076718
0.301698 0.011932 0.743237 0.701504 -0.019657 0.525766 0.249254 0.742887 0.382853 1.000326 0.744485 0.251746
0.242416 0.007474 0.792114 0.712796 0.015335 0.414900 0.260853 0.674270 0.250488 0.961806 0.699144 0.100107
0.274120 -0.041026 0.772371 0.688677 0.020122 0.445613 0.389059 0.560512 0.382398 0.881237 0.654403 0.065442
0.219053 -0.002918 0.703928 0.682072 0.095992 0.429037 0.359619 0.658407 0.261491 0.896301 0.625223 0.109389
0.242975 0.080398 0.705879 0.716513 0.009211 0.393496 0.218283 0.614205 0.310165 0.845731 0.799897 0.104753
0.237072 0.050423 0.703133 0.750007 0.132901 0.461152 0.384381 0.680933 0.254014 0.931367 0.757086 0.128450
0.280477 -0.051016 0.722963 0.778869 0.057909 0.520112 0.250537 0.685826 0.263596 0.923557 0.750758 0.162071
0.219952 0.118701 0.771002 0.646475 0.176830 0.437329 0.372212 0.635612 0.240275 0.933424 0.738499 0.074405
0.267066 0.046135 0.743189 0.624177 0.019802 0.513664 0.246004 0.804617 0.180508 0.895727 0.780860 0.118992
0.255280 -0.046418 0.698911 0.662270 0.018025 0.385837 0.308522 0.625703 0.290873 0.918692 0.810391 0.092903
0.268745 0.030991 0.677400 0.626171 0.058586 0.453785 0.308478 0.590196 0.354610 0.927356 0.841834 0.196707
0.203905 0.079362 0.757129 0.675852 0.065964 0.434427 0.377343 0.671453 0.335100 1.013815 0.789355 0.104916
0.293641 -0.011992 0.798281 0.714261 0.082388 0.393463 0.332931 0.761843 0.282942 0.877865 0.679089 0.145871
0.191476 -0.051247 0.692658 0.692938 0.006379 0.526295 0.314059 0.784188 0.264649 0.898419 0.753954 0.200258
0.173328 0.112772 0.796365 0.619416 0.111396 0.406821 0.288103 0.638748 0.275460 0.909829 0.816208 0.055994
0.199229 0.108037 0.743833 0.684848 -0.018731 0.419553 0.321345 0.759665 0.164115 0.862319 0.797014 0.141219
0.341656 0.128640 0.771876 0.619054 0.086962 0.450431 0.361113 0.637709 0.312445 0.968877 0.662656 0.124269
0.228811 0.076700 0.755957 0.780440 0.100944 0.330318 0.329537 0.574335 0.220701 0.949033 0.756880 0.080507
0.397965 -0.029172 0.777679 0.690299 0.077728 0.493781 0.282126 0.671708 0.233904 0.909414 0.738079 0.187416
0.226600 0.087245 0.807797 0.654830 0.093172 0.414669 0.384052 0.619767 0.246666 0.878134 0.753628 0.164225
0.241688 -0.069719 0.756400 0.654943 0.080629 0.350277 0.346356 0.719035 0.255954 0.916226 0.661740 0.184598
0.198565 -0.053424 0.663335 0.669560 0.095904 0.493986 0.271091 0.710272 0.200839 0.964334 0.789668 0.156948
0.230792 -0.040017 0.736463 0.661112 0.159636 0.428037 0.303800 0.685340 0.231649 0.968579 0.712384 0.165140
0.280056 0.071732 0.808454 0.746610 0.077545 0.444636 0.283007 0.565257 0.217704 1.040453 0.714857 0.146931
0.286892 0.061799 0.643899 0.672626 0.109443 0.464055 0.346262 0.681240 0.284396 0.976687 0.688816 0.167813
0.224004 -0.006849 0.801506 0.756267 0.021482 0.419376 0.272221 0.724869 0.231205 0.961923 0.683813 0.168591
0.273728 0.029659 0.661037 0.751547 0.048093 0.548764 0.168653 0.668076 0.314384 0.994897 0.745979 0.225714
0.288074 0.014237 0.769119 0.708256 0.099022 0.424341 0.267618 0.671148 0.295396 0.893522 0.740293 0.123674
0.275371 0.016341 0.707736 0.633987 0.083298 0.417009 0.332620 0.681465 0.171162 0.903363 0.740928 0.179705
0.210347 -0.008150 0.753967 0.669858 0.001584 0.364580 0.297886 0.595996 0.278254 0.949255 0.834930 0.089474
0.291094 0.060775 0.729163 0.665079 0.080220 0.570616 0.375530 0.588263 0.282819 0.931596 0.718792 0.154363
0.277689 0.035878 0.658987 0.721240 0.031407 0.435378 0.219331 0.590456 0.317632 0.918856 0.694649 0.085050
0.165955 0.012717 0.720365 0.561431 0.011072 0.456048 0.283409 0.641968 0.263730 0.945556 0.808564 0.178321
0.228788 0.068194 0.782679 0.690704 0.014956 0.492234 0.339653 0.698013 0.351335 0.897788 0.784928 0.170577
0.310590 0.027403 0.832022 0.624214 -0.025685 0.419801 0.411456 0.618514 0.276707 0.960437 0.742980 0.180710
0.309672 0.023372 0.675399 0.771632 -0.035465 0.555323 0.233589 0.642244 0.369660 0.842969 0.770639 0.168583
0.248396 0.005633 0.735732 0.729268 0.087881 0.437414 0.236540 0.665842 0.249295 0.885224 0.758886 0.233050
0.142341 -0.122269 0.655720 0.629270 0.072329 0.461979 0.326642 0.614809 0.246515 0.880911 0.731948 0.118212
0.294064 0.012264 0.771742 0.684743 0.103354 0.411332 0.311725 0.662765 0.365161 0.948894 0.671396 0.122687
0.278321 0.016966 0.786481 0.729691 0.133785 0.441716 0.385284 0.637831 0.210693 0.908332 0.726703 0.151593
0.260379 0.026085 0.818340 0.744733 0.061287 0.419602 0.348947 0.678868 0.306604 0.950763 0.682914 0.130012
0.228564 -0.079671 0.613946 0.641365 0.115197 0.450053 0.250778 0.639742 0.261899 1.004628 0.802379 0.158098
0.213660 0.103027 0.806775 0.732044 0.104304 0.517116 0.271877 0.645023 0.321692 0.933179 0.780494 0.215138
0.180714 0.008756 0.799683 0.682039 0.074403 0.420926 0.338223 0.699572 0.297744 0.895363 0.731359 0.232011
0.150340 -0.004334 0.821748 0.688906 0.078129 0.440763 0.367507 0.622045 0.253584 0.977660 0.730805 0.117104
0.183320 0.015878 0.762474 0.753969 0.121549 0.504746 0.277109 0.774541 0.261892 0.932026 0.648957 0.125305
0.234730 0.038942 0.750100 0.686462 0.100888 0.473170 0.338620 0.635607 0.274047 0.919576 0.674789 0.082794
0.237649 -0.119626 0.823944 0.642206 0.064383 0.351235 0.278474 0.676930 0.333185 0.982763 0.737039 0.239158
0.202089 0.005004 0.670234 0.699942 0.080878 0.377657 0.360209 0.597996 0.268828 0.886755 0.810624 0.052036
0.255895 0.066117 0.795223 0.724429 0.168742 0.457026 0.306812 0.734549 0.244961 0.910607 0.783008 0.043476
0.232098 0.082618 0.732240 0.601277 0.107959 0.458548 0.318784 0.614229 0.319218 0.975661 0.698736 0.120858
0.164810 -0.086005 0.723062 0.719834 0.076966 0.467327 0.354876 0.596816 0.235596 0.937764 0.692529 0.103203
0.212769 0.024482 0.726447 0.702155 0.026398 0.469367 0.242723 0.668655 0.299552 0.936012 0.727146 0.212165
0.272501 -0.041892 0.667180 0.711396 0.066323 0.489946 0.299171 0.726316 0.268185 0.837361 0.722462 0.162570
0.203822 0.096638 0.713739 0.729449 0.038462 0.473946 0.369053 0.694225 0.227878 0.857030 0.746141 0.145080
0.244719 -0.031046 0.698447 0.661627 0.095801 0.426234 0.284049 0.655356 0.218316 0.935128 0.697862 0.217133
0.162696 0.005762 0.688863 0.700739 0.073750 0.385875 0.300290 0.693075 0.354236 1.042875 0.693528 0.188322
0.255397 -0.025966 0.787705 0.837589 0.108150 0.474803 0.320328 0.671251 0.274097 1.001377 0.846037 0.079297
0.207332 0.057968 0.690505 0.653674 0.085668 0.460253 0.209125 0.641858 0.371622 0.887814 0.778135 0.128644
0.325608 0.023922 0.715106 0.739248 0.003041 0.411908 0.222097 0.708646 0.320513 0.910371 0.790524 0.167241
0.260618 -0.009110 0.738018 0.685535 0.094091 0.382139 0.399583 0.633228 0.250248 1.007068 0.826635 0.113248
0.250146 0.035571 0.746010 0.704790 0.090999 0.462044 0.311249 0.697723 0.318622 0.942434 0.646372 0.188087
0.122364 0.086933 0.870775 0.675440 0.119629 0.498008 0.340080 0.678305 0.292818 0.997274 0.787280 0.091990
0.309013 0.008014 0.753432 0.714909 0.046157 0.484554 0.255948 0.654454 0.230176 0.893347 0.767385 0.223840
0.277113 0.081611 0.728728 0.727735 0.065579 0.410109 0.283850 0.724624 0.305652 0.912483 0.660336 0.131791
0.113857 -0.013708 0.843715 0.653107 0.041127 0.406487 0.328235 0.630491 0.239542 1.036460 0.676278 0.202607
0.158520 -0.078498 0.705309 0.695549 0.096557 0.368295 0.289220 0.646466 0.243239 0.926548 0.777898 0.175848
0.232480 0.038125 0.787172 0.678399 0.078253 0.500602 0.321860 0.688750 0.357734 0.923924 0.753923 0.211496
0.233075 -0.059611 0.793131 0.739128 0.096783 0.458791 0.236131 0.637417 0.270331 0.960894 0.788128 0.181686
0.195276 0.018307 0.831246 0.705524 0.022593 0.453135 0.281550 0.619815 0.328346 0.989458 0.684074 0.051682
0.234950 0.000030 0.744785 0.640103 0.067881 0.459681 0.285847 0.693996 0.285072 0.983739 0.677188 0.143977
0.265340 0.038531 0.680381 0.691509 0.048082 0.378173 0.289039 0.698751 0.288716 0.945155 0.645365 0.134663
0.311467 0.074177 0.759463 0.693577 -0.044964 0.375659 0.288695 0.583982 0.252805 0.965504 0.728488 0.125128
0.139184 -0.060229 0.700670 0.739682 0.064317 0.365913 0.336071 0.730075 0.281993 0.963041 0.722613 0.129845
0.256502 0.031149 0.813448 0.692740 0.014027 0.460852 0.306711 0.675998 0.239247 0.931014 0.740125 0.111395
0.258559 -0.055773 0.719149 0.651343 0.042882 0.430069 0.297586 0.666531 0.241233 0.909355 0.703176 0.138151
0.226791 -0.055922 0.719733 0.609928 0.101384 0.496521 0.367501 0.664323 0.314434 0.990292 0.830734 0.128175
0.332486 0.157940 0.699722 0.676516 0.000642 0.380207 0.337387 0.695043 0.297780 0.983577 0.757105 0.217119
0.234891 0.093109 0.706907 0.662553 0.050959 0.458838 0.235809 0.594045 0.249269 0.949614 0.719800 0.168859
0.269335 -0.057486 0.777535 0.678904 0.075160 0.488816 0.360391 0.667874 0.283110 0.923809 0.784172 0.083612
0.293390 0.008234 0.679166 0.699017 0.057976 0.393672 0.222148 0.719770 0.276199 0.994529 0.751343 0.168182
0.301420 0.007204 0.644780 0.641847 0.105943 0.427284 0.259224 0.697594 0.274327 0.991006 0.765808 0.119276
0.298993 0.051928 0.738224 0.768435 0.096168 0.515183 0.283803 0.629996 0.290586 0.987914 0.737487 0.146788
0.248585 0.110797 0.762620 0.698276 0.071405 0.509695 0.264642 0.703302 0.292588 0.941960 0.630636 0.064797
0.240696 0.006208 0.691004 0.724500 0.022575 0.460377 0.351774 0.593431 0.276187 0.869305 0.747924 0.106835
0.263573 0.011058 0.680767 0.679971 -0.029334 0.442602 0.293603 0.661572 0.266638 0.953509 0.690876 0.072401
0.230687 -0.064279 0.738437 0.704846 0.045773 0.412111 0.314179 0.624286 0.324238 0.920844 0.651535 0.213145
0.174501 -0.040925 0.726259 0.552664 0.124710 0.493456 0.302452 0.603595 0.284938 0.911298 0.761237 0.151782
0.246970 -0.016336 0.805981 0.742566 0.099282 0.421665 0.375831 0.770707 0.259072 0.857626 0.730693 0.117530
0.237567 -0.042072 0.753925 0.656933 -0.018723 0.448329 0.283484 0.688617 0.274636 0.910639 0.743588 0.114856
0.281882 -0.082785 0.716633 0.704669 0.059348 0.389242 0.363679 0.643827 0.179394 0.896308 0.657534 0.036188
0.249468 0.018035 0.832790 0.657487 -0.006081 0.509641 0.358055 0.634737 0.231409 0.925779 0.734105 0.173552
0.258817 -0.039467 0.772699 0.689926 0.100535 0.412514 0.281918 0.693947 0.280197 0.997446 0.711834 0.252230
0.304732 0.003254 0.761720 0.635395 0.054511 0.397467 0.242175 0.676575 0.259408 0.975988 0.666795 0.193952
0.382118 0.027265 0.706032 0.696486 0.017059 0.479750 0.217516 0.658074 0.219421 0.893415 0.728815 0.190577
0.223403 -0.097567 0.715527 0.690331 0.075156 0.416951 0.318606 0.706350 0.227163 0.955765 0.727513 0.090460
0.326188 -0.087422 0.699551 0.663806 0.079916 0.399263 0.308763 0.626285 0.322818 0.899792 0.769638 0.177577
0.247033 -0.043404 0.875550 0.708272 0.042039 0.406272 0.351555 0.800549 0.325835 1.008629 0.671000 0.148146
0.299785 0.013222 0.765748 0.738869 0.053488 0.480527 0.312762 0.711279 0.250325 0.957611 0.648730 0.164801
0.260690 0.023514 0.775555 0.670097 0.083278 0.479632 0.297146 0.738635 0.248727 0.985205 0.780316 0.149606
0.175818 -0.107403 0.723260 0.627255 0.126799 0.513200 0.345635 0.752435 0.302510 0.949574 0.727363 0.145760
0.215693 0.020102 0.714666 0.665907 0.054007 0.500330 0.345366 0.646314 0.314957 0.875736 0.738759 0.174286
0.298737 -0.033491 0.731196 0.701482 0.135114 0.415468 0.353833 0.698060 0.288731 0.925955 0.653384 0.188682
0.263958 0.013752 0.760055 0.696516 0.033444 0.465230 0.367035 0.561855 0.252825 0.946958 0.648591 0.117698
0.223769 -0.025041 0.737540 0.662006 0.029192 0.442773 0.247645 0.688984 0.316436 0.871476 0.682143 0.139407
0.246544 0.042520 0.821969 0.691399 0.031922 0.411106 0.293182 0.640797 0.327909 0.971008 0.751003 0.134137
0.301907 -0.048388 0.670061 0.680634 0.121331 0.409614 0.214436 0.697857 0.244708 0.893417 0.825466 0.229303
0.249483 -0.004616 0.755691 0.665167 0.041182 0.468961 0.307807 0.675646 0.319128 0.919057 0.823781 0.219563
0.183278 -0.065113 0.741287 0.698185 0.046984 0.418300 0.309612 0.714226 0.222697 0.938806 0.748410 0.166859
0.257255 0.016200 0.766222 0.709399 0.022036 0.440303 0.364251 0.738189 0.248100 1.009436 0.757902 0.082527
0.303665 -0.024074 0.800703 0.760729 0.058331 0.447787 0.368814 0.668457 0.261136 0.984359 0.717670 0.058653
0.125459 0.004754 0.772644 0.735896 0.024870 0.369255 0.301379 0.708769 0.224435 1.000323 0.738390 0.138080
0.236452 -0.070868 0.790869 0.728484 0.140807 0.428669 0.283535 0.675031 0.362453 0.905228 0.716157 0.182905
0.203217 0.063831 0.657760 0.629286 0.057946 0.458491 0.197022 0.675023 0.248813 0.996737 0.652497 0.157823
0.260710 0.060613 0.716117 0.757217 0.079462 0.478726 0.279312 0.670932 0.266406 0.981713 0.687209 0.168225
0.304478 -0.014450 0.849840 0.732426 0.084068 0.442804 0.231502 0.644253 0.233854 0.899427 0.741821 0.139166
0.173770 -0.027360 0.708830 0.676643 0.050174 0.402023 0.261019 0.590022 0.246573 0.891058 0.690839 0.147687
0.234136 -0.076656 0.777967 0.559609 0.057776 0.486199 0.162300 0.703672 0.227796 0.862333 0.710724 0.120852
0.204630 0.010180 0.742857 0.720524 0.013337 0.417027 0.295895 0.635538 0.305223 1.028011 0.727195 0.121483
0.193386 -0.022685 0.643432 0.694278 0.161859 0.489375 0.306509 0.693724 0.204299 0.906791 0.688009 0.170855
0.284952 0.012885 0.641209 0.645238 0.074591 0.412498 0.269046 0.650885 0.216692 0.903416 0.667824 0.092505
0.279169 0.025426 0.764173 0.639321 0.018255 0.465580 0.293696 0.583001 0.314761 0.837236 0.770101 0.146776
0.237664 0.018908 0.758930 0.701258 0.125344 0.503083 0.241046 0.645044 0.262994 0.979649 0.660279 0.224424
0.123303 -0.052748 0.707888 0.780561 -0.066554 0.400605 0.328581 0.611317 0.250230 1.016749 0.723849 0.150821
0.248862 0.009069 0.698360 0.635355 0.041748 0.454752 0.322135 0.711707 0.232589 0.987872 0.769431 0.127212
0.248513 -0.007952 0.701638 0.748654 0.046883 0.512175 0.296689 0.688516 0.237616 0.960970 0.671928 0.209470
0.286430 -0.126047 0.782375 0.654146 0.035611 0.428368 0.279415 0.637145 0.285748 0.935266 0.649950 0.174507
0.305237 0.032231 0.752745 0.574868 0.048257 0.400305 0.307171 0.747271 0.306806 0.803401 0.689520 0.153427
0.249819 0.017078 0.710540 0.692815 0.043183 0.415295 0.389089 0.567069 0.242415 0.912801 0.685324 0.107764
0.205316 -0.012538 0.705612 0.603466 0.046644 0.410746 0.276354 0.670230 0.301133 0.949029 0.748380 0.200423
0.287773 0.003852 0.773742 0.636151 0.090840 0.479632 0.340150 0.639574 0.293318 0.901380 0.663278 0.211486
0.301776 0.027684 0.741245 0.683013 0.072440 0.406309 0.310624 0.669333 0.217570 0.951329 0.690109 0.153205
0.225041 -0.030745 0.608451 0.688509 0.067825 0.513140 0.324440 0.684206 0.215339 0.870636 0.659773 0.166775
0.287464 -0.006139 0.709485 0.689268 0.055785 0.340065 0.292353 0.711754 0.203719 0.887461 0.701690 0.128358
0.239823 0.011549 0.717034 0.752975 0.040505 0.464059 0.327559 0.690858 0.355774 0.888258 0.714418 0.108970
0.271880 0.037186 0.746829 0.748931 0.116876 0.439133 0.470227 0.631540 0.301465 0.923924 0.729155 0.168269
0.243614 -0.076604 0.771523 0.677214 -0.012704 0.443490 0.246529 0.652104 0.317235 0.913991 0.712569 0.096734
0.240457 0.010469 0.816543 0.716658 0.026143 0.457741 0.260754 0.651567 0.329041 0.887933 0.705384 0.200571
0.128695 -0.036425 0.768425 0.697127 -0.003523 0.345711 0.326163 0.680629 0.211668 0.930558 0.839526 0.177139
0.168096 0.021291 0.778828 0.705808 0.084889 0.466351 0.305892 0.657667 0.339596 0.877686 0.653086 0.155754
0.274851 0.006877 0.816172 0.696510 0.017771 0.429628 0.257194 0.727896 0.181586 0.935978 0.759586 0.117218
0.323926 -0.062047 0.808726 0.635007 0.055525 0.458181 0.409030 0.704094 0.183082 0.895386 0.691408 0.135158
0.169431 -0.023975 0.722492 0.661822 -0.011709 0.501664 0.252257 0.652847 0.278678 0.874342 0.784003 0.152659
0.283785 -0.098186 0.700610 0.689497 0.148578 0.359542 0.310507 0.656574 0.205274 0.950035 0.696365 0.066069
0.132732 0.061910 0.660180 0.747622 0.075952 0.423754 0.305176 0.706260 0.271166 0.886260 0.720129 0.239104
0.272645 0.037778 0.731615 0.751330 0.144505 0.513262 0.325466 0.676170 0.145620 0.972438 0.766606 0.152666
0.255886 -0.029680 0.720734 0.619232 0.093696 0.526811 0.352297 0.651738 0.168502 0.904011 0.780107 0.248151
0.233145 -0.005830 0.660788 0.754626 0.116335 0.521628 0.334505 0.657619 0.264263 0.910467 0.866379 0.159046
0.305017 -0.042157 0.735061 0.694795 0.035719 0.476262 0.318917 0.720447 0.306509 0.921926 0.792196 0.124824
0.232849 0.051045 0.783987 0.658707 0.093420 0.466980 0.328971 0.686663 0.191560 0.922415 0.733661 0.220944
0.230613 -0.106098 0.741544 0.725620 0.191701 0.481655 0.279854 0.675795 0.281336 0.969312 0.757104 0.118530
0.219248 -0.048936 0.696964 0.766010 0.102049 0.472677 0.308245 0.557742 0.300193 0.964992 0.749368 0.050425
0.263213 -0.036143 0.698756 0.707969 0.058989 0.406545 0.293896 0.587675 0.285280 0.978942 0.717434 0.107467
0.193585 0.057288 0.729692 0.674399 0.071185 0.448242 0.338776 0.582872 0.313898 0.928253 0.691619 0.191959
0.304034 -0.001346 0.763757 0.724859 -0.023719 0.414805 0.383251 0.563782 0.182559 0.989811 0.695877 0.164106
0.275560 0.062311 0.685577 0.678259 0.091318 0.443122 0.337403 0.677416 0.321799 0.954534 0.618450 0.184803
0.251488 -0.033658 0.823813 0.603281 0.148839 0.451635 0.362518 0.635068 0.227549 0.898543 0.744146 0.121051
0.222344 0.073426 0.714221 0.650567 -0.019804 0.453463 0.276741 0.659377 0.149762 0.875913 0.699952 0.128062
0.188943 0.076793 0.741233 0.644577 0.102267 0.523167 0.296071 0.684291 0.164917 0.943638 0.791101 0.131989
