1000 12 950
0.610523 0.342549 0.244975 0.410670 0.124946 0.667387 0.422996 0.704377 0.498841 0.787767 0.812013 0.967187
0.565943 0.307230 0.331808 0.519322 0.256408 0.667372 0.336657 0.797777 0.473422 0.869427 0.696643 0.921429
0.622297 0.362100 0.287184 0.393325 0.138036 0.765435 0.253154 0.686391 0.519343 0.867270 0.718648 0.982547
0.544049 0.369039 0.265709 0.458205 0.222395 0.689364 0.434105 0.718944 0.479992 0.776613 0.697087 0.895915
0.588046 0.326925 0.242375 0.451643 0.232760 0.671712 0.397964 0.689949 0.442894 0.834729 0.714070 0.938191
0.546146 0.333065 0.369537 0.430607 0.207984 0.695359 0.442585 0.674566 0.448784 0.854949 0.704998 0.876303
0.748023 0.361687 0.160485 0.471463 0.209669 0.688902 0.469732 0.689502 0.434951 0.855997 0.817187 0.896550
0.677913 0.374269 0.390513 0.462781 0.204358 0.655683 0.423966 0.723355 0.525540 0.840238 0.573258 0.933843
0.557150 0.256013 0.247566 0.414474 0.298131 0.682673 0.358079 0.744757 0.486653 0.761246 0.702988 0.866057
0.557191 0.353343 0.242780 0.372539 0.222335 0.659909 0.361122 0.618292 0.526233 0.807795 0.719953 1.017506
0.671197 0.362979 0.368266 0.424886 0.158264 0.701283 0.451632 0.734099 0.446837 0.814744 0.751437 0.945000
0.476791 0.350875 0.324998 0.396598 0.200322 0.664476 0.374976 0.803078 0.581140 0.824218 0.716511 0.944809
0.466964 0.355598 0.316981 0.433056 0.212935 0.676659 0.346167 0.740250 0.443600 0.819446 0.676448 0.867489
0.584376 0.285007 0.230761 0.408683 0.297009 0.619740 0.334198 0.686221 0.575932 0.835427 0.653345 0.927201
0.617643 0.279044 0.239645 0.349178 0.259427 0.656223 0.409511 0.700533 0.522225 0.884519 0.684104 0.971619
0.638629 0.349967 0.350166 0.459699 0.106242 0.679200 0.438813 0.755677 0.526044 0.784075 0.682547 0.925487
0.586288 0.284757 0.268486 0.396637 0.204019 0.722926 0.390752 0.727099 0.504685 0.884727 0.717242 0.970269
0.585249 0.300090 0.267808 0.398960 0.170344 0.624219 0.410108 0.734063 0.494259 0.874705 0.747468 0.860260
0.664227 0.327720 0.270226 0.380149 0.124942 0.724898 0.367442 0.625614 0.493951 0.741250 0.686666 0.915295
0.576933 0.295625 0.324442 0.378427 0.212357 0.666513 0.345721 0.660777 0.432103 1.003795 0.725068 1.002112
0.653855 0.358916 0.277676 0.388450 0.229076 0.754095 0.387692 0.714622 0.521244 0.742366 0.749506 0.762978
0.567146 0.299718 0.258922 0.443969 0.202392 0.738765 0.332853 0.781484 0.519953 0.845940 0.749994 0.901328
0.610063 0.272502 0.160945 0.389036 0.241397 0.648774 0.413801 0.655715 0.456752 0.851184 0.751813 0.901229
0.663865 0.416790 0.289316 0.319777 0.237306 0.657145 0.332269 0.695024 0.475551 0.856949 0.768518 0.884488
0.610237 0.186637 0.297779 0.392743 0.247586 0.684239 0.360953 0.753229 0.555431 0.763723 0.736815 0.934309
0.604385 0.328601 0.294500 0.429488 0.286517 0.710718 0.372613 0.650330 0.433187 0.829640 0.797600 0.911315
0.579078 0.286135 0.362762 0.472871 0.163743 0.657112 0.427616 0.731568 0.507472 0.923720 0.737740 0.882701
0.605663 0.292827 0.230279 0.433530 0.209697 0.659144 0.250839 0.637479 0.589362 0.830599 0.707571 0.861775
0.580509 0.348355 0.358370 0.337581 0.196637 0.648770 0.375671 0.703603 0.465890 0.918764 0.625737 0.956572
0.592206 0.327467 0.332564 0.414924 0.171774 0.661604 0.383951 0.765750 0.502985 0.812569 0.656479 0.749404
0.640167 0.325577 0.297941 0.373911 0.191940 0.587237 0.303943 0.847934 0.546464 0.844984 0.756289 0.865753
0.494074 0.393495 0.294401 0.437901 0.245558 0.736285 0.418066 0.754417 0.472567 0.875799 0.684224 0.954586
0.647815 0.393312 0.316270 0.415344 0.181532 0.721534 0.388458 0.698966 0.544814 0.900033 0.749567 1.017867
0.692942 0.333498 0.339575 0.431355 0.232931 0.663228 0.312386 0.736067 0.508574 0.845598 0.690817 0.936656
0.565884 0.346093 0.283735 0.483702 0.251061 0.683996 0.400207 0.725297 0.515471 0.870520 0.643393 0.947881
0.573242 0.276035 0.250369 0.389200 0.234321 0.598211 0.396832 0.698818 0.576871 0.937570 0.760170 0.950216
0.565568 0.272071 0.372517 0.392365 0.263342 0.645807 0.449048 0.742655 0.448584 0.810263 0.681235 0.923542
0.515100 0.186783 0.269524 0.413294 0.284270 0.638759 0.374248 0.617140 0.434022 0.824248 0.716074 0.908520
0.572472 0.231032 0.246574 0.387979 0.252568 0.664921 0.445140 0.682068 0.431821 0.885475 0.751718 0.923146
0.577057 0.365874 0.266859 0.417556 0.242161 0.616120 0.350657 0.715669 0.459942 0.889765 0.801193 0.867156
0.630624 0.302409 0.272850 0.384708 0.235142 0.710975 0.416136 0.629071 0.380603 0.839196 0.679027 0.903890
0.540904 0.277722 0.300458 0.464660 0.191014 0.626921 0.373628 0.868358 0.522299 0.876770 0.704532 0.913213
0.630492 0.344504 0.324335 0.441089 0.208902 0.614434 0.478098 0.720857 0.607210 0.791152 0.688661 0.804698
0.648032 0.321957 0.254241 0.412687 0.292435 0.703337 0.392360 0.707746 0.482411 0.873229 0.765874 0.941550
0.570383 0.323507 0.273408 0.409580 0.202739 0.712294 0.343103 0.842350 0.430173 0.876193 0.791724 0.965201
0.644706 0.401561 0.233322 0.391716 0.263398 0.718625 0.392299 0.758673 0.483552 0.867141 0.723291 0.931373
0.633043 0.389303 0.317553 0.389836 0.128784 0.631128 0.465964 0.708069 0.520494 0.888552 0.679709 0.936310
0.562835 0.317911 0.258103 0.497375 0.281389 0.708836 0.375809 0.713306 0.540823 0.877855 0.601719 0.853081
0.540042 0.390001 0.305955 0.349262 0.250315 0.682896 0.437002 0.668349 0.496825 0.843408 0.764788 0.873352
0.494904 0.285934 0.273377 0.378925 0.245077 0.639544 0.327459 0.776450 0.462695 0.789436 0.626325 0.850530
0.542791 0.341868 0.232401 0.365159 0.220869 0.589999 0.459899 0.747865 0.463298 0.783178 0.711890 0.906698
0.573852 0.288130 0.214269 0.435164 0.219252 0.649895 0.329304 0.721263 0.522197 0.802595 0.695989 0.900016
0.600154 0.340806 0.236943 0.317053 0.250823 0.792759 0.374353 0.638573 0.477059 0.825290 0.781950 0.914452
0.499578 0.419190 0.287713 0.422056 0.224379 0.660220 0.471603 0.687487 0.496567 0.777946 0.753050 0.920510
0.617035 0.249057 0.299622 0.409261 0.246501 0.617668 0.387462 0.715603 0.564761 0.902517 0.748772 0.982130
0.635958 0.294140 0.302937 0.433950 0.206461 0.741467 0.452495 0.714774 0.486627 0.917697 0.750915 0.944342
0.652728 0.241005 0.314417 0.474790 0.121985 0.676035 0.347866 0.725501 0.522918 0.899099 0.784645 0.867821
0.577102 0.237941 0.347052 0.324490 0.270073 0.686100 0.346724 0.697853 0.479525 0.628506 0.844790 0.972130
0.515724 0.268992 0.253332 0.444876 0.228473 0.724946 0.387287 0.708869 0.496582 0.815814 0.712317 0.897604
0.659425 0.293689 0.363757 0.371847 0.202205 0.666123 0.428489 0.766224 0.488988 0.790911 0.711627 0.895716
0.601831 0.316687 0.263470 0.409403 0.310201 0.639466 0.323775 0.715500 0.448123 0.903281 0.675636 0.905624
0.673671 0.344848 0.278007 0.428947 0.256086 0.685294 0.386792 0.764298 0.503842 0.805710 0.787118 0.909460
0.497725 0.349458 0.272521 0.269283 0.267499 0.615033 0.429802 0.684710 0.478341 0.906337 0.758468 0.921669
0.608997 0.282619 0.239240 0.358253 0.198179 0.719084 0.351248 0.685596 0.430005 0.891282 0.786113 0.966160
0.540577 0.307686 0.288356 0.434048 0.175670 0.611498 0.454148 0.765274 0.461799 0.801626 0.697909 0.888941
0.557152 0.271053 0.257858 0.418137 0.232228 0.628396 0.308559 0.722566 0.484770 0.883722 0.702888 0.902812
0.635022 0.305836 0.191883 0.416099 0.209192 0.584119 0.394822 0.686230 0.564519 0.928367 0.716212 0.889847
0.612797 0.311065 0.301801 0.395328 0.236621 0.644352 0.385673 0.732849 0.545115 0.842159 0.814040 0.971929
0.610081 0.301519 0.292567 0.416263 0.228468 0.734192 0.422606 0.753095 0.548913 0.838731 0.638809 1.019630
0.568072 0.278734 0.307299 0.347353 0.137392 0.679147 0.400911 0.644331 0.433793 0.866410 0.778551 0.872324
0.673972 0.323899 0.354975 0.347376 0.262879 0.725381 0.368879 0.734004 0.522152 0.873236 0.721706 0.900259
0.576191 0.279239 0.276470 0.401560 0.265597 0.638002 0.356440 0.701253 0.513033 0.898006 0.736979 0.965922
0.684945 0.316887 0.257595 0.407438 0.240848 0.666394 0.395610 0.808104 0.477025 0.876217 0.767264 0.964139
0.624165 0.336608 0.273472 0.356214 0.192114 0.693384 0.401645 0.620316 0.516646 0.829789 0.668332 0.879677
0.592374 0.226558 0.325811 0.411352 0.276347 0.716034 0.344583 0.729362 0.472443 0.838021 0.728366 0.904306
0.578695 0.370451 0.274594 0.434600 0.218200 0.692120 0.313060 0.711014 0.508240 0.743527 0.684433 0.832294
0.661462 0.245871 0.295498 0.421415 0.294747 0.677450 0.310098 0.744003 0.578454 0.815785 0.817435 0.891394
0.645914 0.222576 0.193293 0.385101 0.320809 0.710071 0.478330 0.733543 0.499947 0.889090 0.790006 0.919333
0.637358 0.286375 0.331314 0.434555 0.196368 0.788186 0.486905 0.785205 0.501948 0.879502 0.759833 0.926109
0.538188 0.340428 0.276632 0.411354 0.253599 0.708529 0.334482 0.613071 0.464057 0.823945 0.722932 0.980789
0.607328 0.310797 0.392096 0.383044 0.211667 0.664836 0.439800 0.675520 0.479333 0.786260 0.643210 0.946978
0.552704 0.324643 0.222069 0.381039 0.227985 0.600096 0.362405 0.713160 0.401551 0.854190 0.770759 0.939549
0.682817 0.386336 0.335073 0.399476 0.192684 0.689978 0.364020 0.709648 0.504667 0.829775 0.780238 0.981838
0.630335 0.336499 0.373195 0.403473 0.259859 0.648226 0.419138 0.757520 0.412568 0.854586 0.725339 0.933055
0.578492 0.294593 0.383320 0.402483 0.165166 0.729706 0.368705 0.761066 0.425580 0.890407 0.774294 0.922550
0.621660 0.354681 0.345101 0.482054 0.283179 0.645034 0.435225 0.720710 0.485881 0.795236 0.761438 0.908664
0.587427 0.273367 0.300218 0.452499 0.208333 0.733665 0.349116 0.789847 0.499964 0.882997 0.675507 0.839344
0.671768 0.395988 0.287722 0.498114 0.094241 0.668146 0.326674 0.766326 0.458884 0.803182 0.785170 0.906812
0.662193 0.362797 0.199773 0.436231 0.252390 0.729133 0.430561 0.843994 0.532202 0.861100 0.772955 0.833242
0.641972 0.349612 0.282344 0.487372 0.210360 0.711558 0.335758 0.773987 0.480618 0.854759 0.748108 0.943311
0.591060 0.350224 0.208234 0.395420 0.268096 0.732635 0.339639 0.727261 0.458794 0.890671 0.774735 0.876627
0.585212 0.353818 0.310083 0.431951 0.349555 0.689287 0.439663 0.782935 0.549580 0.929348 0.721951 0.864700
0.749299 0.215841 0.213759 0.399842 0.197081 0.732566 0.357470 0.663133 0.490699 0.858617 0.753837 0.941531
0.563467 0.251773 0.320612 0.395463 0.181698 0.718926 0.406117 0.644227 0.491745 0.879766 0.697312 0.822290
0.594413 0.298278 0.282792 0.306692 0.275227 0.567346 0.359708 0.678659 0.574079 0.874986 0.699601 0.947998
0.555263 0.239285 0.281934 0.398837 0.251885 0.605158 0.400908 0.759315 0.523660 0.805261 0.764151 0.898857
0.575222 0.318150 0.375612 0.458512 0.243432 0.723112 0.381021 0.780994 0.479871 0.875142 0.667424 0.917425
0.677643 0.320161 0.251587 0.467924 0.266368 0.667829 0.398126 0.697631 0.541856 0.738011 0.765882 0.936160
0.544928 0.388269 0.276201 0.437218 0.227764 0.646252 0.316540 0.704730 0.433331 0.873553 0.781914 0.925463
0.539359 0.321945 0.274988 0.392718 0.205492 0.656914 0.409687 0.732172 0.494827 0.885901 0.844932 0.943603
0.575986 0.290089 0.234985 0.359836 0.264729 0.642481 0.375487 0.820297 0.454883 0.840135 0.766277 0.916089
0.623996 0.252064 0.275196 0.333723 0.200739 0.678784 0.319977 0.753298 0.494032 0.823310 0.791060 0.869701
0.694593 0.362389 0.348059 0.451115 0.247478 0.691124 0.325221 0.724897 0.435057 0.826547 0.720184 0.927781
0.548659 0.277141 0.348592 0.455141 0.287687 0.651827 0.331454 0.704307 0.490271 0.793695 0.793440 0.900083
0.536926 0.272082 0.236526 0.506221 0.248985 0.679085 0.441860 0.706171 0.512111 0.882506 0.729233 0.956428
0.647492 0.336091 0.241380 0.441927 0.235786 0.725112 0.362745 0.717226 0.507149 0.861121 0.730404 0.905242
0.546113 0.258797 0.270867 0.432971 0.198804 0.703157 0.373463 0.758279 0.582459 0.867559 0.645320 0.901997
0.627039 0.359336 0.275546 0.456167 0.191944 0.676103 0.369073 0.701896 0.448984 0.775420 0.803882 0.912122
0.604039 0.303786 0.357439 0.300572 0.187963 0.731330 0.325891 0.778498 0.504780 0.874500 0.766887 0.904888
0.622579 0.259582 0.263893 0.377504 0.241790 0.746170 0.398455 0.820652 0.559920 0.733328 0.799160 0.921433
0.579464 0.285866 0.281274 0.490619 0.150832 0.709975 0.354249 0.716729 0.491803 0.847874 0.730835 0.987139
0.538441 0.366616 0.248637 0.450715 0.164316 0.644176 0.327060 0.675633 0.443194 0.757215 0.729870 0.919156
0.634171 0.287892 0.316851 0.442447 0.228281 0.674244 0.347870 0.811809 0.483765 0.848823 0.704325 0.961495
0.649075 0.393169 0.294016 0.390558 0.162544 0.592226 0.388216 0.850411 0.454402 0.860040 0.751683 0.898269
0.654370 0.337480 0.244988 0.377446 0.203028 0.621859 0.461524 0.714171 0.527991 0.841405 0.738084 0.963312
0.553314 0.328532 0.301306 0.368472 0.214079 0.729830 0.360583 0.743708 0.485911 0.818059 0.809440 0.865885
0.522975 0.191583 0.238911 0.308923 0.116998 0.679622 0.354321 0.668564 0.481703 0.733177 0.728997 0.917196
0.592848 0.321142 0.234070 0.317255 0.190072 0.657001 0.399021 0.730371 0.525902 0.819451 0.754681 0.910492
0.595838 0.357981 0.285350 0.378652 0.240651 0.640382 0.300993 0.622340 0.538956 0.793951 0.850256 0.898027
0.642645 0.242847 0.306087 0.394468 0.289682 0.721865 0.394913 0.730551 0.513185 0.858762 0.714960 0.822866
0.609352 0.314458 0.306117 0.287666 0.202209 0.641127 0.439393 0.735254 0.494533 0.935027 0.766745 0.955817
0.667949 0.279299 0.204017 0.448625 0.311006 0.669327 0.496135 0.703274 0.564900 0.829176 0.746357 0.877110
0.636959 0.296513 0.270703 0.449556 0.249207 0.689799 0.414690 0.705130 0.467072 0.877245 0.717648 0.935682
0.616750 0.317458 0.195507 0.486295 0.318417 0.668899 0.384459 0.719650 0.460515 0.816990 0.701988 0.923651
0.596108 0.378308 0.308064 0.426573 0.315720 0.709528 0.398053 0.848479 0.432117 0.879872 0.797191 1.013308
0.619346 0.388243 0.184033 0.418174 0.192086 0.664556 0.403694 0.702087 0.478699 0.876537 0.802668 0.845143
0.674338 0.351019 0.279133 0.366845 0.240965 0.764927 0.409296 0.748854 0.549228 0.832836 0.656281 0.987777
0.639044 0.340422 0.333421 0.465490 0.299950 0.637988 0.424782 0.726379 0.493197 0.911774 0.719709 0.888378
0.548970 0.299003 0.288335 0.497668 0.199098 0.772045 0.406801 0.734025 0.517215 0.911318 0.703243 0.843462
0.572576 0.314358 0.328641 0.396812 0.293248 0.612074 0.380414 0.741799 0.500101 0.815286 0.730982 0.895908
0.591924 0.294978 0.351155 0.391489 0.228835 0.722281 0.356382 0.670018 0.522147 0.782676 0.789651 0.917620
0.656608 0.295356 0.318169 0.454557 0.258150 0.571481 0.487737 0.729877 0.550353 0.848425 0.728761 0.942356
0.640852 0.393149 0.243899 0.396147 0.189711 0.691016 0.344222 0.714145 0.534740 0.829665 0.780666 0.883311
0.570271 0.350854 0.277574 0.366998 0.161335 0.772714 0.373908 0.726181 0.501369 0.873069 0.739449 0.919978
0.557166 0.371728 0.288530 0.364273 0.250661 0.615103 0.402860 0.731766 0.488027 0.855241 0.679163 0.945327
0.529145 0.296821 0.318457 0.374169 0.310394 0.724143 0.415402 0.828788 0.531305 0.897525 0.791347 0.937165
0.647532 0.278516 0.227620 0.448150 0.325659 0.705937 0.446482 0.710258 0.421421 0.828713 0.684864 0.957438
0.550066 0.333326 0.302515 0.432651 0.193277 0.702823 0.420871 0.764575 0.522842 0.798398 0.764795 0.821023
0.500272 0.326888 0.233475 0.445104 0.180044 0.670617 0.387639 0.703307 0.459228 0.828602 0.659863 0.949968
0.545651 0.337976 0.262787 0.416534 0.101906 0.653503 0.385546 0.761467 0.534797 0.809861 0.758846 0.917933
0.720943 0.244799 0.306283 0.424740 0.280266 0.720546 0.316186 0.692260 0.342671 0.839577 0.708624 0.931194
0.536799 0.387892 0.322544 0.508565 0.215533 0.620730 0.495237 0.703146 0.424880 0.892645 0.699975 0.956255
0.570297 0.289357 0.275355 0.486268 0.228480 0.658949 0.384866 0.647059 0.472678 0.877426 0.642629 0.988031
0.618020 0.353808 0.318915 0.368381 0.248857 0.684011 0.433924 0.742720 0.473233 0.874086 0.697357 0.999208
0.651082 0.362425 0.327319 0.379527 0.220101 0.739291 0.272462 0.844366 0.560918 0.892810 0.839317 0.991257
0.596720 0.235054 0.277608 0.427933 0.224898 0.728035 0.362514 0.775402 0.440678 0.797405 0.757275 0.901032
0.683193 0.275097 0.317882 0.428190 0.206018 0.663201 0.444125 0.698262 0.412093 0.899680 0.806871 0.899424
0.537182 0.329183 0.260716 0.507865 0.207155 0.658615 0.360529 0.787951 0.559788 0.852026 0.801571 0.970167
0.623347 0.331838 0.304648 0.401194 0.240665 0.648586 0.349219 0.777947 0.562002 0.904236 0.755142 0.875330
0.600378 0.266280 0.294202 0.451839 0.212414 0.709806 0.378193 0.746388 0.474757 0.866185 0.755227 0.917975
0.615946 0.277607 0.331320 0.388807 0.192861 0.685038 0.417349 0.741029 0.519017 0.886807 0.751371 0.945800
0.628272 0.269147 0.253121 0.396725 0.248324 0.632471 0.398756 0.737350 0.513182 0.880129 0.751057 0.836337
0.592167 0.341595 0.222517 0.356750 0.225109 0.658392 0.415053 0.697654 0.536214 0.885416 0.760965 0.967220
0.608985 0.353414 0.322279 0.442612 0.204345 0.617868 0.367318 0.663016 0.459280 0.722163 0.648033 0.868169
0.677152 0.331063 0.203245 0.431861 0.106787 0.742722 0.444022 0.790340 0.456937 0.838455 0.786690 1.009014
0.680954 0.337765 0.214487 0.487990 0.170810 0.665947 0.364166 0.632856 0.485904 0.853740 0.716741 0.904159
0.546195 0.362387 0.294385 0.416660 0.211986 0.742755 0.397494 0.701301 0.555159 0.839362 0.713083 1.017691
0.610213 0.333984 0.323420 0.449902 0.239020 0.693778 0.382604 0.709730 0.449890 0.778325 0.760945 0.962546
0.638636 0.399729 0.367389 0.395803 0.229376 0.767164 0.421151 0.684893 0.501684 0.792576 0.724547 0.901045
0.692696 0.326980 0.315896 0.369362 0.261721 0.639929 0.294890 0.702977 0.443446 0.868103 0.667870 0.963014
0.614786 0.448993 0.248200 0.407904 0.231295 0.705292 0.325790 0.729241 0.469089 0.848155 0.840606 1.012819
0.598204 0.215617 0.286459 0.414159 0.227912 0.662537 0.390745 0.745620 0.526876 0.780863 0.706413 0.973216
0.498285 0.355261 0.271081 0.417308 0.131709 0.671097 0.353256 0.693191 0.394957 0.850438 0.778275 0.849163
0.513958 0.476863 0.268627 0.444884 0.234489 0.634316 0.366444 0.759037 0.494246 0.831005 0.587228 0.958708
0.598065 0.380174 0.245376 0.492295 0.183851 0.659836 0.347701 0.672372 0.506803 0.807569 0.741442 0.955324
0.590747 0.325162 0.295469 0.379297 0.254472 0.634646 0.339311 0.742074 0.518506 0.824526 0.648648 0.959066
0.593690 0.417122 0.287935 0.390781 0.150445 0.611019 0.450924 0.735742 0.521531 0.757098 0.693108 0.845890
0.609776 -0.031354 0.860189 0.028416 0.213233 0.460772 0.055212 0.441999 0.425905 0.031200 0.998387 0.637048
0.608425 0.013618 0.855095 0.143581 0.243447 0.503316 -0.024610 0.478275 0.474939 0.105276 0.977888 0.520015
0.543155 0.037677 0.943968 0.153615 0.228121 0.475231 0.027374 0.419975 0.398460 0.141872 0.995746 0.612476
0.582789 0.014683 0.865769 0.137878 0.186774 0.437593 0.033958 0.346597 0.524498 0.079093 1.022954 0.577322
0.525114 0.002314 0.953910 0.134325 0.252098 0.475033 0.043038 0.401109 0.387734 0.123817 1.004002 0.490454
0.527856 0.056808 0.828291 0.139892 0.214071 0.464703 0.070225 0.420898 0.439730 0.120869 0.984321 0.559779
0.521620 0.025482 0.888351 0.076314 0.186371 0.414673 0.030569 0.382581 0.421701 0.137187 0.960742 0.524730
0.528551 -0.013391 0.879063 0.109064 0.270864 0.562727 0.060338 0.350693 0.446928 0.034369 1.031554 0.498951
0.518865 0.125727 0.838191 0.056723 0.152510 0.481835 -0.014346 0.396431 0.452041 0.155523 0.972186 0.513940
0.611149 -0.000874 0.817978 0.084640 0.188128 0.528421 0.122863 0.394269 0.511899 0.029770 0.931951 0.637963
0.564737 -0.055959 0.824829 0.086529 0.233503 0.483404 0.054506 0.292264 0.441929 0.061401 0.922504 0.510548
0.491545 0.030320 0.832212 0.106299 0.141694 0.411921 -0.044341 0.407561 0.446962 0.123995 1.030292 0.585002
0.481002 0.046581 0.941327 0.087764 0.171953 0.632877 0.096153 0.406534 0.480465 0.085151 0.916558 0.508924
0.488414 0.031469 0.849214 0.101685 0.180555 0.487677 0.105060 0.365854 0.465960 -0.011760 0.955051 0.498493
0.452270 0.008791 0.917313 0.073662 0.286061 0.411442 -0.001539 0.443494 0.420067 0.085438 1.026700 0.641188
0.603896 0.045840 0.807347 0.099720 0.090443 0.487758 -0.009006 0.448110 0.539306 0.009623 1.024907 0.536610
0.528985 0.103739 0.933850 0.090249 0.273774 0.473966 -0.000305 0.420067 0.489250 0.121701 0.882110 0.588373
0.542488 -0.004274 0.777241 0.188501 0.210131 0.463194 -0.112038 0.406905 0.490849 0.047854 0.960057 0.617351
0.513130 0.014741 0.908189 0.090024 0.142515 0.397940 0.038413 0.295211 0.448395 0.229061 0.967369 0.527639
0.522360 0.167649 0.824844 0.090451 0.258177 0.494084 -0.008991 0.407955 0.400395 0.118435 0.961830 0.510717
0.565207 0.033763 0.804650 -0.015380 0.227701 0.569394 0.098380 0.495503 0.471215 0.082969 0.904275 0.584253
0.483379 0.048970 0.851400 0.085485 0.199012 0.501876 0.094379 0.455262 0.459927 0.149983 0.973785 0.587246
0.641896 -0.089322 0.827614 0.131256 0.262588 0.581197 -0.007203 0.408861 0.409066 0.131326 0.930808 0.533458
0.550333 0.031030 0.887921 0.070313 0.195510 0.461623 0.043394 0.342442 0.353272 0.051488 0.924422 0.637047
0.530013 0.046759 0.907204 0.126442 0.212458 0.433982 0.086114 0.399992 0.472753 0.104394 1.021915 0.546004
0.472601 -0.019553 0.819223 0.101417 0.249382 0.474989 0.046771 0.385339 0.484363 0.164280 0.917862 0.534109
0.566000 0.067135 0.862997 0.106612 0.299420 0.445603 0.047510 0.353288 0.413659 0.191235 0.920392 0.611327
0.543862 0.055525 0.866165 0.155270 0.221300 0.473533 0.023045 0.346114 0.433987 0.117156 1.008702 0.621054
0.632564 0.031821 0.832540 0.055487 0.210661 0.386114 0.015575 0.398089 0.497581 0.172908 0.977408 0.555860
0.559368 0.117258 0.816383 0.061299 0.157836 0.474717 -0.015501 0.387908 0.503228 0.092958 0.907363 0.505119
0.557963 0.036723 0.830201 0.169541 0.182090 0.504510 0.040727 0.432938 0.466240 0.077358 0.954999 0.608779
0.598987 0.016496 0.872656 0.051194 0.240935 0.530510 0.020613 0.460436 0.480563 0.071539 0.961446 0.562623
0.571312 0.103491 0.854037 0.063429 0.299238 0.434226 0.060811 0.387941 0.508085 0.169548 1.009912 0.550459
0.590182 -0.040948 0.930284 0.085860 0.266842 0.443212 0.039761 0.457031 0.449281 0.147654 0.951903 0.573284
0.616940 -0.015632 0.912046 0.103699 0.226234 0.561218 0.042577 0.417645 0.460575 0.165393 0.841761 0.522053
0.500004 -0.013548 0.741685 0.069541 0.181966 0.466818 0.021454 0.297293 0.456615 0.033520 1.037963 0.577823
0.533769 0.042593 0.926812 0.160263 0.147133 0.529328 -0.086354 0.395234 0.490989 0.090472 1.135476 0.448426
0.512955 0.006564 0.880012 0.133864 0.179884 0.437067 0.083474 0.291085 0.437704 0.128846 0.960670 0.630553
0.596503 -0.039777 0.936321 0.074905 0.142775 0.525771 0.027379 0.308321 0.443833 0.157666 0.998904 0.584104
0.499864 -0.020179 0.908107 0.105636 0.286993 0.490006 0.015227 0.388151 0.497028 0.146178 0.978003 0.557771
0.554747 0.167466 0.766721 -0.017645 0.204498 0.418790 0.089639 0.525463 0.493691 0.040298 0.963133 0.586178
0.521627 0.093089 0.855215 0.046076 0.148103 0.526913 0.029876 0.358345 0.396209 0.061543 1.050638 0.522637
0.545096 -0.047444 0.894344 -0.023066 0.226471 0.534498 -0.033402 0.440401 0.482883 0.133790 1.031750 0.490662
0.517139 0.035635 0.831390 0.192131 0.216334 0.484565 0.022130 0.440114 0.443901 0.135320 0.994421 0.571784
0.537988 -0.001713 0.773679 0.065043 0.213397 0.460540 0.138722 0.265682 0.480055 0.113511 0.947771 0.509792
0.555868 -0.050572 0.882578 0.080937 0.200949 0.453687 -0.013065 0.464245 0.480870 0.098790 0.980950 0.593726
0.573090 0.146484 0.762081 0.135971 0.137046 0.419998 -0.020340 0.389452 0.467368 0.110060 0.992759 0.599006
0.537641 -0.009606 0.910005 0.002348 0.268948 0.376254 0.109120 0.441633 0.503520 0.117775 0.967738 0.592314
0.570836 0.038430 0.868564 0.079780 0.237982 0.504169 -0.021544 0.483108 0.392426 0.058178 0.988251 0.599610
0.484747 0.005901 0.838252 0.134761 0.186640 0.447299 0.020509 0.399535 0.479072 0.100256 0.983497 0.514316
0.622112 -0.100290 0.848580 0.088949 0.227008 0.497062 0.022847 0.389860 0.552848 0.137725 0.999687 0.556119
0.477565 0.058409 0.847875 0.117965 0.211073 0.507547 0.056828 0.444644 0.537355 0.082589 1.033854 0.498466
0.486582 -0.087786 0.944380 0.073731 0.204735 0.411170 -0.017922 0.319842 0.397147 0.064957 0.976773 0.557442
0.478770 -0.004689 0.817578 0.077112 0.218867 0.475597 0.038207 0.462600 0.498205 0.072163 0.992913 0.562178
0.598174 0.027079 0.851512 0.182304 0.218576 0.505163 0.022023 0.448870 0.474157 0.117718 1.022039 0.513823
0.473656 0.004589 0.834180 -0.010265 0.205666 0.462322 0.016192 0.380105 0.477132 0.151636 0.980059 0.610910
0.503496 0.024263 0.844315 0.097034 0.193514 0.513278 0.014711 0.497777 0.468137 0.020018 1.012639 0.598568
0.516489 0.057362 0.878776 -0.004908 0.296414 0.454271 0.020096 0.356010 0.525430 0.014298 0.974595 0.514219
0.502026 -0.031017 0.816862 0.111813 0.218319 0.455364 0.053411 0.285811 0.492493 0.159583 0.977501 0.527936
0.537191 -0.080559 0.925629 0.205707 0.186505 0.427068 -0.007060 0.364412 0.467266 0.102077 1.060205 0.540785
0.600492 0.086709 0.851205 0.137100 0.269949 0.518359 -0.034888 0.415298 0.489040 0.139750 0.887384 0.581490
0.531610 0.081611 0.900452 0.145288 0.194774 0.501609 0.032248 0.377471 0.366832 0.163716 0.990583 0.628130
0.505250 -0.006649 0.893984 0.086165 0.298592 0.518956 -0.036293 0.447091 0.485147 0.099281 0.888982 0.528004
0.591749 -0.066468 0.924694 0.128933 0.200479 0.412098 0.032122 0.366006 0.531549 0.059674 0.968634 0.539818
0.588078 0.039048 0.849821 0.084934 0.256826 0.442747 0.090959 0.466460 0.483012 0.156339 0.968353 0.566515
0.424865 0.005947 0.961091 0.063018 0.246148 0.551502 0.106356 0.319863 0.535824 0.080469 0.972050 0.572476
0.537883 -0.005277 0.917311 0.085150 0.208570 0.461540 0.093031 0.326511 0.568885 0.087800 0.956433 0.558621
0.528982 -0.060511 0.878831 0.062332 0.129761 0.534268 -0.025278 0.340932 0.470274 0.022520 0.894966 0.536178
0.491203 0.124195 0.777617 0.105930 0.119742 0.372396 -0.022506 0.383333 0.345784 0.068353 0.996647 0.534316
0.464968 0.015075 0.889812 0.200193 0.222408 0.426106 0.104585 0.327920 0.432056 0.058969 1.022656 0.545478
0.606718 -0.018156 0.797252 0.018321 0.201539 0.412131 0.036836 0.437023 0.477006 0.043412 0.971789 0.482614
0.509054 -0.017873 0.817345 0.027700 0.238056 0.496853 0.022294 0.454136 0.517409 0.117372 1.004304 0.546244
0.569656 0.001548 0.818950 0.113942 0.276585 0.536554 0.088046 0.403455 0.448261 0.059196 0.955315 0.620136
0.554902 -0.176862 0.826998 0.175136 0.134676 0.434439 0.062723 0.429333 0.440793 0.050598 0.899154 0.488020
0.544488 -0.035438 0.957363 -0.006828 0.156336 0.492787 -0.038663 0.280306 0.582232 0.122064 0.994410 0.598458
0.567424 0.051379 0.749126 0.086864 0.219458 0.382167 0.033296 0.451178 0.546431 0.058050 0.906467 0.577289
0.508019 0.052843 0.804935 0.147236 0.205956 0.466141 -0.028687 0.374400 0.426371 0.000205 0.998821 0.623864
0.530009 -0.060916 0.843794 0.045964 0.202146 0.498470 0.185135 0.467161 0.448314 0.018504 1.132534 0.595379
0.598405 -0.013886 0.753159 0.105123 0.202797 0.480323 0.004118 0.379591 0.391240 0.122357 0.969846 0.484240
0.524884 -0.010919 0.789709 0.097762 0.265583 0.382992 0.023524 0.470216 0.437618 0.015277 0.988022 0.569679
0.496013 0.046270 0.771803 0.090014 0.202369 0.629278 0.095803 0.480755 0.510363 0.022340 1.081830 0.554708
0.478902 -0.010376 0.882794 0.145439 0.266185 0.525157 0.071399 0.447243 0.418756 0.069589 1.045045 0.552958
0.491444 0.073340 0.733322 0.145461 0.150854 0.378246 0.068067 0.351793 0.487628 0.039567 1.048754 0.530112
0.560143 0.027981 0.843548 0.061548 0.269383 0.493971 0.037301 0.404422 0.485228 0.127513 1.027444 0.460735
0.488594 0.043800 0.810863 0.138641 0.204950 0.388734 -0.006820 0.393955 0.456421 0.132706 0.892760 0.513221
0.613482 -0.063014 0.897270 0.164289 0.164911 0.548137 0.042186 0.479744 0.441624 0.087597 0.956454 0.654843
0.583337 0.014131 0.785098 0.122723 0.222027 0.392877 0.091630 0.400465 0.411744 0.067742 1.008606 0.589249
0.559923 0.008953 0.765250 0.113192 0.188900 0.460341 0.007745 0.439426 0.501795 0.094729 1.037416 0.648567
0.536980 -0.022270 0.853613 0.024800 0.166581 0.507650 -0.048804 0.445941 0.408080 0.066846 1.071069 0.558566
0.570902 -0.047680 0.848320 0.028366 0.216171 0.522159 -0.064127 0.400895 0.494658 0.088025 0.996114 0.562044
0.536421 0.011853 0.832051 0.172951 0.266631 0.486221 -0.069342 0.448530 0.508048 0.089491 0.949159 0.566592
0.653381 0.006540 0.877270 0.111324 0.192073 0.450145 0.134808 0.325548 0.488558 0.160664 0.891963 0.607006
0.540093 0.033959 0.798430 0.182978 0.190141 0.480634 0.003397 0.474229 0.516220 0.144176 1.123295 0.507734
0.561796 0.010089 0.821469 -0.002237 0.103617 0.495029 0.021235 0.453880 0.472001 0.092793 0.976255 0.579968
0.576452 0.060504 0.904467 0.145215 0.210582 0.467708 0.058051 0.461853 0.491770 0.170935 0.889478 0.572842
0.671407 0.068459 0.791768 0.098130 0.122250 0.515488 0.037862 0.411859 0.550251 0.099389 0.983119 0.647799
0.611816 -0.015818 0.911074 0.012649 0.216573 0.491324 -0.004484 0.404442 0.378245 0.111876 1.137162 0.505000
0.512549 -0.064867 0.834958 0.042654 0.169053 0.501407 0.039360 0.351821 0.453626 0.103548 0.939203 0.596843
0.591976 -0.064092 0.851289 0.125415 0.255182 0.551336 0.086143 0.476793 0.514206 -0.000354 1.012183 0.506307
0.581184 0.040584 0.854969 0.098040 0.137726 0.507716 -0.028037 0.401447 0.417435 0.108710 0.986663 0.533355
0.520311 0.059569 0.891203 0.019287 0.284036 0.514889 -0.012946 0.447933 0.530887 0.066610 0.987808 0.617805
0.522642 0.092340 0.863101 0.083239 0.143768 0.499531 0.058217 0.397578 0.515819 0.035536 0.907594 0.623575
0.505139 0.000734 0.919460 0.087133 0.257960 0.440576 0.026192 0.298705 0.507085 0.147810 0.995040 0.466118
0.580391 0.008256 0.837757 0.175164 0.192614 0.498683 -0.016197 0.409378 0.513854 0.155967 0.967915 0.553463
0.557397 -0.050030 0.822306 0.011364 0.227154 0.487426 0.043565 0.407242 0.420966 0.047300 0.940865 0.571934
0.586756 -0.105160 0.786317 0.004106 0.251247 0.533805 0.070372 0.370137 0.479382 0.026040 0.882161 0.606659
0.541488 0.029491 0.855821 0.073118 0.226814 0.384377 -0.102299 0.478019 0.477961 0.076636 1.019922 0.500763
0.469800 0.045501 0.874998 0.123696 0.287192 0.442551 0.050772 0.365445 0.460497 0.192535 1.044249 0.543646
0.524837 0.048206 0.856340 0.109340 0.290851 0.501003 0.065065 0.428380 0.582467 0.165694 1.020856 0.542136
0.618080 -0.004035 0.922785 0.030143 0.215275 0.515680 0.053414 0.366715 0.528132 0.099412 0.963784 0.507947
0.532136 -0.048095 0.849947 0.027101 0.146606 0.449886 -0.015160 0.472942 0.397495 0.070667 1.047213 0.572049
0.556409 0.001147 0.872469 0.153613 0.261345 0.470402 0.051173 0.469042 0.457184 0.133975 1.037183 0.513686
0.553911 -0.023648 0.851916 0.060688 0.226027 0.386035 -0.065492 0.388969 0.473855 0.115520 1.088872 0.550776
0.615413 0.063823 0.868215 0.040913 0.347088 0.503594 0.077035 0.454873 0.602416 0.013800 0.927537 0.560062
0.543144 0.046488 0.948521 0.100600 0.195036 0.435204 -0.022089 0.338187 0.611854 0.090356 1.102555 0.561885
0.594652 -0.074130 0.815644 0.077116 0.132763 0.486044 -0.025924 0.331378 0.401206 0.081572 0.987898 0.572353
0.568997 0.123850 0.778029 0.046619 0.143498 0.488123 0.021452 0.427025 0.541448 0.083512 0.999506 0.605214
0.652475 0.020476 0.919991 -0.015479 0.181475 0.444407 0.005366 0.453297 0.475943 0.100713 1.038154 0.542847
0.551418 -0.096403 0.775780 0.031594 0.211673 0.448294 -0.010519 0.387512 0.464539 0.169080 0.971152 0.613919
0.564422 -0.029670 0.801503 0.045296 0.198912 0.424792 0.019719 0.371867 0.451401 0.078627 1.032429 0.551449
0.603155 -0.031987 0.796232 0.040596 0.147704 0.541309 0.045660 0.331559 0.482224 0.047832 0.896626 0.575784
0.582848 -0.042128 0.807370 0.033113 0.196848 0.391207 0.042898 0.463339 0.429418 0.058699 0.982255 0.517422
0.491899 -0.063825 0.928868 0.055671 0.224233 0.452237 0.019674 0.440496 0.511959 0.068867 0.978476 0.472061
0.558603 -0.016696 0.916023 0.026322 0.227081 0.440750 0.081615 0.311109 0.525588 0.044908 1.086385 0.483009
0.505214 0.057550 0.774093 0.096408 0.278771 0.527156 0.126690 0.506277 0.499268 0.022368 0.913730 0.463139
0.616128 -0.004261 0.853323 0.139169 0.152206 0.386689 0.034401 0.400511 0.573929 0.063315 1.026538 0.612997
0.519540 0.063924 0.806575 0.127464 0.218541 0.482377 0.132332 0.398210 0.395938 0.047567 1.058214 0.532767
0.650977 0.007815 0.825073 0.111121 0.226211 0.367861 -0.048983 0.444589 0.548243 0.061891 0.967020 0.533079
0.644102 -0.035103 0.795861 0.170497 0.260748 0.403667 -0.033825 0.352196 0.429378 0.024485 0.964137 0.487931
0.661398 -0.003202 0.813365 0.124628 0.211690 0.490949 0.051801 0.356257 0.455873 0.067454 0.937206 0.541545
0.456786 0.027698 0.811745 0.066717 0.185986 0.500208 -0.019343 0.348039 0.468465 0.094411 0.980630 0.500162
0.486735 0.039472 0.877488 0.070057 0.198811 0.486782 0.028930 0.286299 0.403849 0.025591 0.976677 0.603486
0.545393 0.010115 0.756976 0.058634 0.245027 0.499981 -0.009072 0.322361 0.424684 0.149745 0.938623 0.516272
0.588515 -0.065793 0.848922 0.090664 0.130115 0.524299 0.030187 0.370102 0.491442 0.223369 0.959572 0.572039
0.605664 -0.015250 0.794052 0.037476 0.259903 0.430266 -0.017821 0.387816 0.463717 -0.031978 1.007738 0.620595
0.460094 -0.081900 0.813470 0.098337 0.238464 0.479187 0.013550 0.459802 0.408924 0.007529 0.987307 0.614114
0.584944 0.038339 0.891274 0.105919 0.162214 0.476158 -0.049289 0.448736 0.478900 0.060578 1.038199 0.628650
0.672672 -0.049007 0.736275 0.081280 0.213272 0.535782 0.094642 0.336954 0.536392 0.153849 0.989019 0.562136
0.522070 0.011724 0.900797 0.076100 0.261997 0.520845 0.020794 0.358336 0.440867 0.093703 1.012668 0.588232
0.596519 -0.025546 0.850461 0.054317 0.286309 0.415011 -0.023053 0.457320 0.474870 0.015832 0.952625 0.596936
0.550391 -0.002022 0.903680 0.039812 0.131270 0.501616 -0.009360 0.440248 0.395769 0.159314 1.077898 0.466012
0.522649 -0.042926 0.859044 0.096204 0.167719 0.510305 -0.023787 0.360984 0.518394 0.065452 0.973400 0.593261
0.551062 -0.042308 0.840511 0.210715 0.263941 0.452829 -0.003461 0.378264 0.505568 0.029970 0.991143 0.526219
0.661411 -0.002016 0.816418 0.097683 0.260323 0.477811 -0.013439 0.340762 0.406784 0.068850 1.042873 0.491565
0.679438 -0.023887 0.949383 0.119555 0.169080 0.545335 -0.055167 0.373344 0.438398 0.094430 1.025441 0.608507
0.535061 0.080518 0.852620 0.080816 0.311976 0.450678 0.044343 0.328781 0.396783 0.076795 0.996964 0.514752
0.575577 0.084625 0.828534 0.148220 0.165754 0.506280 -0.015752 0.345948 0.490916 0.084808 1.024380 0.588137
0.464808 0.012364 0.943372 0.079534 0.209570 0.540808 0.036989 0.357843 0.526099 0.045333 1.017004 0.487768
0.537372 0.124261 0.912556 0.028262 0.201159 0.435993 -0.036506 0.454230 0.484439 0.083253 1.022209 0.578922
0.598073 -0.067187 0.755745 0.025767 0.128307 0.477227 0.009274 0.367499 0.509806 0.092837 1.014646 0.490243
0.559774 -0.006731 0.836447 0.070649 0.198569 0.494091 0.083685 0.460187 0.462877 0.080078 0.996269 0.567759
0.589556 -0.037578 0.866012 0.061910 0.240460 0.466972 0.007402 0.396142 0.521451 0.086003 0.977386 0.437056
0.545956 0.111945 0.853736 0.033764 0.249647 0.492167 0.004952 0.417458 0.489343 0.111799 1.041897 0.599725
0.621665 0.031620 0.944633 0.081577 0.142286 0.523596 0.094339 0.431379 0.437941 0.013852 1.108777 0.570627
0.514545 0.014862 0.825845 0.108397 0.263582 0.555416 0.033927 0.317437 0.508749 0.098158 1.009691 0.634747
0.572554 0.020182 0.883449 0.091650 0.177844 0.508633 0.038516 0.360516 0.486513 0.039900 1.030394 0.533175
0.564617 -0.021479 0.953109 0.090096 0.236760 0.518417 0.104625 0.396000 0.560271 0.037700 0.980933 0.585313
0.543692 0.085781 0.790308 0.027587 0.239850 0.464224 0.035685 0.392747 0.472991 0.119653 0.963697 0.611129
0.528719 0.102416 0.842023 0.060656 0.245710 0.593915 0.063114 0.417038 0.481598 0.128140 0.980120 0.489382
0.553074 0.028020 0.778814 0.062562 0.280460 0.375991 0.097912 0.343298 0.458308 0.062886 0.946084 0.628875
0.539914 0.022260 0.835009 0.093028 0.208605 0.367582 0.057221 0.333897 0.456127 0.152543 1.055523 0.522545
0.599581 -0.030125 0.807521 0.128235 0.257975 0.491495 -0.026774 0.404336 0.513777 0.079455 0.999314 0.496333
0.585579 -0.011245 0.775171 0.185666 0.255850 0.442800 -0.009828 0.373087 0.546741 0.116311 0.978782 0.650117
0.620211 -0.068019 0.823808 0.069187 0.166117 0.499286 0.033607 0.402671 0.482307 0.057920 1.029077 0.620613
0.551018 0.099748 0.737861 0.095543 0.209463 0.517926 0.000605 0.331611 0.466728 0.148385 0.954405 0.504204
0.532166 0.069458 0.961983 0.090650 0.169237 0.560536 -0.015004 0.322985 0.539116 0.147353 0.965950 0.473243
0.514496 0.002954 0.854313 0.085318 0.270023 0.486291 0.047148 0.504606 0.508269 0.044009 0.974761 0.506235
0.539274 0.089811 0.789007 -0.007747 0.118798 0.525567 -0.055425 0.456542 0.502680 0.155900 0.937890 0.533150
0.648226 0.017022 0.863217 0.151806 0.252795 0.398259 0.033398 0.366387 0.413244 0.128811 0.963720 0.544720
0.503445 0.049226 0.752439 0.042068 0.275582 0.487309 0.067694 0.495371 0.438951 0.149909 1.111242 0.476557
0.622907 0.012050 0.860366 0.207863 0.207161 0.433720 -0.092427 0.506243 0.581305 0.149317 1.051664 0.599272
0.545706 0.053226 0.785827 0.188709 0.198211 0.421466 0.044724 0.367311 0.469523 0.078938 0.931086 0.610603
0.554991 0.108719 0.867460 0.026466 0.262792 0.510796 0.088984 0.367043 0.470368 0.022486 0.971449 0.519164
0.629197 0.010156 0.832056 0.078843 0.265079 0.538706 0.093658 0.364587 0.449317 0.008370 0.974980 0.581779
0.577469 0.084460 0.831958 0.176345 0.169755 0.499731 -0.000385 0.469373 0.424799 0.034915 0.986405 0.677973
0.552708 0.096694 0.812104 0.018598 0.184352 0.395582 -0.080881 0.384842 0.554115 0.098799 0.966776 0.485925
0.608294 -0.000091 0.880983 0.125234 0.134845 0.443559 0.033340 0.402234 0.410852 0.077944 0.957375 0.496983
0.660547 0.132654 0.893524 0.155993 0.189991 0.514897 0.021460 0.342127 0.482773 0.020559 0.968270 0.583854
0.573524 0.061616 0.787324 0.033757 0.189760 0.535836 -0.055606 0.393454 0.463687 0.187498 1.073402 0.565762
0.515626 -0.007766 0.882777 0.127724 0.321464 0.529309 0.049490 0.413942 0.483084 0.182193 0.982404 0.609185
0.476852 0.009012 0.976730 0.073618 0.263853 0.475829 0.062555 0.334623 0.433132 0.122716 0.991801 0.641565
0.409992 0.027652 0.807116 0.057505 0.076104 0.477910 0.006686 0.469925 0.485618 -0.012581 0.938782 0.587957
0.484104 0.062190 0.864727 0.098936 0.253359 0.456177 0.001906 0.386597 0.449844 0.120907 1.056001 0.500400
0.549019 0.007353 0.899755 0.092860 0.230719 0.503323 0.188231 0.490319 0.493919 0.075327 0.937106 0.562900
0.598227 0.133967 0.808850 0.192324 0.194015 0.436951 0.022883 0.370451 0.463011 0.101125 1.020691 0.536714
0.538490 -0.002450 0.804424 0.065434 0.242601 0.471087 0.017412 0.445474 0.569634 0.084148 1.034657 0.552841
0.628041 0.031415 0.798566 0.088436 0.145864 0.419576 0.014132 0.430701 0.476208 0.149243 0.993514 0.601894
0.512863 0.041343 0.910013 0.077195 0.253154 0.514194 0.011651 0.351760 0.381157 0.084518 1.084209 0.570039
0.512766 -0.028584 0.901579 0.023972 0.216444 0.435637 0.102984 0.503198 0.471189 0.114418 0.989959 0.517912
0.562380 0.060451 0.871753 0.073145 0.134467 0.430737 -0.046686 0.383385 0.424373 0.105116 0.947811 0.571053
0.537258 0.015462 0.904784 0.108878 0.179951 0.521054 0.051806 0.429487 0.424237 0.073694 0.928886 0.547794
0.587811 0.113342 0.886976 0.124304 0.296274 0.595380 -0.079327 0.416407 0.504540 0.133478 0.982964 0.624339
0.573528 -0.001251 0.871517 0.041742 0.263600 0.487054 0.017202 0.427422 0.469374 0.200113 0.966389 0.584062
0.512202 0.013458 0.763969 0.048845 0.309426 0.407200 0.150439 0.440834 0.479973 0.132503 0.991337 0.571983
0.512959 0.012276 0.867597 0.103803 0.279193 0.567059 0.004580 0.361201 0.533080 0.045401 1.001477 0.570528
0.590357 0.097415 0.935335 0.108898 0.354161 0.518495 0.003681 0.394075 0.579129 0.048118 1.014320 0.507756
0.530184 0.079538 0.881825 0.046980 0.248967 0.452391 0.040108 0.374668 0.519874 0.105780 0.868928 0.578986
0.549068 0.030626 0.830339 0.085989 0.283305 0.474749 0.049384 0.418167 0.454679 0.098570 0.921006 0.494975
0.634758 0.047074 0.937176 -0.017771 0.089149 0.472211 0.081063 0.470131 0.498030 0.131884 0.948173 0.541708
0.605221 0.070637 0.838630 0.159077 0.214276 0.554161 0.054421 0.376874 0.425772 0.035507 1.017779 0.595853
0.531855 0.070845 0.897038 0.072228 0.252090 0.498958 0.001956 0.431241 0.412115 0.088445 1.027937 0.598135
0.549469 0.030046 0.934844 0.086993 0.214953 0.496489 0.026744 0.438873 0.531712 0.059080 1.021485 0.547723
0.569685 0.030502 0.787406 0.080831 0.227694 0.504104 0.098479 0.361006 0.362528 0.069245 1.045985 0.495971
0.534120 0.003142 0.866064 0.142771 0.195157 0.467254 -0.004961 0.444535 0.507535 0.094642 0.973196 0.533529
0.631095 0.006744 0.832583 0.119794 0.276943 0.471090 0.037734 0.417101 0.396190 0.067773 0.985622 0.583735
0.541185 0.007567 0.920363 0.134277 0.205142 0.537602 -0.011722 0.413573 0.522030 0.082798 0.964190 0.600069
0.572579 0.003936 0.931345 0.049220 0.169032 0.454634 -0.008312 0.436271 0.384688 0.144100 1.002704 0.579939
0.513419 0.032872 0.823904 0.117579 0.211518 0.446121 -0.017141 0.424156 0.462973 0.070558 0.963561 0.522119
0.583861 -0.072243 0.865696 0.082118 0.226035 0.421905 -0.019985 0.445850 0.504163 0.078358 0.969113 0.535341
0.538420 -0.066819 0.833889 0.060318 0.131765 0.459535 -0.065834 0.288384 0.456553 0.104284 1.001572 0.541401
0.510159 -0.006371 0.821748 0.092979 0.175223 0.482356 0.085505 0.430442 0.511423 0.139251 0.979806 0.485596
0.597041 0.031415 0.799681 -0.014266 0.262447 0.524695 0.082282 0.486620 0.481419 0.133979 0.979120 0.528741
0.602543 0.081040 0.796090 0.133065 0.170280 0.514503 -0.008209 0.303015 0.395777 0.031961 0.984406 0.547892
0.537923 0.016561 0.830556 0.070478 0.164258 0.415458 0.043043 0.372198 0.539235 0.030304 1.079260 0.635051
0.512277 0.093033 0.840364 0.124460 0.234864 0.475100 0.052222 0.331720 0.392243 0.146168 1.009085 0.579908
0.572610 -0.009658 0.783902 0.100827 0.184124 0.621428 -0.034271 0.394306 0.480104 0.110699 0.999496 0.560400
0.497860 0.069323 0.778236 0.101309 0.213015 0.448260 0.050318 0.352137 0.449536 0.154077 1.060787 0.618371
0.561232 0.003126 0.843917 0.055153 0.256918 0.482886 -0.001920 0.416117 0.498363 0.091115 0.937789 0.518696
0.500730 0.038366 0.906580 0.053757 0.332165 0.501198 0.050557 0.408035 0.513561 0.068704 1.071425 0.581276
0.582296 0.000490 0.867574 0.120118 0.164229 0.484580 -0.007917 0.372654 0.493876 0.118665 0.971419 0.520808
0.543932 -0.004371 0.863466 0.033405 0.194928 0.581974 -0.076236 0.479318 0.553908 0.083086 0.947354 0.580565
0.523208 0.069033 0.885450 0.113861 0.176555 0.462849 -0.009279 0.372844 0.490732 0.115680 0.991032 0.572472
0.498029 -0.012714 0.784176 0.165241 0.143292 0.465217 0.060077 0.382723 0.525389 0.140441 1.003781 0.567632
0.548617 -0.092321 0.865402 0.051617 0.189643 0.554375 -0.011823 0.462224 0.504182 0.012919 1.052031 0.454247
0.493289 -0.032131 0.899901 0.131627 0.251354 0.508286 0.016755 0.444713 0.550786 0.171656 0.965565 0.573755
0.572953 0.055984 0.890535 0.095550 0.225658 0.568579 0.030909 0.388315 0.444609 0.026242 0.937056 0.583271
0.532039 -0.017450 0.835426 0.124451 0.243189 0.543903 -0.010433 0.415628 0.534927 0.164908 0.961099 0.574715
0.532596 -0.020048 0.915611 0.052188 0.160949 0.514260 0.066764 0.526255 0.456664 0.068690 0.914510 0.530943
0.588410 0.027590 0.878210 0.200811 0.198231 0.460847 -0.051016 0.453091 0.524152 -0.001137 1.002724 0.619416
0.486033 0.037557 0.771333 0.047214 0.267251 0.486994 0.031671 0.388662 0.541228 0.061901 1.048124 0.564113
0.628372 -0.055135 0.854400 0.068610 0.211416 0.483887 0.043398 0.406361 0.380555 0.169388 1.018995 0.506109
0.570304 -0.031243 0.774502 0.069427 0.173883 0.481507 -0.022687 0.417595 0.478673 0.088518 1.008213 0.644110
0.578874 0.007135 0.966738 0.113472 0.194375 0.475203 -0.096123 0.462344 0.544237 0.109819 0.962099 0.567139
0.576423 0.057872 0.840847 0.061462 0.321658 0.430585 0.023136 0.446546 0.428672 -0.015024 0.913527 0.503590
0.449780 0.039835 0.781643 -0.013960 0.214444 0.560311 0.081238 0.423091 0.530139 0.098812 1.061964 0.624646
0.552817 0.078652 0.801512 0.084875 0.189865 0.458127 -0.010225 0.341798 0.479101 0.073313 1.018705 0.552220
0.595680 0.042014 0.886986 0.207608 0.271955 0.486488 0.141969 0.415981 0.495149 0.133261 0.939049 0.592635
0.622971 0.019210 0.884732 0.010691 0.219496 0.538427 -0.015048 0.448882 0.537432 0.094470 1.018368 0.601975
0.624147 0.057714 0.885778 0.085004 0.228569 0.384043 0.024477 0.359711 0.475465 0.063499 1.022032 0.612310
0.519684 -0.019632 0.859371 0.090398 0.135224 0.501286 0.026866 0.451536 0.489660 0.123160 1.013155 0.640198
0.522313 -0.037422 0.832605 -0.010945 0.230023 0.358575 0.169312 0.395021 0.522438 0.121233 0.958388 0.528941
0.540850 0.084530 0.759853 -0.076635 0.278474 0.378125 0.076280 0.380643 0.437299 0.043189 0.996815 0.649186
0.555052 0.044699 0.877036 0.101000 0.208952 0.440764 0.002144 0.388670 0.425255 0.025307 0.943035 0.532342
0.478675 -0.021198 0.941336 0.118618 0.198678 0.459486 -0.025337 0.390926 0.433075 0.052509 0.983862 0.601398
0.525079 -0.065073 0.819957 0.146714 0.344762 0.477299 0.066471 0.410792 0.461728 0.116842 0.887226 0.477808
0.552397 0.096744 0.884702 0.178609 0.288631 0.439846 0.098762 0.404201 0.494295 0.063334 1.016318 0.496334
0.556530 -0.036732 0.823540 0.108962 0.200380 0.481314 0.020652 0.384838 0.475737 0.121166 1.084390 0.471513
0.517470 0.095563 0.815504 0.038687 0.220340 0.429702 0.026148 0.406981 0.481395 -0.028383 1.000933 0.562453
0.593352 -0.039854 0.850962 -0.025913 0.220748 0.453162 0.065731 0.449157 0.476621 0.043254 1.021650 0.632138
0.524186 -0.039449 0.857730 0.091384 0.088903 0.538625 0.064601 0.446623 0.455057 0.054979 0.916231 0.474977
0.545536 -0.010309 0.745815 0.197850 0.162837 0.433332 0.124069 0.504042 0.513236 0.023467 1.025250 0.654532
0.517109 0.043105 0.849901 0.074275 0.284457 0.369289 -0.017096 0.404772 0.492028 0.087228 0.992670 0.594014
0.526889 0.025532 0.990722 0.081963 0.275084 0.570895 -0.028313 0.501059 0.482296 0.075995 0.938833 0.614948
0.464022 0.067557 0.782495 0.125654 0.197527 0.509278 0.077961 0.450785 0.417714 0.112593 1.074312 0.500216
0.572950 0.027473 0.795343 0.166460 0.275826 0.490610 0.048351 0.397763 0.441338 0.090937 1.033224 0.535993
0.551532 0.006902 0.843576 0.068797 0.185212 0.420500 0.071893 0.342625 0.420054 0.131954 0.923535 0.558984
0.454864 0.010126 0.816062 0.177308 0.200025 0.509336 0.087530 0.403165 0.435305 0.152978 1.026779 0.607043
0.580665 0.061660 0.882438 0.118998 0.291097 0.486262 0.012002 0.451933 0.493776 0.163161 1.025563 0.518383
0.535405 0.040364 0.756718 0.109898 0.253747 0.516430 0.020814 0.319570 0.508681 0.066787 0.959135 0.564260
0.517739 -0.000431 0.786271 0.056781 0.346163 0.429390 0.066248 0.336444 0.369823 0.075523 0.978765 0.513197
0.633425 0.061975 0.869621 -0.006346 0.175707 0.421721 0.091410 0.413048 0.418926 0.151405 0.961496 0.523161
0.529059 0.041302 0.842965 0.067091 0.275774 0.501947 0.118948 0.459086 0.498119 0.088989 0.928132 0.540869
0.574029 -0.045795 0.871545 0.025676 0.148987 0.433007 -0.036308 0.359648 0.418754 0.034013 0.973275 0.579724
0.427525 0.042733 0.765672 0.127923 0.255548 0.468545 -0.061985 0.414690 0.450192 0.109793 0.979729 0.464910
0.572786 -0.027893 0.775642 0.146529 0.293587 0.418735 0.006586 0.378521 0.500575 0.063801 1.043091 0.491019
0.570738 0.101460 0.880885 0.045827 0.292176 0.467552 -0.026341 0.503963 0.528781 0.061598 0.962566 0.629774
0.464225 0.086838 0.770885 0.055572 0.157110 0.496526 0.038004 0.345563 0.458298 0.167886 1.016689 0.507548
0.589893 -0.021553 0.840861 0.104545 0.170728 0.434074 0.047023 0.391737 0.479031 0.162261 0.960172 0.543376
0.653017 0.086811 0.867783 0.139667 0.213013 0.492679 0.037771 0.332790 0.466805 0.069514 0.912246 0.645581
0.586785 -0.040888 0.852067 0.155208 0.255981 0.458622 -0.022105 0.333431 0.411411 0.192994 0.923453 0.688421
0.429344 0.016445 0.944867 0.103011 0.213886 0.508246 -0.050379 0.405342 0.531192 0.158204 0.967421 0.566955
0.524029 -0.022692 0.854983 0.063671 0.129054 0.439665 0.034803 0.443034 0.471370 0.026056 1.009397 0.607380
0.500718 0.077293 0.883756 0.083568 0.231021 0.398274 -0.007683 0.303437 0.461239 0.061055 1.047313 0.539695
0.624902 0.048602 0.846768 0.053371 0.220407 0.504087 0.010537 0.347565 0.511762 0.059510 0.962290 0.605466
0.541246 -0.038013 0.795118 0.108506 0.188755 0.432574 0.045550 0.394780 0.414374 0.177415 0.936601 0.628013
0.634808 -0.037784 0.897213 0.147731 0.330409 0.493457 -0.102184 0.407804 0.500212 0.147957 1.019202 0.556543
0.585328 -0.065068 0.779308 0.147262 0.184052 0.469910 -0.006157 0.417124 0.479678 0.109692 0.910207 0.597927
0.582655 -0.035302 0.760144 0.136915 0.196844 0.442361 -0.032942 0.383362 0.554820 0.075485 0.934634 0.606346
0.577290 -0.108390 0.779405 0.046671 0.223717 0.545707 -0.031158 0.467271 0.446778 0.021761 0.942679 0.566686
0.569861 -0.014476 0.873284 0.039104 0.303040 0.520936 0.018263 0.380402 0.484953 0.157279 1.049536 0.456042
0.505055 0.050336 0.807161 0.066408 0.278712 0.396188 -0.025989 0.352440 0.532018 0.118095 0.879546 0.508872
0.592139 -0.036311 0.773879 0.040775 0.241067 0.426004 0.017176 0.452844 0.544649 0.052922 0.951332 0.554927
0.548503 -0.114845 0.843226 0.137945 0.216110 0.510015 0.056194 0.374765 0.494328 0.079556 0.915123 0.594602
0.516586 0.052656 0.864901 0.161585 0.197641 0.520752 0.000873 0.336469 0.511307 0.043011 1.018028 0.662232
0.565329 0.025307 0.829788 0.096408 0.167815 0.469626 0.008063 0.386820 0.432511 0.020885 0.975796 0.581339
0.591082 0.088240 0.954984 0.151962 0.140545 0.586437 -0.063700 0.384314 0.538986 0.061636 0.911465 0.541722
0.581080 0.043386 0.812370 0.094134 0.264001 0.505092 -0.068483 0.441802 0.510236 0.121367 1.052993 0.572436
0.598229 0.017051 0.802462 0.086543 0.254361 0.461654 -0.042290 0.389170 0.406720 0.099265 0.964730 0.618392
0.557191 0.022813 0.819218 -0.009926 0.242001 0.534863 0.098872 0.414269 0.572604 0.074041 0.969237 0.574658
0.534125 -0.059844 0.881198 0.147210 0.231203 0.444550 0.087733 0.374627 0.443204 0.031336 0.974465 0.580476
0.578408 0.067486 0.842017 0.088355 0.203993 0.469061 0.002470 0.498725 0.535733 0.100038 0.907231 0.589066
0.513931 0.025855 0.891898 0.056557 0.223333 0.437096 0.088736 0.464953 0.515245 0.051225 1.022561 0.548613
0.607053 -0.082089 0.922194 0.204470 0.241035 0.468649 0.088256 0.412038 0.413694 0.094704 0.991427 0.544532
0.566284 0.021179 0.844714 0.062626 0.246957 0.566001 0.059889 0.407151 0.435930 0.123162 0.977977 0.588332
0.698103 -0.012456 0.745669 0.055284 0.285493 0.518514 0.082129 0.343529 0.439010 0.139438 0.967589 0.478072
0.566794 -0.059573 0.817554 0.042464 0.191790 0.420831 0.070800 0.449795 0.438800 0.146592 0.998777 0.534412
0.415457 -0.051339 0.941510 0.072376 0.121378 0.455759 -0.091968 0.373627 0.479910 -0.028772 0.981119 0.571965
0.539816 0.046417 0.849492 0.083287 0.207915 0.590261 0.017901 0.317957 0.518779 0.120568 1.077649 0.671309
0.595975 0.059355 0.892721 0.089499 0.318300 0.475601 0.026435 0.416078 0.475904 0.137787 0.978789 0.591393
0.593791 0.040288 0.903650 0.054466 0.214259 0.556309 0.029368 0.408961 0.498080 0.083860 1.004328 0.488474
0.521564 0.006010 0.902614 0.058887 0.206938 0.428502 0.010334 0.422549 0.545158 0.176415 0.931297 0.608800
0.594156 0.028648 0.815184 0.215217 0.169193 0.458300 0.110235 0.341703 0.368405 0.092948 1.006500 0.633232
0.486846 -0.059612 0.908548 0.140648 0.166030 0.564583 0.069450 0.399082 0.504411 0.019090 0.994757 0.524683
0.559633 0.058161 0.837073 0.111756 0.183903 0.570647 0.063385 0.300847 0.513356 0.186315 0.993467 0.540208
0.584372 -0.010033 0.871301 0.140684 0.181628 0.464675 0.032130 0.374445 0.421046 0.055855 0.972762 0.594034
0.513559 0.023326 0.869521 0.065564 0.147261 0.473427 0.061289 0.415351 0.399792 0.085472 0.970993 0.652169
0.562838 -0.001353 0.808503 0.051142 0.146549 0.474166 -0.006676 0.389667 0.455753 0.117864 1.009123 0.595620
0.575318 -0.089308 0.782297 0.056472 0.274569 0.460280 0.039723 0.485789 0.365018 0.005365 1.002509 0.624271
0.599615 -0.028318 0.864367 0.074607 0.241341 0.382673 0.131915 0.483374 0.461540 0.034283 0.881684 0.620876
0.600636 0.059384 0.921990 0.089441 0.277946 0.598948 -0.011939 0.375066 0.423242 0.121534 0.987537 0.601184
0.532395 0.074736 0.874651 0.038690 0.247306 0.502793 0.113284 0.369537 0.486418 0.171573 1.037796 0.542232
0.538696 0.016608 0.859182 -0.019444 0.269137 0.461695 0.050429 0.407316 0.486396 0.056105 1.008381 0.641524
0.526914 0.008232 0.928572 0.128588 0.145880 0.455035 0.056457 0.394651 0.463011 0.118595 1.002441 0.630590
0.433864 0.123015 0.828505 0.068604 0.262351 0.480745 0.066509 0.342265 0.481950 0.065350 0.963576 0.514937
0.579804 0.026357 0.933006 0.137921 0.105845 0.520099 0.001181 0.379446 0.409197 0.140845 0.948733 0.680918
0.559366 0.047575 0.854063 0.136315 0.175842 0.488161 0.010256 0.348835 0.435349 0.065594 1.055317 0.572217
0.546233 0.005440 0.822472 0.056968 0.233081 0.404038 0.084730 0.412469 0.488452 0.147428 0.990424 0.536669
0.566262 0.019455 0.906342 0.053101 0.366985 0.515095 0.052433 0.396021 0.483718 0.071487 0.982582 0.602515
0.623540 0.011520 0.904905 0.124416 0.268409 0.501779 0.078273 0.373198 0.448633 0.140631 0.953649 0.567038
0.617751 0.030942 0.827561 -0.059764 0.148500 0.413050 0.008759 0.334076 0.498966 0.124471 1.006416 0.631034
0.435259 0.050139 0.812115 0.110688 0.129070 0.530581 -0.015049 0.376699 0.401202 0.118753 1.065243 0.555723
0.612843 -0.021000 0.884332 -0.007201 0.179298 0.498097 0.024393 0.376851 0.466635 0.123245 0.915090 0.592050
0.658563 0.090131 0.845143 0.070091 0.265365 0.391860 0.106697 0.433488 0.393452 0.112139 0.940019 0.504669
0.574019 0.066253 0.810295 0.128556 0.234368 0.527151 0.065546 0.411952 0.452773 0.028127 0.997582 0.530463
0.509247 -0.004260 0.811231 0.062309 0.261259 0.454856 -0.015339 0.423345 0.475549 0.057529 1.019346 0.566065
0.526580 0.020774 0.828669 0.051317 0.174531 0.527352 0.027139 0.370921 0.500357 0.014956 0.984003 0.489010
0.506667 0.044467 0.873651 0.073299 0.276539 0.495978 0.085441 0.405631 0.473040 0.170709 0.944091 0.543148
0.505121 0.086167 0.874133 0.107132 0.269046 0.525492 0.029347 0.326842 0.455182 0.102783 1.039158 0.553020
0.441386 0.080868 0.801873 0.100390 0.225216 0.592445 0.074048 0.465521 0.557145 0.004294 1.063507 0.541658
0.590342 0.062734 0.845954 0.146839 0.261111 0.528985 0.018111 0.355771 0.435059 0.177626 1.004874 0.553647
0.542628 -0.053767 0.839850 0.083952 0.230199 0.407632 -0.001506 0.517503 0.546222 0.132089 0.994295 0.531660
0.596898 0.023049 0.761881 0.031289 0.247508 0.541479 0.054655 0.326964 0.507591 0.154251 0.934886 0.549632
0.502179 0.032864 0.911508 0.148460 0.247235 0.528772 0.117079 0.369786 0.529920 0.004231 0.968836 0.529446
0.598161 -0.028150 0.878694 0.155510 0.277070 0.412353 0.077737 0.392346 0.403936 0.088605 0.845922 0.543127
0.882440 0.630444 0.078077 0.641479 0.231233 0.254841 0.025392 0.528401 0.977393 0.417159 0.421480 0.694317
0.864665 0.676617 0.070363 0.660365 0.081358 0.203110 -0.078256 0.629368 1.104594 0.399521 0.407496 0.719369
0.837299 0.661726 0.111459 0.573261 0.070695 0.278335 0.021227 0.646492 0.941029 0.462655 0.416308 0.683946
0.980291 0.672350 0.133549 0.686596 0.135522 0.310931 0.133259 0.666157 1.049863 0.376737 0.459101 0.834683
0.804755 0.604759 0.123206 0.671413 0.192755 0.178053 0.067024 0.687931 0.981775 0.418283 0.474030 0.722142
0.882672 0.621463 0.151844 0.620129 0.234747 0.298693 0.049692 0.617124 1.055476 0.447436 0.302232 0.678547
0.941989 0.690858 0.134637 0.631014 0.156859 0.257750 0.062011 0.688144 1.003804 0.458494 0.454995 0.664025
0.836632 0.572023 0.098179 0.712220 0.217259 0.216072 -0.015974 0.677861 1.154415 0.391122 0.380208 0.889540
0.897794 0.673941 0.150463 0.708120 0.099334 0.286785 0.015024 0.647713 0.915925 0.347933 0.471728 0.703031
0.871697 0.549259 0.157155 0.600855 0.176545 0.289384 -0.029458 0.710847 0.998250 0.326590 0.363675 0.715806
0.842306 0.655035 -0.027212 0.639507 0.107368 0.224951 0.045009 0.626880 1.046101 0.335766 0.457139 0.707951
0.881643 0.601523 0.140691 0.635320 0.136765 0.233037 0.069163 0.677030 0.907325 0.449303 0.398710 0.790527
0.809067 0.666964 0.144200 0.675028 0.096831 0.257812 0.015217 0.679117 0.974911 0.332024 0.353943 0.654329
0.881394 0.714603 0.110136 0.733311 0.139624 0.272212 0.030304 0.710413 1.022879 0.392182 0.367590 0.690133
0.905330 0.693748 0.135172 0.644662 0.182702 0.340946 0.062009 0.638003 1.043618 0.496265 0.393952 0.730134
0.851685 0.580571 0.156459 0.538104 0.130011 0.239029 0.068427 0.678571 0.978003 0.433360 0.387434 0.726849
0.949654 0.595839 0.052496 0.588411 0.162668 0.269848 0.016350 0.654725 1.029021 0.370070 0.325520 0.732264
0.807417 0.639898 0.180748 0.598671 0.223737 0.220910 0.068416 0.750065 0.942349 0.445998 0.381381 0.653056
0.899717 0.580662 0.150561 0.630121 0.224914 0.218598 0.097534 0.651978 1.023647 0.460200 0.409365 0.631614
0.855903 0.648625 0.124436 0.615857 0.187990 0.188537 0.006772 0.712394 1.049722 0.385468 0.508383 0.714295
0.924775 0.609048 0.083213 0.641998 0.119489 0.316584 0.013106 0.588509 1.163749 0.398761 0.355674 0.744538
0.918349 0.547158 0.178207 0.600254 0.133182 0.320445 0.061998 0.669695 0.993362 0.406140 0.327823 0.712357
0.914877 0.610185 0.079363 0.630735 0.066781 0.164554 -0.006087 0.632914 0.996512 0.450639 0.442771 0.706466
0.888105 0.637452 0.111591 0.684461 0.130560 0.279413 -0.078646 0.727035 1.025851 0.415292 0.373501 0.738986
0.860995 0.537192 0.166687 0.655291 0.145241 0.215572 0.028704 0.648530 1.002600 0.428632 0.412958 0.726677
0.886592 0.690979 0.120899 0.640631 0.092763 0.308513 0.155557 0.725812 0.985474 0.443787 0.375222 0.670718
0.832890 0.644911 0.036310 0.629252 0.146136 0.191977 -0.004402 0.646357 0.977794 0.325710 0.480972 0.705300
0.892901 0.652813 0.157448 0.610464 0.127229 0.296899 0.039160 0.601959 1.056039 0.440775 0.410875 0.736769
0.862154 0.587495 0.115606 0.638020 0.140355 0.284428 -0.002963 0.694740 0.976410 0.380459 0.492077 0.683998
0.927208 0.736826 0.199402 0.675251 0.156748 0.183843 0.015085 0.615616 1.021739 0.403064 0.494149 0.807160
0.826811 0.620631 0.155902 0.542969 0.175578 0.228150 -0.000092 0.646103 1.011356 0.404100 0.467418 0.752030
0.897213 0.613364 0.131823 0.687310 0.146190 0.295561 0.006127 0.658702 1.049195 0.454607 0.435729 0.675752
0.926691 0.644530 -0.014729 0.575372 0.098541 0.184211 -0.001453 0.640524 0.889358 0.391237 0.418185 0.735829
0.973216 0.496651 0.122677 0.592314 0.114820 0.201316 0.070513 0.681054 1.027559 0.469590 0.453214 0.687254
0.841592 0.612121 0.191074 0.625827 0.094559 0.248399 0.053798 0.592142 0.975806 0.325789 0.383319 0.782682
0.868973 0.659931 0.053929 0.543713 0.206930 0.215681 -0.012443 0.706812 1.013008 0.358823 0.419074 0.703700
0.933589 0.574165 0.067289 0.673124 0.146248 0.307265 -0.021728 0.612183 0.915400 0.355486 0.359920 0.763955
0.961893 0.596547 0.132200 0.535585 0.212663 0.341063 0.016864 0.646810 0.961667 0.265841 0.475466 0.699329
0.905542 0.681082 0.144937 0.676482 0.203171 0.218592 0.003980 0.591921 1.005645 0.399331 0.422382 0.734884
0.760214 0.635380 0.109216 0.588761 0.226452 0.282695 0.013538 0.715402 0.913333 0.470810 0.435338 0.666088
0.928610 0.674595 0.078372 0.646792 0.095722 0.307770 -0.024666 0.679558 0.917737 0.431757 0.508123 0.749936
0.993442 0.712163 0.237069 0.564691 0.072361 0.295810 0.042303 0.742506 0.953461 0.375598 0.387863 0.701811
0.943474 0.576752 0.047020 0.656870 0.131838 0.199898 -0.058807 0.586372 0.992171 0.419032 0.342649 0.755735
0.879689 0.630153 0.073190 0.633704 0.103765 0.227105 0.019651 0.654779 0.917775 0.388704 0.421740 0.720780
0.887184 0.647753 0.066310 0.616516 0.138353 0.280904 0.069016 0.625968 1.022968 0.418905 0.391015 0.796726
0.877814 0.560366 0.117790 0.575093 0.113424 0.203415 0.019755 0.718874 1.066480 0.413945 0.287145 0.649364
0.909006 0.729422 0.145674 0.629588 0.105384 0.282454 0.074406 0.551698 0.963520 0.326340 0.427596 0.747449
0.894020 0.602104 0.059097 0.600806 0.172825 0.190805 0.096541 0.666172 1.042079 0.445397 0.386538 0.711245
0.919539 0.562660 0.138285 0.607314 0.136365 0.257891 -0.081213 0.709368 0.934765 0.335372 0.428525 0.762630
0.836184 0.666601 0.173355 0.618587 0.209649 0.216819 -0.079403 0.664316 1.064784 0.462657 0.339260 0.680508
0.861359 0.707535 0.147555 0.598352 0.171165 0.207830 0.068506 0.613111 0.959261 0.462550 0.363103 0.608360
0.930046 0.706766 0.155851 0.612217 0.078207 0.316385 0.065381 0.631367 1.043010 0.460036 0.411237 0.705307
0.908577 0.650978 0.070199 0.687398 0.202406 0.327416 -0.101993 0.713960 0.967152 0.412411 0.481697 0.764146
0.891752 0.640013 0.010534 0.620622 0.188790 0.306353 -0.001855 0.611955 0.927716 0.502623 0.481691 0.752296
0.937029 0.620140 0.113986 0.533004 0.125711 0.213712 0.069970 0.614100 0.951185 0.401683 0.340463 0.732322
0.863344 0.697494 0.145482 0.640861 0.089371 0.220880 -0.007641 0.589440 1.017462 0.368723 0.429079 0.751999
0.815237 0.579302 0.103241 0.695000 0.090533 0.274604 0.037318 0.613062 0.983579 0.425502 0.354203 0.769913
0.794816 0.652434 0.133991 0.733047 0.090926 0.339699 0.009978 0.620726 0.965371 0.355704 0.375617 0.702703
0.847968 0.562180 0.046964 0.660852 0.093065 0.228421 0.084860 0.786866 0.925034 0.384223 0.509930 0.784735
0.887522 0.703747 0.074854 0.623827 0.119237 0.264248 0.125192 0.683658 1.114521 0.391837 0.381498 0.678655
0.884614 0.609507 0.125208 0.646624 0.170303 0.298860 -0.029245 0.720903 1.146650 0.441855 0.308787 0.715250
0.883353 0.606480 0.055361 0.676370 0.195432 0.288545 -0.007789 0.626421 1.012797 0.447688 0.441078 0.727928
0.930053 0.674767 0.186107 0.603282 0.138616 0.284758 0.030720 0.655993 1.069618 0.396001 0.307453 0.787505
0.885178 0.623861 0.155609 0.599757 0.209880 0.271978 0.015608 0.638193 0.942627 0.309453 0.425601 0.740986
0.998923 0.691466 0.096320 0.633973 0.121068 0.306138 0.009752 0.649035 1.069971 0.394146 0.352839 0.709606
0.884699 0.629780 0.096111 0.715986 0.141845 0.300192 -0.027921 0.657283 1.039056 0.313053 0.331717 0.712491
0.884292 0.612417 0.105723 0.689744 0.149826 0.205552 0.047731 0.637791 1.068730 0.400118 0.384492 0.677827
0.844901 0.730080 0.008478 0.606819 0.199381 0.263331 0.037244 0.649705 0.988432 0.477488 0.358236 0.620282
0.822412 0.724132 0.113031 0.683023 0.113624 0.295156 0.101482 0.650054 0.981171 0.417267 0.326368 0.713905
0.838117 0.623063 0.072944 0.676627 0.195385 0.261165 0.027596 0.686758 0.984228 0.360839 0.289449 0.703643
0.857548 0.686312 0.074583 0.586080 0.138929 0.277981 0.073973 0.621688 1.074088 0.505460 0.419224 0.627888
0.932841 0.640026 0.107804 0.601858 0.222078 0.270643 0.054355 0.649873 0.923598 0.520402 0.337933 0.676922
0.910167 0.619897 0.158372 0.669860 0.183274 0.224675 0.048749 0.644463 0.896718 0.401660 0.405036 0.777084
0.843509 0.699161 0.170655 0.639546 0.099518 0.171192 -0.005355 0.639710 0.998731 0.413129 0.422314 0.610982
0.818264 0.757866 0.083874 0.666863 0.100678 0.230889 -0.003391 0.708630 0.880150 0.424954 0.450868 0.676301
0.801021 0.630379 0.134097 0.692078 0.175701 0.312346 0.070621 0.638570 0.985545 0.410215 0.331733 0.716243
0.832749 0.712767 0.155703 0.628863 0.184742 0.222918 0.015928 0.565715 1.034443 0.395209 0.332205 0.742752
0.794681 0.657977 0.157460 0.644508 0.132564 0.286785 0.000382 0.627901 1.039016 0.429381 0.339254 0.739248
0.888262 0.671604 0.111346 0.603619 0.181903 0.298263 0.082407 0.659840 0.984379 0.363491 0.326716 0.666943
0.915625 0.651350 0.086772 0.615765 0.098102 0.273682 0.024641 0.653534 0.973681 0.528166 0.458190 0.755716
0.878197 0.652358 0.130244 0.626792 0.160386 0.258913 -0.000082 0.725142 1.043453 0.380470 0.397540 0.705776
0.865407 0.725199 0.172592 0.668933 0.071449 0.287569 -0.006671 0.699103 1.167977 0.439701 0.430226 0.733899
0.901079 0.606597 0.109506 0.536173 0.173787 0.201934 0.039085 0.717686 1.091063 0.476094 0.386714 0.741900
0.877763 0.689102 0.060184 0.598782 0.234213 0.347427 0.040423 0.663723 1.026020 0.382374 0.488061 0.767075
0.841917 0.677836 0.142515 0.656121 0.112297 0.197715 0.133272 0.560389 0.979446 0.451429 0.425097 0.740836
0.852926 0.608865 0.098973 0.600838 0.117016 0.260801 0.014580 0.597966 0.965369 0.501866 0.427500 0.766153
0.910996 0.680830 0.075590 0.696804 0.182139 0.232562 0.023759 0.663314 1.014682 0.308170 0.455444 0.683562
0.857607 0.543619 -0.024046 0.599511 0.101347 0.330797 0.030477 0.636345 1.023562 0.373544 0.382551 0.747639
0.796092 0.626004 0.024614 0.631468 0.134688 0.226213 0.106829 0.604593 1.054612 0.482738 0.361630 0.718983
0.832901 0.713839 0.098466 0.655594 0.100709 0.236211 -0.047101 0.786528 1.062687 0.417863 0.388667 0.774541
0.868111 0.601465 0.165207 0.661414 0.125053 0.335362 -0.025371 0.743080 0.936666 0.408450 0.372621 0.666958
0.936812 0.536987 0.160468 0.727818 0.227634 0.352912 -0.053622 0.685899 0.934991 0.456805 0.452331 0.669357
0.906765 0.768887 0.122558 0.600887 0.084033 0.281779 -0.064890 0.618851 1.035032 0.392047 0.491539 0.705185
0.870624 0.507835 0.069635 0.643406 0.177656 0.261541 -0.023422 0.714480 0.934070 0.372411 0.366722 0.726773
0.818308 0.591271 0.107967 0.661930 0.148889 0.341381 0.074725 0.712644 1.011157 0.441470 0.310502 0.709059
0.864009 0.715163 0.126570 0.598206 0.155221 0.226707 -0.008234 0.605854 1.045417 0.412175 0.431753 0.658319
0.919514 0.641041 0.144247 0.638770 0.081085 0.252104 0.089062 0.737029 0.994339 0.398287 0.399924 0.699913
0.874871 0.646495 0.147225 0.699422 0.159249 0.300864 -0.042668 0.603713 0.899996 0.335106 0.332107 0.641457
0.885186 0.608837 0.043564 0.607516 0.185879 0.246933 -0.025880 0.754890 1.003923 0.437188 0.316368 0.750947
0.970360 0.696865 0.084849 0.599279 0.176256 0.207025 -0.036359 0.672809 0.997053 0.318932 0.368613 0.660357
0.867990 0.653065 0.144889 0.573175 0.113510 0.230121 0.092727 0.524512 1.025762 0.410794 0.407173 0.735205
0.864575 0.666607 0.193800 0.652272 0.128800 0.284239 0.012097 0.647102 1.025014 0.425537 0.371454 0.740826
0.847050 0.672343 0.097550 0.670118 0.109384 0.282726 0.041775 0.602806 1.028417 0.376704 0.452069 0.751179
0.816699 0.617549 0.075259 0.534418 0.057770 0.182555 0.023290 0.702517 0.970730 0.433798 0.376135 0.665705
0.879696 0.597072 0.027816 0.683764 -0.016817 0.261945 -0.003371 0.659824 0.949597 0.438970 0.350686 0.660657
0.857347 0.605734 0.196346 0.601169 0.176275 0.216278 0.049152 0.688335 1.015566 0.353327 0.410545 0.600220
0.870879 0.737347 0.102014 0.590930 0.123149 0.307825 0.034190 0.563361 1.012573 0.396369 0.347334 0.648989
0.925293 0.647855 0.047121 0.602629 0.103240 0.330528 0.064607 0.644398 1.056606 0.371320 0.406485 0.827443
0.857402 0.582462 0.070058 0.593443 0.129607 0.239650 0.008009 0.705813 0.932734 0.377029 0.388659 0.738920
0.983746 0.691112 0.090373 0.546819 0.156171 0.281198 -0.030713 0.648726 1.007399 0.435062 0.421443 0.789421
0.940526 0.693401 0.122729 0.682495 0.101879 0.257101 0.117601 0.724851 0.979018 0.385728 0.297031 0.737098
0.961534 0.671072 0.143791 0.647566 0.216913 0.203744 0.022613 0.631964 0.967120 0.376010 0.469977 0.794589
0.875140 0.715913 0.088464 0.579056 0.174404 0.274183 0.101888 0.643658 1.040091 0.400330 0.336957 0.656754
0.940369 0.652346 0.027681 0.577626 0.148257 0.352841 0.025446 0.710960 0.946066 0.413431 0.286185 0.698857
0.823476 0.590565 0.121591 0.567739 0.130187 0.289577 0.050435 0.595039 0.976892 0.309476 0.488563 0.719468
0.942314 0.584877 0.130743 0.647204 0.117993 0.286655 0.028907 0.610515 0.900315 0.386621 0.398230 0.612903
0.861543 0.652404 0.103732 0.651459 0.159586 0.177482 0.037665 0.696246 0.957591 0.420791 0.341742 0.638813
0.890246 0.554350 0.054922 0.564273 0.262751 0.251224 0.102117 0.669041 1.021762 0.405163 0.379001 0.651973
0.985658 0.592107 0.202005 0.582063 0.146609 0.230437 0.046862 0.619099 1.040588 0.435183 0.375093 0.656928
0.867848 0.623860 0.127644 0.624024 0.237999 0.287043 -0.001630 0.629473 1.056433 0.326942 0.433310 0.779873
0.880978 0.706185 0.132442 0.643276 0.076605 0.297229 -0.000126 0.667657 1.054252 0.331273 0.488486 0.678181
0.822215 0.551234 0.027709 0.656337 0.110637 0.249443 0.024414 0.688650 1.092672 0.421076 0.348718 0.728604
0.888320 0.534310 0.149167 0.617431 0.102887 0.311156 0.013511 0.638970 0.952902 0.387908 0.365315 0.631094
0.982020 0.552362 0.135786 0.558524 0.159118 0.345488 0.080276 0.536577 1.042799 0.384167 0.469609 0.662568
0.855677 0.595798 0.045652 0.580279 0.142630 0.245549 0.032560 0.673137 0.978555 0.384507 0.340314 0.734462
0.825141 0.582821 0.146544 0.589222 0.172464 0.265455 0.036292 0.658996 0.979105 0.452515 0.398078 0.665080
0.933310 0.690850 0.030054 0.644620 0.034593 0.212330 -0.028078 0.671535 0.994872 0.314734 0.403150 0.763161
0.939516 0.597746 0.028444 0.603691 0.143180 0.294193 -0.003812 0.572113 1.021911 0.355892 0.407964 0.747297
0.998429 0.686476 0.094218 0.610408 0.185221 0.225370 0.042082 0.609704 1.114134 0.449620 0.429005 0.700487
0.919526 0.601878 0.148557 0.587440 0.189116 0.279364 0.003241 0.674763 0.965592 0.334041 0.426303 0.787763
0.873137 0.578588 0.170160 0.617869 0.207228 0.360328 0.093166 0.586942 0.996660 0.456628 0.449519 0.656436
0.875192 0.666241 0.163997 0.622048 0.208093 0.266954 0.011426 0.636717 1.078340 0.502454 0.327927 0.711361
0.827324 0.581067 0.063809 0.696027 0.201560 0.293524 0.069074 0.627227 1.100391 0.409617 0.482940 0.754141
0.886775 0.695462 0.165311 0.545182 0.124880 0.223904 0.000006 0.679006 1.046655 0.504034 0.364199 0.693503
0.844519 0.583539 0.076267 0.545574 0.140467 0.215362 0.035876 0.600311 1.069538 0.359794 0.394454 0.776302
0.942018 0.699766 0.175403 0.614070 0.119746 0.287870 0.054654 0.669552 0.971754 0.379445 0.332446 0.692544
0.837721 0.670633 0.104743 0.600149 0.093494 0.228239 -0.001405 0.605691 1.019208 0.431241 0.282554 0.782544
0.944595 0.563823 0.059772 0.649784 0.159039 0.229805 0.030170 0.637253 1.052380 0.390599 0.357606 0.732505
0.805306 0.653457 0.086199 0.615972 0.142176 0.229662 0.071889 0.702112 1.102393 0.423659 0.455557 0.669335
0.867146 0.550244 0.110365 0.724799 0.151058 0.307172 0.015932 0.602805 1.006423 0.416291 0.381040 0.704746
0.910294 0.591921 0.086154 0.672386 0.234622 0.256136 0.001398 0.648468 0.901418 0.339712 0.393238 0.684496
0.872549 0.458583 0.148484 0.587656 0.196670 0.341157 -0.076412 0.584825 0.939359 0.346322 0.353763 0.705727
0.947922 0.725893 0.044707 0.545623 0.163728 0.254589 0.026070 0.593670 0.948665 0.422035 0.328185 0.761708
0.893987 0.564733 0.143088 0.527809 0.135580 0.312869 0.075912 0.644572 1.005079 0.439887 0.462850 0.747241
0.884760 0.680313 0.118046 0.608510 0.098859 0.320097 -0.039442 0.607622 0.984926 0.417398 0.434703 0.726763
0.939097 0.608116 0.047333 0.569191 0.122404 0.261110 0.087680 0.617084 0.974733 0.347069 0.410491 0.631640
0.832755 0.623785 0.045659 0.635233 0.159696 0.225675 -0.049979 0.706643 1.006087 0.418551 0.276457 0.715943
0.947661 0.649323 0.022303 0.721588 0.141458 0.142836 0.005683 0.619277 1.051247 0.363308 0.489764 0.726030
0.857703 0.677494 0.137943 0.629534 0.084788 0.252754 0.071151 0.596819 1.012262 0.402645 0.276756 0.768515
0.945794 0.643515 0.109068 0.600341 0.138637 0.277089 0.028479 0.690822 0.939537 0.376596 0.375309 0.645702
0.891871 0.637687 0.048596 0.578090 0.171527 0.181095 0.069632 0.653663 0.983830 0.433166 0.352702 0.649431
0.984864 0.664863 0.107798 0.626349 0.086734 0.284528 0.034427 0.797547 0.983617 0.385177 0.415609 0.681592
0.925775 0.617483 0.012911 0.596761 0.120313 0.378893 0.027881 0.584116 0.982754 0.410737 0.406039 0.645929
0.832952 0.711835 0.009380 0.567725 0.269441 0.204678 0.049397 0.694680 1.039358 0.425063 0.441632 0.646097
0.799459 0.678620 0.157476 0.578607 0.224917 0.199789 0.066085 0.625432 1.011541 0.409663 0.455280 0.700090
0.858335 0.689545 0.157402 0.663369 0.222585 0.193623 0.047767 0.623415 1.019684 0.436769 0.462683 0.773611
0.852194 0.694677 0.033326 0.622857 0.221764 0.289523 0.015293 0.655223 0.924733 0.428142 0.340999 0.702249
0.922263 0.610492 0.095400 0.654598 0.252534 0.369155 -0.044681 0.562507 1.128973 0.406374 0.375275 0.774539
0.920229 0.706221 0.088782 0.707217 0.072263 0.230460 0.059195 0.635445 1.026115 0.375413 0.435929 0.737578
0.904605 0.563888 0.174087 0.622243 0.138703 0.185793 0.013538 0.654343 0.933459 0.310996 0.361169 0.729478
0.879571 0.612205 0.081047 0.624469 0.164891 0.333514 0.041333 0.641940 1.008781 0.361530 0.387882 0.728582
0.897671 0.645345 0.115309 0.592635 0.134944 0.286724 -0.054793 0.642861 0.939643 0.417037 0.355729 0.681653
0.869015 0.650470 0.068457 0.656555 0.190495 0.277197 0.012725 0.677877 1.080468 0.423059 0.452398 0.740499
0.960533 0.600318 0.098870 0.546324 0.130729 0.288521 -0.085474 0.702107 1.094946 0.374736 0.368615 0.770991
0.870087 0.638740 0.133879 0.716198 0.214593 0.252700 0.000075 0.697169 1.022545 0.359498 0.429838 0.629972
0.983654 0.659817 0.112881 0.606661 0.169714 0.239810 0.015434 0.648140 0.973069 0.468537 0.444768 0.674264
0.793333 0.609703 0.073885 0.576435 0.131164 0.221321 -0.018520 0.636751 1.011684 0.360268 0.458682 0.617875
0.641678 -0.026209 0.896597 0.103291 0.191095 0.570775 -0.011399 0.404716 0.547047 0.069789 0.941123 0.510204
0.561687 0.098254 0.804341 0.071343 0.218867 0.504801 0.102578 0.508231 0.496369 0.150149 1.006665 0.583980
0.549464 0.059143 0.859953 0.047024 0.178533 0.567333 0.045837 0.411719 0.550524 0.080805 1.002209 0.504431
0.568572 -0.000512 0.886285 0.070659 0.218602 0.425443 0.052513 0.426997 0.482211 0.089249 0.962532 0.511723
0.604718 0.073446 0.862911 0.050302 0.182067 0.463304 -0.036686 0.458631 0.392574 0.137492 1.027256 0.561500
0.520860 0.025062 0.895093 0.098170 0.214947 0.414915 0.123572 0.371597 0.433781 0.170768 1.064448 0.557079
0.521449 -0.072621 0.905379 0.074277 0.339953 0.532813 0.065658 0.310097 0.455548 0.006731 0.943923 0.508989
0.465795 0.043308 0.817199 0.022922 0.125468 0.430646 -0.006829 0.432751 0.455860 0.134924 1.005686 0.582657
0.643523 0.108295 0.834545 0.107220 0.174020 0.540184 0.055166 0.383466 0.470356 0.107349 1.019007 0.599406
0.619871 0.033121 0.893718 0.035376 0.253251 0.394218 -0.067015 0.442404 0.482683 0.099538 1.060793 0.585302
0.579400 0.022210 0.816463 0.175822 0.173048 0.494472 0.025259 0.460362 0.502573 0.050224 0.925018 0.473347
0.488954 0.078990 0.849341 0.160467 0.140741 0.471169 -0.010668 0.367473 0.478540 0.110948 1.012511 0.545991
0.370583 0.064947 0.819306 0.086378 0.268542 0.527716 0.072680 0.439631 0.495534 0.089636 0.970690 0.533546
0.536301 -0.045278 0.842555 0.067298 0.137849 0.406356 -0.019776 0.453245 0.448144 0.180515 0.978797 0.651550
0.518281 -0.046795 0.899638 0.116637 0.192865 0.457989 0.098465 0.409942 0.430812 0.045756 0.985873 0.648571
0.506054 -0.067894 0.770993 0.009631 0.288822 0.453036 -0.026092 0.399676 0.487069 0.075874 0.959202 0.526260
0.579467 -0.093187 0.796791 -0.037152 0.256882 0.491291 0.012300 0.410473 0.412735 0.123045 0.973155 0.508374
0.503719 0.030168 0.811263 0.060615 0.255697 0.418009 0.047462 0.411970 0.456129 0.075236 1.014829 0.557948
0.554985 -0.005345 0.855905 0.128574 0.174569 0.481677 0.076938 0.373655 0.471033 0.153125 1.006224 0.606097
0.520835 -0.030093 0.765512 0.025532 0.231013 0.439615 0.065323 0.465494 0.471254 0.094753 1.060303 0.502125
0.526654 -0.026441 0.869532 0.069909 0.211132 0.435094 -0.009317 0.359523 0.517361 0.097633 0.914629 0.537768
0.460793 0.013416 0.862617 0.121859 0.166669 0.536777 -0.007435 0.391460 0.528709 0.158701 0.920876 0.525606
0.496818 -0.040302 0.820854 0.028186 0.288990 0.521852 0.105027 0.471033 0.463768 0.120305 1.011714 0.625577
0.573505 -0.031665 0.845508 0.049150 0.200586 0.474485 0.034464 0.349603 0.459620 0.091765 1.064196 0.635690
0.569477 -0.004155 0.849818 -0.037637 0.224591 0.478102 -0.084110 0.299297 0.535844 0.044237 0.948735 0.581615
0.641962 0.019529 0.771919 0.088255 0.241460 0.538845 0.028256 0.337503 0.464346 0.059669 0.919321 0.631421
0.525724 -0.020617 0.766831 0.057365 0.189055 0.470852 -0.038956 0.376689 0.519077 0.105520 0.943164 0.508247
0.565854 0.014056 0.805923 0.047523 0.329853 0.520917 0.039197 0.353405 0.539015 0.109760 0.994397 0.533929
0.574892 0.093037 0.762486 0.109836 0.170705 0.433355 0.062785 0.385031 0.464710 0.122068 1.011106 0.505592
0.559970 -0.047665 0.777692 0.092422 0.216939 0.429388 0.003402 0.339102 0.396804 0.059926 0.946233 0.565376
0.588982 0.060797 0.897577 -0.013747 0.199843 0.537639 0.031481 0.322509 0.367400 0.086929 1.009235 0.630407
0.588348 0.065304 0.861371 0.086266 0.237676 0.442569 0.013686 0.384628 0.588733 0.193985 0.995819 0.539934
0.523754 0.086616 0.806234 0.090232 0.265381 0.493051 0.049892 0.448724 0.408871 0.037144 0.984553 0.579515
0.548226 0.019626 0.866566 0.039973 0.189596 0.571462 0.008294 0.362151 0.491552 0.031124 0.931645 0.539184
0.568170 -0.118661 0.921103 0.093310 0.132832 0.542376 -0.034448 0.424682 0.507793 0.093336 0.993073 0.457932
0.607333 0.023467 0.795725 -0.017701 0.238042 0.476988 0.046680 0.431770 0.483612 0.123037 1.033098 0.604082
0.513816 -0.060627 0.821529 0.067341 0.221600 0.440273 0.072734 0.385152 0.465788 0.149502 0.898899 0.545151
0.620005 0.004962 0.802462 0.100806 0.141036 0.540046 0.033312 0.399951 0.540431 0.183838 1.020764 0.448823
0.585193 0.091003 0.808811 0.048765 0.136888 0.422233 -0.012468 0.379858 0.521153 0.037874 0.919427 0.498162
0.459913 -0.087239 0.846248 0.146741 0.155753 0.407954 -0.019203 0.461547 0.549878 0.078475 0.922740 0.524866
0.577142 -0.016529 0.799732 0.144479 0.206018 0.518251 0.064588 0.405136 0.521483 0.087687 0.933894 0.536616
0.599825 0.002432 0.870132 0.181317 0.236632 0.518989 0.063565 0.384330 0.453886 0.093009 1.047575 0.615010
0.546807 -0.061126 0.821901 0.071727 0.188526 0.514632 -0.061497 0.345933 0.523769 0.059450 0.897546 0.579429
0.474136 -0.005460 0.796671 0.066045 0.290850 0.595384 0.064724 0.412604 0.524061 0.145886 0.936942 0.584546
0.553459 -0.030632 0.905343 0.148702 0.264689 0.528364 -0.021357 0.417569 0.404228 0.113030 0.962902 0.493697
0.572542 0.079118 0.885114 0.140041 0.218043 0.348243 0.106830 0.407032 0.553556 0.039605 1.012400 0.608273
0.610282 0.012753 0.840589 0.059073 0.202462 0.428775 -0.033646 0.366517 0.473499 0.076805 0.969292 0.501771
0.540787 0.067995 0.808395 -0.020639 0.175017 0.622024 0.062782 0.412742 0.411263 0.062244 1.009217 0.627013
0.523628 -0.007224 0.875443 0.060850 0.165086 0.510452 0.055387 0.367750 0.529776 0.068566 0.981967 0.555889
0.535536 0.034638 0.890233 0.068603 0.109227 0.549486 0.046110 0.384291 0.500419 0.078898 0.992597 0.492131
0.579697 -0.056511 0.774297 0.116718 0.233609 0.389034 0.001527 0.341598 0.385558 0.106633 0.991159 0.550512
0.613060 -0.004905 0.820797 0.039556 0.226256 0.427983 0.007953 0.360556 0.475068 0.113007 0.966474 0.538205
0.581152 0.058107 0.809420 0.097585 0.291931 0.465756 0.016987 0.460411 0.534692 0.056826 0.958202 0.538453
0.503449 0.060614 0.914493 0.154766 0.215248 0.411077 0.081851 0.395672 0.594717 0.192624 0.953232 0.524491
0.610130 0.080913 0.823789 0.058034 0.274667 0.479742 0.006729 0.326142 0.540908 0.109296 0.994544 0.568851
0.532133 0.010479 0.864143 0.018539 0.186889 0.578555 -0.005686 0.336209 0.559445 0.035048 0.954773 0.612934
0.545415 0.119932 0.895053 0.176851 0.253554 0.512771 0.110376 0.434780 0.451005 0.125361 1.030661 0.610357
0.515302 0.089109 0.759772 0.048621 0.132002 0.476005 0.022436 0.276209 0.342322 0.043914 0.980083 0.521319
0.516890 0.017094 0.867736 0.127124 0.204719 0.502257 0.024419 0.457610 0.451772 0.054608 0.965161 0.604938
0.571995 0.096249 0.876293 0.108945 0.208659 0.406672 -0.050224 0.369597 0.500255 0.099165 0.947578 0.578000
0.571808 0.005349 0.914495 0.096526 0.255907 0.487958 0.008830 0.451008 0.443748 0.101739 0.984790 0.490826
0.561607 0.047733 0.763853 0.113360 0.267727 0.474088 0.045130 0.446029 0.352567 0.139556 1.021212 0.594714
0.587755 -0.012749 0.778974 0.030628 0.213265 0.586304 0.061532 0.479877 0.515613 0.152310 1.080920 0.561213
0.719297 -0.051690 0.930524 -0.009954 0.173329 0.606497 0.102305 0.312665 0.553936 0.002545 0.943358 0.470864
0.555908 0.002078 0.903672 0.069598 0.132286 0.519945 0.010012 0.384480 0.433944 0.041437 1.020782 0.590230
0.510936 0.072983 0.778688 0.164371 0.300216 0.371474 -0.106095 0.392803 0.429561 0.131644 0.943667 0.522095
0.530211 0.071891 0.851682 0.138188 0.265508 0.456347 0.042199 0.421797 0.501454 0.101320 0.986043 0.588432
0.556347 0.007000 0.920098 0.120620 0.210036 0.446640 -0.020463 0.407172 0.408578 0.076206 0.912922 0.528692
0.537474 -0.030028 0.858006 0.087007 0.213070 0.463295 0.007302 0.337535 0.458572 -0.019230 0.944823 0.581211
0.519259 -0.039437 0.757588 0.067149 0.275854 0.420958 0.109436 0.398972 0.463610 0.107191 0.960443 0.531306
0.568367 0.014030 0.871162 0.055155 0.197524 0.494275 -0.027748 0.255663 0.500242 -0.044042 1.019793 0.650581
0.502982 0.018545 0.788679 0.095938 0.243112 0.508545 -0.003342 0.370910 0.428786 0.118114 0.911854 0.569280
0.531016 0.003493 0.926150 0.067043 0.192048 0.514959 0.082398 0.408578 0.500278 0.120078 1.067005 0.588078
0.530671 -0.002769 0.893058 0.150302 0.192739 0.441495 0.029283 0.354080 0.539316 0.136273 1.028944 0.468847
0.449929 0.047100 0.843435 0.075938 0.316799 0.430717 0.115988 0.349449 0.449131 0.161867 0.949769 0.483172
0.499336 0.010963 0.913675 0.025972 0.135358 0.544933 0.102438 0.388003 0.460938 0.004723 0.976308 0.546598
0.584476 -0.010375 0.922647 0.102615 0.234888 0.461436 0.011243 0.381099 0.467956 0.119200 0.988856 0.588353
0.492794 0.045342 0.803956 0.070145 0.158014 0.459181 0.098820 0.335132 0.392705 0.104755 0.901494 0.545743
0.532650 0.055961 0.819451 0.040499 0.197901 0.506460 0.029696 0.420494 0.457971 0.079284 1.041288 0.609643
0.551163 0.104107 0.820584 0.085433 0.230181 0.415016 -0.046549 0.523954 0.416887 0.123778 0.951121 0.646051
0.528822 0.014829 0.881187 0.117484 0.174971 0.462702 0.058688 0.452960 0.534324 0.060695 0.971699 0.501854
0.528589 0.000151 0.779660 0.045851 0.142970 0.527332 -0.050947 0.400883 0.491803 0.126640 0.936248 0.456724
0.560241 0.063457 0.884332 0.097782 0.193673 0.520349 0.011733 0.429610 0.476170 0.068832 0.937831 0.543870
0.593714 0.045861 0.890342 0.107665 0.164549 0.444130 0.050203 0.345168 0.447873 0.046732 1.016243 0.527279
0.535471 0.018282 0.761858 0.087806 0.176889 0.494599 0.035697 0.402204 0.392139 0.138672 0.924977 0.451055
0.498055 0.004382 0.935120 0.073737 0.242739 0.496363 0.028984 0.451554 0.520245 0.093678 1.028984 0.505645
0.583587 0.013664 0.942517 0.071151 0.160894 0.488404 0.094918 0.354474 0.422994 0.032974 0.988110 0.548685
0.463007 0.033695 0.857960 0.040696 0.194529 0.471283 0.075939 0.454862 0.416207 0.060494 0.953247 0.587134
0.571276 -0.027167 0.864091 0.100392 0.239446 0.390334 0.024681 0.448987 0.493322 0.089503 1.087930 0.494745
0.546915 -0.017069 0.769052 0.191443 0.254262 0.417543 0.073019 0.350502 0.339159 0.115176 1.016928 0.476629
0.545235 0.079318 0.776746 0.041760 0.267981 0.522767 0.054289 0.400156 0.536264 0.036215 1.009856 0.525490
0.554448 0.035095 0.836813 0.088630 0.221053 0.483153 0.046916 0.407213 0.521335 0.144366 1.013074 0.593893
0.545708 -0.018654 0.902442 0.076919 0.294681 0.470069 -0.023968 0.406214 0.509319 0.199401 0.978068 0.489014
0.567014 0.056973 0.876728 0.018487 0.141822 0.473943 -0.018621 0.411734 0.491269 0.070972 1.093044 0.557259
0.591850 -0.043595 0.895032 0.046110 0.172168 0.455421 0.046870 0.372468 0.463712 0.126107 0.992378 0.567603
0.682209 -0.035291 0.893866 0.119051 0.237609 0.487662 0.029578 0.448488 0.487198 0.025718 0.948785 0.530957
0.509684 -0.002908 0.845217 0.110415 0.149791 0.519798 -0.008826 0.329070 0.583983 0.109798 0.986843 0.574946
0.460590 0.057780 0.882814 0.128869 0.276556 0.530677 0.112991 0.372430 0.441721 0.154469 1.063695 0.557885
0.572065 0.034667 0.804924 0.062482 0.223174 0.414314 0.016809 0.454581 0.516298 0.168167 0.965824 0.570408
0.662065 0.020600 0.795377 0.068524 0.157484 0.433606 -0.012672 0.503128 0.500096 0.088021 0.963025 0.513314
0.547929 0.067556 0.853892 0.089382 0.155794 0.530657 0.003047 0.303177 0.467721 0.076232 0.897175 0.671552
0.559855 0.016742 0.800129 -0.021485 0.222083 0.493025 0.011455 0.408251 0.406391 0.037548 0.952702 0.530152
0.510387 0.038164 0.925811 -0.020477 0.236496 0.419694 0.028967 0.326861 0.476687 0.144881 1.057522 0.512785
0.585397 0.055618 0.902060 0.039659 0.273169 0.490586 0.101575 0.437326 0.505680 0.121340 1.040318 0.569624
0.542581 0.134026 0.783125 0.070180 0.280135 0.492250 0.068597 0.428841 0.512470 0.093877 0.988265 0.516749
0.640121 0.046802 0.853751 0.118966 0.218699 0.430970 0.035460 0.385691 0.427611 0.032036 0.931125 0.603138
0.467917 0.033503 0.897628 0.152667 0.241243 0.447968 0.062433 0.388837 0.469836 -0.029374 1.011916 0.558945
0.571244 0.185444 0.905125 0.110540 0.210972 0.426707 0.004560 0.397772 0.483110 0.089414 0.967798 0.630290
0.624506 -0.018547 0.831747 0.061347 0.220628 0.469978 -0.004061 0.428629 0.408000 0.058830 0.926640 0.571979
0.618848 -0.039213 0.769442 0.145860 0.237305 0.529883 0.088965 0.396305 0.467319 0.049376 1.050885 0.557035
0.509510 0.043400 0.790764 0.041199 0.239305 0.487252 0.034241 0.507482 0.479475 0.031685 0.958439 0.594258
0.514556 0.036392 0.880157 0.056263 0.137231 0.454821 0.016089 0.409126 0.509293 0.038963 0.944856 0.585953
0.530394 0.000563 0.852795 0.055504 0.140982 0.533051 0.076083 0.311803 0.512167 0.112102 1.008434 0.486795
0.530272 0.038959 0.880369 0.196126 0.241657 0.468292 -0.025435 0.426190 0.462699 0.111374 0.991336 0.438787
0.581138 -0.097745 0.851519 0.121014 0.240567 0.485130 0.034019 0.379963 0.423314 0.163857 0.960084 0.533983
0.545266 0.071404 0.895149 0.127928 0.226776 0.424173 0.038543 0.456748 0.505220 0.062009 0.985424 0.564527
0.504581 0.053797 0.823378 0.059750 0.191503 0.454550 -0.012206 0.457880 0.517750 0.177767 0.971331 0.604352
0.504753 -0.150378 0.909134 0.092494 0.192346 0.435183 0.068954 0.370627 0.479034 0.055379 1.003467 0.505791
0.462080 -0.012759 0.871165 0.049181 0.335367 0.470793 -0.047330 0.426253 0.497404 0.062815 0.961607 0.632833
0.644032 0.034389 0.851830 0.149507 0.152992 0.460777 0.040119 0.450509 0.498723 0.086627 0.966736 0.558597
0.570020 -0.002535 0.880863 0.086163 0.167564 0.516216 0.057226 0.363214 0.412884 0.089392 1.075420 0.587163
0.588713 0.055706 0.914621 0.109945 0.299447 0.560175 0.084177 0.441310 0.492772 0.188907 0.970576 0.552580
0.515772 0.001630 0.892263 0.157330 0.262144 0.419883 0.046809 0.407240 0.575909 0.125664 1.011790 0.524524
0.594770 0.035052 0.825516 0.166020 0.222490 0.494449 -0.022406 0.441607 0.402163 0.049675 1.018792 0.523348
0.510158 0.081573 0.926733 0.173358 0.205687 0.386352 0.002911 0.362756 0.528902 0.127013 0.956896 0.561665
0.511101 0.023362 0.885429 0.119719 0.168493 0.457290 0.059904 0.418643 0.443589 0.057581 0.879363 0.629234
0.526813 0.013222 0.768598 0.148083 0.298261 0.406004 0.018432 0.386110 0.417357 0.088360 0.949401 0.506925
0.543137 0.060956 0.821513 0.032649 0.181865 0.565827 0.022975 0.309262 0.514517 0.080749 0.984521 0.635288
0.574603 -0.062046 0.710010 0.135693 0.312184 0.512683 0.052481 0.471628 0.563461 0.127788 1.034127 0.591175
0.618018 0.079615 0.772748 0.106264 0.285116 0.490791 0.001852 0.409539 0.442022 0.072767 0.993306 0.563475
0.566483 -0.007558 0.837618 0.129834 0.251845 0.574340 0.043629 0.382371 0.420380 0.015355 0.952246 0.580031
0.621525 -0.032023 0.846537 0.088137 0.211855 0.516907 0.029980 0.357187 0.559171 0.121897 1.017306 0.519503
0.472074 0.052716 0.788479 0.138837 0.150039 0.322671 -0.003592 0.474778 0.527008 0.142758 0.938747 0.481548
0.536586 -0.054362 0.823238 0.103778 0.171085 0.440723 -0.009727 0.433741 0.483506 0.101790 0.975191 0.564137
0.483352 0.047858 0.787521 0.000155 0.272285 0.367339 -0.001114 0.427831 0.378121 0.079736 1.071115 0.594417
0.505526 -0.042027 0.853114 0.053860 0.250543 0.507864 0.008216 0.508699 0.416954 0.173729 1.093839 0.586330
0.527525 0.016810 0.817809 0.057508 0.158646 0.494741 0.038360 0.412333 0.444707 0.053689 0.974588 0.561923
0.628135 -0.053127 0.847608 0.075211 0.261760 0.545985 0.031270 0.345399 0.467616 0.121210 0.998323 0.526406
0.432897 -0.024698 0.826253 0.090028 0.193347 0.448221 0.028326 0.362143 0.499525 0.111200 0.928904 0.475430
0.512235 -0.044202 0.823985 0.069886 0.237956 0.344476 0.064684 0.375573 0.420133 0.062437 0.991459 0.622716
0.517576 -0.041650 0.870273 0.187340 0.169985 0.445106 -0.000175 0.401926 0.506549 0.141664 0.879499 0.525703
0.617220 -0.027904 0.834227 0.099655 0.190228 0.513067 -0.026057 0.444607 0.364889 0.078079 0.914198 0.548753
0.466393 -0.008161 0.865491 0.165126 0.242239 0.435113 -0.012048 0.363067 0.428761 0.045298 1.129410 0.663260
0.600865 0.106062 0.822118 0.143237 0.199993 0.456082 0.088992 0.351905 0.485466 0.079852 1.004505 0.451063
0.525587 0.047339 0.785588 0.047443 0.121019 0.494106 0.049520 0.390564 0.448457 0.151336 0.964080 0.563180
0.473390 -0.030382 0.896648 0.112868 0.234966 0.442467 0.074298 0.401511 0.403188 0.065244 0.916099 0.565270
0.540703 0.026383 0.850306 0.032597 0.314037 0.478927 0.098938 0.431861 0.521599 0.149183 0.993790 0.576860
0.552510 -0.034235 0.870265 0.196751 0.217421 0.543149 0.063258 0.423816 0.486521 0.045955 0.947386 0.571421
0.629102 0.018713 0.803726 0.141280 0.204061 0.450272 0.088963 0.451630 0.438780 0.023918 1.014994 0.565939
0.557861 0.050780 0.943395 0.054590 0.275938 0.481430 -0.070149 0.361208 0.456210 0.149476 0.932395 0.497000
0.524889 0.069923 0.956200 0.113869 0.151237 0.620769 -0.028672 0.320043 0.516048 0.063433 0.961805 0.570817
0.567538 -0.002946 0.829909 0.166907 0.179910 0.497669 -0.085592 0.423885 0.470121 0.079155 0.977609 0.508684
0.494137 0.020488 0.894157 0.152218 0.311161 0.461289 0.038882 0.403875 0.499098 0.094407 0.957223 0.534764
0.563807 -0.028294 0.813506 0.037014 0.249786 0.419853 0.017026 0.367138 0.391027 0.107333 0.890482 0.507154
0.534603 -0.009454 0.825036 0.028784 0.206689 0.481720 0.051454 0.557683 0.445026 0.205845 1.014168 0.589287
0.537872 -0.023221 0.792748 0.176553 0.316939 0.515180 0.092989 0.463393 0.523079 0.164912 0.929323 0.535460
0.522400 -0.012490 0.848403 0.109969 0.214221 0.470104 0.101018 0.419568 0.489548 0.166054 0.954833 0.545068
0.566180 0.072204 0.941643 0.042157 0.193251 0.483537 0.049259 0.420828 0.509719 0.079835 1.004032 0.566877
0.526307 -0.014211 0.820264 0.059142 0.237738 0.430329 0.007406 0.377613 0.394902 0.121285 1.012368 0.494614
0.514391 0.025112 0.871157 0.132299 0.216449 0.494569 0.034329 0.381687 0.445644 0.081196 1.007394 0.440258
0.509210 0.071479 0.892087 -0.010297 0.223291 0.474353 0.035458 0.434799 0.444401 0.092956 0.944413 0.520137
0.523483 0.018995 0.799428 0.172841 0.227343 0.435889 0.062508 0.353709 0.451015 0.068877 0.929384 0.622163
0.596839 0.112036 0.894493 -0.031080 0.197642 0.488831 0.014485 0.338403 0.555695 0.080607 0.941304 0.556031
0.626418 0.120022 0.938851 0.066438 0.306939 0.522027 0.107227 0.366111 0.372342 0.094755 0.966295 0.553202
0.571998 -0.139732 0.851179 0.143930 0.323940 0.506615 0.026692 0.404432 0.452606 0.068495 1.066823 0.500734
0.548160 0.075330 0.939243 0.195363 0.279742 0.422449 0.043756 0.365221 0.545775 0.029424 0.970704 0.511403
0.511660 -0.005623 0.794215 0.133251 0.317909 0.459093 0.012311 0.400909 0.452697 0.197503 1.104745 0.545297
0.638813 0.043590 0.831945 0.119841 0.258535 0.538317 0.055834 0.407568 0.523191 0.086836 1.027237 0.592975
0.561499 0.008963 0.866257 0.067006 0.194189 0.475344 0.048375 0.395089 0.549213 0.065580 1.044973 0.623473
0.761783 -0.012288 0.816940 0.100641 0.208330 0.454124 -0.075082 0.328404 0.469336 0.034109 1.027371 0.558570
0.546198 -0.031754 0.815962 0.131842 0.217996 0.397664 0.035507 0.391201 0.545120 0.084656 0.970803 0.551853
0.563947 -0.017180 0.807689 0.182351 0.137764 0.569793 -0.048045 0.339713 0.405910 0.083940 0.859404 0.440993
0.521841 0.056402 0.860849 0.144141 0.208600 0.476403 -0.027356 0.363131 0.383034 0.075670 0.971832 0.535688
0.560393 -0.059574 0.819070 0.116204 0.202346 0.528492 0.103391 0.379733 0.485645 0.048953 1.072541 0.597842
0.528949 0.047393 0.917108 0.093188 0.126509 0.548057 0.057168 0.431687 0.477280 0.131427 0.962170 0.542356
0.632439 0.016865 0.862346 0.112053 0.279200 0.499145 -0.043381 0.374247 0.486655 0.080895 1.004728 0.537719
0.511790 0.005370 0.759887 0.116154 0.297377 0.503996 0.082625 0.333956 0.538743 0.031592 1.072061 0.673189
0.543046 -0.073869 0.944700 0.015697 0.186352 0.506745 -0.067076 0.446218 0.464058 0.066592 0.999879 0.583660
0.629389 -0.019207 0.857731 0.073981 0.230441 0.375942 0.079619 0.439465 0.438066 0.038030 0.879779 0.497458
0.652074 0.007582 0.850618 0.078942 0.259713 0.471056 0.080303 0.463827 0.403165 0.006668 1.036908 0.503749
0.454321 0.016029 0.880465 0.145155 0.228860 0.524038 0.055459 0.415529 0.446202 0.067355 0.985323 0.570159
0.466226 0.004798 0.853286 0.203672 0.232057 0.490973 -0.016294 0.454481 0.495306 0.139077 0.988931 0.609044
0.460738 0.089073 0.843922 0.151815 0.169844 0.501133 0.004325 0.369342 0.545056 0.054918 0.999994 0.561063
0.621105 0.001153 0.807669 0.193300 0.275988 0.496673 0.042313 0.408262 0.453200 0.080501 0.980648 0.595863
0.625232 0.011208 0.885118 0.057374 0.241843 0.575388 0.015559 0.364244 0.466175 0.147522 1.018288 0.464760
0.538557 0.013782 0.923028 0.146743 0.124200 0.457869 0.079202 0.382848 0.482911 0.126159 0.984671 0.552743
0.503060 -0.015962 0.947608 0.152151 0.246347 0.535991 0.015524 0.381159 0.470916 0.162908 0.993694 0.492881
0.476587 -0.004116 0.822027 0.130621 0.263956 0.563608 0.123474 0.349886 0.459527 0.064278 1.021000 0.532965
0.447544 0.015034 0.866634 -0.017231 0.167263 0.434931 0.024611 0.337129 0.493816 0.162814 0.970827 0.648776
0.492332 0.026204 0.834873 0.155279 0.250475 0.487140 -0.018105 0.407261 0.470850 0.100832 0.952512 0.546702
0.612523 0.013953 0.904428 0.118240 0.198529 0.412964 -0.004953 0.374792 0.445609 0.121572 1.018831 0.527337
0.559808 -0.035632 0.848806 0.121886 0.251352 0.529225 -0.000604 0.464528 0.527090 0.045391 1.012209 0.436184
0.506848 0.019784 0.873195 0.047609 0.246402 0.535328 0.070117 0.411909 0.449770 0.077207 1.019694 0.598319
0.455337 0.079660 0.881321 0.092598 0.209191 0.429078 -0.008669 0.365334 0.503369 0.046929 1.044300 0.495798
0.577935 -0.055414 0.844621 0.038040 0.165016 0.432774 0.006950 0.540290 0.545764 0.136558 0.964790 0.594327
0.596808 0.059351 0.815210 0.136619 0.236351 0.443009 -0.007372 0.468768 0.452702 0.072810 1.023984 0.539112
0.494668 0.044983 0.894507 0.081560 0.145766 0.522208 -0.026544 0.404663 0.491808 0.129987 1.016568 0.573694
0.515319 0.070338 0.850138 0.112642 0.144743 0.474952 0.025847 0.401984 0.447530 0.033390 0.992047 0.598282
0.524589 0.064809 0.888541 0.059359 0.290787 0.537197 -0.011934 0.376692 0.468167 0.110191 0.995649 0.527379
0.548536 -0.081251 0.859694 0.120695 0.174876 0.459008 0.013033 0.341401 0.506522 0.096573 0.899773 0.508179
0.635369 -0.029115 0.897600 0.099553 0.150545 0.493800 0.176884 0.410136 0.511274 0.152587 0.971286 0.601764
0.528732 -0.087846 0.845110 0.033345 0.199819 0.452597 -0.030145 0.393156 0.430054 0.122932 1.087301 0.481515
0.578156 0.057324 0.868298 0.133049 0.297412 0.368588 0.112961 0.376944 0.452377 0.109809 1.023651 0.487246
0.477608 0.064060 0.836941 0.130491 0.270802 0.477684 0.036007 0.408589 0.518885 0.141168 1.059102 0.571335
0.637287 0.026120 0.787850 0.206539 0.143105 0.528307 -0.030934 0.310039 0.526655 0.165288 0.956642 0.529687
0.532127 0.060579 0.843516 0.118535 0.208097 0.581707 0.077155 0.327380 0.445048 0.078440 0.985698 0.476289
0.495786 0.078179 0.949256 0.059936 0.258221 0.541127 -0.047311 0.383162 0.487026 0.067230 1.017458 0.501187
0.560437 0.012446 0.918176 0.002309 0.179248 0.370716 0.027897 0.342532 0.490734 0.004204 0.931020 0.399045
0.550288 0.077306 0.848667 0.056891 0.299141 0.542112 0.029086 0.364359 0.515936 0.027230 0.951002 0.602811
0.510025 -0.005728 0.861567 0.151387 0.284438 0.472808 0.034183 0.381231 0.504680 0.099129 0.903833 0.624622
0.607107 0.042676 0.916783 0.065747 0.197431 0.409064 -0.107281 0.441518 0.511395 0.080295 0.878460 0.551107
0.534708 -0.028270 0.847212 0.097830 0.109768 0.566266 0.037128 0.366040 0.524488 0.146772 0.983227 0.496116
0.606105 0.085672 0.798522 0.070048 0.216375 0.552461 0.104279 0.343090 0.526769 0.055053 1.059239 0.503228
0.596451 -0.012279 0.890691 0.107256 0.098203 0.545629 -0.018865 0.392211 0.449597 0.067576 0.966698 0.544708
0.438607 0.096959 0.808766 0.135391 0.293616 0.488189 0.032944 0.354089 0.466326 0.118828 1.069330 0.518562
0.569023 -0.052704 0.824891 0.064609 0.212915 0.544468 -0.004653 0.403256 0.404676 0.038916 1.031364 0.540928
0.492151 0.022606 0.789026 0.079647 0.298261 0.533358 0.066344 0.411521 0.503996 -0.033861 0.958277 0.597138
0.630477 0.014258 0.860835 -0.010353 0.186907 0.482497 0.087310 0.336935 0.432186 0.066366 1.029484 0.614433
0.714319 0.032712 0.846065 0.064450 0.149240 0.537761 0.035364 0.385779 0.545193 0.065786 0.925395 0.569014
0.563236 0.061288 0.852621 0.093344 0.204959 0.419777 -0.034208 0.354932 0.479581 0.168726 0.919615 0.568098
0.636213 0.101346 0.878289 0.151266 0.258272 0.505708 0.022347 0.320840 0.541566 0.082338 1.062146 0.547840
0.590353 -0.071317 0.876347 0.097512 0.134224 0.458220 -0.011076 0.463529 0.396609 0.075204 1.001148 0.658308
0.531044 0.001002 0.911622 0.129246 0.226274 0.461271 0.041049 0.411246 0.441659 0.094217 1.003103 0.569980
0.481969 0.002794 0.900941 0.120558 0.149044 0.500317 0.079828 0.412830 0.406131 0.092844 1.041402 0.587927
0.535600 0.065433 0.851431 0.158178 0.294207 0.553980 0.003847 0.364455 0.515057 0.102681 0.988381 0.554045
0.520274 -0.025722 0.907884 0.052843 0.252357 0.513717 0.025035 0.382290 0.503887 0.086180 1.075186 0.572323
0.506670 -0.004803 0.864619 0.031394 0.231616 0.544534 0.056412 0.393872 0.415136 0.115543 1.062033 0.624235
0.563725 -0.010894 0.722232 0.067173 0.133942 0.480172 -0.015728 0.471129 0.400516 0.112963 0.984253 0.534357
0.648546 0.063713 0.852662 0.100229 0.242864 0.488320 0.048719 0.364399 0.447856 0.142708 0.865487 0.556717
0.558078 -0.034459 0.818064 0.045040 0.172680 0.479174 -0.042980 0.375061 0.394880 0.180622 1.030601 0.590003
0.593841 0.108471 0.846952 0.089519 0.149237 0.540964 0.062835 0.406025 0.524657 0.094426 0.954817 0.601655
0.513944 0.004818 0.832340 0.180019 0.279455 0.501643 0.103060 0.331355 0.459692 0.046294 0.982432 0.578438
0.580932 0.017177 0.903894 0.128364 0.203606 0.488967 0.130140 0.414215 0.417296 0.074157 0.936260 0.613116
0.480464 0.085868 0.841583 0.199938 0.240877 0.501511 0.051868 0.371006 0.448736 0.090803 1.001816 0.578141
0.558542 0.012958 0.896866 0.115300 0.174571 0.464098 -0.004406 0.375715 0.468039 0.118351 0.987744 0.603955
0.517391 -0.041819 0.712378 0.064612 0.200707 0.473815 0.017763 0.350856 0.418972 0.043429 0.976368 0.674608
0.562941 0.044045 0.846799 0.049014 0.188731 0.443745 0.063150 0.353379 0.497786 0.039847 1.005472 0.558170
0.559032 0.033826 0.943121 0.097724 0.177441 0.504285 0.102529 0.440164 0.504080 0.097085 0.989114 0.551075
0.635649 0.020183 0.813768 0.136062 0.160877 0.461333 -0.083077 0.359931 0.422612 0.081547 1.035388 0.470366
0.468563 0.076178 0.843121 0.016396 0.210914 0.389428 -0.005793 0.363014 0.428382 0.090235 1.051834 0.488057
0.542762 0.142475 0.904388 0.160788 0.228868 0.462450 0.033325 0.523189 0.437105 0.158051 0.950467 0.596345
0.518906 0.094486 0.856091 0.101915 0.146515 0.466697 0.065071 0.492413 0.471649 0.038719 0.955014 0.500579
0.498620 -0.050742 0.818126 0.175773 0.175742 0.361342 0.007291 0.389608 0.400788 0.154713 1.008826 0.648001
0.547705 0.005491 0.831746 0.159392 0.279114 0.545288 0.074672 0.410262 0.452854 0.071403 0.984279 0.601483
0.658886 -0.076310 0.771717 -0.061958 0.243488 0.488775 0.045209 0.396267 0.465172 0.034134 1.006457 0.551746
0.429875 -0.036592 0.872554 -0.016098 0.170762 0.482139 -0.038843 0.366191 0.489183 0.133130 1.030607 0.409237
0.567388 0.106285 0.857330 0.033639 0.288229 0.537128 0.003808 0.345148 0.476978 0.084324 1.044163 0.527003
0.499623 0.075341 0.837212 0.077355 0.237462 0.512224 0.110685 0.429306 0.448763 -0.021106 1.045500 0.585404
0.498402 0.017928 0.830384 0.145508 0.268212 0.526263 0.073279 0.365067 0.509671 0.111398 1.030922 0.608618
0.548674 0.035741 0.876782 0.087602 0.242591 0.441528 -0.001138 0.432462 0.557118 0.022493 0.959717 0.566078
0.550783 0.056978 0.788319 0.108635 0.220622 0.496281 0.023916 0.392264 0.504605 0.050250 0.966450 0.522830
0.564393 0.003771 0.827419 0.077562 0.282385 0.444409 0.064216 0.390957 0.443328 0.003171 1.051594 0.604972
0.522939 -0.031755 0.926982 0.046785 0.212253 0.481362 0.023542 0.326449 0.512119 0.032960 0.984587 0.502382
0.547092 -0.003975 0.857777 0.102505 0.239526 0.439369 0.086341 0.414797 0.396294 0.139795 1.043500 0.573326
0.591320 -0.003705 0.887091 0.092899 0.236746 0.575750 -0.095809 0.374428 0.477104 0.103000 0.985991 0.526392
0.518767 -0.042410 0.714882 0.059167 0.193061 0.518212 0.054639 0.363394 0.429035 0.008179 1.040517 0.552954
0.627832 -0.047568 0.868016 0.070968 0.248239 0.552002 0.084577 0.386847 0.438113 0.131118 0.935013 0.510851
0.485939 0.087284 0.903892 0.072875 0.159865 0.417999 0.106906 0.401108 0.468463 0.132124 0.974110 0.454142
0.603930 0.011800 0.765810 0.130124 0.206432 0.439297 -0.028478 0.407106 0.423001 0.141467 0.911802 0.641112
0.464213 0.056390 0.870126 0.162860 0.205132 0.539233 -0.006393 0.358741 0.529010 0.042956 0.932265 0.560372
0.467977 -0.020215 0.847470 0.065509 0.157023 0.486024 -0.032801 0.420334 0.529001 0.089803 0.974882 0.541143
0.536504 0.078872 0.854271 0.113337 0.153927 0.491189 -0.000885 0.379206 0.512569 0.022226 0.995586 0.581735
0.545328 -0.035685 0.861010 0.020117 0.109449 0.514120 -0.013780 0.404974 0.452861 0.038999 0.970480 0.555463
0.552397 0.084572 0.942222 0.039833 0.168622 0.424854 0.075837 0.398565 0.569270 -0.001190 1.050877 0.552127
0.442341 -0.033366 0.844482 0.017189 0.200864 0.463255 -0.014369 0.306023 0.432170 0.100668 0.956844 0.490530
0.547558 0.049927 0.773324 0.046310 0.179658 0.484439 -0.036591 0.352119 0.567599 0.092385 0.966043 0.530787
0.591328 0.112116 0.867780 0.155075 0.318550 0.561898 0.039539 0.378214 0.640996 0.129756 1.017307 0.655545
0.472377 0.026913 0.931850 0.165325 0.291716 0.445999 0.023952 0.448732 0.458070 0.028070 1.116970 0.538434
0.455536 0.039992 0.746894 0.007735 0.152529 0.477333 0.019346 0.428603 0.469468 0.195493 0.907227 0.557063
0.596100 0.042101 0.767137 0.094602 0.274928 0.463965 0.025625 0.402433 0.435459 0.105036 1.071059 0.600846
0.544374 0.036983 0.800353 0.111067 0.213262 0.558640 -0.062462 0.413921 0.381959 0.068368 0.972042 0.632697
0.628046 0.090766 0.884740 0.146045 0.231032 0.404931 0.047403 0.334009 0.523618 0.164293 1.085264 0.497611
0.532441 0.089718 0.879978 0.118845 0.261108 0.547871 0.102188 0.382217 0.517591 0.075974 1.002895 0.612159
0.510416 -0.038420 0.818787 0.062279 0.204127 0.518189 0.087526 0.363318 0.477736 0.105319 0.986992 0.568699
0.619602 -0.040018 0.855969 0.121136 0.080213 0.516988 0.071585 0.343584 0.386469 0.170101 0.982362 0.617888
0.594705 -0.029332 0.899300 0.138855 0.223490 0.439689 -0.089707 0.429518 0.446572 0.099466 0.970396 0.516471
0.501093 0.008948 0.912479 0.182402 0.213586 0.523701 -0.020223 0.427069 0.425019 -0.058464 1.038737 0.619330
0.585529 0.014820 0.788936 0.005987 0.253134 0.564589 -0.036911 0.347225 0.422883 0.002628 1.057663 0.523764
0.606365 0.112304 0.889240 0.080832 0.174216 0.500664 -0.042292 0.386276 0.544889 -0.005233 1.030474 0.559762
0.575154 0.086716 0.893731 0.014362 0.192085 0.410443 -0.003160 0.371099 0.439169 0.035963 0.909015 0.652033
0.542092 -0.117569 0.827072 0.142742 0.306853 0.509136 0.054112 0.361029 0.418017 0.085524 0.909018 0.612987
0.552218 -0.020585 0.864955 0.085208 0.176471 0.445404 0.003892 0.434766 0.449109 0.140920 1.092114 0.569127
0.555757 -0.063619 0.886068 0.030973 0.213151 0.529623 0.069193 0.337560 0.481248 0.090355 0.968739 0.565606
0.524801 -0.054882 0.865810 0.110389 0.248656 0.535687 0.044263 0.357199 0.425679 0.127157 1.034578 0.640822
0.435593 -0.027815 0.790654 0.136639 0.283575 0.488221 -0.019814 0.378413 0.497110 0.118319 1.014004 0.614975
0.456012 0.011117 0.882711 0.199601 0.201795 0.485233 0.084574 0.427667 0.404292 0.124946 0.976338 0.455174
0.572087 0.016185 0.768770 0.069528 0.188595 0.486990 -0.044834 0.408527 0.443800 0.188669 0.986377 0.487955
0.608462 0.072708 0.907587 0.102980 0.304563 0.519586 0.007200 0.386466 0.402817 0.068149 0.940328 0.569974
0.533432 -0.050869 0.866093 0.103086 0.172982 0.481699 0.025938 0.377812 0.460975 0.098613 1.026705 0.658032
0.550034 0.027056 0.798875 0.164569 0.244015 0.515760 0.069931 0.380939 0.462969 0.134794 1.001218 0.593875
0.515946 -0.079692 0.801822 0.068700 0.242248 0.432308 -0.039756 0.352300 0.431362 0.085527 1.077832 0.612243
0.485928 -0.030529 0.845509 0.002433 0.198284 0.493355 0.026737 0.332882 0.501537 0.123226 0.920240 0.538794
0.570366 0.027321 0.869356 0.076172 0.204221 0.508750 0.020101 0.388991 0.536790 0.153365 1.016957 0.552003
0.549661 0.088134 0.862645 0.128333 0.291858 0.404168 0.042450 0.422942 0.474393 0.042163 1.127267 0.566284
0.491103 -0.001977 0.757837 0.118418 0.181363 0.476376 0.023658 0.303797 0.516826 0.066062 0.992726 0.564087
0.621075 0.024901 0.722339 0.126744 0.150906 0.518655 0.056401 0.442002 0.492666 0.095827 0.931464 0.597334
0.523780 -0.074292 0.861778 0.096535 0.175855 0.470062 0.064688 0.351787 0.426435 0.026824 0.938537 0.472755
0.490548 0.116745 0.862978 0.130343 0.208230 0.515942 0.125894 0.365746 0.550590 0.093744 0.987463 0.478522
0.612369 0.048715 0.901906 0.059190 0.163589 0.426616 0.035048 0.448797 0.416429 0.032077 1.053567 0.559441
0.550010 0.032384 0.820286 0.066562 0.165954 0.558365 0.046474 0.305880 0.465613 0.035289 0.944877 0.433157
0.524830 0.001674 0.841128 0.100103 0.232430 0.476570 0.032759 0.411232 0.436745 0.042012 0.986629 0.598985
0.574733 0.078820 0.888487 0.115746 0.239308 0.449893 -0.019525 0.391086 0.457343 0.106134 0.944508 0.521440
0.517290 -0.067111 0.917772 0.108878 0.194501 0.531631 0.053904 0.409724 0.473224 0.038482 1.038169 0.496571
0.471651 -0.071425 0.955123 0.147891 0.262180 0.535664 -0.037811 0.414372 0.434786 0.032816 0.996025 0.503679
0.571874 0.018854 0.867535 0.015876 0.278135 0.429772 -0.023652 0.434003 0.468348 0.133690 1.029675 0.648994
0.597737 -0.011058 0.878475 0.086745 0.185437 0.518237 -0.036351 0.390053 0.486929 0.082350 1.031576 0.468149
0.478773 -0.030797 0.777071 0.145378 0.130897 0.454811 0.049634 0.410809 0.400447 0.011556 0.969968 0.477287
0.566989 0.012754 0.855826 0.100466 0.103564 0.594982 0.028392 0.411102 0.442324 0.044723 0.980802 0.516982
0.539689 -0.015000 0.824751 -0.026831 0.144753 0.503787 -0.053483 0.395789 0.521186 0.128617 0.952605 0.555269
0.568969 0.006355 0.789848 0.018971 0.229396 0.416913 -0.083562 0.407163 0.458183 0.213623 0.963592 0.550002
0.473885 0.004452 0.869288 0.102936 0.233703 0.454177 0.009277 0.440172 0.477166 0.112193 1.013826 0.553184
0.442624 -0.052868 0.884393 0.031764 0.111743 0.507683 -0.013849 0.417142 0.385296 0.048957 0.991544 0.423666
0.532216 0.063151 0.862275 0.080591 0.165939 0.556108 0.078443 0.410670 0.469160 0.057469 1.021583 0.568168
0.524203 -0.021384 0.848893 0.028751 0.222354 0.437841 0.017161 0.469380 0.514018 0.018937 1.040904 0.498830
0.488536 0.093967 0.845574 0.159039 0.224402 0.502420 0.078950 0.288408 0.492538 0.074036 1.042784 0.506808
0.540702 0.010728 0.888036 0.151974 0.151823 0.515464 0.126728 0.448280 0.515559 0.174877 0.941911 0.593626
0.535081 0.060847 0.775143 0.102677 0.170136 0.388655 -0.019080 0.360084 0.495667 0.093096 1.006743 0.576732
0.588959 -0.040414 0.850395 0.096723 0.286320 0.455640 -0.094317 0.424976 0.368950 0.103866 0.877337 0.592254
0.581686 0.038788 0.887587 0.119041 0.144731 0.477159 -0.081071 0.507724 0.508911 0.126265 1.004407 0.502120
0.607549 -0.012834 0.788349 0.111035 0.218087 0.506179 0.088839 0.423481 0.499565 0.110401 0.947733 0.543582
0.445556 0.018171 0.908109 0.069219 0.203265 0.575420 -0.078414 0.533866 0.480817 0.076813 1.008314 0.531347
0.652652 0.093799 0.840000 0.206123 0.190035 0.450957 0.048721 0.428278 0.451463 -0.004980 0.966034 0.526456
0.556269 0.019994 0.764168 0.142729 0.248569 0.493094 0.013909 0.359846 0.518467 0.097899 1.033248 0.640359
0.614542 0.002734 0.812774 0.024478 0.209200 0.409937 -0.032177 0.419700 0.439309 0.109779 0.995596 0.602611
0.527075 0.028358 0.873155 0.116994 0.292544 0.531016 0.091118 0.446220 0.395792 0.056892 0.911803 0.577595
0.544058 0.054907 0.909542 0.031980 0.137684 0.507085 0.028695 0.391623 0.511505 0.087745 1.055914 0.502735
0.614169 0.037712 0.847254 0.138591 0.258373 0.467785 -0.003763 0.358964 0.395673 0.111909 1.016304 0.517878
0.571109 0.003732 0.828646 0.009817 0.209072 0.448380 0.012282 0.452311 0.441005 0.165105 1.021101 0.607334
0.528930 0.148932 0.818946 0.110947 0.169647 0.555485 0.033187 0.355681 0.412762 0.113216 0.992773 0.502063
0.532261 0.001948 0.724734 0.076992 0.225035 0.459080 0.051724 0.367899 0.513705 0.048607 0.973335 0.480870
0.554636 0.086923 0.895161 0.070770 0.223141 0.469303 -0.032726 0.395226 0.465342 0.094653 0.921312 0.535505
0.539752 -0.011569 0.916528 0.087849 0.174964 0.571682 0.043772 0.500045 0.499855 0.084173 1.005949 0.458702
